P1, tp=0, ts=0, x0=569872521
P3, tp=0, ts=0
P2, tp=0, ts=0
P0, tp=0, ts=0, x0=810563610
P2, tp=0, ts=0
P1, tp=0, ts=0, x0=355617325
P2, tp=0, ts=0
P1, tp=0, ts=0, x0=559514287
P0, tp=0, ts=0, x0=977202503
P2, tp=0, ts=0
P1, tp=0, ts=0, x0=724120811
P1, tp=0, ts=0, x0=782304503
P3, tp=0, ts=0
P0, tp=0, ts=0, x0=148737049
P0, tp=0, ts=0, x0=606967315
P2, tp=0, ts=0
P1, tp=0, ts=0, x0=790519442
P3, tp=0, ts=0
P0, tp=0, ts=0, x0=870269555
P1, tp=0, ts=0, x0=819702502
P0, tp=0, ts=0, x0=463275880
P3, tp=0, ts=0
P0, tp=0, ts=0, x0=551152087
P0, tp=0, ts=0, x0=386218870
P2, tp=0, ts=0
P0, tp=0, ts=0, x0=107019939
P3, tp=0, ts=0
P1, tp=0, ts=0, x0=226070484
P1, tp=0, ts=0, x0=196980072
P0, tp=0, ts=0, x0=535982850
P2, tp=0, ts=0
P0, tp=0, ts=0, x0=583930965
P1, tp=0, ts=0, x0=240156530
P3, tp=0, ts=0
P2, tp=0, ts=0
P3, tp=0, ts=0
P0, tp=0, ts=0, x0=194765226
P3, tp=0, ts=0
P2, tp=0, ts=0
P1, tp=0, ts=0, x0=843943083
P0, tp=0, ts=0, x0=298920788
P2, tp=0, ts=0
P1, tp=0, ts=0, x0=105778896
P2, tp=0, ts=0
P3, tp=0, ts=0
P0, tp=0, ts=0, x0=248774096
P1, tp=0, ts=0, x0=73269769
P1, tp=0, ts=0, x0=686995935
P2, tp=0, ts=0
P1, tp=0, ts=0, x0=95075313
P0, tp=0, ts=0, x0=81369220
P0, tp=0, ts=0, x0=661315407
P1, tp=0, ts=0, x0=63979174
P1, tp=0, ts=0, x0=648016028
P2, tp=0, ts=0
P0, tp=0, ts=0, x0=912462831
P1, tp=0, ts=0, x0=919034261
P2, tp=0, ts=0
P3, tp=0, ts=0
P2, tp=0, ts=0
P2, tp=0, ts=0
P0, tp=0, ts=0, x0=456228543
P1, tp=0, ts=0, x0=813891785
P3, tp=0, ts=0
P1, tp=0, ts=0, x0=461807606
P3, tp=0, ts=0
P3, tp=0, ts=0
P0, tp=0, ts=0, x0=241279976
P1, tp=0, ts=0, x0=367736408
P3, tp=0, ts=0
P3, tp=0, ts=0
P1, tp=0, ts=0, x0=606113143
P0, tp=0, ts=0, x0=729133951
P0, tp=0, ts=0, x0=72765936
P1, tp=0, ts=0, x0=860587157
P0, tp=0, ts=0, x0=370214404
P0, tp=0, ts=0, x0=34926075
P3, tp=0, ts=0
P3, tp=0, ts=0
P1, tp=0, ts=0, x0=985955406
P3, tp=0, ts=0
P3, tp=0, ts=0
P2, tp=0, ts=0
P2, tp=0, ts=0
P3, tp=0, ts=0
P0, tp=0, ts=0, x0=703780930
P2, tp=0, ts=0
P2, tp=0, ts=0
P1, tp=0, ts=0, x0=396620170
P0, tp=0, ts=0, x0=999738867
P1, tp=0, ts=0, x0=118766102
P3, tp=0, ts=0
P2, tp=0, ts=0
P2, tp=0, ts=0
P2, tp=0, ts=0
P2, tp=0, ts=0
P1, tp=0, ts=0, x0=367736408
P0, tp=0, ts=0, x0=196980072
P1, tp=0, ts=0, x0=402547811
P3, tp=0, ts=0
P1, tp=0, ts=0, x0=912462831
P3, tp=0, ts=0
P2, tp=0, ts=0
P1, tp=0, ts=0, x0=164917569
P0, tp=0, ts=0, x0=107019939
P3, tp=0, ts=0
P3, tp=0, ts=0
P2, tp=0, ts=0
P0, tp=0, ts=0, x0=367736408
P1, tp=0, ts=0, x0=63979174
P3, tp=0, ts=0
P1, tp=0, ts=0, x0=63979174
P2, tp=0, ts=0
P2, tp=0, ts=0
P2, tp=0, ts=0
P0, tp=0, ts=0, x0=34926075
P1, tp=0, ts=0, x0=870269555
P2, tp=0, ts=0
P0, tp=0, ts=0, x0=456228543
P2, tp=0, ts=0
P1, tp=0, ts=0, x0=985896814
P2, tp=0, ts=0
P0, tp=0, ts=0, x0=559514287
P0, tp=0, ts=0, x0=661315407
P2, tp=0, ts=0
P2, tp=0, ts=0
P1, tp=0, ts=0, x0=463275880
P0, tp=0, ts=0, x0=63979174
P2, tp=0, ts=0
P3, tp=0, ts=0
P0, tp=0, ts=0, x0=396620170
P2, tp=0, ts=0
P2, tp=0, ts=0
P1, tp=0, ts=0, x0=386218870
P2, tp=0, ts=0
P1, tp=0, ts=0, x0=298920788
P3, tp=0, ts=0
P3, tp=0, ts=0
P3, tp=0, ts=0
P2, tp=0, ts=0
P1, tp=0, ts=0, x0=569872521
P3, tp=0, ts=0
P0, tp=0, ts=0, x0=535982850
P2, tp=0, ts=0
P2, tp=0, ts=0
P2, tp=0, ts=0
P3, tp=0, ts=0
P0, tp=0, ts=0, x0=456228543
P3, tp=0, ts=0
P3, tp=0, ts=0
P3, tp=0, ts=0
P0, tp=0, ts=0, x0=355617325
P1, tp=0, ts=0, x0=396620170
P0, tp=0, ts=0, x0=870269555
P1, tp=0, ts=0, x0=386218870
P1, tp=0, ts=0, x0=63979174
P1, tp=0, ts=0, x0=81369220
P1, tp=0, ts=0, x0=782304503
P1, tp=0, ts=0, x0=148737049
P2, tp=0, ts=0
P2, tp=0, ts=0
P1, tp=0, ts=0, x0=355617325
P2, tp=0, ts=0
P1, tp=0, ts=0, x0=912462831
P0, tp=0, ts=0, x0=559514287
P0, tp=0, ts=0, x0=606967315
P0, tp=0, ts=0, x0=782304503
P2, tp=0, ts=0
P2, tp=0, ts=0
P2, tp=0, ts=0
P1, tp=0, ts=0, x0=810563610
P2, tp=0, ts=0
P2, tp=0, ts=0
P2, tp=0, ts=0
P1, tp=0, ts=0, x0=860587157
P3, tp=0, ts=0
P1, tp=0, ts=0, x0=63979174
P0, tp=0, ts=0, x0=196980072
P3, tp=0, ts=0
P0, tp=0, ts=0, x0=912462831
P2, tp=0, ts=0
P1, tp=0, ts=0, x0=164917569
P2, tp=0, ts=0
P2, tp=0, ts=0
P1, tp=0, ts=0, x0=703780930
P3, tp=0, ts=0
P0, tp=0, ts=0, x0=402547811
P2, tp=0, ts=0
P3, tp=0, ts=0
P3, tp=0, ts=0
P0, tp=0, ts=0, x0=583930965
P2, tp=0, ts=0
P1, tp=0, ts=0, x0=196980072
P1, tp=0, ts=0, x0=790519442
P1, tp=0, ts=0, x0=73269769
P0, tp=0, ts=0, x0=819702502
P1, tp=0, ts=0, x0=396620170
P0, tp=0, ts=0, x0=985955406
P2, tp=0, ts=0
P1, tp=0, ts=0, x0=398021058
P3, tp=0, ts=0
P0, tp=0, ts=0, x0=226070484
P3, tp=0, ts=0
P3, tp=0, ts=0
P1, tp=0, ts=0, x0=73269769
P1, tp=0, ts=0, x0=648016028
P2, tp=0, ts=0
P2, tp=0, ts=0
P3, tp=0, ts=0
P2, tp=0, ts=0
P2, tp=0, ts=0
P1, tp=0, ts=0, x0=107019939
P2, tp=0, ts=0
P2, tp=0, ts=0
P3, tp=0, ts=0
P2, tp=0, ts=0
P3, tp=0, ts=0
P3, tp=0, ts=0
P2, tp=0, ts=0
P3, tp=0, ts=0
P2, tp=0, ts=0
P2, tp=0, ts=0
P2, tp=0, ts=0
P0, tp=0, ts=0, x0=6965810
P0, tp=0, ts=0, x0=402547811
P1, tp=0, ts=0, x0=819702502
P0, tp=0, ts=0, x0=551152087
P0, tp=0, ts=0, x0=398021058
P1, tp=0, ts=0, x0=461807606
P3, tp=0, ts=0
P2, tp=0, ts=0
P2, tp=0, ts=0
P1, tp=0, ts=0, x0=686995935
P1, tp=0, ts=0, x0=63979174
P2, tp=0, ts=0
P3, tp=0, ts=0
P3, tp=0, ts=0
P1, tp=0, ts=0, x0=22312927
P0, tp=0, ts=0, x0=551152087
P0, tp=0, ts=0, x0=148737049
P3, tp=0, ts=0
P2, tp=0, ts=0
P2, tp=0, ts=0
P0, tp=0, ts=0, x0=606113143
P3, tp=0, ts=0
P1, tp=0, ts=0, x0=661315407
P2, tp=0, ts=0
P3, tp=0, ts=0
P0, tp=0, ts=0, x0=881352907
P3, tp=0, ts=0
P3, tp=0, ts=0
P0, tp=0, ts=0, x0=535982850
P0, tp=0, ts=0, x0=367736408
P2, tp=0, ts=0
P3, tp=0, ts=0
P3, tp=0, ts=0
P0, tp=0, ts=0, x0=95075313
P0, tp=0, ts=0, x0=724120811
P0, tp=0, ts=0, x0=843943083
P0, tp=0, ts=0, x0=912462831
P0, tp=0, ts=0, x0=729133951
P0, tp=0, ts=0, x0=535982850
P1, tp=0, ts=0, x0=194765226
P1, tp=0, ts=0, x0=661315407
P0, tp=0, ts=0, x0=782304503
P3, tp=0, ts=0
P1, tp=0, ts=0, x0=977202503
P0, tp=0, ts=0, x0=461807606
P1, tp=0, ts=0, x0=813891785
P0, tp=0, ts=0, x0=72765936
P0, tp=0, ts=0, x0=559514287
P0, tp=0, ts=0, x0=999738867
P1, tp=0, ts=0, x0=985955406
P3, tp=0, ts=0
P1, tp=0, ts=0, x0=248774096
P0, tp=0, ts=0, x0=63979174
P3, tp=0, ts=0
P1, tp=0, ts=0, x0=724120811
P3, tp=0, ts=0
P3, tp=0, ts=0
P2, tp=0, ts=0
P2, tp=0, ts=0
P0, tp=0, ts=0, x0=463275880
P3, tp=0, ts=0
P0, tp=0, ts=0, x0=225997902
P2, tp=0, ts=0
P1, tp=0, ts=0, x0=860587157
P0, tp=0, ts=0, x0=860587157
P2, tp=0, ts=0
P2, tp=0, ts=0
P1, tp=0, ts=0, x0=73269769
P0, tp=0, ts=0, x0=999738867
P3, tp=0, ts=0
P0, tp=0, ts=0, x0=94499641
P2, tp=0, ts=0
P1, tp=0, ts=0, x0=661315407
P1, tp=0, ts=0, x0=107019939
P1, tp=0, ts=0, x0=703780930
P0, tp=0, ts=0, x0=648016028
P3, tp=0, ts=0
P1, tp=0, ts=0, x0=396620170
P0, tp=0, ts=0, x0=398021058
P2, tp=0, ts=0
P0, tp=0, ts=0, x0=164917569
P2, tp=0, ts=0
P1, tp=0, ts=0, x0=298920788
P0, tp=0, ts=0, x0=790519442
P0, tp=0, ts=0, x0=569872521
P3, tp=0, ts=0
P1, tp=0, ts=0, x0=648016028
P0, tp=0, ts=0, x0=107019939
P0, tp=0, ts=0, x0=977202503
P1, tp=0, ts=0, x0=703780930
P1, tp=0, ts=0, x0=661315407
P1, tp=0, ts=0, x0=813891785
P1, tp=0, ts=0, x0=225997902
P3, tp=0, ts=0
P0, tp=0, ts=0, x0=606967315
P1, tp=0, ts=0, x0=118766102
P3, tp=0, ts=0
P1, tp=0, ts=0, x0=559514287
P3, tp=0, ts=0
P1, tp=0, ts=0, x0=661315407
P2, tp=0, ts=0
P3, tp=0, ts=0
P3, tp=0, ts=0
P1, tp=0, ts=0, x0=248774096
P3, tp=0, ts=0
P0, tp=0, ts=0, x0=107019939
P2, tp=0, ts=0
P2, tp=0, ts=0
P1, tp=0, ts=0, x0=622214378
P0, tp=0, ts=0, x0=107019939
P1, tp=0, ts=0, x0=985955406
P1, tp=0, ts=0, x0=870269555
P0, tp=0, ts=0, x0=535982850
P2, tp=0, ts=0
P2, tp=0, ts=0
P2, tp=0, ts=0
P1, tp=0, ts=0, x0=999738867
P3, tp=0, ts=0
P1, tp=0, ts=0, x0=6965810
P3, tp=0, ts=0
P0, tp=0, ts=0, x0=355617325
P1, tp=0, ts=0, x0=881352907
P2, tp=0, ts=0
P3, tp=0, ts=0
P0, tp=0, ts=0, x0=370214404
P1, tp=0, ts=0, x0=860587157
P3, tp=0, ts=0
P2, tp=0, ts=0
P1, tp=0, ts=0, x0=648016028
P1, tp=0, ts=0, x0=985896814
P1, tp=0, ts=0, x0=912462831
P2, tp=0, ts=0
P1, tp=0, ts=0, x0=843943083
P2, tp=0, ts=0
P2, tp=0, ts=0
P0, tp=0, ts=0, x0=881352907
P2, tp=0, ts=0
P3, tp=0, ts=0
P2, tp=0, ts=0
P0, tp=0, ts=0, x0=63979174
P2, tp=0, ts=0
P3, tp=0, ts=0
P3, tp=0, ts=0
P3, tp=0, ts=0
P2, tp=0, ts=0
P1, tp=0, ts=0, x0=225997902
P1, tp=0, ts=0, x0=813891785
P3, tp=0, ts=0
P2, tp=0, ts=0
P3, tp=0, ts=0
P1, tp=0, ts=0, x0=118766102
P2, tp=0, ts=0
P1, tp=0, ts=0, x0=34926075
P3, tp=0, ts=0
P1, tp=0, ts=0, x0=843943083
P1, tp=0, ts=0, x0=606967315
P1, tp=0, ts=0, x0=943017948
P2, tp=0, ts=0
P0, tp=0, ts=0, x0=241279976
P2, tp=0, ts=0
P2, tp=0, ts=0
P2, tp=0, ts=0
P1, tp=0, ts=0, x0=308103836
P0, tp=0, ts=0, x0=22312927
P0, tp=0, ts=0, x0=248774096
P2, tp=0, ts=0
P2, tp=0, ts=0
P2, tp=0, ts=0
P1, tp=0, ts=0, x0=107019939
P1, tp=0, ts=0, x0=196980072
P0, tp=0, ts=0, x0=386218870
P3, tp=0, ts=0
P2, tp=0, ts=0
P0, tp=0, ts=0, x0=870269555
P0, tp=0, ts=0, x0=790519442
P2, tp=0, ts=0
P3, tp=0, ts=0
P2, tp=0, ts=0
P0, tp=0, ts=0, x0=386218870
P3, tp=0, ts=0
P0, tp=0, ts=0, x0=94499641
P2, tp=0, ts=0
P2, tp=0, ts=0
P0, tp=0, ts=0, x0=63979174
P2, tp=0, ts=0
P1, tp=0, ts=0, x0=606967315
P0, tp=0, ts=0, x0=985955406
P2, tp=0, ts=0
P0, tp=0, ts=0, x0=226070484
P1, tp=0, ts=0, x0=535982850
P3, tp=0, ts=0
P1, tp=0, ts=0, x0=63979174
P2, tp=0, ts=0
P2, tp=0, ts=0
P1, tp=0, ts=0, x0=985955406
P2, tp=0, ts=0
P3, tp=0, ts=0
P2, tp=0, ts=0
P2, tp=0, ts=0
P0, tp=0, ts=0, x0=164917569
P0, tp=0, ts=0, x0=6965810
P3, tp=0, ts=0
P3, tp=0, ts=0
P1, tp=0, ts=0, x0=6965810
P1, tp=0, ts=0, x0=73269769
P1, tp=0, ts=0, x0=805238012
P3, tp=0, ts=0
P1, tp=0, ts=0, x0=72765936
P1, tp=0, ts=0, x0=367736408
P3, tp=0, ts=0
P1, tp=0, ts=0, x0=6965810
P1, tp=0, ts=0, x0=881352907
P2, tp=0, ts=0
P3, tp=0, ts=0
P2, tp=0, ts=0
P0, tp=0, ts=0, x0=729133951
P0, tp=0, ts=0, x0=985955406
P1, tp=0, ts=0, x0=559514287
P3, tp=0, ts=0
P1, tp=0, ts=0, x0=298920788
P0, tp=0, ts=0, x0=248774096
P2, tp=0, ts=0
P0, tp=0, ts=0, x0=396620170
P1, tp=0, ts=0, x0=196980072
P2, tp=0, ts=0
P0, tp=0, ts=0, x0=194765226
P2, tp=0, ts=0
P3, tp=0, ts=0
P1, tp=0, ts=0, x0=144963622
P2, tp=0, ts=0
P0, tp=0, ts=0, x0=225997902
P0, tp=0, ts=0, x0=870269555
P2, tp=0, ts=0
P3, tp=0, ts=0
P3, tp=0, ts=0
P2, tp=0, ts=0
P3, tp=0, ts=0
P1, tp=0, ts=0, x0=105778896
P1, tp=0, ts=0, x0=260882048
P1, tp=0, ts=0, x0=860587157
P0, tp=0, ts=0, x0=398021058
P0, tp=0, ts=0, x0=445931084
P3, tp=0, ts=0
P2, tp=0, ts=0
P1, tp=0, ts=0, x0=226070484
P2, tp=0, ts=0
P2, tp=0, ts=0
P2, tp=0, ts=0
P2, tp=0, ts=0
P3, tp=0, ts=0
P2, tp=0, ts=0
P2, tp=0, ts=0
P2, tp=0, ts=0
P1, tp=0, ts=0, x0=463275880
P2, tp=0, ts=0
P0, tp=0, ts=0, x0=843943083
P3, tp=0, ts=0
P3, tp=0, ts=0
P2, tp=0, ts=0
P2, tp=0, ts=0
P1, tp=0, ts=0, x0=977202503
P3, tp=0, ts=0
P3, tp=0, ts=0
P3, tp=0, ts=0
P3, tp=0, ts=0
P1, tp=0, ts=0, x0=729133951
P3, tp=0, ts=0
P1, tp=0, ts=0, x0=456228543
P3, tp=0, ts=0
P2, tp=0, ts=0
P2, tp=0, ts=0
P3, tp=0, ts=0
P1, tp=0, ts=0, x0=73269769
P2, tp=0, ts=0
P3, tp=0, ts=0
P2, tp=0, ts=0
P0, tp=0, ts=0, x0=241279976
P2, tp=0, ts=0
P0, tp=0, ts=0, x0=164917569
P1, tp=0, ts=0, x0=860587157
P2, tp=0, ts=0
P3, tp=0, ts=0
P0, tp=0, ts=0, x0=105778896
P0, tp=0, ts=0, x0=943017948
P2, tp=0, ts=0
P0, tp=0, ts=0, x0=782304503
P0, tp=0, ts=0, x0=107019939
P0, tp=0, ts=0, x0=81369220
P3, tp=0, ts=0
P1, tp=0, ts=0, x0=977202503
P3, tp=0, ts=0
P0, tp=0, ts=0, x0=396620170
P1, tp=0, ts=0, x0=94499641
P0, tp=0, ts=0, x0=790519442
P0, tp=0, ts=0, x0=661315407
P3, tp=0, ts=0
P0, tp=0, ts=0, x0=661315407
P2, tp=0, ts=0
P2, tp=0, ts=0
P2, tp=0, ts=0
P3, tp=0, ts=0
P2, tp=0, ts=0
P0, tp=0, ts=0, x0=943017948
P3, tp=0, ts=0
P1, tp=0, ts=0, x0=148737049
P1, tp=0, ts=0, x0=396620170
P1, tp=0, ts=0, x0=148737049
P3, tp=0, ts=0
P3, tp=0, ts=0
P3, tp=0, ts=0
P3, tp=0, ts=0
P2, tp=0, ts=0
P1, tp=0, ts=0, x0=260882048
P2, tp=0, ts=0
P2, tp=0, ts=0
P1, tp=0, ts=0, x0=860587157
P2, tp=0, ts=0
P3, tp=0, ts=0
P1, tp=0, ts=0, x0=377884562
P1, tp=0, ts=0, x0=105778896
P2, tp=0, ts=0
P2, tp=0, ts=0
P3, tp=0, ts=0
P1, tp=0, ts=0, x0=144963622
P0, tp=0, ts=0, x0=810563610
P3, tp=0, ts=0
P2, tp=0, ts=0
P1, tp=0, ts=0, x0=919034261
P0, tp=0, ts=0, x0=977202503
P0, tp=0, ts=0, x0=724120811
P3, tp=0, ts=0
P1, tp=0, ts=0, x0=881352907
P3, tp=0, ts=0
P2, tp=0, ts=0
P0, tp=0, ts=0, x0=94499641
P1, tp=0, ts=0, x0=355617325
P1, tp=0, ts=0, x0=225997902
P3, tp=0, ts=0
P3, tp=0, ts=0
P0, tp=0, ts=0, x0=118766102
P0, tp=0, ts=0, x0=686995935
P2, tp=0, ts=0
P2, tp=0, ts=0
P3, tp=0, ts=0
P2, tp=0, ts=0
P3, tp=0, ts=0
P3, tp=0, ts=0
P0, tp=0, ts=0, x0=622214378
P1, tp=0, ts=0, x0=6965810
P0, tp=0, ts=0, x0=355617325
P0, tp=0, ts=0, x0=308103836
P1, tp=0, ts=0, x0=63979174
P1, tp=0, ts=0, x0=63979174
P0, tp=0, ts=0, x0=912462831
P1, tp=0, ts=0, x0=912462831
P1, tp=0, ts=0, x0=843943083
P2, tp=0, ts=0
P0, tp=0, ts=0, x0=464873326
P2, tp=0, ts=0
P3, tp=0, ts=0
P1, tp=0, ts=0, x0=860587157
P3, tp=0, ts=0
P0, tp=0, ts=0, x0=398021058
P3, tp=0, ts=0
P3, tp=0, ts=0
P3, tp=0, ts=0
P1, tp=0, ts=0, x0=977202503
P1, tp=0, ts=0, x0=703780930
P0, tp=0, ts=0, x0=535982850
P1, tp=0, ts=0, x0=30868464
P0, tp=0, ts=0, x0=559514287
P0, tp=0, ts=0, x0=63979174
P3, tp=0, ts=0
P2, tp=0, ts=0
P0, tp=0, ts=0, x0=463275880
P3, tp=0, ts=0
P2, tp=0, ts=0
P0, tp=0, ts=0, x0=703780930
P3, tp=0, ts=0
P1, tp=0, ts=0, x0=402547811
P3, tp=0, ts=0
P3, tp=0, ts=0
P2, tp=0, ts=0
P1, tp=0, ts=0, x0=985955406
P0, tp=0, ts=0, x0=943017948
P1, tp=0, ts=0, x0=22312927
P3, tp=0, ts=0
P2, tp=0, ts=0
P2, tp=0, ts=0
P2, tp=0, ts=0
P2, tp=0, ts=0
P0, tp=0, ts=0, x0=729133951
P0, tp=0, ts=0, x0=919034261
P2, tp=0, ts=0
P2, tp=0, ts=0
P2, tp=0, ts=0
P3, tp=0, ts=0
P3, tp=0, ts=0
P3, tp=0, ts=0
P3, tp=0, ts=0
P0, tp=0, ts=0, x0=398021058
P1, tp=0, ts=0, x0=622214378
P3, tp=0, ts=0
P0, tp=0, ts=0, x0=248774096
P1, tp=0, ts=0, x0=377884562
P0, tp=0, ts=0, x0=985896814
P2, tp=0, ts=0
P3, tp=0, ts=0
P2, tp=0, ts=0
P0, tp=0, ts=0, x0=559514287
P2, tp=0, ts=0
P1, tp=0, ts=0, x0=144963622
P1, tp=0, ts=0, x0=870269555
P2, tp=0, ts=0
P0, tp=0, ts=0, x0=95075313
P1, tp=0, ts=0, x0=63979174
P3, tp=0, ts=0
P3, tp=0, ts=0
P3, tp=0, ts=0
P1, tp=0, ts=0, x0=870269555
P2, tp=0, ts=0
P0, tp=0, ts=0, x0=303789794
P0, tp=0, ts=0, x0=260882048
P1, tp=0, ts=0, x0=648016028
P3, tp=0, ts=0
P3, tp=0, ts=0
P0, tp=0, ts=0, x0=144963622
P2, tp=0, ts=0
P2, tp=0, ts=0
P0, tp=0, ts=0, x0=648016028
P3, tp=0, ts=0
P3, tp=0, ts=0
P2, tp=0, ts=0
P3, tp=0, ts=0
P2, tp=0, ts=0
P1, tp=0, ts=0, x0=606113143
P0, tp=0, ts=0, x0=463275880
P3, tp=0, ts=0
P1, tp=0, ts=0, x0=881352907
P0, tp=0, ts=0, x0=953968069
P2, tp=0, ts=0
P3, tp=0, ts=0
P2, tp=0, ts=0
P3, tp=0, ts=0
P2, tp=0, ts=0
P3, tp=0, ts=0
P0, tp=0, ts=0, x0=367736408
P3, tp=0, ts=0
P3, tp=0, ts=0
P3, tp=0, ts=0
P3, tp=0, ts=0
P3, tp=0, ts=0
P3, tp=0, ts=0
P2, tp=0, ts=0
P3, tp=0, ts=0
P3, tp=0, ts=0
P3, tp=0, ts=0
P1, tp=0, ts=0, x0=843943083
P2, tp=0, ts=0
P1, tp=0, ts=0, x0=56816293
P3, tp=0, ts=0
P1, tp=0, ts=0, x0=248774096
P2, tp=0, ts=0
P0, tp=0, ts=0, x0=36632140
P0, tp=0, ts=0, x0=661315407
P3, tp=0, ts=0
P1, tp=0, ts=0, x0=445931084
P0, tp=0, ts=0, x0=782304503
P0, tp=0, ts=0, x0=56816293
P0, tp=0, ts=0, x0=30868464
P3, tp=0, ts=0
P0, tp=0, ts=0, x0=790519442
P3, tp=0, ts=0
P0, tp=0, ts=0, x0=606113143
P1, tp=0, ts=0, x0=919034261
P2, tp=0, ts=0
P3, tp=0, ts=0
P2, tp=0, ts=0
P2, tp=0, ts=0
P2, tp=0, ts=0
P1, tp=0, ts=0, x0=622214378
P1, tp=0, ts=0, x0=819702502
P0, tp=0, ts=0, x0=94499641
P3, tp=0, ts=0
P3, tp=0, ts=0
P0, tp=0, ts=0, x0=686995935
P2, tp=0, ts=0
P1, tp=0, ts=0, x0=56816293
P3, tp=0, ts=0
P0, tp=0, ts=0, x0=782304503
P0, tp=0, ts=0, x0=22312927
P0, tp=0, ts=0, x0=101697532
P0, tp=0, ts=0, x0=95075313
P2, tp=0, ts=0
P3, tp=0, ts=0
P1, tp=0, ts=0, x0=95075313
P3, tp=0, ts=0
P2, tp=0, ts=0
P1, tp=0, ts=0, x0=94499641
P0, tp=0, ts=0, x0=463275880
P0, tp=0, ts=0, x0=56816293
P0, tp=0, ts=0, x0=461807606
P3, tp=0, ts=0
P2, tp=0, ts=0
P0, tp=0, ts=0, x0=386218870
P2, tp=0, ts=0
P2, tp=0, ts=0
P1, tp=0, ts=0, x0=241279976
P1, tp=0, ts=0, x0=551152087
P3, tp=0, ts=0
P0, tp=0, ts=0, x0=881352907
P1, tp=0, ts=0, x0=843943083
P0, tp=0, ts=0, x0=912462831
P1, tp=0, ts=0, x0=790519442
P0, tp=0, ts=0, x0=386218870
P1, tp=0, ts=0, x0=36632140
P2, tp=0, ts=0
P3, tp=0, ts=0
P3, tp=0, ts=0
P3, tp=0, ts=0
P2, tp=0, ts=0
P0, tp=0, ts=0, x0=36632140
P0, tp=0, ts=0, x0=36632140
P3, tp=0, ts=0
P2, tp=0, ts=0
P2, tp=0, ts=0
P3, tp=0, ts=0
P1, tp=0, ts=0, x0=810563610
P0, tp=0, ts=0, x0=6965810
P2, tp=0, ts=0
P1, tp=0, ts=0, x0=367736408
P0, tp=0, ts=0, x0=148737049
P1, tp=0, ts=0, x0=377884562
P1, tp=0, ts=0, x0=843943083
P0, tp=0, ts=0, x0=260882048
P3, tp=0, ts=0
P0, tp=0, ts=0, x0=606113143
P1, tp=0, ts=0, x0=30868464
P1, tp=0, ts=0, x0=74129238
P0, tp=0, ts=0, x0=148737049
P2, tp=0, ts=0
P0, tp=0, ts=0, x0=105778896
P1, tp=0, ts=0, x0=73269769
P1, tp=0, ts=0, x0=220396554
P0, tp=0, ts=0, x0=303789794
P3, tp=0, ts=0
P0, tp=0, ts=0, x0=569872521
P2, tp=0, ts=0
P2, tp=0, ts=0
P3, tp=0, ts=0
P1, tp=0, ts=0, x0=985955406
P3, tp=0, ts=0
P1, tp=0, ts=0, x0=194765226
P3, tp=0, ts=0
P0, tp=0, ts=0, x0=386218870
P1, tp=0, ts=0, x0=240156530
P1, tp=0, ts=0, x0=73269769
P1, tp=0, ts=0, x0=867020110
P0, tp=0, ts=0, x0=810563610
P2, tp=0, ts=0
P3, tp=0, ts=0
P1, tp=0, ts=0, x0=226070484
P1, tp=0, ts=0, x0=333899686
P2, tp=0, ts=0
P0, tp=0, ts=0, x0=870269555
P1, tp=0, ts=0, x0=461807606
P1, tp=0, ts=0, x0=303789794
P0, tp=0, ts=0, x0=377884562
P1, tp=0, ts=0, x0=463275880
P1, tp=0, ts=0, x0=260882048
P3, tp=0, ts=0
P1, tp=0, ts=0, x0=241279976
P1, tp=0, ts=0, x0=30868464
P2, tp=0, ts=0
P0, tp=0, ts=0, x0=144963622
P2, tp=0, ts=0
P1, tp=0, ts=0, x0=164917569
P0, tp=0, ts=0, x0=569872521
P1, tp=0, ts=0, x0=648016028
P1, tp=0, ts=0, x0=72765936
P0, tp=0, ts=0, x0=810563610
P0, tp=0, ts=0, x0=225997902
P1, tp=0, ts=0, x0=464873326
P2, tp=0, ts=0
P3, tp=0, ts=0
P2, tp=0, ts=0
P3, tp=0, ts=0
P0, tp=0, ts=0, x0=729133951
P3, tp=0, ts=0
P3, tp=0, ts=0
P3, tp=0, ts=0
P3, tp=0, ts=0
P3, tp=0, ts=0
P2, tp=0, ts=0
P1, tp=0, ts=0, x0=74129238
P0, tp=0, ts=0, x0=867020110
P0, tp=0, ts=0, x0=455035012
P3, tp=0, ts=0
P2, tp=0, ts=0
P3, tp=0, ts=0
P0, tp=0, ts=0, x0=661315407
P2, tp=0, ts=0
P1, tp=0, ts=0, x0=22312927
P2, tp=0, ts=0
P3, tp=0, ts=0
P1, tp=0, ts=0, x0=225997902
P0, tp=0, ts=0, x0=298920788
P2, tp=0, ts=0
P2, tp=0, ts=0
P1, tp=0, ts=0, x0=63979174
P2, tp=0, ts=0
P0, tp=0, ts=0, x0=790519442
P1, tp=0, ts=0, x0=724120811
P1, tp=0, ts=0, x0=56816293
P3, tp=0, ts=0
P2, tp=0, ts=0
P1, tp=0, ts=0, x0=703780930
P3, tp=0, ts=0
P0, tp=0, ts=0, x0=985896814
P3, tp=0, ts=0
P1, tp=0, ts=0, x0=367736408
P2, tp=0, ts=0
P3, tp=0, ts=0
P3, tp=0, ts=0
P0, tp=0, ts=0, x0=101697532
P1, tp=0, ts=0, x0=686995935
P2, tp=0, ts=0
P2, tp=0, ts=0
P1, tp=0, ts=0, x0=686995935
P3, tp=0, ts=0
P3, tp=0, ts=0
P0, tp=0, ts=0, x0=107019939
P3, tp=0, ts=0
P0, tp=0, ts=0, x0=402547811
P0, tp=0, ts=0, x0=74129238
P2, tp=0, ts=0
P1, tp=0, ts=0, x0=348430501
P0, tp=0, ts=0, x0=583930965
P0, tp=0, ts=0, x0=461807606
P1, tp=0, ts=0, x0=953968069
P3, tp=0, ts=0
P2, tp=0, ts=0
P1, tp=0, ts=0, x0=144963622
P0, tp=0, ts=0, x0=107019939
P3, tp=0, ts=0
P3, tp=0, ts=0
P2, tp=0, ts=0
P2, tp=0, ts=0
P0, tp=0, ts=0, x0=556092134
P2, tp=0, ts=0
P0, tp=0, ts=0, x0=456228543
P1, tp=0, ts=0, x0=226070484
P0, tp=0, ts=0, x0=22312927
P0, tp=0, ts=0, x0=461807606
P3, tp=0, ts=0
P2, tp=0, ts=0
P3, tp=0, ts=0
P1, tp=0, ts=0, x0=73269769
P3, tp=0, ts=0
P3, tp=0, ts=0
P2, tp=0, ts=0
P0, tp=0, ts=0, x0=303789794
P0, tp=0, ts=0, x0=813891785
P0, tp=0, ts=0, x0=402547811
P2, tp=0, ts=0
P3, tp=0, ts=0
P2, tp=0, ts=0
P1, tp=0, ts=0, x0=860587157
P3, tp=0, ts=0
P1, tp=0, ts=0, x0=333899686
P1, tp=0, ts=0, x0=720383306
P3, tp=0, ts=0
P1, tp=0, ts=0, x0=220396554
P1, tp=0, ts=0, x0=398021058
P1, tp=0, ts=0, x0=977202503
P1, tp=0, ts=0, x0=398021058
P2, tp=0, ts=0
P2, tp=0, ts=0
P0, tp=0, ts=0, x0=606113143
P1, tp=0, ts=0, x0=720383306
P1, tp=0, ts=0, x0=226070484
P1, tp=0, ts=0, x0=985955406
P1, tp=0, ts=0, x0=72765936
P2, tp=0, ts=0
P2, tp=0, ts=0
P0, tp=0, ts=0, x0=72765936
P0, tp=0, ts=0, x0=729133951
P2, tp=0, ts=0
P1, tp=0, ts=0, x0=782304503
P2, tp=0, ts=0
P0, tp=0, ts=0, x0=225997902
P3, tp=0, ts=0
P0, tp=0, ts=0, x0=912462831
P0, tp=0, ts=0, x0=194765226
P2, tp=0, ts=0
P2, tp=0, ts=0
P3, tp=0, ts=0
P1, tp=0, ts=0, x0=298920788
P1, tp=0, ts=0, x0=34926075
P2, tp=0, ts=0
P2, tp=0, ts=0
P3, tp=0, ts=0
P1, tp=0, ts=0, x0=56816293
P0, tp=0, ts=0, x0=56816293
P1, tp=0, ts=0, x0=724120811
P3, tp=0, ts=0
P3, tp=0, ts=0
P1, tp=0, ts=0, x0=101697532
P2, tp=0, ts=0
P2, tp=0, ts=0
P2, tp=0, ts=0
P3, tp=0, ts=0
P3, tp=0, ts=0
P1, tp=0, ts=0, x0=583930965
P3, tp=0, ts=0
P2, tp=0, ts=0
P2, tp=0, ts=0
P0, tp=0, ts=0, x0=805238012
P0, tp=0, ts=0, x0=215505829
P2, tp=0, ts=0
P1, tp=0, ts=0, x0=22312927
P1, tp=0, ts=0, x0=81369220
P0, tp=0, ts=0, x0=56816293
P3, tp=0, ts=0
P3, tp=0, ts=0
P1, tp=0, ts=0, x0=707547435
P1, tp=0, ts=0, x0=456228543
P1, tp=0, ts=0, x0=464873326
P0, tp=0, ts=0, x0=606967315
P0, tp=0, ts=0, x0=919034261
P2, tp=0, ts=0
P1, tp=0, ts=0, x0=759042727
P0, tp=0, ts=0, x0=819702502
P2, tp=0, ts=0
P0, tp=0, ts=0, x0=72765936
P3, tp=0, ts=0
P1, tp=0, ts=0, x0=118766102
P1, tp=0, ts=0, x0=73269769
P3, tp=0, ts=0
P3, tp=0, ts=0
P3, tp=0, ts=0
P2, tp=0, ts=0
P2, tp=0, ts=0
P1, tp=0, ts=0, x0=985955406
P1, tp=0, ts=0, x0=729133951
P2, tp=0, ts=0
P0, tp=0, ts=0, x0=583930965
P3, tp=0, ts=0
P0, tp=0, ts=0, x0=63979174
P2, tp=0, ts=0
P3, tp=0, ts=0
P2, tp=0, ts=0
P0, tp=0, ts=0, x0=6965810
P3, tp=0, ts=0
P0, tp=0, ts=0, x0=466931119
P1, tp=0, ts=0, x0=94499641
P3, tp=0, ts=0
P3, tp=0, ts=0
P1, tp=0, ts=0, x0=648016028
P3, tp=0, ts=0
P2, tp=0, ts=0
P0, tp=0, ts=0, x0=790519442
P3, tp=0, ts=0
P3, tp=0, ts=0
P1, tp=0, ts=0, x0=606967315
P3, tp=0, ts=0
P0, tp=0, ts=0, x0=461807606
P0, tp=0, ts=0, x0=240156530
P3, tp=0, ts=0
P0, tp=0, ts=0, x0=871296625
P2, tp=0, ts=0
P1, tp=0, ts=0, x0=445931084
P3, tp=0, ts=0
P2, tp=0, ts=0
P2, tp=0, ts=0
P1, tp=0, ts=0, x0=598148677
P2, tp=0, ts=0
P2, tp=1, ts=1
P0, tp=1, ts=1, x0=417410914
P1, tp=1, ts=1, x0=101697532
P3, tp=1, ts=1
P0, tp=1, ts=1, x0=105778896
P2, tp=1, ts=1
P1, tp=1, ts=1, x0=194765226
P2, tp=1, ts=1
P2, tp=1, ts=1
P3, tp=1, ts=1
P2, tp=1, ts=1
P1, tp=1, ts=1, x0=56816293
P1, tp=1, ts=1, x0=144963622
P1, tp=1, ts=1, x0=953968069
P2, tp=1, ts=1
P3, tp=1, ts=1
P3, tp=1, ts=1
P0, tp=1, ts=1, x0=81369220
P3, tp=1, ts=1
P1, tp=1, ts=1, x0=720383306
P2, tp=1, ts=1
P2, tp=1, ts=1
P2, tp=1, ts=1
P2, tp=1, ts=1
P0, tp=1, ts=1, x0=943017948
P2, tp=1, ts=1
P2, tp=1, ts=1
P2, tp=1, ts=1
P3, tp=1, ts=1
P0, tp=1, ts=1, x0=445931084
P1, tp=1, ts=1, x0=370214404
P1, tp=1, ts=1, x0=692093322
P0, tp=1, ts=1, x0=999738867
P0, tp=1, ts=1, x0=427056016
P1, tp=1, ts=1, x0=464873326
P3, tp=1, ts=1
P0, tp=1, ts=1, x0=107019939
P3, tp=1, ts=1
P3, tp=1, ts=1
P2, tp=1, ts=1
P3, tp=1, ts=1
P0, tp=1, ts=1, x0=6965810
P1, tp=1, ts=1, x0=445931084
P0, tp=1, ts=1, x0=551152087
P0, tp=1, ts=1, x0=549300633
P3, tp=1, ts=1
P1, tp=1, ts=1, x0=396620170
P3, tp=1, ts=1
P2, tp=1, ts=1
P0, tp=1, ts=1, x0=871296625
P1, tp=1, ts=1, x0=606967315
P3, tp=1, ts=1
P0, tp=1, ts=1, x0=367736408
P0, tp=1, ts=1, x0=622214378
P1, tp=1, ts=1, x0=843943083
P3, tp=1, ts=1
P3, tp=1, ts=1
P3, tp=1, ts=1
P3, tp=1, ts=1
P3, tp=1, ts=1
P3, tp=1, ts=1
P3, tp=1, ts=1
P3, tp=1, ts=1
P2, tp=1, ts=1
P3, tp=1, ts=1
P0, tp=1, ts=1, x0=790519442
P3, tp=1, ts=1
P1, tp=1, ts=1, x0=36632140
P1, tp=1, ts=1, x0=74129238
P1, tp=1, ts=1, x0=101697532
P3, tp=1, ts=1
P3, tp=1, ts=1
P2, tp=1, ts=1
P3, tp=1, ts=1
P3, tp=1, ts=1
P1, tp=1, ts=1, x0=74129238
P2, tp=1, ts=1
P1, tp=1, ts=1, x0=534719228
P3, tp=1, ts=1
P2, tp=1, ts=1
P0, tp=1, ts=1, x0=871296625
P0, tp=1, ts=1, x0=556092134
P0, tp=1, ts=1, x0=164917569
P1, tp=1, ts=1, x0=396620170
P0, tp=1, ts=1, x0=194765226
P0, tp=1, ts=1, x0=464873326
P3, tp=1, ts=1
P1, tp=1, ts=1, x0=36632140
P2, tp=1, ts=1
P2, tp=1, ts=1
P0, tp=1, ts=1, x0=63979174
P2, tp=1, ts=1
P0, tp=1, ts=1, x0=559514287
P3, tp=1, ts=1
P1, tp=1, ts=1, x0=943017948
P0, tp=1, ts=1, x0=729133951
P3, tp=1, ts=1
P0, tp=1, ts=1, x0=30868464
P1, tp=1, ts=1, x0=661315407
P3, tp=1, ts=1
P1, tp=1, ts=1, x0=417410914
P1, tp=1, ts=1, x0=6965810
P2, tp=1, ts=1
P2, tp=1, ts=1
P3, tp=1, ts=1
P3, tp=1, ts=1
P2, tp=1, ts=1
P0, tp=1, ts=1, x0=427056016
P2, tp=1, ts=1
P1, tp=1, ts=1, x0=226070484
P3, tp=1, ts=1
P1, tp=1, ts=1, x0=805238012
P2, tp=1, ts=1
P1, tp=1, ts=1, x0=30868464
P1, tp=1, ts=1, x0=226070484
P1, tp=1, ts=1, x0=466931119
P3, tp=1, ts=1
P0, tp=1, ts=1, x0=367736408
P1, tp=1, ts=1, x0=241279976
P2, tp=1, ts=1
P3, tp=1, ts=1
P2, tp=1, ts=1
P1, tp=1, ts=1, x0=559514287
P1, tp=1, ts=1, x0=661315407
P2, tp=1, ts=1
P3, tp=1, ts=1
P3, tp=1, ts=1
P2, tp=1, ts=1
P0, tp=1, ts=1, x0=417410914
P3, tp=1, ts=1
P1, tp=1, ts=1, x0=386218870
P2, tp=1, ts=1
P0, tp=1, ts=1, x0=370214404
P3, tp=1, ts=1
P2, tp=1, ts=1
P0, tp=1, ts=1, x0=692093322
P1, tp=1, ts=1, x0=692093322
P3, tp=1, ts=1
P1, tp=1, ts=1, x0=953968069
P1, tp=1, ts=1, x0=923526071
P1, tp=1, ts=1, x0=790519442
P3, tp=1, ts=1
P0, tp=1, ts=1, x0=559514287
P3, tp=1, ts=1
P1, tp=1, ts=1, x0=402547811
P3, tp=1, ts=1
P2, tp=1, ts=1
P2, tp=1, ts=1
P2, tp=1, ts=1
P2, tp=1, ts=1
P0, tp=1, ts=1, x0=919034261
P0, tp=1, ts=1, x0=81369220
P0, tp=1, ts=1, x0=367736408
P2, tp=1, ts=1
P2, tp=1, ts=1
P1, tp=1, ts=1, x0=805238012
P0, tp=1, ts=1, x0=105778896
P2, tp=1, ts=1
P1, tp=1, ts=1, x0=36632140
P2, tp=1, ts=1
P0, tp=1, ts=1, x0=569872521
P3, tp=1, ts=1
P2, tp=1, ts=1
P0, tp=1, ts=1, x0=370214404
P3, tp=1, ts=1
P3, tp=1, ts=1
P2, tp=1, ts=1
P3, tp=1, ts=1
P1, tp=1, ts=1, x0=598148677
P1, tp=1, ts=1, x0=985896814
P1, tp=1, ts=1, x0=509464073
P2, tp=1, ts=1
P2, tp=1, ts=1
P0, tp=1, ts=1, x0=196980072
P2, tp=1, ts=1
P1, tp=1, ts=1, x0=606967315
P3, tp=1, ts=1
P3, tp=1, ts=1
P0, tp=1, ts=1, x0=396620170
P2, tp=1, ts=1
P3, tp=1, ts=1
P3, tp=1, ts=1
P0, tp=1, ts=1, x0=759042727
P0, tp=1, ts=1, x0=148737049
P1, tp=1, ts=1, x0=707547435
P0, tp=1, ts=1, x0=240156530
P2, tp=1, ts=1
P3, tp=1, ts=1
P3, tp=1, ts=1
P3, tp=1, ts=1
P2, tp=1, ts=1
P0, tp=1, ts=1, x0=450896441
P0, tp=1, ts=1, x0=225997902
P2, tp=1, ts=1
P1, tp=1, ts=1, x0=453842074
P2, tp=1, ts=1
P0, tp=1, ts=1, x0=871296625
P1, tp=1, ts=1, x0=298920788
P1, tp=1, ts=1, x0=455035012
P3, tp=1, ts=1
P3, tp=1, ts=1
P0, tp=1, ts=1, x0=661315407
P0, tp=1, ts=1, x0=466931119
P2, tp=1, ts=1
P2, tp=1, ts=1
P3, tp=1, ts=1
P3, tp=1, ts=1
P1, tp=1, ts=1, x0=225997902
P1, tp=1, ts=1, x0=63979174
P3, tp=1, ts=1
P0, tp=1, ts=1, x0=463275880
P1, tp=1, ts=1, x0=759042727
P3, tp=1, ts=1
P1, tp=1, ts=1, x0=606967315
P0, tp=1, ts=1, x0=74129238
P1, tp=1, ts=1, x0=953968069
P1, tp=1, ts=1, x0=164917569
P0, tp=1, ts=1, x0=34926075
P0, tp=1, ts=1, x0=144963622
P0, tp=1, ts=1, x0=445931084
P1, tp=1, ts=1, x0=22312927
P0, tp=1, ts=1, x0=260882048
P2, tp=1, ts=1
P1, tp=1, ts=1, x0=427056016
P0, tp=1, ts=1, x0=977202503
P1, tp=1, ts=1, x0=303789794
P2, tp=1, ts=1
P3, tp=1, ts=1
P3, tp=1, ts=1
P2, tp=1, ts=1
P2, tp=1, ts=1
P1, tp=1, ts=1, x0=686995935
P0, tp=1, ts=1, x0=30868464
P0, tp=1, ts=1, x0=535982850
P0, tp=1, ts=1, x0=556092134
P0, tp=1, ts=1, x0=287976042
P1, tp=1, ts=1, x0=36632140
P1, tp=1, ts=1, x0=559514287
P1, tp=1, ts=1, x0=348430501
P3, tp=1, ts=1
P2, tp=1, ts=1
P1, tp=1, ts=1, x0=220396554
P0, tp=1, ts=1, x0=308103836
P2, tp=1, ts=1
P1, tp=1, ts=1, x0=107019939
P0, tp=1, ts=1, x0=723404401
P2, tp=1, ts=1
P2, tp=1, ts=1
P1, tp=1, ts=1, x0=953968069
P3, tp=1, ts=1
P2, tp=1, ts=1
P2, tp=1, ts=1
P0, tp=1, ts=1, x0=733508601
P1, tp=1, ts=1, x0=72765936
P2, tp=1, ts=1
P3, tp=1, ts=1
P2, tp=1, ts=1
P2, tp=1, ts=1
P1, tp=1, ts=1, x0=56816293
P1, tp=1, ts=1, x0=417410914
P2, tp=1, ts=1
P1, tp=1, ts=1, x0=396620170
P0, tp=1, ts=1, x0=101697532
P2, tp=1, ts=1
P1, tp=1, ts=1, x0=427056016
P0, tp=1, ts=1, x0=810563610
P3, tp=1, ts=1
P1, tp=1, ts=1, x0=370214404
P1, tp=1, ts=1, x0=545396997
P2, tp=1, ts=1
P0, tp=1, ts=1, x0=196980072
P1, tp=1, ts=1, x0=759042727
P2, tp=1, ts=1
P1, tp=1, ts=1, x0=881352907
P1, tp=1, ts=1, x0=919034261
P1, tp=1, ts=1, x0=241279976
P1, tp=1, ts=1, x0=606113143
P1, tp=1, ts=1, x0=723404401
P2, tp=1, ts=1
P2, tp=1, ts=1
P0, tp=1, ts=1, x0=81369220
P2, tp=1, ts=1
P1, tp=1, ts=1, x0=355617325
P2, tp=1, ts=1
P0, tp=1, ts=1, x0=333899686
P1, tp=1, ts=1, x0=790519442
P0, tp=1, ts=1, x0=453842074
P1, tp=1, ts=1, x0=361839242
P2, tp=1, ts=1
P3, tp=1, ts=1
P2, tp=1, ts=1
P2, tp=1, ts=1
P0, tp=1, ts=1, x0=377884562
P1, tp=1, ts=1, x0=919034261
P1, tp=1, ts=1, x0=164917569
P3, tp=1, ts=1
P0, tp=1, ts=1, x0=686995935
P3, tp=1, ts=1
P3, tp=1, ts=1
P2, tp=1, ts=1
P1, tp=1, ts=1, x0=642402964
P2, tp=1, ts=1
P2, tp=1, ts=1
P3, tp=1, ts=1
P3, tp=1, ts=1
P2, tp=1, ts=1
P0, tp=1, ts=1, x0=450896441
P0, tp=1, ts=1, x0=361839242
P1, tp=1, ts=1, x0=105778896
P2, tp=1, ts=1
P1, tp=1, ts=1, x0=598148677
P0, tp=1, ts=1, x0=707547435
P1, tp=1, ts=1, x0=194765226
P2, tp=1, ts=1
P0, tp=1, ts=1, x0=703780930
P3, tp=1, ts=1
P2, tp=1, ts=1
P2, tp=1, ts=1
P1, tp=1, ts=1, x0=919034261
P0, tp=1, ts=1, x0=455035012
P2, tp=1, ts=1
P1, tp=1, ts=1, x0=549300633
P1, tp=1, ts=1, x0=333899686
P1, tp=1, ts=1, x0=56816293
P1, tp=1, ts=1, x0=369833068
P1, tp=1, ts=1, x0=402547811
P0, tp=1, ts=1, x0=549300633
P3, tp=1, ts=1
P1, tp=1, ts=1, x0=999738867
P3, tp=1, ts=1
P0, tp=1, ts=1, x0=427056016
P1, tp=1, ts=1, x0=22312927
P2, tp=1, ts=1
P2, tp=1, ts=1
P2, tp=1, ts=1
P3, tp=1, ts=1
P1, tp=1, ts=1, x0=723404401
P1, tp=1, ts=1, x0=782304503
P3, tp=1, ts=1
P2, tp=1, ts=1
P0, tp=1, ts=1, x0=606113143
P0, tp=1, ts=1, x0=412471048
P2, tp=1, ts=1
P0, tp=1, ts=1, x0=729133951
P3, tp=1, ts=1
P3, tp=1, ts=1
P3, tp=1, ts=1
P0, tp=1, ts=1, x0=456228543
P1, tp=1, ts=1, x0=298920788
P1, tp=1, ts=1, x0=843943083
P2, tp=1, ts=1
P2, tp=1, ts=1
P0, tp=1, ts=1, x0=94499641
P0, tp=1, ts=1, x0=164917569
P1, tp=1, ts=1, x0=56816293
P0, tp=1, ts=1, x0=367736408
P1, tp=1, ts=1, x0=260882048
P0, tp=1, ts=1, x0=144963622
P2, tp=1, ts=1
P3, tp=1, ts=1
P1, tp=1, ts=1, x0=545396997
P1, tp=1, ts=1, x0=843943083
P2, tp=1, ts=1
P0, tp=1, ts=1, x0=194765226
P1, tp=1, ts=1, x0=686995935
P1, tp=1, ts=1, x0=396620170
P0, tp=1, ts=1, x0=198863761
P3, tp=1, ts=1
P1, tp=1, ts=1, x0=985955406
P1, tp=1, ts=1, x0=396620170
P0, tp=1, ts=1, x0=464873326
P0, tp=1, ts=1, x0=881352907
P0, tp=1, ts=1, x0=94499641
P2, tp=1, ts=1
P0, tp=1, ts=1, x0=648016028
P1, tp=1, ts=1, x0=396620170
P3, tp=1, ts=1
P3, tp=1, ts=1
P0, tp=1, ts=1, x0=143318074
P0, tp=1, ts=1, x0=692093322
P0, tp=1, ts=1, x0=790519442
P3, tp=1, ts=1
P3, tp=1, ts=1
P2, tp=1, ts=1
P2, tp=1, ts=1
P2, tp=1, ts=1
P2, tp=1, ts=1
P0, tp=1, ts=1, x0=985896814
P0, tp=1, ts=1, x0=661315407
P1, tp=1, ts=1, x0=466931119
P0, tp=1, ts=1, x0=535982850
P0, tp=1, ts=1, x0=870269555
P2, tp=1, ts=1
P0, tp=1, ts=1, x0=881352907
P2, tp=1, ts=1
P1, tp=1, ts=1, x0=703780930
P0, tp=1, ts=1, x0=733508601
P0, tp=1, ts=1, x0=398021058
P2, tp=1, ts=1
P3, tp=1, ts=1
P1, tp=1, ts=1, x0=953968069
P0, tp=1, ts=1, x0=226070484
P2, tp=1, ts=1
P2, tp=1, ts=1
P0, tp=1, ts=1, x0=923526071
P2, tp=1, ts=1
P2, tp=1, ts=1
P1, tp=1, ts=1, x0=101697532
P3, tp=1, ts=1
P0, tp=1, ts=1, x0=298920788
P1, tp=1, ts=1, x0=427056016
P3, tp=1, ts=1
P3, tp=1, ts=1
P1, tp=1, ts=1, x0=881352907
P0, tp=1, ts=1, x0=622214378
P0, tp=1, ts=1, x0=97401002
P0, tp=1, ts=1, x0=805238012
P3, tp=1, ts=1
P3, tp=1, ts=1
P3, tp=1, ts=1
P3, tp=1, ts=1
P2, tp=1, ts=1
P2, tp=1, ts=1
P0, tp=1, ts=1, x0=598148677
P0, tp=1, ts=1, x0=220396554
P0, tp=1, ts=1, x0=240156530
P0, tp=1, ts=1, x0=870269555
P1, tp=1, ts=1, x0=990406599
P2, tp=1, ts=1
P2, tp=1, ts=1
P3, tp=1, ts=1
P1, tp=1, ts=1, x0=545396997
P1, tp=1, ts=1, x0=450896441
P3, tp=1, ts=1
P1, tp=1, ts=1, x0=692093322
P0, tp=1, ts=1, x0=445931084
P3, tp=1, ts=1
P3, tp=1, ts=1
P1, tp=1, ts=1, x0=248774096
P0, tp=1, ts=1, x0=733508601
P0, tp=1, ts=1, x0=534719228
P3, tp=1, ts=1
P0, tp=1, ts=1, x0=859657893
P3, tp=1, ts=1
P1, tp=1, ts=1, x0=164917569
P0, tp=1, ts=1, x0=398021058
P0, tp=1, ts=1, x0=97401002
P1, tp=1, ts=1, x0=729133951
P3, tp=1, ts=1
P3, tp=1, ts=1
P0, tp=1, ts=1, x0=248774096
P1, tp=1, ts=1, x0=583930965
P0, tp=1, ts=1, x0=34926075
P1, tp=1, ts=1, x0=461807606
P1, tp=1, ts=1, x0=805238012
P1, tp=1, ts=1, x0=194765226
P0, tp=1, ts=1, x0=260882048
P0, tp=1, ts=1, x0=534719228
P1, tp=1, ts=1, x0=226070484
P3, tp=1, ts=1
P1, tp=1, ts=1, x0=198863761
P3, tp=1, ts=1
P2, tp=1, ts=1
P3, tp=1, ts=1
P2, tp=1, ts=1
P3, tp=1, ts=1
P3, tp=1, ts=1
P1, tp=1, ts=1, x0=813891785
P2, tp=1, ts=1
P3, tp=1, ts=1
P3, tp=1, ts=1
P3, tp=1, ts=1
P1, tp=1, ts=1, x0=606113143
P1, tp=1, ts=1, x0=30868464
P1, tp=1, ts=1, x0=74129238
P2, tp=1, ts=1
P3, tp=1, ts=1
P2, tp=1, ts=1
P1, tp=1, ts=1, x0=81369220
P1, tp=1, ts=1, x0=95075313
P0, tp=1, ts=1, x0=298920788
P0, tp=1, ts=1, x0=867020110
P3, tp=1, ts=1
P2, tp=1, ts=1
P0, tp=1, ts=1, x0=598148677
P0, tp=1, ts=1, x0=707547435
P0, tp=1, ts=1, x0=985955406
P1, tp=1, ts=1, x0=985896814
P3, tp=1, ts=1
P1, tp=1, ts=1, x0=953968069
P0, tp=1, ts=1, x0=661315407
P0, tp=1, ts=1, x0=598148677
P2, tp=1, ts=1
P0, tp=1, ts=1, x0=369833068
P2, tp=1, ts=1
P0, tp=1, ts=1, x0=583930965
P3, tp=1, ts=1
P2, tp=1, ts=1
P1, tp=1, ts=1, x0=402547811
P2, tp=1, ts=1
P1, tp=1, ts=1, x0=94499641
P2, tp=1, ts=1
P1, tp=1, ts=1, x0=241279976
P3, tp=1, ts=1
P2, tp=1, ts=1
P0, tp=1, ts=1, x0=412471048
P3, tp=1, ts=1
P0, tp=1, ts=1, x0=445931084
P2, tp=1, ts=1
P3, tp=1, ts=1
P3, tp=1, ts=1
P3, tp=1, ts=1
P3, tp=1, ts=1
P2, tp=1, ts=1
P3, tp=1, ts=1
P0, tp=1, ts=1, x0=686995935
P1, tp=1, ts=1, x0=225997902
P0, tp=1, ts=1, x0=990406599
P2, tp=1, ts=1
P2, tp=1, ts=1
P1, tp=1, ts=1, x0=990406599
P2, tp=1, ts=1
P2, tp=1, ts=1
P1, tp=1, ts=1, x0=703780930
P2, tp=1, ts=1
P1, tp=1, ts=1, x0=464873326
P3, tp=1, ts=1
P2, tp=1, ts=1
P3, tp=1, ts=1
P2, tp=1, ts=1
P3, tp=1, ts=1
P0, tp=1, ts=1, x0=729133951
P3, tp=1, ts=1
P3, tp=1, ts=1
P1, tp=1, ts=1, x0=985896814
P0, tp=1, ts=1, x0=692093322
P2, tp=1, ts=1
P3, tp=1, ts=1
P2, tp=1, ts=1
P3, tp=1, ts=1
P2, tp=1, ts=1
P3, tp=1, ts=1
P2, tp=1, ts=1
P0, tp=1, ts=1, x0=361839242
P1, tp=1, ts=1, x0=396620170
P1, tp=1, ts=1, x0=226070484
P1, tp=1, ts=1, x0=287976042
P1, tp=1, ts=1, x0=450896441
P1, tp=1, ts=1, x0=642402964
P1, tp=1, ts=1, x0=769575720
P0, tp=1, ts=1, x0=769575720
P2, tp=1, ts=1
P2, tp=1, ts=1
P0, tp=1, ts=1, x0=248774096
P1, tp=1, ts=1, x0=370214404
P0, tp=1, ts=1, x0=81369220
P1, tp=1, ts=1, x0=226070484
P3, tp=1, ts=1
P0, tp=1, ts=1, x0=412471048
P1, tp=1, ts=1, x0=999738867
P1, tp=1, ts=1, x0=813891785
P2, tp=1, ts=1
P1, tp=1, ts=1, x0=545396997
P0, tp=1, ts=1, x0=723404401
P2, tp=1, ts=1
P1, tp=1, ts=1, x0=985955406
P3, tp=1, ts=1
P2, tp=1, ts=1
P1, tp=1, ts=1, x0=813891785
P1, tp=1, ts=1, x0=440579536
P3, tp=1, ts=1
P0, tp=1, ts=1, x0=805238012
P2, tp=1, ts=1
P0, tp=1, ts=1, x0=622214378
P1, tp=1, ts=1, x0=417410914
P1, tp=1, ts=1, x0=30868464
P2, tp=1, ts=1
P0, tp=1, ts=1, x0=367736408
P1, tp=1, ts=1, x0=196980072
P1, tp=1, ts=1, x0=923526071
P1, tp=1, ts=1, x0=63979174
P1, tp=1, ts=1, x0=642402964
P0, tp=1, ts=1, x0=427056016
P2, tp=1, ts=1
P0, tp=1, ts=1, x0=164917569
P3, tp=1, ts=1
P0, tp=1, ts=1, x0=377884562
P1, tp=1, ts=1, x0=367736408
P2, tp=1, ts=1
P2, tp=1, ts=1
P0, tp=1, ts=1, x0=867020110
P1, tp=1, ts=1, x0=535982850
P3, tp=1, ts=1
P3, tp=1, ts=1
P0, tp=1, ts=1, x0=919034261
P0, tp=1, ts=1, x0=633153590
P2, tp=1, ts=1
P2, tp=1, ts=1
P0, tp=1, ts=1, x0=95075313
P3, tp=1, ts=1
P3, tp=1, ts=1
P0, tp=1, ts=1, x0=545396997
P3, tp=1, ts=1
P0, tp=1, ts=1, x0=298920788
P0, tp=1, ts=1, x0=377884562
P1, tp=1, ts=1, x0=105778896
P1, tp=1, ts=1, x0=260882048
P0, tp=1, ts=1, x0=648016028
P1, tp=1, ts=1, x0=455035012
P1, tp=1, ts=1, x0=759042727
P0, tp=1, ts=1, x0=453842074
P1, tp=1, ts=1, x0=636105593
P1, tp=1, ts=1, x0=445931084
P3, tp=1, ts=1
P1, tp=1, ts=1, x0=545396997
P1, tp=1, ts=1, x0=402547811
P2, tp=1, ts=1
P2, tp=1, ts=1
P0, tp=1, ts=1, x0=813891785
P0, tp=1, ts=1, x0=661315407
P2, tp=1, ts=1
P3, tp=1, ts=1
P2, tp=1, ts=1
P3, tp=1, ts=1
P2, tp=1, ts=1
P3, tp=1, ts=1
P3, tp=1, ts=1
P3, tp=1, ts=1
P1, tp=1, ts=1, x0=919034261
P1, tp=1, ts=1, x0=144963622
P1, tp=1, ts=1, x0=583930965
P0, tp=1, ts=1, x0=805238012
P0, tp=1, ts=1, x0=194765226
P0, tp=1, ts=1, x0=196980072
P2, tp=1, ts=1
P3, tp=1, ts=1
P3, tp=1, ts=1
P1, tp=1, ts=1, x0=633153590
P0, tp=1, ts=1, x0=912462831
P1, tp=1, ts=1, x0=859657893
P0, tp=1, ts=1, x0=412471048
P1, tp=1, ts=1, x0=881352907
P1, tp=1, ts=1, x0=622214378
P0, tp=1, ts=1, x0=867020110
P3, tp=1, ts=1
P1, tp=1, ts=1, x0=509464073
P3, tp=1, ts=1
P2, tp=1, ts=1
P2, tp=1, ts=1
P1, tp=1, ts=1, x0=440579536
P0, tp=1, ts=1, x0=34926075
P0, tp=1, ts=1, x0=709611043
P1, tp=1, ts=1, x0=633153590
P1, tp=1, ts=1, x0=73269769
P3, tp=1, ts=1
P3, tp=1, ts=1
P0, tp=1, ts=1, x0=720383306
P3, tp=1, ts=1
P1, tp=1, ts=1, x0=402547811
P0, tp=1, ts=1, x0=105778896
P0, tp=1, ts=1, x0=63979174
P0, tp=1, ts=1, x0=549300633
P2, tp=1, ts=1
P1, tp=1, ts=1, x0=450896441
P1, tp=1, ts=1, x0=298920788
P0, tp=1, ts=1, x0=535982850
P2, tp=1, ts=1
P3, tp=1, ts=1
P0, tp=1, ts=1, x0=241279976
P3, tp=1, ts=1
P0, tp=1, ts=1, x0=686995935
P3, tp=1, ts=1
P2, tp=1, ts=1
P0, tp=1, ts=1, x0=598148677
P0, tp=1, ts=1, x0=56816293
P0, tp=1, ts=1, x0=445931084
P1, tp=1, ts=1, x0=194765226
P0, tp=1, ts=1, x0=881352907
P2, tp=1, ts=1
P0, tp=1, ts=1, x0=303789794
P3, tp=1, ts=1
P0, tp=1, ts=1, x0=34926075
P1, tp=1, ts=1, x0=287976042
P1, tp=1, ts=1, x0=377884562
P0, tp=1, ts=1, x0=73269769
P2, tp=1, ts=1
P2, tp=1, ts=1
P0, tp=1, ts=1, x0=234108216
P3, tp=1, ts=1
P0, tp=1, ts=1, x0=703780930
P1, tp=1, ts=1, x0=369833068
P1, tp=1, ts=1, x0=813891785
P3, tp=1, ts=1
P3, tp=1, ts=1
P2, tp=1, ts=1
P1, tp=1, ts=1, x0=509464073
P3, tp=1, ts=1
P0, tp=1, ts=1, x0=985896814
P0, tp=1, ts=1, x0=453842074
P3, tp=1, ts=1
P1, tp=1, ts=1, x0=298920788
P0, tp=1, ts=1, x0=34926075
P2, tp=1, ts=1
P0, tp=1, ts=1, x0=248774096
P2, tp=1, ts=1
P3, tp=1, ts=1
P3, tp=1, ts=1
P2, tp=1, ts=1
P3, tp=1, ts=1
P3, tp=1, ts=1
P2, tp=1, ts=1
P1, tp=1, ts=1, x0=303789794
P0, tp=1, ts=1, x0=633153590
P3, tp=1, ts=1
P0, tp=1, ts=1, x0=34926075
P3, tp=1, ts=1
P0, tp=1, ts=1, x0=308103836
P1, tp=1, ts=1, x0=143318074
P0, tp=1, ts=1, x0=30868464
P3, tp=1, ts=1
P1, tp=1, ts=1, x0=534719228
P3, tp=1, ts=1
P0, tp=1, ts=1, x0=303789794
P1, tp=1, ts=1, x0=859657893
P3, tp=1, ts=1
P3, tp=1, ts=1
P0, tp=1, ts=1, x0=208993576
P0, tp=1, ts=1, x0=143641863
P0, tp=1, ts=1, x0=923526071
P2, tp=1, ts=1
P0, tp=1, ts=1, x0=298920788
P3, tp=1, ts=1
P0, tp=1, ts=1, x0=729133951
P2, tp=1, ts=1
P0, tp=1, ts=1, x0=287976042
P0, tp=1, ts=1, x0=303789794
P1, tp=1, ts=1, x0=453842074
P1, tp=1, ts=1, x0=707547435
P3, tp=1, ts=1
P2, tp=1, ts=1
P1, tp=1, ts=1, x0=453842074
P0, tp=1, ts=1, x0=860587157
P3, tp=1, ts=1
P0, tp=1, ts=1, x0=440579536
P0, tp=1, ts=1, x0=369833068
P1, tp=1, ts=1, x0=545396997
P3, tp=1, ts=1
P1, tp=1, ts=1, x0=534719228
P1, tp=1, ts=1, x0=692093322
P3, tp=1, ts=1
P2, tp=1, ts=1
P2, tp=1, ts=1
P0, tp=1, ts=1, x0=633153590
P2, tp=1, ts=1
P0, tp=1, ts=1, x0=453842074
P3, tp=1, ts=1
P3, tp=1, ts=1
P2, tp=1, ts=1
P2, tp=1, ts=1
P3, tp=1, ts=1
P3, tp=1, ts=1
P0, tp=1, ts=1, x0=953968069
P0, tp=1, ts=1, x0=549300633
P1, tp=1, ts=1, x0=194765226
P3, tp=1, ts=1
P2, tp=1, ts=1
P2, tp=1, ts=1
P0, tp=1, ts=1, x0=712030295
P2, tp=1, ts=1
P3, tp=1, ts=1
P0, tp=1, ts=1, x0=545396997
P2, tp=1, ts=1
P3, tp=1, ts=1
P1, tp=1, ts=1, x0=333899686
P2, tp=1, ts=1
P2, tp=1, ts=1
P2, tp=1, ts=1
P1, tp=1, ts=1, x0=534719228
P1, tp=1, ts=1, x0=198863761
P1, tp=1, ts=1, x0=859657893
P1, tp=1, ts=1, x0=606113143
P0, tp=1, ts=1, x0=633153590
P2, tp=1, ts=1
P2, tp=1, ts=1
P3, tp=1, ts=1
P3, tp=1, ts=1
P2, tp=1, ts=1
P1, tp=1, ts=1, x0=692093322
P2, tp=1, ts=1
P2, tp=1, ts=1
P2, tp=1, ts=1
P1, tp=1, ts=1, x0=813891785
P2, tp=1, ts=1
P3, tp=1, ts=1
P0, tp=1, ts=1, x0=464873326
P0, tp=1, ts=1, x0=466931119
P2, tp=1, ts=1
P1, tp=1, ts=1, x0=34926075
P0, tp=1, ts=1, x0=692093322
P1, tp=1, ts=1, x0=985955406
P3, tp=1, ts=1
P0, tp=1, ts=1, x0=240156530
P3, tp=1, ts=1
P1, tp=1, ts=1, x0=81369220
P2, tp=1, ts=1
P0, tp=1, ts=1, x0=990406599
P3, tp=1, ts=1
P1, tp=1, ts=1, x0=143641863
P1, tp=1, ts=1, x0=367736408
P1, tp=1, ts=1, x0=396620170
P2, tp=1, ts=1
P3, tp=1, ts=1
P0, tp=1, ts=1, x0=556092134
P1, tp=1, ts=1, x0=859657893
P0, tp=1, ts=1, x0=720383306
P3, tp=1, ts=1
P1, tp=1, ts=1, x0=906255630
P1, tp=1, ts=1, x0=6965810
P1, tp=1, ts=1, x0=372304439
P2, tp=1, ts=1
P2, tp=1, ts=1
P0, tp=1, ts=1, x0=143641863
P3, tp=1, ts=1
P0, tp=1, ts=1, x0=843943083
P3, tp=1, ts=1
P1, tp=1, ts=1, x0=143318074
P3, tp=1, ts=1
P1, tp=1, ts=1, x0=985955406
P2, tp=1, ts=1
P3, tp=1, ts=1
P0, tp=1, ts=1, x0=733508601
P0, tp=1, ts=1, x0=296731023
P2, tp=1, ts=1
P1, tp=1, ts=1, x0=865149973
P2, tp=1, ts=1
P0, tp=1, ts=1, x0=707547435
P2, tp=1, ts=1
P1, tp=1, ts=1, x0=720383306
P1, tp=1, ts=1, x0=377884562
P3, tp=1, ts=1
P2, tp=1, ts=1
P3, tp=1, ts=1
P0, tp=1, ts=1, x0=923526071
P0, tp=1, ts=1, x0=101697532
P3, tp=1, ts=1
P3, tp=1, ts=1
P2, tp=1, ts=1
P2, tp=1, ts=1
P0, tp=1, ts=1, x0=648016028
P2, tp=1, ts=1
P0, tp=1, ts=1, x0=923526071
P2, tp=1, ts=1
P2, tp=1, ts=1
P1, tp=1, ts=1, x0=906255630
P0, tp=1, ts=1, x0=901371451
P2, tp=1, ts=1
P1, tp=1, ts=1, x0=308775951
P2, tp=1, ts=1
P1, tp=1, ts=1, x0=545396997
P1, tp=1, ts=1, x0=598148677
P1, tp=1, ts=1, x0=6965810
P3, tp=1, ts=1
P3, tp=1, ts=1
P0, tp=1, ts=1, x0=859657893
P3, tp=1, ts=1
P2, tp=1, ts=1
P2, tp=1, ts=1
P2, tp=1, ts=1
P2, tp=1, ts=1
P3, tp=1, ts=1
P1, tp=1, ts=1, x0=260882048
P0, tp=1, ts=1, x0=943017948
P0, tp=1, ts=1, x0=36632140
P3, tp=1, ts=1
P2, tp=1, ts=1
P1, tp=1, ts=1, x0=234108216
P0, tp=1, ts=1, x0=985896814
P0, tp=1, ts=1, x0=633153590
P3, tp=1, ts=1
P0, tp=1, ts=1, x0=642402964
P1, tp=1, ts=1, x0=72765936
P1, tp=1, ts=1, x0=398881811
P1, tp=1, ts=1, x0=540211513
P3, tp=1, ts=1
P1, tp=1, ts=1, x0=509464073
P3, tp=1, ts=1
P2, tp=1, ts=1
P0, tp=1, ts=1, x0=95075313
P0, tp=1, ts=1, x0=633153590
P0, tp=1, ts=1, x0=30868464
P0, tp=1, ts=1, x0=225997902
P0, tp=1, ts=1, x0=805238012
P3, tp=1, ts=1
P3, tp=1, ts=1
P1, tp=1, ts=1, x0=769575720
P1, tp=1, ts=1, x0=709611043
P3, tp=1, ts=1
P3, tp=1, ts=1
P3, tp=1, ts=1
P0, tp=1, ts=1, x0=208993576
P2, tp=1, ts=1
P2, tp=1, ts=1
P2, tp=1, ts=1
P0, tp=1, ts=1, x0=881352907
P1, tp=1, ts=1, x0=53293739
P0, tp=1, ts=1, x0=367736408
P1, tp=1, ts=1, x0=703780930
P3, tp=1, ts=1
P0, tp=1, ts=1, x0=63979174
P1, tp=1, ts=1, x0=144963622
P0, tp=1, ts=1, x0=990406599
P0, tp=1, ts=1, x0=215505829
P0, tp=1, ts=1, x0=453842074
P1, tp=1, ts=1, x0=540211513
P2, tp=1, ts=1
P2, tp=1, ts=1
P1, tp=1, ts=1, x0=860587157
P2, tp=1, ts=1
P1, tp=1, ts=1, x0=990406599
P2, tp=1, ts=1
P0, tp=1, ts=1, x0=164917569
P1, tp=1, ts=1, x0=402547811
P3, tp=1, ts=1
P1, tp=1, ts=1, x0=315429654
P2, tp=1, ts=1
P3, tp=1, ts=1
P1, tp=1, ts=1, x0=473936628
P1, tp=1, ts=1, x0=303789794
P2, tp=1, ts=1
P0, tp=1, ts=1, x0=642402964
P0, tp=1, ts=1, x0=769575720
P3, tp=1, ts=1
P0, tp=1, ts=1, x0=566223654
P3, tp=1, ts=1
P1, tp=1, ts=1, x0=633153590
P0, tp=1, ts=1, x0=813891785
P2, tp=1, ts=1
P1, tp=1, ts=1, x0=985896814
P0, tp=1, ts=1, x0=225997902
P2, tp=1, ts=1
P3, tp=1, ts=1
P0, tp=1, ts=1, x0=445931084
P2, tp=1, ts=1
P2, tp=1, ts=1
P1, tp=1, ts=1, x0=440579536
P0, tp=1, ts=1, x0=999738867
P2, tp=1, ts=1
P0, tp=1, ts=1, x0=953968069
P0, tp=1, ts=1, x0=94499641
P0, tp=1, ts=1, x0=906255630
P2, tp=1, ts=1
P2, tp=1, ts=1
P0, tp=1, ts=1, x0=164917569
P3, tp=1, ts=1
P0, tp=1, ts=1, x0=953968069
P2, tp=1, ts=1
P3, tp=1, ts=1
P3, tp=1, ts=1
P0, tp=1, ts=1, x0=912462831
P3, tp=1, ts=1
P2, tp=1, ts=1
P0, tp=1, ts=1, x0=659936786
P1, tp=1, ts=1, x0=398021058
P1, tp=1, ts=1, x0=464873326
P3, tp=1, ts=1
P3, tp=1, ts=1
P2, tp=1, ts=1
P2, tp=1, ts=1
P1, tp=1, ts=1, x0=867020110
P3, tp=1, ts=1
P3, tp=1, ts=1
P0, tp=1, ts=1, x0=720383306
P3, tp=1, ts=1
P0, tp=1, ts=1, x0=97401002
P3, tp=1, ts=1
P1, tp=1, ts=1, x0=398021058
P0, tp=1, ts=1, x0=461807606
P2, tp=1, ts=1
P3, tp=1, ts=1
P1, tp=1, ts=1, x0=315429654
P3, tp=1, ts=1
P3, tp=1, ts=1
P2, tp=1, ts=1
P3, tp=1, ts=1
P1, tp=1, ts=1, x0=348430501
P1, tp=1, ts=1, x0=6965810
P3, tp=1, ts=1
P1, tp=1, ts=1, x0=361839242
P2, tp=1, ts=1
P2, tp=1, ts=1
P3, tp=1, ts=1
P0, tp=1, ts=1, x0=633153590
P0, tp=1, ts=1, x0=213970894
P0, tp=1, ts=1, x0=62773738
P1, tp=1, ts=1, x0=901371451
P3, tp=1, ts=1
P2, tp=1, ts=1
P0, tp=1, ts=1, x0=6965810
P3, tp=1, ts=1
P0, tp=1, ts=1, x0=234108216
P3, tp=2, ts=2
P2, tp=2, ts=2
P1, tp=2, ts=2, x0=402547811
P1, tp=2, ts=2, x0=396620170
P3, tp=2, ts=2
P0, tp=2, ts=2, x0=813891785
P0, tp=2, ts=2, x0=427056016
P1, tp=2, ts=2, x0=540211513
P3, tp=2, ts=2
P2, tp=2, ts=2
P3, tp=2, ts=2
P0, tp=2, ts=2, x0=449134977
P3, tp=2, ts=2
P0, tp=2, ts=2, x0=549300633
P3, tp=2, ts=2
P1, tp=2, ts=2, x0=985955406
P1, tp=2, ts=2, x0=402547811
P3, tp=2, ts=2
P3, tp=2, ts=2
P0, tp=2, ts=2, x0=723404401
P3, tp=2, ts=2
P1, tp=2, ts=2, x0=918172626
P2, tp=2, ts=2
P2, tp=2, ts=2
P1, tp=2, ts=2, x0=377884562
P0, tp=2, ts=2, x0=990406599
P1, tp=2, ts=2, x0=545396997
P2, tp=2, ts=2
P1, tp=2, ts=2, x0=999738867
P1, tp=2, ts=2, x0=692093322
P2, tp=2, ts=2
P0, tp=2, ts=2, x0=296731023
P3, tp=2, ts=2
P1, tp=2, ts=2, x0=417410914
P1, tp=2, ts=2, x0=208993576
P3, tp=2, ts=2
P2, tp=2, ts=2
P1, tp=2, ts=2, x0=977132019
P3, tp=2, ts=2
P2, tp=2, ts=2
P1, tp=2, ts=2, x0=871296625
P0, tp=2, ts=2, x0=287976042
P3, tp=2, ts=2
P3, tp=2, ts=2
P1, tp=2, ts=2, x0=241279976
P0, tp=2, ts=2, x0=72765936
P0, tp=2, ts=2, x0=473936628
P3, tp=2, ts=2
P2, tp=2, ts=2
P1, tp=2, ts=2, x0=260882048
P3, tp=2, ts=2
P0, tp=2, ts=2, x0=769575720
P2, tp=2, ts=2
P3, tp=2, ts=2
P2, tp=2, ts=2
P2, tp=2, ts=2
P0, tp=2, ts=2, x0=241279976
P1, tp=2, ts=2, x0=72765936
P3, tp=2, ts=2
P1, tp=2, ts=2, x0=733508601
P3, tp=2, ts=2
P1, tp=2, ts=2, x0=396620170
P3, tp=2, ts=2
P3, tp=2, ts=2
P1, tp=2, ts=2, x0=703780930
P1, tp=2, ts=2, x0=30868464
P2, tp=2, ts=2
P1, tp=2, ts=2, x0=445931084
P0, tp=2, ts=2, x0=333899686
P2, tp=2, ts=2
P0, tp=2, ts=2, x0=923526071
P0, tp=2, ts=2, x0=985896814
P1, tp=2, ts=2, x0=34926075
P0, tp=2, ts=2, x0=953968069
P3, tp=2, ts=2
P1, tp=2, ts=2, x0=860587157
P2, tp=2, ts=2
P2, tp=2, ts=2
P2, tp=2, ts=2
P1, tp=2, ts=2, x0=97401002
P3, tp=2, ts=2
P3, tp=2, ts=2
P2, tp=2, ts=2
P3, tp=2, ts=2
P0, tp=2, ts=2, x0=636105593
P3, tp=2, ts=2
P1, tp=2, ts=2, x0=636105593
P3, tp=2, ts=2
P0, tp=2, ts=2, x0=333899686
P2, tp=2, ts=2
P0, tp=2, ts=2, x0=556092134
P3, tp=2, ts=2
P2, tp=2, ts=2
P0, tp=2, ts=2, x0=354584926
P0, tp=2, ts=2, x0=213970894
P1, tp=2, ts=2, x0=412471048
P2, tp=2, ts=2
P3, tp=2, ts=2
P1, tp=2, ts=2, x0=445931084
P2, tp=2, ts=2
P0, tp=2, ts=2, x0=101697532
P1, tp=2, ts=2, x0=481385687
P0, tp=2, ts=2, x0=315429654
P2, tp=2, ts=2
P0, tp=2, ts=2, x0=198863761
P2, tp=2, ts=2
P1, tp=2, ts=2, x0=62773738
P3, tp=2, ts=2
P0, tp=2, ts=2, x0=22312927
P3, tp=2, ts=2
P1, tp=2, ts=2, x0=598148677
P0, tp=2, ts=2, x0=167885061
P3, tp=2, ts=2
P2, tp=2, ts=2
P0, tp=2, ts=2, x0=712030295
P2, tp=2, ts=2
P2, tp=2, ts=2
P0, tp=2, ts=2, x0=598148677
P2, tp=2, ts=2
P0, tp=2, ts=2, x0=871296625
P3, tp=2, ts=2
P0, tp=2, ts=2, x0=208993576
P0, tp=2, ts=2, x0=94499641
P2, tp=2, ts=2
P1, tp=2, ts=2, x0=6965810
P2, tp=2, ts=2
P1, tp=2, ts=2, x0=36632140
P3, tp=2, ts=2
P0, tp=2, ts=2, x0=867020110
P1, tp=2, ts=2, x0=417410914
P3, tp=2, ts=2
P2, tp=2, ts=2
P2, tp=2, ts=2
P2, tp=2, ts=2
P0, tp=2, ts=2, x0=712030295
P0, tp=2, ts=2, x0=370214404
P1, tp=2, ts=2, x0=34926075
P0, tp=2, ts=2, x0=990406599
P1, tp=2, ts=2, x0=34926075
P0, tp=2, ts=2, x0=702966663
P2, tp=2, ts=2
P0, tp=2, ts=2, x0=707547435
P3, tp=2, ts=2
P0, tp=2, ts=2, x0=449134977
P2, tp=2, ts=2
P0, tp=2, ts=2, x0=453842074
P3, tp=2, ts=2
P0, tp=2, ts=2, x0=943017948
P2, tp=2, ts=2
P3, tp=2, ts=2
P2, tp=2, ts=2
P1, tp=2, ts=2, x0=398881811
P3, tp=2, ts=2
P1, tp=2, ts=2, x0=859657893
P2, tp=2, ts=2
P3, tp=2, ts=2
P0, tp=2, ts=2, x0=143318074
P0, tp=2, ts=2, x0=943017948
P0, tp=2, ts=2, x0=540211513
P1, tp=2, ts=2, x0=707547435
P2, tp=2, ts=2
P2, tp=2, ts=2
P3, tp=2, ts=2
P1, tp=2, ts=2, x0=396620170
P2, tp=2, ts=2
P0, tp=2, ts=2, x0=94499641
P2, tp=2, ts=2
P2, tp=2, ts=2
P0, tp=2, ts=2, x0=943017948
P3, tp=2, ts=2
P0, tp=2, ts=2, x0=72765936
P0, tp=2, ts=2, x0=234108216
P1, tp=2, ts=2, x0=412471048
P3, tp=2, ts=2
P3, tp=2, ts=2
P1, tp=2, ts=2, x0=906255630
P0, tp=2, ts=2, x0=198863761
P2, tp=2, ts=2
P2, tp=2, ts=2
P2, tp=2, ts=2
P1, tp=2, ts=2, x0=287976042
P2, tp=2, ts=2
P3, tp=2, ts=2
P3, tp=2, ts=2
P3, tp=2, ts=2
P0, tp=2, ts=2, x0=622214378
P0, tp=2, ts=2, x0=293612122
P0, tp=2, ts=2, x0=464873326
P2, tp=2, ts=2
P2, tp=2, ts=2
P1, tp=2, ts=2, x0=943017948
P1, tp=2, ts=2, x0=860587157
P2, tp=2, ts=2
P2, tp=2, ts=2
P1, tp=2, ts=2, x0=260882048
P2, tp=2, ts=2
P0, tp=2, ts=2, x0=143641863
P2, tp=2, ts=2
P2, tp=2, ts=2
P2, tp=2, ts=2
P2, tp=2, ts=2
P2, tp=2, ts=2
P2, tp=2, ts=2
P3, tp=2, ts=2
P3, tp=2, ts=2
P3, tp=2, ts=2
P3, tp=2, ts=2
P0, tp=2, ts=2, x0=213970894
P2, tp=2, ts=2
P1, tp=2, ts=2, x0=479058835
P1, tp=2, ts=2, x0=703780930
P1, tp=2, ts=2, x0=377884562
P0, tp=2, ts=2, x0=417410914
P0, tp=2, ts=2, x0=782747705
P0, tp=2, ts=2, x0=198863761
P2, tp=2, ts=2
P0, tp=2, ts=2, x0=464873326
P2, tp=2, ts=2
P3, tp=2, ts=2
P1, tp=2, ts=2, x0=692093322
P2, tp=2, ts=2
P1, tp=2, ts=2, x0=308775951
P1, tp=2, ts=2, x0=94499641
P0, tp=2, ts=2, x0=225997902
P2, tp=2, ts=2
P2, tp=2, ts=2
P1, tp=2, ts=2, x0=923526071
P2, tp=2, ts=2
P3, tp=2, ts=2
P3, tp=2, ts=2
P1, tp=2, ts=2, x0=923526071
P0, tp=2, ts=2, x0=953968069
P3, tp=2, ts=2
P0, tp=2, ts=2, x0=101697532
P0, tp=2, ts=2, x0=703780930
P2, tp=2, ts=2
P1, tp=2, ts=2, x0=164917569
P3, tp=2, ts=2
P1, tp=2, ts=2, x0=225997902
P0, tp=2, ts=2, x0=369833068
P0, tp=2, ts=2, x0=943017948
P1, tp=2, ts=2, x0=164917569
P1, tp=2, ts=2, x0=296731023
P1, tp=2, ts=2, x0=369833068
P0, tp=2, ts=2, x0=464873326
P0, tp=2, ts=2, x0=260882048
P2, tp=2, ts=2
P3, tp=2, ts=2
P0, tp=2, ts=2, x0=225997902
P0, tp=2, ts=2, x0=315429654
P1, tp=2, ts=2, x0=642402964
P1, tp=2, ts=2, x0=549300633
P2, tp=2, ts=2
P2, tp=2, ts=2
P3, tp=2, ts=2
P1, tp=2, ts=2, x0=918172626
P2, tp=2, ts=2
P3, tp=2, ts=2
P2, tp=2, ts=2
P2, tp=2, ts=2
P3, tp=2, ts=2
P1, tp=2, ts=2, x0=354584926
P1, tp=2, ts=2, x0=293612122
P3, tp=2, ts=2
P2, tp=2, ts=2
P2, tp=2, ts=2
P1, tp=2, ts=2, x0=207965030
P0, tp=2, ts=2, x0=348430501
P1, tp=2, ts=2, x0=167885061
P1, tp=2, ts=2, x0=545396997
P2, tp=2, ts=2
P3, tp=2, ts=2
P1, tp=2, ts=2, x0=396620170
P2, tp=2, ts=2
P1, tp=2, ts=2, x0=709611043
P1, tp=2, ts=2, x0=445931084
P0, tp=2, ts=2, x0=198863761
P2, tp=2, ts=2
P0, tp=2, ts=2, x0=782747705
P1, tp=2, ts=2, x0=398021058
P2, tp=2, ts=2
P0, tp=2, ts=2, x0=198863761
P1, tp=2, ts=2, x0=534719228
P1, tp=2, ts=2, x0=720383306
P2, tp=2, ts=2
P2, tp=2, ts=2
P2, tp=2, ts=2
P1, tp=2, ts=2, x0=712030295
P3, tp=2, ts=2
P3, tp=2, ts=2
P1, tp=2, ts=2, x0=556092134
P3, tp=2, ts=2
P1, tp=2, ts=2, x0=118766102
P3, tp=2, ts=2
P3, tp=2, ts=2
P0, tp=2, ts=2, x0=552009898
P2, tp=2, ts=2
P1, tp=2, ts=2, x0=692093322
P2, tp=2, ts=2
P0, tp=2, ts=2, x0=483212117
P0, tp=2, ts=2, x0=220396554
P1, tp=2, ts=2, x0=707547435
P1, tp=2, ts=2, x0=36632140
P3, tp=2, ts=2
P2, tp=2, ts=2
P1, tp=2, ts=2, x0=733508601
P0, tp=2, ts=2, x0=865149973
P0, tp=2, ts=2, x0=427056016
P3, tp=2, ts=2
P3, tp=2, ts=2
P2, tp=2, ts=2
P3, tp=2, ts=2
P3, tp=2, ts=2
P1, tp=2, ts=2, x0=534719228
P0, tp=2, ts=2, x0=906255630
P3, tp=2, ts=2
P0, tp=2, ts=2, x0=659936786
P1, tp=2, ts=2, x0=990406599
P1, tp=2, ts=2, x0=943017948
P2, tp=2, ts=2
P2, tp=2, ts=2
P2, tp=2, ts=2
P3, tp=2, ts=2
P3, tp=2, ts=2
P0, tp=2, ts=2, x0=354584926
P2, tp=2, ts=2
P2, tp=2, ts=2
P1, tp=2, ts=2, x0=308103836
P1, tp=2, ts=2, x0=30868464
P3, tp=2, ts=2
P1, tp=2, ts=2, x0=985896814
P3, tp=2, ts=2
P0, tp=2, ts=2, x0=210400692
P1, tp=2, ts=2, x0=534719228
P2, tp=2, ts=2
P1, tp=2, ts=2, x0=688675544
P1, tp=2, ts=2, x0=287976042
P2, tp=2, ts=2
P0, tp=2, ts=2, x0=30868464
P2, tp=2, ts=2
P0, tp=2, ts=2, x0=427056016
P3, tp=2, ts=2
P3, tp=2, ts=2
P2, tp=2, ts=2
P0, tp=2, ts=2, x0=296731023
P2, tp=2, ts=2
P2, tp=2, ts=2
P1, tp=2, ts=2, x0=229332431
P3, tp=2, ts=2
P0, tp=2, ts=2, x0=398021058
P0, tp=2, ts=2, x0=354584926
P3, tp=2, ts=2
P1, tp=2, ts=2, x0=871296625
P3, tp=2, ts=2
P0, tp=2, ts=2, x0=354584926
P3, tp=2, ts=2
P1, tp=2, ts=2, x0=354985508
P2, tp=2, ts=2
P3, tp=2, ts=2
P3, tp=2, ts=2
P1, tp=2, ts=2, x0=881352907
P2, tp=2, ts=2
P0, tp=2, ts=2, x0=234108216
P1, tp=2, ts=2, x0=712030295
P3, tp=2, ts=2
P2, tp=2, ts=2
P1, tp=2, ts=2, x0=144963622
P1, tp=2, ts=2, x0=30868464
P2, tp=2, ts=2
P3, tp=2, ts=2
P1, tp=2, ts=2, x0=440579536
P1, tp=2, ts=2, x0=534719228
P1, tp=2, ts=2, x0=759042727
P1, tp=2, ts=2, x0=229332431
P2, tp=2, ts=2
P3, tp=2, ts=2
P1, tp=2, ts=2, x0=56816293
P1, tp=2, ts=2, x0=707547435
P1, tp=2, ts=2, x0=348430501
P1, tp=2, ts=2, x0=287976042
P2, tp=2, ts=2
P0, tp=2, ts=2, x0=296731023
P0, tp=2, ts=2, x0=398021058
P3, tp=2, ts=2
P1, tp=2, ts=2, x0=598148677
P2, tp=2, ts=2
P3, tp=2, ts=2
P2, tp=2, ts=2
P3, tp=2, ts=2
P2, tp=2, ts=2
P0, tp=2, ts=2, x0=867020110
P1, tp=2, ts=2, x0=398021058
P1, tp=2, ts=2, x0=759042727
P1, tp=2, ts=2, x0=164917569
P1, tp=2, ts=2, x0=348430501
P2, tp=2, ts=2
P2, tp=2, ts=2
P0, tp=2, ts=2, x0=62773738
P0, tp=2, ts=2, x0=213970894
P3, tp=2, ts=2
P0, tp=2, ts=2, x0=704648727
P2, tp=2, ts=2
P3, tp=2, ts=2
P3, tp=2, ts=2
P3, tp=2, ts=2
P0, tp=2, ts=2, x0=548803266
P2, tp=2, ts=2
P0, tp=2, ts=2, x0=198863761
P3, tp=2, ts=2
P0, tp=2, ts=2, x0=545396997
P1, tp=2, ts=2, x0=53293739
P2, tp=2, ts=2
P0, tp=2, ts=2, x0=308103836
P0, tp=2, ts=2, x0=398021058
P0, tp=2, ts=2, x0=417410914
P3, tp=2, ts=2
P0, tp=2, ts=2, x0=636105593
P0, tp=2, ts=2, x0=769575720
P0, tp=2, ts=2, x0=6965810
P2, tp=2, ts=2
P2, tp=2, ts=2
P2, tp=2, ts=2
P1, tp=2, ts=2, x0=74129238
P0, tp=2, ts=2, x0=293612122
P1, tp=2, ts=2, x0=372304439
P1, tp=2, ts=2, x0=207965030
P3, tp=2, ts=2
P1, tp=2, ts=2, x0=210400692
P0, tp=2, ts=2, x0=287976042
P1, tp=2, ts=2, x0=30868464
P0, tp=2, ts=2, x0=867020110
P2, tp=2, ts=2
P0, tp=2, ts=2, x0=867020110
P1, tp=2, ts=2, x0=473936628
P0, tp=2, ts=2, x0=735685034
P3, tp=2, ts=2
P2, tp=2, ts=2
P2, tp=2, ts=2
P0, tp=2, ts=2, x0=871296625
P0, tp=2, ts=2, x0=348430501
P2, tp=2, ts=2
P3, tp=2, ts=2
P2, tp=2, ts=2
P2, tp=2, ts=2
P0, tp=2, ts=2, x0=923526071
P3, tp=2, ts=2
P0, tp=2, ts=2, x0=906255630
P2, tp=2, ts=2
P0, tp=2, ts=2, x0=548803266
P2, tp=2, ts=2
P0, tp=2, ts=2, x0=74129238
P1, tp=2, ts=2, x0=622214378
P0, tp=2, ts=2, x0=198863761
P1, tp=2, ts=2, x0=704648727
P0, tp=2, ts=2, x0=224034088
P3, tp=2, ts=2
P3, tp=2, ts=2
P3, tp=2, ts=2
P0, tp=2, ts=2, x0=333899686
P1, tp=2, ts=2, x0=56816293
P2, tp=2, ts=2
P2, tp=2, ts=2
P1, tp=2, ts=2, x0=759042727
P0, tp=2, ts=2, x0=207965030
P2, tp=2, ts=2
P0, tp=2, ts=2, x0=782747705
P3, tp=2, ts=2
P2, tp=2, ts=2
P1, tp=2, ts=2, x0=881352907
P1, tp=2, ts=2, x0=923526071
P3, tp=2, ts=2
P3, tp=2, ts=2
P2, tp=2, ts=2
P2, tp=2, ts=2
P3, tp=2, ts=2
P0, tp=2, ts=2, x0=201955826
P1, tp=2, ts=2, x0=813149273
P2, tp=2, ts=2
P2, tp=2, ts=2
P2, tp=2, ts=2
P3, tp=2, ts=2
P3, tp=2, ts=2
P2, tp=2, ts=2
P1, tp=2, ts=2, x0=449134977
P2, tp=2, ts=2
P0, tp=2, ts=2, x0=552009898
P2, tp=2, ts=2
P1, tp=2, ts=2, x0=712030295
P0, tp=2, ts=2, x0=991087436
P0, tp=2, ts=2, x0=101697532
P2, tp=2, ts=2
P3, tp=2, ts=2
P2, tp=2, ts=2
P1, tp=2, ts=2, x0=566223654
P0, tp=2, ts=2, x0=354584926
P1, tp=2, ts=2, x0=865149973
P0, tp=2, ts=2, x0=633153590
P1, tp=2, ts=2, x0=859657893
P1, tp=2, ts=2, x0=759042727
P0, tp=2, ts=2, x0=208993576
P2, tp=2, ts=2
P2, tp=2, ts=2
P3, tp=2, ts=2
P1, tp=2, ts=2, x0=412471048
P2, tp=2, ts=2
P3, tp=2, ts=2
P0, tp=2, ts=2, x0=440579536
P3, tp=2, ts=2
P0, tp=2, ts=2, x0=466931119
P2, tp=2, ts=2
P2, tp=2, ts=2
P3, tp=2, ts=2
P2, tp=2, ts=2
P0, tp=2, ts=2, x0=215505829
P3, tp=2, ts=2
P3, tp=2, ts=2
P1, tp=2, ts=2, x0=101697532
P0, tp=2, ts=2, x0=771452670
P0, tp=2, ts=2, x0=348430501
P2, tp=2, ts=2
P0, tp=2, ts=2, x0=865149973
P2, tp=2, ts=2
P0, tp=2, ts=2, x0=771452670
P1, tp=2, ts=2, x0=720383306
P2, tp=2, ts=2
P2, tp=2, ts=2
P0, tp=2, ts=2, x0=642402964
P0, tp=2, ts=2, x0=56816293
P2, tp=2, ts=2
P1, tp=2, ts=2, x0=303789794
P3, tp=2, ts=2
P1, tp=2, ts=2, x0=36632140
P2, tp=2, ts=2
P3, tp=2, ts=2
P1, tp=2, ts=2, x0=735685034
P0, tp=2, ts=2, x0=97401002
P0, tp=2, ts=2, x0=213970894
P1, tp=2, ts=2, x0=303789794
P3, tp=2, ts=2
P0, tp=2, ts=2, x0=769575720
P0, tp=2, ts=2, x0=709611043
P1, tp=2, ts=2, x0=303789794
P0, tp=2, ts=2, x0=918172626
P2, tp=2, ts=2
P2, tp=2, ts=2
P3, tp=2, ts=2
P2, tp=2, ts=2
P1, tp=2, ts=2, x0=835151261
P2, tp=2, ts=2
P0, tp=2, ts=2, x0=35347792
P1, tp=2, ts=2, x0=97401002
P0, tp=2, ts=2, x0=412471048
P0, tp=2, ts=2, x0=224034088
P3, tp=2, ts=2
P2, tp=2, ts=2
P3, tp=2, ts=2
P1, tp=2, ts=2, x0=534719228
P3, tp=2, ts=2
P1, tp=2, ts=2, x0=144963622
P3, tp=2, ts=2
P2, tp=2, ts=2
P3, tp=2, ts=2
P3, tp=2, ts=2
P1, tp=2, ts=2, x0=143318074
P3, tp=2, ts=2
P0, tp=2, ts=2, x0=167885061
P0, tp=2, ts=2, x0=483212117
P2, tp=2, ts=2
P0, tp=2, ts=2, x0=74129238
P3, tp=2, ts=2
P2, tp=2, ts=2
P1, tp=2, ts=2, x0=210400692
P2, tp=2, ts=2
P3, tp=2, ts=2
P2, tp=2, ts=2
P3, tp=2, ts=2
P3, tp=2, ts=2
P3, tp=2, ts=2
P1, tp=2, ts=2, x0=844358578
P1, tp=2, ts=2, x0=30868464
P0, tp=2, ts=2, x0=466931119
P0, tp=2, ts=2, x0=524318503
P0, tp=2, ts=2, x0=590015275
P1, tp=2, ts=2, x0=707547435
P0, tp=2, ts=2, x0=473936628
P2, tp=2, ts=2
P1, tp=2, ts=2, x0=709611043
P2, tp=2, ts=2
P2, tp=2, ts=2
P3, tp=2, ts=2
P2, tp=2, ts=2
P0, tp=2, ts=2, x0=229332431
P3, tp=2, ts=2
P3, tp=2, ts=2
P0, tp=2, ts=2, x0=220396554
P1, tp=2, ts=2, x0=759042727
P2, tp=2, ts=2
P3, tp=2, ts=2
P3, tp=2, ts=2
P2, tp=2, ts=2
P2, tp=2, ts=2
P1, tp=2, ts=2, x0=308775951
P2, tp=2, ts=2
P1, tp=2, ts=2, x0=867020110
P2, tp=2, ts=2
P2, tp=2, ts=2
P1, tp=2, ts=2, x0=570655941
P3, tp=2, ts=2
P0, tp=2, ts=2, x0=224034088
P0, tp=2, ts=2, x0=590015275
P2, tp=2, ts=2
P0, tp=2, ts=2, x0=354985508
P2, tp=2, ts=2
P3, tp=2, ts=2
P1, tp=2, ts=2, x0=782645084
P1, tp=2, ts=2, x0=214098173
P2, tp=2, ts=2
P0, tp=2, ts=2, x0=545396997
P0, tp=2, ts=2, x0=303789794
P1, tp=2, ts=2, x0=229332431
P2, tp=2, ts=2
P2, tp=2, ts=2
P2, tp=2, ts=2
P3, tp=2, ts=2
P0, tp=2, ts=2, x0=30868464
P3, tp=2, ts=2
P0, tp=2, ts=2, x0=208993576
P0, tp=2, ts=2, x0=35347792
P2, tp=2, ts=2
P3, tp=2, ts=2
P1, tp=2, ts=2, x0=771452670
P3, tp=2, ts=2
P1, tp=2, ts=2, x0=822425566
P1, tp=2, ts=2, x0=449134977
P3, tp=2, ts=2
P3, tp=2, ts=2
P0, tp=2, ts=2, x0=372304439
P3, tp=2, ts=2
P0, tp=2, ts=2, x0=453842074
P1, tp=2, ts=2, x0=769575720
P0, tp=2, ts=2, x0=308775951
P3, tp=2, ts=2
P0, tp=2, ts=2, x0=642402964
P0, tp=2, ts=2, x0=709611043
P3, tp=2, ts=2
P3, tp=2, ts=2
P3, tp=2, ts=2
P0, tp=2, ts=2, x0=213970894
P1, tp=2, ts=2, x0=440579536
P1, tp=2, ts=2, x0=923526071
P1, tp=2, ts=2, x0=540211513
P0, tp=2, ts=2, x0=412471048
P0, tp=2, ts=2, x0=822425566
P3, tp=2, ts=2
P0, tp=2, ts=2, x0=688675544
P2, tp=2, ts=2
P0, tp=2, ts=2, x0=398881811
P1, tp=2, ts=2, x0=991087436
P2, tp=2, ts=2
P2, tp=2, ts=2
P1, tp=2, ts=2, x0=440579536
P1, tp=2, ts=2, x0=639405936
P3, tp=2, ts=2
P0, tp=2, ts=2, x0=210400692
P1, tp=2, ts=2, x0=427056016
P2, tp=2, ts=2
P2, tp=2, ts=2
P1, tp=2, ts=2, x0=479058835
P2, tp=2, ts=2
P0, tp=2, ts=2, x0=333899686
P2, tp=2, ts=2
P0, tp=2, ts=2, x0=398881811
P3, tp=2, ts=2
P0, tp=2, ts=2, x0=586651466
P0, tp=2, ts=2, x0=534719228
P1, tp=2, ts=2, x0=688675544
P3, tp=2, ts=2
P0, tp=2, ts=2, x0=865149973
P0, tp=2, ts=2, x0=692093322
P1, tp=2, ts=2, x0=62773738
P1, tp=2, ts=2, x0=208993576
P0, tp=2, ts=2, x0=636105593
P1, tp=2, ts=2, x0=412471048
P3, tp=2, ts=2
P3, tp=2, ts=2
P0, tp=2, ts=2, x0=813149273
P2, tp=2, ts=2
P2, tp=2, ts=2
P0, tp=2, ts=2, x0=354985508
P3, tp=2, ts=2
P3, tp=2, ts=2
P3, tp=2, ts=2
P1, tp=2, ts=2, x0=74129238
P1, tp=2, ts=2, x0=379060307
P0, tp=2, ts=2, x0=642402964
P3, tp=2, ts=2
P0, tp=2, ts=2, x0=449134977
P2, tp=2, ts=2
P0, tp=2, ts=2, x0=97401002
P1, tp=2, ts=2, x0=354985508
P0, tp=2, ts=2, x0=308775951
P3, tp=2, ts=2
P3, tp=2, ts=2
P2, tp=2, ts=2
P0, tp=2, ts=2, x0=540211513
P2, tp=2, ts=2
P2, tp=2, ts=2
P2, tp=2, ts=2
P3, tp=2, ts=2
P3, tp=2, ts=2
P1, tp=2, ts=2, x0=473936628
P2, tp=2, ts=2
P3, tp=2, ts=2
P2, tp=2, ts=2
P1, tp=2, ts=2, x0=709611043
P3, tp=2, ts=2
P2, tp=2, ts=2
P2, tp=2, ts=2
P2, tp=2, ts=2
P2, tp=2, ts=2
P1, tp=2, ts=2, x0=288896971
P1, tp=2, ts=2, x0=552009898
P1, tp=2, ts=2, x0=201955826
P3, tp=2, ts=2
P1, tp=2, ts=2, x0=991087436
P3, tp=2, ts=2
P0, tp=2, ts=2, x0=918172626
P0, tp=2, ts=2, x0=201955826
P0, tp=2, ts=2, x0=242232605
P2, tp=2, ts=2
P2, tp=2, ts=2
P3, tp=2, ts=2
P2, tp=2, ts=2
P2, tp=2, ts=2
P2, tp=2, ts=2
P2, tp=2, ts=2
P0, tp=2, ts=2, x0=570655941
P0, tp=2, ts=2, x0=427056016
P2, tp=2, ts=2
P1, tp=2, ts=2, x0=524318503
P3, tp=2, ts=2
P0, tp=2, ts=2, x0=509464073
P1, tp=2, ts=2, x0=590015275
P3, tp=2, ts=2
P1, tp=2, ts=2, x0=771452670
P3, tp=2, ts=2
P3, tp=2, ts=2
P2, tp=2, ts=2
P3, tp=2, ts=2
P0, tp=2, ts=2, x0=867020110
P3, tp=2, ts=2
P2, tp=2, ts=2
P2, tp=2, ts=2
P2, tp=2, ts=2
P2, tp=2, ts=2
P3, tp=2, ts=2
P3, tp=2, ts=2
P2, tp=2, ts=2
P1, tp=2, ts=2, x0=143318074
P0, tp=2, ts=2, x0=704648727
P3, tp=2, ts=2
P3, tp=2, ts=2
P2, tp=2, ts=2
P1, tp=2, ts=2, x0=242232605
P3, tp=2, ts=2
P0, tp=2, ts=2, x0=207965030
P0, tp=2, ts=2, x0=750970743
P3, tp=2, ts=2
P0, tp=2, ts=2, x0=688675544
P0, tp=2, ts=2, x0=813149273
P3, tp=2, ts=2
P3, tp=2, ts=2
P1, tp=2, ts=2, x0=214098173
P0, tp=2, ts=2, x0=53293739
P3, tp=2, ts=2
P1, tp=2, ts=2, x0=639405936
P0, tp=2, ts=2, x0=809014425
P3, tp=2, ts=2
P0, tp=2, ts=2, x0=720383306
P0, tp=2, ts=2, x0=771452670
P1, tp=2, ts=2, x0=524318503
P2, tp=2, ts=2
P1, tp=2, ts=2, x0=35347792
P0, tp=2, ts=2, x0=440579536
P3, tp=2, ts=2
P3, tp=2, ts=2
P2, tp=2, ts=2
P2, tp=2, ts=2
P3, tp=2, ts=2
P1, tp=2, ts=2, x0=720383306
P3, tp=2, ts=2
P3, tp=2, ts=2
P3, tp=2, ts=2
P1, tp=2, ts=2, x0=210400692
P1, tp=2, ts=2, x0=702966663
P3, tp=2, ts=2
P2, tp=2, ts=2
P2, tp=2, ts=2
P0, tp=2, ts=2, x0=688675544
P3, tp=2, ts=2
P0, tp=2, ts=2, x0=822425566
P0, tp=2, ts=2, x0=179748432
P3, tp=2, ts=2
P2, tp=2, ts=2
P3, tp=2, ts=2
P2, tp=2, ts=2
P1, tp=2, ts=2, x0=598148677
P0, tp=2, ts=2, x0=208993576
P2, tp=2, ts=2
P2, tp=2, ts=2
P2, tp=2, ts=2
P2, tp=2, ts=2
P0, tp=2, ts=2, x0=229602374
P3, tp=2, ts=2
P1, tp=2, ts=2, x0=35347792
P2, tp=2, ts=2
P0, tp=2, ts=2, x0=57919239
P1, tp=2, ts=2, x0=771452670
P2, tp=2, ts=2
P0, tp=2, ts=2, x0=709611043
P2, tp=2, ts=2
P3, tp=2, ts=2
P0, tp=2, ts=2, x0=709611043
P3, tp=2, ts=2
P3, tp=2, ts=2
P0, tp=2, ts=2, x0=822425566
P1, tp=2, ts=2, x0=481385687
P0, tp=2, ts=2, x0=398881811
P3, tp=2, ts=2
P1, tp=2, ts=2, x0=167885061
P1, tp=2, ts=2, x0=704648727
P1, tp=2, ts=2, x0=556092134
P3, tp=2, ts=2
P1, tp=2, ts=2, x0=449134977
P1, tp=2, ts=2, x0=315429654
P3, tp=2, ts=2
P1, tp=2, ts=2, x0=97401002
P3, tp=2, ts=2
P0, tp=2, ts=2, x0=201955826
P1, tp=2, ts=2, x0=450896441
P0, tp=2, ts=2, x0=549300633
P3, tp=2, ts=2
P1, tp=2, ts=2, x0=932777661
P1, tp=2, ts=2, x0=771452670
P0, tp=2, ts=2, x0=844358578
P2, tp=2, ts=2
P0, tp=2, ts=2, x0=372304439
P3, tp=2, ts=2
P3, tp=2, ts=2
P3, tp=2, ts=2
P0, tp=2, ts=2, x0=995226452
P1, tp=2, ts=2, x0=735685034
P3, tp=2, ts=2
P2, tp=2, ts=2
P2, tp=2, ts=2
P3, tp=2, ts=2
P3, tp=2, ts=2
P3, tp=2, ts=2
P3, tp=2, ts=2
P3, tp=2, ts=2
P2, tp=2, ts=2
P0, tp=2, ts=2, x0=586651466
P0, tp=2, ts=2, x0=167885061
P3, tp=2, ts=2
P1, tp=2, ts=2, x0=957253335
P1, tp=2, ts=2, x0=207965030
P1, tp=2, ts=2, x0=844358578
P0, tp=2, ts=2, x0=835151261
P1, tp=2, ts=2, x0=639405936
P1, tp=2, ts=2, x0=466931119
P0, tp=2, ts=2, x0=709611043
P1, tp=2, ts=2, x0=379060307
P3, tp=2, ts=2
P2, tp=2, ts=2
P0, tp=2, ts=2, x0=548803266
P2, tp=2, ts=2
P2, tp=2, ts=2
P3, tp=2, ts=2
P0, tp=2, ts=2, x0=534719228
P0, tp=2, ts=2, x0=598148677
P3, tp=2, ts=2
P0, tp=2, ts=2, x0=991087436
P2, tp=2, ts=2
P0, tp=2, ts=2, x0=835151261
P3, tp=2, ts=2
P3, tp=2, ts=2
P2, tp=2, ts=2
P0, tp=2, ts=2, x0=642402964
P2, tp=2, ts=2
P0, tp=2, ts=2, x0=167885061
P3, tp=2, ts=2
P1, tp=2, ts=2, x0=707547435
P1, tp=2, ts=2, x0=57919239
P2, tp=2, ts=2
P1, tp=2, ts=2, x0=361839242
P2, tp=2, ts=2
P0, tp=2, ts=2, x0=229332431
P3, tp=2, ts=2
P3, tp=2, ts=2
P3, tp=2, ts=2
P0, tp=2, ts=2, x0=995226452
P2, tp=2, ts=2
P0, tp=2, ts=2, x0=991087436
P2, tp=2, ts=2
P0, tp=2, ts=2, x0=524318503
P0, tp=2, ts=2, x0=871296625
P2, tp=2, ts=2
P3, tp=2, ts=2
P1, tp=2, ts=2, x0=193035306
P2, tp=2, ts=2
P1, tp=2, ts=2, x0=472517426
P0, tp=2, ts=2, x0=201955826
P2, tp=2, ts=2
P0, tp=2, ts=2, x0=686188530
P3, tp=2, ts=2
P1, tp=2, ts=2, x0=466931119
P2, tp=2, ts=2
P2, tp=2, ts=2
P1, tp=2, ts=2, x0=995226452
P2, tp=2, ts=2
P1, tp=2, ts=2, x0=450896441
P0, tp=2, ts=2, x0=53293739
P0, tp=2, ts=2, x0=545396997
P2, tp=2, ts=2
P2, tp=2, ts=2
P0, tp=2, ts=2, x0=224034088
P0, tp=2, ts=2, x0=570655941
P1, tp=2, ts=2, x0=771452670
P2, tp=2, ts=2
P3, tp=2, ts=2
P0, tp=2, ts=2, x0=167885061
P2, tp=2, ts=2
P0, tp=2, ts=2, x0=62773738
P3, tp=2, ts=2
P2, tp=2, ts=2
P2, tp=2, ts=2
P1, tp=2, ts=2, x0=207965030
P0, tp=2, ts=2, x0=354985508
P0, tp=2, ts=2, x0=552009898
P3, tp=2, ts=2
P1, tp=2, ts=2, x0=62773738
P2, tp=2, ts=2
P3, tp=2, ts=2
P1, tp=2, ts=2, x0=213970894
P3, tp=2, ts=2
P1, tp=2, ts=2, x0=53293739
P3, tp=2, ts=2
P3, tp=2, ts=2
P3, tp=2, ts=2
P1, tp=2, ts=2, x0=354584926
P0, tp=2, ts=2, x0=398881811
P0, tp=2, ts=2, x0=229332431
P1, tp=2, ts=2, x0=449134977
P0, tp=2, ts=2, x0=288896971
P0, tp=2, ts=2, x0=990406599
P2, tp=2, ts=2
P1, tp=2, ts=2, x0=932777661
P1, tp=2, ts=2, x0=704648727
P1, tp=2, ts=2, x0=308775951
P3, tp=2, ts=2
P1, tp=2, ts=2, x0=639405936
P0, tp=2, ts=2, x0=296731023
P3, tp=2, ts=2
P1, tp=2, ts=2, x0=932777661
P2, tp=2, ts=2
P2, tp=2, ts=2
P2, tp=2, ts=2
P0, tp=2, ts=2, x0=735685034
P0, tp=2, ts=2, x0=548803266
P0, tp=2, ts=2, x0=53293739
P2, tp=2, ts=2
P2, tp=2, ts=2
P0, tp=2, ts=2, x0=453842074
P0, tp=2, ts=2, x0=977132019
P0, tp=2, ts=2, x0=639405936
P2, tp=2, ts=2
P1, tp=2, ts=2, x0=977132019
P0, tp=2, ts=2, x0=932777661
P2, tp=2, ts=2
P2, tp=2, ts=2
P1, tp=2, ts=2, x0=509464073
P0, tp=2, ts=2, x0=167885061
P2, tp=2, ts=2
P1, tp=2, ts=2, x0=809014425
P3, tp=2, ts=2
P0, tp=2, ts=2, x0=800505611
P3, tp=2, ts=2
P3, tp=2, ts=2
P0, tp=2, ts=2, x0=440579536
P0, tp=2, ts=2, x0=372304439
P3, tp=2, ts=2
P3, tp=2, ts=2
P1, tp=2, ts=2, x0=524318503
P3, tp=2, ts=2
P3, tp=2, ts=2
P1, tp=2, ts=2, x0=440579536
P0, tp=2, ts=2, x0=242232605
P2, tp=2, ts=2
P3, tp=2, ts=2
P1, tp=2, ts=2, x0=234108216
P2, tp=3, ts=3
P3, tp=3, ts=3
P3, tp=3, ts=3
P1, tp=3, ts=3, x0=509464073
P2, tp=3, ts=3
P1, tp=3, ts=3, x0=193035306
P1, tp=3, ts=3, x0=590015275
P0, tp=3, ts=3, x0=865149973
P2, tp=3, ts=3
P0, tp=3, ts=3, x0=53293739
P3, tp=3, ts=3
P0, tp=3, ts=3, x0=440579536
P1, tp=3, ts=3, x0=143641863
P0, tp=3, ts=3, x0=735685034
P2, tp=3, ts=3
P2, tp=3, ts=3
P1, tp=3, ts=3, x0=214098173
P0, tp=3, ts=3, x0=549300633
P1, tp=3, ts=3, x0=906255630
P2, tp=3, ts=3
P1, tp=3, ts=3, x0=918172626
P3, tp=3, ts=3
P2, tp=3, ts=3
P1, tp=3, ts=3, x0=315429654
P2, tp=3, ts=3
P2, tp=3, ts=3
P1, tp=3, ts=3, x0=686188530
P2, tp=3, ts=3
P3, tp=3, ts=3
P2, tp=3, ts=3
P2, tp=3, ts=3
P1, tp=3, ts=3, x0=659936786
P1, tp=3, ts=3, x0=570655941
P3, tp=3, ts=3
P1, tp=3, ts=3, x0=859657893
P1, tp=3, ts=3, x0=562062224
P0, tp=3, ts=3, x0=932777661
P0, tp=3, ts=3, x0=692093322
P3, tp=3, ts=3
P1, tp=3, ts=3, x0=692093322
P0, tp=3, ts=3, x0=450896441
P3, tp=3, ts=3
P2, tp=3, ts=3
P0, tp=3, ts=3, x0=871296625
P3, tp=3, ts=3
P0, tp=3, ts=3, x0=560834326
P3, tp=3, ts=3
P0, tp=3, ts=3, x0=398881811
P1, tp=3, ts=3, x0=709611043
P3, tp=3, ts=3
P1, tp=3, ts=3, x0=771452670
P3, tp=3, ts=3
P2, tp=3, ts=3
P3, tp=3, ts=3
P0, tp=3, ts=3, x0=208993576
P1, tp=3, ts=3, x0=207965030
P3, tp=3, ts=3
P0, tp=3, ts=3, x0=598148677
P0, tp=3, ts=3, x0=481385687
P1, tp=3, ts=3, x0=524318503
P1, tp=3, ts=3, x0=991087436
P3, tp=3, ts=3
P0, tp=3, ts=3, x0=210400692
P0, tp=3, ts=3, x0=179748432
P3, tp=3, ts=3
P3, tp=3, ts=3
P3, tp=3, ts=3
P3, tp=3, ts=3
P1, tp=3, ts=3, x0=453842074
P2, tp=3, ts=3
P0, tp=3, ts=3, x0=552009898
P1, tp=3, ts=3, x0=633153590
P3, tp=3, ts=3
P0, tp=3, ts=3, x0=715723205
P2, tp=3, ts=3
P1, tp=3, ts=3, x0=167885061
P2, tp=3, ts=3
P0, tp=3, ts=3, x0=369833068
P1, tp=3, ts=3, x0=198863761
P3, tp=3, ts=3
P1, tp=3, ts=3, x0=813149273
P0, tp=3, ts=3, x0=288896971
P2, tp=3, ts=3
P2, tp=3, ts=3
P0, tp=3, ts=3, x0=977132019
P1, tp=3, ts=3, x0=167885061
P2, tp=3, ts=3
P0, tp=3, ts=3, x0=412471048
P3, tp=3, ts=3
P3, tp=3, ts=3
P3, tp=3, ts=3
P3, tp=3, ts=3
P3, tp=3, ts=3
P1, tp=3, ts=3, x0=560834326
P2, tp=3, ts=3
P1, tp=3, ts=3, x0=712030295
P0, tp=3, ts=3, x0=906255630
P1, tp=3, ts=3, x0=242232605
P2, tp=3, ts=3
P1, tp=3, ts=3, x0=472517426
P2, tp=3, ts=3
P0, tp=3, ts=3, x0=473936628
P3, tp=3, ts=3
P0, tp=3, ts=3, x0=167885061
P0, tp=3, ts=3, x0=372304439
P3, tp=3, ts=3
P2, tp=3, ts=3
P1, tp=3, ts=3, x0=308775951
P2, tp=3, ts=3
P1, tp=3, ts=3, x0=224034088
P0, tp=3, ts=3, x0=813149273
P3, tp=3, ts=3
P2, tp=3, ts=3
P2, tp=3, ts=3
P1, tp=3, ts=3, x0=62773738
P0, tp=3, ts=3, x0=702966663
P3, tp=3, ts=3
P0, tp=3, ts=3, x0=771452670
P0, tp=3, ts=3, x0=570655941
P2, tp=3, ts=3
P2, tp=3, ts=3
P2, tp=3, ts=3
P0, tp=3, ts=3, x0=224034088
P3, tp=3, ts=3
P3, tp=3, ts=3
P0, tp=3, ts=3, x0=552009898
P0, tp=3, ts=3, x0=642402964
P1, tp=3, ts=3, x0=548803266
P1, tp=3, ts=3, x0=372304439
P2, tp=3, ts=3
P0, tp=3, ts=3, x0=28123380
P3, tp=3, ts=3
P1, tp=3, ts=3, x0=822425566
P0, tp=3, ts=3, x0=427056016
P0, tp=3, ts=3, x0=659936786
P0, tp=3, ts=3, x0=769575720
P0, tp=3, ts=3, x0=361839242
P0, tp=3, ts=3, x0=712030295
P0, tp=3, ts=3, x0=560834326
P1, tp=3, ts=3, x0=782747705
P0, tp=3, ts=3, x0=688675544
P1, tp=3, ts=3, x0=143318074
P3, tp=3, ts=3
P0, tp=3, ts=3, x0=354985508
P3, tp=3, ts=3
P3, tp=3, ts=3
P0, tp=3, ts=3, x0=813149273
P2, tp=3, ts=3
P0, tp=3, ts=3, x0=379060307
P0, tp=3, ts=3, x0=633153590
P0, tp=3, ts=3, x0=213970894
P2, tp=3, ts=3
P3, tp=3, ts=3
P3, tp=3, ts=3
P1, tp=3, ts=3, x0=901371451
P1, tp=3, ts=3, x0=822425566
P2, tp=3, ts=3
P0, tp=3, ts=3, x0=288896971
P2, tp=3, ts=3
P0, tp=3, ts=3, x0=548803266
P0, tp=3, ts=3, x0=354584926
P0, tp=3, ts=3, x0=143641863
P2, tp=3, ts=3
P3, tp=3, ts=3
P1, tp=3, ts=3, x0=534719228
P0, tp=3, ts=3, x0=570655941
P3, tp=3, ts=3
P1, tp=3, ts=3, x0=636105593
P2, tp=3, ts=3
P1, tp=3, ts=3, x0=723404401
P0, tp=3, ts=3, x0=692093322
P1, tp=3, ts=3, x0=214098173
P3, tp=3, ts=3
P3, tp=3, ts=3
P1, tp=3, ts=3, x0=234108216
P2, tp=3, ts=3
P1, tp=3, ts=3, x0=361839242
P2, tp=3, ts=3
P2, tp=3, ts=3
P1, tp=3, ts=3, x0=782645084
P0, tp=3, ts=3, x0=636105593
P2, tp=3, ts=3
P0, tp=3, ts=3, x0=292801224
P0, tp=3, ts=3, x0=213970894
P2, tp=3, ts=3
P3, tp=3, ts=3
P1, tp=3, ts=3, x0=835151261
P1, tp=3, ts=3, x0=782747705
P2, tp=3, ts=3
P2, tp=3, ts=3
P1, tp=3, ts=3, x0=453842074
P0, tp=3, ts=3, x0=369833068
P1, tp=3, ts=3, x0=167885061
P0, tp=3, ts=3, x0=224034088
P2, tp=3, ts=3
P3, tp=3, ts=3
P3, tp=3, ts=3
P2, tp=3, ts=3
P2, tp=3, ts=3
P2, tp=3, ts=3
P0, tp=3, ts=3, x0=844358578
P3, tp=3, ts=3
P2, tp=3, ts=3
P3, tp=3, ts=3
P0, tp=3, ts=3, x0=548803266
P2, tp=3, ts=3
P0, tp=3, ts=3, x0=288896971
P1, tp=3, ts=3, x0=207965030
P0, tp=3, ts=3, x0=642123235
P1, tp=3, ts=3, x0=844358578
P3, tp=3, ts=3
P1, tp=3, ts=3, x0=224034088
P1, tp=3, ts=3, x0=453842074
P2, tp=3, ts=3
P2, tp=3, ts=3
P2, tp=3, ts=3
P3, tp=3, ts=3
P1, tp=3, ts=3, x0=28123380
P0, tp=3, ts=3, x0=379060307
P2, tp=3, ts=3
P1, tp=3, ts=3, x0=562062224
P0, tp=3, ts=3, x0=835151261
P1, tp=3, ts=3, x0=28123380
P2, tp=3, ts=3
P1, tp=3, ts=3, x0=288896971
P1, tp=3, ts=3, x0=809014425
P0, tp=3, ts=3, x0=709611043
P3, tp=3, ts=3
P2, tp=3, ts=3
P2, tp=3, ts=3
P2, tp=3, ts=3
P1, tp=3, ts=3, x0=361839242
P1, tp=3, ts=3, x0=562062224
P0, tp=3, ts=3, x0=450896441
P3, tp=3, ts=3
P1, tp=3, ts=3, x0=859563436
P2, tp=3, ts=3
P0, tp=3, ts=3, x0=771452670
P0, tp=3, ts=3, x0=213970894
P2, tp=3, ts=3
P3, tp=3, ts=3
P1, tp=3, ts=3, x0=865149973
P0, tp=3, ts=3, x0=679824419
P2, tp=3, ts=3
P0, tp=3, ts=3, x0=702966663
P2, tp=3, ts=3
P0, tp=3, ts=3, x0=923526071
P2, tp=3, ts=3
P1, tp=3, ts=3, x0=143641863
P0, tp=3, ts=3, x0=800505611
P0, tp=3, ts=3, x0=859657893
P0, tp=3, ts=3, x0=859563436
P1, tp=3, ts=3, x0=369833068
P2, tp=3, ts=3
P0, tp=3, ts=3, x0=822425566
P0, tp=3, ts=3, x0=229602374
P3, tp=3, ts=3
P3, tp=3, ts=3
P3, tp=3, ts=3
P2, tp=3, ts=3
P1, tp=3, ts=3, x0=296731023
P2, tp=3, ts=3
P2, tp=3, ts=3
P1, tp=3, ts=3, x0=229332431
P0, tp=3, ts=3, x0=545396997
P3, tp=3, ts=3
P3, tp=3, ts=3
P0, tp=3, ts=3, x0=813149273
P1, tp=3, ts=3, x0=688675544
P0, tp=3, ts=3, x0=450896441
P0, tp=3, ts=3, x0=782747705
P3, tp=3, ts=3
P3, tp=3, ts=3
P2, tp=3, ts=3
P2, tp=3, ts=3
P2, tp=3, ts=3
P1, tp=3, ts=3, x0=35347792
P0, tp=3, ts=3, x0=735685034
P1, tp=3, ts=3, x0=906255630
P0, tp=3, ts=3, x0=53293739
P3, tp=3, ts=3
P1, tp=3, ts=3, x0=293612122
P0, tp=3, ts=3, x0=292801224
P0, tp=3, ts=3, x0=844358578
P3, tp=3, ts=3
P2, tp=3, ts=3
P2, tp=3, ts=3
P3, tp=3, ts=3
P1, tp=3, ts=3, x0=723404401
P0, tp=3, ts=3, x0=207965030
P3, tp=3, ts=3
P0, tp=3, ts=3, x0=923526071
P3, tp=3, ts=3
P2, tp=3, ts=3
P3, tp=3, ts=3
P1, tp=3, ts=3, x0=69956859
P0, tp=3, ts=3, x0=315429654
P1, tp=3, ts=3, x0=453842074
P3, tp=3, ts=3
P2, tp=3, ts=3
P2, tp=3, ts=3
P0, tp=3, ts=3, x0=865139453
P1, tp=3, ts=3, x0=49970588
P2, tp=3, ts=3
P2, tp=3, ts=3
P2, tp=3, ts=3
P3, tp=3, ts=3
P2, tp=3, ts=3
P2, tp=3, ts=3
P1, tp=3, ts=3, x0=397440397
P0, tp=3, ts=3, x0=782747705
P0, tp=3, ts=3, x0=773414477
P1, tp=3, ts=3, x0=712030295
P2, tp=3, ts=3
P0, tp=3, ts=3, x0=229332431
P2, tp=3, ts=3
P1, tp=3, ts=3, x0=229332431
P0, tp=3, ts=3, x0=315429654
P1, tp=3, ts=3, x0=566223654
P0, tp=3, ts=3, x0=198863761
P3, tp=3, ts=3
P0, tp=3, ts=3, x0=69956859
P2, tp=3, ts=3
P1, tp=3, ts=3, x0=379060307
P1, tp=3, ts=3, x0=906255630
P2, tp=3, ts=3
P2, tp=3, ts=3
P3, tp=3, ts=3
P1, tp=3, ts=3, x0=991087436
P1, tp=3, ts=3, x0=636105593
P3, tp=3, ts=3
P3, tp=3, ts=3
P1, tp=3, ts=3, x0=901371451
P2, tp=3, ts=3
P2, tp=3, ts=3
P0, tp=3, ts=3, x0=207965030
P2, tp=3, ts=3
P3, tp=3, ts=3
P0, tp=3, ts=3, x0=548733297
P1, tp=3, ts=3, x0=69956859
P3, tp=3, ts=3
P1, tp=3, ts=3, x0=702966663
P0, tp=3, ts=3, x0=292801224
P0, tp=3, ts=3, x0=28123380
P3, tp=3, ts=3
P0, tp=3, ts=3, x0=398881811
P1, tp=3, ts=3, x0=566223654
P1, tp=3, ts=3, x0=659735246
P0, tp=3, ts=3, x0=207965030
P2, tp=3, ts=3
P1, tp=3, ts=3, x0=835151261
P0, tp=3, ts=3, x0=906255630
P1, tp=3, ts=3, x0=354985508
P2, tp=3, ts=3
P2, tp=3, ts=3
P3, tp=3, ts=3
P3, tp=3, ts=3
P2, tp=3, ts=3
P3, tp=3, ts=3
P0, tp=3, ts=3, x0=49970588
P2, tp=3, ts=3
P2, tp=3, ts=3
P1, tp=3, ts=3, x0=817499930
P2, tp=3, ts=3
P3, tp=3, ts=3
P0, tp=3, ts=3, x0=143641863
P3, tp=3, ts=3
P0, tp=3, ts=3, x0=844358578
P1, tp=3, ts=3, x0=561504385
P1, tp=3, ts=3, x0=292801224
P0, tp=3, ts=3, x0=819059784
P2, tp=3, ts=3
P0, tp=3, ts=3, x0=198863761
P2, tp=3, ts=3
P0, tp=3, ts=3, x0=229602374
P1, tp=3, ts=3, x0=817499930
P1, tp=3, ts=3, x0=636105593
P0, tp=3, ts=3, x0=635466060
P0, tp=3, ts=3, x0=769575720
P3, tp=3, ts=3
P1, tp=3, ts=3, x0=543174093
P3, tp=3, ts=3
P1, tp=3, ts=3, x0=292801224
P0, tp=3, ts=3, x0=800505611
P1, tp=3, ts=3, x0=143318074
P0, tp=3, ts=3, x0=483212117
P1, tp=3, ts=3, x0=995226452
P0, tp=3, ts=3, x0=817499930
P3, tp=3, ts=3
P0, tp=3, ts=3, x0=769575720
P0, tp=3, ts=3, x0=957253335
P0, tp=3, ts=3, x0=865139453
P2, tp=3, ts=3
P2, tp=3, ts=3
P3, tp=3, ts=3
P1, tp=3, ts=3, x0=122211783
P2, tp=3, ts=3
P2, tp=3, ts=3
P0, tp=3, ts=3, x0=809014425
P0, tp=3, ts=3, x0=560834326
P1, tp=3, ts=3, x0=957253335
P2, tp=3, ts=3
P3, tp=3, ts=3
P3, tp=3, ts=3
P1, tp=3, ts=3, x0=543931490
P3, tp=3, ts=3
P2, tp=3, ts=3
P2, tp=3, ts=3
P1, tp=3, ts=3, x0=97401002
P0, tp=3, ts=3, x0=354985508
P0, tp=3, ts=3, x0=481385687
P1, tp=3, ts=3, x0=957253335
P1, tp=3, ts=3, x0=336182131
P3, tp=3, ts=3
P0, tp=3, ts=3, x0=659936786
P1, tp=3, ts=3, x0=773414477
P1, tp=3, ts=3, x0=865149973
P2, tp=3, ts=3
P3, tp=3, ts=3
P1, tp=3, ts=3, x0=650163376
P0, tp=3, ts=3, x0=859657893
P1, tp=3, ts=3, x0=670058263
P2, tp=3, ts=3
P1, tp=3, ts=3, x0=214098173
P0, tp=3, ts=3, x0=704648727
P3, tp=3, ts=3
P2, tp=3, ts=3
P2, tp=3, ts=3
P2, tp=3, ts=3
P3, tp=3, ts=3
P0, tp=3, ts=3, x0=548803266
P0, tp=3, ts=3, x0=440579536
P1, tp=3, ts=3, x0=315429654
P2, tp=3, ts=3
P2, tp=3, ts=3
P2, tp=3, ts=3
P0, tp=3, ts=3, x0=49970588
P1, tp=3, ts=3, x0=635466060
P1, tp=3, ts=3, x0=800505611
P0, tp=3, ts=3, x0=293612122
P3, tp=3, ts=3
P1, tp=3, ts=3, x0=540211513
P2, tp=3, ts=3
P1, tp=3, ts=3, x0=570655941
P3, tp=3, ts=3
P1, tp=3, ts=3, x0=229332431
P1, tp=3, ts=3, x0=543174093
P2, tp=3, ts=3
P3, tp=3, ts=3
P1, tp=3, ts=3, x0=440579536
P1, tp=3, ts=3, x0=210400692
P3, tp=3, ts=3
P3, tp=3, ts=3
P2, tp=3, ts=3
P1, tp=3, ts=3, x0=659936786
P2, tp=3, ts=3
P1, tp=3, ts=3, x0=702966663
P1, tp=3, ts=3, x0=543931490
P0, tp=3, ts=3, x0=296731023
P2, tp=3, ts=3
P1, tp=3, ts=3, x0=195219644
P3, tp=3, ts=3
P3, tp=3, ts=3
P1, tp=3, ts=3, x0=991087436
P2, tp=3, ts=3
P3, tp=3, ts=3
P1, tp=3, ts=3, x0=650163376
P2, tp=3, ts=3
P3, tp=3, ts=3
P0, tp=3, ts=3, x0=354584926
P1, tp=3, ts=3, x0=28123380
P2, tp=3, ts=3
P1, tp=3, ts=3, x0=214098173
P2, tp=3, ts=3
P2, tp=3, ts=3
P3, tp=3, ts=3
P1, tp=3, ts=3, x0=552009898
P3, tp=3, ts=3
P2, tp=3, ts=3
P2, tp=3, ts=3
P3, tp=3, ts=3
P1, tp=3, ts=3, x0=193035306
P2, tp=3, ts=3
P2, tp=3, ts=3
P0, tp=3, ts=3, x0=906255630
P2, tp=3, ts=3
P3, tp=3, ts=3
P2, tp=3, ts=3
P1, tp=3, ts=3, x0=286136032
P2, tp=3, ts=3
P1, tp=3, ts=3, x0=932777661
P2, tp=3, ts=3
P2, tp=3, ts=3
P1, tp=3, ts=3, x0=635466060
P2, tp=3, ts=3
P1, tp=3, ts=3, x0=548733297
P1, tp=3, ts=3, x0=35347792
P0, tp=3, ts=3, x0=353081573
P0, tp=3, ts=3, x0=397440397
P3, tp=3, ts=3
P0, tp=3, ts=3, x0=670058263
P1, tp=3, ts=3, x0=308775951
P0, tp=3, ts=3, x0=750970743
P0, tp=3, ts=3, x0=822425566
P2, tp=3, ts=3
P1, tp=3, ts=3, x0=586651466
P1, tp=3, ts=3, x0=642123235
P3, tp=3, ts=3
P1, tp=3, ts=3, x0=28123380
P1, tp=3, ts=3, x0=524318503
P1, tp=3, ts=3, x0=195219644
P2, tp=3, ts=3
P0, tp=3, ts=3, x0=552009898
P2, tp=3, ts=3
P3, tp=3, ts=3
P0, tp=3, ts=3, x0=590015275
P3, tp=3, ts=3
P3, tp=3, ts=3
P2, tp=3, ts=3
P2, tp=3, ts=3
P0, tp=3, ts=3, x0=800505611
P3, tp=3, ts=3
P2, tp=3, ts=3
P3, tp=3, ts=3
P2, tp=3, ts=3
P0, tp=3, ts=3, x0=735685034
P3, tp=3, ts=3
P2, tp=3, ts=3
P3, tp=3, ts=3
P2, tp=3, ts=3
P0, tp=3, ts=3, x0=725883183
P2, tp=3, ts=3
P1, tp=3, ts=3, x0=586651466
P1, tp=3, ts=3, x0=296731023
P3, tp=3, ts=3
P2, tp=3, ts=3
P3, tp=3, ts=3
P2, tp=3, ts=3
P3, tp=3, ts=3
P2, tp=3, ts=3
P1, tp=3, ts=3, x0=35347792
P3, tp=3, ts=3
P1, tp=3, ts=3, x0=57919239
P0, tp=3, ts=3, x0=229332431
P0, tp=3, ts=3, x0=540211513
P1, tp=3, ts=3, x0=709611043
P1, tp=3, ts=3, x0=308775951
P1, tp=3, ts=3, x0=28123380
P2, tp=3, ts=3
P3, tp=3, ts=3
P3, tp=3, ts=3
P0, tp=3, ts=3, x0=62773738
P0, tp=3, ts=3, x0=932777661
P2, tp=3, ts=3
P2, tp=3, ts=3
P0, tp=3, ts=3, x0=288896971
P2, tp=3, ts=3
P2, tp=3, ts=3
P2, tp=3, ts=3
P1, tp=3, ts=3, x0=822425566
P3, tp=3, ts=3
P2, tp=3, ts=3
P3, tp=3, ts=3
P0, tp=3, ts=3, x0=479058835
P2, tp=3, ts=3
P3, tp=3, ts=3
P1, tp=3, ts=3, x0=208993576
P0, tp=3, ts=3, x0=562062224
P0, tp=3, ts=3, x0=308775951
P2, tp=3, ts=3
P3, tp=3, ts=3
P1, tp=3, ts=3, x0=193035306
P1, tp=3, ts=3, x0=901371451
P3, tp=3, ts=3
P2, tp=3, ts=3
P0, tp=3, ts=3, x0=41017260
P1, tp=3, ts=3, x0=57919239
P0, tp=3, ts=3, x0=712030295
P2, tp=3, ts=3
P2, tp=3, ts=3
P1, tp=3, ts=3, x0=548733297
P1, tp=3, ts=3, x0=35347792
P0, tp=3, ts=3, x0=229602374
P0, tp=3, ts=3, x0=817499930
P1, tp=3, ts=3, x0=193035306
P2, tp=3, ts=3
P0, tp=3, ts=3, x0=292801224
P2, tp=3, ts=3
P1, tp=3, ts=3, x0=688675544
P3, tp=3, ts=3
P2, tp=3, ts=3
P0, tp=3, ts=3, x0=543174093
P2, tp=3, ts=3
P1, tp=3, ts=3, x0=122211783
P3, tp=3, ts=3
P1, tp=3, ts=3, x0=49970588
P1, tp=3, ts=3, x0=398881811
P3, tp=3, ts=3
P2, tp=3, ts=3
P1, tp=3, ts=3, x0=670058263
P2, tp=3, ts=3
P3, tp=3, ts=3
P3, tp=3, ts=3
P2, tp=3, ts=3
P2, tp=3, ts=3
P0, tp=3, ts=3, x0=906255630
P0, tp=3, ts=3, x0=62773738
P2, tp=3, ts=3
P1, tp=3, ts=3, x0=773414477
P0, tp=3, ts=3, x0=895050005
P3, tp=3, ts=3
P1, tp=3, ts=3, x0=817499930
P2, tp=3, ts=3
P3, tp=3, ts=3
P3, tp=3, ts=3
P3, tp=3, ts=3
P0, tp=3, ts=3, x0=570655941
P3, tp=3, ts=3
P2, tp=3, ts=3
P1, tp=3, ts=3, x0=696837071
P2, tp=3, ts=3
P2, tp=3, ts=3
P2, tp=3, ts=3
P1, tp=3, ts=3, x0=696837071
P1, tp=3, ts=3, x0=918172626
P2, tp=3, ts=3
P0, tp=3, ts=3, x0=296731023
P1, tp=3, ts=3, x0=822425566
P0, tp=3, ts=3, x0=696837071
P1, tp=3, ts=3, x0=41017260
P1, tp=3, ts=3, x0=53293739
P3, tp=3, ts=3
P3, tp=3, ts=3
P0, tp=3, ts=3, x0=53293739
P3, tp=3, ts=3
P0, tp=3, ts=3, x0=53293739
P0, tp=3, ts=3, x0=158721549
P1, tp=3, ts=3, x0=476130386
P2, tp=3, ts=3
P0, tp=3, ts=3, x0=69956859
P2, tp=3, ts=3
P2, tp=3, ts=3
P0, tp=3, ts=3, x0=552009898
P2, tp=3, ts=3
P1, tp=3, ts=3, x0=642123235
P1, tp=3, ts=3, x0=42900091
P0, tp=3, ts=3, x0=543174093
P2, tp=3, ts=3
P0, tp=3, ts=3, x0=659735246
P2, tp=3, ts=3
P1, tp=3, ts=3, x0=224034088
P3, tp=3, ts=3
P3, tp=3, ts=3
P3, tp=3, ts=3
P2, tp=3, ts=3
P2, tp=3, ts=3
P3, tp=3, ts=3
P2, tp=3, ts=3
P3, tp=3, ts=3
P0, tp=3, ts=3, x0=642123235
P0, tp=3, ts=3, x0=386527365
P1, tp=3, ts=3, x0=639405936
P3, tp=3, ts=3
P1, tp=3, ts=3, x0=193035306
P2, tp=3, ts=3
P3, tp=3, ts=3
P0, tp=3, ts=3, x0=57919239
P1, tp=3, ts=3, x0=158721549
P3, tp=3, ts=3
P1, tp=3, ts=3, x0=481385687
P0, tp=3, ts=3, x0=688675544
P3, tp=3, ts=3
P1, tp=3, ts=3, x0=49970588
P3, tp=3, ts=3
P0, tp=3, ts=3, x0=122211783
P0, tp=3, ts=3, x0=7269934
P1, tp=3, ts=3, x0=42900091
P0, tp=3, ts=3, x0=53293739
P1, tp=3, ts=3, x0=782645084
P0, tp=3, ts=3, x0=688675544
P1, tp=3, ts=3, x0=49970588
P2, tp=3, ts=3
P1, tp=3, ts=3, x0=735685034
P1, tp=3, ts=3, x0=548733297
P3, tp=3, ts=3
P1, tp=3, ts=3, x0=991087436
P0, tp=3, ts=3, x0=750970743
P0, tp=3, ts=3, x0=679824419
P1, tp=3, ts=3, x0=229332431
P2, tp=3, ts=3
P3, tp=3, ts=3
P3, tp=3, ts=3
P0, tp=3, ts=3, x0=642123235
P2, tp=3, ts=3
P2, tp=3, ts=3
P2, tp=3, ts=3
P2, tp=3, ts=3
P0, tp=3, ts=3, x0=122211783
P2, tp=3, ts=3
P1, tp=3, ts=3, x0=299183796
P1, tp=3, ts=3, x0=167885061
P0, tp=3, ts=3, x0=659936786
P3, tp=3, ts=3
P3, tp=3, ts=3
P3, tp=3, ts=3
P1, tp=3, ts=3, x0=800505611
P0, tp=3, ts=3, x0=895050005
P3, tp=3, ts=3
P0, tp=3, ts=3, x0=158721549
P3, tp=3, ts=3
P3, tp=3, ts=3
P0, tp=3, ts=3, x0=35347792
P1, tp=3, ts=3, x0=688675544
P1, tp=3, ts=3, x0=299183796
P1, tp=3, ts=3, x0=590015275
P1, tp=3, ts=3, x0=308775951
P2, tp=3, ts=3
P1, tp=3, ts=3, x0=895050005
P3, tp=3, ts=3
P2, tp=3, ts=3
P1, tp=3, ts=3, x0=293612122
P2, tp=3, ts=3
P2, tp=3, ts=3
P1, tp=3, ts=3, x0=543931490
P0, tp=3, ts=3, x0=288896971
P2, tp=3, ts=3
P2, tp=3, ts=3
P3, tp=3, ts=3
P1, tp=3, ts=3, x0=122211783
P3, tp=3, ts=3
P1, tp=3, ts=3, x0=704648727
P1, tp=3, ts=3, x0=543931490
P1, tp=3, ts=3, x0=822425566
P1, tp=3, ts=3, x0=7269934
P2, tp=3, ts=3
P0, tp=3, ts=3, x0=379060307
P2, tp=3, ts=3
P3, tp=3, ts=3
P1, tp=3, ts=3, x0=800505611
P1, tp=3, ts=3, x0=449134977
P3, tp=3, ts=3
P0, tp=3, ts=3, x0=835151261
P0, tp=3, ts=3, x0=207965030
P1, tp=3, ts=3, x0=379060307
P1, tp=3, ts=3, x0=543931490
P0, tp=3, ts=3, x0=859563436
P2, tp=3, ts=3
P3, tp=3, ts=3
P0, tp=3, ts=3, x0=53293739
P0, tp=3, ts=3, x0=481385687
P1, tp=3, ts=3, x0=990717429
P0, tp=3, ts=3, x0=201955826
P0, tp=3, ts=3, x0=957253335
P1, tp=3, ts=3, x0=286136032
P1, tp=3, ts=3, x0=822425566
P3, tp=3, ts=3
P2, tp=3, ts=3
P1, tp=3, ts=3, x0=822425566
P3, tp=3, ts=3
P2, tp=3, ts=3
P0, tp=3, ts=3, x0=229332431
P2, tp=3, ts=3
P2, tp=3, ts=3
P0, tp=3, ts=3, x0=548803266
P0, tp=3, ts=3, x0=122211783
P1, tp=3, ts=3, x0=292801224
P2, tp=3, ts=3
P0, tp=3, ts=3, x0=543174093
P2, tp=3, ts=3
P0, tp=3, ts=3, x0=817499930
P3, tp=3, ts=3
P2, tp=3, ts=3
P0, tp=3, ts=3, x0=659936786
P3, tp=3, ts=3
P0, tp=3, ts=3, x0=179748432
P0, tp=3, ts=3, x0=354584926
P3, tp=3, ts=3
P1, tp=3, ts=3, x0=865139453
P2, tp=3, ts=3
P2, tp=3, ts=3
P3, tp=3, ts=3
P0, tp=3, ts=3, x0=835151261
P1, tp=3, ts=3, x0=635466060
P0, tp=3, ts=3, x0=773414477
P0, tp=3, ts=3, x0=715723205
P1, tp=3, ts=3, x0=158721549
P3, tp=3, ts=3
P0, tp=3, ts=3, x0=210400692
P1, tp=3, ts=3, x0=835151261
P3, tp=3, ts=3
P3, tp=3, ts=3
P0, tp=3, ts=3, x0=543174093
P0, tp=3, ts=3, x0=981708921
P2, tp=3, ts=3
P3, tp=3, ts=3
P2, tp=3, ts=3
P2, tp=3, ts=3
P0, tp=3, ts=3, x0=750970743
P3, tp=3, ts=3
P0, tp=3, ts=3, x0=353081573
P2, tp=3, ts=3
P0, tp=3, ts=3, x0=214098173
P0, tp=3, ts=3, x0=865139453
P3, tp=3, ts=3
P1, tp=3, ts=3, x0=819059784
P2, tp=3, ts=3
P2, tp=3, ts=3
P3, tp=3, ts=3
P1, tp=3, ts=3, x0=657525344
P3, tp=3, ts=3
P1, tp=3, ts=3, x0=995226452
P0, tp=3, ts=3, x0=570655941
P0, tp=3, ts=3, x0=179748432
P2, tp=3, ts=3
P1, tp=3, ts=3, x0=57919239
P1, tp=3, ts=3, x0=830685839
P1, tp=3, ts=3, x0=865139453
P3, tp=3, ts=3
P2, tp=3, ts=3
P1, tp=3, ts=3, x0=995226452
P3, tp=3, ts=3
P3, tp=3, ts=3
P3, tp=3, ts=3
P3, tp=3, ts=3
P3, tp=3, ts=3
P3, tp=3, ts=3
P2, tp=3, ts=3
P3, tp=3, ts=3
P0, tp=3, ts=3, x0=315429654
P1, tp=3, ts=3, x0=41017260
P0, tp=3, ts=3, x0=560834326
P2, tp=3, ts=3
P1, tp=3, ts=3, x0=819059784
P0, tp=3, ts=3, x0=760355294
P2, tp=3, ts=3
P2, tp=3, ts=3
P2, tp=3, ts=3
P1, tp=3, ts=3, x0=659735246
P0, tp=3, ts=3, x0=725883183
P0, tp=3, ts=3, x0=773414477
P3, tp=3, ts=3
P2, tp=3, ts=3
P3, tp=3, ts=3
P3, tp=3, ts=3
P0, tp=3, ts=3, x0=813149273
P0, tp=3, ts=3, x0=481385687
P2, tp=3, ts=3
P1, tp=3, ts=3, x0=548733297
P2, tp=3, ts=3
P3, tp=3, ts=3
P3, tp=3, ts=3
P3, tp=3, ts=3
P1, tp=3, ts=3, x0=315429654
P2, tp=3, ts=3
P0, tp=3, ts=3, x0=725883183
P2, tp=3, ts=3
P3, tp=3, ts=3
P0, tp=3, ts=3, x0=657525344
P1, tp=3, ts=3, x0=725883183
P3, tp=3, ts=3
P0, tp=3, ts=3, x0=809014425
P0, tp=3, ts=3, x0=995226452
P3, tp=3, ts=3
P3, tp=3, ts=3
P3, tp=3, ts=3
P0, tp=3, ts=3, x0=686188530
P0, tp=3, ts=3, x0=995226452
P3, tp=3, ts=3
P1, tp=3, ts=3, x0=991087436
P3, tp=3, ts=3
P3, tp=3, ts=3
P3, tp=3, ts=3
P1, tp=3, ts=3, x0=476130386
P3, tp=3, ts=3
P0, tp=3, ts=3, x0=397440397
P3, tp=3, ts=3
P1, tp=3, ts=3, x0=70262972
P1, tp=3, ts=3, x0=122211783
P2, tp=3, ts=3
P1, tp=3, ts=3, x0=57919239
P3, tp=3, ts=3
P3, tp=3, ts=3
P2, tp=3, ts=3
P1, tp=3, ts=3, x0=991087436
P2, tp=3, ts=3
P3, tp=3, ts=3
P2, tp=3, ts=3
P1, tp=3, ts=3, x0=639405936
P3, tp=3, ts=3
P2, tp=3, ts=3
P1, tp=3, ts=3, x0=191353083
P2, tp=3, ts=3
P3, tp=3, ts=3
P2, tp=3, ts=3
P0, tp=3, ts=3, x0=479058835
P3, tp=3, ts=3
P1, tp=3, ts=3, x0=782645084
P1, tp=3, ts=3, x0=158721549
P1, tp=3, ts=3, x0=725883183
P0, tp=3, ts=3, x0=191353083
P2, tp=3, ts=3
P3, tp=3, ts=3
P2, tp=3, ts=3
P3, tp=3, ts=3
P3, tp=3, ts=3
P1, tp=3, ts=3, x0=995226452
P2, tp=3, ts=3
P3, tp=3, ts=3
P1, tp=3, ts=3, x0=548803266
P1, tp=3, ts=3, x0=829467575
P2, tp=3, ts=3
P1, tp=3, ts=3, x0=122211783
P2, tp=3, ts=3
P0, tp=3, ts=3, x0=735685034
P3, tp=3, ts=3
P0, tp=3, ts=3, x0=397440397
P2, tp=3, ts=3
P2, tp=3, ts=3
P2, tp=3, ts=3
P3, tp=3, ts=3
P2, tp=3, ts=3
P1, tp=3, ts=3, x0=193035306
P1, tp=3, ts=3, x0=481385687
P1, tp=3, ts=3, x0=688675544
P0, tp=3, ts=3, x0=819059784
P1, tp=3, ts=3, x0=427917125
P2, tp=3, ts=3
P2, tp=3, ts=3
P0, tp=3, ts=3, x0=224034088
P2, tp=3, ts=3
P0, tp=3, ts=3, x0=586651466
P2, tp=3, ts=3
P2, tp=3, ts=3
P0, tp=3, ts=3, x0=229602374
P2, tp=3, ts=3
P3, tp=3, ts=3
P0, tp=3, ts=3, x0=782645084
P0, tp=3, ts=3, x0=562062224
P1, tp=3, ts=3, x0=548803266
P0, tp=3, ts=3, x0=195219644
P0, tp=3, ts=3, x0=835151261
P1, tp=3, ts=3, x0=193035306
P2, tp=3, ts=3
P2, tp=3, ts=3
P1, tp=3, ts=3, x0=293612122
P1, tp=3, ts=3, x0=835151261
P2, tp=3, ts=3
P3, tp=3, ts=3
P2, tp=3, ts=3
P3, tp=3, ts=3
P1, tp=3, ts=3, x0=293612122
P3, tp=3, ts=3
P1, tp=3, ts=3, x0=760355294
P3, tp=3, ts=3
P0, tp=3, ts=3, x0=809014425
P0, tp=3, ts=3, x0=647786055
P3, tp=3, ts=3
P3, tp=3, ts=3
P2, tp=3, ts=3
P1, tp=3, ts=3, x0=35347792
P3, tp=3, ts=3
P0, tp=3, ts=3, x0=981708921
P2, tp=3, ts=3
P0, tp=3, ts=3, x0=771452670
P2, tp=3, ts=3
P2, tp=3, ts=3
P3, tp=3, ts=3
P1, tp=3, ts=3, x0=802939665
P3, tp=3, ts=3
P3, tp=3, ts=3
P3, tp=3, ts=3
P1, tp=3, ts=3, x0=813149273
P1, tp=3, ts=3, x0=782645084
P1, tp=3, ts=3, x0=991087436
P3, tp=3, ts=3
P1, tp=3, ts=3, x0=657525344
P2, tp=3, ts=3
P2, tp=3, ts=3
P0, tp=3, ts=3, x0=57919239
P3, tp=3, ts=3
P1, tp=3, ts=3, x0=483212117
P0, tp=3, ts=3, x0=586651466
P2, tp=3, ts=3
P2, tp=3, ts=3
P0, tp=3, ts=3, x0=229602374
P2, tp=3, ts=3
P1, tp=3, ts=3, x0=865139453
P3, tp=3, ts=3
P1, tp=3, ts=3, x0=679824419
P3, tp=3, ts=3
P3, tp=3, ts=3
P3, tp=3, ts=3
P3, tp=3, ts=3
P3, tp=3, ts=3
P3, tp=3, ts=3
P3, tp=3, ts=3
P1, tp=3, ts=3, x0=354584926
P0, tp=3, ts=3, x0=844358578
P0, tp=3, ts=3, x0=800505611
P1, tp=3, ts=3, x0=449134977
P3, tp=4, ts=4
P1, tp=4, ts=4, x0=835151261
P1, tp=4, ts=4, x0=583191605
P0, tp=4, ts=4, x0=750970743
P3, tp=4, ts=4
P0, tp=4, ts=4, x0=353081573
P0, tp=4, ts=4, x0=155225299
P1, tp=4, ts=4, x0=670058263
P3, tp=4, ts=4
P3, tp=4, ts=4
P0, tp=4, ts=4, x0=543174093
P0, tp=4, ts=4, x0=990717429
P1, tp=4, ts=4, x0=409864920
P2, tp=4, ts=4
P3, tp=4, ts=4
P1, tp=4, ts=4, x0=760355294
P0, tp=4, ts=4, x0=122211783
P1, tp=4, ts=4, x0=224034088
P0, tp=4, ts=4, x0=586651466
P3, tp=4, ts=4
P0, tp=4, ts=4, x0=288896971
P0, tp=4, ts=4, x0=167885061
P0, tp=4, ts=4, x0=562062224
P3, tp=4, ts=4
P3, tp=4, ts=4
P1, tp=4, ts=4, x0=49970588
P0, tp=4, ts=4, x0=696837071
P0, tp=4, ts=4, x0=35347792
P0, tp=4, ts=4, x0=835151261
P3, tp=4, ts=4
P0, tp=4, ts=4, x0=57919239
P2, tp=4, ts=4
P1, tp=4, ts=4, x0=57919239
P2, tp=4, ts=4
P0, tp=4, ts=4, x0=386527365
P2, tp=4, ts=4
P0, tp=4, ts=4, x0=829467575
P2, tp=4, ts=4
P0, tp=4, ts=4, x0=642123235
P1, tp=4, ts=4, x0=561504385
P1, tp=4, ts=4, x0=782645084
P2, tp=4, ts=4
P1, tp=4, ts=4, x0=409864920
P2, tp=4, ts=4
P2, tp=4, ts=4
P3, tp=4, ts=4
P1, tp=4, ts=4, x0=802939665
P2, tp=4, ts=4
P3, tp=4, ts=4
P2, tp=4, ts=4
P2, tp=4, ts=4
P2, tp=4, ts=4
P3, tp=4, ts=4
P3, tp=4, ts=4
P3, tp=4, ts=4
P0, tp=4, ts=4, x0=562062224
P1, tp=4, ts=4, x0=991087436
P0, tp=4, ts=4, x0=90074205
P2, tp=4, ts=4
P1, tp=4, ts=4, x0=670058263
P3, tp=4, ts=4
P3, tp=4, ts=4
P2, tp=4, ts=4
P2, tp=4, ts=4
P3, tp=4, ts=4
P2, tp=4, ts=4
P0, tp=4, ts=4, x0=288896971
P0, tp=4, ts=4, x0=7269934
P2, tp=4, ts=4
P3, tp=4, ts=4
P0, tp=4, ts=4, x0=322054944
P3, tp=4, ts=4
P3, tp=4, ts=4
P2, tp=4, ts=4
P1, tp=4, ts=4, x0=156465141
P0, tp=4, ts=4, x0=229332431
P2, tp=4, ts=4
P1, tp=4, ts=4, x0=820313487
P0, tp=4, ts=4, x0=800505611
P0, tp=4, ts=4, x0=69956859
P0, tp=4, ts=4, x0=191353083
P3, tp=4, ts=4
P3, tp=4, ts=4
P1, tp=4, ts=4, x0=379060307
P1, tp=4, ts=4, x0=397440397
P0, tp=4, ts=4, x0=427917125
P3, tp=4, ts=4
P2, tp=4, ts=4
P3, tp=4, ts=4
P2, tp=4, ts=4
P0, tp=4, ts=4, x0=583191605
P3, tp=4, ts=4
P2, tp=4, ts=4
P2, tp=4, ts=4
P0, tp=4, ts=4, x0=650163376
P3, tp=4, ts=4
P2, tp=4, ts=4
P2, tp=4, ts=4
P2, tp=4, ts=4
P3, tp=4, ts=4
P1, tp=4, ts=4, x0=562062224
P3, tp=4, ts=4
P3, tp=4, ts=4
P1, tp=4, ts=4, x0=293612122
P0, tp=4, ts=4, x0=782747705
P0, tp=4, ts=4, x0=696837071
P2, tp=4, ts=4
P3, tp=4, ts=4
P3, tp=4, ts=4
P2, tp=4, ts=4
P0, tp=4, ts=4, x0=156465141
P1, tp=4, ts=4, x0=353081573
P1, tp=4, ts=4, x0=552009898
P2, tp=4, ts=4
P2, tp=4, ts=4
P1, tp=4, ts=4, x0=696837071
P3, tp=4, ts=4
P1, tp=4, ts=4, x0=57919239
P0, tp=4, ts=4, x0=715723205
P0, tp=4, ts=4, x0=735685034
P0, tp=4, ts=4, x0=97101423
P0, tp=4, ts=4, x0=813149273
P3, tp=4, ts=4
P2, tp=4, ts=4
P0, tp=4, ts=4, x0=357483501
P2, tp=4, ts=4
P0, tp=4, ts=4, x0=844358578
P0, tp=4, ts=4, x0=242232605
P3, tp=4, ts=4
P1, tp=4, ts=4, x0=242232605
P2, tp=4, ts=4
P0, tp=4, ts=4, x0=397440397
P0, tp=4, ts=4, x0=704648727
P3, tp=4, ts=4
P1, tp=4, ts=4, x0=522398784
P2, tp=4, ts=4
P1, tp=4, ts=4, x0=957253335
P2, tp=4, ts=4
P1, tp=4, ts=4, x0=195219644
P0, tp=4, ts=4, x0=174531847
P0, tp=4, ts=4, x0=822425566
P0, tp=4, ts=4, x0=4784336
P1, tp=4, ts=4, x0=353081573
P0, tp=4, ts=4, x0=704648727
P2, tp=4, ts=4
P1, tp=4, ts=4, x0=750970743
P3, tp=4, ts=4
P3, tp=4, ts=4
P2, tp=4, ts=4
P3, tp=4, ts=4
P2, tp=4, ts=4
P1, tp=4, ts=4, x0=659735246
P2, tp=4, ts=4
P0, tp=4, ts=4, x0=483212117
P0, tp=4, ts=4, x0=199164441
P1, tp=4, ts=4, x0=686188530
P1, tp=4, ts=4, x0=657525344
P2, tp=4, ts=4
P3, tp=4, ts=4
P3, tp=4, ts=4
P0, tp=4, ts=4, x0=336182131
P2, tp=4, ts=4
P0, tp=4, ts=4, x0=670058263
P2, tp=4, ts=4
P3, tp=4, ts=4
P3, tp=4, ts=4
P0, tp=4, ts=4, x0=201955826
P3, tp=4, ts=4
P1, tp=4, ts=4, x0=809014425
P3, tp=4, ts=4
P1, tp=4, ts=4, x0=41017260
P2, tp=4, ts=4
P2, tp=4, ts=4
P2, tp=4, ts=4
P2, tp=4, ts=4
P0, tp=4, ts=4, x0=570655941
P0, tp=4, ts=4, x0=570655941
P0, tp=4, ts=4, x0=590015275
P0, tp=4, ts=4, x0=191353083
P1, tp=4, ts=4, x0=201955826
P1, tp=4, ts=4, x0=28123380
P1, tp=4, ts=4, x0=679824419
P1, tp=4, ts=4, x0=397440397
P3, tp=4, ts=4
P3, tp=4, ts=4
P1, tp=4, ts=4, x0=932777661
P2, tp=4, ts=4
P1, tp=4, ts=4, x0=659735246
P1, tp=4, ts=4, x0=800505611
P2, tp=4, ts=4
P0, tp=4, ts=4, x0=292801224
P3, tp=4, ts=4
P3, tp=4, ts=4
P3, tp=4, ts=4
P2, tp=4, ts=4
P2, tp=4, ts=4
P3, tp=4, ts=4
P0, tp=4, ts=4, x0=118511531
P1, tp=4, ts=4, x0=193035306
P3, tp=4, ts=4
P2, tp=4, ts=4
P0, tp=4, ts=4, x0=650163376
P3, tp=4, ts=4
P1, tp=4, ts=4, x0=562062224
P2, tp=4, ts=4
P1, tp=4, ts=4, x0=4784336
P0, tp=4, ts=4, x0=835151261
P0, tp=4, ts=4, x0=562062224
P2, tp=4, ts=4
P0, tp=4, ts=4, x0=179748432
P3, tp=4, ts=4
P1, tp=4, ts=4, x0=472517426
P3, tp=4, ts=4
P3, tp=4, ts=4
P3, tp=4, ts=4
P2, tp=4, ts=4
P2, tp=4, ts=4
P3, tp=4, ts=4
P3, tp=4, ts=4
P3, tp=4, ts=4
P2, tp=4, ts=4
P3, tp=4, ts=4
P2, tp=4, ts=4
P1, tp=4, ts=4, x0=195219644
P0, tp=4, ts=4, x0=990717429
P3, tp=4, ts=4
P1, tp=4, ts=4, x0=357483501
P1, tp=4, ts=4, x0=201955826
P0, tp=4, ts=4, x0=70262972
P0, tp=4, ts=4, x0=199164441
P3, tp=4, ts=4
P2, tp=4, ts=4
P1, tp=4, ts=4, x0=397440397
P3, tp=4, ts=4
P2, tp=4, ts=4
P2, tp=4, ts=4
P0, tp=4, ts=4, x0=481711494
P0, tp=4, ts=4, x0=386527365
P2, tp=4, ts=4
P1, tp=4, ts=4, x0=229332431
P3, tp=4, ts=4
P1, tp=4, ts=4, x0=696837071
P0, tp=4, ts=4, x0=561504385
P1, tp=4, ts=4, x0=773414477
P1, tp=4, ts=4, x0=28123380
P3, tp=4, ts=4
P3, tp=4, ts=4
P2, tp=4, ts=4
P2, tp=4, ts=4
P3, tp=4, ts=4
P3, tp=4, ts=4
P3, tp=4, ts=4
P2, tp=4, ts=4
P1, tp=4, ts=4, x0=647786055
P1, tp=4, ts=4, x0=430070623
P1, tp=4, ts=4, x0=379060307
P0, tp=4, ts=4, x0=35347792
P1, tp=4, ts=4, x0=299183796
P2, tp=4, ts=4
P2, tp=4, ts=4
P3, tp=4, ts=4
P0, tp=4, ts=4, x0=642123235
P2, tp=4, ts=4
P0, tp=4, ts=4, x0=473052517
P0, tp=4, ts=4, x0=829467575
P1, tp=4, ts=4, x0=865139453
P1, tp=4, ts=4, x0=844358578
P0, tp=4, ts=4, x0=353081573
P0, tp=4, ts=4, x0=430070623
P3, tp=4, ts=4
P0, tp=4, ts=4, x0=817499930
P0, tp=4, ts=4, x0=782645084
P1, tp=4, ts=4, x0=118511531
P3, tp=4, ts=4
P1, tp=4, ts=4, x0=174531847
P1, tp=4, ts=4, x0=760355294
P2, tp=4, ts=4
P1, tp=4, ts=4, x0=586651466
P2, tp=4, ts=4
P0, tp=4, ts=4, x0=760355294
P3, tp=4, ts=4
P2, tp=4, ts=4
P2, tp=4, ts=4
P0, tp=4, ts=4, x0=570655941
P2, tp=4, ts=4
P0, tp=4, ts=4, x0=35347792
P2, tp=4, ts=4
P1, tp=4, ts=4, x0=292911051
P3, tp=4, ts=4
P1, tp=4, ts=4, x0=286136032
P3, tp=4, ts=4
P2, tp=4, ts=4
P3, tp=4, ts=4
P1, tp=4, ts=4, x0=354257193
P2, tp=4, ts=4
P3, tp=4, ts=4
P3, tp=4, ts=4
P0, tp=4, ts=4, x0=90074205
P1, tp=4, ts=4, x0=859563436
P2, tp=4, ts=4
P2, tp=4, ts=4
P2, tp=4, ts=4
P2, tp=4, ts=4
P3, tp=4, ts=4
P3, tp=4, ts=4
P3, tp=4, ts=4
P0, tp=4, ts=4, x0=995226452
P0, tp=4, ts=4, x0=820313487
P0, tp=4, ts=4, x0=543174093
P1, tp=4, ts=4, x0=375245637
P1, tp=4, ts=4, x0=760355294
P3, tp=4, ts=4
P0, tp=4, ts=4, x0=97101423
P0, tp=4, ts=4, x0=981708921
P2, tp=4, ts=4
P3, tp=4, ts=4
P1, tp=4, ts=4, x0=199164441
P1, tp=4, ts=4, x0=122211783
P1, tp=4, ts=4, x0=354257193
P3, tp=4, ts=4
P2, tp=4, ts=4
P3, tp=4, ts=4
P2, tp=4, ts=4
P3, tp=4, ts=4
P1, tp=4, ts=4, x0=659735246
P3, tp=4, ts=4
P0, tp=4, ts=4, x0=354257193
P1, tp=4, ts=4, x0=90074205
P0, tp=4, ts=4, x0=156465141
P0, tp=4, ts=4, x0=118511531
P2, tp=4, ts=4
P2, tp=4, ts=4
P2, tp=4, ts=4
P1, tp=4, ts=4, x0=81025596
P0, tp=4, ts=4, x0=722517836
P3, tp=4, ts=4
P0, tp=4, ts=4, x0=642123235
P3, tp=4, ts=4
P0, tp=4, ts=4, x0=233656121
P3, tp=4, ts=4
P1, tp=4, ts=4, x0=406345966
P1, tp=4, ts=4, x0=760355294
P0, tp=4, ts=4, x0=35347792
P0, tp=4, ts=4, x0=583191605
P1, tp=4, ts=4, x0=410054227
P3, tp=4, ts=4
P0, tp=4, ts=4, x0=620741146
P3, tp=4, ts=4
P3, tp=4, ts=4
P1, tp=4, ts=4, x0=543683985
P2, tp=4, ts=4
P2, tp=4, ts=4
P0, tp=4, ts=4, x0=214098173
P2, tp=4, ts=4
P0, tp=4, ts=4, x0=620741146
P0, tp=4, ts=4, x0=410054227
P2, tp=4, ts=4
P1, tp=4, ts=4, x0=802939665
P2, tp=4, ts=4
P2, tp=4, ts=4
P1, tp=4, ts=4, x0=722517836
P1, tp=4, ts=4, x0=410054227
P3, tp=4, ts=4
P2, tp=4, ts=4
P0, tp=4, ts=4, x0=118511531
P2, tp=4, ts=4
P3, tp=4, ts=4
P0, tp=4, ts=4, x0=819059784
P2, tp=4, ts=4
P1, tp=4, ts=4, x0=97101423
P1, tp=4, ts=4, x0=122211783
P1, tp=4, ts=4, x0=42900091
P2, tp=4, ts=4
P2, tp=4, ts=4
P1, tp=4, ts=4, x0=642123235
P3, tp=4, ts=4
P1, tp=4, ts=4, x0=299183796
P3, tp=4, ts=4
P2, tp=4, ts=4
P1, tp=4, ts=4, x0=995310227
P1, tp=4, ts=4, x0=336182131
P3, tp=4, ts=4
P2, tp=4, ts=4
P3, tp=4, ts=4
P3, tp=4, ts=4
P0, tp=4, ts=4, x0=590015275
P1, tp=4, ts=4, x0=822425566
P2, tp=4, ts=4
P2, tp=4, ts=4
P0, tp=4, ts=4, x0=995310227
P3, tp=4, ts=4
P0, tp=4, ts=4, x0=562062224
P0, tp=4, ts=4, x0=81025596
P2, tp=4, ts=4
P2, tp=4, ts=4
P2, tp=4, ts=4
P0, tp=4, ts=4, x0=822425566
P1, tp=4, ts=4, x0=995310227
P2, tp=4, ts=4
P1, tp=4, ts=4, x0=859563436
P1, tp=4, ts=4, x0=81025596
P0, tp=4, ts=4, x0=473052517
P0, tp=4, ts=4, x0=169709190
P1, tp=4, ts=4, x0=427917125
P2, tp=4, ts=4
P1, tp=4, ts=4, x0=57919239
P2, tp=4, ts=4
P0, tp=4, ts=4, x0=286136032
P3, tp=4, ts=4
P2, tp=4, ts=4
P0, tp=4, ts=4, x0=214098173
P0, tp=4, ts=4, x0=292911051
P3, tp=4, ts=4
P3, tp=4, ts=4
P1, tp=4, ts=4, x0=473052517
P1, tp=4, ts=4, x0=160723572
P3, tp=4, ts=4
P3, tp=4, ts=4
P0, tp=4, ts=4, x0=354257193
P2, tp=4, ts=4
P3, tp=4, ts=4
P3, tp=4, ts=4
P3, tp=4, ts=4
P0, tp=4, ts=4, x0=570655941
P2, tp=4, ts=4
P2, tp=4, ts=4
P0, tp=4, ts=4, x0=427917125
P2, tp=4, ts=4
P1, tp=4, ts=4, x0=242232605
P2, tp=4, ts=4
P3, tp=4, ts=4
P3, tp=4, ts=4
P0, tp=4, ts=4, x0=754464915
P3, tp=4, ts=4
P2, tp=4, ts=4
P0, tp=4, ts=4, x0=57919239
P0, tp=4, ts=4, x0=981708921
P0, tp=4, ts=4, x0=725883183
P2, tp=4, ts=4
P3, tp=4, ts=4
P0, tp=4, ts=4, x0=158721549
P3, tp=4, ts=4
P1, tp=4, ts=4, x0=760355294
P2, tp=4, ts=4
P3, tp=4, ts=4
P2, tp=4, ts=4
P3, tp=4, ts=4
P2, tp=4, ts=4
P2, tp=4, ts=4
P2, tp=4, ts=4
P2, tp=4, ts=4
P0, tp=4, ts=4, x0=59921851
P0, tp=4, ts=4, x0=122211783
P0, tp=4, ts=4, x0=696837071
P1, tp=4, ts=4, x0=794071699
P1, tp=4, ts=4, x0=647786055
P0, tp=4, ts=4, x0=357483501
P2, tp=4, ts=4
P0, tp=4, ts=4, x0=336182131
P2, tp=4, ts=4
P2, tp=4, ts=4
P3, tp=4, ts=4
P2, tp=4, ts=4
P1, tp=4, ts=4, x0=354257193
P2, tp=4, ts=4
P1, tp=4, ts=4, x0=4784336
P1, tp=4, ts=4, x0=990717429
P0, tp=4, ts=4, x0=548733297
P3, tp=4, ts=4
P3, tp=4, ts=4
P0, tp=4, ts=4, x0=57919239
P1, tp=4, ts=4, x0=679824419
P1, tp=4, ts=4, x0=107742758
P1, tp=4, ts=4, x0=430070623
P0, tp=4, ts=4, x0=472517426
P1, tp=4, ts=4, x0=70262972
P2, tp=4, ts=4
P3, tp=4, ts=4
P1, tp=4, ts=4, x0=657525344
P0, tp=4, ts=4, x0=427917125
P2, tp=4, ts=4
P3, tp=4, ts=4
P3, tp=4, ts=4
P1, tp=4, ts=4, x0=583191605
P3, tp=4, ts=4
P3, tp=4, ts=4
P3, tp=4, ts=4
P1, tp=4, ts=4, x0=90917380
P1, tp=4, ts=4, x0=410054227
P2, tp=4, ts=4
P0, tp=4, ts=4, x0=193035306
P1, tp=4, ts=4, x0=406345966
P3, tp=4, ts=4
P0, tp=4, ts=4, x0=642123235
P1, tp=4, ts=4, x0=725883183
P3, tp=4, ts=4
P1, tp=4, ts=4, x0=722517836
P0, tp=4, ts=4, x0=715723205
P3, tp=4, ts=4
P1, tp=4, ts=4, x0=160723572
P1, tp=4, ts=4, x0=620741146
P2, tp=4, ts=4
P0, tp=4, ts=4, x0=242232605
P1, tp=4, ts=4, x0=191353083
P1, tp=4, ts=4, x0=817499930
P0, tp=4, ts=4, x0=981708921
P3, tp=4, ts=4
P1, tp=4, ts=4, x0=179748432
P1, tp=4, ts=4, x0=70262972
P1, tp=4, ts=4, x0=715723205
P2, tp=4, ts=4
P1, tp=4, ts=4, x0=354257193
P3, tp=4, ts=4
P1, tp=4, ts=4, x0=659735246
P1, tp=4, ts=4, x0=995226452
P2, tp=4, ts=4
P2, tp=4, ts=4
P2, tp=4, ts=4
P3, tp=4, ts=4
P1, tp=4, ts=4, x0=628101130
P2, tp=4, ts=4
P0, tp=4, ts=4, x0=299183796
P0, tp=4, ts=4, x0=932777661
P1, tp=4, ts=4, x0=809014425
P2, tp=4, ts=4
P1, tp=4, ts=4, x0=476130386
P3, tp=4, ts=4
P3, tp=4, ts=4
P0, tp=4, ts=4, x0=406345966
P2, tp=4, ts=4
P3, tp=4, ts=4
P1, tp=4, ts=4, x0=628101130
P1, tp=4, ts=4, x0=817499930
P2, tp=4, ts=4
P1, tp=4, ts=4, x0=702955027
P2, tp=4, ts=4
P0, tp=4, ts=4, x0=353081573
P3, tp=4, ts=4
P3, tp=4, ts=4
P3, tp=4, ts=4
P3, tp=4, ts=4
P3, tp=4, ts=4
P3, tp=4, ts=4
P1, tp=4, ts=4, x0=773414477
P3, tp=4, ts=4
P3, tp=4, ts=4
P2, tp=4, ts=4
P3, tp=4, ts=4
P1, tp=4, ts=4, x0=932777661
P3, tp=4, ts=4
P0, tp=4, ts=4, x0=156465141
P2, tp=4, ts=4
P0, tp=4, ts=4, x0=397440397
P0, tp=4, ts=4, x0=981708921
P2, tp=4, ts=4
P2, tp=4, ts=4
P1, tp=4, ts=4, x0=657525344
P2, tp=4, ts=4
P2, tp=4, ts=4
P3, tp=4, ts=4
P2, tp=4, ts=4
P1, tp=4, ts=4, x0=409864920
P2, tp=4, ts=4
P3, tp=4, ts=4
P3, tp=4, ts=4
P0, tp=4, ts=4, x0=122211783
P2, tp=4, ts=4
P2, tp=4, ts=4
P3, tp=4, ts=4
P2, tp=4, ts=4
P3, tp=4, ts=4
P1, tp=4, ts=4, x0=322282226
P3, tp=4, ts=4
P1, tp=4, ts=4, x0=354257193
P3, tp=4, ts=4
P2, tp=4, ts=4
P2, tp=4, ts=4
P1, tp=4, ts=4, x0=859563436
P1, tp=4, ts=4, x0=193035306
P1, tp=4, ts=4, x0=59921851
P2, tp=4, ts=4
P2, tp=4, ts=4
P0, tp=4, ts=4, x0=254989333
P0, tp=4, ts=4, x0=560834326
P3, tp=4, ts=4
P3, tp=4, ts=4
P3, tp=4, ts=4
P0, tp=4, ts=4, x0=859563436
P2, tp=4, ts=4
P3, tp=4, ts=4
P3, tp=4, ts=4
P3, tp=4, ts=4
P2, tp=4, ts=4
P2, tp=4, ts=4
P3, tp=4, ts=4
P3, tp=4, ts=4
P0, tp=4, ts=4, x0=199164441
P1, tp=4, ts=4, x0=97101423
P2, tp=4, ts=4
P0, tp=4, ts=4, x0=107742758
P1, tp=4, ts=4, x0=649031231
P0, tp=4, ts=4, x0=90917380
P0, tp=4, ts=4, x0=341761146
P1, tp=4, ts=4, x0=473052517
P1, tp=4, ts=4, x0=179748432
P2, tp=4, ts=4
P0, tp=4, ts=4, x0=158721549
P0, tp=4, ts=4, x0=562062224
P1, tp=4, ts=4, x0=865139453
P2, tp=4, ts=4
P1, tp=4, ts=4, x0=722517836
P1, tp=4, ts=4, x0=696837071
P0, tp=4, ts=4, x0=560834326
P3, tp=4, ts=4
P3, tp=4, ts=4
P3, tp=4, ts=4
P1, tp=4, ts=4, x0=397440397
P0, tp=4, ts=4, x0=193035306
P1, tp=4, ts=4, x0=990717429
P0, tp=4, ts=4, x0=560834326
P1, tp=4, ts=4, x0=336182131
P3, tp=4, ts=4
P1, tp=4, ts=4, x0=583191605
P0, tp=4, ts=4, x0=543683985
P2, tp=4, ts=4
P0, tp=4, ts=4, x0=155225299
P3, tp=4, ts=4
P1, tp=4, ts=4, x0=49970588
P3, tp=4, ts=4
P0, tp=4, ts=4, x0=199164441
P3, tp=4, ts=4
P0, tp=4, ts=4, x0=59921851
P3, tp=4, ts=4
P1, tp=4, ts=4, x0=191353083
P3, tp=4, ts=4
P1, tp=4, ts=4, x0=191353083
P3, tp=4, ts=4
P0, tp=4, ts=4, x0=765715713
P2, tp=4, ts=4
P1, tp=4, ts=4, x0=354257193
P2, tp=4, ts=4
P1, tp=4, ts=4, x0=982149770
P0, tp=4, ts=4, x0=647786055
P1, tp=4, ts=4, x0=70262972
P3, tp=4, ts=4
P2, tp=4, ts=4
P0, tp=4, ts=4, x0=765715713
P3, tp=4, ts=4
P2, tp=4, ts=4
P3, tp=4, ts=4
P3, tp=4, ts=4
P0, tp=4, ts=4, x0=472517426
P1, tp=4, ts=4, x0=702955027
P3, tp=4, ts=4
P3, tp=4, ts=4
P2, tp=4, ts=4
P1, tp=4, ts=4, x0=322054944
P3, tp=4, ts=4
P0, tp=4, ts=4, x0=357483501
P3, tp=4, ts=4
P0, tp=4, ts=4, x0=597368580
P1, tp=4, ts=4, x0=286136032
P1, tp=4, ts=4, x0=292801224
P0, tp=4, ts=4, x0=780957688
P3, tp=4, ts=4
P2, tp=4, ts=4
P0, tp=4, ts=4, x0=81025596
P2, tp=4, ts=4
P2, tp=4, ts=4
P2, tp=4, ts=4
P3, tp=4, ts=4
P0, tp=4, ts=4, x0=397440397
P2, tp=4, ts=4
P0, tp=4, ts=4, x0=657525344
P0, tp=4, ts=4, x0=794071699
P1, tp=4, ts=4, x0=156465141
P1, tp=4, ts=4, x0=169709190
P0, tp=4, ts=4, x0=990717429
P2, tp=4, ts=4
P2, tp=4, ts=4
P1, tp=4, ts=4, x0=657525344
P2, tp=4, ts=4
P2, tp=4, ts=4
P3, tp=4, ts=4
P2, tp=4, ts=4
P0, tp=4, ts=4, x0=292801224
P1, tp=4, ts=4, x0=155225299
P0, tp=4, ts=4, x0=81025596
P0, tp=4, ts=4, x0=912261263
P2, tp=4, ts=4
P3, tp=4, ts=4
P2, tp=4, ts=4
P1, tp=4, ts=4, x0=49970588
P2, tp=4, ts=4
P0, tp=4, ts=4, x0=468373969
P0, tp=4, ts=4, x0=4784336
P2, tp=4, ts=4
P1, tp=4, ts=4, x0=341761146
P3, tp=4, ts=4
P0, tp=4, ts=4, x0=122211783
P0, tp=4, ts=4, x0=543174093
P1, tp=4, ts=4, x0=254989333
P0, tp=4, ts=4, x0=241274520
P0, tp=4, ts=4, x0=686188530
P0, tp=4, ts=4, x0=543174093
P2, tp=4, ts=4
P3, tp=4, ts=4
P3, tp=4, ts=4
P0, tp=4, ts=4, x0=322282226
P0, tp=4, ts=4, x0=686188530
P2, tp=4, ts=4
P2, tp=4, ts=4
P3, tp=4, ts=4
P0, tp=4, ts=4, x0=936031920
P2, tp=4, ts=4
P3, tp=4, ts=4
P0, tp=4, ts=4, x0=990717429
P0, tp=4, ts=4, x0=715723205
P2, tp=4, ts=4
P2, tp=4, ts=4
P2, tp=4, ts=4
P0, tp=4, ts=4, x0=430070623
P2, tp=4, ts=4
P3, tp=4, ts=4
P3, tp=4, ts=4
P0, tp=4, ts=4, x0=583191605
P1, tp=4, ts=4, x0=647786055
P2, tp=4, ts=4
P2, tp=4, ts=4
P0, tp=4, ts=4, x0=397440397
P0, tp=4, ts=4, x0=548733297
P0, tp=4, ts=4, x0=322054944
P0, tp=4, ts=4, x0=680257802
P0, tp=4, ts=4, x0=409864920
P1, tp=4, ts=4, x0=322054944
P0, tp=4, ts=4, x0=760355294
P3, tp=4, ts=4
P0, tp=4, ts=4, x0=216984717
P0, tp=4, ts=4, x0=69956859
P2, tp=4, ts=4
P0, tp=4, ts=4, x0=754464915
P0, tp=4, ts=4, x0=28123380
P2, tp=4, ts=4
P0, tp=4, ts=4, x0=28123380
P0, tp=4, ts=4, x0=292801224
P1, tp=4, ts=4, x0=615072235
P2, tp=4, ts=4
P0, tp=4, ts=4, x0=241274520
P0, tp=4, ts=4, x0=158721549
P2, tp=4, ts=4
P2, tp=4, ts=4
P3, tp=4, ts=4
P2, tp=4, ts=4
P0, tp=4, ts=4, x0=981708921
P0, tp=4, ts=4, x0=28123380
P1, tp=4, ts=4, x0=354257193
P0, tp=4, ts=4, x0=354257193
P1, tp=4, ts=4, x0=4784336
P2, tp=4, ts=4
P2, tp=4, ts=4
P3, tp=4, ts=4
P3, tp=4, ts=4
P3, tp=4, ts=4
P3, tp=4, ts=4
P0, tp=4, ts=4, x0=702955027
P3, tp=4, ts=4
P3, tp=4, ts=4
P1, tp=4, ts=4, x0=548733297
P0, tp=4, ts=4, x0=702955027
P3, tp=4, ts=4
P1, tp=4, ts=4, x0=628101130
P1, tp=4, ts=4, x0=990717429
P2, tp=4, ts=4
P1, tp=4, ts=4, x0=765715713
P2, tp=4, ts=4
P2, tp=4, ts=4
P0, tp=4, ts=4, x0=69956859
P2, tp=4, ts=4
P3, tp=4, ts=4
P1, tp=4, ts=4, x0=397440397
P3, tp=4, ts=4
P0, tp=4, ts=4, x0=642123235
P1, tp=4, ts=4, x0=817499930
P2, tp=4, ts=4
P2, tp=4, ts=4
P1, tp=4, ts=4, x0=936031920
P2, tp=4, ts=4
P2, tp=4, ts=4
P2, tp=4, ts=4
P2, tp=4, ts=4
P0, tp=4, ts=4, x0=269860718
P0, tp=4, ts=4, x0=765715713
P0, tp=4, ts=4, x0=341761146
P3, tp=4, ts=4
P2, tp=4, ts=4
P0, tp=4, ts=4, x0=548733297
P2, tp=4, ts=4
P0, tp=4, ts=4, x0=780957688
P1, tp=4, ts=4, x0=299183796
P0, tp=4, ts=4, x0=156465141
P1, tp=4, ts=4, x0=430070623
P1, tp=4, ts=4, x0=406345966
P2, tp=4, ts=4
P3, tp=4, ts=4
P2, tp=4, ts=4
P0, tp=4, ts=4, x0=12079716
P0, tp=4, ts=4, x0=819059784
P2, tp=4, ts=4
P3, tp=4, ts=4
P1, tp=4, ts=4, x0=69956859
P1, tp=4, ts=4, x0=122211783
P3, tp=4, ts=4
P3, tp=4, ts=4
P2, tp=4, ts=4
P3, tp=4, ts=4
P2, tp=4, ts=4
P1, tp=4, ts=4, x0=90074205
P3, tp=4, ts=4
P3, tp=4, ts=4
P3, tp=4, ts=4
P2, tp=4, ts=4
P2, tp=4, ts=4
P1, tp=4, ts=4, x0=216984717
P2, tp=4, ts=4
P3, tp=4, ts=4
P1, tp=4, ts=4, x0=353081573
P0, tp=4, ts=4, x0=292911051
P1, tp=4, ts=4, x0=597368580
P0, tp=4, ts=4, x0=292911051
P3, tp=4, ts=4
P0, tp=4, ts=4, x0=158721549
P3, tp=4, ts=4
P1, tp=4, ts=4, x0=353081573
P2, tp=4, ts=4
P2, tp=4, ts=4
P1, tp=4, ts=4, x0=820313487
P1, tp=4, ts=4, x0=182490672
P3, tp=4, ts=4
P1, tp=4, ts=4, x0=357483501
P3, tp=4, ts=4
P3, tp=4, ts=4
P2, tp=4, ts=4
P1, tp=4, ts=4, x0=409864920
P3, tp=4, ts=4
P2, tp=4, ts=4
P2, tp=4, ts=4
P2, tp=4, ts=4
P2, tp=4, ts=4
P2, tp=4, ts=4
P1, tp=4, ts=4, x0=42900091
P3, tp=4, ts=4
P1, tp=4, ts=4, x0=292801224
P3, tp=4, ts=4
P2, tp=4, ts=4
P2, tp=4, ts=4
P1, tp=4, ts=4, x0=322054944
P3, tp=4, ts=4
P1, tp=4, ts=4, x0=216984717
P3, tp=4, ts=4
P2, tp=4, ts=4
P0, tp=4, ts=4, x0=468373969
P1, tp=4, ts=4, x0=42900091
P0, tp=4, ts=4, x0=649031231
P1, tp=4, ts=4, x0=233656121
P1, tp=4, ts=4, x0=269860718
P2, tp=4, ts=4
P3, tp=4, ts=4
P3, tp=4, ts=4
P0, tp=4, ts=4, x0=649031231
P0, tp=4, ts=4, x0=195219644
P0, tp=4, ts=4, x0=543174093
P1, tp=4, ts=4, x0=397440397
P3, tp=4, ts=4
P2, tp=4, ts=4
P1, tp=4, ts=4, x0=156465141
P3, tp=4, ts=4
P0, tp=4, ts=4, x0=90074205
P1, tp=4, ts=4, x0=254989333
P0, tp=4, ts=4, x0=269860718
P3, tp=4, ts=4
P2, tp=4, ts=4
P3, tp=4, ts=4
P0, tp=4, ts=4, x0=760355294
P1, tp=4, ts=4, x0=169709190
P2, tp=4, ts=4
P1, tp=4, ts=4, x0=442273573
P0, tp=4, ts=4, x0=765715713
P2, tp=4, ts=4
P3, tp=4, ts=4
P1, tp=4, ts=4, x0=802939665
P0, tp=4, ts=4, x0=397440397
P0, tp=4, ts=4, x0=802939665
P1, tp=4, ts=4, x0=773414477
P3, tp=4, ts=4
P2, tp=4, ts=4
P2, tp=4, ts=4
P2, tp=4, ts=4
P1, tp=4, ts=4, x0=353081573
P3, tp=4, ts=4
P2, tp=4, ts=4
P1, tp=4, ts=4, x0=156465141
P2, tp=4, ts=4
P0, tp=4, ts=4, x0=848061216
P0, tp=4, ts=4, x0=978093450
P3, tp=4, ts=4
P2, tp=4, ts=4
P3, tp=4, ts=4
P1, tp=4, ts=4, x0=259374227
P0, tp=4, ts=4, x0=191353083
P2, tp=4, ts=4
P0, tp=4, ts=4, x0=259374227
P3, tp=4, ts=4
P3, tp=4, ts=4
P1, tp=4, ts=4, x0=647786055
P1, tp=4, ts=4, x0=543683985
P2, tp=4, ts=4
P0, tp=4, ts=4, x0=912261263
P3, tp=4, ts=4
P0, tp=4, ts=4, x0=982149770
P3, tp=4, ts=4
P3, tp=4, ts=4
P2, tp=4, ts=4
P2, tp=4, ts=4
P3, tp=4, ts=4
P0, tp=4, ts=4, x0=773414477
P3, tp=4, ts=4
P1, tp=4, ts=4, x0=990717429
P1, tp=4, ts=4, x0=430070623
P1, tp=4, ts=4, x0=725883183
P1, tp=4, ts=4, x0=982149770
P0, tp=4, ts=4, x0=725883183
P1, tp=4, ts=4, x0=292911051
P1, tp=4, ts=4, x0=696837071
P3, tp=4, ts=4
P0, tp=4, ts=4, x0=691007781
P3, tp=4, ts=4
P2, tp=4, ts=4
P1, tp=4, ts=4, x0=780957688
P2, tp=4, ts=4
P0, tp=4, ts=4, x0=548733297
P3, tp=4, ts=4
P0, tp=4, ts=4, x0=765715713
P0, tp=4, ts=4, x0=691007781
P2, tp=4, ts=4
P3, tp=4, ts=4
P0, tp=4, ts=4, x0=522398784
P1, tp=4, ts=4, x0=155225299
P2, tp=4, ts=4
P1, tp=4, ts=4, x0=195219644
P2, tp=4, ts=4
P2, tp=4, ts=4
P0, tp=4, ts=4, x0=912261263
P0, tp=4, ts=4, x0=322282226
P2, tp=4, ts=4
P1, tp=4, ts=4, x0=543931490
P0, tp=4, ts=4, x0=691007781
P1, tp=4, ts=4, x0=191353083
P1, tp=4, ts=4, x0=41017260
P1, tp=4, ts=4, x0=427917125
P3, tp=4, ts=4
P1, tp=4, ts=4, x0=936031920
P1, tp=4, ts=4, x0=174531847
P0, tp=4, ts=4, x0=122211783
P1, tp=4, ts=4, x0=702955027
P0, tp=4, ts=4, x0=817499930
P0, tp=4, ts=4, x0=90074205
P2, tp=4, ts=4
P3, tp=4, ts=4
P3, tp=4, ts=4
P2, tp=4, ts=4
P1, tp=4, ts=4, x0=399274317
P1, tp=4, ts=4, x0=543931490
P2, tp=4, ts=4
P1, tp=4, ts=4, x0=817499930
P3, tp=4, ts=4
P2, tp=4, ts=4
P3, tp=4, ts=4
P2, tp=4, ts=4
P0, tp=4, ts=4, x0=160723572
P1, tp=4, ts=4, x0=628101130
P3, tp=4, ts=4
P2, tp=4, ts=4
P0, tp=4, ts=4, x0=12079716
P2, tp=4, ts=4
P0, tp=4, ts=4, x0=97101423
P2, tp=4, ts=4
P1, tp=4, ts=4, x0=430070623
P1, tp=4, ts=4, x0=90917380
P2, tp=4, ts=4
P1, tp=4, ts=4, x0=155225299
P2, tp=4, ts=4
P0, tp=4, ts=4, x0=647786055
P1, tp=4, ts=4, x0=468373969
P3, tp=4, ts=4
P2, tp=4, ts=4
P1, tp=4, ts=4, x0=292911051
P3, tp=4, ts=4
P3, tp=4, ts=4
P3, tp=4, ts=4
P1, tp=4, ts=4, x0=543931490
P1, tp=5, ts=5, x0=839319789
P0, tp=5, ts=5, x0=628101130
P2, tp=5, ts=5
P0, tp=5, ts=5, x0=816575475
P2, tp=5, ts=5
P0, tp=5, ts=5, x0=481711494
P1, tp=5, ts=5, x0=794071699
P1, tp=5, ts=5, x0=160723572
P1, tp=5, ts=5, x0=7269934
P3, tp=5, ts=5
P0, tp=5, ts=5, x0=442273573
P3, tp=5, ts=5
P2, tp=5, ts=5
P0, tp=5, ts=5, x0=427917125
P1, tp=5, ts=5, x0=829467575
P2, tp=5, ts=5
P2, tp=5, ts=5
P1, tp=5, ts=5, x0=7269934
P2, tp=5, ts=5
P2, tp=5, ts=5
P2, tp=5, ts=5
P3, tp=5, ts=5
P1, tp=5, ts=5, x0=473052517
P0, tp=5, ts=5, x0=292911051
P1, tp=5, ts=5, x0=233656121
P0, tp=5, ts=5, x0=216984717
P3, tp=5, ts=5
P0, tp=5, ts=5, x0=233656121
P2, tp=5, ts=5
P3, tp=5, ts=5
P0, tp=5, ts=5, x0=981708921
P2, tp=5, ts=5
P3, tp=5, ts=5
P0, tp=5, ts=5, x0=635466060
P2, tp=5, ts=5
P1, tp=5, ts=5, x0=269860718
P2, tp=5, ts=5
P2, tp=5, ts=5
P1, tp=5, ts=5, x0=17971017
P0, tp=5, ts=5, x0=628101130
P0, tp=5, ts=5, x0=912261263
P2, tp=5, ts=5
P3, tp=5, ts=5
P3, tp=5, ts=5
P1, tp=5, ts=5, x0=978093450
P2, tp=5, ts=5
P1, tp=5, ts=5, x0=817499930
P1, tp=5, ts=5, x0=216984717
P2, tp=5, ts=5
P2, tp=5, ts=5
P2, tp=5, ts=5
P1, tp=5, ts=5, x0=664244898
P2, tp=5, ts=5
P0, tp=5, ts=5, x0=839319789
P3, tp=5, ts=5
P2, tp=5, ts=5
P2, tp=5, ts=5
P3, tp=5, ts=5
P2, tp=5, ts=5
P3, tp=5, ts=5
P3, tp=5, ts=5
P3, tp=5, ts=5
P2, tp=5, ts=5
P0, tp=5, ts=5, x0=649031231
P1, tp=5, ts=5, x0=802939665
P3, tp=5, ts=5
P3, tp=5, ts=5
P0, tp=5, ts=5, x0=430070623
P1, tp=5, ts=5, x0=649031231
P0, tp=5, ts=5, x0=118511531
P2, tp=5, ts=5
P0, tp=5, ts=5, x0=670058263
P0, tp=5, ts=5, x0=156465141
P0, tp=5, ts=5, x0=741333991
P1, tp=5, ts=5, x0=216984717
P3, tp=5, ts=5
P0, tp=5, ts=5, x0=410054227
P1, tp=5, ts=5, x0=439967705
P2, tp=5, ts=5
P0, tp=5, ts=5, x0=59921851
P0, tp=5, ts=5, x0=199164441
P2, tp=5, ts=5
P1, tp=5, ts=5, x0=182490672
P3, tp=5, ts=5
P0, tp=5, ts=5, x0=468373969
P1, tp=5, ts=5, x0=442273573
P1, tp=5, ts=5, x0=322282226
P3, tp=5, ts=5
P3, tp=5, ts=5
P1, tp=5, ts=5, x0=741333991
P3, tp=5, ts=5
P0, tp=5, ts=5, x0=561504385
P1, tp=5, ts=5, x0=995310227
P1, tp=5, ts=5, x0=990717429
P1, tp=5, ts=5, x0=199164441
P0, tp=5, ts=5, x0=702955027
P2, tp=5, ts=5
P1, tp=5, ts=5, x0=468373969
P3, tp=5, ts=5
P2, tp=5, ts=5
P2, tp=5, ts=5
P3, tp=5, ts=5
P2, tp=5, ts=5
P3, tp=5, ts=5
P3, tp=5, ts=5
P1, tp=5, ts=5, x0=199164441
P3, tp=5, ts=5
P1, tp=5, ts=5, x0=439967705
P0, tp=5, ts=5, x0=292911051
P3, tp=5, ts=5
P3, tp=5, ts=5
P3, tp=5, ts=5
P3, tp=5, ts=5
P3, tp=5, ts=5
P1, tp=5, ts=5, x0=818659379
P1, tp=5, ts=5, x0=989717022
P3, tp=5, ts=5
P0, tp=5, ts=5, x0=760355294
P3, tp=5, ts=5
P3, tp=5, ts=5
P1, tp=5, ts=5, x0=174531847
P3, tp=5, ts=5
P2, tp=5, ts=5
P2, tp=5, ts=5
P2, tp=5, ts=5
P0, tp=5, ts=5, x0=543174093
P0, tp=5, ts=5, x0=233656121
P0, tp=5, ts=5, x0=409864920
P2, tp=5, ts=5
P2, tp=5, ts=5
P0, tp=5, ts=5, x0=590881077
P2, tp=5, ts=5
P1, tp=5, ts=5, x0=543931490
P1, tp=5, ts=5, x0=657525344
P1, tp=5, ts=5, x0=90074205
P1, tp=5, ts=5, x0=357483501
P3, tp=5, ts=5
P2, tp=5, ts=5
P1, tp=5, ts=5, x0=664244898
P1, tp=5, ts=5, x0=982149770
P1, tp=5, ts=5, x0=158721549
P3, tp=5, ts=5
P2, tp=5, ts=5
P0, tp=5, ts=5, x0=691007781
P2, tp=5, ts=5
P3, tp=5, ts=5
P1, tp=5, ts=5, x0=583191605
P1, tp=5, ts=5, x0=670058263
P0, tp=5, ts=5, x0=583191605
P3, tp=5, ts=5
P0, tp=5, ts=5, x0=389551132
P2, tp=5, ts=5
P3, tp=5, ts=5
P3, tp=5, ts=5
P1, tp=5, ts=5, x0=702955027
P3, tp=5, ts=5
P1, tp=5, ts=5, x0=705656553
P2, tp=5, ts=5
P1, tp=5, ts=5, x0=221601032
P2, tp=5, ts=5
P2, tp=5, ts=5
P0, tp=5, ts=5, x0=722517836
P0, tp=5, ts=5, x0=741333991
P0, tp=5, ts=5, x0=989717022
P1, tp=5, ts=5, x0=118511531
P3, tp=5, ts=5
P2, tp=5, ts=5
P2, tp=5, ts=5
P2, tp=5, ts=5
P0, tp=5, ts=5, x0=389551132
P0, tp=5, ts=5, x0=375245637
P1, tp=5, ts=5, x0=521629767
P0, tp=5, ts=5, x0=90917380
P2, tp=5, ts=5
P2, tp=5, ts=5
P3, tp=5, ts=5
P2, tp=5, ts=5
P1, tp=5, ts=5, x0=981708921
P0, tp=5, ts=5, x0=670058263
P1, tp=5, ts=5, x0=97101423
P1, tp=5, ts=5, x0=649031231
P1, tp=5, ts=5, x0=160723572
P2, tp=5, ts=5
P2, tp=5, ts=5
P1, tp=5, ts=5, x0=12079716
P1, tp=5, ts=5, x0=647786055
P3, tp=5, ts=5
P3, tp=5, ts=5
P1, tp=5, ts=5, x0=836770281
P0, tp=5, ts=5, x0=995310227
P1, tp=5, ts=5, x0=430070623
P2, tp=5, ts=5
P2, tp=5, ts=5
P3, tp=5, ts=5
P3, tp=5, ts=5
P1, tp=5, ts=5, x0=936031920
P1, tp=5, ts=5, x0=299183796
P2, tp=5, ts=5
P3, tp=5, ts=5
P0, tp=5, ts=5, x0=680257802
P0, tp=5, ts=5, x0=806354147
P0, tp=5, ts=5, x0=216984717
P3, tp=5, ts=5
P3, tp=5, ts=5
P3, tp=5, ts=5
P3, tp=5, ts=5
P1, tp=5, ts=5, x0=989717022
P3, tp=5, ts=5
P1, tp=5, ts=5, x0=830685839
P3, tp=5, ts=5
P2, tp=5, ts=5
P0, tp=5, ts=5, x0=476130386
P0, tp=5, ts=5, x0=816575475
P2, tp=5, ts=5
P0, tp=5, ts=5, x0=981708921
P2, tp=5, ts=5
P2, tp=5, ts=5
P3, tp=5, ts=5
P2, tp=5, ts=5
P0, tp=5, ts=5, x0=994114840
P2, tp=5, ts=5
P0, tp=5, ts=5, x0=292911051
P2, tp=5, ts=5
P2, tp=5, ts=5
P2, tp=5, ts=5
P2, tp=5, ts=5
P1, tp=5, ts=5, x0=286136032
P1, tp=5, ts=5, x0=830685839
P0, tp=5, ts=5, x0=524489671
P0, tp=5, ts=5, x0=599149631
P3, tp=5, ts=5
P0, tp=5, ts=5, x0=754464915
P1, tp=5, ts=5, x0=597368580
P1, tp=5, ts=5, x0=341761146
P0, tp=5, ts=5, x0=765715713
P2, tp=5, ts=5
P1, tp=5, ts=5, x0=341761146
P1, tp=5, ts=5, x0=657525344
P3, tp=5, ts=5
P3, tp=5, ts=5
P0, tp=5, ts=5, x0=936031920
P2, tp=5, ts=5
P0, tp=5, ts=5, x0=249338976
P3, tp=5, ts=5
P1, tp=5, ts=5, x0=160723572
P2, tp=5, ts=5
P1, tp=5, ts=5, x0=628101130
P2, tp=5, ts=5
P0, tp=5, ts=5, x0=848061216
P0, tp=5, ts=5, x0=199164441
P2, tp=5, ts=5
P2, tp=5, ts=5
P0, tp=5, ts=5, x0=657525344
P2, tp=5, ts=5
P0, tp=5, ts=5, x0=78814145
P3, tp=5, ts=5
P2, tp=5, ts=5
P0, tp=5, ts=5, x0=221601032
P2, tp=5, ts=5
P2, tp=5, ts=5
P1, tp=5, ts=5, x0=158721549
P0, tp=5, ts=5, x0=829467575
P0, tp=5, ts=5, x0=341761146
P1, tp=5, ts=5, x0=698420683
P1, tp=5, ts=5, x0=468373969
P2, tp=5, ts=5
P1, tp=5, ts=5, x0=191353083
P2, tp=5, ts=5
P2, tp=5, ts=5
P3, tp=5, ts=5
P1, tp=5, ts=5, x0=409864920
P1, tp=5, ts=5, x0=259374227
P2, tp=5, ts=5
P0, tp=5, ts=5, x0=354257193
P1, tp=5, ts=5, x0=17971017
P0, tp=5, ts=5, x0=17971017
P3, tp=5, ts=5
P0, tp=5, ts=5, x0=760355294
P1, tp=5, ts=5, x0=216984717
P3, tp=5, ts=5
P2, tp=5, ts=5
P0, tp=5, ts=5, x0=741333991
P0, tp=5, ts=5, x0=760355294
P0, tp=5, ts=5, x0=318199095
P1, tp=5, ts=5, x0=430070623
P1, tp=5, ts=5, x0=4784336
P2, tp=5, ts=5
P3, tp=5, ts=5
P0, tp=5, ts=5, x0=702955027
P2, tp=5, ts=5
P2, tp=5, ts=5
P2, tp=5, ts=5
P3, tp=5, ts=5
P1, tp=5, ts=5, x0=978093450
P2, tp=5, ts=5
P2, tp=5, ts=5
P3, tp=5, ts=5
P0, tp=5, ts=5, x0=183324264
P2, tp=5, ts=5
P2, tp=5, ts=5
P2, tp=5, ts=5
P0, tp=5, ts=5, x0=702955027
P3, tp=5, ts=5
P2, tp=5, ts=5
P0, tp=5, ts=5, x0=174531847
P2, tp=5, ts=5
P0, tp=5, ts=5, x0=829467575
P0, tp=5, ts=5, x0=322054944
P2, tp=5, ts=5
P3, tp=5, ts=5
P3, tp=5, ts=5
P2, tp=5, ts=5
P1, tp=5, ts=5, x0=318199095
P3, tp=5, ts=5
P1, tp=5, ts=5, x0=409864920
P2, tp=5, ts=5
P0, tp=5, ts=5, x0=318199095
P3, tp=5, ts=5
P3, tp=5, ts=5
P3, tp=5, ts=5
P0, tp=5, ts=5, x0=524489671
P2, tp=5, ts=5
P1, tp=5, ts=5, x0=806354147
P2, tp=5, ts=5
P3, tp=5, ts=5
P2, tp=5, ts=5
P2, tp=5, ts=5
P3, tp=5, ts=5
P2, tp=5, ts=5
P1, tp=5, ts=5, x0=118511531
P0, tp=5, ts=5, x0=90074205
P0, tp=5, ts=5, x0=936031920
P2, tp=5, ts=5
P0, tp=5, ts=5, x0=90917380
P0, tp=5, ts=5, x0=318199095
P0, tp=5, ts=5, x0=427917125
P2, tp=5, ts=5
P2, tp=5, ts=5
P3, tp=5, ts=5
P0, tp=5, ts=5, x0=912261263
P1, tp=5, ts=5, x0=990717429
P2, tp=5, ts=5
P1, tp=5, ts=5, x0=182490672
P2, tp=5, ts=5
P0, tp=5, ts=5, x0=318199095
P2, tp=5, ts=5
P1, tp=5, ts=5, x0=386527365
P2, tp=5, ts=5
P2, tp=5, ts=5
P0, tp=5, ts=5, x0=830685839
P2, tp=5, ts=5
P0, tp=5, ts=5, x0=647786055
P2, tp=5, ts=5
P0, tp=5, ts=5, x0=657525344
P2, tp=5, ts=5
P2, tp=5, ts=5
P0, tp=5, ts=5, x0=410054227
P1, tp=5, ts=5, x0=806354147
P2, tp=5, ts=5
P1, tp=5, ts=5, x0=354257193
P1, tp=5, ts=5, x0=820313487
P2, tp=5, ts=5
P3, tp=5, ts=5
P0, tp=5, ts=5, x0=722517836
P0, tp=5, ts=5, x0=628101130
P3, tp=5, ts=5
P1, tp=5, ts=5, x0=7269934
P0, tp=5, ts=5, x0=599149631
P3, tp=5, ts=5
P3, tp=5, ts=5
P1, tp=5, ts=5, x0=820313487
P3, tp=5, ts=5
P2, tp=5, ts=5
P1, tp=5, ts=5, x0=481711494
P0, tp=5, ts=5, x0=97101423
P1, tp=5, ts=5, x0=831624436
P1, tp=5, ts=5, x0=802939665
P3, tp=5, ts=5
P2, tp=5, ts=5
P1, tp=5, ts=5, x0=59921851
P1, tp=5, ts=5, x0=386527365
P0, tp=5, ts=5, x0=7269934
P1, tp=5, ts=5, x0=599149631
P0, tp=5, ts=5, x0=780957688
P1, tp=5, ts=5, x0=802939665
P0, tp=5, ts=5, x0=322282226
P3, tp=5, ts=5
P3, tp=5, ts=5
P3, tp=5, ts=5
P0, tp=5, ts=5, x0=417730769
P0, tp=5, ts=5, x0=597368580
P1, tp=5, ts=5, x0=995310227
P1, tp=5, ts=5, x0=442273573
P0, tp=5, ts=5, x0=78814145
P2, tp=5, ts=5
P3, tp=5, ts=5
P3, tp=5, ts=5
P3, tp=5, ts=5
P1, tp=5, ts=5, x0=885480212
P1, tp=5, ts=5, x0=620741146
P1, tp=5, ts=5, x0=4784336
P2, tp=5, ts=5
P1, tp=5, ts=5, x0=885480212
P0, tp=5, ts=5, x0=995310227
P2, tp=5, ts=5
P0, tp=5, ts=5, x0=705656553
P3, tp=5, ts=5
P2, tp=5, ts=5
P2, tp=5, ts=5
P0, tp=5, ts=5, x0=430070623
P0, tp=5, ts=5, x0=649031231
P0, tp=5, ts=5, x0=473052517
P0, tp=5, ts=5, x0=978093450
P1, tp=5, ts=5, x0=978093450
P0, tp=5, ts=5, x0=241274520
P0, tp=5, ts=5, x0=90917380
P2, tp=5, ts=5
P0, tp=5, ts=5, x0=628101130
P0, tp=5, ts=5, x0=760355294
P2, tp=5, ts=5
P1, tp=5, ts=5, x0=269860718
P2, tp=5, ts=5
P2, tp=5, ts=5
P1, tp=5, ts=5, x0=741333991
P3, tp=5, ts=5
P3, tp=5, ts=5
P3, tp=5, ts=5
P2, tp=5, ts=5
P1, tp=5, ts=5, x0=439967705
P3, tp=5, ts=5
P3, tp=5, ts=5
P1, tp=5, ts=5, x0=322054944
P2, tp=5, ts=5
P3, tp=5, ts=5
P1, tp=5, ts=5, x0=430070623
P0, tp=5, ts=5, x0=597368580
P0, tp=5, ts=5, x0=571211854
P2, tp=5, ts=5
P0, tp=5, ts=5, x0=583191605
P2, tp=5, ts=5
P0, tp=5, ts=5, x0=82136293
P0, tp=5, ts=5, x0=156465141
P3, tp=5, ts=5
P2, tp=5, ts=5
P3, tp=5, ts=5
P1, tp=5, ts=5, x0=691007781
P3, tp=5, ts=5
P2, tp=5, ts=5
P2, tp=5, ts=5
P0, tp=5, ts=5, x0=18066276
P2, tp=5, ts=5
P2, tp=5, ts=5
P2, tp=5, ts=5
P1, tp=5, ts=5, x0=571211854
P3, tp=5, ts=5
P3, tp=5, ts=5
P3, tp=5, ts=5
P1, tp=5, ts=5, x0=191353083
P1, tp=5, ts=5, x0=794071699
P1, tp=5, ts=5, x0=981708921
P0, tp=5, ts=5, x0=81025596
P0, tp=5, ts=5, x0=995310227
P3, tp=5, ts=5
P2, tp=5, ts=5
P1, tp=5, ts=5, x0=354257193
P0, tp=5, ts=5, x0=155225299
P0, tp=5, ts=5, x0=628101130
P3, tp=5, ts=5
P3, tp=5, ts=5
P1, tp=5, ts=5, x0=982149770
P0, tp=5, ts=5, x0=981708921
P1, tp=5, ts=5, x0=615072235
P3, tp=5, ts=5
P0, tp=5, ts=5, x0=481711494
P2, tp=5, ts=5
P2, tp=5, ts=5
P0, tp=5, ts=5, x0=565114233
P2, tp=5, ts=5
P1, tp=5, ts=5, x0=765715713
P0, tp=5, ts=5, x0=357483501
P3, tp=5, ts=5
P0, tp=5, ts=5, x0=816575475
P2, tp=5, ts=5
P3, tp=5, ts=5
P2, tp=5, ts=5
P1, tp=5, ts=5, x0=565114233
P3, tp=5, ts=5
P0, tp=5, ts=5, x0=183324264
P1, tp=5, ts=5, x0=820313487
P0, tp=5, ts=5, x0=318199095
P1, tp=5, ts=5, x0=760355294
P1, tp=5, ts=5, x0=936031920
P2, tp=5, ts=5
P0, tp=5, ts=5, x0=406345966
P3, tp=5, ts=5
P1, tp=5, ts=5, x0=406345966
P2, tp=5, ts=5
P3, tp=5, ts=5
P2, tp=5, ts=5
P3, tp=5, ts=5
P1, tp=5, ts=5, x0=848061216
P2, tp=5, ts=5
P3, tp=5, ts=5
P0, tp=5, ts=5, x0=615072235
P0, tp=5, ts=5, x0=156465141
P0, tp=5, ts=5, x0=571211854
P3, tp=5, ts=5
P0, tp=5, ts=5, x0=691007781
P2, tp=5, ts=5
P0, tp=5, ts=5, x0=221601032
P1, tp=5, ts=5, x0=848061216
P1, tp=5, ts=5, x0=760355294
P3, tp=5, ts=5
P3, tp=5, ts=5
P2, tp=5, ts=5
P0, tp=5, ts=5, x0=233656121
P3, tp=5, ts=5
P3, tp=5, ts=5
P1, tp=5, ts=5, x0=816575475
P1, tp=5, ts=5, x0=406345966
P0, tp=5, ts=5, x0=399274317
P2, tp=5, ts=5
P0, tp=5, ts=5, x0=322054944
P2, tp=5, ts=5
P1, tp=5, ts=5, x0=691007781
P2, tp=5, ts=5
P1, tp=5, ts=5, x0=341761146
P3, tp=5, ts=5
P2, tp=5, ts=5
P3, tp=5, ts=5
P3, tp=5, ts=5
P3, tp=5, ts=5
P1, tp=5, ts=5, x0=680257802
P3, tp=5, ts=5
P1, tp=5, ts=5, x0=375245637
P3, tp=5, ts=5
P2, tp=5, ts=5
P3, tp=5, ts=5
P0, tp=5, ts=5, x0=628101130
P1, tp=5, ts=5, x0=598436321
P0, tp=5, ts=5, x0=442273573
P2, tp=5, ts=5
P2, tp=5, ts=5
P3, tp=5, ts=5
P0, tp=5, ts=5, x0=737714769
P1, tp=5, ts=5, x0=583191605
P1, tp=5, ts=5, x0=249338976
P1, tp=5, ts=5, x0=81025596
P1, tp=5, ts=5, x0=318199095
P3, tp=5, ts=5
P0, tp=5, ts=5, x0=680257802
P0, tp=5, ts=5, x0=760355294
P2, tp=5, ts=5
P0, tp=5, ts=5, x0=182490672
P1, tp=5, ts=5, x0=399274317
P3, tp=5, ts=5
P0, tp=5, ts=5, x0=628101130
P3, tp=5, ts=5
P1, tp=5, ts=5, x0=4784336
P1, tp=5, ts=5, x0=806354147
P2, tp=5, ts=5
P1, tp=5, ts=5, x0=615072235
P1, tp=5, ts=5, x0=78814145
P3, tp=5, ts=5
P1, tp=5, ts=5, x0=604178919
P1, tp=5, ts=5, x0=82136293
P1, tp=5, ts=5, x0=417730769
P3, tp=5, ts=5
P0, tp=5, ts=5, x0=156465141
P0, tp=5, ts=5, x0=447298760
P0, tp=5, ts=5, x0=628101130
P0, tp=5, ts=5, x0=18066276
P2, tp=5, ts=5
P2, tp=5, ts=5
P0, tp=5, ts=5, x0=97101423
P2, tp=5, ts=5
P3, tp=5, ts=5
P1, tp=5, ts=5, x0=481711494
P2, tp=5, ts=5
P3, tp=5, ts=5
P3, tp=5, ts=5
P0, tp=5, ts=5, x0=481711494
P1, tp=5, ts=5, x0=90074205
P1, tp=5, ts=5, x0=97101423
P0, tp=5, ts=5, x0=430070623
P1, tp=5, ts=5, x0=12079716
P3, tp=5, ts=5
P0, tp=5, ts=5, x0=647786055
P0, tp=5, ts=5, x0=818659379
P0, tp=5, ts=5, x0=754464915
P1, tp=5, ts=5, x0=702955027
P0, tp=5, ts=5, x0=688975503
P3, tp=5, ts=5
P1, tp=5, ts=5, x0=357483501
P3, tp=5, ts=5
P1, tp=5, ts=5, x0=199164441
P3, tp=5, ts=5
P1, tp=5, ts=5, x0=571211854
P0, tp=5, ts=5, x0=90074205
P2, tp=5, ts=5
P1, tp=5, ts=5, x0=848061216
P0, tp=5, ts=5, x0=691007781
P0, tp=5, ts=5, x0=543683985
P1, tp=5, ts=5, x0=410054227
P2, tp=5, ts=5
P3, tp=5, ts=5
P1, tp=5, ts=5, x0=667668821
P3, tp=5, ts=5
P3, tp=5, ts=5
P0, tp=5, ts=5, x0=4784336
P3, tp=5, ts=5
P2, tp=5, ts=5
P0, tp=5, ts=5, x0=174531847
P3, tp=5, ts=5
P3, tp=5, ts=5
P3, tp=5, ts=5
P3, tp=5, ts=5
P2, tp=5, ts=5
P1, tp=5, ts=5, x0=292911051
P2, tp=5, ts=5
P1, tp=5, ts=5, x0=169709190
P2, tp=5, ts=5
P0, tp=5, ts=5, x0=160723572
P2, tp=5, ts=5
P0, tp=5, ts=5, x0=722517836
P2, tp=5, ts=5
P2, tp=5, ts=5
P2, tp=5, ts=5
P0, tp=5, ts=5, x0=417730769
P1, tp=5, ts=5, x0=254989333
P3, tp=5, ts=5
P1, tp=5, ts=5, x0=410054227
P3, tp=5, ts=5
P2, tp=5, ts=5
P0, tp=5, ts=5, x0=81025596
P2, tp=5, ts=5
P0, tp=5, ts=5, x0=174531847
P0, tp=5, ts=5, x0=118511531
P2, tp=5, ts=5
P3, tp=5, ts=5
P2, tp=5, ts=5
P0, tp=5, ts=5, x0=156465141
P1, tp=5, ts=5, x0=430070623
P1, tp=5, ts=5, x0=322054944
P3, tp=5, ts=5
P1, tp=5, ts=5, x0=182490672
P2, tp=5, ts=5
P2, tp=5, ts=5
P0, tp=5, ts=5, x0=722517836
P0, tp=5, ts=5, x0=269860718
P0, tp=5, ts=5, x0=691007781
P0, tp=5, ts=5, x0=664244898
P1, tp=5, ts=5, x0=354257193
P0, tp=5, ts=5, x0=780957688
P3, tp=5, ts=5
P2, tp=5, ts=5
P1, tp=5, ts=5, x0=481711494
P2, tp=5, ts=5
P0, tp=5, ts=5, x0=354257193
P2, tp=5, ts=5
P0, tp=5, ts=5, x0=989717022
P2, tp=5, ts=5
P2, tp=5, ts=5
P2, tp=5, ts=5
P2, tp=5, ts=5
P1, tp=5, ts=5, x0=90074205
P0, tp=5, ts=5, x0=794071699
P2, tp=5, ts=5
P1, tp=5, ts=5, x0=939198952
P3, tp=5, ts=5
P3, tp=5, ts=5
P1, tp=5, ts=5, x0=20111226
P3, tp=5, ts=5
P1, tp=5, ts=5, x0=221601032
P3, tp=5, ts=5
P1, tp=5, ts=5, x0=839319789
P1, tp=5, ts=5, x0=836770281
P2, tp=5, ts=5
P3, tp=5, ts=5
P0, tp=5, ts=5, x0=806354147
P1, tp=5, ts=5, x0=182490672
P3, tp=5, ts=5
P1, tp=5, ts=5, x0=824472041
P3, tp=5, ts=5
P1, tp=5, ts=5, x0=233656121
P0, tp=5, ts=5, x0=341761146
P1, tp=5, ts=5, x0=389551132
P0, tp=5, ts=5, x0=912261263
P3, tp=5, ts=5
P1, tp=5, ts=5, x0=468373969
P1, tp=5, ts=5, x0=664244898
P0, tp=5, ts=5, x0=439967705
P3, tp=5, ts=5
P3, tp=5, ts=5
P2, tp=5, ts=5
P1, tp=5, ts=5, x0=169709190
P2, tp=5, ts=5
P1, tp=5, ts=5, x0=17971017
P2, tp=5, ts=5
P0, tp=5, ts=5, x0=994114840
P3, tp=5, ts=5
P1, tp=5, ts=5, x0=680257802
P3, tp=5, ts=5
P0, tp=5, ts=5, x0=455918886
P2, tp=5, ts=5
P3, tp=5, ts=5
P1, tp=5, ts=5, x0=574345176
P1, tp=5, ts=5, x0=406345966
P2, tp=5, ts=5
P3, tp=5, ts=5
P2, tp=5, ts=5
P0, tp=5, ts=5, x0=82136293
P2, tp=5, ts=5
P2, tp=5, ts=5
P2, tp=5, ts=5
P2, tp=5, ts=5
P3, tp=5, ts=5
P0, tp=5, ts=5, x0=17971017
P1, tp=5, ts=5, x0=156465141
P3, tp=5, ts=5
P2, tp=5, ts=5
P2, tp=5, ts=5
P2, tp=5, ts=5
P3, tp=5, ts=5
P3, tp=5, ts=5
P3, tp=5, ts=5
P2, tp=5, ts=5
P1, tp=5, ts=5, x0=688975503
P2, tp=5, ts=5
P0, tp=5, ts=5, x0=59921851
P0, tp=5, ts=5, x0=839319789
P2, tp=5, ts=5
P3, tp=5, ts=5
P1, tp=5, ts=5, x0=357483501
P3, tp=5, ts=5
P2, tp=5, ts=5
P1, tp=5, ts=5, x0=410054227
P0, tp=5, ts=5, x0=169709190
P2, tp=5, ts=5
P2, tp=5, ts=5
P1, tp=5, ts=5, x0=698420683
P2, tp=5, ts=5
P0, tp=5, ts=5, x0=574345176
P1, tp=5, ts=5, x0=357483501
P2, tp=5, ts=5
P3, tp=5, ts=5
P3, tp=5, ts=5
P0, tp=5, ts=5, x0=254989333
P2, tp=5, ts=5
P0, tp=5, ts=5, x0=90917380
P3, tp=5, ts=5
P2, tp=5, ts=5
P1, tp=5, ts=5, x0=705656553
P2, tp=5, ts=5
P0, tp=5, ts=5, x0=322054944
P3, tp=5, ts=5
P3, tp=5, ts=5
P1, tp=5, ts=5, x0=978093450
P1, tp=5, ts=5, x0=559644849
P3, tp=5, ts=5
P3, tp=5, ts=5
P1, tp=5, ts=5, x0=620741146
P2, tp=5, ts=5
P3, tp=5, ts=5
P0, tp=5, ts=5, x0=628101130
P0, tp=5, ts=5, x0=995310227
P0, tp=5, ts=5, x0=78814145
P3, tp=5, ts=5
P2, tp=5, ts=5
P0, tp=5, ts=5, x0=406345966
P3, tp=5, ts=5
P1, tp=5, ts=5, x0=81025596
P1, tp=5, ts=5, x0=107742758
P1, tp=5, ts=5, x0=574345176
P2, tp=5, ts=5
P1, tp=5, ts=5, x0=698420683
P2, tp=5, ts=5
P2, tp=5, ts=5
P1, tp=5, ts=5, x0=765715713
P2, tp=5, ts=5
P3, tp=5, ts=5
P0, tp=5, ts=5, x0=780957688
P2, tp=5, ts=5
P0, tp=5, ts=5, x0=722517836
P3, tp=5, ts=5
P3, tp=5, ts=5
P1, tp=5, ts=5, x0=524489671
P2, tp=5, ts=5
P1, tp=5, ts=5, x0=698420683
P3, tp=5, ts=5
P1, tp=5, ts=5, x0=90074205
P3, tp=5, ts=5
P2, tp=5, ts=5
P2, tp=5, ts=5
P0, tp=5, ts=5, x0=936031920
P1, tp=5, ts=5, x0=936031920
P1, tp=5, ts=5, x0=82136293
P1, tp=5, ts=5, x0=366588035
P1, tp=5, ts=5, x0=702955027
P2, tp=5, ts=5
P0, tp=5, ts=5, x0=522398784
P2, tp=5, ts=5
P0, tp=5, ts=5, x0=254989333
P2, tp=5, ts=5
P0, tp=5, ts=5, x0=156465141
P3, tp=5, ts=5
P1, tp=5, ts=5, x0=885480212
P2, tp=5, ts=5
P2, tp=5, ts=5
P1, tp=5, ts=5, x0=615072235
P0, tp=5, ts=5, x0=375245637
P0, tp=5, ts=5, x0=912261263
P1, tp=5, ts=5, x0=357483501
P0, tp=5, ts=5, x0=174531847
P3, tp=5, ts=5
P2, tp=5, ts=5
P3, tp=5, ts=5
P3, tp=5, ts=5
P1, tp=5, ts=5, x0=481711494
P2, tp=5, ts=5
P0, tp=5, ts=5, x0=241274520
P2, tp=5, ts=5
P0, tp=5, ts=5, x0=249338976
P0, tp=5, ts=5, x0=406345966
P3, tp=5, ts=5
P3, tp=5, ts=5
P3, tp=5, ts=5
P1, tp=5, ts=5, x0=182490672
P1, tp=5, ts=5, x0=254989333
P3, tp=5, ts=5
P0, tp=5, ts=5, x0=912261263
P0, tp=5, ts=5, x0=366588035
P3, tp=5, ts=5
P0, tp=5, ts=5, x0=375245637
P2, tp=5, ts=5
P3, tp=5, ts=5
P3, tp=5, ts=5
P1, tp=5, ts=5, x0=375245637
P0, tp=5, ts=5, x0=816575475
P1, tp=5, ts=5, x0=522398784
P0, tp=5, ts=5, x0=118511531
P2, tp=5, ts=5
P3, tp=5, ts=5
P3, tp=5, ts=5
P0, tp=5, ts=5, x0=722517836
P3, tp=5, ts=5
P3, tp=5, ts=5
P2, tp=5, ts=5
P3, tp=5, ts=5
P3, tp=5, ts=5
P3, tp=5, ts=5
P0, tp=5, ts=5, x0=410054227
P0, tp=5, ts=5, x0=524489671
P0, tp=5, ts=5, x0=579934140
P0, tp=5, ts=5, x0=680257802
P1, tp=5, ts=5, x0=522398784
P2, tp=5, ts=5
P3, tp=5, ts=5
P1, tp=5, ts=5, x0=754464915
P3, tp=5, ts=5
P0, tp=5, ts=5, x0=816575475
P3, tp=5, ts=5
P2, tp=5, ts=5
P3, tp=5, ts=5
P3, tp=5, ts=5
P0, tp=5, ts=5, x0=521629767
P1, tp=5, ts=5, x0=475693241
P1, tp=5, ts=5, x0=848061216
P2, tp=5, ts=5
P3, tp=5, ts=5
P0, tp=5, ts=5, x0=78814145
P2, tp=5, ts=5
P0, tp=5, ts=5, x0=341761146
P3, tp=5, ts=5
P0, tp=5, ts=5, x0=87197547
P1, tp=5, ts=5, x0=447298760
P2, tp=5, ts=5
P0, tp=5, ts=5, x0=615072235
P0, tp=5, ts=5, x0=442273573
P3, tp=5, ts=5
P1, tp=5, ts=5, x0=754464915
P2, tp=5, ts=5
P2, tp=5, ts=5
P3, tp=5, ts=5
P0, tp=5, ts=5, x0=839319789
P0, tp=5, ts=5, x0=439967705
P3, tp=5, ts=5
P1, tp=5, ts=5, x0=590881077
P3, tp=5, ts=5
P0, tp=5, ts=5, x0=12079716
P2, tp=5, ts=5
P1, tp=5, ts=5, x0=836770281
P1, tp=5, ts=5, x0=468373969
P1, tp=5, ts=5, x0=994114840
P0, tp=5, ts=5, x0=183324264
P1, tp=5, ts=5, x0=939198952
P1, tp=5, ts=5, x0=12079716
P3, tp=5, ts=5
P0, tp=5, ts=5, x0=439967705
P1, tp=5, ts=5, x0=824472041
P0, tp=5, ts=5, x0=430070623
P2, tp=5, ts=5
P3, tp=5, ts=5
P3, tp=5, ts=5
P3, tp=5, ts=5
P0, tp=5, ts=5, x0=82136293
P0, tp=5, ts=5, x0=994114840
P3, tp=5, ts=5
P0, tp=5, ts=5, x0=318199095
P0, tp=5, ts=5, x0=806354147
P2, tp=5, ts=5
P3, tp=5, ts=5
P0, tp=5, ts=5, x0=12079716
P2, tp=5, ts=5
P3, tp=5, ts=5
P2, tp=5, ts=5
P0, tp=5, ts=5, x0=169709190
P2, tp=5, ts=5
P1, tp=5, ts=5, x0=373087683
P3, tp=5, ts=5
P2, tp=5, ts=5
P1, tp=5, ts=5, x0=183324264
P2, tp=5, ts=5
P3, tp=5, ts=5
P2, tp=5, ts=5
P1, tp=5, ts=5, x0=765715713
P3, tp=5, ts=5
P0, tp=5, ts=5, x0=994114840
P2, tp=5, ts=5
P1, tp=5, ts=5, x0=754464915
P0, tp=5, ts=5, x0=909799951
P0, tp=5, ts=5, x0=794071699
P1, tp=5, ts=5, x0=831624436
P1, tp=5, ts=5, x0=326995960
P0, tp=5, ts=5, x0=87197547
P2, tp=5, ts=5
P2, tp=5, ts=5
P1, tp=5, ts=5, x0=780957688
P3, tp=5, ts=5
P3, tp=5, ts=5
P1, tp=5, ts=5, x0=649031231
P1, tp=5, ts=5, x0=354257193
P1, tp=5, ts=5, x0=688975503
P1, tp=5, ts=5, x0=199164441
P0, tp=5, ts=5, x0=410054227
P1, tp=5, ts=5, x0=995310227
P0, tp=5, ts=5, x0=20111226
P2, tp=5, ts=5
P2, tp=5, ts=5
P2, tp=5, ts=5
P0, tp=5, ts=5, x0=160723572
P3, tp=5, ts=5
P3, tp=5, ts=5
P0, tp=5, ts=5, x0=664244898
P3, tp=5, ts=5
P0, tp=5, ts=5, x0=182490672
P1, tp=5, ts=5, x0=87197547
P2, tp=5, ts=5
P2, tp=5, ts=5
P3, tp=5, ts=5
P0, tp=5, ts=5, x0=982149770
P0, tp=5, ts=5, x0=90917380
P3, tp=5, ts=5
P1, tp=5, ts=5, x0=169709190
P2, tp=5, ts=5
P0, tp=5, ts=5, x0=912261263
P1, tp=5, ts=5, x0=620741146
P2, tp=5, ts=5
P0, tp=5, ts=5, x0=543683985
P0, tp=5, ts=5, x0=160723572
P1, tp=5, ts=5, x0=765715713
P0, tp=5, ts=5, x0=649031231
P2, tp=5, ts=5
P0, tp=5, ts=5, x0=241274520
P0, tp=5, ts=5, x0=667668821
P2, tp=5, ts=5
P1, tp=5, ts=5, x0=475693241
P1, tp=5, ts=5, x0=410054227
P1, tp=5, ts=5, x0=615072235
P2, tp=5, ts=5
P3, tp=5, ts=5
P2, tp=5, ts=5
P3, tp=5, ts=5
P2, tp=5, ts=5
P2, tp=5, ts=5
P2, tp=5, ts=5
P1, tp=5, ts=5, x0=599149631
P1, tp=5, ts=5, x0=87197547
P1, tp=5, ts=5, x0=885480212
P1, tp=5, ts=5, x0=885480212
P2, tp=5, ts=5
P0, tp=5, ts=5, x0=468373969
P2, tp=5, ts=5
P3, tp=5, ts=5
P1, tp=5, ts=5, x0=81025596
P3, tp=5, ts=5
P0, tp=5, ts=5, x0=199164441
P2, tp=5, ts=5
P2, tp=5, ts=5
P1, tp=5, ts=5, x0=818659379
P3, tp=6, ts=6
P3, tp=6, ts=6
P2, tp=6, ts=6
P0, tp=6, ts=6, x0=475693241
P2, tp=6, ts=6
P2, tp=6, ts=6
P3, tp=6, ts=6
P3, tp=6, ts=6
P3, tp=6, ts=6
P3, tp=6, ts=6
P3, tp=6, ts=6
P2, tp=6, ts=6
P2, tp=6, ts=6
P1, tp=6, ts=6, x0=574345176
P1, tp=6, ts=6, x0=620741146
P0, tp=6, ts=6, x0=776569738
P2, tp=6, ts=6
P2, tp=6, ts=6
P3, tp=6, ts=6
P0, tp=6, ts=6, x0=87197547
P2, tp=6, ts=6
P2, tp=6, ts=6
P1, tp=6, ts=6, x0=754464915
P1, tp=6, ts=6, x0=936031920
P0, tp=6, ts=6, x0=565114233
P0, tp=6, ts=6, x0=680257802
P2, tp=6, ts=6
P0, tp=6, ts=6, x0=430070623
P2, tp=6, ts=6
P0, tp=6, ts=6, x0=794071699
P3, tp=6, ts=6
P3, tp=6, ts=6
P0, tp=6, ts=6, x0=410054227
P1, tp=6, ts=6, x0=571211854
P3, tp=6, ts=6
P3, tp=6, ts=6
P0, tp=6, ts=6, x0=410054227
P2, tp=6, ts=6
P2, tp=6, ts=6
P3, tp=6, ts=6
P3, tp=6, ts=6
P0, tp=6, ts=6, x0=909799951
P3, tp=6, ts=6
P1, tp=6, ts=6, x0=599149631
P0, tp=6, ts=6, x0=92432098
P3, tp=6, ts=6
P1, tp=6, ts=6, x0=389551132
P3, tp=6, ts=6
P0, tp=6, ts=6, x0=199169903
P1, tp=6, ts=6, x0=17971017
P2, tp=6, ts=6
P0, tp=6, ts=6, x0=430070623
P1, tp=6, ts=6, x0=590881077
P0, tp=6, ts=6, x0=475693241
P1, tp=6, ts=6, x0=254989333
P3, tp=6, ts=6
P3, tp=6, ts=6
P1, tp=6, ts=6, x0=468373969
P2, tp=6, ts=6
P2, tp=6, ts=6
P2, tp=6, ts=6
P1, tp=6, ts=6, x0=233656121
P1, tp=6, ts=6, x0=839319789
P0, tp=6, ts=6, x0=326995960
P0, tp=6, ts=6, x0=741333991
P3, tp=6, ts=6
P1, tp=6, ts=6, x0=620741146
P3, tp=6, ts=6
P2, tp=6, ts=6
P2, tp=6, ts=6
P2, tp=6, ts=6
P0, tp=6, ts=6, x0=885480212
P2, tp=6, ts=6
P0, tp=6, ts=6, x0=341761146
P2, tp=6, ts=6
P3, tp=6, ts=6
P2, tp=6, ts=6
P3, tp=6, ts=6
P1, tp=6, ts=6, x0=481711494
P2, tp=6, ts=6
P3, tp=6, ts=6
P0, tp=6, ts=6, x0=885480212
P1, tp=6, ts=6, x0=221601032
P3, tp=6, ts=6
P1, tp=6, ts=6, x0=183324264
P2, tp=6, ts=6
P0, tp=6, ts=6, x0=765715713
P0, tp=6, ts=6, x0=221601032
P1, tp=6, ts=6, x0=216984717
P2, tp=6, ts=6
P2, tp=6, ts=6
P2, tp=6, ts=6
P0, tp=6, ts=6, x0=118511531
P2, tp=6, ts=6
P1, tp=6, ts=6, x0=254989333
P2, tp=6, ts=6
P1, tp=6, ts=6, x0=87197547
P2, tp=6, ts=6
P0, tp=6, ts=6, x0=836770281
P3, tp=6, ts=6
P0, tp=6, ts=6, x0=917043297
P0, tp=6, ts=6, x0=831624436
P1, tp=6, ts=6, x0=20111226
P3, tp=6, ts=6
P3, tp=6, ts=6
P2, tp=6, ts=6
P0, tp=6, ts=6, x0=806354147
P1, tp=6, ts=6, x0=982149770
P1, tp=6, ts=6, x0=439967705
P3, tp=6, ts=6
P2, tp=6, ts=6
P3, tp=6, ts=6
P0, tp=6, ts=6, x0=649031231
P3, tp=6, ts=6
P1, tp=6, ts=6, x0=90917380
P2, tp=6, ts=6
P2, tp=6, ts=6
P0, tp=6, ts=6, x0=182490672
P2, tp=6, ts=6
P1, tp=6, ts=6, x0=543683985
P0, tp=6, ts=6, x0=17971017
P0, tp=6, ts=6, x0=524489671
P1, tp=6, ts=6, x0=579934140
P1, tp=6, ts=6, x0=599149631
P0, tp=6, ts=6, x0=59921851
P2, tp=6, ts=6
P3, tp=6, ts=6
P3, tp=6, ts=6
P1, tp=6, ts=6, x0=20111226
P1, tp=6, ts=6, x0=366588035
P1, tp=6, ts=6, x0=455918886
P0, tp=6, ts=6, x0=160723572
P1, tp=6, ts=6, x0=292911051
P0, tp=6, ts=6, x0=524489671
P2, tp=6, ts=6
P2, tp=6, ts=6
P3, tp=6, ts=6
P2, tp=6, ts=6
P3, tp=6, ts=6
P0, tp=6, ts=6, x0=946108616
P1, tp=6, ts=6, x0=615072235
P1, tp=6, ts=6, x0=722517836
P2, tp=6, ts=6
P0, tp=6, ts=6, x0=741333991
P1, tp=6, ts=6, x0=946108616
P1, tp=6, ts=6, x0=90917380
P2, tp=6, ts=6
P3, tp=6, ts=6
P2, tp=6, ts=6
P0, tp=6, ts=6, x0=912261263
P2, tp=6, ts=6
P2, tp=6, ts=6
P1, tp=6, ts=6, x0=574345176
P0, tp=6, ts=6, x0=995310227
P2, tp=6, ts=6
P1, tp=6, ts=6, x0=169709190
P2, tp=6, ts=6
P3, tp=6, ts=6
P1, tp=6, ts=6, x0=978093450
P2, tp=6, ts=6
P0, tp=6, ts=6, x0=598436321
P0, tp=6, ts=6, x0=776569738
P1, tp=6, ts=6, x0=848061216
P1, tp=6, ts=6, x0=574345176
P1, tp=6, ts=6, x0=599149631
P1, tp=6, ts=6, x0=597368580
P2, tp=6, ts=6
P1, tp=6, ts=6, x0=836770281
P1, tp=6, ts=6, x0=216984717
P2, tp=6, ts=6
P0, tp=6, ts=6, x0=780957688
P0, tp=6, ts=6, x0=559644849
P3, tp=6, ts=6
P0, tp=6, ts=6, x0=59921851
P0, tp=6, ts=6, x0=551719921
P3, tp=6, ts=6
P1, tp=6, ts=6, x0=680257802
P1, tp=6, ts=6, x0=20111226
P0, tp=6, ts=6, x0=399890356
P1, tp=6, ts=6, x0=373087683
P2, tp=6, ts=6
P3, tp=6, ts=6
P3, tp=6, ts=6
P0, tp=6, ts=6, x0=406345966
P3, tp=6, ts=6
P2, tp=6, ts=6
P3, tp=6, ts=6
P2, tp=6, ts=6
P3, tp=6, ts=6
P0, tp=6, ts=6, x0=836770281
P2, tp=6, ts=6
P2, tp=6, ts=6
P2, tp=6, ts=6
P1, tp=6, ts=6, x0=468373969
P0, tp=6, ts=6, x0=406345966
P2, tp=6, ts=6
P0, tp=6, ts=6, x0=132065159
P2, tp=6, ts=6
P3, tp=6, ts=6
P2, tp=6, ts=6
P0, tp=6, ts=6, x0=543683985
P0, tp=6, ts=6, x0=81025596
P3, tp=6, ts=6
P1, tp=6, ts=6, x0=688975503
P2, tp=6, ts=6
P0, tp=6, ts=6, x0=182490672
P2, tp=6, ts=6
P0, tp=6, ts=6, x0=848061216
P3, tp=6, ts=6
P3, tp=6, ts=6
P0, tp=6, ts=6, x0=524489671
P3, tp=6, ts=6
P1, tp=6, ts=6, x0=254989333
P3, tp=6, ts=6
P0, tp=6, ts=6, x0=78814145
P2, tp=6, ts=6
P1, tp=6, ts=6, x0=551719921
P2, tp=6, ts=6
P3, tp=6, ts=6
P1, tp=6, ts=6, x0=269860718
P1, tp=6, ts=6, x0=831624436
P3, tp=6, ts=6
P1, tp=6, ts=6, x0=132065159
P0, tp=6, ts=6, x0=81025596
P2, tp=6, ts=6
P1, tp=6, ts=6, x0=521629767
P0, tp=6, ts=6, x0=318199095
P1, tp=6, ts=6, x0=318199095
P2, tp=6, ts=6
P2, tp=6, ts=6
P3, tp=6, ts=6
P2, tp=6, ts=6
P1, tp=6, ts=6, x0=994114840
P0, tp=6, ts=6, x0=399890356
P3, tp=6, ts=6
P0, tp=6, ts=6, x0=551719921
P3, tp=6, ts=6
P3, tp=6, ts=6
P0, tp=6, ts=6, x0=322282226
P2, tp=6, ts=6
P3, tp=6, ts=6
P2, tp=6, ts=6
P0, tp=6, ts=6, x0=399274317
P1, tp=6, ts=6, x0=322282226
P0, tp=6, ts=6, x0=18066276
P1, tp=6, ts=6, x0=559644849
P2, tp=6, ts=6
P3, tp=6, ts=6
P0, tp=6, ts=6, x0=909799951
P1, tp=6, ts=6, x0=995310227
P0, tp=6, ts=6, x0=849138097
P1, tp=6, ts=6, x0=18066276
P1, tp=6, ts=6, x0=912261263
P3, tp=6, ts=6
P1, tp=6, ts=6, x0=78814145
P2, tp=6, ts=6
P3, tp=6, ts=6
P2, tp=6, ts=6
P3, tp=6, ts=6
P0, tp=6, ts=6, x0=221601032
P0, tp=6, ts=6, x0=521629767
P2, tp=6, ts=6
P0, tp=6, ts=6, x0=722517836
P2, tp=6, ts=6
P3, tp=6, ts=6
P2, tp=6, ts=6
P3, tp=6, ts=6
P0, tp=6, ts=6, x0=132065159
P0, tp=6, ts=6, x0=667668821
P0, tp=6, ts=6, x0=741333991
P3, tp=6, ts=6
P0, tp=6, ts=6, x0=406345966
P1, tp=6, ts=6, x0=824472041
P0, tp=6, ts=6, x0=399890356
P2, tp=6, ts=6
P0, tp=6, ts=6, x0=831624436
P1, tp=6, ts=6, x0=705656553
P2, tp=6, ts=6
P3, tp=6, ts=6
P0, tp=6, ts=6, x0=936031920
P2, tp=6, ts=6
P3, tp=6, ts=6
P3, tp=6, ts=6
P1, tp=6, ts=6, x0=216984717
P2, tp=6, ts=6
P1, tp=6, ts=6, x0=318199095
P3, tp=6, ts=6
P3, tp=6, ts=6
P2, tp=6, ts=6
P1, tp=6, ts=6, x0=341761146
P3, tp=6, ts=6
P1, tp=6, ts=6, x0=389551132
P2, tp=6, ts=6
P3, tp=6, ts=6
P1, tp=6, ts=6, x0=249338976
P2, tp=6, ts=6
P2, tp=6, ts=6
P0, tp=6, ts=6, x0=524489671
P0, tp=6, ts=6, x0=399274317
P3, tp=6, ts=6
P3, tp=6, ts=6
P0, tp=6, ts=6, x0=399274317
P3, tp=6, ts=6
P3, tp=6, ts=6
P2, tp=6, ts=6
P1, tp=6, ts=6, x0=442273573
P0, tp=6, ts=6, x0=754464915
P2, tp=6, ts=6
P0, tp=6, ts=6, x0=78814145
P0, tp=6, ts=6, x0=936031920
P2, tp=6, ts=6
P2, tp=6, ts=6
P2, tp=6, ts=6
P3, tp=6, ts=6
P2, tp=6, ts=6
P3, tp=6, ts=6
P2, tp=6, ts=6
P3, tp=6, ts=6
P1, tp=6, ts=6, x0=182490672
P0, tp=6, ts=6, x0=565114233
P0, tp=6, ts=6, x0=183324264
P3, tp=6, ts=6
P2, tp=6, ts=6
P1, tp=6, ts=6, x0=946108616
P2, tp=6, ts=6
P1, tp=6, ts=6, x0=322389486
P0, tp=6, ts=6, x0=269860718
P1, tp=6, ts=6, x0=216984717
P1, tp=6, ts=6, x0=597368580
P0, tp=6, ts=6, x0=39874208
P0, tp=6, ts=6, x0=12079716
P3, tp=6, ts=6
P0, tp=6, ts=6, x0=794071699
P1, tp=6, ts=6, x0=20111226
P0, tp=6, ts=6, x0=806354147
P1, tp=6, ts=6, x0=909799951
P2, tp=6, ts=6
P0, tp=6, ts=6, x0=824472041
P0, tp=6, ts=6, x0=885480212
P2, tp=6, ts=6
P1, tp=6, ts=6, x0=590881077
P3, tp=6, ts=6
P1, tp=6, ts=6, x0=705656553
P2, tp=6, ts=6
P0, tp=6, ts=6, x0=816575475
P3, tp=6, ts=6
P0, tp=6, ts=6, x0=92432098
P0, tp=6, ts=6, x0=521629767
P3, tp=6, ts=6
P2, tp=6, ts=6
P1, tp=6, ts=6, x0=269860718
P2, tp=6, ts=6
P1, tp=6, ts=6, x0=233656121
P3, tp=6, ts=6
P1, tp=6, ts=6, x0=17971017
P1, tp=6, ts=6, x0=341761146
P0, tp=6, ts=6, x0=912261263
P1, tp=6, ts=6, x0=132065159
P2, tp=6, ts=6
P0, tp=6, ts=6, x0=199169903
P1, tp=6, ts=6, x0=754464915
P1, tp=6, ts=6, x0=982149770
P3, tp=6, ts=6
P1, tp=6, ts=6, x0=92432098
P3, tp=6, ts=6
P0, tp=6, ts=6, x0=885480212
P0, tp=6, ts=6, x0=649031231
P3, tp=6, ts=6
P3, tp=6, ts=6
P0, tp=6, ts=6, x0=776569738
P2, tp=6, ts=6
P0, tp=6, ts=6, x0=378863705
P2, tp=6, ts=6
P1, tp=6, ts=6, x0=667668821
P1, tp=6, ts=6, x0=667668821
P1, tp=6, ts=6, x0=936031920
P1, tp=6, ts=6, x0=598436321
P1, tp=6, ts=6, x0=969360100
P0, tp=6, ts=6, x0=989717022
P2, tp=6, ts=6
P1, tp=6, ts=6, x0=615072235
P2, tp=6, ts=6
P2, tp=6, ts=6
P1, tp=6, ts=6, x0=824472041
P1, tp=6, ts=6, x0=571211854
P1, tp=6, ts=6, x0=447298760
P3, tp=6, ts=6
P0, tp=6, ts=6, x0=705656553
P3, tp=6, ts=6
P1, tp=6, ts=6, x0=556534690
P0, tp=6, ts=6, x0=216984717
P0, tp=6, ts=6, x0=39874208
P3, tp=6, ts=6
P3, tp=6, ts=6
P2, tp=6, ts=6
P2, tp=6, ts=6
P0, tp=6, ts=6, x0=524489671
P2, tp=6, ts=6
P1, tp=6, ts=6, x0=78814145
P1, tp=6, ts=6, x0=447298760
P2, tp=6, ts=6
P2, tp=6, ts=6
P1, tp=6, ts=6, x0=579934140
P2, tp=6, ts=6
P2, tp=6, ts=6
P1, tp=6, ts=6, x0=705656553
P0, tp=6, ts=6, x0=885480212
P1, tp=6, ts=6, x0=543683985
P1, tp=6, ts=6, x0=183324264
P2, tp=6, ts=6
P2, tp=6, ts=6
P1, tp=6, ts=6, x0=885480212
P2, tp=6, ts=6
P1, tp=6, ts=6, x0=82136293
P2, tp=6, ts=6
P3, tp=6, ts=6
P1, tp=6, ts=6, x0=417730769
P1, tp=6, ts=6, x0=939198952
P0, tp=6, ts=6, x0=216984717
P0, tp=6, ts=6, x0=565114233
P0, tp=6, ts=6, x0=571211854
P2, tp=6, ts=6
P1, tp=6, ts=6, x0=322282226
P0, tp=6, ts=6, x0=652906371
P1, tp=6, ts=6, x0=543683985
P2, tp=6, ts=6
P3, tp=6, ts=6
P1, tp=6, ts=6, x0=78814145
P3, tp=6, ts=6
P2, tp=6, ts=6
P1, tp=6, ts=6, x0=574345176
P1, tp=6, ts=6, x0=698420683
P2, tp=6, ts=6
P1, tp=6, ts=6, x0=978093450
P2, tp=6, ts=6
P1, tp=6, ts=6, x0=870850333
P1, tp=6, ts=6, x0=978093450
P3, tp=6, ts=6
P3, tp=6, ts=6
P1, tp=6, ts=6, x0=221601032
P3, tp=6, ts=6
P0, tp=6, ts=6, x0=806354147
P0, tp=6, ts=6, x0=839319789
P0, tp=6, ts=6, x0=818659379
P0, tp=6, ts=6, x0=417730769
P1, tp=6, ts=6, x0=468373969
P1, tp=6, ts=6, x0=936031920
P3, tp=6, ts=6
P0, tp=6, ts=6, x0=17971017
P2, tp=6, ts=6
P3, tp=6, ts=6
P0, tp=6, ts=6, x0=917043297
P3, tp=6, ts=6
P2, tp=6, ts=6
P2, tp=6, ts=6
P0, tp=6, ts=6, x0=597368580
P0, tp=6, ts=6, x0=326995960
P1, tp=6, ts=6, x0=459655874
P2, tp=6, ts=6
P1, tp=6, ts=6, x0=849138097
P3, tp=6, ts=6
P3, tp=6, ts=6
P2, tp=6, ts=6
P0, tp=6, ts=6, x0=521629767
P0, tp=6, ts=6, x0=978093450
P2, tp=6, ts=6
P0, tp=6, ts=6, x0=574345176
P1, tp=6, ts=6, x0=688975503
P0, tp=6, ts=6, x0=241274520
P1, tp=6, ts=6, x0=20111226
P0, tp=6, ts=6, x0=848061216
P1, tp=6, ts=6, x0=90917380
P1, tp=6, ts=6, x0=221601032
P1, tp=6, ts=6, x0=92432098
P2, tp=6, ts=6
P0, tp=6, ts=6, x0=455918886
P1, tp=6, ts=6, x0=649031231
P1, tp=6, ts=6, x0=680257802
P2, tp=6, ts=6
P3, tp=6, ts=6
P1, tp=6, ts=6, x0=816575475
P0, tp=6, ts=6, x0=59921851
P2, tp=6, ts=6
P1, tp=6, ts=6, x0=455918886
P1, tp=6, ts=6, x0=92432098
P3, tp=6, ts=6
P0, tp=6, ts=6, x0=269860718
P3, tp=6, ts=6
P2, tp=6, ts=6
P1, tp=6, ts=6, x0=399890356
P2, tp=6, ts=6
P3, tp=6, ts=6
P1, tp=6, ts=6, x0=780957688
P3, tp=6, ts=6
P1, tp=6, ts=6, x0=341761146
P1, tp=6, ts=6, x0=322389486
P3, tp=6, ts=6
P1, tp=6, ts=6, x0=556534690
P1, tp=6, ts=6, x0=199169903
P3, tp=6, ts=6
P1, tp=6, ts=6, x0=439967705
P3, tp=6, ts=6
P0, tp=6, ts=6, x0=322282226
P0, tp=6, ts=6, x0=259374227
P0, tp=6, ts=6, x0=241274520
P2, tp=6, ts=6
P1, tp=6, ts=6, x0=917043297
P2, tp=6, ts=6
P1, tp=6, ts=6, x0=652906371
P3, tp=6, ts=6
P3, tp=6, ts=6
P3, tp=6, ts=6
P3, tp=6, ts=6
P2, tp=6, ts=6
P2, tp=6, ts=6
P1, tp=6, ts=6, x0=59921851
P0, tp=6, ts=6, x0=537178841
P1, tp=6, ts=6, x0=936031920
P1, tp=6, ts=6, x0=322389486
P2, tp=6, ts=6
P2, tp=6, ts=6
P2, tp=6, ts=6
P2, tp=6, ts=6
P2, tp=6, ts=6
P0, tp=6, ts=6, x0=649031231
P2, tp=6, ts=6
P0, tp=6, ts=6, x0=107742758
P0, tp=6, ts=6, x0=87197547
P2, tp=6, ts=6
P0, tp=6, ts=6, x0=521629767
P0, tp=6, ts=6, x0=341761146
P2, tp=6, ts=6
P3, tp=6, ts=6
P3, tp=6, ts=6
P2, tp=6, ts=6
P3, tp=6, ts=6
P2, tp=6, ts=6
P1, tp=6, ts=6, x0=389551132
P3, tp=6, ts=6
P1, tp=6, ts=6, x0=785516389
P3, tp=6, ts=6
P2, tp=6, ts=6
P0, tp=6, ts=6, x0=969360100
P2, tp=6, ts=6
P0, tp=6, ts=6, x0=912261263
P1, tp=6, ts=6, x0=946108616
P3, tp=6, ts=6
P2, tp=6, ts=6
P0, tp=6, ts=6, x0=746052433
P3, tp=6, ts=6
P1, tp=6, ts=6, x0=490126166
P2, tp=6, ts=6
P0, tp=6, ts=6, x0=417730769
P0, tp=6, ts=6, x0=82136293
P1, tp=6, ts=6, x0=831624436
P1, tp=6, ts=6, x0=490126166
P3, tp=6, ts=6
P3, tp=6, ts=6
P3, tp=6, ts=6
P3, tp=6, ts=6
P0, tp=6, ts=6, x0=378863705
P3, tp=6, ts=6
P2, tp=6, ts=6
P1, tp=6, ts=6, x0=559644849
P1, tp=6, ts=6, x0=982149770
P1, tp=6, ts=6, x0=92432098
P1, tp=6, ts=6, x0=806503342
P2, tp=6, ts=6
P0, tp=6, ts=6, x0=107742758
P1, tp=6, ts=6, x0=326995960
P0, tp=6, ts=6, x0=622193866
P1, tp=6, ts=6, x0=322389486
P1, tp=6, ts=6, x0=969360100
P3, tp=6, ts=6
P2, tp=6, ts=6
P0, tp=6, ts=6, x0=221601032
P1, tp=6, ts=6, x0=848061216
P2, tp=6, ts=6
P2, tp=6, ts=6
P3, tp=6, ts=6
P3, tp=6, ts=6
P3, tp=6, ts=6
P2, tp=6, ts=6
P2, tp=6, ts=6
P0, tp=6, ts=6, x0=598436321
P2, tp=6, ts=6
P0, tp=6, ts=6, x0=417730769
P1, tp=6, ts=6, x0=765715713
P0, tp=6, ts=6, x0=936031920
P1, tp=6, ts=6, x0=604178919
P3, tp=6, ts=6
P0, tp=6, ts=6, x0=574345176
P0, tp=6, ts=6, x0=447298760
P0, tp=6, ts=6, x0=598436321
P1, tp=6, ts=6, x0=442273573
P2, tp=6, ts=6
P1, tp=6, ts=6, x0=132065159
P2, tp=6, ts=6
P2, tp=6, ts=6
P3, tp=6, ts=6
P2, tp=6, ts=6
P1, tp=6, ts=6, x0=909799951
P2, tp=6, ts=6
P1, tp=6, ts=6, x0=459655874
P0, tp=6, ts=6, x0=818659379
P2, tp=6, ts=6
P3, tp=6, ts=6
P2, tp=6, ts=6
P2, tp=6, ts=6
P1, tp=6, ts=6, x0=839319789
P1, tp=6, ts=6, x0=705656553
P2, tp=6, ts=6
P2, tp=6, ts=6
P1, tp=6, ts=6, x0=737714769
P3, tp=6, ts=6
P0, tp=6, ts=6, x0=667668821
P1, tp=6, ts=6, x0=521629767
P2, tp=6, ts=6
P1, tp=6, ts=6, x0=132065159
P1, tp=6, ts=6, x0=571211854
P3, tp=6, ts=6
P0, tp=6, ts=6, x0=909799951
P1, tp=6, ts=6, x0=667668821
P3, tp=6, ts=6
P1, tp=6, ts=6, x0=107742758
P1, tp=6, ts=6, x0=818659379
P1, tp=6, ts=6, x0=322282226
P0, tp=6, ts=6, x0=696011574
P3, tp=6, ts=6
P0, tp=6, ts=6, x0=836770281
P3, tp=6, ts=6
P3, tp=6, ts=6
P3, tp=6, ts=6
P1, tp=6, ts=6, x0=92432098
P3, tp=6, ts=6
P3, tp=6, ts=6
P2, tp=6, ts=6
P1, tp=6, ts=6, x0=447298760
P1, tp=6, ts=6, x0=969100848
P3, tp=6, ts=6
P0, tp=6, ts=6, x0=439967705
P0, tp=6, ts=6, x0=571211854
P3, tp=6, ts=6
P0, tp=6, ts=6, x0=909799951
P1, tp=6, ts=6, x0=322389486
P1, tp=6, ts=6, x0=628101130
P2, tp=6, ts=6
P0, tp=6, ts=6, x0=939198952
P2, tp=6, ts=6
P0, tp=6, ts=6, x0=490126166
P3, tp=6, ts=6
P1, tp=6, ts=6, x0=718815901
P1, tp=6, ts=6, x0=170535467
P1, tp=6, ts=6, x0=590881077
P1, tp=6, ts=6, x0=326995960
P3, tp=6, ts=6
P3, tp=6, ts=6
P1, tp=6, ts=6, x0=574345176
P3, tp=6, ts=6
P2, tp=6, ts=6
P0, tp=6, ts=6, x0=806503342
P0, tp=6, ts=6, x0=696011574
P0, tp=6, ts=6, x0=816575475
P2, tp=6, ts=6
P2, tp=6, ts=6
P1, tp=6, ts=6, x0=667668821
P0, tp=6, ts=6, x0=241274520
P3, tp=6, ts=6
P0, tp=6, ts=6, x0=521629767
P3, tp=6, ts=6
P2, tp=6, ts=6
P2, tp=6, ts=6
P0, tp=6, ts=6, x0=698420683
P3, tp=6, ts=6
P2, tp=6, ts=6
P2, tp=6, ts=6
P2, tp=6, ts=6
P0, tp=6, ts=6, x0=475693241
P0, tp=6, ts=6, x0=598436321
P2, tp=6, ts=6
P1, tp=6, ts=6, x0=989104036
P3, tp=6, ts=6
P3, tp=6, ts=6
P3, tp=6, ts=6
P3, tp=6, ts=6
P3, tp=6, ts=6
P2, tp=6, ts=6
P2, tp=6, ts=6
P1, tp=6, ts=6, x0=599149631
P2, tp=6, ts=6
P0, tp=6, ts=6, x0=132065159
P1, tp=6, ts=6, x0=746052433
P3, tp=6, ts=6
P0, tp=6, ts=6, x0=326995960
P1, tp=6, ts=6, x0=439967705
P3, tp=6, ts=6
P3, tp=6, ts=6
P1, tp=6, ts=6, x0=831624436
P2, tp=6, ts=6
P1, tp=6, ts=6, x0=135008159
P2, tp=6, ts=6
P1, tp=6, ts=6, x0=565114233
P1, tp=6, ts=6, x0=705656553
P0, tp=6, ts=6, x0=447298760
P0, tp=6, ts=6, x0=737714769
P2, tp=6, ts=6
P2, tp=6, ts=6
P1, tp=6, ts=6, x0=341761146
P2, tp=6, ts=6
P3, tp=6, ts=6
P1, tp=6, ts=6, x0=574345176
P3, tp=6, ts=6
P3, tp=6, ts=6
P0, tp=6, ts=6, x0=667668821
P1, tp=6, ts=6, x0=459655874
P1, tp=6, ts=6, x0=718815901
P2, tp=6, ts=6
P2, tp=6, ts=6
P3, tp=6, ts=6
P0, tp=6, ts=6, x0=579934140
P3, tp=6, ts=6
P0, tp=6, ts=6, x0=442273573
P3, tp=6, ts=6
P2, tp=6, ts=6
P0, tp=6, ts=6, x0=705656553
P3, tp=6, ts=6
P3, tp=6, ts=6
P3, tp=6, ts=6
P0, tp=6, ts=6, x0=341761146
P0, tp=6, ts=6, x0=765715713
P3, tp=6, ts=6
P0, tp=6, ts=6, x0=17971017
P1, tp=6, ts=6, x0=241274520
P2, tp=6, ts=6
P0, tp=6, ts=6, x0=776569738
P2, tp=6, ts=6
P1, tp=6, ts=6, x0=221601032
P2, tp=6, ts=6
P1, tp=6, ts=6, x0=909799951
P0, tp=6, ts=6, x0=78814145
P1, tp=6, ts=6, x0=389551132
P2, tp=6, ts=6
P0, tp=6, ts=6, x0=373087683
P2, tp=6, ts=6
P0, tp=6, ts=6, x0=447298760
P1, tp=6, ts=6, x0=78814145
P2, tp=6, ts=6
P1, tp=6, ts=6, x0=939198952
P0, tp=6, ts=6, x0=574345176
P1, tp=6, ts=6, x0=18066276
P1, tp=6, ts=6, x0=839319789
P0, tp=6, ts=6, x0=417730769
P0, tp=6, ts=6, x0=698420683
P2, tp=6, ts=6
P3, tp=6, ts=6
P3, tp=6, ts=6
P1, tp=6, ts=6, x0=455918886
P0, tp=6, ts=6, x0=806354147
P3, tp=6, ts=6
P3, tp=6, ts=6
P1, tp=6, ts=6, x0=652906371
P1, tp=6, ts=6, x0=664244898
P3, tp=6, ts=6
P3, tp=6, ts=6
P1, tp=6, ts=6, x0=885480212
P1, tp=6, ts=6, x0=664244898
P1, tp=6, ts=6, x0=978093450
P1, tp=6, ts=6, x0=135008159
P2, tp=6, ts=6
P3, tp=6, ts=6
P3, tp=6, ts=6
P3, tp=6, ts=6
P1, tp=6, ts=6, x0=468373969
P3, tp=6, ts=6
P0, tp=6, ts=6, x0=459655874
P2, tp=6, ts=6
P0, tp=6, ts=6, x0=389551132
P2, tp=6, ts=6
P3, tp=6, ts=6
P0, tp=6, ts=6, x0=559644849
P0, tp=6, ts=6, x0=366588035
P1, tp=6, ts=6, x0=804175966
P2, tp=6, ts=6
P2, tp=6, ts=6
P0, tp=6, ts=6, x0=831624436
P3, tp=6, ts=6
P1, tp=6, ts=6, x0=849138097
P3, tp=6, ts=6
P3, tp=6, ts=6
P2, tp=6, ts=6
P3, tp=6, ts=6
P3, tp=6, ts=6
P3, tp=6, ts=6
P3, tp=6, ts=6
P1, tp=6, ts=6, x0=629998525
P0, tp=6, ts=6, x0=20111226
P0, tp=6, ts=6, x0=571598936
P1, tp=6, ts=6, x0=696011574
P0, tp=6, ts=6, x0=598436321
P2, tp=6, ts=6
P3, tp=6, ts=6
P2, tp=6, ts=6
P2, tp=6, ts=6
P0, tp=6, ts=6, x0=912261263
P2, tp=6, ts=6
P2, tp=6, ts=6
P3, tp=6, ts=6
P2, tp=6, ts=6
P3, tp=6, ts=6
P1, tp=6, ts=6, x0=373087683
P3, tp=6, ts=6
P3, tp=6, ts=6
P3, tp=6, ts=6
P3, tp=6, ts=6
P0, tp=6, ts=6, x0=698420683
P2, tp=6, ts=6
P0, tp=6, ts=6, x0=269860718
P0, tp=6, ts=6, x0=698420683
P2, tp=6, ts=6
P0, tp=6, ts=6, x0=20111226
P2, tp=6, ts=6
P2, tp=6, ts=6
P1, tp=6, ts=6, x0=571598936
P1, tp=6, ts=6, x0=664244898
P1, tp=6, ts=6, x0=249338976
P3, tp=6, ts=6
P1, tp=6, ts=6, x0=301408761
P2, tp=6, ts=6
P3, tp=6, ts=6
P1, tp=6, ts=6, x0=785516389
P1, tp=6, ts=6, x0=705656553
P3, tp=6, ts=6
P1, tp=6, ts=6, x0=698420683
P3, tp=6, ts=6
P3, tp=6, ts=6
P1, tp=6, ts=6, x0=741333991
P3, tp=6, ts=6
P2, tp=6, ts=6
P0, tp=6, ts=6, x0=776569738
P2, tp=6, ts=6
P2, tp=6, ts=6
P3, tp=6, ts=6
P0, tp=6, ts=6, x0=199169903
P0, tp=6, ts=6, x0=912261263
P1, tp=6, ts=6, x0=182490672
P2, tp=6, ts=6
P1, tp=6, ts=6, x0=556534690
P3, tp=6, ts=6
P0, tp=6, ts=6, x0=241274520
P0, tp=6, ts=6, x0=18066276
P2, tp=6, ts=6
P3, tp=6, ts=6
P3, tp=6, ts=6
P0, tp=6, ts=6, x0=459655874
P1, tp=6, ts=6, x0=622193866
P0, tp=6, ts=6, x0=170535467
P1, tp=6, ts=6, x0=604178919
P2, tp=6, ts=6
P1, tp=6, ts=6, x0=691007781
P3, tp=6, ts=6
P3, tp=6, ts=6
P0, tp=6, ts=6, x0=836770281
P1, tp=6, ts=6, x0=991599736
P1, tp=6, ts=6, x0=216984717
P3, tp=6, ts=6
P0, tp=6, ts=6, x0=737714769
P1, tp=6, ts=6, x0=804175966
P2, tp=6, ts=6
P0, tp=6, ts=6, x0=989717022
P1, tp=6, ts=6, x0=574345176
P0, tp=6, ts=6, x0=604178919
P2, tp=6, ts=6
P0, tp=6, ts=6, x0=39874208
P1, tp=6, ts=6, x0=917043297
P2, tp=6, ts=6
P2, tp=6, ts=6
P0, tp=6, ts=6, x0=705656553
P2, tp=6, ts=6
P0, tp=6, ts=6, x0=785516389
P3, tp=6, ts=6
P0, tp=6, ts=6, x0=475693241
P0, tp=6, ts=6, x0=741333991
P0, tp=6, ts=6, x0=322389486
P1, tp=6, ts=6, x0=18066276
P3, tp=6, ts=6
P3, tp=6, ts=6
P3, tp=6, ts=6
P0, tp=6, ts=6, x0=917043297
P1, tp=6, ts=6, x0=776569738
P2, tp=6, ts=6
P3, tp=6, ts=6
P3, tp=6, ts=6
P0, tp=6, ts=6, x0=989717022
P0, tp=6, ts=6, x0=199169903
P1, tp=6, ts=6, x0=571211854
P1, tp=6, ts=6, x0=399274317
P1, tp=6, ts=6, x0=680257802
P0, tp=6, ts=6, x0=12079716
P0, tp=6, ts=6, x0=849138097
P2, tp=6, ts=6
P0, tp=6, ts=6, x0=667668821
P3, tp=6, ts=6
P3, tp=6, ts=6
P0, tp=6, ts=6, x0=199169903
P0, tp=6, ts=6, x0=321742630
P2, tp=6, ts=6
P1, tp=6, ts=6, x0=969360100
P3, tp=6, ts=6
P2, tp=6, ts=6
P0, tp=6, ts=6, x0=399274317
P1, tp=6, ts=6, x0=599149631
P3, tp=6, ts=6
P1, tp=6, ts=6, x0=991599736
P3, tp=6, ts=6
P2, tp=6, ts=6
P3, tp=6, ts=6
P0, tp=6, ts=6, x0=806354147
P0, tp=6, ts=6, x0=447298760
P3, tp=6, ts=6
P3, tp=6, ts=6
P1, tp=6, ts=6, x0=849138097
P2, tp=6, ts=6
P1, tp=6, ts=6, x0=187187076
P1, tp=6, ts=6, x0=818659379
P1, tp=6, ts=6, x0=229605487
P0, tp=6, ts=6, x0=909799951
P2, tp=6, ts=6
P2, tp=6, ts=6
P1, tp=6, ts=6, x0=615072235
P1, tp=6, ts=6, x0=551719921
P1, tp=6, ts=6, x0=741333991
P2, tp=6, ts=6
P0, tp=6, ts=6, x0=17971017
P2, tp=6, ts=6
P2, tp=6, ts=6
P3, tp=6, ts=6
P2, tp=6, ts=6
P3, tp=6, ts=6
P0, tp=6, ts=6, x0=604178919
P2, tp=6, ts=6
P0, tp=6, ts=6, x0=623237646
P3, tp=6, ts=6
P3, tp=6, ts=6
P2, tp=6, ts=6
P2, tp=6, ts=6
P3, tp=6, ts=6
P2, tp=6, ts=6
P3, tp=6, ts=6
P1, tp=6, ts=6, x0=839319789
P3, tp=6, ts=6
P0, tp=6, ts=6, x0=182490672
P0, tp=6, ts=6, x0=622193866
P2, tp=6, ts=6
P2, tp=6, ts=6
P3, tp=6, ts=6
P3, tp=6, ts=6
P3, tp=6, ts=6
P1, tp=6, ts=6, x0=39874208
P2, tp=6, ts=6
P2, tp=6, ts=6
P2, tp=6, ts=6
P3, tp=6, ts=6
P0, tp=6, ts=6, x0=326995960
P2, tp=6, ts=6
P3, tp=6, ts=6
P2, tp=6, ts=6
P1, tp=6, ts=6, x0=399274317
P2, tp=6, ts=6
P1, tp=6, ts=6, x0=322389486
P1, tp=6, ts=6, x0=574345176
P1, tp=6, ts=6, x0=824472041
P1, tp=6, ts=6, x0=598436321
P1, tp=6, ts=6, x0=447298760
P0, tp=6, ts=6, x0=499714986
P3, tp=6, ts=6
P0, tp=6, ts=6, x0=439967705
P0, tp=6, ts=6, x0=806503342
P1, tp=6, ts=6, x0=490126166
P2, tp=6, ts=6
P1, tp=6, ts=6, x0=524489671
P3, tp=6, ts=6
P0, tp=6, ts=6, x0=318199095
P0, tp=6, ts=6, x0=806503342
P0, tp=6, ts=6, x0=718815901
P2, tp=6, ts=6
P2, tp=6, ts=6
P2, tp=6, ts=6
P3, tp=6, ts=6
P3, tp=6, ts=6
P0, tp=6, ts=6, x0=442273573
P2, tp=6, ts=6
P3, tp=6, ts=6
P3, tp=6, ts=6
P1, tp=6, ts=6, x0=688975503
P0, tp=6, ts=6, x0=17971017
P2, tp=6, ts=6
P2, tp=6, ts=6
P3, tp=6, ts=6
P3, tp=6, ts=6
P3, tp=6, ts=6
P1, tp=7, ts=7, x0=989104036
P2, tp=7, ts=7
P0, tp=7, ts=7, x0=619507635
P2, tp=7, ts=7
P1, tp=7, ts=7, x0=579934140
P2, tp=7, ts=7
P0, tp=7, ts=7, x0=559644849
P1, tp=7, ts=7, x0=652906371
P0, tp=7, ts=7, x0=885480212
P3, tp=7, ts=7
P2, tp=7, ts=7
P1, tp=7, ts=7, x0=978093450
P2, tp=7, ts=7
P1, tp=7, ts=7, x0=895944523
P0, tp=7, ts=7, x0=574345176
P2, tp=7, ts=7
P1, tp=7, ts=7, x0=978093450
P2, tp=7, ts=7
P3, tp=7, ts=7
P0, tp=7, ts=7, x0=212977446
P2, tp=7, ts=7
P0, tp=7, ts=7, x0=212977446
P0, tp=7, ts=7, x0=848061216
P0, tp=7, ts=7, x0=622193866
P0, tp=7, ts=7, x0=447298760
P3, tp=7, ts=7
P3, tp=7, ts=7
P2, tp=7, ts=7
P0, tp=7, ts=7, x0=598436321
P0, tp=7, ts=7, x0=249338976
P2, tp=7, ts=7
P1, tp=7, ts=7, x0=439967705
P3, tp=7, ts=7
P3, tp=7, ts=7
P2, tp=7, ts=7
P3, tp=7, ts=7
P2, tp=7, ts=7
P2, tp=7, ts=7
P2, tp=7, ts=7
P1, tp=7, ts=7, x0=399274317
P2, tp=7, ts=7
P0, tp=7, ts=7, x0=182490672
P0, tp=7, ts=7, x0=187187076
P1, tp=7, ts=7, x0=737714769
P2, tp=7, ts=7
P1, tp=7, ts=7, x0=559644849
P3, tp=7, ts=7
P0, tp=7, ts=7, x0=785516389
P0, tp=7, ts=7, x0=322389486
P3, tp=7, ts=7
P1, tp=7, ts=7, x0=454979003
P1, tp=7, ts=7, x0=31049026
P0, tp=7, ts=7, x0=39874208
P1, tp=7, ts=7, x0=753279535
P3, tp=7, ts=7
P3, tp=7, ts=7
P1, tp=7, ts=7, x0=804175966
P3, tp=7, ts=7
P0, tp=7, ts=7, x0=804175966
P0, tp=7, ts=7, x0=590881077
P1, tp=7, ts=7, x0=325560851
P0, tp=7, ts=7, x0=475693241
P2, tp=7, ts=7
P3, tp=7, ts=7
P0, tp=7, ts=7, x0=746052433
P0, tp=7, ts=7, x0=39874208
P3, tp=7, ts=7
P3, tp=7, ts=7
P3, tp=7, ts=7
P1, tp=7, ts=7, x0=571211854
P2, tp=7, ts=7
P2, tp=7, ts=7
P2, tp=7, ts=7
P0, tp=7, ts=7, x0=259374227
P3, tp=7, ts=7
P3, tp=7, ts=7
P2, tp=7, ts=7
P2, tp=7, ts=7
P0, tp=7, ts=7, x0=652906371
P2, tp=7, ts=7
P2, tp=7, ts=7
P2, tp=7, ts=7
P2, tp=7, ts=7
P3, tp=7, ts=7
P0, tp=7, ts=7, x0=229605487
P0, tp=7, ts=7, x0=521629767
P3, tp=7, ts=7
P0, tp=7, ts=7, x0=78814145
P3, tp=7, ts=7
P1, tp=7, ts=7, x0=571211854
P1, tp=7, ts=7, x0=939198952
P1, tp=7, ts=7, x0=326995960
P3, tp=7, ts=7
P0, tp=7, ts=7, x0=326995960
P0, tp=7, ts=7, x0=804175966
P1, tp=7, ts=7, x0=459655874
P2, tp=7, ts=7
P1, tp=7, ts=7, x0=818659379
P1, tp=7, ts=7, x0=818659379
P3, tp=7, ts=7
P1, tp=7, ts=7, x0=454979003
P3, tp=7, ts=7
P0, tp=7, ts=7, x0=705656553
P1, tp=7, ts=7, x0=895944523
P0, tp=7, ts=7, x0=909799951
P1, tp=7, ts=7, x0=664244898
P3, tp=7, ts=7
P1, tp=7, ts=7, x0=571211854
P0, tp=7, ts=7, x0=604178919
P1, tp=7, ts=7, x0=490126166
P0, tp=7, ts=7, x0=946108616
P1, tp=7, ts=7, x0=691007781
P1, tp=7, ts=7, x0=579934140
P2, tp=7, ts=7
P1, tp=7, ts=7, x0=475693241
P1, tp=7, ts=7, x0=978093450
P3, tp=7, ts=7
P0, tp=7, ts=7, x0=737714769
P0, tp=7, ts=7, x0=590881077
P3, tp=7, ts=7
P3, tp=7, ts=7
P1, tp=7, ts=7, x0=475693241
P1, tp=7, ts=7, x0=776569738
P2, tp=7, ts=7
P0, tp=7, ts=7, x0=459655874
P3, tp=7, ts=7
P2, tp=7, ts=7
P1, tp=7, ts=7, x0=839319789
P1, tp=7, ts=7, x0=199169903
P1, tp=7, ts=7, x0=417730769
P2, tp=7, ts=7
P1, tp=7, ts=7, x0=746052433
P2, tp=7, ts=7
P1, tp=7, ts=7, x0=885480212
P1, tp=7, ts=7, x0=512089808
P0, tp=7, ts=7, x0=31049026
P1, tp=7, ts=7, x0=785516389
P1, tp=7, ts=7, x0=521629767
P1, tp=7, ts=7, x0=806354147
P2, tp=7, ts=7
P0, tp=7, ts=7, x0=132065159
P1, tp=7, ts=7, x0=154772311
P0, tp=7, ts=7, x0=909799951
P3, tp=7, ts=7
P2, tp=7, ts=7
P2, tp=7, ts=7
P2, tp=7, ts=7
P3, tp=7, ts=7
P2, tp=7, ts=7
P0, tp=7, ts=7, x0=652906371
P3, tp=7, ts=7
P0, tp=7, ts=7, x0=804175966
P1, tp=7, ts=7, x0=667668821
P2, tp=7, ts=7
P2, tp=7, ts=7
P3, tp=7, ts=7
P2, tp=7, ts=7
P2, tp=7, ts=7
P2, tp=7, ts=7
P2, tp=7, ts=7
P1, tp=7, ts=7, x0=696011574
P3, tp=7, ts=7
P2, tp=7, ts=7
P2, tp=7, ts=7
P2, tp=7, ts=7
P1, tp=7, ts=7, x0=604178919
P1, tp=7, ts=7, x0=490126166
P2, tp=7, ts=7
P3, tp=7, ts=7
P2, tp=7, ts=7
P1, tp=7, ts=7, x0=818659379
P2, tp=7, ts=7
P3, tp=7, ts=7
P0, tp=7, ts=7, x0=259374227
P1, tp=7, ts=7, x0=806354147
P0, tp=7, ts=7, x0=325560851
P1, tp=7, ts=7, x0=87197547
P1, tp=7, ts=7, x0=525505566
P0, tp=7, ts=7, x0=623237646
P2, tp=7, ts=7
P3, tp=7, ts=7
P2, tp=7, ts=7
P3, tp=7, ts=7
P3, tp=7, ts=7
P3, tp=7, ts=7
P3, tp=7, ts=7
P2, tp=7, ts=7
P1, tp=7, ts=7, x0=939198952
P3, tp=7, ts=7
P3, tp=7, ts=7
P0, tp=7, ts=7, x0=132065159
P3, tp=7, ts=7
P1, tp=7, ts=7, x0=92536549
P2, tp=7, ts=7
P1, tp=7, ts=7, x0=249338976
P1, tp=7, ts=7, x0=92536549
P1, tp=7, ts=7, x0=222134378
P0, tp=7, ts=7, x0=170535467
P2, tp=7, ts=7
P3, tp=7, ts=7
P0, tp=7, ts=7, x0=818659379
P1, tp=7, ts=7, x0=417730769
P1, tp=7, ts=7, x0=459655874
P3, tp=7, ts=7
P1, tp=7, ts=7, x0=982063016
P0, tp=7, ts=7, x0=652906371
P3, tp=7, ts=7
P0, tp=7, ts=7, x0=806354147
P1, tp=7, ts=7, x0=579934140
P3, tp=7, ts=7
P3, tp=7, ts=7
P1, tp=7, ts=7, x0=715448842
P1, tp=7, ts=7, x0=917043297
P2, tp=7, ts=7
P0, tp=7, ts=7, x0=652906371
P2, tp=7, ts=7
P2, tp=7, ts=7
P3, tp=7, ts=7
P3, tp=7, ts=7
P2, tp=7, ts=7
P0, tp=7, ts=7, x0=321742630
P2, tp=7, ts=7
P2, tp=7, ts=7
P3, tp=7, ts=7
P2, tp=7, ts=7
P0, tp=7, ts=7, x0=170535467
P2, tp=7, ts=7
P0, tp=7, ts=7, x0=604178919
P1, tp=7, ts=7, x0=273509818
P3, tp=7, ts=7
P3, tp=7, ts=7
P3, tp=7, ts=7
P2, tp=7, ts=7
P0, tp=7, ts=7, x0=499714986
P2, tp=7, ts=7
P3, tp=7, ts=7
P2, tp=7, ts=7
P0, tp=7, ts=7, x0=688975503
P1, tp=7, ts=7, x0=326995960
P3, tp=7, ts=7
P3, tp=7, ts=7
P1, tp=7, ts=7, x0=39874208
P3, tp=7, ts=7
P1, tp=7, ts=7, x0=579934140
P3, tp=7, ts=7
P1, tp=7, ts=7, x0=937041280
P3, tp=7, ts=7
P1, tp=7, ts=7, x0=325560851
P1, tp=7, ts=7, x0=39874208
P1, tp=7, ts=7, x0=187187076
P0, tp=7, ts=7, x0=939198952
P3, tp=7, ts=7
P3, tp=7, ts=7
P0, tp=7, ts=7, x0=521629767
P2, tp=7, ts=7
P0, tp=7, ts=7, x0=652906371
P1, tp=7, ts=7, x0=499714986
P2, tp=7, ts=7
P0, tp=7, ts=7, x0=579934140
P1, tp=7, ts=7, x0=378863705
P3, tp=7, ts=7
P0, tp=7, ts=7, x0=322389486
P0, tp=7, ts=7, x0=969100848
P2, tp=7, ts=7
P3, tp=7, ts=7
P1, tp=7, ts=7, x0=705656553
P1, tp=7, ts=7, x0=917043297
P2, tp=7, ts=7
P3, tp=7, ts=7
P1, tp=7, ts=7, x0=301408761
P3, tp=7, ts=7
P3, tp=7, ts=7
P3, tp=7, ts=7
P0, tp=7, ts=7, x0=229605487
P2, tp=7, ts=7
P3, tp=7, ts=7
P2, tp=7, ts=7
P0, tp=7, ts=7, x0=598436321
P0, tp=7, ts=7, x0=82136293
P2, tp=7, ts=7
P2, tp=7, ts=7
P1, tp=7, ts=7, x0=622193866
P2, tp=7, ts=7
P3, tp=7, ts=7
P1, tp=7, ts=7, x0=870850333
P2, tp=7, ts=7
P1, tp=7, ts=7, x0=623237646
P0, tp=7, ts=7, x0=895944523
P2, tp=7, ts=7
P2, tp=7, ts=7
P1, tp=7, ts=7, x0=78814145
P1, tp=7, ts=7, x0=326995960
P0, tp=7, ts=7, x0=989717022
P1, tp=7, ts=7, x0=439967705
P1, tp=7, ts=7, x0=818659379
P2, tp=7, ts=7
P1, tp=7, ts=7, x0=969360100
P1, tp=7, ts=7, x0=574345176
P2, tp=7, ts=7
P2, tp=7, ts=7
P3, tp=7, ts=7
P2, tp=7, ts=7
P0, tp=7, ts=7, x0=885480212
P3, tp=7, ts=7
P3, tp=7, ts=7
P3, tp=7, ts=7
P3, tp=7, ts=7
P3, tp=7, ts=7
P0, tp=7, ts=7, x0=551719921
P1, tp=7, ts=7, x0=366588035
P1, tp=7, ts=7, x0=836770281
P0, tp=7, ts=7, x0=623237646
P1, tp=7, ts=7, x0=698420683
P1, tp=7, ts=7, x0=459655874
P2, tp=7, ts=7
P1, tp=7, ts=7, x0=417730769
P2, tp=7, ts=7
P2, tp=7, ts=7
P1, tp=7, ts=7, x0=373087683
P1, tp=7, ts=7, x0=326995960
P1, tp=7, ts=7, x0=590881077
P3, tp=7, ts=7
P2, tp=7, ts=7
P2, tp=7, ts=7
P1, tp=7, ts=7, x0=355157195
P0, tp=7, ts=7, x0=18066276
P3, tp=7, ts=7
P1, tp=7, ts=7, x0=571598936
P2, tp=7, ts=7
P2, tp=7, ts=7
P2, tp=7, ts=7
P1, tp=7, ts=7, x0=524489671
P1, tp=7, ts=7, x0=785516389
P3, tp=7, ts=7
P0, tp=7, ts=7, x0=969100848
P0, tp=7, ts=7, x0=693249006
P3, tp=7, ts=7
P3, tp=7, ts=7
P3, tp=7, ts=7
P3, tp=7, ts=7
P1, tp=7, ts=7, x0=806503342
P1, tp=7, ts=7, x0=849138097
P0, tp=7, ts=7, x0=804175966
P3, tp=7, ts=7
P1, tp=7, ts=7, x0=804175966
P3, tp=7, ts=7
P1, tp=7, ts=7, x0=490126166
P3, tp=7, ts=7
P0, tp=7, ts=7, x0=571211854
P0, tp=7, ts=7, x0=762018434
P1, tp=7, ts=7, x0=991599736
P2, tp=7, ts=7
P1, tp=7, ts=7, x0=301408761
P2, tp=7, ts=7
P1, tp=7, ts=7, x0=885480212
P0, tp=7, ts=7, x0=982063016
P3, tp=7, ts=7
P1, tp=7, ts=7, x0=746052433
P1, tp=7, ts=7, x0=652906371
P3, tp=7, ts=7
P3, tp=7, ts=7
P3, tp=7, ts=7
P2, tp=7, ts=7
P1, tp=7, ts=7, x0=389551132
P1, tp=7, ts=7, x0=994114840
P2, tp=7, ts=7
P0, tp=7, ts=7, x0=170535467
P0, tp=7, ts=7, x0=885480212
P2, tp=7, ts=7
P0, tp=7, ts=7, x0=454979003
P2, tp=7, ts=7
P3, tp=7, ts=7
P0, tp=7, ts=7, x0=715448842
P3, tp=7, ts=7
P3, tp=7, ts=7
P2, tp=7, ts=7
P1, tp=7, ts=7, x0=222134378
P0, tp=7, ts=7, x0=92432098
P2, tp=7, ts=7
P0, tp=7, ts=7, x0=937041280
P2, tp=7, ts=7
P2, tp=7, ts=7
P3, tp=7, ts=7
P3, tp=7, ts=7
P0, tp=7, ts=7, x0=937041280
P2, tp=7, ts=7
P2, tp=7, ts=7
P3, tp=7, ts=7
P1, tp=7, ts=7, x0=490126166
P2, tp=7, ts=7
P2, tp=7, ts=7
P2, tp=7, ts=7
P3, tp=7, ts=7
P1, tp=7, ts=7, x0=994114840
P2, tp=7, ts=7
P2, tp=7, ts=7
P3, tp=7, ts=7
P1, tp=7, ts=7, x0=885480212
P2, tp=7, ts=7
P0, tp=7, ts=7, x0=537178841
P1, tp=7, ts=7, x0=39874208
P3, tp=7, ts=7
P1, tp=7, ts=7, x0=629998525
P1, tp=7, ts=7, x0=221601032
P3, tp=7, ts=7
P1, tp=7, ts=7, x0=629998525
P1, tp=7, ts=7, x0=969360100
P1, tp=7, ts=7, x0=994114840
P1, tp=7, ts=7, x0=454979003
P2, tp=7, ts=7
P2, tp=7, ts=7
P2, tp=7, ts=7
P0, tp=7, ts=7, x0=187187076
P3, tp=7, ts=7
P1, tp=7, ts=7, x0=622193866
P3, tp=7, ts=7
P0, tp=7, ts=7, x0=229605487
P1, tp=7, ts=7, x0=831624436
P3, tp=7, ts=7
P1, tp=7, ts=7, x0=574345176
P1, tp=7, ts=7, x0=989717022
P1, tp=7, ts=7, x0=355157195
P1, tp=7, ts=7, x0=806503342
P0, tp=7, ts=7, x0=292814440
P3, tp=7, ts=7
P2, tp=7, ts=7
P2, tp=7, ts=7
P3, tp=7, ts=7
P2, tp=7, ts=7
P3, tp=7, ts=7
P3, tp=7, ts=7
P3, tp=7, ts=7
P1, tp=7, ts=7, x0=831624436
P3, tp=7, ts=7
P1, tp=7, ts=7, x0=599149631
P1, tp=7, ts=7, x0=574345176
P3, tp=7, ts=7
P1, tp=7, ts=7, x0=373087683
P1, tp=7, ts=7, x0=154772311
P3, tp=7, ts=7
P1, tp=7, ts=7, x0=87197547
P1, tp=7, ts=7, x0=693249006
P2, tp=7, ts=7
P1, tp=7, ts=7, x0=776569738
P3, tp=7, ts=7
P3, tp=7, ts=7
P0, tp=7, ts=7, x0=870850333
P3, tp=7, ts=7
P1, tp=7, ts=7, x0=512089808
P2, tp=7, ts=7
P1, tp=7, ts=7, x0=590881077
P1, tp=7, ts=7, x0=249338976
P2, tp=7, ts=7
P2, tp=7, ts=7
P1, tp=7, ts=7, x0=554368371
P3, tp=7, ts=7
P0, tp=7, ts=7, x0=82136293
P2, tp=7, ts=7
P1, tp=7, ts=7, x0=762018434
P2, tp=7, ts=7
P2, tp=7, ts=7
P0, tp=7, ts=7, x0=746052433
P3, tp=7, ts=7
P1, tp=7, ts=7, x0=222134378
P2, tp=7, ts=7
P1, tp=7, ts=7, x0=746052433
P1, tp=7, ts=7, x0=718815901
P2, tp=7, ts=7
P3, tp=7, ts=7
P3, tp=7, ts=7
P2, tp=7, ts=7
P3, tp=7, ts=7
P0, tp=7, ts=7, x0=325560851
P0, tp=7, ts=7, x0=571598936
P0, tp=7, ts=7, x0=286514879
P1, tp=7, ts=7, x0=599149631
P1, tp=7, ts=7, x0=705656553
P2, tp=7, ts=7
P0, tp=7, ts=7, x0=92536549
P3, tp=7, ts=7
P3, tp=7, ts=7
P3, tp=7, ts=7
P2, tp=7, ts=7
P0, tp=7, ts=7, x0=554368371
P3, tp=7, ts=7
P3, tp=7, ts=7
P2, tp=7, ts=7
P3, tp=7, ts=7
P0, tp=7, ts=7, x0=229605487
P1, tp=7, ts=7, x0=909799951
P3, tp=7, ts=7
P0, tp=7, ts=7, x0=454979003
P1, tp=7, ts=7, x0=273509818
P1, tp=7, ts=7, x0=125622291
P3, tp=7, ts=7
P3, tp=7, ts=7
P3, tp=7, ts=7
P3, tp=7, ts=7
P1, tp=7, ts=7, x0=718815901
P3, tp=7, ts=7
P3, tp=7, ts=7
P2, tp=7, ts=7
P0, tp=7, ts=7, x0=579934140
P1, tp=7, ts=7, x0=399890356
P2, tp=7, ts=7
P0, tp=7, ts=7, x0=413631096
P3, tp=7, ts=7
P1, tp=7, ts=7, x0=785516389
P3, tp=7, ts=7
P1, tp=7, ts=7, x0=917043297
P1, tp=7, ts=7, x0=991599736
P1, tp=7, ts=7, x0=804175966
P1, tp=7, ts=7, x0=229605487
P2, tp=7, ts=7
P1, tp=7, ts=7, x0=824472041
P3, tp=7, ts=7
P1, tp=7, ts=7, x0=960841218
P0, tp=7, ts=7, x0=92432098
P3, tp=7, ts=7
P3, tp=7, ts=7
P3, tp=7, ts=7
P2, tp=7, ts=7
P1, tp=7, ts=7, x0=804175966
P3, tp=7, ts=7
P2, tp=7, ts=7
P1, tp=7, ts=7, x0=946108616
P2, tp=7, ts=7
P1, tp=7, ts=7, x0=804175966
P1, tp=7, ts=7, x0=318199095
P2, tp=7, ts=7
P3, tp=7, ts=7
P1, tp=7, ts=7, x0=373087683
P0, tp=7, ts=7, x0=78814145
P1, tp=7, ts=7, x0=917043297
P0, tp=7, ts=7, x0=3112968
P3, tp=7, ts=7
P2, tp=7, ts=7
P0, tp=7, ts=7, x0=831624436
P3, tp=7, ts=7
P0, tp=7, ts=7, x0=806503342
P1, tp=7, ts=7, x0=556534690
P1, tp=7, ts=7, x0=31049026
P1, tp=7, ts=7, x0=783380479
P2, tp=7, ts=7
P3, tp=7, ts=7
P3, tp=7, ts=7
P2, tp=7, ts=7
P3, tp=7, ts=7
P0, tp=7, ts=7, x0=946108616
P1, tp=7, ts=7, x0=737714769
P2, tp=7, ts=7
P3, tp=7, ts=7
P0, tp=7, ts=7, x0=619507635
P2, tp=7, ts=7
P1, tp=7, ts=7, x0=673756487
P0, tp=7, ts=7, x0=355157195
P2, tp=7, ts=7
P3, tp=7, ts=7
P2, tp=7, ts=7
P0, tp=7, ts=7, x0=982063016
P0, tp=7, ts=7, x0=565114233
P0, tp=7, ts=7, x0=399890356
P3, tp=7, ts=7
P2, tp=7, ts=7
P2, tp=7, ts=7
P2, tp=7, ts=7
P2, tp=7, ts=7
P1, tp=7, ts=7, x0=718815901
P3, tp=7, ts=7
P1, tp=7, ts=7, x0=565114233
P2, tp=7, ts=7
P0, tp=7, ts=7, x0=776569738
P3, tp=7, ts=7
P0, tp=7, ts=7, x0=989104036
P0, tp=7, ts=7, x0=776569738
P0, tp=7, ts=7, x0=20111226
P3, tp=7, ts=7
P3, tp=7, ts=7
P2, tp=7, ts=7
P2, tp=7, ts=7
P0, tp=7, ts=7, x0=301408761
P0, tp=7, ts=7, x0=917043297
P1, tp=7, ts=7, x0=991599736
P2, tp=7, ts=7
P0, tp=7, ts=7, x0=783380479
P1, tp=7, ts=7, x0=696011574
P3, tp=7, ts=7
P0, tp=7, ts=7, x0=629998525
P0, tp=7, ts=7, x0=571598936
P3, tp=7, ts=7
P2, tp=7, ts=7
P2, tp=7, ts=7
P0, tp=7, ts=7, x0=867276917
P0, tp=7, ts=7, x0=459655874
P0, tp=7, ts=7, x0=783380479
P3, tp=7, ts=7
P2, tp=7, ts=7
P2, tp=7, ts=7
P2, tp=7, ts=7
P2, tp=7, ts=7
P0, tp=7, ts=7, x0=78814145
P3, tp=7, ts=7
P1, tp=7, ts=7, x0=490126166
P1, tp=7, ts=7, x0=867276917
P1, tp=7, ts=7, x0=673756487
P2, tp=7, ts=7
P0, tp=7, ts=7, x0=652906371
P1, tp=7, ts=7, x0=413631096
P3, tp=7, ts=7
P2, tp=7, ts=7
P3, tp=7, ts=7
P0, tp=7, ts=7, x0=849138097
P3, tp=7, ts=7
P1, tp=7, ts=7, x0=249338976
P0, tp=7, ts=7, x0=417730769
P2, tp=7, ts=7
P1, tp=7, ts=7, x0=31049026
P3, tp=7, ts=7
P2, tp=7, ts=7
P2, tp=7, ts=7
P2, tp=7, ts=7
P2, tp=7, ts=7
P0, tp=7, ts=7, x0=326995960
P0, tp=7, ts=7, x0=574345176
P0, tp=7, ts=7, x0=399890356
P3, tp=7, ts=7
P0, tp=7, ts=7, x0=222134378
P0, tp=7, ts=7, x0=273509818
P1, tp=7, ts=7, x0=762018434
P3, tp=7, ts=7
P3, tp=7, ts=7
P1, tp=7, ts=7, x0=623237646
P0, tp=7, ts=7, x0=118185026
P0, tp=7, ts=7, x0=118185026
P3, tp=7, ts=7
P0, tp=7, ts=7, x0=512089808
P2, tp=7, ts=7
P2, tp=7, ts=7
P0, tp=7, ts=7, x0=559644849
P1, tp=7, ts=7, x0=565114233
P3, tp=7, ts=7
P0, tp=7, ts=7, x0=693249006
P1, tp=7, ts=7, x0=594189553
P1, tp=7, ts=7, x0=18066276
P0, tp=7, ts=7, x0=286514879
P0, tp=7, ts=7, x0=135008159
P1, tp=7, ts=7, x0=598436321
P1, tp=7, ts=7, x0=132065159
P0, tp=7, ts=7, x0=199169903
P0, tp=7, ts=7, x0=574345176
P2, tp=7, ts=7
P0, tp=7, ts=7, x0=845674636
P2, tp=7, ts=7
P3, tp=7, ts=7
P1, tp=7, ts=7, x0=870850333
P1, tp=7, ts=7, x0=301408761
P2, tp=7, ts=7
P2, tp=7, ts=7
P3, tp=7, ts=7
P1, tp=7, ts=7, x0=455918886
P2, tp=7, ts=7
P1, tp=7, ts=7, x0=92432098
P3, tp=7, ts=7
P0, tp=7, ts=7, x0=118185026
P3, tp=7, ts=7
P0, tp=7, ts=7, x0=180532790
P1, tp=7, ts=7, x0=652906371
P3, tp=7, ts=7
P3, tp=7, ts=7
P3, tp=7, ts=7
P3, tp=7, ts=7
P3, tp=7, ts=7
P1, tp=7, ts=7, x0=326995960
P2, tp=7, ts=7
P3, tp=7, ts=7
P3, tp=7, ts=7
P1, tp=7, ts=7, x0=199169903
P3, tp=7, ts=7
P0, tp=7, ts=7, x0=269660228
P3, tp=7, ts=7
P2, tp=7, ts=7
P1, tp=7, ts=7, x0=187187076
P2, tp=7, ts=7
P2, tp=7, ts=7
P0, tp=7, ts=7, x0=982063016
P2, tp=7, ts=7
P0, tp=7, ts=7, x0=661543397
P1, tp=7, ts=7, x0=373087683
P3, tp=7, ts=7
P3, tp=7, ts=7
P1, tp=7, ts=7, x0=222134378
P3, tp=7, ts=7
P1, tp=7, ts=7, x0=969360100
P1, tp=7, ts=7, x0=571211854
P1, tp=7, ts=7, x0=193706648
P1, tp=7, ts=7, x0=619507635
P1, tp=7, ts=7, x0=571211854
P2, tp=7, ts=7
P0, tp=7, ts=7, x0=199169903
P1, tp=7, ts=7, x0=622193866
P2, tp=7, ts=7
P2, tp=7, ts=7
P2, tp=7, ts=7
P3, tp=7, ts=7
P3, tp=7, ts=7
P0, tp=7, ts=7, x0=132065159
P1, tp=7, ts=7, x0=39715806
P0, tp=7, ts=7, x0=762018434
P3, tp=7, ts=7
P0, tp=7, ts=7, x0=715448842
P3, tp=7, ts=7
P1, tp=7, ts=7, x0=673756487
P1, tp=7, ts=7, x0=366588035
P3, tp=7, ts=7
P1, tp=7, ts=7, x0=551719921
P2, tp=7, ts=7
P3, tp=7, ts=7
P3, tp=7, ts=7
P0, tp=7, ts=7, x0=571598936
P3, tp=7, ts=7
P0, tp=7, ts=7, x0=413631096
P3, tp=7, ts=7
P2, tp=7, ts=7
P1, tp=7, ts=7, x0=525505566
P3, tp=7, ts=7
P3, tp=7, ts=7
P2, tp=7, ts=7
P2, tp=7, ts=7
P2, tp=7, ts=7
P2, tp=7, ts=7
P3, tp=7, ts=7
P1, tp=7, ts=7, x0=718815901
P3, tp=7, ts=7
P2, tp=7, ts=7
P3, tp=7, ts=7
P2, tp=7, ts=7
P0, tp=7, ts=7, x0=39715806
P2, tp=7, ts=7
P3, tp=7, ts=7
P2, tp=7, ts=7
P2, tp=7, ts=7
P0, tp=7, ts=7, x0=696011574
P0, tp=7, ts=7, x0=413631096
P0, tp=7, ts=7, x0=301408761
P2, tp=7, ts=7
P1, tp=7, ts=7, x0=321742630
P1, tp=7, ts=7, x0=229605487
P0, tp=7, ts=7, x0=475693241
P1, tp=7, ts=7, x0=554368371
P1, tp=7, ts=7, x0=673756487
P0, tp=7, ts=7, x0=604178919
P0, tp=7, ts=7, x0=661543397
P2, tp=7, ts=7
P1, tp=7, ts=7, x0=92432098
P0, tp=7, ts=7, x0=512089808
P3, tp=7, ts=7
P1, tp=7, ts=7, x0=92536549
P2, tp=7, ts=7
P3, tp=7, ts=7
P1, tp=7, ts=7, x0=849138097
P1, tp=7, ts=7, x0=623237646
P3, tp=7, ts=7
P3, tp=7, ts=7
P3, tp=7, ts=7
P2, tp=7, ts=7
P1, tp=7, ts=7, x0=512089808
P1, tp=7, ts=7, x0=917043297
P2, tp=7, ts=7
P1, tp=7, ts=7, x0=693249006
P3, tp=7, ts=7
P1, tp=7, ts=7, x0=619507635
P2, tp=7, ts=7
P0, tp=7, ts=7, x0=946108616
P1, tp=7, ts=7, x0=609244565
P3, tp=7, ts=7
P2, tp=7, ts=7
P1, tp=7, ts=7, x0=960841218
P1, tp=7, ts=7, x0=154772311
P2, tp=7, ts=7
P3, tp=7, ts=7
P1, tp=7, ts=7, x0=895944523
P0, tp=7, ts=7, x0=39874208
P2, tp=7, ts=7
P1, tp=7, ts=7, x0=20111226
P3, tp=7, ts=7
P3, tp=7, ts=7
P2, tp=7, ts=7
P0, tp=7, ts=7, x0=969100848
P1, tp=7, ts=7, x0=322389486
P3, tp=7, ts=7
P2, tp=7, ts=7
P0, tp=7, ts=7, x0=125622291
P0, tp=7, ts=7, x0=152111715
P1, tp=7, ts=7, x0=480240985
P0, tp=7, ts=7, x0=92536549
P2, tp=7, ts=7
P0, tp=7, ts=7, x0=20111226
P1, tp=7, ts=7, x0=737714769
P1, tp=7, ts=7, x0=661543397
P0, tp=7, ts=7, x0=378863705
P2, tp=7, ts=7
P0, tp=7, ts=7, x0=125622291
P0, tp=7, ts=7, x0=946108616
P2, tp=7, ts=7
P1, tp=7, ts=7, x0=459655874
P1, tp=7, ts=7, x0=537178841
P3, tp=7, ts=7
P3, tp=7, ts=7
P2, tp=7, ts=7
P1, tp=7, ts=7, x0=537178841
P1, tp=7, ts=7, x0=20111226
P1, tp=7, ts=7, x0=982063016
P3, tp=7, ts=7
P2, tp=7, ts=7
P1, tp=7, ts=7, x0=622193866
P0, tp=7, ts=7, x0=895944523
P0, tp=7, ts=7, x0=917043297
P2, tp=7, ts=7
P2, tp=7, ts=7
P2, tp=7, ts=7
P0, tp=7, ts=7, x0=989104036
P0, tp=7, ts=7, x0=909799951
P2, tp=7, ts=7
P0, tp=7, ts=7, x0=31049026
P1, tp=7, ts=7, x0=378863705
P0, tp=7, ts=7, x0=574345176
P3, tp=7, ts=7
P2, tp=7, ts=7
P0, tp=7, ts=7, x0=490126166
P2, tp=7, ts=7
P3, tp=7, ts=7
P0, tp=7, ts=7, x0=762018434
P0, tp=7, ts=7, x0=989104036
P0, tp=7, ts=7, x0=849138097
P3, tp=7, ts=7
P0, tp=7, ts=7, x0=609244565
P3, tp=7, ts=7
P3, tp=7, ts=7
P3, tp=7, ts=7
P1, tp=7, ts=7, x0=355157195
P0, tp=7, ts=7, x0=180532790
P3, tp=7, ts=7
P0, tp=7, ts=7, x0=180532790
P2, tp=7, ts=7
P2, tp=7, ts=7
P2, tp=7, ts=7
P3, tp=7, ts=7
P3, tp=7, ts=7
P2, tp=7, ts=7
P2, tp=7, ts=7
P3, tp=7, ts=7
P3, tp=7, ts=7
P2, tp=7, ts=7
P2, tp=7, ts=7
P3, tp=7, ts=7
P2, tp=7, ts=7
P2, tp=7, ts=7
P0, tp=7, ts=7, x0=635685582
P1, tp=7, ts=7, x0=845674636
P0, tp=7, ts=7, x0=845674636
P2, tp=7, ts=7
P0, tp=7, ts=7, x0=696011574
P2, tp=7, ts=7
P1, tp=7, ts=7, x0=909799951
P1, tp=7, ts=7, x0=322389486
P0, tp=7, ts=7, x0=31049026
P2, tp=7, ts=7
P2, tp=7, ts=7
P2, tp=7, ts=7
P2, tp=7, ts=7
P1, tp=7, ts=7, x0=118185026
P2, tp=7, ts=7
P2, tp=7, ts=7
P1, tp=7, ts=7, x0=688975503
P2, tp=7, ts=7
P2, tp=7, ts=7
P1, tp=7, ts=7, x0=673756487
P1, tp=7, ts=7, x0=526820959
P2, tp=7, ts=7
P1, tp=7, ts=7, x0=715448842
P3, tp=7, ts=7
P0, tp=7, ts=7, x0=152111715
P0, tp=7, ts=7, x0=537178841
P2, tp=7, ts=7
P0, tp=7, ts=7, x0=598436321
P0, tp=7, ts=7, x0=693249006
P2, tp=7, ts=7
P3, tp=7, ts=7
P2, tp=7, ts=7
P2, tp=7, ts=7
P0, tp=7, ts=7, x0=125622291
P1, tp=7, ts=7, x0=212977446
P0, tp=7, ts=7, x0=337706698
P2, tp=7, ts=7
P3, tp=7, ts=7
P1, tp=7, ts=7, x0=870850333
P0, tp=7, ts=7, x0=177329888
P0, tp=7, ts=7, x0=526452938
P0, tp=7, ts=7, x0=718815901
P0, tp=7, ts=7, x0=574345176
P3, tp=7, ts=7
P1, tp=7, ts=7, x0=556534690
P1, tp=7, ts=7, x0=136918708
P2, tp=7, ts=7
P3, tp=7, ts=7
P2, tp=7, ts=7
P2, tp=7, ts=7
P1, tp=7, ts=7, x0=187187076
P2, tp=7, ts=7
P0, tp=7, ts=7, x0=661543397
P1, tp=7, ts=7, x0=537178841
P2, tp=7, ts=7
P1, tp=7, ts=7, x0=619507635
P2, tp=7, ts=7
P0, tp=7, ts=7, x0=937041280
P3, tp=7, ts=7
P0, tp=7, ts=7, x0=609244565
P1, tp=7, ts=7, x0=459655874
P0, tp=7, ts=7, x0=337706698
P1, tp=7, ts=7, x0=301408761
P2, tp=7, ts=7
P1, tp=7, ts=7, x0=373087683
P0, tp=7, ts=7, x0=991599736
P3, tp=7, ts=7
P1, tp=7, ts=7, x0=132065159
P1, tp=7, ts=7, x0=917043297
P0, tp=7, ts=7, x0=762018434
P3, tp=7, ts=7
P3, tp=7, ts=7
P2, tp=7, ts=7
P1, tp=7, ts=7, x0=804175966
P3, tp=7, ts=7
P3, tp=7, ts=7
P1, tp=7, ts=7, x0=603797089
P1, tp=7, ts=7, x0=321742630
P3, tp=7, ts=7
P0, tp=7, ts=7, x0=579934140
P2, tp=7, ts=7
P1, tp=7, ts=7, x0=937041280
P3, tp=7, ts=7
P1, tp=7, ts=7, x0=233427644
P1, tp=7, ts=7, x0=512089808
P1, tp=7, ts=7, x0=459655874
P0, tp=7, ts=7, x0=180532790
P0, tp=7, ts=7, x0=860704045
P0, tp=7, ts=7, x0=895944523
P0, tp=7, ts=7, x0=292814440
P0, tp=7, ts=7, x0=92432098
P2, tp=7, ts=7
P1, tp=7, ts=7, x0=718815901
P0, tp=7, ts=7, x0=605618997
P1, tp=7, ts=7, x0=31049026
P0, tp=7, ts=7, x0=754732496
P3, tp=7, ts=7
P1, tp=7, ts=7, x0=721663097
P1, tp=7, ts=7, x0=92536549
P3, tp=7, ts=7
P2, tp=7, ts=7
P1, tp=7, ts=7, x0=661543397
P2, tp=7, ts=7
P1, tp=7, ts=7, x0=579934140
P2, tp=7, ts=7
P2, tp=7, ts=7
P3, tp=7, ts=7
P0, tp=7, ts=7, x0=770727161
P1, tp=7, ts=7, x0=623542647
P3, tp=7, ts=7
P0, tp=7, ts=7, x0=399890356
P0, tp=7, ts=7, x0=783380479
P1, tp=7, ts=7, x0=754732496
P3, tp=7, ts=7
P1, tp=7, ts=7, x0=39715806
P1, tp=7, ts=7, x0=480240985
P2, tp=7, ts=7
P0, tp=7, ts=7, x0=652906371
P2, tp=7, ts=7
P0, tp=7, ts=7, x0=326995960
P2, tp=7, ts=7
P3, tp=7, ts=7
P1, tp=7, ts=7, x0=845674636
P3, tp=7, ts=7
P1, tp=7, ts=7, x0=222134378
P0, tp=7, ts=7, x0=459655874
P0, tp=7, ts=7, x0=526452938
P3, tp=7, ts=7
P2, tp=7, ts=7
P0, tp=7, ts=7, x0=222134378
P3, tp=7, ts=7
P0, tp=7, ts=7, x0=222134378
P3, tp=7, ts=7
P3, tp=7, ts=7
P2, tp=7, ts=7
P3, tp=7, ts=7
P2, tp=7, ts=7
P3, tp=7, ts=7
P2, tp=7, ts=7
P1, tp=7, ts=7, x0=286514879
P3, tp=7, ts=7
P1, tp=7, ts=7, x0=273509818
P1, tp=7, ts=7, x0=413631096
P2, tp=8, ts=8
P2, tp=8, ts=8
P0, tp=8, ts=8, x0=233427644
P3, tp=8, ts=8
P2, tp=8, ts=8
P1, tp=8, ts=8, x0=990229554
P1, tp=8, ts=8, x0=459655874
P3, tp=8, ts=8
P0, tp=8, ts=8, x0=180532790
P1, tp=8, ts=8, x0=292814440
P0, tp=8, ts=8, x0=301408761
P1, tp=8, ts=8, x0=193706648
P1, tp=8, ts=8, x0=940602364
P0, tp=8, ts=8, x0=136918708
P0, tp=8, ts=8, x0=696011574
P3, tp=8, ts=8
P3, tp=8, ts=8
P0, tp=8, ts=8, x0=187187076
P2, tp=8, ts=8
P3, tp=8, ts=8
P1, tp=8, ts=8, x0=623237646
P2, tp=8, ts=8
P2, tp=8, ts=8
P0, tp=8, ts=8, x0=39715806
P3, tp=8, ts=8
P1, tp=8, ts=8, x0=125622291
P0, tp=8, ts=8, x0=714570120
P1, tp=8, ts=8, x0=301408761
P2, tp=8, ts=8
P1, tp=8, ts=8, x0=714570120
P0, tp=8, ts=8, x0=326995960
P1, tp=8, ts=8, x0=696011574
P0, tp=8, ts=8, x0=762018434
P0, tp=8, ts=8, x0=718815901
P2, tp=8, ts=8
P0, tp=8, ts=8, x0=990229554
P3, tp=8, ts=8
P3, tp=8, ts=8
P1, tp=8, ts=8, x0=917043297
P3, tp=8, ts=8
P1, tp=8, ts=8, x0=860704045
P3, tp=8, ts=8
P0, tp=8, ts=8, x0=212977446
P1, tp=8, ts=8, x0=490126166
P2, tp=8, ts=8
P0, tp=8, ts=8, x0=969360100
P0, tp=8, ts=8, x0=274439766
P0, tp=8, ts=8, x0=942643621
P0, tp=8, ts=8, x0=512089808
P1, tp=8, ts=8, x0=940602364
P1, tp=8, ts=8, x0=154772311
P3, tp=8, ts=8
P1, tp=8, ts=8, x0=3112968
P0, tp=8, ts=8, x0=266125637
P0, tp=8, ts=8, x0=274439766
P1, tp=8, ts=8, x0=849138097
P0, tp=8, ts=8, x0=990229554
P0, tp=8, ts=8, x0=629998525
P2, tp=8, ts=8
P3, tp=8, ts=8
P3, tp=8, ts=8
P3, tp=8, ts=8
P0, tp=8, ts=8, x0=525505566
P0, tp=8, ts=8, x0=499714986
P0, tp=8, ts=8, x0=895944523
P1, tp=8, ts=8, x0=619507635
P2, tp=8, ts=8
P2, tp=8, ts=8
P3, tp=8, ts=8
P1, tp=8, ts=8, x0=266125637
P3, tp=8, ts=8
P2, tp=8, ts=8
P0, tp=8, ts=8, x0=193706648
P3, tp=8, ts=8
P0, tp=8, ts=8, x0=917043297
P0, tp=8, ts=8, x0=39874208
P2, tp=8, ts=8
P3, tp=8, ts=8
P1, tp=8, ts=8, x0=652906371
P1, tp=8, ts=8, x0=776569738
P0, tp=8, ts=8, x0=849138097
P0, tp=8, ts=8, x0=480240985
P2, tp=8, ts=8
P3, tp=8, ts=8
P3, tp=8, ts=8
P3, tp=8, ts=8
P0, tp=8, ts=8, x0=170535467
P2, tp=8, ts=8
P1, tp=8, ts=8, x0=551719921
P0, tp=8, ts=8, x0=990614552
P2, tp=8, ts=8
P2, tp=8, ts=8
P3, tp=8, ts=8
P3, tp=8, ts=8
P2, tp=8, ts=8
P1, tp=8, ts=8, x0=550284623
P3, tp=8, ts=8
P2, tp=8, ts=8
P2, tp=8, ts=8
P2, tp=8, ts=8
P1, tp=8, ts=8, x0=870850333
P3, tp=8, ts=8
P1, tp=8, ts=8, x0=969360100
P3, tp=8, ts=8
P2, tp=8, ts=8
P0, tp=8, ts=8, x0=136918708
P1, tp=8, ts=8, x0=132065159
P1, tp=8, ts=8, x0=777602721
P1, tp=8, ts=8, x0=136918708
P3, tp=8, ts=8
P2, tp=8, ts=8
P0, tp=8, ts=8, x0=325560851
P2, tp=8, ts=8
P2, tp=8, ts=8
P1, tp=8, ts=8, x0=960841218
P0, tp=8, ts=8, x0=525505566
P1, tp=8, ts=8, x0=187187076
P3, tp=8, ts=8
P1, tp=8, ts=8, x0=571598936
P1, tp=8, ts=8, x0=937041280
P3, tp=8, ts=8
P0, tp=8, ts=8, x0=718815901
P1, tp=8, ts=8, x0=795788526
P0, tp=8, ts=8, x0=550284623
P0, tp=8, ts=8, x0=960841218
P2, tp=8, ts=8
P0, tp=8, ts=8, x0=849138097
P0, tp=8, ts=8, x0=867276917
P1, tp=8, ts=8, x0=571598936
P2, tp=8, ts=8
P2, tp=8, ts=8
P1, tp=8, ts=8, x0=870850333
P3, tp=8, ts=8
P2, tp=8, ts=8
P1, tp=8, ts=8, x0=673756487
P0, tp=8, ts=8, x0=619507635
P1, tp=8, ts=8, x0=795788526
P0, tp=8, ts=8, x0=537178841
P0, tp=8, ts=8, x0=39874208
P3, tp=8, ts=8
P0, tp=8, ts=8, x0=177329888
P3, tp=8, ts=8
P1, tp=8, ts=8, x0=273509818
P2, tp=8, ts=8
P3, tp=8, ts=8
P2, tp=8, ts=8
P3, tp=8, ts=8
P2, tp=8, ts=8
P1, tp=8, ts=8, x0=603797089
P0, tp=8, ts=8, x0=629971180
P3, tp=8, ts=8
P0, tp=8, ts=8, x0=623237646
P2, tp=8, ts=8
P3, tp=8, ts=8
P3, tp=8, ts=8
P3, tp=8, ts=8
P2, tp=8, ts=8
P3, tp=8, ts=8
P1, tp=8, ts=8, x0=629998525
P1, tp=8, ts=8, x0=490126166
P3, tp=8, ts=8
P0, tp=8, ts=8, x0=622193866
P3, tp=8, ts=8
P0, tp=8, ts=8, x0=273509818
P3, tp=8, ts=8
P0, tp=8, ts=8, x0=942643621
P0, tp=8, ts=8, x0=526820959
P2, tp=8, ts=8
P3, tp=8, ts=8
P1, tp=8, ts=8, x0=594189553
P3, tp=8, ts=8
P0, tp=8, ts=8, x0=459655874
P2, tp=8, ts=8
P2, tp=8, ts=8
P0, tp=8, ts=8, x0=551719921
P2, tp=8, ts=8
P0, tp=8, ts=8, x0=378863705
P3, tp=8, ts=8
P1, tp=8, ts=8, x0=867276917
P1, tp=8, ts=8, x0=718815901
P1, tp=8, ts=8, x0=325560851
P2, tp=8, ts=8
P3, tp=8, ts=8
P1, tp=8, ts=8, x0=652906371
P0, tp=8, ts=8, x0=696011574
P2, tp=8, ts=8
P1, tp=8, ts=8, x0=526452938
P1, tp=8, ts=8, x0=785516389
P2, tp=8, ts=8
P3, tp=8, ts=8
P2, tp=8, ts=8
P2, tp=8, ts=8
P3, tp=8, ts=8
P3, tp=8, ts=8
P1, tp=8, ts=8, x0=222134378
P1, tp=8, ts=8, x0=554368371
P0, tp=8, ts=8, x0=39874208
P1, tp=8, ts=8, x0=673756487
P1, tp=8, ts=8, x0=860704045
P3, tp=8, ts=8
P1, tp=8, ts=8, x0=136918708
P3, tp=8, ts=8
P1, tp=8, ts=8, x0=413631096
P0, tp=8, ts=8, x0=512089808
P1, tp=8, ts=8, x0=274439766
P2, tp=8, ts=8
P2, tp=8, ts=8
P3, tp=8, ts=8
P0, tp=8, ts=8, x0=721663097
P0, tp=8, ts=8, x0=31049026
P0, tp=8, ts=8, x0=693249006
P1, tp=8, ts=8, x0=490126166
P3, tp=8, ts=8
P1, tp=8, ts=8, x0=399120484
P2, tp=8, ts=8
P0, tp=8, ts=8, x0=31049026
P2, tp=8, ts=8
P2, tp=8, ts=8
P3, tp=8, ts=8
P0, tp=8, ts=8, x0=785516389
P3, tp=8, ts=8
P3, tp=8, ts=8
P0, tp=8, ts=8, x0=537178841
P0, tp=8, ts=8, x0=399120484
P1, tp=8, ts=8, x0=413631096
P2, tp=8, ts=8
P1, tp=8, ts=8, x0=849138097
P0, tp=8, ts=8, x0=785516389
P0, tp=8, ts=8, x0=845674636
P2, tp=8, ts=8
P1, tp=8, ts=8, x0=399890356
P3, tp=8, ts=8
P1, tp=8, ts=8, x0=594189553
P1, tp=8, ts=8, x0=746052433
P2, tp=8, ts=8
P0, tp=8, ts=8, x0=286514879
P0, tp=8, ts=8, x0=654874248
P3, tp=8, ts=8
P3, tp=8, ts=8
P1, tp=8, ts=8, x0=937041280
P2, tp=8, ts=8
P3, tp=8, ts=8
P0, tp=8, ts=8, x0=170535467
P3, tp=8, ts=8
P2, tp=8, ts=8
P3, tp=8, ts=8
P1, tp=8, ts=8, x0=982063016
P1, tp=8, ts=8, x0=629998525
P0, tp=8, ts=8, x0=693249006
P0, tp=8, ts=8, x0=39715806
P3, tp=8, ts=8
P3, tp=8, ts=8
P1, tp=8, ts=8, x0=499714986
P3, tp=8, ts=8
P2, tp=8, ts=8
P3, tp=8, ts=8
P3, tp=8, ts=8
P2, tp=8, ts=8
P0, tp=8, ts=8, x0=31049026
P2, tp=8, ts=8
P2, tp=8, ts=8
P2, tp=8, ts=8
P1, tp=8, ts=8, x0=556534690
P3, tp=8, ts=8
P1, tp=8, ts=8, x0=696011574
P1, tp=8, ts=8, x0=301408761
P1, tp=8, ts=8, x0=490126166
P1, tp=8, ts=8, x0=170535467
P1, tp=8, ts=8, x0=526820959
P3, tp=8, ts=8
P1, tp=8, ts=8, x0=594189553
P0, tp=8, ts=8, x0=550284623
P3, tp=8, ts=8
P1, tp=8, ts=8, x0=897962761
P1, tp=8, ts=8, x0=845674636
P0, tp=8, ts=8, x0=39874208
P3, tp=8, ts=8
P3, tp=8, ts=8
P1, tp=8, ts=8, x0=991599736
P0, tp=8, ts=8, x0=322389486
P3, tp=8, ts=8
P0, tp=8, ts=8, x0=378863705
P1, tp=8, ts=8, x0=266125637
P0, tp=8, ts=8, x0=762018434
P2, tp=8, ts=8
P0, tp=8, ts=8, x0=721663097
P1, tp=8, ts=8, x0=266125637
P2, tp=8, ts=8
P1, tp=8, ts=8, x0=459655874
P0, tp=8, ts=8, x0=474448968
P3, tp=8, ts=8
P0, tp=8, ts=8, x0=233427644
P1, tp=8, ts=8, x0=92536549
P1, tp=8, ts=8, x0=474448968
P1, tp=8, ts=8, x0=867276917
P2, tp=8, ts=8
P3, tp=8, ts=8
P0, tp=8, ts=8, x0=855624328
P0, tp=8, ts=8, x0=721663097
P3, tp=8, ts=8
P1, tp=8, ts=8, x0=622193866
P1, tp=8, ts=8, x0=459655874
P0, tp=8, ts=8, x0=118185026
P0, tp=8, ts=8, x0=342598852
P1, tp=8, ts=8, x0=537178841
P3, tp=8, ts=8
P1, tp=8, ts=8, x0=135008159
P0, tp=8, ts=8, x0=785516389
P0, tp=8, ts=8, x0=273509818
P0, tp=8, ts=8, x0=652906371
P0, tp=8, ts=8, x0=35416328
P2, tp=8, ts=8
P2, tp=8, ts=8
P1, tp=8, ts=8, x0=770727161
P3, tp=8, ts=8
P3, tp=8, ts=8
P0, tp=8, ts=8, x0=594189553
P1, tp=8, ts=8, x0=286514879
P2, tp=8, ts=8
P1, tp=8, ts=8, x0=942643621
P2, tp=8, ts=8
P0, tp=8, ts=8, x0=337706698
P2, tp=8, ts=8
P0, tp=8, ts=8, x0=996880935
P3, tp=8, ts=8
P2, tp=8, ts=8
P3, tp=8, ts=8
P3, tp=8, ts=8
P1, tp=8, ts=8, x0=991599736
P2, tp=8, ts=8
P2, tp=8, ts=8
P1, tp=8, ts=8, x0=39715806
P2, tp=8, ts=8
P2, tp=8, ts=8
P2, tp=8, ts=8
P3, tp=8, ts=8
P3, tp=8, ts=8
P0, tp=8, ts=8, x0=623237646
P3, tp=8, ts=8
P0, tp=8, ts=8, x0=459655874
P3, tp=8, ts=8
P1, tp=8, ts=8, x0=154772311
P0, tp=8, ts=8, x0=635685582
P2, tp=8, ts=8
P2, tp=8, ts=8
P3, tp=8, ts=8
P1, tp=8, ts=8, x0=845674636
P2, tp=8, ts=8
P0, tp=8, ts=8, x0=777602721
P1, tp=8, ts=8, x0=753279535
P1, tp=8, ts=8, x0=605618997
P1, tp=8, ts=8, x0=342598852
P1, tp=8, ts=8, x0=937041280
P3, tp=8, ts=8
P2, tp=8, ts=8
P1, tp=8, ts=8, x0=399120484
P0, tp=8, ts=8, x0=718815901
P2, tp=8, ts=8
P3, tp=8, ts=8
P0, tp=8, ts=8, x0=480240985
P2, tp=8, ts=8
P2, tp=8, ts=8
P2, tp=8, ts=8
P1, tp=8, ts=8, x0=942643621
P2, tp=8, ts=8
P1, tp=8, ts=8, x0=222134378
P2, tp=8, ts=8
P3, tp=8, ts=8
P1, tp=8, ts=8, x0=845674636
P3, tp=8, ts=8
P3, tp=8, ts=8
P1, tp=8, ts=8, x0=292814440
P0, tp=8, ts=8, x0=785516389
P0, tp=8, ts=8, x0=619507635
P1, tp=8, ts=8, x0=989450625
P3, tp=8, ts=8
P0, tp=8, ts=8, x0=325560851
P1, tp=8, ts=8, x0=136918708
P0, tp=8, ts=8, x0=196317085
P3, tp=8, ts=8
P3, tp=8, ts=8
P2, tp=8, ts=8
P2, tp=8, ts=8
P3, tp=8, ts=8
P0, tp=8, ts=8, x0=895944523
P3, tp=8, ts=8
P3, tp=8, ts=8
P3, tp=8, ts=8
P1, tp=8, ts=8, x0=754732496
P2, tp=8, ts=8
P2, tp=8, ts=8
P2, tp=8, ts=8
P3, tp=8, ts=8
P3, tp=8, ts=8
P2, tp=8, ts=8
P3, tp=8, ts=8
P3, tp=8, ts=8
P1, tp=8, ts=8, x0=136918708
P0, tp=8, ts=8, x0=274439766
P3, tp=8, ts=8
P0, tp=8, ts=8, x0=785516389
P3, tp=8, ts=8
P2, tp=8, ts=8
P2, tp=8, ts=8
P1, tp=8, ts=8, x0=783380479
P3, tp=8, ts=8
P1, tp=8, ts=8, x0=746052433
P3, tp=8, ts=8
P2, tp=8, ts=8
P3, tp=8, ts=8
P1, tp=8, ts=8, x0=721663097
P3, tp=8, ts=8
P2, tp=8, ts=8
P2, tp=8, ts=8
P2, tp=8, ts=8
P3, tp=8, ts=8
P0, tp=8, ts=8, x0=118185026
P0, tp=8, ts=8, x0=806503342
P1, tp=8, ts=8, x0=804175966
P3, tp=8, ts=8
P3, tp=8, ts=8
P3, tp=8, ts=8
P0, tp=8, ts=8, x0=777602721
P0, tp=8, ts=8, x0=609244565
P1, tp=8, ts=8, x0=940602364
P0, tp=8, ts=8, x0=762018434
P1, tp=8, ts=8, x0=629971180
P0, tp=8, ts=8, x0=629971180
P3, tp=8, ts=8
P2, tp=8, ts=8
P0, tp=8, ts=8, x0=622193866
P0, tp=8, ts=8, x0=989104036
P2, tp=8, ts=8
P2, tp=8, ts=8
P3, tp=8, ts=8
P0, tp=8, ts=8, x0=196317085
P1, tp=8, ts=8, x0=526452938
P1, tp=8, ts=8, x0=762018434
P3, tp=8, ts=8
P3, tp=8, ts=8
P1, tp=8, ts=8, x0=673756487
P2, tp=8, ts=8
P3, tp=8, ts=8
P1, tp=8, ts=8, x0=273509818
P1, tp=8, ts=8, x0=654874248
P0, tp=8, ts=8, x0=196317085
P3, tp=8, ts=8
P3, tp=8, ts=8
P0, tp=8, ts=8, x0=969100848
P0, tp=8, ts=8, x0=770727161
P0, tp=8, ts=8, x0=795788526
P2, tp=8, ts=8
P1, tp=8, ts=8, x0=187187076
P2, tp=8, ts=8
P1, tp=8, ts=8, x0=940602364
P1, tp=8, ts=8, x0=31049026
P1, tp=8, ts=8, x0=860704045
P1, tp=8, ts=8, x0=996880935
P3, tp=8, ts=8
P0, tp=8, ts=8, x0=3112968
P1, tp=8, ts=8, x0=629998525
P1, tp=8, ts=8, x0=754732496
P3, tp=8, ts=8
P0, tp=8, ts=8, x0=180532790
P2, tp=8, ts=8
P2, tp=8, ts=8
P0, tp=8, ts=8, x0=890849214
P2, tp=8, ts=8
P2, tp=8, ts=8
P0, tp=8, ts=8, x0=629971180
P1, tp=8, ts=8, x0=654874248
P1, tp=8, ts=8, x0=35416328
P3, tp=8, ts=8
P0, tp=8, ts=8, x0=413631096
P2, tp=8, ts=8
P2, tp=8, ts=8
P2, tp=8, ts=8
P1, tp=8, ts=8, x0=526452938
P2, tp=8, ts=8
P3, tp=8, ts=8
P1, tp=8, ts=8, x0=321742630
P0, tp=8, ts=8, x0=714570120
P2, tp=8, ts=8
P1, tp=8, ts=8, x0=940602364
P0, tp=8, ts=8, x0=714570120
P1, tp=8, ts=8, x0=554368371
P0, tp=8, ts=8, x0=301408761
P2, tp=8, ts=8
P1, tp=8, ts=8, x0=31049026
P2, tp=8, ts=8
P2, tp=8, ts=8
P0, tp=8, ts=8, x0=266125637
P2, tp=8, ts=8
P0, tp=8, ts=8, x0=292814440
P2, tp=8, ts=8
P3, tp=8, ts=8
P1, tp=8, ts=8, x0=490126166
P3, tp=8, ts=8
P1, tp=8, ts=8, x0=777602721
P2, tp=8, ts=8
P0, tp=8, ts=8, x0=292814440
P1, tp=8, ts=8, x0=673756487
P3, tp=8, ts=8
P1, tp=8, ts=8, x0=969100848
P3, tp=8, ts=8
P2, tp=8, ts=8
P0, tp=8, ts=8, x0=762018434
P0, tp=8, ts=8, x0=696011574
P0, tp=8, ts=8, x0=654874248
P1, tp=8, ts=8, x0=897962761
P0, tp=8, ts=8, x0=269660228
P3, tp=8, ts=8
P0, tp=8, ts=8, x0=3112968
P1, tp=8, ts=8, x0=789142657
P1, tp=8, ts=8, x0=942643621
P0, tp=8, ts=8, x0=996880935
P3, tp=8, ts=8
P1, tp=8, ts=8, x0=112976504
P0, tp=8, ts=8, x0=556074347
P3, tp=8, ts=8
P2, tp=8, ts=8
P2, tp=8, ts=8
P0, tp=8, ts=8, x0=550284623
P3, tp=8, ts=8
P0, tp=8, ts=8, x0=901252304
P1, tp=8, ts=8, x0=556074347
P1, tp=8, ts=8, x0=937041280
P1, tp=8, ts=8, x0=940602364
P0, tp=8, ts=8, x0=266125637
P1, tp=8, ts=8, x0=154772311
P0, tp=8, ts=8, x0=783380479
P3, tp=8, ts=8
P2, tp=8, ts=8
P0, tp=8, ts=8, x0=125622291
P1, tp=8, ts=8, x0=35416328
P1, tp=8, ts=8, x0=982063016
P2, tp=8, ts=8
P0, tp=8, ts=8, x0=855624328
P3, tp=8, ts=8
P0, tp=8, ts=8, x0=990614552
P2, tp=8, ts=8
P2, tp=8, ts=8
P3, tp=8, ts=8
P3, tp=8, ts=8
P2, tp=8, ts=8
P2, tp=8, ts=8
P3, tp=8, ts=8
P0, tp=8, ts=8, x0=897962761
P2, tp=8, ts=8
P2, tp=8, ts=8
P3, tp=8, ts=8
P2, tp=8, ts=8
P3, tp=8, ts=8
P1, tp=8, ts=8, x0=187187076
P0, tp=8, ts=8, x0=718815901
P0, tp=8, ts=8, x0=696011574
P0, tp=8, ts=8, x0=654874248
P3, tp=8, ts=8
P0, tp=8, ts=8, x0=196317085
P3, tp=8, ts=8
P0, tp=8, ts=8, x0=273509818
P0, tp=8, ts=8, x0=411428405
P0, tp=8, ts=8, x0=474448968
P3, tp=8, ts=8
P1, tp=8, ts=8, x0=266125637
P2, tp=8, ts=8
P0, tp=8, ts=8, x0=693249006
P3, tp=8, ts=8
P3, tp=8, ts=8
P0, tp=8, ts=8, x0=92536549
P1, tp=8, ts=8, x0=989104036
P2, tp=8, ts=8
P3, tp=8, ts=8
P0, tp=8, ts=8, x0=180532790
P1, tp=8, ts=8, x0=783380479
P1, tp=8, ts=8, x0=286514879
P1, tp=8, ts=8, x0=753279535
P3, tp=8, ts=8
P3, tp=8, ts=8
P0, tp=8, ts=8, x0=696011574
P0, tp=8, ts=8, x0=35416328
P2, tp=8, ts=8
P0, tp=8, ts=8, x0=990229554
P0, tp=8, ts=8, x0=789142657
P3, tp=8, ts=8
P1, tp=8, ts=8, x0=31049026
P1, tp=8, ts=8, x0=991599736
P3, tp=8, ts=8
P0, tp=8, ts=8, x0=526452938
P1, tp=8, ts=8, x0=661543397
P2, tp=8, ts=8
P1, tp=8, ts=8, x0=897962761
P1, tp=8, ts=8, x0=411428405
P2, tp=8, ts=8
P1, tp=8, ts=8, x0=609244565
P2, tp=8, ts=8
P3, tp=8, ts=8
P2, tp=8, ts=8
P3, tp=8, ts=8
P3, tp=8, ts=8
P0, tp=8, ts=8, x0=806503342
P2, tp=8, ts=8
P1, tp=8, ts=8, x0=233427644
P2, tp=8, ts=8
P1, tp=8, ts=8, x0=413631096
P1, tp=8, ts=8, x0=806503342
P1, tp=8, ts=8, x0=154772311
P3, tp=8, ts=8
P3, tp=8, ts=8
P1, tp=8, ts=8, x0=556074347
P2, tp=8, ts=8
P2, tp=8, ts=8
P2, tp=8, ts=8
P1, tp=8, ts=8, x0=693249006
P2, tp=8, ts=8
P1, tp=8, ts=8, x0=897962761
P1, tp=8, ts=8, x0=355157195
P0, tp=8, ts=8, x0=693249006
P0, tp=8, ts=8, x0=845674636
P1, tp=8, ts=8, x0=836941184
P3, tp=8, ts=8
P3, tp=8, ts=8
P1, tp=8, ts=8, x0=693249006
P3, tp=8, ts=8
P2, tp=8, ts=8
P1, tp=8, ts=8, x0=274439766
P0, tp=8, ts=8, x0=715448842
P0, tp=8, ts=8, x0=693249006
P0, tp=8, ts=8, x0=960841218
P3, tp=8, ts=8
P1, tp=8, ts=8, x0=609244565
P3, tp=8, ts=8
P1, tp=8, ts=8, x0=940602364
P1, tp=8, ts=8, x0=273509818
P3, tp=8, ts=8
P1, tp=8, ts=8, x0=212977446
P0, tp=8, ts=8, x0=937041280
P2, tp=8, ts=8
P1, tp=8, ts=8, x0=342598852
P0, tp=8, ts=8, x0=301408761
P2, tp=8, ts=8
P2, tp=8, ts=8
P0, tp=8, ts=8, x0=867276917
P0, tp=8, ts=8, x0=982063016
P0, tp=8, ts=8, x0=575821514
P3, tp=8, ts=8
P1, tp=8, ts=8, x0=193706648
P2, tp=8, ts=8
P3, tp=8, ts=8
P3, tp=8, ts=8
P2, tp=8, ts=8
P0, tp=8, ts=8, x0=744792064
P0, tp=8, ts=8, x0=789142657
P1, tp=8, ts=8, x0=654874248
P3, tp=8, ts=8
P2, tp=8, ts=8
P1, tp=8, ts=8, x0=605618997
P3, tp=8, ts=8
P0, tp=8, ts=8, x0=982063016
P1, tp=8, ts=8, x0=753279535
P2, tp=8, ts=8
P0, tp=8, ts=8, x0=609244565
P3, tp=8, ts=8
P0, tp=8, ts=8, x0=301408761
P0, tp=8, ts=8, x0=744792064
P0, tp=8, ts=8, x0=989104036
P0, tp=8, ts=8, x0=714570120
P2, tp=8, ts=8
P1, tp=8, ts=8, x0=661543397
P2, tp=8, ts=8
P3, tp=8, ts=8
P0, tp=8, ts=8, x0=135008159
P1, tp=8, ts=8, x0=193706648
P2, tp=8, ts=8
P0, tp=8, ts=8, x0=266125637
P1, tp=8, ts=8, x0=897962761
P1, tp=8, ts=8, x0=915049420
P1, tp=8, ts=8, x0=754732496
P2, tp=8, ts=8
P3, tp=8, ts=8
P1, tp=8, ts=8, x0=571598936
P1, tp=8, ts=8, x0=325560851
P2, tp=8, ts=8
P0, tp=8, ts=8, x0=554368371
P0, tp=8, ts=8, x0=762018434
P2, tp=8, ts=8
P3, tp=8, ts=8
P0, tp=8, ts=8, x0=990229554
P1, tp=8, ts=8, x0=233427644
P3, tp=8, ts=8
P0, tp=8, ts=8, x0=623237646
P2, tp=8, ts=8
P0, tp=8, ts=8, x0=501896445
P0, tp=8, ts=8, x0=880084434
P0, tp=8, ts=8, x0=196317085
P0, tp=8, ts=8, x0=715448842
P1, tp=8, ts=8, x0=594189553
P3, tp=8, ts=8
P2, tp=8, ts=8
P0, tp=8, ts=8, x0=342598852
P1, tp=8, ts=8, x0=609244565
P1, tp=8, ts=8, x0=991599736
P2, tp=8, ts=8
P2, tp=8, ts=8
P1, tp=8, ts=8, x0=406842900
P1, tp=8, ts=8, x0=454979003
P3, tp=8, ts=8
P1, tp=8, ts=8, x0=818700298
P0, tp=8, ts=8, x0=355157195
P1, tp=8, ts=8, x0=406842900
P2, tp=8, ts=8
P3, tp=8, ts=8
P2, tp=8, ts=8
P0, tp=8, ts=8, x0=526452938
P1, tp=8, ts=8, x0=35416328
P3, tp=8, ts=8
P2, tp=8, ts=8
P3, tp=8, ts=8
P3, tp=8, ts=8
P3, tp=8, ts=8
P3, tp=8, ts=8
P1, tp=8, ts=8, x0=594189553
P1, tp=8, ts=8, x0=942643621
P2, tp=8, ts=8
P0, tp=8, ts=8, x0=474448968
P2, tp=8, ts=8
P1, tp=8, ts=8, x0=187187076
P0, tp=8, ts=8, x0=990614552
P2, tp=8, ts=8
P0, tp=8, ts=8, x0=629971180
P2, tp=8, ts=8
P1, tp=8, ts=8, x0=92536549
P1, tp=8, ts=8, x0=92536549
P0, tp=8, ts=8, x0=152111715
P2, tp=8, ts=8
P2, tp=8, ts=8
P3, tp=8, ts=8
P1, tp=8, ts=8, x0=274439766
P1, tp=8, ts=8, x0=818700298
P0, tp=8, ts=8, x0=789142657
P2, tp=8, ts=8
P0, tp=8, ts=8, x0=890849214
P0, tp=8, ts=8, x0=860704045
P0, tp=8, ts=8, x0=754732496
P1, tp=8, ts=8, x0=989450625
P0, tp=8, ts=8, x0=337706698
P1, tp=8, ts=8, x0=609244565
P2, tp=8, ts=8
P1, tp=8, ts=8, x0=860704045
P3, tp=8, ts=8
P1, tp=8, ts=8, x0=890849214
P3, tp=8, ts=8
P0, tp=8, ts=8, x0=753279535
P1, tp=8, ts=8, x0=942643621
P3, tp=8, ts=8
P2, tp=8, ts=8
P3, tp=8, ts=8
P3, tp=8, ts=8
P3, tp=8, ts=8
P3, tp=8, ts=8
P2, tp=8, ts=8
P2, tp=8, ts=8
P1, tp=8, ts=8, x0=940602364
P1, tp=8, ts=8, x0=661543397
P0, tp=8, ts=8, x0=337706698
P2, tp=8, ts=8
P0, tp=8, ts=8, x0=991599736
P2, tp=8, ts=8
P3, tp=8, ts=8
P1, tp=8, ts=8, x0=526820959
P3, tp=8, ts=8
P1, tp=8, ts=8, x0=512089808
P3, tp=8, ts=8
P1, tp=8, ts=8, x0=212977446
P1, tp=8, ts=8, x0=603797089
P3, tp=8, ts=8
P3, tp=8, ts=8
P1, tp=8, ts=8, x0=459378328
P0, tp=8, ts=8, x0=996880935
P0, tp=8, ts=8, x0=526452938
P2, tp=8, ts=8
P3, tp=8, ts=8
P0, tp=8, ts=8, x0=754732496
P0, tp=8, ts=8, x0=212977446
P3, tp=8, ts=8
P2, tp=8, ts=8
P2, tp=8, ts=8
P3, tp=8, ts=8
P3, tp=8, ts=8
P3, tp=8, ts=8
P3, tp=8, ts=8
P3, tp=8, ts=8
P3, tp=8, ts=8
P1, tp=8, ts=8, x0=266125637
P0, tp=8, ts=8, x0=274439766
P1, tp=8, ts=8, x0=154772311
P1, tp=8, ts=8, x0=325560851
P2, tp=8, ts=8
P0, tp=8, ts=8, x0=212977446
P1, tp=8, ts=8, x0=895944523
P3, tp=8, ts=8
P3, tp=8, ts=8
P1, tp=8, ts=8, x0=286514879
P1, tp=8, ts=8, x0=804175966
P0, tp=8, ts=8, x0=836941184
P3, tp=8, ts=8
P0, tp=8, ts=8, x0=286514879
P2, tp=8, ts=8
P2, tp=8, ts=8
P1, tp=8, ts=8, x0=990229554
P3, tp=8, ts=8
P0, tp=8, ts=8, x0=880084434
P3, tp=8, ts=8
P2, tp=8, ts=8
P2, tp=8, ts=8
P0, tp=8, ts=8, x0=990614552
P3, tp=8, ts=8
P2, tp=8, ts=8
P0, tp=8, ts=8, x0=753279535
P3, tp=8, ts=8
P3, tp=8, ts=8
P3, tp=8, ts=8
P3, tp=8, ts=8
P2, tp=8, ts=8
P3, tp=8, ts=8
P1, tp=8, ts=8, x0=337706698
P2, tp=8, ts=8
P3, tp=8, ts=8
P2, tp=8, ts=8
P3, tp=8, ts=8
P2, tp=8, ts=8
P0, tp=8, ts=8, x0=411428405
P2, tp=8, ts=8
P3, tp=8, ts=8
P0, tp=8, ts=8, x0=942643621
P0, tp=8, ts=8, x0=31049026
P0, tp=8, ts=8, x0=474448968
P3, tp=8, ts=8
P3, tp=8, ts=8
P3, tp=8, ts=8
P2, tp=8, ts=8
P3, tp=8, ts=8
P1, tp=8, ts=8, x0=603797089
P2, tp=8, ts=8
P2, tp=8, ts=8
P0, tp=8, ts=8, x0=454979003
P2, tp=8, ts=8
P0, tp=8, ts=8, x0=960841218
P0, tp=8, ts=8, x0=940602364
P1, tp=8, ts=8, x0=252022855
P3, tp=8, ts=8
P2, tp=8, ts=8
P3, tp=8, ts=8
P1, tp=8, ts=8, x0=413631096
P0, tp=8, ts=8, x0=603797089
P2, tp=8, ts=8
P3, tp=8, ts=8
P1, tp=8, ts=8, x0=712174569
P1, tp=8, ts=8, x0=321742630
P0, tp=8, ts=8, x0=623237646
P3, tp=8, ts=8
P0, tp=8, ts=8, x0=724400144
P1, tp=8, ts=8, x0=35416328
P2, tp=8, ts=8
P1, tp=8, ts=8, x0=714570120
P0, tp=8, ts=8, x0=890849214
P1, tp=8, ts=8, x0=855624328
P0, tp=8, ts=8, x0=724400144
P0, tp=8, ts=8, x0=164716309
P0, tp=8, ts=8, x0=744892878
P0, tp=8, ts=8, x0=31049026
P0, tp=8, ts=8, x0=635685582
P2, tp=8, ts=8
P0, tp=8, ts=8, x0=196317085
P2, tp=8, ts=8
P3, tp=8, ts=8
P0, tp=8, ts=8, x0=399120484
P1, tp=8, ts=8, x0=13937533
P3, tp=8, ts=8
P2, tp=8, ts=8
P3, tp=8, ts=8
P1, tp=8, ts=8, x0=635685582
P0, tp=8, ts=8, x0=229605487
P3, tp=8, ts=8
P3, tp=8, ts=8
P3, tp=8, ts=8
P1, tp=8, ts=8, x0=619507635
P2, tp=8, ts=8
P3, tp=8, ts=8
P1, tp=8, ts=8, x0=960841218
P2, tp=8, ts=8
P2, tp=8, ts=8
P0, tp=8, ts=8, x0=915049420
P1, tp=8, ts=8, x0=693249006
P1, tp=8, ts=8, x0=855624328
P3, tp=8, ts=8
P0, tp=8, ts=8, x0=325560851
P2, tp=8, ts=8
P2, tp=8, ts=8
P0, tp=8, ts=8, x0=915049420
P1, tp=8, ts=8, x0=693249006
P3, tp=8, ts=8
P1, tp=8, ts=8, x0=501896445
P1, tp=8, ts=8, x0=989450625
P1, tp=8, ts=8, x0=125622291
P3, tp=8, ts=8
P3, tp=8, ts=8
P1, tp=8, ts=8, x0=860704045
P1, tp=8, ts=8, x0=325560851
P0, tp=8, ts=8, x0=399120484
P1, tp=8, ts=8, x0=152111715
P1, tp=8, ts=8, x0=693249006
P1, tp=8, ts=8, x0=274439766
P0, tp=8, ts=8, x0=92536549
P0, tp=8, ts=8, x0=740989092
P0, tp=8, ts=8, x0=292814440
P2, tp=8, ts=8
P0, tp=8, ts=8, x0=754732496
P2, tp=8, ts=8
P0, tp=8, ts=8, x0=512089808
P1, tp=8, ts=8, x0=91344904
P0, tp=8, ts=8, x0=897962761
P3, tp=8, ts=8
P0, tp=8, ts=8, x0=91344904
P3, tp=8, ts=8
P2, tp=8, ts=8
P1, tp=8, ts=8, x0=915049420
P1, tp=8, ts=8, x0=413631096
P0, tp=8, ts=8, x0=365942047
P0, tp=8, ts=8, x0=783380479
P0, tp=8, ts=8, x0=269660228
P3, tp=8, ts=8
P3, tp=8, ts=8
P1, tp=8, ts=8, x0=895944523
P1, tp=8, ts=8, x0=136918708
P1, tp=8, ts=8, x0=783380479
P3, tp=8, ts=8
P1, tp=8, ts=8, x0=770727161
P0, tp=8, ts=8, x0=556074347
P2, tp=8, ts=8
P3, tp=8, ts=8
P0, tp=8, ts=8, x0=554368371
P3, tp=8, ts=8
P2, tp=8, ts=8
P1, tp=8, ts=8, x0=753279535
P3, tp=8, ts=8
P0, tp=8, ts=8, x0=526452938
P0, tp=8, ts=8, x0=411428405
P3, tp=8, ts=8
P1, tp=8, ts=8, x0=661543397
P2, tp=8, ts=8
P2, tp=8, ts=8
P1, tp=8, ts=8, x0=609244565
P1, tp=8, ts=8, x0=661543397
P2, tp=8, ts=8
P3, tp=8, ts=8
P3, tp=8, ts=8
P1, tp=8, ts=8, x0=118185026
P0, tp=8, ts=8, x0=895944523
P1, tp=8, ts=8, x0=901252304
P2, tp=8, ts=8
P0, tp=8, ts=8, x0=177329888
P2, tp=8, ts=8
P3, tp=8, ts=8
P0, tp=8, ts=8, x0=118185026
P1, tp=8, ts=8, x0=996880935
P3, tp=8, ts=8
P0, tp=8, ts=8, x0=554368371
P0, tp=8, ts=8, x0=754732496
P0, tp=8, ts=8, x0=605618997
P1, tp=8, ts=8, x0=118185026
P2, tp=8, ts=8
P2, tp=8, ts=8
P2, tp=8, ts=8
P2, tp=8, ts=8
P2, tp=8, ts=8
P3, tp=8, ts=8
P1, tp=8, ts=8, x0=762018434
P2, tp=8, ts=8
P3, tp=8, ts=8
P3, tp=8, ts=8
P0, tp=8, ts=8, x0=31049026
P3, tp=8, ts=8
P1, tp=8, ts=8, x0=789142657
P0, tp=8, ts=8, x0=901252304
P3, tp=8, ts=8
P2, tp=8, ts=8
P1, tp=8, ts=8, x0=623542647
P0, tp=8, ts=8, x0=714570120
P1, tp=8, ts=8, x0=897962761
P2, tp=8, ts=8
P0, tp=8, ts=8, x0=603797089
P1, tp=8, ts=8, x0=609244565
P2, tp=8, ts=8
P0, tp=8, ts=8, x0=712174569
P2, tp=8, ts=8
P0, tp=8, ts=8, x0=674342878
P2, tp=8, ts=8
P1, tp=8, ts=8, x0=982063016
P1, tp=8, ts=8, x0=915049420
P1, tp=9, ts=9, x0=673756487
P3, tp=9, ts=9
P0, tp=9, ts=9, x0=795788526
P2, tp=9, ts=9
P1, tp=9, ts=9, x0=118185026
P2, tp=9, ts=9
P3, tp=9, ts=9
P1, tp=9, ts=9, x0=594189553
P3, tp=9, ts=9
P3, tp=9, ts=9
P1, tp=9, ts=9, x0=724400144
P2, tp=9, ts=9
P3, tp=9, ts=9
P0, tp=9, ts=9, x0=274439766
P0, tp=9, ts=9, x0=777602721
P0, tp=9, ts=9, x0=880084434
P3, tp=9, ts=9
P1, tp=9, ts=9, x0=340075065
P1, tp=9, ts=9, x0=170124953
P1, tp=9, ts=9, x0=915049420
P1, tp=9, ts=9, x0=217165976
P2, tp=9, ts=9
P2, tp=9, ts=9
P0, tp=9, ts=9, x0=136918708
P1, tp=9, ts=9, x0=940602364
P2, tp=9, ts=9
P1, tp=9, ts=9, x0=164716309
P3, tp=9, ts=9
P0, tp=9, ts=9, x0=222134378
P3, tp=9, ts=9
P2, tp=9, ts=9
P3, tp=9, ts=9
P1, tp=9, ts=9, x0=342598852
P0, tp=9, ts=9, x0=550284623
P3, tp=9, ts=9
P3, tp=9, ts=9
P0, tp=9, ts=9, x0=365942047
P3, tp=9, ts=9
P2, tp=9, ts=9
P3, tp=9, ts=9
P2, tp=9, ts=9
P0, tp=9, ts=9, x0=164716309
P1, tp=9, ts=9, x0=474448968
P3, tp=9, ts=9
P1, tp=9, ts=9, x0=915049420
P1, tp=9, ts=9, x0=990614552
P2, tp=9, ts=9
P2, tp=9, ts=9
P2, tp=9, ts=9
P2, tp=9, ts=9
P3, tp=9, ts=9
P2, tp=9, ts=9
P2, tp=9, ts=9
P2, tp=9, ts=9
P0, tp=9, ts=9, x0=740989092
P0, tp=9, ts=9, x0=164716309
P0, tp=9, ts=9, x0=217165976
P3, tp=9, ts=9
P2, tp=9, ts=9
P0, tp=9, ts=9, x0=554368371
P1, tp=9, ts=9, x0=13937533
P3, tp=9, ts=9
P1, tp=9, ts=9, x0=937041280
P3, tp=9, ts=9
P3, tp=9, ts=9
P0, tp=9, ts=9, x0=721663097
P1, tp=9, ts=9, x0=629971180
P0, tp=9, ts=9, x0=180532790
P3, tp=9, ts=9
P0, tp=9, ts=9, x0=603797089
P0, tp=9, ts=9, x0=661543397
P0, tp=9, ts=9, x0=180532790
P3, tp=9, ts=9
P1, tp=9, ts=9, x0=399120484
P1, tp=9, ts=9, x0=35416328
P3, tp=9, ts=9
P2, tp=9, ts=9
P3, tp=9, ts=9
P0, tp=9, ts=9, x0=39715806
P1, tp=9, ts=9, x0=39715806
P2, tp=9, ts=9
P3, tp=9, ts=9
P2, tp=9, ts=9
P2, tp=9, ts=9
P0, tp=9, ts=9, x0=762018434
P3, tp=9, ts=9
P3, tp=9, ts=9
P3, tp=9, ts=9
P1, tp=9, ts=9, x0=740989092
P2, tp=9, ts=9
P2, tp=9, ts=9
P3, tp=9, ts=9
P1, tp=9, ts=9, x0=342598852
P1, tp=9, ts=9, x0=783380479
P3, tp=9, ts=9
P2, tp=9, ts=9
P2, tp=9, ts=9
P0, tp=9, ts=9, x0=867276917
P2, tp=9, ts=9
P1, tp=9, ts=9, x0=777602721
P3, tp=9, ts=9
P2, tp=9, ts=9
P1, tp=9, ts=9, x0=292814440
P1, tp=9, ts=9, x0=180532790
P3, tp=9, ts=9
P2, tp=9, ts=9
P3, tp=9, ts=9
P3, tp=9, ts=9
P2, tp=9, ts=9
P0, tp=9, ts=9, x0=724400144
P0, tp=9, ts=9, x0=7242916
P1, tp=9, ts=9, x0=222134378
P2, tp=9, ts=9
P0, tp=9, ts=9, x0=890849214
P3, tp=9, ts=9
P0, tp=9, ts=9, x0=575821514
P0, tp=9, ts=9, x0=154772311
P0, tp=9, ts=9, x0=989450625
P0, tp=9, ts=9, x0=406842900
P0, tp=9, ts=9, x0=337706698
P3, tp=9, ts=9
P3, tp=9, ts=9
P1, tp=9, ts=9, x0=715448842
P1, tp=9, ts=9, x0=136918708
P3, tp=9, ts=9
P1, tp=9, ts=9, x0=31049026
P2, tp=9, ts=9
P3, tp=9, ts=9
P0, tp=9, ts=9, x0=635685582
P2, tp=9, ts=9
P3, tp=9, ts=9
P0, tp=9, ts=9, x0=501896445
P0, tp=9, ts=9, x0=39715806
P0, tp=9, ts=9, x0=290846070
P1, tp=9, ts=9, x0=783380479
P2, tp=9, ts=9
P2, tp=9, ts=9
P3, tp=9, ts=9
P3, tp=9, ts=9
P1, tp=9, ts=9, x0=674342878
P3, tp=9, ts=9
P0, tp=9, ts=9, x0=744792064
P1, tp=9, ts=9, x0=286514879
P1, tp=9, ts=9, x0=149134593
P2, tp=9, ts=9
P1, tp=9, ts=9, x0=512089808
P2, tp=9, ts=9
P1, tp=9, ts=9, x0=35416328
P0, tp=9, ts=9, x0=605618997
P1, tp=9, ts=9, x0=290846070
P0, tp=9, ts=9, x0=193706648
P1, tp=9, ts=9, x0=890849214
P3, tp=9, ts=9
P0, tp=9, ts=9, x0=629971180
P0, tp=9, ts=9, x0=960841218
P0, tp=9, ts=9, x0=673756487
P1, tp=9, ts=9, x0=937041280
P0, tp=9, ts=9, x0=740989092
P1, tp=9, ts=9, x0=937041280
P1, tp=9, ts=9, x0=744892878
P2, tp=9, ts=9
P2, tp=9, ts=9
P1, tp=9, ts=9, x0=39715806
P3, tp=9, ts=9
P1, tp=9, ts=9, x0=867276917
P1, tp=9, ts=9, x0=956822708
P1, tp=9, ts=9, x0=818700298
P2, tp=9, ts=9
P0, tp=9, ts=9, x0=411428405
P3, tp=9, ts=9
P0, tp=9, ts=9, x0=714570120
P3, tp=9, ts=9
P2, tp=9, ts=9
P2, tp=9, ts=9
P0, tp=9, ts=9, x0=693249006
P0, tp=9, ts=9, x0=252022855
P0, tp=9, ts=9, x0=897962761
P3, tp=9, ts=9
P0, tp=9, ts=9, x0=92536549
P2, tp=9, ts=9
P1, tp=9, ts=9, x0=91344904
P3, tp=9, ts=9
P0, tp=9, ts=9, x0=550284623
P0, tp=9, ts=9, x0=836941184
P1, tp=9, ts=9, x0=625476605
P1, tp=9, ts=9, x0=16265941
P1, tp=9, ts=9, x0=754732496
P0, tp=9, ts=9, x0=118185026
P3, tp=9, ts=9
P0, tp=9, ts=9, x0=960841218
P0, tp=9, ts=9, x0=355157195
P0, tp=9, ts=9, x0=625476605
P0, tp=9, ts=9, x0=125622291
P1, tp=9, ts=9, x0=654874248
P3, tp=9, ts=9
P2, tp=9, ts=9
P2, tp=9, ts=9
P0, tp=9, ts=9, x0=990229554
P0, tp=9, ts=9, x0=135466172
P2, tp=9, ts=9
P3, tp=9, ts=9
P3, tp=9, ts=9
P1, tp=9, ts=9, x0=818700298
P1, tp=9, ts=9, x0=177329888
P0, tp=9, ts=9, x0=233427644
P3, tp=9, ts=9
P0, tp=9, ts=9, x0=990614552
P2, tp=9, ts=9
P1, tp=9, ts=9, x0=744892878
P2, tp=9, ts=9
P3, tp=9, ts=9
P1, tp=9, ts=9, x0=585382608
P3, tp=9, ts=9
P3, tp=9, ts=9
P3, tp=9, ts=9
P2, tp=9, ts=9
P1, tp=9, ts=9, x0=942643621
P1, tp=9, ts=9, x0=13937533
P3, tp=9, ts=9
P0, tp=9, ts=9, x0=754732496
P1, tp=9, ts=9, x0=609244565
P2, tp=9, ts=9
P0, tp=9, ts=9, x0=795788526
P1, tp=9, ts=9, x0=91344904
P1, tp=9, ts=9, x0=715448842
P0, tp=9, ts=9, x0=337706698
P0, tp=9, ts=9, x0=112976504
P1, tp=9, ts=9, x0=845674636
P2, tp=9, ts=9
P1, tp=9, ts=9, x0=990614552
P2, tp=9, ts=9
P2, tp=9, ts=9
P0, tp=9, ts=9, x0=3112968
P0, tp=9, ts=9, x0=594189553
P1, tp=9, ts=9, x0=714570120
P1, tp=9, ts=9, x0=13937533
P0, tp=9, ts=9, x0=355157195
P0, tp=9, ts=9, x0=217165976
P2, tp=9, ts=9
P0, tp=9, ts=9, x0=721663097
P1, tp=9, ts=9, x0=855624328
P0, tp=9, ts=9, x0=526820959
P0, tp=9, ts=9, x0=744792064
P3, tp=9, ts=9
P0, tp=9, ts=9, x0=340075065
P2, tp=9, ts=9
P0, tp=9, ts=9, x0=603797089
P3, tp=9, ts=9
P0, tp=9, ts=9, x0=744892878
P0, tp=9, ts=9, x0=337706698
P2, tp=9, ts=9
P1, tp=9, ts=9, x0=266125637
P2, tp=9, ts=9
P0, tp=9, ts=9, x0=836941184
P0, tp=9, ts=9, x0=7242916
P2, tp=9, ts=9
P3, tp=9, ts=9
P1, tp=9, ts=9, x0=334199285
P1, tp=9, ts=9, x0=867276917
P2, tp=9, ts=9
P1, tp=9, ts=9, x0=989450625
P0, tp=9, ts=9, x0=845674636
P1, tp=9, ts=9, x0=454311334
P1, tp=9, ts=9, x0=715448842
P2, tp=9, ts=9
P0, tp=9, ts=9, x0=609244565
P1, tp=9, ts=9, x0=674342878
P0, tp=9, ts=9, x0=342598852
P2, tp=9, ts=9
P0, tp=9, ts=9, x0=890849214
P1, tp=9, ts=9, x0=213655767
P3, tp=9, ts=9
P2, tp=9, ts=9
P1, tp=9, ts=9, x0=149134593
P3, tp=9, ts=9
P1, tp=9, ts=9, x0=967373649
P1, tp=9, ts=9, x0=334199285
P0, tp=9, ts=9, x0=836941184
P1, tp=9, ts=9, x0=714570120
P2, tp=9, ts=9
P0, tp=9, ts=9, x0=740989092
P0, tp=9, ts=9, x0=609244565
P3, tp=9, ts=9
P2, tp=9, ts=9
P2, tp=9, ts=9
P2, tp=9, ts=9
P0, tp=9, ts=9, x0=621169062
P2, tp=9, ts=9
P3, tp=9, ts=9
P0, tp=9, ts=9, x0=897962761
P2, tp=9, ts=9
P2, tp=9, ts=9
P2, tp=9, ts=9
P1, tp=9, ts=9, x0=501684859
P2, tp=9, ts=9
P2, tp=9, ts=9
P1, tp=9, ts=9, x0=337706698
P1, tp=9, ts=9, x0=605618997
P1, tp=9, ts=9, x0=714570120
P1, tp=9, ts=9, x0=125622291
P2, tp=9, ts=9
P3, tp=9, ts=9
P1, tp=9, ts=9, x0=337706698
P2, tp=9, ts=9
P1, tp=9, ts=9, x0=967373649
P2, tp=9, ts=9
P1, tp=9, ts=9, x0=135466172
P1, tp=9, ts=9, x0=213655767
P0, tp=9, ts=9, x0=777602721
P2, tp=9, ts=9
P0, tp=9, ts=9, x0=118185026
P0, tp=9, ts=9, x0=286514879
P0, tp=9, ts=9, x0=674342878
P1, tp=9, ts=9, x0=762018434
P1, tp=9, ts=9, x0=177329888
P0, tp=9, ts=9, x0=91344904
P3, tp=9, ts=9
P1, tp=9, ts=9, x0=890849214
P0, tp=9, ts=9, x0=13937533
P1, tp=9, ts=9, x0=149134593
P1, tp=9, ts=9, x0=890849214
P1, tp=9, ts=9, x0=845674636
P1, tp=9, ts=9, x0=399120484
P0, tp=9, ts=9, x0=233427644
P0, tp=9, ts=9, x0=783380479
P2, tp=9, ts=9
P3, tp=9, ts=9
P0, tp=9, ts=9, x0=164716309
P2, tp=9, ts=9
P3, tp=9, ts=9
P2, tp=9, ts=9
P0, tp=9, ts=9, x0=321037901
P0, tp=9, ts=9, x0=170124953
P2, tp=9, ts=9
P0, tp=9, ts=9, x0=744892878
P1, tp=9, ts=9, x0=744792064
P0, tp=9, ts=9, x0=623542647
P0, tp=9, ts=9, x0=990614552
P2, tp=9, ts=9
P1, tp=9, ts=9, x0=724400144
P2, tp=9, ts=9
P3, tp=9, ts=9
P1, tp=9, ts=9, x0=193706648
P1, tp=9, ts=9, x0=818700298
P2, tp=9, ts=9
P1, tp=9, ts=9, x0=740989092
P2, tp=9, ts=9
P1, tp=9, ts=9, x0=133569080
P0, tp=9, ts=9, x0=585382608
P2, tp=9, ts=9
P0, tp=9, ts=9, x0=890849214
P2, tp=9, ts=9
P2, tp=9, ts=9
P2, tp=9, ts=9
P3, tp=9, ts=9
P1, tp=9, ts=9, x0=499792139
P0, tp=9, ts=9, x0=269660228
P0, tp=9, ts=9, x0=621169062
P1, tp=9, ts=9, x0=133569080
P0, tp=9, ts=9, x0=39715806
P1, tp=9, ts=9, x0=740989092
P0, tp=9, ts=9, x0=585382608
P3, tp=9, ts=9
P2, tp=9, ts=9
P2, tp=9, ts=9
P2, tp=9, ts=9
P3, tp=9, ts=9
P0, tp=9, ts=9, x0=154789759
P3, tp=9, ts=9
P0, tp=9, ts=9, x0=177329888
P0, tp=9, ts=9, x0=269660228
P1, tp=9, ts=9, x0=35416328
P2, tp=9, ts=9
P0, tp=9, ts=9, x0=956822708
P0, tp=9, ts=9, x0=956822708
P0, tp=9, ts=9, x0=575821514
P3, tp=9, ts=9
P3, tp=9, ts=9
P2, tp=9, ts=9
P0, tp=9, ts=9, x0=149134593
P3, tp=9, ts=9
P0, tp=9, ts=9, x0=135466172
P1, tp=9, ts=9, x0=112976504
P3, tp=9, ts=9
P1, tp=9, ts=9, x0=635685582
P0, tp=9, ts=9, x0=454311334
P1, tp=9, ts=9, x0=406842900
P3, tp=9, ts=9
P2, tp=9, ts=9
P2, tp=9, ts=9
P2, tp=9, ts=9
P3, tp=9, ts=9
P3, tp=9, ts=9
P3, tp=9, ts=9
P0, tp=9, ts=9, x0=372870472
P3, tp=9, ts=9
P0, tp=9, ts=9, x0=501684859
P0, tp=9, ts=9, x0=621169062
P3, tp=9, ts=9
P1, tp=9, ts=9, x0=3112968
P0, tp=9, ts=9, x0=996880935
P1, tp=9, ts=9, x0=35416328
P2, tp=9, ts=9
P2, tp=9, ts=9
P1, tp=9, ts=9, x0=818700298
P1, tp=9, ts=9, x0=674342878
P0, tp=9, ts=9, x0=989450625
P0, tp=9, ts=9, x0=556074347
P3, tp=9, ts=9
P2, tp=9, ts=9
P1, tp=9, ts=9, x0=712174569
P2, tp=9, ts=9
P2, tp=9, ts=9
P1, tp=9, ts=9, x0=35416328
P0, tp=9, ts=9, x0=890849214
P1, tp=9, ts=9, x0=499792139
P3, tp=9, ts=9
P1, tp=9, ts=9, x0=526820959
P0, tp=9, ts=9, x0=474448968
P0, tp=9, ts=9, x0=698116705
P3, tp=9, ts=9
P3, tp=9, ts=9
P1, tp=9, ts=9, x0=940602364
P1, tp=9, ts=9, x0=621169062
P2, tp=9, ts=9
P1, tp=9, ts=9, x0=365942047
P2, tp=9, ts=9
P0, tp=9, ts=9, x0=996880935
P1, tp=9, ts=9, x0=585382608
P0, tp=9, ts=9, x0=783380479
P0, tp=9, ts=9, x0=269660228
P3, tp=9, ts=9
P0, tp=9, ts=9, x0=459378328
P2, tp=9, ts=9
P0, tp=9, ts=9, x0=996880935
P2, tp=9, ts=9
P2, tp=9, ts=9
P2, tp=9, ts=9
P0, tp=9, ts=9, x0=673756487
P2, tp=9, ts=9
P0, tp=9, ts=9, x0=603797089
P1, tp=9, ts=9, x0=217165976
P1, tp=9, ts=9, x0=585382608
P3, tp=9, ts=9
P2, tp=9, ts=9
P2, tp=9, ts=9
P1, tp=9, ts=9, x0=526820959
P0, tp=9, ts=9, x0=682626521
P0, tp=9, ts=9, x0=480240985
P3, tp=9, ts=9
P1, tp=9, ts=9, x0=274439766
P1, tp=9, ts=9, x0=956822708
P2, tp=9, ts=9
P1, tp=9, ts=9, x0=499792139
P3, tp=9, ts=9
P2, tp=9, ts=9
P0, tp=9, ts=9, x0=7242916
P1, tp=9, ts=9, x0=940602364
P0, tp=9, ts=9, x0=740989092
P2, tp=9, ts=9
P0, tp=9, ts=9, x0=3112968
P3, tp=9, ts=9
P3, tp=9, ts=9
P0, tp=9, ts=9, x0=673756487
P3, tp=9, ts=9
P0, tp=9, ts=9, x0=35416328
P1, tp=9, ts=9, x0=135466172
P0, tp=9, ts=9, x0=714570120
P2, tp=9, ts=9
P0, tp=9, ts=9, x0=698116705
P1, tp=9, ts=9, x0=880084434
P3, tp=9, ts=9
P0, tp=9, ts=9, x0=365942047
P1, tp=9, ts=9, x0=91344904
P0, tp=9, ts=9, x0=694917295
P0, tp=9, ts=9, x0=39715806
P1, tp=9, ts=9, x0=337706698
P1, tp=9, ts=9, x0=712174569
P3, tp=9, ts=9
P1, tp=9, ts=9, x0=406842900
P3, tp=9, ts=9
P0, tp=9, ts=9, x0=770727161
P2, tp=9, ts=9
P2, tp=9, ts=9
P1, tp=9, ts=9, x0=526452938
P3, tp=9, ts=9
P1, tp=9, ts=9, x0=526820959
P0, tp=9, ts=9, x0=836941184
P3, tp=9, ts=9
P3, tp=9, ts=9
P0, tp=9, ts=9, x0=133569080
P1, tp=9, ts=9, x0=575821514
P1, tp=9, ts=9, x0=654874248
P1, tp=9, ts=9, x0=721663097
P2, tp=9, ts=9
P1, tp=9, ts=9, x0=177329888
P3, tp=9, ts=9
P2, tp=9, ts=9
P2, tp=9, ts=9
P2, tp=9, ts=9
P0, tp=9, ts=9, x0=91344904
P1, tp=9, ts=9, x0=196317085
P0, tp=9, ts=9, x0=956822708
P1, tp=9, ts=9, x0=135466172
P0, tp=9, ts=9, x0=989450625
P3, tp=9, ts=9
P3, tp=9, ts=9
P1, tp=9, ts=9, x0=526452938
P2, tp=9, ts=9
P0, tp=9, ts=9, x0=714570120
P1, tp=9, ts=9, x0=340075065
P0, tp=9, ts=9, x0=406842900
P2, tp=9, ts=9
P3, tp=9, ts=9
P0, tp=9, ts=9, x0=897962761
P1, tp=9, ts=9, x0=629971180
P3, tp=9, ts=9
P3, tp=9, ts=9
P2, tp=9, ts=9
P0, tp=9, ts=9, x0=499792139
P2, tp=9, ts=9
P0, tp=9, ts=9, x0=694917295
P0, tp=9, ts=9, x0=334199285
P1, tp=9, ts=9, x0=35416328
P2, tp=9, ts=9
P1, tp=9, ts=9, x0=399120484
P1, tp=9, ts=9, x0=180532790
P3, tp=9, ts=9
P1, tp=9, ts=9, x0=344440560
P2, tp=9, ts=9
P3, tp=9, ts=9
P2, tp=9, ts=9
P0, tp=9, ts=9, x0=654874248
P0, tp=9, ts=9, x0=605618997
P2, tp=9, ts=9
P0, tp=9, ts=9, x0=990614552
P1, tp=9, ts=9, x0=623542647
P1, tp=9, ts=9, x0=35416328
P3, tp=9, ts=9
P1, tp=9, ts=9, x0=694917295
P3, tp=9, ts=9
P2, tp=9, ts=9
P3, tp=9, ts=9
P0, tp=9, ts=9, x0=419180382
P1, tp=9, ts=9, x0=372870472
P0, tp=9, ts=9, x0=694917295
P0, tp=9, ts=9, x0=777602721
P2, tp=9, ts=9
P2, tp=9, ts=9
P2, tp=9, ts=9
P0, tp=9, ts=9, x0=177329888
P2, tp=9, ts=9
P2, tp=9, ts=9
P1, tp=9, ts=9, x0=661543397
P3, tp=9, ts=9
P0, tp=9, ts=9, x0=629971180
P1, tp=9, ts=9, x0=193706648
P0, tp=9, ts=9, x0=501684859
P2, tp=9, ts=9
P0, tp=9, ts=9, x0=550284623
P1, tp=9, ts=9, x0=967373649
P0, tp=9, ts=9, x0=526452938
P0, tp=9, ts=9, x0=501896445
P0, tp=9, ts=9, x0=133569080
P1, tp=9, ts=9, x0=629971180
P0, tp=9, ts=9, x0=942643621
P1, tp=9, ts=9, x0=740989092
P1, tp=9, ts=9, x0=609244565
P1, tp=9, ts=9, x0=967373649
P2, tp=9, ts=9
P1, tp=9, ts=9, x0=135466172
P0, tp=9, ts=9, x0=91936105
P3, tp=9, ts=9
P2, tp=9, ts=9
P2, tp=9, ts=9
P0, tp=9, ts=9, x0=605618997
P1, tp=9, ts=9, x0=252022855
P1, tp=9, ts=9, x0=180532790
P2, tp=9, ts=9
P3, tp=9, ts=9
P0, tp=9, ts=9, x0=867276917
P2, tp=9, ts=9
P3, tp=9, ts=9
P2, tp=9, ts=9
P3, tp=9, ts=9
P2, tp=9, ts=9
P1, tp=9, ts=9, x0=724400144
P2, tp=9, ts=9
P1, tp=9, ts=9, x0=23511654
P2, tp=9, ts=9
P0, tp=9, ts=9, x0=195915514
P3, tp=9, ts=9
P0, tp=9, ts=9, x0=921382694
P1, tp=9, ts=9, x0=406842900
P0, tp=9, ts=9, x0=603797089
P3, tp=9, ts=9
P3, tp=9, ts=9
P0, tp=9, ts=9, x0=340075065
P1, tp=9, ts=9, x0=526820959
P0, tp=9, ts=9, x0=654874248
P1, tp=9, ts=9, x0=724400144
P2, tp=9, ts=9
P1, tp=9, ts=9, x0=603797089
P3, tp=9, ts=9
P1, tp=9, ts=9, x0=23511654
P2, tp=9, ts=9
P0, tp=9, ts=9, x0=714570120
P1, tp=9, ts=9, x0=740989092
P0, tp=9, ts=9, x0=133569080
P1, tp=9, ts=9, x0=712174569
P3, tp=9, ts=9
P0, tp=9, ts=9, x0=133569080
P2, tp=9, ts=9
P1, tp=9, ts=9, x0=459378328
P3, tp=9, ts=9
P3, tp=9, ts=9
P2, tp=9, ts=9
P3, tp=9, ts=9
P1, tp=9, ts=9, x0=818700298
P2, tp=9, ts=9
P3, tp=9, ts=9
P2, tp=9, ts=9
P3, tp=9, ts=9
P3, tp=9, ts=9
P2, tp=9, ts=9
P0, tp=9, ts=9, x0=795788526
P3, tp=9, ts=9
P2, tp=9, ts=9
P1, tp=9, ts=9, x0=181739991
P0, tp=9, ts=9, x0=213655767
P3, tp=9, ts=9
P3, tp=9, ts=9
P0, tp=9, ts=9, x0=795788526
P3, tp=9, ts=9
P2, tp=9, ts=9
P2, tp=9, ts=9
P2, tp=9, ts=9
P3, tp=9, ts=9
P0, tp=9, ts=9, x0=556074347
P3, tp=9, ts=9
P1, tp=9, ts=9, x0=483598698
P3, tp=9, ts=9
P1, tp=9, ts=9, x0=91344904
P3, tp=9, ts=9
P1, tp=9, ts=9, x0=712174569
P1, tp=9, ts=9, x0=855624328
P3, tp=9, ts=9
P2, tp=9, ts=9
P2, tp=9, ts=9
P3, tp=9, ts=9
P2, tp=9, ts=9
P0, tp=9, ts=9, x0=901252304
P0, tp=9, ts=9, x0=585382608
P3, tp=9, ts=9
P1, tp=9, ts=9, x0=777602721
P2, tp=9, ts=9
P1, tp=9, ts=9, x0=91936105
P3, tp=9, ts=9
P0, tp=9, ts=9, x0=721663097
P1, tp=9, ts=9, x0=789142657
P2, tp=9, ts=9
P1, tp=9, ts=9, x0=269660228
P0, tp=9, ts=9, x0=321037901
P0, tp=9, ts=9, x0=550284623
P2, tp=9, ts=9
P3, tp=9, ts=9
P3, tp=9, ts=9
P3, tp=9, ts=9
P1, tp=9, ts=9, x0=459378328
P0, tp=9, ts=9, x0=459378328
P1, tp=9, ts=9, x0=836941184
P1, tp=9, ts=9, x0=942643621
P2, tp=9, ts=9
P2, tp=9, ts=9
P0, tp=9, ts=9, x0=625476605
P2, tp=9, ts=9
P0, tp=9, ts=9, x0=266125637
P2, tp=9, ts=9
P3, tp=9, ts=9
P0, tp=9, ts=9, x0=340075065
P3, tp=9, ts=9
P3, tp=9, ts=9
P2, tp=9, ts=9
P1, tp=9, ts=9, x0=57653800
P3, tp=9, ts=9
P0, tp=9, ts=9, x0=321037901
P1, tp=9, ts=9, x0=924324086
P0, tp=9, ts=9, x0=32161349
P2, tp=9, ts=9
P2, tp=9, ts=9
P2, tp=9, ts=9
P1, tp=9, ts=9, x0=674342878
P3, tp=9, ts=9
P0, tp=9, ts=9, x0=575821514
P3, tp=9, ts=9
P1, tp=9, ts=9, x0=7242916
P3, tp=9, ts=9
P2, tp=9, ts=9
P0, tp=9, ts=9, x0=585382608
P2, tp=9, ts=9
P1, tp=9, ts=9, x0=164716309
P1, tp=9, ts=9, x0=274439766
P3, tp=9, ts=9
P1, tp=9, ts=9, x0=91344904
P3, tp=9, ts=9
P2, tp=9, ts=9
P2, tp=9, ts=9
P1, tp=9, ts=9, x0=744892878
P1, tp=9, ts=9, x0=724400144
P0, tp=9, ts=9, x0=967373649
P2, tp=9, ts=9
P3, tp=9, ts=9
P2, tp=9, ts=9
P1, tp=9, ts=9, x0=419180382
P1, tp=9, ts=9, x0=629971180
P2, tp=9, ts=9
P2, tp=9, ts=9
P2, tp=9, ts=9
P2, tp=9, ts=9
P1, tp=9, ts=9, x0=724400144
P3, tp=9, ts=9
P3, tp=9, ts=9
P2, tp=9, ts=9
P1, tp=9, ts=9, x0=195915514
P3, tp=9, ts=9
P1, tp=9, ts=9, x0=712174569
P3, tp=9, ts=9
P2, tp=9, ts=9
P3, tp=9, ts=9
P0, tp=9, ts=9, x0=654874248
P1, tp=9, ts=9, x0=480240985
P0, tp=9, ts=9, x0=940602364
P2, tp=9, ts=9
P1, tp=9, ts=9, x0=57653800
P2, tp=9, ts=9
P1, tp=9, ts=9, x0=474448968
P3, tp=9, ts=9
P2, tp=9, ts=9
P1, tp=9, ts=9, x0=181739991
P1, tp=9, ts=9, x0=91936105
P0, tp=9, ts=9, x0=334199285
P0, tp=9, ts=9, x0=629971180
P2, tp=9, ts=9
P1, tp=9, ts=9, x0=818700298
P2, tp=9, ts=9
P2, tp=9, ts=9
P0, tp=9, ts=9, x0=556074347
P2, tp=9, ts=9
P2, tp=9, ts=9
P1, tp=9, ts=9, x0=996880935
P3, tp=9, ts=9
P1, tp=9, ts=9, x0=956822708
P0, tp=9, ts=9, x0=290846070
P1, tp=9, ts=9, x0=213655767
P3, tp=9, ts=9
P0, tp=9, ts=9, x0=998287941
P3, tp=9, ts=9
P1, tp=9, ts=9, x0=91936105
P3, tp=9, ts=9
P0, tp=9, ts=9, x0=897962761
P2, tp=9, ts=9
P0, tp=9, ts=9, x0=23511654
P2, tp=9, ts=9
P3, tp=9, ts=9
P0, tp=9, ts=9, x0=217165976
P0, tp=9, ts=9, x0=556074347
P0, tp=9, ts=9, x0=880084434
P1, tp=9, ts=9, x0=340075065
P3, tp=9, ts=9
P0, tp=9, ts=9, x0=698116705
P1, tp=9, ts=9, x0=501896445
P2, tp=9, ts=9
P2, tp=9, ts=9
P0, tp=9, ts=9, x0=730248318
P0, tp=9, ts=9, x0=340075065
P1, tp=9, ts=9, x0=13937533
P2, tp=9, ts=9
P0, tp=9, ts=9, x0=744792064
P3, tp=9, ts=9
P0, tp=9, ts=9, x0=603797089
P1, tp=9, ts=9, x0=629971180
P0, tp=9, ts=9, x0=217165976
P2, tp=9, ts=9
P0, tp=9, ts=9, x0=13937533
P3, tp=9, ts=9
P3, tp=9, ts=9
P1, tp=9, ts=9, x0=406842900
P1, tp=9, ts=9, x0=603797089
P1, tp=9, ts=9, x0=16265941
P2, tp=9, ts=9
P0, tp=9, ts=9, x0=526820959
P2, tp=9, ts=9
P0, tp=9, ts=9, x0=13937533
P0, tp=9, ts=9, x0=501896445
P3, tp=9, ts=9
P3, tp=9, ts=9
P1, tp=9, ts=9, x0=942643621
P0, tp=9, ts=9, x0=196317085
P2, tp=9, ts=9
P2, tp=9, ts=9
P2, tp=9, ts=9
P3, tp=9, ts=9
P2, tp=9, ts=9
P1, tp=9, ts=9, x0=500383292
P2, tp=9, ts=9
P1, tp=9, ts=9, x0=321037901
P0, tp=9, ts=9, x0=724400144
P1, tp=9, ts=9, x0=818700298
P2, tp=9, ts=9
P0, tp=9, ts=9, x0=777602721
P3, tp=9, ts=9
P3, tp=9, ts=9
P2, tp=9, ts=9
P0, tp=9, ts=9, x0=149134593
P2, tp=9, ts=9
P1, tp=9, ts=9, x0=35416328
P2, tp=9, ts=9
P3, tp=9, ts=9
P3, tp=9, ts=9
P2, tp=9, ts=9
P0, tp=9, ts=9, x0=654874248
P0, tp=9, ts=9, x0=274439766
P0, tp=9, ts=9, x0=855624328
P1, tp=9, ts=9, x0=654874248
P0, tp=9, ts=9, x0=411428405
P2, tp=9, ts=9
P3, tp=9, ts=9
P0, tp=9, ts=9, x0=207858560
P0, tp=9, ts=9, x0=712174569
P2, tp=9, ts=9
P3, tp=9, ts=9
P3, tp=9, ts=9
P2, tp=9, ts=9
P3, tp=9, ts=9
P2, tp=9, ts=9
P3, tp=9, ts=9
P0, tp=9, ts=9, x0=474448968
P1, tp=9, ts=9, x0=474448968
P3, tp=9, ts=9
P2, tp=9, ts=9
P0, tp=9, ts=9, x0=91344904
P3, tp=9, ts=9
P1, tp=9, ts=9, x0=91936105
P3, tp=9, ts=9
P1, tp=9, ts=9, x0=714570120
P3, tp=9, ts=9
P3, tp=9, ts=9
P0, tp=9, ts=9, x0=154789759
P2, tp=9, ts=9
P2, tp=9, ts=9
P0, tp=9, ts=9, x0=956822708
P2, tp=9, ts=9
P2, tp=9, ts=9
P3, tp=9, ts=9
P1, tp=9, ts=9, x0=32161349
P0, tp=9, ts=9, x0=795788526
P3, tp=9, ts=9
P2, tp=9, ts=9
P1, tp=9, ts=9, x0=730248318
P0, tp=9, ts=9, x0=818700298
P0, tp=9, ts=9, x0=990614552
P1, tp=9, ts=9, x0=585382608
P3, tp=9, ts=9
P0, tp=9, ts=9, x0=940602364
P0, tp=9, ts=9, x0=740989092
P3, tp=9, ts=9
P0, tp=9, ts=9, x0=940602364
P2, tp=9, ts=9
P0, tp=9, ts=9, x0=921382694
P1, tp=9, ts=9, x0=154789759
P0, tp=9, ts=9, x0=714570120
P2, tp=9, ts=9
P1, tp=9, ts=9, x0=818700298
P3, tp=9, ts=9
P3, tp=9, ts=9
P2, tp=9, ts=9
P2, tp=9, ts=9
P2, tp=9, ts=9
P2, tp=9, ts=9
P3, tp=9, ts=9
P3, tp=9, ts=9
P1, tp=9, ts=9, x0=550284623
P1, tp=9, ts=9, x0=7242916
P0, tp=9, ts=9, x0=550284623
P3, tp=9, ts=9
P0, tp=9, ts=9, x0=967373649
P2, tp=9, ts=9
P1, tp=9, ts=9, x0=714570120
P1, tp=9, ts=9, x0=605618997
P0, tp=9, ts=9, x0=915049420
P3, tp=9, ts=9
P2, tp=9, ts=9
P1, tp=9, ts=9, x0=32161349
P3, tp=9, ts=9
P1, tp=9, ts=9, x0=406842900
P1, tp=9, ts=9, x0=274439766
P1, tp=9, ts=9, x0=724400144
P3, tp=9, ts=9
P3, tp=9, ts=9
P2, tp=9, ts=9
P1, tp=9, ts=9, x0=924324086
P1, tp=9, ts=9, x0=550284623
P2, tp=9, ts=9
P3, tp=9, ts=9
P2, tp=9, ts=9
P0, tp=9, ts=9, x0=406842900
P3, tp=9, ts=9
P0, tp=9, ts=9, x0=990614552
P3, tp=9, ts=9
P3, tp=9, ts=9
P3, tp=9, ts=9
P3, tp=9, ts=9
P0, tp=9, ts=9, x0=843468459
P2, tp=9, ts=9
P3, tp=9, ts=9
P2, tp=9, ts=9
P2, tp=9, ts=9
P1, tp=9, ts=9, x0=730248318
P2, tp=9, ts=9
P0, tp=9, ts=9, x0=57653800
P3, tp=9, ts=9
P1, tp=9, ts=9, x0=998287941
P3, tp=9, ts=9
P2, tp=9, ts=9
P1, tp=9, ts=9, x0=585382608
P1, tp=9, ts=9, x0=568581665
P2, tp=9, ts=9
P3, tp=9, ts=9
P2, tp=9, ts=9
P0, tp=9, ts=9, x0=340075065
P1, tp=9, ts=9, x0=267627622
P0, tp=9, ts=9, x0=855624328
P0, tp=9, ts=9, x0=419180382
P2, tp=9, ts=9
P0, tp=9, ts=9, x0=674342878
P2, tp=9, ts=9
P3, tp=9, ts=9
P3, tp=9, ts=9
P1, tp=9, ts=9, x0=340075065
P2, tp=9, ts=9
P2, tp=9, ts=9
P2, tp=9, ts=9
P3, tp=9, ts=9
P0, tp=9, ts=9, x0=996880935
P2, tp=9, ts=9
P0, tp=9, ts=9, x0=399120484
P1, tp=9, ts=9, x0=35416328
P1, tp=9, ts=9, x0=730248318
P2, tp=9, ts=9
P0, tp=9, ts=9, x0=57653800
P0, tp=9, ts=9, x0=501684859
P3, tp=9, ts=9
P2, tp=9, ts=9
P0, tp=9, ts=9, x0=135466172
P0, tp=9, ts=9, x0=568581665
P2, tp=9, ts=9
P1, tp=9, ts=9, x0=890849214
P1, tp=9, ts=9, x0=459378328
P1, tp=9, ts=9, x0=759427354
P3, tp=9, ts=9
P0, tp=9, ts=9, x0=956822708
P1, tp=9, ts=9, x0=682626521
P0, tp=9, ts=9, x0=164716309
P2, tp=9, ts=9
P1, tp=9, ts=9, x0=629971180
P1, tp=9, ts=9, x0=269043948
P3, tp=9, ts=9
P1, tp=9, ts=9, x0=818700298
P1, tp=9, ts=9, x0=890849214
P3, tp=9, ts=9
P0, tp=9, ts=9, x0=501684859
P0, tp=9, ts=9, x0=168111226
P3, tp=9, ts=9
P2, tp=9, ts=9
P3, tp=9, ts=9
P0, tp=9, ts=9, x0=724400144
P1, tp=9, ts=9, x0=399120484
P3, tp=9, ts=9
P1, tp=9, ts=9, x0=712174569
P1, tp=9, ts=9, x0=890849214
P0, tp=9, ts=9, x0=365942047
P2, tp=9, ts=9
P1, tp=9, ts=9, x0=467517983
P2, tp=9, ts=9
P3, tp=9, ts=9
P1, tp=9, ts=9, x0=269043948
P2, tp=9, ts=9
P3, tp=9, ts=9
P1, tp=9, ts=9, x0=168111226
P3, tp=9, ts=9
P1, tp=9, ts=9, x0=266125637
P3, tp=9, ts=9
P2, tp=9, ts=9
P1, tp=9, ts=9, x0=449880464
P2, tp=9, ts=9
P0, tp=9, ts=9, x0=23511654
P0, tp=9, ts=9, x0=836941184
P0, tp=9, ts=9, x0=770727161
P1, tp=9, ts=9, x0=252022855
P2, tp=9, ts=9
