P1, tp=0, ts=0, x0=569872521
P3, tp=0, ts=0, x0=373321178
P0, tp=0, ts=0, x0=810563610, x1=328515787
P1, tp=0, ts=0, x0=355617325
P2, tp=0, ts=0, x0=24488068
P2, tp=0, ts=0, x0=132139073
P1, tp=0, ts=0, x0=263078228
P1, tp=0, ts=0, x0=724120811
P1, tp=0, ts=0, x0=782304503
P3, tp=0, ts=0, x0=192577637
P0, tp=0, ts=0, x0=78200211, x1=606967315
P2, tp=0, ts=0, x0=642553759
P3, tp=0, ts=0, x0=759454589
P0, tp=0, ts=0, x0=870269555, x1=943366250
P1, tp=0, ts=0, x0=485979946
P0, tp=0, ts=0, x0=55280525, x1=551152087
P0, tp=0, ts=0, x0=386218870, x1=398563200
P0, tp=0, ts=0, x0=107019939, x1=905226255
P1, tp=0, ts=0, x0=226070484
P1, tp=0, ts=0, x0=196980072
P0, tp=0, ts=0, x0=535982850, x1=542030928
P0, tp=0, ts=0, x0=583930965, x1=926246428
P0, tp=0, ts=0, x0=762707131, x1=220272179
P3, tp=0, ts=0, x0=18709334
P2, tp=0, ts=0, x0=228331474
P1, tp=0, ts=0, x0=843943083
P0, tp=0, ts=0, x0=298920788, x1=118069191
P1, tp=0, ts=0, x0=105778896
P2, tp=0, ts=0, x0=136297361
P0, tp=0, ts=0, x0=870342687, x1=73269769
P1, tp=0, ts=0, x0=686995935
P2, tp=0, ts=0, x0=666082975
P2, tp=0, ts=0, x0=5126561
P2, tp=0, ts=0, x0=351151922
P1, tp=0, ts=0, x0=741139708
P1, tp=0, ts=0, x0=663396134
P3, tp=0, ts=0, x0=541053556
P0, tp=0, ts=0, x0=912462831, x1=10932329
P3, tp=0, ts=0, x0=465808655
P3, tp=0, ts=0, x0=192577637
P2, tp=0, ts=0, x0=456228543
P1, tp=0, ts=0, x0=941288943
P1, tp=0, ts=0, x0=132139073
P3, tp=0, ts=0, x0=666082975
P0, tp=0, ts=0, x0=263078228, x1=220272179
P2, tp=0, ts=0, x0=386218870
P3, tp=0, ts=0, x0=351151922
P3, tp=0, ts=0, x0=870342687
P0, tp=0, ts=0, x0=132139073, x1=72765936
P1, tp=0, ts=0, x0=377301598
P2, tp=0, ts=0, x0=351151922
P0, tp=0, ts=0, x0=196980072, x1=686995935
P1, tp=0, ts=0, x0=569872521
P3, tp=0, ts=0, x0=782304503
P2, tp=0, ts=0, x0=228331474
P3, tp=0, ts=0, x0=666082975
P1, tp=0, ts=0, x0=215333375
P1, tp=0, ts=0, x0=18709334
P0, tp=0, ts=0, x0=542030928, x1=118766102
P3, tp=0, ts=0, x0=118766102
P2, tp=0, ts=0, x0=485979946
P2, tp=0, ts=0, x0=926246428
P2, tp=0, ts=0, x0=256810040
P1, tp=0, ts=0, x0=105778896
P0, tp=0, ts=0, x0=118766102, x1=107019939
P1, tp=0, ts=0, x0=215333375
P2, tp=0, ts=0, x0=220272179
P1, tp=0, ts=0, x0=843943083
P0, tp=0, ts=0, x0=10932329, x1=72765936
P3, tp=0, ts=0, x0=870342687
P0, tp=0, ts=0, x0=663396134, x1=542030928
P3, tp=0, ts=0, x0=641299034
P2, tp=0, ts=0, x0=131587651
P2, tp=0, ts=0, x0=782304503
P2, tp=0, ts=0, x0=107019939
P1, tp=0, ts=0, x0=642553759
P0, tp=0, ts=0, x0=606967315, x1=941288943
P1, tp=0, ts=0, x0=943366250
P1, tp=0, ts=0, x0=192577637
P0, tp=0, ts=0, x0=192577637, x1=5126561
P0, tp=0, ts=0, x0=641299034, x1=256810040
P1, tp=0, ts=0, x0=351151922
P0, tp=0, ts=0, x0=131587651, x1=606967315
P3, tp=0, ts=0, x0=583468608
P2, tp=0, ts=0, x0=762707131
P1, tp=0, ts=0, x0=810563610
P2, tp=0, ts=0, x0=105778896
P1, tp=0, ts=0, x0=107019939
P3, tp=0, ts=0, x0=941288943
P2, tp=0, ts=0, x0=541053556
P1, tp=0, ts=0, x0=456228543
P0, tp=0, ts=0, x0=762707131, x1=386218870
P2, tp=0, ts=0, x0=18709334
P3, tp=0, ts=0, x0=642553759
P3, tp=0, ts=0, x0=686995935
P3, tp=0, ts=0, x0=10932329
P0, tp=0, ts=0, x0=762707131, x1=328515787
P3, tp=0, ts=0, x0=905226255
P3, tp=0, ts=0, x0=105778896
P2, tp=0, ts=0, x0=604689031
P1, tp=0, ts=0, x0=24488068
P1, tp=0, ts=0, x0=256810040
P1, tp=0, ts=0, x0=107019939
P2, tp=0, ts=0, x0=132139073
P1, tp=0, ts=0, x0=136297361
P2, tp=0, ts=0, x0=192577637
P3, tp=0, ts=0, x0=870342687
P2, tp=0, ts=0, x0=118069191
P1, tp=0, ts=0, x0=386218870
P0, tp=0, ts=0, x0=810563610, x1=663396134
P2, tp=0, ts=0, x0=18709334
P0, tp=0, ts=0, x0=24488068, x1=78200211
P2, tp=0, ts=0, x0=569872521
P3, tp=0, ts=0, x0=351151922
P1, tp=0, ts=0, x0=196980072
P0, tp=0, ts=0, x0=926246428, x1=118766102
P0, tp=0, ts=0, x0=228331474, x1=5126561
P1, tp=0, ts=0, x0=604689031
P2, tp=0, ts=0, x0=592957960
P0, tp=0, ts=0, x0=762707131, x1=10932329
P3, tp=0, ts=0, x0=73269769
P3, tp=0, ts=0, x0=843943083
P0, tp=0, ts=0, x0=782304503, x1=18709334
P1, tp=0, ts=0, x0=541053556
P1, tp=0, ts=0, x0=782304503
P1, tp=0, ts=0, x0=663396134
P0, tp=0, ts=0, x0=78200211, x1=926246428
P0, tp=0, ts=0, x0=551152087, x1=118069191
P2, tp=0, ts=0, x0=871032537
P0, tp=0, ts=0, x0=226070484, x1=107019939
P3, tp=0, ts=0, x0=541053556
P3, tp=0, ts=0, x0=351151922
P0, tp=0, ts=0, x0=73269769, x1=351151922
P2, tp=0, ts=0, x0=328515787
P3, tp=0, ts=0, x0=474765026
P1, tp=0, ts=0, x0=542030928
P2, tp=0, ts=0, x0=641299034
P3, tp=0, ts=0, x0=355617325
P3, tp=0, ts=0, x0=583930965
P2, tp=0, ts=0, x0=351151922
P2, tp=0, ts=0, x0=759454589
P2, tp=0, ts=0, x0=263078228
P2, tp=0, ts=0, x0=55280525
P0, tp=0, ts=0, x0=24488068, x1=351151922
P1, tp=0, ts=0, x0=551152087
P3, tp=0, ts=0, x0=377301598
P2, tp=0, ts=0, x0=465808655
P1, tp=0, ts=0, x0=386218870
P2, tp=0, ts=0, x0=465808655
P1, tp=0, ts=0, x0=782304503
P1, tp=0, ts=0, x0=328515787
P2, tp=0, ts=0, x0=710125852
P1, tp=0, ts=0, x0=22312927
P0, tp=0, ts=0, x0=118766102, x1=485979946
P1, tp=0, ts=0, x0=943366250
P2, tp=0, ts=0, x0=132139073
P0, tp=0, ts=0, x0=256810040, x1=666082975
P1, tp=0, ts=0, x0=871032537
P2, tp=0, ts=0, x0=22312927
P0, tp=0, ts=0, x0=881352907, x1=192577637
P3, tp=0, ts=0, x0=641299034
P1, tp=0, ts=0, x0=136297361
P2, tp=0, ts=0, x0=592957960
P3, tp=0, ts=0, x0=810563610
P0, tp=0, ts=0, x0=107019939, x1=355617325
P0, tp=0, ts=0, x0=215333375, x1=215333375
P0, tp=0, ts=0, x0=226070484, x1=542030928
P2, tp=0, ts=0, x0=5126561
P1, tp=0, ts=0, x0=717965844
P1, tp=0, ts=0, x0=782304503
P0, tp=0, ts=0, x0=871032537, x1=226070484
P1, tp=0, ts=0, x0=666082975
P0, tp=0, ts=0, x0=926246428, x1=5126561
P2, tp=0, ts=0, x0=5126561
P2, tp=0, ts=0, x0=551152087
P0, tp=0, ts=0, x0=328515787, x1=554859708
P2, tp=0, ts=0, x0=132139073
P1, tp=0, ts=0, x0=926246428
P0, tp=0, ts=0, x0=881352907, x1=717965844
P1, tp=0, ts=0, x0=107019939
P3, tp=0, ts=0, x0=663396134
P2, tp=0, ts=0, x0=870269555
P0, tp=0, ts=0, x0=941288943, x1=228331474
P0, tp=0, ts=0, x0=870269555, x1=569872521
P2, tp=0, ts=0, x0=22312927
P0, tp=0, ts=0, x0=641299034, x1=105778896
P2, tp=0, ts=0, x0=554859708
P1, tp=0, ts=0, x0=118766102
P0, tp=0, ts=0, x0=196980072, x1=284711236
P2, tp=0, ts=0, x0=566803861
P1, tp=0, ts=0, x0=583930965
P1, tp=0, ts=0, x0=465808655
P1, tp=0, ts=0, x0=663396134
P0, tp=0, ts=0, x0=298920788, x1=256810040
P1, tp=0, ts=0, x0=398563200
P0, tp=0, ts=0, x0=355617325, x1=569872521
P0, tp=0, ts=0, x0=131587651, x1=855472932
P3, tp=0, ts=0, x0=583930965
P1, tp=0, ts=0, x0=22312927
P1, tp=0, ts=0, x0=226070484
P1, tp=0, ts=0, x0=5126561
P0, tp=0, ts=0, x0=355617325, x1=870342687
P1, tp=0, ts=0, x0=604689031
P1, tp=0, ts=0, x0=328515787
P0, tp=0, ts=0, x0=666082975, x1=118766102
P1, tp=0, ts=0, x0=24488068
P3, tp=0, ts=0, x0=717965844
P2, tp=0, ts=0, x0=592957960
P1, tp=0, ts=0, x0=73269769
P1, tp=0, ts=0, x0=78200211
P3, tp=0, ts=0, x0=881352907
P3, tp=0, ts=0, x0=355617325
P3, tp=0, ts=0, x0=72765936
P1, tp=0, ts=0, x0=192577637
P3, tp=0, ts=0, x0=132139073
P2, tp=0, ts=0, x0=941288943
P2, tp=0, ts=0, x0=569872521
P0, tp=0, ts=0, x0=21954831, x1=828462232
P2, tp=0, ts=0, x0=10932329
P3, tp=0, ts=0, x0=351151922
P0, tp=0, ts=0, x0=72765936, x1=402685836
P1, tp=0, ts=0, x0=782304503
P3, tp=0, ts=0, x0=686995935
P3, tp=0, ts=0, x0=941288943
P0, tp=0, ts=0, x0=604747115, x1=905226255
P2, tp=0, ts=0, x0=377301598
P0, tp=0, ts=0, x0=592957960, x1=855472932
P2, tp=0, ts=0, x0=328515787
P2, tp=0, ts=0, x0=926246428
P3, tp=0, ts=0, x0=398563200
P0, tp=0, ts=0, x0=213248825, x1=961574958
P1, tp=0, ts=0, x0=21954831
P2, tp=0, ts=0, x0=18709334
P1, tp=0, ts=0, x0=941288943
P3, tp=0, ts=0, x0=686995935
P0, tp=0, ts=0, x0=870269555, x1=22312927
P3, tp=0, ts=0, x0=837177356
P2, tp=0, ts=0, x0=21954831
P2, tp=0, ts=0, x0=782304503
P3, tp=0, ts=0, x0=666082975
P2, tp=0, ts=0, x0=55280525
P1, tp=0, ts=0, x0=296114476
P1, tp=0, ts=0, x0=5126561
P3, tp=0, ts=0, x0=741139708
P3, tp=0, ts=0, x0=136297361
P1, tp=0, ts=0, x0=542030928
P3, tp=0, ts=0, x0=55280525
P2, tp=0, ts=0, x0=828462232
P1, tp=0, ts=0, x0=118069191
P2, tp=0, ts=0, x0=355617325
P1, tp=0, ts=0, x0=118766102
P0, tp=0, ts=0, x0=542030928, x1=663396134
P0, tp=0, ts=0, x0=870269555, x1=296114476
P2, tp=0, ts=0, x0=284711236
P1, tp=0, ts=0, x0=741139708
P1, tp=0, ts=0, x0=256810040
P0, tp=0, ts=0, x0=377301598, x1=351151922
P2, tp=0, ts=0, x0=21954831
P2, tp=0, ts=0, x0=228331474
P3, tp=0, ts=0, x0=890378106
P2, tp=0, ts=0, x0=18709334
P1, tp=0, ts=0, x0=351151922
P0, tp=0, ts=0, x0=941288943, x1=441507786
P0, tp=0, ts=0, x0=78200211, x1=961497110
P1, tp=0, ts=0, x0=73269769
P1, tp=0, ts=0, x0=328515787
P0, tp=0, ts=0, x0=724120811, x1=296114476
P1, tp=0, ts=0, x0=131587651
P1, tp=0, ts=0, x0=926246428
P2, tp=0, ts=0, x0=541053556
P1, tp=0, ts=0, x0=941288943
P2, tp=0, ts=0, x0=762707131
P2, tp=0, ts=0, x0=167890645
P0, tp=0, ts=0, x0=941288943, x1=686995935
P3, tp=0, ts=0, x0=774389284
P1, tp=0, ts=0, x0=131587651
P1, tp=0, ts=0, x0=398563200
P0, tp=0, ts=0, x0=689547709, x1=604689031
P1, tp=0, ts=0, x0=485979946
P2, tp=0, ts=0, x0=666082975
P1, tp=0, ts=0, x0=386218870
P1, tp=0, ts=0, x0=762707131
P2, tp=0, ts=0, x0=535982850
P2, tp=0, ts=0, x0=24488068
P3, tp=0, ts=0, x0=10932329
P1, tp=0, ts=0, x0=943366250
P2, tp=0, ts=0, x0=961574958
P1, tp=0, ts=0, x0=118069191
P0, tp=0, ts=0, x0=344961728, x1=228331474
P0, tp=0, ts=0, x0=541053556, x1=592957960
P2, tp=0, ts=0, x0=398563200
P1, tp=0, ts=0, x0=551152087
P3, tp=0, ts=0, x0=554859708
P1, tp=0, ts=0, x0=592957960
P2, tp=0, ts=0, x0=870269555
P1, tp=0, ts=0, x0=319722498
P2, tp=0, ts=0, x0=10932329
P3, tp=0, ts=0, x0=465808655
P3, tp=0, ts=0, x0=562309088
P1, tp=0, ts=0, x0=132139073
P2, tp=0, ts=0, x0=345522830
P0, tp=0, ts=0, x0=220272179, x1=213248825
P0, tp=0, ts=0, x0=298920788, x1=118069191
P2, tp=0, ts=0, x0=855472932
P1, tp=0, ts=0, x0=569872521
P2, tp=0, ts=0, x0=441507786
P2, tp=0, ts=0, x0=912462831
P2, tp=0, ts=0, x0=961497110
P2, tp=0, ts=0, x0=569872521
P2, tp=0, ts=0, x0=192577637
P0, tp=0, ts=0, x0=344961728, x1=926246428
P3, tp=0, ts=0, x0=228331474
P2, tp=0, ts=0, x0=220272179
P3, tp=0, ts=0, x0=562309088
P3, tp=0, ts=0, x0=961497110
P3, tp=0, ts=0, x0=228331474
P2, tp=0, ts=0, x0=228331474
P1, tp=0, ts=0, x0=787912728
P2, tp=0, ts=0, x0=10932329
P3, tp=0, ts=0, x0=355617325
P2, tp=0, ts=0, x0=123410650
P0, tp=0, ts=0, x0=133988455, x1=828462232
P0, tp=0, ts=0, x0=941288943, x1=602614663
P3, tp=0, ts=0, x0=196980072
P1, tp=0, ts=0, x0=535982850
P1, tp=0, ts=0, x0=905226255
P0, tp=0, ts=0, x0=377301598, x1=377301598
P2, tp=0, ts=0, x0=569872521
P2, tp=0, ts=0, x0=118766102
P1, tp=0, ts=0, x0=810563610
P3, tp=0, ts=0, x0=373321178
P0, tp=0, ts=0, x0=602614663, x1=554859708
P0, tp=0, ts=0, x0=782304503, x1=32148220
P3, tp=0, ts=0, x0=485979946
P0, tp=0, ts=0, x0=663396134, x1=604747115
P2, tp=0, ts=0, x0=146765615
P0, tp=0, ts=0, x0=782304503, x1=351151922
P1, tp=0, ts=0, x0=213248825
P1, tp=0, ts=0, x0=602614663
P1, tp=0, ts=0, x0=485979946
P3, tp=0, ts=0, x0=606967315
P3, tp=0, ts=0, x0=22312927
P2, tp=0, ts=0, x0=890378106
P1, tp=0, ts=0, x0=263078228
P2, tp=0, ts=0, x0=107019939
P3, tp=0, ts=0, x0=167890645
P3, tp=0, ts=0, x0=456228543
P2, tp=0, ts=0, x0=759454589
P1, tp=0, ts=0, x0=18709334
P2, tp=0, ts=0, x0=73269769
P3, tp=0, ts=0, x0=192577637
P0, tp=0, ts=0, x0=192577637, x1=228331474
P3, tp=0, ts=0, x0=551152087
P1, tp=0, ts=0, x0=251229450
P2, tp=0, ts=0, x0=377301598
P1, tp=0, ts=0, x0=251229450
P1, tp=0, ts=0, x0=871032537
P3, tp=0, ts=0, x0=131587651
P0, tp=0, ts=0, x0=132139073, x1=912462831
P3, tp=0, ts=0, x0=912462831
P1, tp=0, ts=0, x0=192577637
P3, tp=0, ts=0, x0=228331474
P0, tp=0, ts=0, x0=871032537, x1=251229450
P2, tp=0, ts=0, x0=602614663
P3, tp=0, ts=0, x0=837177356
P3, tp=0, ts=0, x0=355617325
P0, tp=0, ts=0, x0=377301598, x1=606967315
P0, tp=0, ts=0, x0=226070484, x1=870269555
P0, tp=0, ts=0, x0=831579120, x1=870269555
P1, tp=0, ts=0, x0=373321178
P0, tp=0, ts=0, x0=642553759, x1=961574958
P1, tp=0, ts=0, x0=855472932
P1, tp=0, ts=0, x0=741139708
P0, tp=0, ts=0, x0=344961728, x1=943366250
P2, tp=0, ts=0, x0=251229450
P1, tp=0, ts=0, x0=344961728
P3, tp=0, ts=0, x0=256810040
P3, tp=0, ts=0, x0=774389284
P3, tp=0, ts=0, x0=828462232
P1, tp=0, ts=0, x0=535982850
P1, tp=0, ts=0, x0=196980072
P0, tp=0, ts=0, x0=167890645, x1=961574958
P2, tp=0, ts=0, x0=351151922
P0, tp=0, ts=0, x0=131587651, x1=604689031
P2, tp=0, ts=0, x0=890378106
P2, tp=0, ts=0, x0=740071110
P3, tp=0, ts=0, x0=256810040
P0, tp=0, ts=0, x0=18709334, x1=843943083
P1, tp=0, ts=0, x0=132139073
P3, tp=0, ts=0, x0=78200211
P2, tp=0, ts=0, x0=441507786
P0, tp=0, ts=0, x0=215333375, x1=837177356
P1, tp=0, ts=0, x0=118766102
P3, tp=0, ts=0, x0=855472932
P2, tp=0, ts=0, x0=569872521
P2, tp=0, ts=0, x0=36062873
P1, tp=0, ts=0, x0=441507786
P2, tp=0, ts=0, x0=810563610
P3, tp=0, ts=0, x0=398563200
P3, tp=0, ts=0, x0=402685836
P0, tp=0, ts=0, x0=377301598, x1=583930965
P3, tp=0, ts=0, x0=787912728
P0, tp=0, ts=0, x0=355617325, x1=689547709
P2, tp=0, ts=0, x0=21954831
P3, tp=0, ts=0, x0=541053556
P3, tp=0, ts=0, x0=351151922
P0, tp=0, ts=0, x0=55280525, x1=710125852
P1, tp=0, ts=0, x0=551152087
P1, tp=0, ts=0, x0=192577637
P2, tp=0, ts=0, x0=474765026
P2, tp=0, ts=0, x0=22312927
P1, tp=0, ts=0, x0=992440819
P3, tp=0, ts=0, x0=562309088
P0, tp=0, ts=0, x0=36012099, x1=251229450
P0, tp=0, ts=0, x0=762707131, x1=263078228
P1, tp=0, ts=0, x0=926246428
P3, tp=0, ts=0, x0=10932329
P0, tp=0, ts=0, x0=606967315, x1=123410650
P2, tp=0, ts=0, x0=132139073
P3, tp=0, ts=0, x0=213248825
P3, tp=0, ts=0, x0=178976603
P1, tp=0, ts=0, x0=551152087
P0, tp=0, ts=0, x0=837177356, x1=485979946
P1, tp=0, ts=0, x0=107197177
P3, tp=0, ts=0, x0=241400894
P3, tp=0, ts=0, x0=926246428
P3, tp=0, ts=0, x0=178976603
P3, tp=0, ts=0, x0=912462831
P1, tp=0, ts=0, x0=215333375
P3, tp=0, ts=0, x0=542030928
P3, tp=0, ts=0, x0=535982850
P3, tp=0, ts=0, x0=717965844
P3, tp=0, ts=0, x0=592957960
P3, tp=0, ts=0, x0=192577637
P1, tp=0, ts=0, x0=855472932
P1, tp=0, ts=0, x0=123410650
P1, tp=0, ts=0, x0=943366250
P1, tp=0, ts=0, x0=118682444
P0, tp=0, ts=0, x0=831579120, x1=18709334
P0, tp=0, ts=0, x0=686995935, x1=133988455
P1, tp=0, ts=0, x0=542030928
P0, tp=0, ts=0, x0=762707131, x1=263078228
P2, tp=0, ts=0, x0=377301598
P2, tp=0, ts=0, x0=505935050
P2, tp=0, ts=0, x0=663396134
P0, tp=0, ts=0, x0=837177356, x1=345522830
P0, tp=0, ts=0, x0=881352907, x1=398563200
P2, tp=0, ts=0, x0=146765615
P2, tp=0, ts=0, x0=828462232
P2, tp=0, ts=0, x0=107019939
P3, tp=0, ts=0, x0=342986875
P3, tp=0, ts=0, x0=542030928
P0, tp=0, ts=0, x0=837177356, x1=961497110
P1, tp=0, ts=0, x0=850236109
P0, tp=0, ts=0, x0=33059026, x1=208602126
P2, tp=0, ts=0, x0=740071110
P2, tp=0, ts=0, x0=123410650
P0, tp=0, ts=0, x0=505935050, x1=45158346
P3, tp=0, ts=0, x0=251229450
P2, tp=0, ts=0, x0=604747115
P3, tp=0, ts=0, x0=72765936
P2, tp=0, ts=0, x0=136297361
P0, tp=0, ts=0, x0=441507786, x1=465808655
P3, tp=0, ts=0, x0=1760702
P2, tp=0, ts=0, x0=319722498
P2, tp=0, ts=0, x0=134457235
P1, tp=0, ts=0, x0=905226255
P3, tp=0, ts=0, x0=831579120
P1, tp=0, ts=0, x0=215333375
P3, tp=0, ts=0, x0=123410650
P2, tp=0, ts=0, x0=901893964
P0, tp=0, ts=0, x0=474765026, x1=215333375
P1, tp=0, ts=0, x0=686995935
P3, tp=0, ts=0, x0=961574958
P3, tp=0, ts=0, x0=710125852
P0, tp=0, ts=0, x0=828462232, x1=604689031
P2, tp=0, ts=0, x0=551152087
P2, tp=0, ts=0, x0=398563200
P3, tp=0, ts=0, x0=118069191
P1, tp=0, ts=0, x0=118682444
P0, tp=0, ts=0, x0=843943083, x1=901893964
P2, tp=0, ts=0, x0=441507786
P2, tp=0, ts=0, x0=961574958
P3, tp=0, ts=0, x0=741139708
P0, tp=0, ts=0, x0=220272179, x1=133988455
P3, tp=0, ts=0, x0=822765760
P1, tp=0, ts=0, x0=583930965
P1, tp=0, ts=0, x0=850236109
P2, tp=0, ts=0, x0=762707131
P1, tp=0, ts=0, x0=961574958
P0, tp=0, ts=0, x0=133988455, x1=183452338
P1, tp=0, ts=0, x0=45158346
P0, tp=0, ts=0, x0=107019939, x1=107019939
P3, tp=0, ts=0, x0=843943083
P3, tp=0, ts=0, x0=535982850
P2, tp=0, ts=0, x0=133988455
P1, tp=0, ts=0, x0=738312471
P1, tp=0, ts=0, x0=226070484
P3, tp=0, ts=0, x0=992440819
P2, tp=0, ts=0, x0=689547709
P2, tp=0, ts=0, x0=183452338
P1, tp=0, ts=0, x0=351151922
P1, tp=0, ts=0, x0=46411667
P0, tp=0, ts=0, x0=22312927, x1=351151922
P1, tp=0, ts=0, x0=583930965
P1, tp=0, ts=0, x0=146765615
P0, tp=0, ts=0, x0=738312471, x1=33059026
P2, tp=0, ts=0, x0=881352907
P2, tp=0, ts=0, x0=241400894
P2, tp=0, ts=0, x0=992440819
P0, tp=0, ts=0, x0=72765936, x1=741139708
P1, tp=0, ts=0, x0=855472932
P3, tp=0, ts=0, x0=762707131
P2, tp=0, ts=0, x0=226070484
P3, tp=0, ts=0, x0=881352907
P0, tp=0, ts=0, x0=133988455, x1=738312471
P1, tp=0, ts=0, x0=134457235
P0, tp=0, ts=0, x0=118766102, x1=828462232
P0, tp=0, ts=0, x0=871032537, x1=926246428
P0, tp=0, ts=0, x0=870342687, x1=689547709
P1, tp=0, ts=0, x0=505935050
P2, tp=0, ts=0, x0=641299034
P3, tp=0, ts=0, x0=5126561
P3, tp=0, ts=0, x0=890378106
P2, tp=0, ts=0, x0=36062873
P3, tp=0, ts=0, x0=566803861
P3, tp=0, ts=0, x0=118682444
P2, tp=0, ts=0, x0=52165155
P0, tp=0, ts=0, x0=583468608, x1=284711236
P3, tp=0, ts=0, x0=641299034
P3, tp=0, ts=0, x0=961497110
P3, tp=0, ts=0, x0=52165155
P0, tp=0, ts=0, x0=72765936, x1=163395779
P2, tp=0, ts=0, x0=741139708
P1, tp=0, ts=0, x0=663396134
P0, tp=0, ts=0, x0=566259317, x1=118682444
P1, tp=0, ts=0, x0=18709334
P2, tp=0, ts=0, x0=251229450
P3, tp=0, ts=0, x0=787912728
P2, tp=0, ts=0, x0=351151922
P3, tp=0, ts=0, x0=541053556
P2, tp=0, ts=0, x0=641299034
P1, tp=0, ts=0, x0=831579120
P0, tp=0, ts=0, x0=251229450, x1=562309088
P1, tp=0, ts=0, x0=535982850
P2, tp=0, ts=0, x0=105778896
P3, tp=0, ts=0, x0=512398701
P1, tp=0, ts=0, x0=344961728
P2, tp=0, ts=0, x0=505935050
P1, tp=0, ts=0, x0=512398701
P3, tp=0, ts=0, x0=208602126
P0, tp=0, ts=0, x0=843943083, x1=542030928
P0, tp=0, ts=0, x0=828462232, x1=554859708
P1, tp=0, ts=0, x0=890378106
P1, tp=0, ts=0, x0=196980072
P2, tp=0, ts=0, x0=22312927
P1, tp=0, ts=0, x0=961497110
P2, tp=0, ts=0, x0=465808655
P2, tp=0, ts=0, x0=52165155
P2, tp=0, ts=0, x0=666082975
P1, tp=0, ts=0, x0=228331474
P0, tp=0, ts=0, x0=592957960, x1=213248825
P2, tp=0, ts=0, x0=1760702
P0, tp=0, ts=0, x0=402685836, x1=241400894
P2, tp=0, ts=0, x0=118069191
P3, tp=0, ts=0, x0=384243421
P0, tp=0, ts=0, x0=870342687, x1=890378106
P1, tp=0, ts=0, x0=45158346
P2, tp=0, ts=0, x0=604747115
P1, tp=0, ts=0, x0=871032537
P3, tp=0, ts=0, x0=269226724
P0, tp=0, ts=0, x0=228331474, x1=870342687
P2, tp=0, ts=0, x0=21954831
P2, tp=0, ts=0, x0=890378106
P3, tp=0, ts=0, x0=542030928
P1, tp=0, ts=0, x0=554859708
P3, tp=0, ts=0, x0=566803861
P1, tp=0, ts=0, x0=45158346
P1, tp=0, ts=0, x0=213248825
P3, tp=0, ts=0, x0=136297361
P3, tp=0, ts=0, x0=666082975
P1, tp=0, ts=0, x0=345522830
P0, tp=0, ts=0, x0=429566986, x1=541053556
P2, tp=0, ts=0, x0=465808655
P3, tp=0, ts=0, x0=583930965
P1, tp=0, ts=0, x0=73269769
P2, tp=0, ts=0, x0=290477442
P1, tp=0, ts=0, x0=105778896
P2, tp=0, ts=0, x0=774389284
P0, tp=0, ts=0, x0=271306927, x1=402685836
P2, tp=0, ts=0, x0=127300202
P2, tp=0, ts=0, x0=271306927
P3, tp=0, ts=0, x0=284711236
P0, tp=0, ts=0, x0=855472932, x1=774389284
P2, tp=0, ts=0, x0=436134506
P3, tp=0, ts=0, x0=474765026
P2, tp=0, ts=0, x0=123410650
P0, tp=0, ts=0, x0=136297361, x1=890378106
P3, tp=0, ts=0, x0=566803861
P3, tp=0, ts=0, x0=456228543
P3, tp=0, ts=0, x0=73269769
P2, tp=0, ts=0, x0=118682444
P3, tp=0, ts=0, x0=436134506
P3, tp=0, ts=0, x0=344961728
P2, tp=0, ts=0, x0=738312471
P3, tp=0, ts=0, x0=133988455
P1, tp=0, ts=0, x0=837177356
P3, tp=0, ts=0, x0=319722498
P2, tp=0, ts=0, x0=251229450
P0, tp=0, ts=0, x0=319664557, x1=183126695
P1, tp=0, ts=0, x0=298920788
P1, tp=0, ts=0, x0=293190843
P0, tp=0, ts=0, x0=131587651, x1=689547709
P1, tp=0, ts=0, x0=213248825
P3, tp=0, ts=0, x0=271306927
P3, tp=0, ts=0, x0=774389284
P0, tp=0, ts=0, x0=554859708, x1=831579120
P0, tp=0, ts=0, x0=155662315, x1=384243421
P2, tp=0, ts=0, x0=774389284
P0, tp=0, ts=0, x0=717965844, x1=296114476
P0, tp=0, ts=0, x0=709755030, x1=377301598
P0, tp=0, ts=0, x0=251229450, x1=118766102
P3, tp=0, ts=0, x0=251229450
P3, tp=0, ts=0, x0=105778896
P2, tp=0, ts=0, x0=831623960
P0, tp=0, ts=0, x0=208602126, x1=961497110
P2, tp=0, ts=0, x0=871032537
P0, tp=0, ts=0, x0=5126561, x1=345522830
P3, tp=0, ts=0, x0=271306927
P0, tp=0, ts=0, x0=33059026, x1=512398701
P0, tp=0, ts=0, x0=351151922, x1=828462232
P1, tp=0, ts=0, x0=167890645
P3, tp=0, ts=0, x0=717965844
P1, tp=0, ts=0, x0=837177356
P3, tp=0, ts=0, x0=215333375
P0, tp=0, ts=0, x0=686995935, x1=465808655
P3, tp=0, ts=0, x0=456228543
P3, tp=0, ts=0, x0=831579120
P0, tp=0, ts=0, x0=167890645, x1=33059026
P2, tp=0, ts=0, x0=505935050
P0, tp=0, ts=0, x0=474765026, x1=183452338
P2, tp=0, ts=0, x0=293190843
P2, tp=0, ts=0, x0=344961728
P2, tp=0, ts=0, x0=831579120
P1, tp=0, ts=0, x0=604689031
P3, tp=0, ts=0, x0=123410650
P2, tp=0, ts=0, x0=183452338
P0, tp=0, ts=0, x0=384243421, x1=604747115
P1, tp=0, ts=0, x0=1760702
P3, tp=0, ts=0, x0=961574958
P1, tp=0, ts=0, x0=774389284
P1, tp=0, ts=0, x0=241400894
P2, tp=0, ts=0, x0=901893964
P3, tp=0, ts=0, x0=846303794
P2, tp=0, ts=0, x0=36062873
P3, tp=0, ts=0, x0=284711236
P3, tp=0, ts=0, x0=269226724
P3, tp=0, ts=0, x0=146765615
P0, tp=0, ts=0, x0=342986875, x1=456228543
P1, tp=0, ts=0, x0=961574958
P2, tp=0, ts=0, x0=822765760
P2, tp=0, ts=0, x0=183452338
P0, tp=0, ts=0, x0=205881999, x1=127300202
P2, tp=0, ts=0, x0=131587651
P0, tp=0, ts=0, x0=686995935, x1=473237444
P1, tp=0, ts=0, x0=1760702
P1, tp=0, ts=0, x0=562309088
P1, tp=0, ts=0, x0=73269769
P1, tp=0, ts=0, x0=118766102
P1, tp=0, ts=0, x0=36012099
P3, tp=0, ts=0, x0=689547709
P3, tp=0, ts=0, x0=293190843
P3, tp=0, ts=0, x0=566259317
P3, tp=0, ts=0, x0=831623960
P3, tp=0, ts=0, x0=345522830
P2, tp=0, ts=0, x0=554859708
P2, tp=0, ts=0, x0=663396134
P1, tp=0, ts=0, x0=473237444
P3, tp=0, ts=0, x0=373000334
P3, tp=0, ts=0, x0=215333375
P0, tp=0, ts=0, x0=961574958, x1=46411667
P3, tp=0, ts=0, x0=554859708
P0, tp=0, ts=0, x0=473237444, x1=377301598
P0, tp=0, ts=0, x0=351151922, x1=373000334
P3, tp=0, ts=0, x0=5126561
P3, tp=0, ts=0, x0=666082975
P3, tp=0, ts=0, x0=663396134
P3, tp=0, ts=0, x0=223465452
P3, tp=0, ts=0, x0=127300202
P0, tp=0, ts=0, x0=961574958, x1=912462831
P3, tp=0, ts=0, x0=641299034
P3, tp=0, ts=0, x0=846303794
P1, tp=0, ts=0, x0=822765760
P3, tp=0, ts=0, x0=604689031
P3, tp=0, ts=0, x0=215333375
P1, tp=0, ts=0, x0=5126561
P2, tp=0, ts=0, x0=901893964
P0, tp=0, ts=0, x0=183126695, x1=205881999
P3, tp=0, ts=0, x0=429566986
P0, tp=0, ts=0, x0=379640782, x1=961497110
P0, tp=0, ts=0, x0=934255303, x1=828462232
P0, tp=0, ts=0, x0=10932329, x1=296114476
P3, tp=0, ts=0, x0=441507786
P1, tp=0, ts=0, x0=123410650
P2, tp=0, ts=0, x0=251229450
P0, tp=0, ts=0, x0=941288943, x1=379640782
P0, tp=0, ts=0, x0=45158346, x1=465808655
P1, tp=0, ts=0, x0=319722498
P0, tp=0, ts=0, x0=566259317, x1=223465452
P0, tp=0, ts=0, x0=133988455, x1=231932094
P3, tp=0, ts=0, x0=284711236
P3, tp=0, ts=0, x0=604760530
P2, tp=0, ts=0, x0=215333375
P3, tp=0, ts=0, x0=831623960
P0, tp=0, ts=0, x0=373000334, x1=855472932
P1, tp=0, ts=0, x0=215333375
P3, tp=0, ts=0, x0=774389284
P3, tp=0, ts=0, x0=46411667
P1, tp=0, ts=0, x0=231932094
P1, tp=0, ts=0, x0=859702507
P0, tp=0, ts=0, x0=183452338, x1=258571183
P1, tp=0, ts=0, x0=717965844
P2, tp=0, ts=0, x0=961497110
P2, tp=0, ts=0, x0=441507786
P1, tp=0, ts=0, x0=118766102
P0, tp=0, ts=0, x0=465808655, x1=602614663
P3, tp=0, ts=0, x0=167890645
P0, tp=0, ts=0, x0=562309088, x1=223465452
P1, tp=0, ts=0, x0=345522830
P2, tp=0, ts=0, x0=155662315
P3, tp=0, ts=0, x0=855472932
P2, tp=0, ts=0, x0=208602126
P0, tp=0, ts=0, x0=881352907, x1=319664557
P3, tp=0, ts=0, x0=436134506
P0, tp=0, ts=0, x0=52165155, x1=592957960
P1, tp=0, ts=0, x0=205881999
P3, tp=0, ts=0, x0=22312927
P0, tp=0, ts=0, x0=850236109, x1=215333375
P1, tp=0, ts=0, x0=436134506
P3, tp=0, ts=0, x0=163395779
P2, tp=0, ts=0, x0=473237444
P2, tp=0, ts=0, x0=107197177
P3, tp=0, ts=0, x0=850236109
P2, tp=0, ts=0, x0=123410650
P0, tp=0, ts=0, x0=36012099, x1=319722498
P1, tp=0, ts=0, x0=178976603
P0, tp=0, ts=0, x0=22312927, x1=342986875
P1, tp=0, ts=0, x0=163395779
P2, tp=0, ts=0, x0=961574958
P0, tp=0, ts=0, x0=402685836, x1=473237444
P0, tp=0, ts=0, x0=512398701, x1=831623960
P3, tp=0, ts=0, x0=941288943
P3, tp=0, ts=0, x0=566259317
P1, tp=0, ts=0, x0=566259317
P1, tp=0, ts=0, x0=992440819
P1, tp=0, ts=0, x0=912462831
P2, tp=0, ts=0, x0=155662315
P0, tp=0, ts=0, x0=831623960, x1=231932094
P1, tp=0, ts=0, x0=46411667
P3, tp=0, ts=0, x0=215333375
P0, tp=0, ts=0, x0=641299034, x1=717965844
P3, tp=0, ts=0, x0=373000334
P0, tp=0, ts=0, x0=269226724, x1=36012099
P0, tp=0, ts=0, x0=319722498, x1=111882559
P3, tp=0, ts=0, x0=850236109
P3, tp=0, ts=0, x0=881352907
P3, tp=0, ts=0, x0=22312927
P0, tp=0, ts=0, x0=241400894, x1=45158346
P0, tp=0, ts=0, x0=566259317, x1=788592938
P3, tp=0, ts=0, x0=846303794
P2, tp=0, ts=0, x0=465808655
P3, tp=0, ts=0, x0=345522830
P1, tp=0, ts=0, x0=689547709
P0, tp=0, ts=0, x0=205881999, x1=111882559
P0, tp=0, ts=0, x0=846303794, x1=251229450
P0, tp=0, ts=0, x0=133988455, x1=342986875
P3, tp=0, ts=0, x0=11948039
P2, tp=0, ts=0, x0=131587651
P2, tp=0, ts=0, x0=183126695
P0, tp=0, ts=0, x0=473237444, x1=72765936
P2, tp=0, ts=0, x0=846303794
P1, tp=0, ts=0, x0=846303794
P0, tp=0, ts=0, x0=373000334, x1=134457235
P2, tp=0, ts=0, x0=846303794
P2, tp=0, ts=0, x0=602614663
P2, tp=0, ts=0, x0=241400894
P1, tp=0, ts=0, x0=831579120
P3, tp=0, ts=0, x0=436134506
P2, tp=0, ts=0, x0=205881999
P3, tp=0, ts=0, x0=155662315
P1, tp=0, ts=0, x0=131587651
P0, tp=0, ts=0, x0=554859708, x1=473237444
P3, tp=0, ts=0, x0=402685836
P3, tp=0, ts=0, x0=131587651
P2, tp=0, ts=0, x0=859702507
P1, tp=0, ts=0, x0=296114476
P0, tp=0, ts=0, x0=202410300, x1=505935050
P0, tp=0, ts=0, x0=183126695, x1=365213217
P2, tp=0, ts=0, x0=183452338
P2, tp=0, ts=0, x0=215333375
P1, tp=0, ts=0, x0=961574958
P0, tp=0, ts=0, x0=859702507, x1=133988455
P1, tp=0, ts=0, x0=29697140
P1, tp=0, ts=0, x0=505935050
P1, tp=0, ts=0, x0=855472932
P0, tp=0, ts=0, x0=293190843, x1=774389284
P2, tp=0, ts=0, x0=379640782
P1, tp=0, ts=0, x0=566803861
P3, tp=0, ts=0, x0=231932094
P2, tp=0, ts=0, x0=290477442
P2, tp=0, ts=0, x0=881352907
P1, tp=0, ts=0, x0=379640782
P2, tp=0, ts=0, x0=131587651
P2, tp=0, ts=0, x0=592957960
P1, tp=0, ts=0, x0=855472932
P1, tp=0, ts=0, x0=562309088
P2, tp=0, ts=0, x0=934255303
P1, tp=0, ts=0, x0=29697140
P0, tp=0, ts=0, x0=223465452, x1=223465452
P0, tp=0, ts=0, x0=583468608, x1=992440819
P3, tp=0, ts=0, x0=46411667
P2, tp=0, ts=0, x0=258571183
P0, tp=0, ts=0, x0=365213217, x1=293190843
P0, tp=0, ts=0, x0=183452338, x1=290477442
P0, tp=0, ts=0, x0=223465452, x1=562309088
P2, tp=0, ts=0, x0=837177356
P2, tp=0, ts=0, x0=16487533
P1, tp=0, ts=0, x0=373000334
P1, tp=0, ts=0, x0=740071110
P2, tp=0, ts=0, x0=251229450
P0, tp=0, ts=0, x0=127300202, x1=402685836
P1, tp=0, ts=0, x0=36012099
P2, tp=0, ts=0, x0=11948039
P1, tp=0, ts=0, x0=583468608
P0, tp=0, ts=0, x0=45158346, x1=251229450
P1, tp=0, ts=0, x0=361839242
P2, tp=0, ts=0, x0=36062873
P2, tp=0, ts=0, x0=134457235
P0, tp=0, ts=0, x0=881352907, x1=111882559
P2, tp=0, ts=0, x0=474765026
P1, tp=0, ts=0, x0=127300202
P0, tp=0, ts=0, x0=290477442, x1=709755030
P3, tp=0, ts=0, x0=583468608
P1, tp=0, ts=0, x0=642402964
P2, tp=0, ts=0, x0=107197177
P3, tp=0, ts=0, x0=871032537
P2, tp=0, ts=0, x0=29697140
P3, tp=0, ts=0, x0=642402964
P1, tp=0, ts=0, x0=155662315
P2, tp=0, ts=0, x0=167890645
P1, tp=0, ts=0, x0=319722498
P0, tp=0, ts=0, x0=167890645, x1=123410650
P1, tp=0, ts=0, x0=127471373
P1, tp=0, ts=0, x0=137992865
P2, tp=0, ts=0, x0=710720380
P0, tp=0, ts=0, x0=837177356, x1=22312927
P1, tp=0, ts=0, x0=123410650
P1, tp=0, ts=0, x0=961574958
P1, tp=0, ts=0, x0=855472932
P1, tp=0, ts=0, x0=369833068
P1, tp=0, ts=0, x0=202410300
P0, tp=0, ts=0, x0=123410650, x1=788592938
P1, tp=0, ts=0, x0=788592938
P3, tp=0, ts=0, x0=717965844
P2, tp=0, ts=0, x0=1760702
P1, tp=0, ts=0, x0=22312927
P2, tp=0, ts=0, x0=604747115
P3, tp=0, ts=0, x0=554859708
P0, tp=0, ts=0, x0=788592938, x1=118682444
P3, tp=0, ts=0, x0=592957960
P0, tp=0, ts=0, x0=373000334, x1=901893964
P3, tp=0, ts=0, x0=934255303
P2, tp=0, ts=0, x0=961574958
P0, tp=0, ts=0, x0=787912728, x1=903421800
P0, tp=0, ts=0, x0=709755030, x1=29002103
P1, tp=0, ts=0, x0=566259317
P2, tp=0, ts=0, x0=871032537
P0, tp=0, ts=0, x0=710720380, x1=793960407
P1, tp=0, ts=0, x0=855472932
P0, tp=0, ts=0, x0=473237444, x1=213248825
P2, tp=0, ts=0, x0=107197177
P1, tp=0, ts=0, x0=505935050
P3, tp=0, ts=0, x0=788592938
P0, tp=0, ts=0, x0=436134506, x1=566259317
P2, tp=0, ts=0, x0=16487533
P2, tp=0, ts=0, x0=474765026
P0, tp=0, ts=0, x0=710125852, x1=111882559
P0, tp=0, ts=0, x0=198863761, x1=837177356
P1, tp=0, ts=0, x0=859702507
P1, tp=0, ts=0, x0=111882559
P0, tp=0, ts=0, x0=717965844, x1=36062873
P3, tp=0, ts=0, x0=822765760
P2, tp=0, ts=0, x0=155662315
P0, tp=0, ts=0, x0=183126695, x1=134457235
P2, tp=0, ts=0, x0=774078690
P0, tp=0, ts=0, x0=143318074, x1=373000334
P3, tp=0, ts=0, x0=127471373
P1, tp=0, ts=0, x0=11948039
P3, tp=0, ts=0, x0=107197177
P2, tp=0, ts=0, x0=16487533
P2, tp=0, ts=0, x0=642402964
P1, tp=0, ts=0, x0=349100025
P1, tp=0, ts=0, x0=689547709
P0, tp=0, ts=0, x0=738312471, x1=859702507
P1, tp=0, ts=0, x0=9044
P1, tp=0, ts=0, x0=874465000
P1, tp=0, ts=0, x0=793960407
P2, tp=0, ts=0, x0=52165155
P3, tp=0, ts=0, x0=922949071
P1, tp=0, ts=0, x0=566803861
P0, tp=0, ts=0, x0=822765760, x1=709755030
P2, tp=0, ts=0, x0=29697140
P0, tp=0, ts=0, x0=319664557, x1=107197177
P1, tp=0, ts=0, x0=828462232
P3, tp=0, ts=0, x0=505935050
P2, tp=0, ts=0, x0=903421800
P3, tp=0, ts=0, x0=642402964
P3, tp=0, ts=0, x0=512398701
P1, tp=0, ts=0, x0=505935050
P1, tp=0, ts=0, x0=934255303
P0, tp=0, ts=0, x0=127471373, x1=846303794
P0, tp=0, ts=0, x0=850236109, x1=202410300
P3, tp=0, ts=0, x0=512398701
P2, tp=0, ts=0, x0=155662315
P0, tp=0, ts=0, x0=319722498, x1=224093314
P0, tp=0, ts=0, x0=52165155, x1=429566986
P0, tp=0, ts=0, x0=961497110, x1=990406599
P2, tp=0, ts=0, x0=512398701
P3, tp=0, ts=0, x0=183126695
P3, tp=0, ts=0, x0=441507786
P3, tp=0, ts=0, x0=566259317
P1, tp=0, ts=0, x0=345522830
P0, tp=0, ts=0, x0=143318074, x1=602614663
P3, tp=0, ts=0, x0=319664557
P3, tp=0, ts=0, x0=314982384
P1, tp=0, ts=0, x0=379640782
P0, tp=0, ts=0, x0=859657893, x1=369833068
P1, tp=0, ts=0, x0=365213217
P0, tp=0, ts=0, x0=16487533, x1=36062873
P0, tp=0, ts=0, x0=205881999, x1=223465452
P3, tp=0, ts=0, x0=859657893
P0, tp=0, ts=0, x0=269226724, x1=859657893
P1, tp=0, ts=0, x0=293190843
P0, tp=0, ts=0, x0=16487533, x1=846303794
P1, tp=0, ts=0, x0=793960407
P1, tp=0, ts=0, x0=163395779
P0, tp=0, ts=0, x0=774078690, x1=774078690
P2, tp=0, ts=0, x0=11948039
P1, tp=0, ts=0, x0=198863761
P1, tp=0, ts=0, x0=118682444
P3, tp=0, ts=0, x0=709755030
P3, tp=0, ts=0, x0=710720380
P3, tp=0, ts=0, x0=33059026
P1, tp=0, ts=0, x0=831623960
P2, tp=0, ts=0, x0=258571183
P3, tp=0, ts=0, x0=271306927
P1, tp=0, ts=0, x0=373000334
P1, tp=0, ts=0, x0=874465000
P1, tp=0, ts=0, x0=402685836
P2, tp=0, ts=0, x0=349100025
P2, tp=0, ts=0, x0=52165155
P3, tp=0, ts=0, x0=296114476
P2, tp=0, ts=0, x0=293190843
P3, tp=0, ts=0, x0=642402964
P2, tp=0, ts=0, x0=342986875
P2, tp=0, ts=0, x0=436134506
P3, tp=0, ts=0, x0=774389284
P0, tp=0, ts=0, x0=146765615, x1=859702507
P1, tp=0, ts=0, x0=29697140
P3, tp=0, ts=0, x0=342986875
P2, tp=0, ts=0, x0=183126695
P1, tp=0, ts=0, x0=562309088
P1, tp=0, ts=0, x0=373000334
P0, tp=0, ts=0, x0=107197177, x1=642402964
P0, tp=0, ts=0, x0=46411667, x1=517593312
P1, tp=0, ts=0, x0=202410300
P2, tp=0, ts=0, x0=13819891
P2, tp=0, ts=0, x0=323383664
P3, tp=0, ts=0, x0=146765615
P0, tp=0, ts=0, x0=241400894, x1=32148220
P0, tp=0, ts=0, x0=143318074, x1=874465000
P3, tp=0, ts=0, x0=709755030
P3, tp=0, ts=0, x0=45158346
P2, tp=0, ts=0, x0=198863761
P0, tp=0, ts=0, x0=290477442, x1=384243421
P0, tp=0, ts=0, x0=473237444, x1=850236109
P2, tp=0, ts=0, x0=29697140
P1, tp=0, ts=0, x0=850236109
P2, tp=0, ts=0, x0=45158346
P1, tp=0, ts=0, x0=258571183
P2, tp=0, ts=0, x0=903421800
P3, tp=0, ts=0, x0=473237444
P2, tp=0, ts=0, x0=146765615
P2, tp=0, ts=0, x0=208602126
P0, tp=0, ts=0, x0=223465452, x1=901893964
P3, tp=0, ts=0, x0=987688042
P0, tp=0, ts=0, x0=345522830, x1=992440819
P3, tp=0, ts=0, x0=258571183
P3, tp=0, ts=0, x0=269226724
P3, tp=0, ts=0, x0=788592938
P0, tp=1, ts=1, x0=36012099, x1=738312471
P2, tp=1, ts=1, x0=859657893
P0, tp=1, ts=1, x0=992440819, x1=831579120
P1, tp=1, ts=1, x0=146765615
P1, tp=1, ts=1, x0=178976603
P1, tp=1, ts=1, x0=769575720
P0, tp=1, ts=1, x0=208602126, x1=208602126
P2, tp=1, ts=1, x0=890378106
P3, tp=1, ts=1, x0=9044
P0, tp=1, ts=1, x0=859702507, x1=127300202
P1, tp=1, ts=1, x0=822765760
P3, tp=1, ts=1, x0=709755030
P0, tp=1, ts=1, x0=874465000, x1=788592938
P1, tp=1, ts=1, x0=831623960
P2, tp=1, ts=1, x0=793960407
P3, tp=1, ts=1, x0=251229450
P3, tp=1, ts=1, x0=290477442
P1, tp=1, ts=1, x0=859702507
P3, tp=1, ts=1, x0=922949071
P1, tp=1, ts=1, x0=831623960
P1, tp=1, ts=1, x0=440579536
P3, tp=1, ts=1, x0=293190843
P1, tp=1, ts=1, x0=127471373
P0, tp=1, ts=1, x0=369833068, x1=205881999
P3, tp=1, ts=1, x0=163395779
P3, tp=1, ts=1, x0=505935050
P0, tp=1, ts=1, x0=473237444, x1=822765760
P1, tp=1, ts=1, x0=45158346
P2, tp=1, ts=1, x0=357794322
P1, tp=1, ts=1, x0=178976603
P0, tp=1, ts=1, x0=787912728, x1=183126695
P0, tp=1, ts=1, x0=365213217, x1=342986875
P0, tp=1, ts=1, x0=349100025, x1=290477442
P2, tp=1, ts=1, x0=163395779
P2, tp=1, ts=1, x0=271306927
P1, tp=1, ts=1, x0=787912728
P0, tp=1, ts=1, x0=33059026, x1=859657893
P0, tp=1, ts=1, x0=155662315, x1=269226724
P2, tp=1, ts=1, x0=604760530
P2, tp=1, ts=1, x0=602614663
P0, tp=1, ts=1, x0=271306927, x1=144306508
P0, tp=1, ts=1, x0=205881999, x1=436134506
P1, tp=1, ts=1, x0=231932094
P3, tp=1, ts=1, x0=1760702
P2, tp=1, ts=1, x0=788592938
P1, tp=1, ts=1, x0=271306927
P0, tp=1, ts=1, x0=642402964, x1=769575720
P1, tp=1, ts=1, x0=774389284
P0, tp=1, ts=1, x0=251229450, x1=118682444
P3, tp=1, ts=1, x0=178976603
P1, tp=1, ts=1, x0=143318074
P3, tp=1, ts=1, x0=831579120
P3, tp=1, ts=1, x0=342986875
P1, tp=1, ts=1, x0=367082317
P0, tp=1, ts=1, x0=831623960, x1=689547709
P3, tp=1, ts=1, x0=319664557
P3, tp=1, ts=1, x0=604760530
P3, tp=1, ts=1, x0=314982384
P3, tp=1, ts=1, x0=223465452
P3, tp=1, ts=1, x0=379640782
P3, tp=1, ts=1, x0=990406599
P1, tp=1, ts=1, x0=859657893
P2, tp=1, ts=1, x0=29002103
P3, tp=1, ts=1, x0=850236109
P3, tp=1, ts=1, x0=45158346
P3, tp=1, ts=1, x0=940829925
P3, tp=1, ts=1, x0=379640782
P3, tp=1, ts=1, x0=46411667
P1, tp=1, ts=1, x0=361839242
P3, tp=1, ts=1, x0=133988455
P3, tp=1, ts=1, x0=436134506
P0, tp=1, ts=1, x0=293190843, x1=369833068
P0, tp=1, ts=1, x0=323383664, x1=655358986
P1, tp=1, ts=1, x0=183126695
P2, tp=1, ts=1, x0=319664557
P1, tp=1, ts=1, x0=45158346
P0, tp=1, ts=1, x0=604760530, x1=290477442
P2, tp=1, ts=1, x0=319664557
P1, tp=1, ts=1, x0=1760702
P1, tp=1, ts=1, x0=429566986
P3, tp=1, ts=1, x0=111882559
P0, tp=1, ts=1, x0=144306508, x1=11948039
P1, tp=1, ts=1, x0=202410300
P0, tp=1, ts=1, x0=384243421, x1=314982384
P0, tp=1, ts=1, x0=223465452, x1=123410650
P2, tp=1, ts=1, x0=903421800
P3, tp=1, ts=1, x0=831623960
P2, tp=1, ts=1, x0=271306927
P0, tp=1, ts=1, x0=769575720, x1=223745878
P2, tp=1, ts=1, x0=473237444
P0, tp=1, ts=1, x0=290477442, x1=709755030
P2, tp=1, ts=1, x0=369833068
P2, tp=1, ts=1, x0=903421800
P3, tp=1, ts=1, x0=379640782
P0, tp=1, ts=1, x0=348386507, x1=831623960
P3, tp=1, ts=1, x0=134457235
P0, tp=1, ts=1, x0=922949071, x1=512398701
P0, tp=1, ts=1, x0=604760530, x1=987688042
P1, tp=1, ts=1, x0=290477442
P3, tp=1, ts=1, x0=277349066
P2, tp=1, ts=1, x0=133988455
P0, tp=1, ts=1, x0=234108216, x1=738312471
P0, tp=1, ts=1, x0=258571183, x1=440597854
P1, tp=1, ts=1, x0=831623960
P3, tp=1, ts=1, x0=738312471
P2, tp=1, ts=1, x0=517593312
P0, tp=1, ts=1, x0=32148220, x1=460781810
P0, tp=1, ts=1, x0=251229450, x1=36012099
P1, tp=1, ts=1, x0=512398701
P0, tp=1, ts=1, x0=604760530, x1=831579120
P0, tp=1, ts=1, x0=269226724, x1=831623960
P3, tp=1, ts=1, x0=822765760
P2, tp=1, ts=1, x0=802859921
P2, tp=1, ts=1, x0=900919027
P0, tp=1, ts=1, x0=1760702, x1=369833068
P0, tp=1, ts=1, x0=604760530, x1=655358986
P0, tp=1, ts=1, x0=29002103, x1=34216644
P0, tp=1, ts=1, x0=874465000, x1=574663892
P2, tp=1, ts=1, x0=36012099
P0, tp=1, ts=1, x0=922949071, x1=163395779
P2, tp=1, ts=1, x0=990406599
P3, tp=1, ts=1, x0=940829925
P2, tp=1, ts=1, x0=992440819
P0, tp=1, ts=1, x0=143641863, x1=224093314
P1, tp=1, ts=1, x0=440579536
P0, tp=1, ts=1, x0=512398701, x1=223745878
P0, tp=1, ts=1, x0=223465452, x1=850236109
P0, tp=1, ts=1, x0=831579120, x1=440579536
P3, tp=1, ts=1, x0=143641863
P0, tp=1, ts=1, x0=344296220, x1=144306508
P2, tp=1, ts=1, x0=289743064
P0, tp=1, ts=1, x0=934255303, x1=517593312
P0, tp=1, ts=1, x0=45158346, x1=604760530
P1, tp=1, ts=1, x0=658848271
P3, tp=1, ts=1, x0=127471373
P2, tp=1, ts=1, x0=436134506
P1, tp=1, ts=1, x0=604760530
P2, tp=1, ts=1, x0=258571183
P0, tp=1, ts=1, x0=1760702, x1=497306715
P2, tp=1, ts=1, x0=822765760
P3, tp=1, ts=1, x0=361839242
P2, tp=1, ts=1, x0=440597854
P3, tp=1, ts=1, x0=258571183
P2, tp=1, ts=1, x0=440579536
P3, tp=1, ts=1, x0=440597854
P0, tp=1, ts=1, x0=373000334, x1=78783683
P0, tp=1, ts=1, x0=712030295, x1=241400894
P3, tp=1, ts=1, x0=846052324
P2, tp=1, ts=1, x0=13819891
P1, tp=1, ts=1, x0=987688042
P2, tp=1, ts=1, x0=505935050
P2, tp=1, ts=1, x0=314982384
P3, tp=1, ts=1, x0=208602126
P2, tp=1, ts=1, x0=127300202
P3, tp=1, ts=1, x0=348386507
P3, tp=1, ts=1, x0=290477442
P0, tp=1, ts=1, x0=314982384, x1=258571183
P3, tp=1, ts=1, x0=900919027
P2, tp=1, ts=1, x0=846052324
P3, tp=1, ts=1, x0=551695068
P2, tp=1, ts=1, x0=319664557
P3, tp=1, ts=1, x0=831623960
P3, tp=1, ts=1, x0=202410300
P2, tp=1, ts=1, x0=738312471
P2, tp=1, ts=1, x0=712030295
P1, tp=1, ts=1, x0=604760530
P0, tp=1, ts=1, x0=440597854, x1=144306508
P1, tp=1, ts=1, x0=11948039
P0, tp=1, ts=1, x0=52165155, x1=127471373
P1, tp=1, ts=1, x0=127300202
P2, tp=1, ts=1, x0=29002103
P2, tp=1, ts=1, x0=473237444
P1, tp=1, ts=1, x0=738312471
P1, tp=1, ts=1, x0=473237444
P1, tp=1, ts=1, x0=111882559
P2, tp=1, ts=1, x0=457379983
P1, tp=1, ts=1, x0=379640782
P3, tp=1, ts=1, x0=505935050
P1, tp=1, ts=1, x0=436134506
P1, tp=1, ts=1, x0=906255630
P1, tp=1, ts=1, x0=361839242
P1, tp=1, ts=1, x0=372304439
P2, tp=1, ts=1, x0=551695068
P0, tp=1, ts=1, x0=738312471, x1=901893964
P0, tp=1, ts=1, x0=566259317, x1=551695068
P1, tp=1, ts=1, x0=372304439
P3, tp=1, ts=1, x0=11948039
P3, tp=1, ts=1, x0=369833068
P3, tp=1, ts=1, x0=342986875
P0, tp=1, ts=1, x0=668751128, x1=223745878
P0, tp=1, ts=1, x0=46411667, x1=289743064
P1, tp=1, ts=1, x0=493942240
P0, tp=1, ts=1, x0=940829925, x1=369833068
P1, tp=1, ts=1, x0=144306508
P1, tp=1, ts=1, x0=349100025
P3, tp=1, ts=1, x0=987688042
P3, tp=1, ts=1, x0=367082317
P2, tp=1, ts=1, x0=357794322
P3, tp=1, ts=1, x0=802859921
P3, tp=1, ts=1, x0=709755030
P2, tp=1, ts=1, x0=512398701
P1, tp=1, ts=1, x0=46411667
P0, tp=1, ts=1, x0=34216644, x1=271306927
P2, tp=1, ts=1, x0=349100025
P2, tp=1, ts=1, x0=373000334
P1, tp=1, ts=1, x0=137992865
P2, tp=1, ts=1, x0=869550133
P0, tp=1, ts=1, x0=319664557, x1=551695068
P3, tp=1, ts=1, x0=774078690
P3, tp=1, ts=1, x0=143641863
P2, tp=1, ts=1, x0=46411667
P3, tp=1, ts=1, x0=440597854
P0, tp=1, ts=1, x0=152670433, x1=258571183
P2, tp=1, ts=1, x0=34216644
P3, tp=1, ts=1, x0=143318074
P2, tp=1, ts=1, x0=183126695
P3, tp=1, ts=1, x0=604760530
P2, tp=1, ts=1, x0=465832210
P1, tp=1, ts=1, x0=822765760
P0, tp=1, ts=1, x0=29697140, x1=223465452
P3, tp=1, ts=1, x0=658848271
P0, tp=1, ts=1, x0=846052324, x1=934255303
P0, tp=1, ts=1, x0=29697140, x1=398881811
P1, tp=1, ts=1, x0=540211513
P3, tp=1, ts=1, x0=429566986
P0, tp=1, ts=1, x0=348386507, x1=348386507
P0, tp=1, ts=1, x0=271306927, x1=198863761
P0, tp=1, ts=1, x0=769575720, x1=874465000
P0, tp=1, ts=1, x0=137992865, x1=137992865
P0, tp=1, ts=1, x0=718306278, x1=152670433
P1, tp=1, ts=1, x0=718306278
P3, tp=1, ts=1, x0=906255630
P3, tp=1, ts=1, x0=516765512
P2, tp=1, ts=1, x0=497306715
P2, tp=1, ts=1, x0=143641863
P2, tp=1, ts=1, x0=11948039
P1, tp=1, ts=1, x0=348386507
P0, tp=1, ts=1, x0=473237444, x1=56996216
P3, tp=1, ts=1, x0=566259317
P1, tp=1, ts=1, x0=224093314
P2, tp=1, ts=1, x0=78783683
P3, tp=1, ts=1, x0=922949071
P3, tp=1, ts=1, x0=144306508
P3, tp=1, ts=1, x0=289743064
P1, tp=1, ts=1, x0=9044
P2, tp=1, ts=1, x0=152670433
P1, tp=1, ts=1, x0=163395779
P1, tp=1, ts=1, x0=493942240
P2, tp=1, ts=1, x0=460781810
P2, tp=1, ts=1, x0=111882559
P3, tp=1, ts=1, x0=742997661
P2, tp=1, ts=1, x0=143318074
P2, tp=1, ts=1, x0=635321484
P2, tp=1, ts=1, x0=373000334
P1, tp=1, ts=1, x0=922949071
P2, tp=1, ts=1, x0=277349066
P2, tp=1, ts=1, x0=384243421
P0, tp=1, ts=1, x0=497314223, x1=566223654
P3, tp=1, ts=1, x0=373000334
P3, tp=1, ts=1, x0=224093314
P0, tp=1, ts=1, x0=231932094, x1=566259317
P1, tp=1, ts=1, x0=13819891
P3, tp=1, ts=1, x0=152670433
P3, tp=1, ts=1, x0=323383664
P1, tp=1, ts=1, x0=127471373
P2, tp=1, ts=1, x0=658848271
P1, tp=1, ts=1, x0=642402964
P0, tp=1, ts=1, x0=635321484, x1=566259317
P3, tp=1, ts=1, x0=277349066
P1, tp=1, ts=1, x0=231932094
P2, tp=1, ts=1, x0=457379983
P2, tp=1, ts=1, x0=29697140
P0, tp=1, ts=1, x0=658848271, x1=9044
P0, tp=1, ts=1, x0=655358986, x1=29697140
P3, tp=1, ts=1, x0=78783683
P1, tp=1, ts=1, x0=846052324
P2, tp=1, ts=1, x0=655358986
P3, tp=1, ts=1, x0=202410300
P1, tp=1, ts=1, x0=16487533
P1, tp=1, ts=1, x0=9044
P3, tp=1, ts=1, x0=314982384
P2, tp=1, ts=1, x0=127300202
P1, tp=1, ts=1, x0=323383664
P3, tp=1, ts=1, x0=127300202
P0, tp=1, ts=1, x0=144306508, x1=859657893
P0, tp=1, ts=1, x0=668751128, x1=155662315
P1, tp=1, ts=1, x0=16487533
P0, tp=1, ts=1, x0=846303794, x1=473237444
P3, tp=1, ts=1, x0=668751128
P1, tp=1, ts=1, x0=373000334
P3, tp=1, ts=1, x0=198863761
P3, tp=1, ts=1, x0=774078690
P3, tp=1, ts=1, x0=922949071
P2, tp=1, ts=1, x0=224093314
P1, tp=1, ts=1, x0=712030295
P2, tp=1, ts=1, x0=497306715
P3, tp=1, ts=1, x0=314982384
P1, tp=1, ts=1, x0=831623960
P3, tp=1, ts=1, x0=769575720
P0, tp=1, ts=1, x0=62773738, x1=183126695
P3, tp=1, ts=1, x0=231932094
P2, tp=1, ts=1, x0=429566986
P0, tp=1, ts=1, x0=987688042, x1=227066681
P1, tp=1, ts=1, x0=202410300
P1, tp=1, ts=1, x0=111882559
P3, tp=1, ts=1, x0=852937355
P0, tp=1, ts=1, x0=460781810, x1=869550133
P1, tp=1, ts=1, x0=473237444
P2, tp=1, ts=1, x0=903421800
P0, tp=1, ts=1, x0=449134977, x1=319664557
P0, tp=1, ts=1, x0=802859921, x1=344296220
P1, tp=1, ts=1, x0=859702507
P1, tp=1, ts=1, x0=202410300
P3, tp=1, ts=1, x0=357794322
P0, tp=1, ts=1, x0=658848271, x1=258571183
P1, tp=1, ts=1, x0=918172626
P2, tp=1, ts=1, x0=398881811
P1, tp=1, ts=1, x0=349100025
P0, tp=1, ts=1, x0=493942240, x1=874465000
P2, tp=1, ts=1, x0=473237444
P1, tp=1, ts=1, x0=788592938
P1, tp=1, ts=1, x0=440597854
P2, tp=1, ts=1, x0=635321484
P0, tp=1, ts=1, x0=741556772, x1=234108216
P1, tp=1, ts=1, x0=56996216
P3, tp=1, ts=1, x0=367082317
P1, tp=1, ts=1, x0=977132019
P3, tp=1, ts=1, x0=449134977
P1, tp=1, ts=1, x0=348386507
P0, tp=1, ts=1, x0=289743064, x1=940829925
P3, tp=1, ts=1, x0=918172626
P1, tp=1, ts=1, x0=859657893
P0, tp=1, ts=1, x0=111882559, x1=436134506
P3, tp=1, ts=1, x0=143318074
P1, tp=1, ts=1, x0=774078690
P3, tp=1, ts=1, x0=940829925
P3, tp=1, ts=1, x0=604760530
P3, tp=1, ts=1, x0=223465452
P2, tp=1, ts=1, x0=56996216
P1, tp=1, ts=1, x0=668751128
P1, tp=1, ts=1, x0=473237444
P1, tp=1, ts=1, x0=497306715
P3, tp=1, ts=1, x0=62773738
P3, tp=1, ts=1, x0=202410300
P3, tp=1, ts=1, x0=14884036
P1, tp=1, ts=1, x0=874465000
P2, tp=1, ts=1, x0=684603222
P0, tp=1, ts=1, x0=987688042, x1=34216644
P0, tp=1, ts=1, x0=34216644, x1=379640782
P2, tp=1, ts=1, x0=34216644
P0, tp=1, ts=1, x0=884519888, x1=940829925
P1, tp=1, ts=1, x0=934255303
P2, tp=1, ts=1, x0=977132019
P2, tp=1, ts=1, x0=635321484
P0, tp=1, ts=1, x0=793960407, x1=293190843
P2, tp=1, ts=1, x0=709755030
P0, tp=1, ts=1, x0=540211513, x1=144306508
P1, tp=1, ts=1, x0=540211513
P3, tp=1, ts=1, x0=143641863
P0, tp=1, ts=1, x0=903421800, x1=144306508
P1, tp=1, ts=1, x0=440579536
P2, tp=1, ts=1, x0=348386507
P1, tp=1, ts=1, x0=277349066
P0, tp=1, ts=1, x0=293190843, x1=884519888
P1, tp=1, ts=1, x0=769575720
P3, tp=1, ts=1, x0=143318074
P0, tp=1, ts=1, x0=17208794, x1=859657893
P1, tp=1, ts=1, x0=481385687
P0, tp=1, ts=1, x0=14884036, x1=202410300
P0, tp=1, ts=1, x0=906255630, x1=769575720
P1, tp=1, ts=1, x0=155662315
P3, tp=1, ts=1, x0=655358986
P0, tp=1, ts=1, x0=718306278, x1=323383664
P0, tp=1, ts=1, x0=846303794, x1=167885061
P3, tp=1, ts=1, x0=16487533
P0, tp=1, ts=1, x0=635321484, x1=11948039
P2, tp=1, ts=1, x0=655358986
P0, tp=1, ts=1, x0=16487533, x1=14884036
P1, tp=1, ts=1, x0=859702507
P0, tp=1, ts=1, x0=56996216, x1=11948039
P2, tp=1, ts=1, x0=365213217
P1, tp=1, ts=1, x0=361839242
P2, tp=1, ts=1, x0=144306508
P2, tp=1, ts=1, x0=143641863
P0, tp=1, ts=1, x0=323383664, x1=373000334
P3, tp=1, ts=1, x0=918172626
P2, tp=1, ts=1, x0=365213217
P2, tp=1, ts=1, x0=365213217
P1, tp=1, ts=1, x0=836524570
P1, tp=1, ts=1, x0=604760530
P0, tp=1, ts=1, x0=493942240, x1=319143138
P0, tp=1, ts=1, x0=702966663, x1=440579536
P0, tp=1, ts=1, x0=940829925, x1=655358986
P0, tp=1, ts=1, x0=836524570, x1=344296220
P0, tp=1, ts=1, x0=344296220, x1=440597854
P0, tp=1, ts=1, x0=903421800, x1=223465452
P3, tp=1, ts=1, x0=516765512
P1, tp=1, ts=1, x0=918172626
P3, tp=1, ts=1, x0=224093314
P0, tp=1, ts=1, x0=227066681, x1=277349066
P0, tp=1, ts=1, x0=372304439, x1=223745878
P2, tp=1, ts=1, x0=344296220
P1, tp=1, ts=1, x0=788592938
P2, tp=1, ts=1, x0=846052324
P2, tp=1, ts=1, x0=836524570
P1, tp=1, ts=1, x0=111882559
P2, tp=1, ts=1, x0=788592938
P2, tp=1, ts=1, x0=497306715
P2, tp=1, ts=1, x0=906255630
P0, tp=1, ts=1, x0=398881811, x1=903421800
P3, tp=1, ts=1, x0=934255303
P2, tp=1, ts=1, x0=900919027
P0, tp=1, ts=1, x0=319143138, x1=319143138
P1, tp=1, ts=1, x0=497314223
P0, tp=1, ts=1, x0=906255630, x1=702966663
P2, tp=1, ts=1, x0=802859921
P1, tp=1, ts=1, x0=289743064
P2, tp=1, ts=1, x0=869550133
P3, tp=1, ts=1, x0=440597854
P0, tp=1, ts=1, x0=369833068, x1=440579536
P1, tp=1, ts=1, x0=977132019
P0, tp=1, ts=1, x0=9044, x1=242831894
P1, tp=1, ts=1, x0=903421800
P1, tp=1, ts=1, x0=934255303
P2, tp=1, ts=1, x0=700653903
P1, tp=1, ts=1, x0=642402964
P0, tp=1, ts=1, x0=742997661, x1=668751128
P2, tp=1, ts=1, x0=368303704
P2, tp=1, ts=1, x0=344296220
P3, tp=1, ts=1, x0=449134977
P3, tp=1, ts=1, x0=990406599
P0, tp=1, ts=1, x0=481385687, x1=987688042
P1, tp=1, ts=1, x0=479058835
P1, tp=1, ts=1, x0=258571183
P1, tp=1, ts=1, x0=349100025
P0, tp=1, ts=1, x0=234108216, x1=859702507
P1, tp=1, ts=1, x0=712030295
P1, tp=1, ts=1, x0=56996216
P2, tp=1, ts=1, x0=143641863
P0, tp=1, ts=1, x0=9044, x1=737848724
P1, tp=1, ts=1, x0=440597854
P2, tp=1, ts=1, x0=718306278
P2, tp=1, ts=1, x0=655924144
P0, tp=1, ts=1, x0=137992865, x1=737848724
P2, tp=1, ts=1, x0=167885061
P0, tp=1, ts=1, x0=668751128, x1=167885061
P3, tp=1, ts=1, x0=11948039
P0, tp=1, ts=1, x0=242831894, x1=224093314
P3, tp=1, ts=1, x0=367062533
P0, tp=1, ts=1, x0=258571183, x1=348386507
P1, tp=1, ts=1, x0=365213217
P3, tp=1, ts=1, x0=167885061
P0, tp=1, ts=1, x0=137992865, x1=551695068
P0, tp=1, ts=1, x0=903421800, x1=367062533
P3, tp=1, ts=1, x0=137992865
P3, tp=1, ts=1, x0=574663892
P3, tp=1, ts=1, x0=198863761
P3, tp=1, ts=1, x0=111882559
P2, tp=1, ts=1, x0=14884036
P3, tp=1, ts=1, x0=524049753
P3, tp=1, ts=1, x0=712030295
P2, tp=1, ts=1, x0=82975439
P2, tp=1, ts=1, x0=852937355
P1, tp=1, ts=1, x0=319143138
P2, tp=1, ts=1, x0=493942240
P2, tp=1, ts=1, x0=977132019
P3, tp=1, ts=1, x0=540211513
P0, tp=1, ts=1, x0=668751128, x1=737848724
P3, tp=1, ts=1, x0=277349066
P2, tp=1, ts=1, x0=460781810
P3, tp=1, ts=1, x0=900919027
P0, tp=1, ts=1, x0=440579536, x1=17208794
P2, tp=1, ts=1, x0=144306508
P0, tp=1, ts=1, x0=793960407, x1=457379983
P1, tp=1, ts=1, x0=111882559
P2, tp=1, ts=1, x0=793960407
P2, tp=1, ts=1, x0=357794322
P3, tp=1, ts=1, x0=788592938
P0, tp=1, ts=1, x0=712030295, x1=440597854
P1, tp=1, ts=1, x0=460781810
P1, tp=1, ts=1, x0=78783683
P0, tp=1, ts=1, x0=906255630, x1=869550133
P2, tp=1, ts=1, x0=874465000
P2, tp=1, ts=1, x0=593991400
P2, tp=1, ts=1, x0=56996216
P3, tp=1, ts=1, x0=976062358
P1, tp=1, ts=1, x0=144306508
P1, tp=1, ts=1, x0=11948039
P3, tp=1, ts=1, x0=977132019
P0, tp=1, ts=1, x0=552009898, x1=516765512
P1, tp=1, ts=1, x0=440597854
P2, tp=1, ts=1, x0=348386507
P2, tp=1, ts=1, x0=319143138
P0, tp=1, ts=1, x0=13819891, x1=465832210
P2, tp=1, ts=1, x0=517593312
P0, tp=1, ts=1, x0=449778620, x1=579244397
P0, tp=1, ts=1, x0=227066681, x1=540211513
P1, tp=1, ts=1, x0=494963617
P3, tp=1, ts=1, x0=449778620
P1, tp=1, ts=1, x0=900919027
P0, tp=1, ts=1, x0=497314223, x1=289743064
P0, tp=1, ts=1, x0=17208794, x1=668751128
P0, tp=1, ts=1, x0=349100025, x1=903421800
P2, tp=1, ts=1, x0=481385687
P2, tp=1, ts=1, x0=712030295
P3, tp=1, ts=1, x0=741556772
P1, tp=1, ts=1, x0=566223654
P2, tp=1, ts=1, x0=82975439
P3, tp=1, ts=1, x0=524049753
P0, tp=1, ts=1, x0=17208794, x1=143641863
P0, tp=1, ts=1, x0=144306508, x1=655924144
P3, tp=1, ts=1, x0=357794322
P1, tp=1, ts=1, x0=900919027
P2, tp=1, ts=1, x0=82975439
P1, tp=1, ts=1, x0=566223654
P1, tp=1, ts=1, x0=289743064
P2, tp=1, ts=1, x0=348386507
P3, tp=1, ts=1, x0=869550133
P0, tp=1, ts=1, x0=460781810, x1=16487533
P3, tp=1, ts=1, x0=493942240
P0, tp=1, ts=1, x0=62773738, x1=700653903
P2, tp=1, ts=1, x0=277349066
P3, tp=1, ts=1, x0=197320395
P3, tp=1, ts=1, x0=167885061
P2, tp=1, ts=1, x0=494963617
P1, tp=1, ts=1, x0=348386507
P3, tp=1, ts=1, x0=517593312
P2, tp=1, ts=1, x0=167885061
P1, tp=1, ts=1, x0=354985508
P2, tp=1, ts=1, x0=712030295
P3, tp=1, ts=1, x0=684603222
P1, tp=1, ts=1, x0=976062358
P0, tp=1, ts=1, x0=516765512, x1=655358986
P2, tp=1, ts=1, x0=56996216
P2, tp=1, ts=1, x0=852937355
P3, tp=1, ts=1, x0=167885061
P2, tp=1, ts=1, x0=137992865
P3, tp=1, ts=1, x0=718306278
P0, tp=1, ts=1, x0=323383664, x1=900919027
P1, tp=1, ts=1, x0=655358986
P1, tp=1, ts=1, x0=449778620
P2, tp=1, ts=1, x0=524049753
P1, tp=1, ts=1, x0=990406599
P1, tp=1, ts=1, x0=940829925
P1, tp=1, ts=1, x0=440579536
P1, tp=1, ts=1, x0=289743064
P2, tp=1, ts=1, x0=9044
P1, tp=1, ts=1, x0=712030295
P3, tp=1, ts=1, x0=64324883
P3, tp=1, ts=1, x0=668751128
P3, tp=1, ts=1, x0=574663892
P3, tp=1, ts=1, x0=531025210
P2, tp=1, ts=1, x0=277349066
P3, tp=1, ts=1, x0=465832210
P3, tp=1, ts=1, x0=700653903
P0, tp=1, ts=1, x0=493942240, x1=440579536
P2, tp=1, ts=1, x0=197320395
P0, tp=1, ts=1, x0=167885061, x1=493942240
P1, tp=1, ts=1, x0=524049753
P0, tp=1, ts=1, x0=704648727, x1=736716730
P3, tp=1, ts=1, x0=479058835
P0, tp=1, ts=1, x0=548803266, x1=372304439
P0, tp=1, ts=1, x0=906255630, x1=884519888
P0, tp=1, ts=1, x0=78783683, x1=449778620
P2, tp=1, ts=1, x0=367082317
P0, tp=1, ts=1, x0=29002103, x1=465832210
P1, tp=1, ts=1, x0=493942240
P3, tp=1, ts=1, x0=859657893
P0, tp=1, ts=1, x0=540211513, x1=918172626
P3, tp=1, ts=1, x0=481385687
P1, tp=1, ts=1, x0=357794322
P2, tp=1, ts=1, x0=323383664
P1, tp=1, ts=1, x0=517593312
P0, tp=1, ts=1, x0=737848724, x1=906255630
P2, tp=1, ts=1, x0=234108216
P0, tp=1, ts=1, x0=144306508, x1=793960407
P2, tp=1, ts=1, x0=440579536
P3, tp=1, ts=1, x0=742997661
P3, tp=1, ts=1, x0=836524570
P2, tp=1, ts=1, x0=449778620
P0, tp=1, ts=1, x0=323383664, x1=655924144
P2, tp=1, ts=1, x0=635321484
P3, tp=1, ts=1, x0=152670433
P3, tp=1, ts=1, x0=197320395
P2, tp=1, ts=1, x0=144306508
P3, tp=1, ts=1, x0=906255630
P1, tp=1, ts=1, x0=655358986
P3, tp=1, ts=1, x0=566223654
P2, tp=1, ts=1, x0=401764149
P3, tp=1, ts=1, x0=517593312
P0, tp=1, ts=1, x0=9044, x1=579244397
P2, tp=1, ts=1, x0=368303704
P0, tp=1, ts=1, x0=517593312, x1=218354708
P0, tp=1, ts=1, x0=906255630, x1=741556772
P1, tp=1, ts=1, x0=82975439
P0, tp=1, ts=1, x0=540211513, x1=198863761
P3, tp=1, ts=1, x0=13819891
P0, tp=1, ts=1, x0=987688042, x1=655924144
P1, tp=1, ts=1, x0=684603222
P2, tp=1, ts=1, x0=368303704
P2, tp=1, ts=1, x0=593991400
P0, tp=1, ts=1, x0=367062533, x1=769575720
P3, tp=1, ts=1, x0=198863761
P2, tp=1, ts=1, x0=314982384
P3, tp=1, ts=1, x0=223745878
P3, tp=1, ts=1, x0=227066681
P3, tp=1, ts=1, x0=802859921
P2, tp=1, ts=1, x0=449778620
P0, tp=1, ts=1, x0=201955826, x1=197320395
P0, tp=1, ts=1, x0=540211513, x1=440597854
P2, tp=1, ts=1, x0=750808985
P3, tp=1, ts=1, x0=700653903
P1, tp=1, ts=1, x0=836524570
P2, tp=1, ts=1, x0=737848724
P2, tp=1, ts=1, x0=852937355
P1, tp=1, ts=1, x0=635321484
P0, tp=1, ts=1, x0=991087436, x1=401764149
P2, tp=1, ts=1, x0=742997661
P3, tp=1, ts=1, x0=56996216
P1, tp=1, ts=1, x0=884519888
P0, tp=1, ts=1, x0=242831894, x1=869550133
P2, tp=1, ts=1, x0=242831894
P2, tp=1, ts=1, x0=718306278
P3, tp=1, ts=1, x0=277349066
P2, tp=1, ts=1, x0=319143138
P0, tp=1, ts=1, x0=741556772, x1=224093314
P3, tp=1, ts=1, x0=579244397
P1, tp=1, ts=1, x0=552009898
P3, tp=1, ts=1, x0=344296220
P0, tp=1, ts=1, x0=227066681, x1=976062358
P0, tp=1, ts=1, x0=494963617, x1=304424824
P0, tp=1, ts=1, x0=367082317, x1=655358986
P3, tp=1, ts=1, x0=658848271
P2, tp=1, ts=1, x0=144306508
P3, tp=1, ts=1, x0=372304439
P0, tp=1, ts=1, x0=440579536, x1=310706839
P0, tp=1, ts=1, x0=449778620, x1=517593312
P1, tp=1, ts=1, x0=593991400
P3, tp=1, ts=1, x0=987688042
P2, tp=1, ts=1, x0=206233341
P0, tp=1, ts=1, x0=990406599, x1=440579536
P1, tp=1, ts=1, x0=922949071
P3, tp=1, ts=1, x0=769575720
P1, tp=1, ts=1, x0=579244397
P3, tp=1, ts=1, x0=702966663
P1, tp=1, ts=1, x0=552009898
P2, tp=1, ts=1, x0=152670433
P1, tp=1, ts=1, x0=517593312
P3, tp=1, ts=1, x0=314982384
P0, tp=1, ts=1, x0=152670433, x1=702966663
P1, tp=1, ts=1, x0=449778620
P0, tp=1, ts=1, x0=14884036, x1=319143138
P2, tp=1, ts=1, x0=323383664
P3, tp=1, ts=1, x0=991087436
P1, tp=1, ts=1, x0=835151261
P2, tp=1, ts=1, x0=289743064
P3, tp=1, ts=1, x0=991087436
P1, tp=1, ts=1, x0=668751128
P0, tp=1, ts=1, x0=457379983, x1=401764149
P3, tp=1, ts=1, x0=531025210
P2, tp=1, ts=1, x0=242831894
P1, tp=1, ts=1, x0=900919027
P3, tp=1, ts=1, x0=566223654
P2, tp=1, ts=1, x0=497306715
P2, tp=1, ts=1, x0=218354708
P3, tp=1, ts=1, x0=143641863
P0, tp=1, ts=1, x0=314982384, x1=684603222
P1, tp=1, ts=1, x0=712030295
P0, tp=1, ts=1, x0=319143138, x1=859657893
P0, tp=1, ts=1, x0=846052324, x1=836162962
P2, tp=1, ts=1, x0=990406599
P3, tp=1, ts=1, x0=802859921
P3, tp=1, ts=1, x0=218354708
P3, tp=1, ts=1, x0=700653903
P2, tp=1, ts=1, x0=457379983
P1, tp=1, ts=1, x0=836162962
P0, tp=1, ts=1, x0=223745878, x1=552009898
P0, tp=1, ts=1, x0=398881811, x1=859657893
P0, tp=1, ts=1, x0=851121126, x1=940829925
P0, tp=1, ts=1, x0=684603222, x1=769575720
P1, tp=1, ts=1, x0=718306278
P2, tp=1, ts=1, x0=869550133
P3, tp=1, ts=1, x0=323383664
P0, tp=1, ts=1, x0=449778620, x1=449134977
P3, tp=1, ts=1, x0=440597854
P0, tp=1, ts=1, x0=460781810, x1=655358986
P2, tp=1, ts=1, x0=497314223
P3, tp=1, ts=1, x0=64324883
P2, tp=1, ts=1, x0=977132019
P2, tp=1, ts=1, x0=579244397
P1, tp=1, ts=1, x0=323383664
P2, tp=1, ts=1, x0=531025210
P1, tp=1, ts=1, x0=570655941
P3, tp=1, ts=1, x0=457379983
P3, tp=1, ts=1, x0=836524570
P3, tp=1, ts=1, x0=884519888
P0, tp=1, ts=1, x0=579244397, x1=304424824
P3, tp=1, ts=1, x0=354985508
P1, tp=1, ts=1, x0=835151261
P1, tp=1, ts=1, x0=214098173
P2, tp=1, ts=1, x0=835151261
P2, tp=1, ts=1, x0=852937355
P3, tp=1, ts=1, x0=655358986
P2, tp=1, ts=1, x0=836162962
P2, tp=1, ts=1, x0=852937355
P3, tp=1, ts=1, x0=367062533
P3, tp=1, ts=1, x0=78783683
P0, tp=1, ts=1, x0=56996216, x1=835151261
P2, tp=1, ts=1, x0=548803266
P3, tp=1, ts=1, x0=570655941
P1, tp=1, ts=1, x0=62773738
P1, tp=1, ts=1, x0=822425566
P1, tp=1, ts=1, x0=836524570
P3, tp=1, ts=1, x0=540211513
P0, tp=1, ts=1, x0=566223654, x1=56996216
P0, tp=1, ts=1, x0=344296220, x1=17208794
P2, tp=1, ts=1, x0=479058835
P0, tp=1, ts=1, x0=479058835, x1=750808985
P1, tp=1, ts=1, x0=401764149
P1, tp=1, ts=1, x0=851121126
P3, tp=1, ts=1, x0=304424824
P0, tp=1, ts=1, x0=481385687, x1=432227463
P1, tp=1, ts=1, x0=34216644
P1, tp=1, ts=1, x0=741556772
P0, tp=1, ts=1, x0=457379983, x1=963942383
P3, tp=1, ts=1, x0=742997661
P0, tp=1, ts=1, x0=249717375, x1=918172626
P1, tp=1, ts=1, x0=736716730
P2, tp=1, ts=1, x0=846052324
P1, tp=1, ts=1, x0=465832210
P1, tp=1, ts=1, x0=639405936
P3, tp=1, ts=1, x0=816192593
P1, tp=1, ts=1, x0=460781810
P2, tp=1, ts=1, x0=737848724
P1, tp=1, ts=1, x0=655924144
P2, tp=1, ts=1, x0=227066681
P2, tp=1, ts=1, x0=348386507
P0, tp=1, ts=1, x0=918172626, x1=940829925
P0, tp=1, ts=1, x0=586651466, x1=401764149
P3, tp=1, ts=1, x0=869550133
P2, tp=1, ts=1, x0=852937355
P0, tp=1, ts=1, x0=227066681, x1=73096920
P1, tp=1, ts=1, x0=167885061
P1, tp=1, ts=1, x0=56996216
P0, tp=1, ts=1, x0=540211513, x1=223745878
P1, tp=1, ts=1, x0=704648727
P3, tp=1, ts=1, x0=835151261
P2, tp=1, ts=1, x0=401764149
P2, tp=1, ts=1, x0=494963617
P2, tp=1, ts=1, x0=304424824
P3, tp=1, ts=1, x0=700653903
P1, tp=1, ts=1, x0=963942383
P1, tp=1, ts=1, x0=379060307
P0, tp=1, ts=1, x0=846052324, x1=635321484
P0, tp=1, ts=1, x0=836524570, x1=836162962
P0, tp=1, ts=1, x0=668751128, x1=289743064
P3, tp=1, ts=1, x0=465832210
P2, tp=1, ts=1, x0=516765512
P3, tp=1, ts=1, x0=372304439
P0, tp=1, ts=1, x0=741556772, x1=494963617
P2, tp=1, ts=1, x0=801579932
P3, tp=1, ts=1, x0=289743064
P1, tp=1, ts=1, x0=801579932
P3, tp=1, ts=1, x0=449778620
P1, tp=1, ts=1, x0=718306278
P3, tp=1, ts=1, x0=639405936
P2, tp=1, ts=1, x0=479058835
P2, tp=1, ts=1, x0=884519888
P2, tp=1, ts=1, x0=593991400
P1, tp=1, ts=1, x0=82975439
P1, tp=1, ts=1, x0=531025210
P3, tp=1, ts=1, x0=304424824
P3, tp=1, ts=1, x0=540211513
P0, tp=1, ts=1, x0=319143138, x1=368303704
P1, tp=1, ts=1, x0=741556772
P0, tp=1, ts=1, x0=379060307, x1=900919027
P2, tp=1, ts=1, x0=586651466
P2, tp=1, ts=1, x0=143641863
P2, tp=1, ts=1, x0=206233341
P0, tp=1, ts=1, x0=304424824, x1=197320395
P1, tp=1, ts=1, x0=249717375
P1, tp=1, ts=1, x0=750808985
P3, tp=1, ts=1, x0=977132019
P0, tp=1, ts=1, x0=704648727, x1=991087436
P3, tp=1, ts=1, x0=497306715
P2, tp=1, ts=1, x0=976062358
P3, tp=1, ts=1, x0=310706839
P3, tp=1, ts=1, x0=560240386
P3, tp=1, ts=1, x0=521237446
P2, tp=1, ts=1, x0=497306715
P3, tp=1, ts=1, x0=836162962
P2, tp=1, ts=1, x0=524049753
P1, tp=1, ts=1, x0=497314223
P1, tp=1, ts=1, x0=78783683
P3, tp=1, ts=1, x0=900919027
P1, tp=1, ts=1, x0=822425566
P3, tp=1, ts=1, x0=372304439
P1, tp=1, ts=1, x0=566223654
P0, tp=1, ts=1, x0=62773738, x1=742997661
P0, tp=1, ts=1, x0=552009898, x1=348386507
P2, tp=1, ts=1, x0=368303704
P3, tp=1, ts=1, x0=82975439
P0, tp=1, ts=1, x0=375036726, x1=465832210
P1, tp=1, ts=1, x0=836162962
P0, tp=1, ts=1, x0=809014425, x1=64324883
P0, tp=1, ts=1, x0=801579932, x1=684864064
P1, tp=1, ts=1, x0=750808985
P2, tp=1, ts=1, x0=227066681
P3, tp=1, ts=1, x0=976062358
P3, tp=1, ts=1, x0=277349066
P3, tp=1, ts=1, x0=34216644
P2, tp=1, ts=1, x0=702966663
P1, tp=1, ts=1, x0=801579932
P3, tp=1, ts=1, x0=836524570
P3, tp=1, ts=1, x0=668751128
P0, tp=1, ts=1, x0=540211513, x1=479058835
P3, tp=1, ts=1, x0=167885061
P2, tp=1, ts=1, x0=852937355
P2, tp=1, ts=1, x0=531025210
P0, tp=1, ts=1, x0=835151261, x1=449967910
P2, tp=1, ts=1, x0=497306715
P2, tp=1, ts=1, x0=432227463
P2, tp=1, ts=1, x0=802859921
P0, tp=1, ts=1, x0=802859921, x1=56996216
P2, tp=1, ts=1, x0=852937355
P2, tp=1, ts=1, x0=234108216
P0, tp=1, ts=1, x0=229602374, x1=310706839
P1, tp=1, ts=1, x0=218354708
P2, tp=1, ts=1, x0=552009898
P0, tp=1, ts=1, x0=795793344, x1=548803266
P2, tp=1, ts=1, x0=696704502
P2, tp=1, ts=1, x0=736716730
P0, tp=1, ts=1, x0=718306278, x1=835151261
P3, tp=1, ts=1, x0=540211513
P1, tp=1, ts=1, x0=736716730
P0, tp=1, ts=1, x0=465832210, x1=918172626
P3, tp=1, ts=1, x0=737848724
P2, tp=1, ts=1, x0=741556772
P0, tp=1, ts=1, x0=152670433, x1=379060307
P3, tp=1, ts=1, x0=836524570
P2, tp=1, ts=1, x0=560240386
P3, tp=1, ts=1, x0=976062358
P1, tp=1, ts=1, x0=668751128
P3, tp=1, ts=1, x0=655924144
P3, tp=1, ts=1, x0=678285908
P0, tp=1, ts=1, x0=678285908, x1=368303704
P1, tp=1, ts=1, x0=932777661
P1, tp=1, ts=1, x0=548803266
P0, tp=1, ts=1, x0=201955826, x1=242831894
P0, tp=1, ts=1, x0=566223654, x1=566223654
P3, tp=1, ts=1, x0=239298198
P0, tp=1, ts=1, x0=668751128, x1=197320395
P0, tp=1, ts=1, x0=73096920, x1=700653903
P2, tp=1, ts=1, x0=143641863
P3, tp=1, ts=1, x0=658848271
P3, tp=1, ts=1, x0=976062358
P2, tp=1, ts=1, x0=479058835
P2, tp=1, ts=1, x0=906255630
P1, tp=1, ts=1, x0=548803266
P1, tp=1, ts=1, x0=957253335
P1, tp=1, ts=1, x0=524049753
P1, tp=1, ts=1, x0=201955826
P0, tp=1, ts=1, x0=401764149, x1=481385687
P2, tp=1, ts=1, x0=197320395
P3, tp=1, ts=1, x0=932777661
P2, tp=1, ts=1, x0=684864064
P0, tp=1, ts=1, x0=350135839, x1=579244397
P0, tp=1, ts=1, x0=566223654, x1=551695068
P3, tp=1, ts=1, x0=521237446
P1, tp=1, ts=1, x0=668751128
P2, tp=1, ts=1, x0=456539164
P3, tp=1, ts=1, x0=368303704
P0, tp=1, ts=1, x0=401764149, x1=750808985
P3, tp=1, ts=1, x0=479058835
P0, tp=1, ts=1, x0=846052324, x1=82975439
P0, tp=1, ts=1, x0=368303704, x1=64324883
P1, tp=1, ts=1, x0=521237446
P1, tp=1, ts=1, x0=816192593
P2, tp=1, ts=1, x0=816192593
P1, tp=1, ts=1, x0=696704502
P0, tp=1, ts=1, x0=449778620, x1=836162962
P3, tp=1, ts=1, x0=639405936
P0, tp=1, ts=1, x0=73096920, x1=835151261
P0, tp=1, ts=1, x0=736716730, x1=350135839
P0, tp=1, ts=1, x0=750808985, x1=152670433
P3, tp=1, ts=1, x0=918172626
P3, tp=1, ts=1, x0=465832210
P3, tp=1, ts=1, x0=696704502
P2, tp=1, ts=1, x0=551695068
P0, tp=1, ts=1, x0=560240386, x1=56996216
P0, tp=1, ts=1, x0=239298198, x1=432227463
P3, tp=1, ts=1, x0=214098173
P3, tp=1, ts=1, x0=511362766
P2, tp=1, ts=1, x0=579244397
P1, tp=1, ts=1, x0=73096920
P2, tp=1, ts=1, x0=319143138
P2, tp=1, ts=1, x0=736716730
P2, tp=1, ts=1, x0=932777661
P0, tp=1, ts=1, x0=354985508, x1=456539164
P0, tp=1, ts=1, x0=64324883, x1=795793344
P0, tp=1, ts=1, x0=460972625, x1=835151261
P3, tp=1, ts=1, x0=540211513
P1, tp=1, ts=1, x0=227066681
P0, tp=1, ts=1, x0=167885061, x1=551695068
P2, tp=1, ts=1, x0=511362766
P1, tp=1, ts=1, x0=524049753
P0, tp=1, ts=1, x0=579244397, x1=668751128
P0, tp=1, ts=1, x0=64324883, x1=465832210
P1, tp=1, ts=1, x0=884519888
P3, tp=1, ts=1, x0=465832210
P2, tp=1, ts=1, x0=43353433
P1, tp=1, ts=1, x0=17208794
P3, tp=1, ts=1, x0=801579932
P1, tp=1, ts=1, x0=242831894
P0, tp=1, ts=1, x0=918172626, x1=835151261
P2, tp=1, ts=1, x0=368303704
P2, tp=1, ts=1, x0=932777661
P0, tp=1, ts=1, x0=684603222, x1=493942240
P2, tp=1, ts=1, x0=287513944
P1, tp=1, ts=1, x0=494963617
P1, tp=1, ts=1, x0=449134977
P3, tp=1, ts=1, x0=795793344
P1, tp=1, ts=1, x0=14884036
P2, tp=1, ts=1, x0=593991400
P1, tp=1, ts=1, x0=586651466
P2, tp=1, ts=1, x0=560240386
P2, tp=1, ts=1, x0=287513944
P2, tp=1, ts=1, x0=851121126
P1, tp=1, ts=1, x0=14884036
P0, tp=1, ts=1, x0=485496699, x1=516765512
P2, tp=1, ts=1, x0=401764149
P3, tp=1, ts=1, x0=684603222
P1, tp=1, ts=1, x0=367062533
P1, tp=1, ts=1, x0=702966663
P0, tp=1, ts=1, x0=586651466, x1=718306278
P2, tp=1, ts=1, x0=432227463
P1, tp=1, ts=1, x0=963942383
P2, tp=1, ts=1, x0=818013939
P2, tp=1, ts=1, x0=684864064
P0, tp=1, ts=1, x0=800505611, x1=239298198
P3, tp=1, ts=1, x0=991087436
P2, tp=1, ts=1, x0=167885061
P3, tp=1, ts=1, x0=493942240
P3, tp=1, ts=1, x0=152670433
P2, tp=1, ts=1, x0=287513944
P3, tp=1, ts=1, x0=17208794
P0, tp=1, ts=1, x0=918172626, x1=822425566
P2, tp=1, ts=1, x0=836524570
P1, tp=1, ts=1, x0=516765512
P2, tp=1, ts=1, x0=560240386
P3, tp=1, ts=1, x0=56996216
P0, tp=1, ts=1, x0=948624636, x1=801579932
P1, tp=1, ts=1, x0=991087436
P0, tp=1, ts=1, x0=227066681, x1=957253335
P0, tp=1, ts=1, x0=977132019, x1=521237446
P0, tp=1, ts=1, x0=465832210, x1=354985508
P3, tp=1, ts=1, x0=742997661
P1, tp=1, ts=1, x0=443552734
P1, tp=1, ts=1, x0=206233341
P0, tp=1, ts=1, x0=678285908, x1=460972625
P2, tp=1, ts=1, x0=398881811
P1, tp=1, ts=1, x0=319143138
P3, tp=1, ts=1, x0=548803266
P1, tp=1, ts=1, x0=14884036
P2, tp=1, ts=1, x0=704648727
P1, tp=1, ts=1, x0=521237446
P2, tp=1, ts=1, x0=82975439
P2, tp=1, ts=1, x0=14884036
P1, tp=1, ts=1, x0=17208794
P1, tp=1, ts=1, x0=304424824
P3, tp=1, ts=1, x0=239298198
P1, tp=1, ts=1, x0=401764149
P0, tp=1, ts=1, x0=570655941, x1=836767585
P0, tp=1, ts=1, x0=795793344, x1=350135839
P1, tp=1, ts=1, x0=795793344
P0, tp=1, ts=1, x0=350135839, x1=718306278
P2, tp=1, ts=1, x0=287513944
P3, tp=1, ts=1, x0=214098173
P0, tp=1, ts=1, x0=560834326, x1=368303704
P0, tp=1, ts=1, x0=918172626, x1=836162962
P2, tp=1, ts=1, x0=684603222
P1, tp=1, ts=1, x0=548803266
P3, tp=1, ts=1, x0=319143138
P3, tp=1, ts=1, x0=795793344
P1, tp=1, ts=1, x0=818013939
P3, tp=1, ts=1, x0=310706839
P0, tp=1, ts=1, x0=449967910, x1=560834326
P1, tp=1, ts=1, x0=851121126
P0, tp=1, ts=1, x0=218354708, x1=736716730
P3, tp=1, ts=1, x0=249717375
P3, tp=1, ts=1, x0=249717375
P3, tp=1, ts=1, x0=741556772
P3, tp=1, ts=1, x0=304424824
P3, tp=1, ts=1, x0=639405936
P0, tp=1, ts=1, x0=313000855, x1=82975439
P1, tp=1, ts=1, x0=398881811
P3, tp=1, ts=1, x0=715723205
P2, tp=1, ts=1, x0=479058835
P2, tp=1, ts=1, x0=242831894
P0, tp=1, ts=1, x0=800505611, x1=16571195
P3, tp=2, ts=2, x0=227066681
P1, tp=2, ts=2, x0=153064521
P2, tp=2, ts=2, x0=449778620
P0, tp=2, ts=2, x0=702966663, x1=593991400
P0, tp=2, ts=2, x0=494963617, x1=718306278
P3, tp=2, ts=2, x0=456539164
P3, tp=2, ts=2, x0=516765512
P3, tp=2, ts=2, x0=627939908
P1, tp=2, ts=2, x0=516765512
P1, tp=2, ts=2, x0=635321484
P0, tp=2, ts=2, x0=497314223, x1=531025210
P0, tp=2, ts=2, x0=524049753, x1=836767585
P2, tp=2, ts=2, x0=153064521
P0, tp=2, ts=2, x0=684603222, x1=948624636
P0, tp=2, ts=2, x0=368303704, x1=948624636
P3, tp=2, ts=2, x0=450224269
P1, tp=2, ts=2, x0=449134977
P2, tp=2, ts=2, x0=432227463
P3, tp=2, ts=2, x0=375036726
P3, tp=2, ts=2, x0=239298198
P2, tp=2, ts=2, x0=742997661
P1, tp=2, ts=2, x0=167885061
P0, tp=2, ts=2, x0=479058835, x1=736716730
P0, tp=2, ts=2, x0=548803266, x1=229602374
P0, tp=2, ts=2, x0=56996216, x1=809014425
P2, tp=2, ts=2, x0=548803266
P2, tp=2, ts=2, x0=853248313
P0, tp=2, ts=2, x0=82975439, x1=401476346
P1, tp=2, ts=2, x0=197320395
P1, tp=2, ts=2, x0=566223654
P2, tp=2, ts=2, x0=242831894
P0, tp=2, ts=2, x0=460972625, x1=449967910
P3, tp=2, ts=2, x0=932777661
P1, tp=2, ts=2, x0=655924144
P1, tp=2, ts=2, x0=485496699
P2, tp=2, ts=2, x0=62773738
P3, tp=2, ts=2, x0=62773738
P2, tp=2, ts=2, x0=750808985
P1, tp=2, ts=2, x0=227066681
P2, tp=2, ts=2, x0=524049753
P2, tp=2, ts=2, x0=678285908
P2, tp=2, ts=2, x0=449778620
P0, tp=2, ts=2, x0=715723205, x1=800505611
P1, tp=2, ts=2, x0=227066681
P3, tp=2, ts=2, x0=530272142
P2, tp=2, ts=2, x0=678285908
P3, tp=2, ts=2, x0=795793344
P1, tp=2, ts=2, x0=586651466
P1, tp=2, ts=2, x0=684864064
P3, tp=2, ts=2, x0=401476346
P1, tp=2, ts=2, x0=852937355
P1, tp=2, ts=2, x0=835151261
P2, tp=2, ts=2, x0=835151261
P2, tp=2, ts=2, x0=282432678
P2, tp=2, ts=2, x0=678285908
P3, tp=2, ts=2, x0=702966663
P3, tp=2, ts=2, x0=460972625
P3, tp=2, ts=2, x0=432227463
P3, tp=2, ts=2, x0=485435588
P3, tp=2, ts=2, x0=548803266
P2, tp=2, ts=2, x0=449778620
P1, tp=2, ts=2, x0=460972625
P0, tp=2, ts=2, x0=795793344, x1=432227463
P3, tp=2, ts=2, x0=758722199
P2, tp=2, ts=2, x0=16571195
P1, tp=2, ts=2, x0=485496699
P2, tp=2, ts=2, x0=524049753
P1, tp=2, ts=2, x0=310706839
P0, tp=2, ts=2, x0=450224269, x1=485496699
P0, tp=2, ts=2, x0=292801224, x1=443552734
P2, tp=2, ts=2, x0=948624636
P3, tp=2, ts=2, x0=914421722
P2, tp=2, ts=2, x0=836524570
P2, tp=2, ts=2, x0=494963617
P1, tp=2, ts=2, x0=702966663
P0, tp=2, ts=2, x0=449967910, x1=368303704
P0, tp=2, ts=2, x0=64324883, x1=287513944
P3, tp=2, ts=2, x0=16571195
P2, tp=2, ts=2, x0=696704502
P2, tp=2, ts=2, x0=292801224
P1, tp=2, ts=2, x0=419963345
P3, tp=2, ts=2, x0=911008021
P2, tp=2, ts=2, x0=432227463
P1, tp=2, ts=2, x0=835151261
P3, tp=2, ts=2, x0=239298198
P1, tp=2, ts=2, x0=485496699
P1, tp=2, ts=2, x0=201955826
P3, tp=2, ts=2, x0=313000855
P2, tp=2, ts=2, x0=547689030
P2, tp=2, ts=2, x0=548803266
P3, tp=2, ts=2, x0=282432678
P3, tp=2, ts=2, x0=214098173
P1, tp=2, ts=2, x0=485435588
P1, tp=2, ts=2, x0=809014425
P0, tp=2, ts=2, x0=401764149, x1=249717375
P2, tp=2, ts=2, x0=167885061
P1, tp=2, ts=2, x0=214098173
P1, tp=2, ts=2, x0=963942383
P0, tp=2, ts=2, x0=853248313, x1=87348678
P2, tp=2, ts=2, x0=750808985
P1, tp=2, ts=2, x0=485496699
P1, tp=2, ts=2, x0=809014425
P0, tp=2, ts=2, x0=350135839, x1=167885061
P1, tp=2, ts=2, x0=859563436
P2, tp=2, ts=2, x0=206233341
P1, tp=2, ts=2, x0=836767585
P1, tp=2, ts=2, x0=932777661
P3, tp=2, ts=2, x0=449967910
P2, tp=2, ts=2, x0=206233341
P3, tp=2, ts=2, x0=836524570
P2, tp=2, ts=2, x0=432227463
P0, tp=2, ts=2, x0=963942383, x1=758722199
P3, tp=2, ts=2, x0=218354708
P1, tp=2, ts=2, x0=282432678
P0, tp=2, ts=2, x0=375036726, x1=579244397
P0, tp=2, ts=2, x0=449967910, x1=678285908
P1, tp=2, ts=2, x0=800505611
P2, tp=2, ts=2, x0=702966663
P1, tp=2, ts=2, x0=750808985
P3, tp=2, ts=2, x0=201955826
P3, tp=2, ts=2, x0=911008021
P2, tp=2, ts=2, x0=201955826
P2, tp=2, ts=2, x0=684864064
P2, tp=2, ts=2, x0=560834326
P0, tp=2, ts=2, x0=884519888, x1=287513944
P3, tp=2, ts=2, x0=884519888
P0, tp=2, ts=2, x0=704648727, x1=401764149
P3, tp=2, ts=2, x0=282432678
P2, tp=2, ts=2, x0=836524570
P2, tp=2, ts=2, x0=153064521
P3, tp=2, ts=2, x0=851121126
P2, tp=2, ts=2, x0=851121126
P1, tp=2, ts=2, x0=218354708
P0, tp=2, ts=2, x0=354985508, x1=977132019
P3, tp=2, ts=2, x0=778896462
P3, tp=2, ts=2, x0=456539164
P2, tp=2, ts=2, x0=229602374
P0, tp=2, ts=2, x0=835151261, x1=201955826
P3, tp=2, ts=2, x0=107287293
P3, tp=2, ts=2, x0=560240386
P3, tp=2, ts=2, x0=214098173
P1, tp=2, ts=2, x0=494963617
P0, tp=2, ts=2, x0=239298198, x1=700653903
P2, tp=2, ts=2, x0=521237446
P1, tp=2, ts=2, x0=69956859
P0, tp=2, ts=2, x0=107287293, x1=816192593
P3, tp=2, ts=2, x0=354985508
P2, tp=2, ts=2, x0=379060307
P0, tp=2, ts=2, x0=865139453, x1=271364576
P1, tp=2, ts=2, x0=350135839
P2, tp=2, ts=2, x0=737848724
P3, tp=2, ts=2, x0=345065294
P1, tp=2, ts=2, x0=397440397
P0, tp=2, ts=2, x0=367062533, x1=249717375
P0, tp=2, ts=2, x0=43353433, x1=521237446
P2, tp=2, ts=2, x0=494963617
P0, tp=2, ts=2, x0=449778620, x1=82975439
P1, tp=2, ts=2, x0=449778620
P0, tp=2, ts=2, x0=107287293, x1=350135839
P0, tp=2, ts=2, x0=229602374, x1=443552734
P3, tp=2, ts=2, x0=836524570
P3, tp=2, ts=2, x0=809014425
P1, tp=2, ts=2, x0=570655941
P1, tp=2, ts=2, x0=758722199
P2, tp=2, ts=2, x0=87348678
P3, tp=2, ts=2, x0=82975439
P2, tp=2, ts=2, x0=579244397
P0, tp=2, ts=2, x0=153064521, x1=456539164
P1, tp=2, ts=2, x0=911008021
P2, tp=2, ts=2, x0=73096920
P0, tp=2, ts=2, x0=524049753, x1=69956859
P3, tp=2, ts=2, x0=214098173
P2, tp=2, ts=2, x0=547689030
P1, tp=2, ts=2, x0=239298198
P3, tp=2, ts=2, x0=349069954
P0, tp=2, ts=2, x0=795793344, x1=494963617
P3, tp=2, ts=2, x0=242006158
P0, tp=2, ts=2, x0=579244397, x1=865139453
P1, tp=2, ts=2, x0=659735246
P0, tp=2, ts=2, x0=524049753, x1=206233341
P1, tp=2, ts=2, x0=401764149
P0, tp=2, ts=2, x0=758722199, x1=560240386
P2, tp=2, ts=2, x0=816192593
P2, tp=2, ts=2, x0=432227463
P3, tp=2, ts=2, x0=379060307
P3, tp=2, ts=2, x0=552009898
P1, tp=2, ts=2, x0=375767226
P1, tp=2, ts=2, x0=817499930
P2, tp=2, ts=2, x0=197320395
P0, tp=2, ts=2, x0=282432678, x1=91484462
P3, tp=2, ts=2, x0=851121126
P3, tp=2, ts=2, x0=836767585
P1, tp=2, ts=2, x0=795793344
P0, tp=2, ts=2, x0=819059784, x1=43353433
P0, tp=2, ts=2, x0=443552734, x1=593991400
P0, tp=2, ts=2, x0=639405936, x1=560834326
P0, tp=2, ts=2, x0=704648727, x1=450224269
P0, tp=2, ts=2, x0=635466060, x1=350135839
P2, tp=2, ts=2, x0=560240386
P1, tp=2, ts=2, x0=543174093
P3, tp=2, ts=2, x0=800505611
P0, tp=2, ts=2, x0=428400477, x1=911008021
P3, tp=2, ts=2, x0=560240386
P3, tp=2, ts=2, x0=976062358
P1, tp=2, ts=2, x0=822425566
P3, tp=2, ts=2, x0=750808985
P0, tp=2, ts=2, x0=16571195, x1=865139453
P3, tp=2, ts=2, x0=819059784
P0, tp=2, ts=2, x0=354985508, x1=107287293
P3, tp=2, ts=2, x0=530272142
P1, tp=2, ts=2, x0=443552734
P2, tp=2, ts=2, x0=547689030
P0, tp=2, ts=2, x0=963942383, x1=863936397
P1, tp=2, ts=2, x0=379060307
P2, tp=2, ts=2, x0=758722199
P3, tp=2, ts=2, x0=460972625
P2, tp=2, ts=2, x0=639405936
P3, tp=2, ts=2, x0=948624636
P2, tp=2, ts=2, x0=552009898
P0, tp=2, ts=2, x0=560834326, x1=579244397
P0, tp=2, ts=2, x0=817499930, x1=696704502
P2, tp=2, ts=2, x0=911008021
P3, tp=2, ts=2, x0=239298198
P3, tp=2, ts=2, x0=531025210
P1, tp=2, ts=2, x0=579244397
P1, tp=2, ts=2, x0=835151261
P3, tp=2, ts=2, x0=795793344
P3, tp=2, ts=2, x0=758722199
P2, tp=2, ts=2, x0=73096920
P0, tp=2, ts=2, x0=715723205, x1=991087436
P2, tp=2, ts=2, x0=586651466
P1, tp=2, ts=2, x0=795793344
P1, tp=2, ts=2, x0=206233341
P0, tp=2, ts=2, x0=494963617, x1=586651466
P2, tp=2, ts=2, x0=580594376
P3, tp=2, ts=2, x0=715723205
P2, tp=2, ts=2, x0=449967910
P0, tp=2, ts=2, x0=43353433, x1=107287293
P2, tp=2, ts=2, x0=809014425
P2, tp=2, ts=2, x0=543174093
P1, tp=2, ts=2, x0=107287293
P2, tp=2, ts=2, x0=865139453
P3, tp=2, ts=2, x0=818013939
P2, tp=2, ts=2, x0=851121126
P1, tp=2, ts=2, x0=859563436
P2, tp=2, ts=2, x0=201955826
P2, tp=2, ts=2, x0=375767226
P1, tp=2, ts=2, x0=449778620
P1, tp=2, ts=2, x0=948624636
P2, tp=2, ts=2, x0=817569936
P0, tp=2, ts=2, x0=64324883, x1=976062358
P3, tp=2, ts=2, x0=82146286
P1, tp=2, ts=2, x0=271364576
P2, tp=2, ts=2, x0=82146286
P1, tp=2, ts=2, x0=179241364
P0, tp=2, ts=2, x0=914421722, x1=795793344
P1, tp=2, ts=2, x0=195219644
P3, tp=2, ts=2, x0=50340100
P1, tp=2, ts=2, x0=822425566
P3, tp=2, ts=2, x0=485496699
P2, tp=2, ts=2, x0=249717375
P3, tp=2, ts=2, x0=991087436
P0, tp=2, ts=2, x0=9009958, x1=991087436
P1, tp=2, ts=2, x0=206233341
P2, tp=2, ts=2, x0=818013939
P3, tp=2, ts=2, x0=282432678
P0, tp=2, ts=2, x0=214098173, x1=817499930
P2, tp=2, ts=2, x0=851121126
P1, tp=2, ts=2, x0=801579932
P2, tp=2, ts=2, x0=485496699
P0, tp=2, ts=2, x0=758722199, x1=627939908
P3, tp=2, ts=2, x0=450224269
P1, tp=2, ts=2, x0=286136032
P2, tp=2, ts=2, x0=835151261
P1, tp=2, ts=2, x0=349069954
P2, tp=2, ts=2, x0=286136032
P0, tp=2, ts=2, x0=809014425, x1=274133801
P1, tp=2, ts=2, x0=218354708
P0, tp=2, ts=2, x0=353081573, x1=568073121
P3, tp=2, ts=2, x0=87348678
P1, tp=2, ts=2, x0=304455931
P0, tp=2, ts=2, x0=432227463, x1=50340100
P2, tp=2, ts=2, x0=432227463
P1, tp=2, ts=2, x0=851121126
P1, tp=2, ts=2, x0=696704502
P3, tp=2, ts=2, x0=809014425
P1, tp=2, ts=2, x0=570655941
P2, tp=2, ts=2, x0=822425566
P0, tp=2, ts=2, x0=153064521, x1=375767226
P1, tp=2, ts=2, x0=179241364
P3, tp=2, ts=2, x0=73096920
P3, tp=2, ts=2, x0=911008021
P3, tp=2, ts=2, x0=274133801
P2, tp=2, ts=2, x0=696704502
P0, tp=2, ts=2, x0=397440397, x1=865139453
P3, tp=2, ts=2, x0=560240386
P0, tp=2, ts=2, x0=274133801, x1=835151261
P2, tp=2, ts=2, x0=560834326
P2, tp=2, ts=2, x0=282432678
P0, tp=2, ts=2, x0=853248313, x1=570655941
P1, tp=2, ts=2, x0=851121126
P1, tp=2, ts=2, x0=914421722
P3, tp=2, ts=2, x0=43353433
P3, tp=2, ts=2, x0=456539164
P3, tp=2, ts=2, x0=271364576
P1, tp=2, ts=2, x0=218354708
P3, tp=2, ts=2, x0=401764149
P1, tp=2, ts=2, x0=206233341
P3, tp=2, ts=2, x0=276056805
P1, tp=2, ts=2, x0=853248313
P1, tp=2, ts=2, x0=547689030
P1, tp=2, ts=2, x0=229602374
P2, tp=2, ts=2, x0=795793344
P3, tp=2, ts=2, x0=9009958
P0, tp=2, ts=2, x0=307747609, x1=498010034
P2, tp=2, ts=2, x0=809014425
P2, tp=2, ts=2, x0=345065294
P1, tp=2, ts=2, x0=835151261
P3, tp=2, ts=2, x0=851121126
P3, tp=2, ts=2, x0=107287293
P2, tp=2, ts=2, x0=179241364
P3, tp=2, ts=2, x0=932777661
P0, tp=2, ts=2, x0=721139557, x1=82146286
P3, tp=2, ts=2, x0=87348678
P3, tp=2, ts=2, x0=73096920
P0, tp=2, ts=2, x0=835151261, x1=911008021
P3, tp=2, ts=2, x0=206233341
P0, tp=2, ts=2, x0=41017260, x1=179241364
P3, tp=2, ts=2, x0=750808985
P3, tp=2, ts=2, x0=991087436
P2, tp=2, ts=2, x0=485496699
P2, tp=2, ts=2, x0=50340100
P3, tp=2, ts=2, x0=801579932
P1, tp=2, ts=2, x0=443552734
P0, tp=2, ts=2, x0=304455931, x1=801579932
P2, tp=2, ts=2, x0=460972625
P3, tp=2, ts=2, x0=774869215
P2, tp=2, ts=2, x0=460972625
P2, tp=2, ts=2, x0=684864064
P3, tp=2, ts=2, x0=419963345
P1, tp=2, ts=2, x0=443552734
P3, tp=2, ts=2, x0=349069954
P2, tp=2, ts=2, x0=836162962
P2, tp=2, ts=2, x0=16571195
P2, tp=2, ts=2, x0=379060307
P0, tp=2, ts=2, x0=287513944, x1=443552734
P3, tp=2, ts=2, x0=957253335
P2, tp=2, ts=2, x0=963942383
P1, tp=2, ts=2, x0=778896462
P1, tp=2, ts=2, x0=914421722
P1, tp=2, ts=2, x0=511362766
P0, tp=2, ts=2, x0=895050005, x1=696704502
P1, tp=2, ts=2, x0=287513944
P2, tp=2, ts=2, x0=310706839
P3, tp=2, ts=2, x0=635466060
P0, tp=2, ts=2, x0=304424824, x1=82146286
P2, tp=2, ts=2, x0=292801224
P3, tp=2, ts=2, x0=50340100
P2, tp=2, ts=2, x0=521237446
P2, tp=2, ts=2, x0=214098173
P1, tp=2, ts=2, x0=835151261
P3, tp=2, ts=2, x0=635466060
P0, tp=2, ts=2, x0=914421722, x1=568073121
P2, tp=2, ts=2, x0=349069954
P2, tp=2, ts=2, x0=206233341
P3, tp=2, ts=2, x0=592114432
P3, tp=2, ts=2, x0=73096920
P0, tp=2, ts=2, x0=778896462, x1=543174093
P0, tp=2, ts=2, x0=778896462, x1=304455931
P3, tp=2, ts=2, x0=350135839
P1, tp=2, ts=2, x0=476130386
P2, tp=2, ts=2, x0=153064521
P1, tp=2, ts=2, x0=82146286
P2, tp=2, ts=2, x0=345065294
P2, tp=2, ts=2, x0=41017260
P1, tp=2, ts=2, x0=696704502
P1, tp=2, ts=2, x0=42900091
P0, tp=2, ts=2, x0=948624636, x1=307747609
P0, tp=2, ts=2, x0=43353433, x1=274133801
P1, tp=2, ts=2, x0=353081573
P3, tp=2, ts=2, x0=570655941
P3, tp=2, ts=2, x0=449967910
P2, tp=2, ts=2, x0=696704502
P2, tp=2, ts=2, x0=358881560
P0, tp=2, ts=2, x0=586651466, x1=386527365
P1, tp=2, ts=2, x0=386527365
P3, tp=2, ts=2, x0=450224269
P3, tp=2, ts=2, x0=721139557
P3, tp=2, ts=2, x0=476130386
P3, tp=2, ts=2, x0=817499930
P1, tp=2, ts=2, x0=639405936
P1, tp=2, ts=2, x0=817499930
P0, tp=2, ts=2, x0=179241364, x1=229602374
P1, tp=2, ts=2, x0=350135839
P3, tp=2, ts=2, x0=16571195
P2, tp=2, ts=2, x0=16571195
P3, tp=2, ts=2, x0=760858168
P2, tp=2, ts=2, x0=231154087
P1, tp=2, ts=2, x0=476130386
P0, tp=2, ts=2, x0=179241364, x1=627939908
P1, tp=2, ts=2, x0=231154087
P1, tp=2, ts=2, x0=274133801
P1, tp=2, ts=2, x0=460972625
P3, tp=2, ts=2, x0=819059784
P2, tp=2, ts=2, x0=347227054
P0, tp=2, ts=2, x0=932777661, x1=249717375
P2, tp=2, ts=2, x0=890468341
P3, tp=2, ts=2, x0=292801224
P1, tp=2, ts=2, x0=586651466
P2, tp=2, ts=2, x0=932777661
P2, tp=2, ts=2, x0=313000855
P2, tp=2, ts=2, x0=521237446
P1, tp=2, ts=2, x0=299183796
P1, tp=2, ts=2, x0=91484462
P0, tp=2, ts=2, x0=271364576, x1=9009958
P3, tp=2, ts=2, x0=865139453
P1, tp=2, ts=2, x0=375036726
P0, tp=2, ts=2, x0=401476346, x1=817499930
P0, tp=2, ts=2, x0=282432678, x1=810626819
P0, tp=2, ts=2, x0=721139557, x1=286136032
P0, tp=2, ts=2, x0=957253335, x1=419963345
P1, tp=2, ts=2, x0=895050005
P1, tp=2, ts=2, x0=547689030
P2, tp=2, ts=2, x0=43353433
P2, tp=2, ts=2, x0=386527365
P2, tp=2, ts=2, x0=568073121
P1, tp=2, ts=2, x0=721139557
P2, tp=2, ts=2, x0=853248313
P3, tp=2, ts=2, x0=386527365
P3, tp=2, ts=2, x0=313000855
P2, tp=2, ts=2, x0=568073121
P1, tp=2, ts=2, x0=443552734
P3, tp=2, ts=2, x0=397440397
P0, tp=2, ts=2, x0=801579932, x1=836767585
P1, tp=2, ts=2, x0=358881560
P1, tp=2, ts=2, x0=914421722
P2, tp=2, ts=2, x0=299183796
P0, tp=2, ts=2, x0=456539164, x1=307747609
P1, tp=2, ts=2, x0=375036726
P1, tp=2, ts=2, x0=349069954
P3, tp=2, ts=2, x0=229602374
P2, tp=2, ts=2, x0=42900091
P2, tp=2, ts=2, x0=801579932
P0, tp=2, ts=2, x0=911008021, x1=836767585
P0, tp=2, ts=2, x0=678285908, x1=560240386
P3, tp=2, ts=2, x0=914421722
P0, tp=2, ts=2, x0=379060307, x1=817499930
P1, tp=2, ts=2, x0=990717429
P0, tp=2, ts=2, x0=568073121, x1=795793344
P3, tp=2, ts=2, x0=863936397
P2, tp=2, ts=2, x0=592114432
P0, tp=2, ts=2, x0=863936397, x1=350135839
P1, tp=2, ts=2, x0=358881560
P3, tp=2, ts=2, x0=87348678
P0, tp=2, ts=2, x0=195219644, x1=948624636
P2, tp=2, ts=2, x0=818013939
P0, tp=2, ts=2, x0=282432678, x1=443552734
P1, tp=2, ts=2, x0=795793344
P2, tp=2, ts=2, x0=307747609
P2, tp=2, ts=2, x0=476130386
P0, tp=2, ts=2, x0=287513944, x1=456539164
P2, tp=2, ts=2, x0=390661313
P3, tp=2, ts=2, x0=816192593
P1, tp=2, ts=2, x0=401476346
P2, tp=2, ts=2, x0=511362766
P1, tp=2, ts=2, x0=957253335
P2, tp=2, ts=2, x0=836767585
P3, tp=2, ts=2, x0=511362766
P0, tp=2, ts=2, x0=476130386, x1=800505611
P0, tp=2, ts=2, x0=511362766, x1=659735246
P0, tp=2, ts=2, x0=87348678, x1=282432678
P3, tp=2, ts=2, x0=696704502
P3, tp=2, ts=2, x0=810626819
P0, tp=2, ts=2, x0=456539164, x1=859563436
P0, tp=2, ts=2, x0=948624636, x1=16571195
P0, tp=2, ts=2, x0=276056805, x1=292801224
P3, tp=2, ts=2, x0=758722199
P2, tp=2, ts=2, x0=419963345
P1, tp=2, ts=2, x0=307747609
P0, tp=2, ts=2, x0=627939908, x1=41017260
P0, tp=2, ts=2, x0=42900091, x1=87348678
P2, tp=2, ts=2, x0=358881560
P1, tp=2, ts=2, x0=818013939
P2, tp=2, ts=2, x0=592114432
P3, tp=2, ts=2, x0=135805058
P3, tp=2, ts=2, x0=666069912
P3, tp=2, ts=2, x0=274133801
P1, tp=2, ts=2, x0=87348678
P2, tp=2, ts=2, x0=153064521
P1, tp=2, ts=2, x0=135805058
P1, tp=2, ts=2, x0=830685839
P1, tp=2, ts=2, x0=957253335
P3, tp=2, ts=2, x0=957253335
P1, tp=2, ts=2, x0=830685839
P3, tp=2, ts=2, x0=911008021
P3, tp=2, ts=2, x0=307747609
P3, tp=2, ts=2, x0=16571195
P2, tp=2, ts=2, x0=419963345
P0, tp=2, ts=2, x0=107287293, x1=817569936
P1, tp=2, ts=2, x0=50340100
P2, tp=2, ts=2, x0=684864064
P1, tp=2, ts=2, x0=818013939
P0, tp=2, ts=2, x0=760355294, x1=358881560
P2, tp=2, ts=2, x0=948624636
P1, tp=2, ts=2, x0=43353433
P0, tp=2, ts=2, x0=450224269, x1=863936397
P2, tp=2, ts=2, x0=576906215
P3, tp=2, ts=2, x0=696704502
P0, tp=2, ts=2, x0=304455931, x1=774869215
P0, tp=2, ts=2, x0=23278693, x1=460972625
P2, tp=2, ts=2, x0=397440397
P3, tp=2, ts=2, x0=229602374
P1, tp=2, ts=2, x0=107287293
P2, tp=2, ts=2, x0=43353433
P0, tp=2, ts=2, x0=760355294, x1=349069954
P0, tp=2, ts=2, x0=87348678, x1=511362766
P2, tp=2, ts=2, x0=485435588
P0, tp=2, ts=2, x0=810626819, x1=271364576
P0, tp=2, ts=2, x0=948624636, x1=231154087
P3, tp=2, ts=2, x0=627939908
P0, tp=2, ts=2, x0=774869215, x1=830685839
P3, tp=2, ts=2, x0=401476346
P2, tp=2, ts=2, x0=282432678
P3, tp=2, ts=2, x0=635466060
P1, tp=2, ts=2, x0=485435588
P3, tp=2, ts=2, x0=242006158
P3, tp=2, ts=2, x0=911008021
P1, tp=2, ts=2, x0=70262972
P1, tp=2, ts=2, x0=443552734
P2, tp=2, ts=2, x0=721139557
P0, tp=2, ts=2, x0=9009958, x1=485496699
P2, tp=2, ts=2, x0=91484462
P3, tp=2, ts=2, x0=299183796
P3, tp=2, ts=2, x0=50340100
P1, tp=2, ts=2, x0=386527365
P3, tp=2, ts=2, x0=70262972
P1, tp=2, ts=2, x0=191353083
P2, tp=2, ts=2, x0=485435588
P2, tp=2, ts=2, x0=287513944
P3, tp=2, ts=2, x0=456539164
P1, tp=2, ts=2, x0=476130386
P1, tp=2, ts=2, x0=282432678
P1, tp=2, ts=2, x0=450224269
P0, tp=2, ts=2, x0=69956859, x1=43353433
P3, tp=2, ts=2, x0=696704502
P3, tp=2, ts=2, x0=890468341
P1, tp=2, ts=2, x0=830685839
P2, tp=2, ts=2, x0=688669994
P0, tp=2, ts=2, x0=560834326, x1=829467575
P2, tp=2, ts=2, x0=164718677
P2, tp=2, ts=2, x0=696704502
P2, tp=2, ts=2, x0=419963345
P0, tp=2, ts=2, x0=456539164, x1=560834326
P2, tp=2, ts=2, x0=456539164
P3, tp=2, ts=2, x0=390661313
P1, tp=2, ts=2, x0=576906215
P1, tp=2, ts=2, x0=817499930
P1, tp=2, ts=2, x0=179241364
P0, tp=2, ts=2, x0=818013939, x1=530272142
P1, tp=2, ts=2, x0=859563436
P2, tp=2, ts=2, x0=659735246
P0, tp=2, ts=2, x0=353081573, x1=179577391
P1, tp=2, ts=2, x0=957253335
P2, tp=2, ts=2, x0=830685839
P2, tp=2, ts=2, x0=688669994
P3, tp=2, ts=2, x0=498010034
P3, tp=2, ts=2, x0=16571195
P0, tp=2, ts=2, x0=299183796, x1=286136032
P0, tp=2, ts=2, x0=16571195, x1=865139453
P1, tp=2, ts=2, x0=568073121
P1, tp=2, ts=2, x0=836767585
P2, tp=2, ts=2, x0=836767585
P3, tp=2, ts=2, x0=948624636
P0, tp=2, ts=2, x0=760355294, x1=666069912
P2, tp=2, ts=2, x0=914421722
P1, tp=2, ts=2, x0=635466060
P3, tp=2, ts=2, x0=91484462
P0, tp=2, ts=2, x0=859563436, x1=365775564
P3, tp=2, ts=2, x0=580594376
P3, tp=2, ts=2, x0=274133801
P2, tp=2, ts=2, x0=758722199
P1, tp=2, ts=2, x0=239298198
P0, tp=2, ts=2, x0=547689030, x1=299183796
P0, tp=2, ts=2, x0=307747609, x1=140845504
P3, tp=2, ts=2, x0=863936397
P1, tp=2, ts=2, x0=810626819
P3, tp=2, ts=2, x0=865139453
P3, tp=2, ts=2, x0=43353433
P0, tp=2, ts=2, x0=114375686, x1=349069954
P0, tp=2, ts=2, x0=760355294, x1=140845504
P3, tp=2, ts=2, x0=666069912
P2, tp=2, ts=2, x0=576906215
P1, tp=2, ts=2, x0=560834326
P1, tp=2, ts=2, x0=817569936
P0, tp=2, ts=2, x0=760858168, x1=778896462
P2, tp=2, ts=2, x0=528002546
P2, tp=2, ts=2, x0=659735246
P2, tp=2, ts=2, x0=231154087
P1, tp=2, ts=2, x0=528002546
P3, tp=2, ts=2, x0=476130386
P3, tp=2, ts=2, x0=353081573
P3, tp=2, ts=2, x0=70262972
P3, tp=2, ts=2, x0=91484462
P2, tp=2, ts=2, x0=592114432
P2, tp=2, ts=2, x0=135805058
P2, tp=2, ts=2, x0=715723205
P3, tp=2, ts=2, x0=358881560
P1, tp=2, ts=2, x0=498010034
P1, tp=2, ts=2, x0=583191605
P0, tp=2, ts=2, x0=299183796, x1=94793001
P0, tp=2, ts=2, x0=347227054, x1=155225299
P1, tp=2, ts=2, x0=715723205
P3, tp=2, ts=2, x0=817499930
P0, tp=2, ts=2, x0=948624636, x1=242006158
P3, tp=2, ts=2, x0=274133801
P0, tp=2, ts=2, x0=70262972, x1=135805058
P3, tp=2, ts=2, x0=390661313
P2, tp=2, ts=2, x0=82146286
P3, tp=2, ts=2, x0=397440397
P3, tp=2, ts=2, x0=627939908
P3, tp=2, ts=2, x0=560834326
P0, tp=2, ts=2, x0=347227054, x1=818013939
P0, tp=2, ts=2, x0=829467575, x1=688669994
P3, tp=2, ts=2, x0=390661313
P1, tp=2, ts=2, x0=155225299
P0, tp=2, ts=2, x0=530272142, x1=5943
P0, tp=2, ts=2, x0=498010034, x1=242006158
P0, tp=2, ts=2, x0=135805058, x1=830685839
P1, tp=2, ts=2, x0=135805058
P2, tp=2, ts=2, x0=830685839
P3, tp=2, ts=2, x0=242006158
P0, tp=2, ts=2, x0=865139453, x1=990717429
P0, tp=2, ts=2, x0=140845504, x1=87348678
P3, tp=2, ts=2, x0=830685839
P1, tp=2, ts=2, x0=528002546
P1, tp=2, ts=2, x0=659735246
P2, tp=2, ts=2, x0=635466060
P3, tp=2, ts=2, x0=836767585
P2, tp=2, ts=2, x0=195219644
P3, tp=2, ts=2, x0=498010034
P2, tp=2, ts=2, x0=69956859
P3, tp=2, ts=2, x0=819059784
P3, tp=2, ts=2, x0=107287293
P0, tp=2, ts=2, x0=774869215, x1=276056805
P0, tp=2, ts=2, x0=90074205, x1=810626819
P1, tp=2, ts=2, x0=715723205
P3, tp=2, ts=2, x0=576906215
P2, tp=2, ts=2, x0=397440397
P3, tp=2, ts=2, x0=758722199
P0, tp=2, ts=2, x0=347227054, x1=347227054
P3, tp=2, ts=2, x0=87348678
P3, tp=2, ts=2, x0=397440397
P3, tp=2, ts=2, x0=690945555
P3, tp=2, ts=2, x0=450224269
P1, tp=2, ts=2, x0=156465141
P0, tp=2, ts=2, x0=195219644, x1=282432678
P1, tp=2, ts=2, x0=820313487
P0, tp=2, ts=2, x0=191353083, x1=666069912
P2, tp=2, ts=2, x0=690945555
P1, tp=2, ts=2, x0=358881560
P3, tp=2, ts=2, x0=659735246
P1, tp=2, ts=2, x0=818013939
P1, tp=2, ts=2, x0=195219644
P2, tp=2, ts=2, x0=353081573
P2, tp=2, ts=2, x0=543174093
P2, tp=2, ts=2, x0=94793001
P1, tp=2, ts=2, x0=94793001
P2, tp=2, ts=2, x0=778896462
P0, tp=2, ts=2, x0=313000855, x1=107287293
P2, tp=2, ts=2, x0=91484462
P2, tp=2, ts=2, x0=276056805
P1, tp=2, ts=2, x0=688669994
P3, tp=2, ts=2, x0=195219644
P1, tp=2, ts=2, x0=635466060
P0, tp=2, ts=2, x0=428400477, x1=195219644
P1, tp=2, ts=2, x0=853248313
P3, tp=2, ts=2, x0=191353083
P2, tp=2, ts=2, x0=715723205
P0, tp=2, ts=2, x0=751821882, x1=358881560
P2, tp=2, ts=2, x0=347227054
P2, tp=2, ts=2, x0=87348678
P3, tp=2, ts=2, x0=890468341
P1, tp=2, ts=2, x0=135805058
P0, tp=2, ts=2, x0=164718677, x1=914421722
P1, tp=2, ts=2, x0=292801224
P0, tp=2, ts=2, x0=274133801, x1=419963345
P0, tp=2, ts=2, x0=530272142, x1=304455931
P3, tp=2, ts=2, x0=715723205
P0, tp=2, ts=2, x0=357483501, x1=179241364
P0, tp=2, ts=2, x0=41017260, x1=543174093
P2, tp=2, ts=2, x0=560834326
P1, tp=2, ts=2, x0=890468341
P2, tp=2, ts=2, x0=401476346
P1, tp=2, ts=2, x0=365775564
P0, tp=2, ts=2, x0=758722199, x1=688669994
P2, tp=2, ts=2, x0=91484462
P2, tp=2, ts=2, x0=286136032
P1, tp=2, ts=2, x0=271364576
P1, tp=2, ts=2, x0=16571195
P0, tp=2, ts=2, x0=174531847, x1=156465141
P1, tp=2, ts=2, x0=819059784
P1, tp=2, ts=2, x0=853248313
P1, tp=2, ts=2, x0=627939908
P0, tp=2, ts=2, x0=9009958, x1=855124591
P1, tp=2, ts=2, x0=964125546
P2, tp=2, ts=2, x0=895050005
P2, tp=2, ts=2, x0=347227054
P3, tp=2, ts=2, x0=195219644
P0, tp=2, ts=2, x0=817569936, x1=164718677
P0, tp=2, ts=2, x0=778896462, x1=23278693
P0, tp=2, ts=2, x0=774869215, x1=87348678
P2, tp=2, ts=2, x0=820313487
P3, tp=2, ts=2, x0=635466060
P0, tp=2, ts=2, x0=353081573, x1=498010034
P0, tp=2, ts=2, x0=635466060, x1=50340100
P3, tp=2, ts=2, x0=485435588
P2, tp=2, ts=2, x0=231154087
P1, tp=2, ts=2, x0=810626819
P3, tp=2, ts=2, x0=580594376
P1, tp=2, ts=2, x0=384177193
P2, tp=2, ts=2, x0=592114432
P0, tp=2, ts=2, x0=592114432, x1=778896462
P1, tp=2, ts=2, x0=90074205
P1, tp=2, ts=2, x0=16571195
P3, tp=2, ts=2, x0=358881560
P1, tp=2, ts=2, x0=179241364
P3, tp=2, ts=2, x0=760355294
P3, tp=2, ts=2, x0=760858168
P1, tp=2, ts=2, x0=580594376
P3, tp=2, ts=2, x0=450224269
P2, tp=2, ts=2, x0=16571195
P1, tp=2, ts=2, x0=156465141
P1, tp=2, ts=2, x0=191353083
P2, tp=2, ts=2, x0=299183796
P1, tp=2, ts=2, x0=274133801
P3, tp=2, ts=2, x0=179577391
P2, tp=2, ts=2, x0=16571195
P3, tp=2, ts=2, x0=282432678
P0, tp=2, ts=2, x0=50340100, x1=179577391
P2, tp=2, ts=2, x0=635466060
P2, tp=2, ts=2, x0=744376998
P3, tp=2, ts=2, x0=914421722
P2, tp=2, ts=2, x0=276056805
P1, tp=2, ts=2, x0=580594376
P0, tp=2, ts=2, x0=498010034, x1=690945555
P3, tp=2, ts=2, x0=863936397
P0, tp=2, ts=2, x0=990717429, x1=820313487
P1, tp=2, ts=2, x0=23278693
P3, tp=2, ts=2, x0=666069912
P3, tp=2, ts=2, x0=583191605
P2, tp=2, ts=2, x0=592114432
P3, tp=2, ts=2, x0=16571195
P2, tp=2, ts=2, x0=635466060
P2, tp=2, ts=2, x0=659735246
P0, tp=2, ts=2, x0=23278693, x1=911008021
P3, tp=2, ts=2, x0=576906215
P3, tp=2, ts=2, x0=568073121
P1, tp=2, ts=2, x0=271364576
P3, tp=2, ts=2, x0=358881560
P2, tp=2, ts=2, x0=152108441
P1, tp=2, ts=2, x0=5943
P3, tp=2, ts=2, x0=164718677
P2, tp=2, ts=2, x0=914421722
P3, tp=2, ts=2, x0=347227054
P2, tp=2, ts=2, x0=114375686
P1, tp=2, ts=2, x0=274133801
P1, tp=2, ts=2, x0=195219644
P3, tp=2, ts=2, x0=114375686
P0, tp=2, ts=2, x0=140845504, x1=751821882
P1, tp=2, ts=2, x0=90074205
P1, tp=2, ts=2, x0=179577391
P3, tp=2, ts=2, x0=155548109
P2, tp=2, ts=2, x0=797865727
P3, tp=2, ts=2, x0=543174093
P1, tp=2, ts=2, x0=345065294
P1, tp=2, ts=2, x0=430070623
P1, tp=2, ts=2, x0=231154087
P0, tp=2, ts=2, x0=721139557, x1=690945555
P0, tp=2, ts=2, x0=107287293, x1=690945555
P3, tp=2, ts=2, x0=853248313
P1, tp=2, ts=2, x0=155548109
P0, tp=2, ts=2, x0=473052517, x1=580594376
P1, tp=2, ts=2, x0=751821882
P1, tp=2, ts=2, x0=690945555
P3, tp=2, ts=2, x0=861545272
P0, tp=2, ts=2, x0=195219644, x1=760858168
P0, tp=2, ts=2, x0=820313487, x1=895050005
P2, tp=2, ts=2, x0=721139557
P2, tp=2, ts=2, x0=895050005
P1, tp=2, ts=2, x0=863936397
P1, tp=2, ts=2, x0=778896462
P2, tp=2, ts=2, x0=386527365
P2, tp=2, ts=2, x0=271364576
P0, tp=2, ts=2, x0=778896462, x1=114375686
P2, tp=2, ts=2, x0=292801224
P0, tp=2, ts=2, x0=592114432, x1=778896462
P0, tp=2, ts=2, x0=721139557, x1=286136032
P1, tp=2, ts=2, x0=292911051
P3, tp=2, ts=2, x0=911008021
P0, tp=2, ts=2, x0=42900091, x1=498010034
P3, tp=2, ts=2, x0=292911051
P2, tp=2, ts=2, x0=778896462
P2, tp=2, ts=2, x0=174531847
P3, tp=2, ts=2, x0=859563436
P3, tp=2, ts=2, x0=990717429
P0, tp=2, ts=2, x0=819059784, x1=179577391
P2, tp=2, ts=2, x0=179577391
P3, tp=2, ts=2, x0=713711806
P0, tp=2, ts=2, x0=830685839, x1=817499930
P1, tp=2, ts=2, x0=861545272
P3, tp=2, ts=2, x0=760858168
P0, tp=2, ts=2, x0=659735246, x1=274133801
P2, tp=2, ts=2, x0=498010034
P0, tp=2, ts=2, x0=635466060, x1=179241364
P3, tp=2, ts=2, x0=82146286
P3, tp=2, ts=2, x0=271364576
P1, tp=2, ts=2, x0=890468341
P3, tp=2, ts=2, x0=758722199
P0, tp=2, ts=2, x0=156465141, x1=855124591
P3, tp=2, ts=2, x0=135805058
P3, tp=2, ts=2, x0=714335726
P3, tp=2, ts=2, x0=964125546
P2, tp=2, ts=2, x0=82146286
P0, tp=2, ts=2, x0=152108441, x1=91484462
P0, tp=2, ts=2, x0=82146286, x1=349069954
P2, tp=2, ts=2, x0=576906215
P1, tp=2, ts=2, x0=81025596
P0, tp=2, ts=2, x0=722517836, x1=292911051
P0, tp=2, ts=2, x0=140845504, x1=863936397
P0, tp=2, ts=2, x0=233656121, x1=174531847
P1, tp=2, ts=2, x0=406345966
P1, tp=2, ts=2, x0=778896462
P0, tp=2, ts=2, x0=721139557, x1=476130386
P1, tp=2, ts=2, x0=351453074
P2, tp=2, ts=2, x0=659735246
P0, tp=2, ts=2, x0=620741146, x1=174531847
P3, tp=2, ts=2, x0=8152389
P1, tp=2, ts=2, x0=193656790
P0, tp=2, ts=2, x0=42900091, x1=365775564
P0, tp=2, ts=2, x0=498010034, x1=829467575
P3, tp=2, ts=2, x0=42900091
P1, tp=2, ts=2, x0=397440397
P2, tp=2, ts=2, x0=347227054
P1, tp=2, ts=2, x0=568073121
P1, tp=2, ts=2, x0=307747609
P3, tp=2, ts=2, x0=386527365
P0, tp=2, ts=2, x0=82146286, x1=307747609
P3, tp=2, ts=2, x0=592114432
P1, tp=2, ts=2, x0=666069912
P1, tp=2, ts=2, x0=635466060
P1, tp=2, ts=2, x0=964125546
P1, tp=2, ts=2, x0=233656121
P2, tp=2, ts=2, x0=114375686
P1, tp=2, ts=2, x0=140845504
P3, tp=2, ts=2, x0=964125546
P1, tp=2, ts=2, x0=276056805
P2, tp=2, ts=2, x0=179577391
P2, tp=2, ts=2, x0=179577391
P1, tp=2, ts=2, x0=744376998
P3, tp=2, ts=2, x0=26860460
P0, tp=2, ts=2, x0=292911051, x1=358881560
P2, tp=2, ts=2, x0=568073121
P0, tp=2, ts=2, x0=41017260, x1=193656790
P0, tp=2, ts=2, x0=688669994, x1=69956859
P2, tp=2, ts=2, x0=526134650
P2, tp=2, ts=2, x0=397440397
P3, tp=2, ts=2, x0=365775564
P2, tp=2, ts=2, x0=688669994
P1, tp=2, ts=2, x0=114375686
P1, tp=2, ts=2, x0=353081573
P0, tp=2, ts=2, x0=50340100, x1=242006158
P0, tp=2, ts=2, x0=386527365, x1=830685839
P2, tp=2, ts=2, x0=659735246
P1, tp=2, ts=2, x0=135805058
P2, tp=2, ts=2, x0=430070623
P0, tp=2, ts=2, x0=861545272, x1=576906215
P0, tp=2, ts=2, x0=42900091, x1=242006158
P0, tp=2, ts=2, x0=286136032, x1=307747609
P1, tp=2, ts=2, x0=50340100
P1, tp=2, ts=2, x0=160723572
P3, tp=2, ts=2, x0=760355294
P0, tp=2, ts=2, x0=286136032, x1=397440397
P3, tp=2, ts=2, x0=8152389
P3, tp=2, ts=2, x0=620741146
P0, tp=2, ts=2, x0=620741146, x1=242006158
P0, tp=2, ts=2, x0=271364576, x1=406345966
P1, tp=2, ts=2, x0=890468341
P2, tp=2, ts=2, x0=42900091
P3, tp=2, ts=2, x0=846323820
P3, tp=2, ts=2, x0=830685839
P2, tp=2, ts=2, x0=9009958
P1, tp=2, ts=2, x0=174531847
P1, tp=2, ts=2, x0=70262972
P3, tp=2, ts=2, x0=473052517
P3, tp=2, ts=2, x0=94793001
P1, tp=2, ts=2, x0=635466060
P1, tp=2, ts=2, x0=160723572
P2, tp=2, ts=2, x0=635466060
P2, tp=2, ts=2, x0=543174093
P2, tp=2, ts=2, x0=289375385
P2, tp=2, ts=2, x0=774869215
P2, tp=2, ts=2, x0=568073121
P0, tp=2, ts=2, x0=964125546, x1=430070623
P2, tp=2, ts=2, x0=820313487
P2, tp=2, ts=2, x0=155548109
P1, tp=2, ts=2, x0=345065294
P0, tp=2, ts=2, x0=543174093, x1=23278693
P0, tp=2, ts=2, x0=744376998, x1=580594376
P2, tp=2, ts=2, x0=276056805
P2, tp=2, ts=2, x0=160723572
P2, tp=2, ts=2, x0=666069912
P1, tp=2, ts=2, x0=580594376
P1, tp=2, ts=2, x0=8152389
P0, tp=2, ts=2, x0=690945555, x1=94793001
P3, tp=2, ts=2, x0=964125546
P2, tp=2, ts=2, x0=82146286
P0, tp=2, ts=2, x0=528002546, x1=107742758
P1, tp=2, ts=2, x0=195219644
P0, tp=2, ts=2, x0=23278693, x1=863936397
P2, tp=2, ts=2, x0=760355294
P3, tp=2, ts=2, x0=666069912
P2, tp=2, ts=2, x0=81025596
P0, tp=2, ts=2, x0=702300737, x1=358881560
P1, tp=2, ts=2, x0=349069954
P3, tp=2, ts=2, x0=810626819
P3, tp=2, ts=2, x0=507430388
P0, tp=2, ts=2, x0=797865727, x1=307747609
P2, tp=2, ts=2, x0=829467575
P2, tp=2, ts=2, x0=276056805
P0, tp=2, ts=2, x0=890468341, x1=528002546
P1, tp=2, ts=2, x0=751739590
P1, tp=2, ts=2, x0=568073121
P0, tp=2, ts=2, x0=164718677, x1=140845504
P1, tp=2, ts=2, x0=895050005
P1, tp=2, ts=2, x0=498010034
P2, tp=2, ts=2, x0=760858168
P3, tp=2, ts=2, x0=498010034
P0, tp=2, ts=2, x0=702300737, x1=820313487
P0, tp=2, ts=2, x0=193656790, x1=690945555
P1, tp=2, ts=2, x0=990717429
P1, tp=2, ts=2, x0=846323820
P1, tp=2, ts=2, x0=164718677
P2, tp=2, ts=2, x0=473052517
P0, tp=2, ts=2, x0=964125546, x1=274133801
P0, tp=2, ts=2, x0=829467575, x1=830685839
P2, tp=2, ts=2, x0=23278693
P2, tp=2, ts=2, x0=23278693
P1, tp=2, ts=2, x0=628101130
P2, tp=2, ts=2, x0=830685839
P2, tp=2, ts=2, x0=953424700
P1, tp=2, ts=2, x0=810626819
P2, tp=2, ts=2, x0=760355294
P1, tp=2, ts=2, x0=810626819
P3, tp=2, ts=2, x0=82146286
P3, tp=2, ts=2, x0=9009958
P3, tp=2, ts=2, x0=135805058
P2, tp=2, ts=2, x0=819059784
P3, tp=2, ts=2, x0=721139557
P1, tp=2, ts=2, x0=702955027
P2, tp=2, ts=2, x0=94793001
P2, tp=2, ts=2, x0=42900091
P3, tp=2, ts=2, x0=50340100
P3, tp=2, ts=2, x0=863936397
P3, tp=2, ts=2, x0=760858168
P3, tp=2, ts=2, x0=543174093
P3, tp=2, ts=2, x0=817499930
P3, tp=2, ts=2, x0=114375686
P3, tp=2, ts=2, x0=107742758
P0, tp=2, ts=2, x0=91484462, x1=406345966
P0, tp=2, ts=2, x0=5943, x1=26860460
P2, tp=2, ts=2, x0=810626819
P2, tp=2, ts=2, x0=941911282
P2, tp=2, ts=2, x0=231154087
P3, tp=2, ts=2, x0=829467575
P1, tp=2, ts=2, x0=702955027
P2, tp=2, ts=2, x0=276056805
P3, tp=2, ts=2, x0=357483501
P2, tp=2, ts=2, x0=292911051
P2, tp=2, ts=2, x0=583191605
P2, tp=2, ts=2, x0=304455931
P1, tp=2, ts=2, x0=322282226
P3, tp=2, ts=2, x0=384177193
P2, tp=2, ts=2, x0=817569936
P2, tp=2, ts=2, x0=666069912
P1, tp=2, ts=2, x0=114375686
P1, tp=2, ts=2, x0=576906215
P1, tp=2, ts=2, x0=476130386
P2, tp=2, ts=2, x0=135805058
P0, tp=2, ts=2, x0=254989333, x1=174531847
P0, tp=2, ts=2, x0=721139557, x1=160723572
P3, tp=2, ts=2, x0=476130386
P0, tp=2, ts=2, x0=583191605, x1=702300737
P3, tp=2, ts=2, x0=322282226
P2, tp=2, ts=2, x0=179577391
P3, tp=2, ts=2, x0=890468341
P0, tp=2, ts=2, x0=817569936, x1=702955027
P3, tp=2, ts=2, x0=292911051
P0, tp=2, ts=2, x0=358881560, x1=922192765
P3, tp=2, ts=2, x0=304455931
P1, tp=2, ts=2, x0=179241364
P1, tp=3, ts=3, x0=507430388
P0, tp=3, ts=3, x0=276056805, x1=50340100
P1, tp=3, ts=3, x0=990717429
P2, tp=3, ts=3, x0=829467575
P1, tp=3, ts=3, x0=751739590
P1, tp=3, ts=3, x0=9009958
P1, tp=3, ts=3, x0=713579292
P1, tp=3, ts=3, x0=568073121
P1, tp=3, ts=3, x0=797865727
P2, tp=3, ts=3, x0=895050005
P3, tp=3, ts=3, x0=543174093
P1, tp=3, ts=3, x0=5943
P0, tp=3, ts=3, x0=576906215, x1=760355294
P3, tp=3, ts=3, x0=195219644
P1, tp=3, ts=3, x0=507430388
P1, tp=3, ts=3, x0=543174093
P1, tp=3, ts=3, x0=628101130
P0, tp=3, ts=3, x0=721139557, x1=543174093
P0, tp=3, ts=3, x0=953424700, x1=81025596
P1, tp=3, ts=3, x0=155225299
P3, tp=3, ts=3, x0=5943
P3, tp=3, ts=3, x0=23278693
P0, tp=3, ts=3, x0=476130386, x1=347227054
P1, tp=3, ts=3, x0=289375385
P3, tp=3, ts=3, x0=941911282
P0, tp=3, ts=3, x0=307747609, x1=286136032
P0, tp=3, ts=3, x0=70262972, x1=81025596
P1, tp=3, ts=3, x0=286136032
P2, tp=3, ts=3, x0=428400477
P2, tp=3, ts=3, x0=292911051
P0, tp=3, ts=3, x0=507430388, x1=890468341
P3, tp=3, ts=3, x0=543174093
P2, tp=3, ts=3, x0=576349149
P3, tp=3, ts=3, x0=702955027
P3, tp=3, ts=3, x0=592114432
P0, tp=3, ts=3, x0=23278693, x1=568073121
P0, tp=3, ts=3, x0=286136032, x1=473052517
P2, tp=3, ts=3, x0=23278693
P1, tp=3, ts=3, x0=820313487
P0, tp=3, ts=3, x0=576349149, x1=666069912
P0, tp=3, ts=3, x0=597368580, x1=830685839
P2, tp=3, ts=3, x0=41017260
P2, tp=3, ts=3, x0=580594376
P3, tp=3, ts=3, x0=286136032
P1, tp=3, ts=3, x0=23278693
P2, tp=3, ts=3, x0=863936397
P3, tp=3, ts=3, x0=152108441
P2, tp=3, ts=3, x0=861545272
P3, tp=3, ts=3, x0=576349149
P2, tp=3, ts=3, x0=26860460
P0, tp=3, ts=3, x0=26860460, x1=304455931
P2, tp=3, ts=3, x0=135805058
P0, tp=3, ts=3, x0=299183796, x1=774869215
P0, tp=3, ts=3, x0=8152389, x1=347227054
P2, tp=3, ts=3, x0=156465141
P0, tp=3, ts=3, x0=274133801, x1=953424700
P3, tp=3, ts=3, x0=156465141
P0, tp=3, ts=3, x0=365775564, x1=274133801
P0, tp=3, ts=3, x0=861545272, x1=353081573
P0, tp=3, ts=3, x0=912261263, x1=8152389
P3, tp=3, ts=3, x0=8152389
P1, tp=3, ts=3, x0=155225299
P2, tp=3, ts=3, x0=468373969
P0, tp=3, ts=3, x0=468373969, x1=788693511
P1, tp=3, ts=3, x0=143147677
P1, tp=3, ts=3, x0=702300737
P0, tp=3, ts=3, x0=307747609, x1=890468341
P0, tp=3, ts=3, x0=241274520, x1=826658154
P0, tp=3, ts=3, x0=855124591, x1=164718677
P3, tp=3, ts=3, x0=286136032
P0, tp=3, ts=3, x0=347227054, x1=384177193
P1, tp=3, ts=3, x0=233656121
P2, tp=3, ts=3, x0=797865727
P0, tp=3, ts=3, x0=936031920, x1=760858168
P3, tp=3, ts=3, x0=175245603
P0, tp=3, ts=3, x0=164718677, x1=81025596
P2, tp=3, ts=3, x0=829467575
P0, tp=3, ts=3, x0=826658154, x1=175245603
P3, tp=3, ts=3, x0=347227054
P0, tp=3, ts=3, x0=628101130, x1=94793001
P0, tp=3, ts=3, x0=143147677, x1=393695114
P0, tp=3, ts=3, x0=343256943, x1=179577391
P2, tp=3, ts=3, x0=390661313
P0, tp=3, ts=3, x0=810626819, x1=666069912
P2, tp=3, ts=3, x0=233656121
P2, tp=3, ts=3, x0=343256943
P2, tp=3, ts=3, x0=241274520
P0, tp=3, ts=3, x0=216984717, x1=476130386
P3, tp=3, ts=3, x0=140845504
P0, tp=3, ts=3, x0=592114432, x1=155548109
P0, tp=3, ts=3, x0=430070623, x1=351453074
P1, tp=3, ts=3, x0=8152389
P1, tp=3, ts=3, x0=402361894
P3, tp=3, ts=3, x0=307747609
P0, tp=3, ts=3, x0=576906215, x1=384177193
P2, tp=3, ts=3, x0=174531847
P2, tp=3, ts=3, x0=332794731
P0, tp=3, ts=3, x0=193656790, x1=830685839
P1, tp=3, ts=3, x0=912261263
P3, tp=3, ts=3, x0=929621501
P1, tp=3, ts=3, x0=468373969
P2, tp=3, ts=3, x0=386527365
P3, tp=3, ts=3, x0=507430388
P3, tp=3, ts=3, x0=357483501
P0, tp=3, ts=3, x0=231154087, x1=164718677
P3, tp=3, ts=3, x0=391780979
P3, tp=3, ts=3, x0=583191605
P1, tp=3, ts=3, x0=760858168
P1, tp=3, ts=3, x0=8152389
P2, tp=3, ts=3, x0=322282226
P1, tp=3, ts=3, x0=751821882
P2, tp=3, ts=3, x0=583191605
P0, tp=3, ts=3, x0=343256943, x1=299183796
P1, tp=3, ts=3, x0=5943
P3, tp=3, ts=3, x0=299183796
P0, tp=3, ts=3, x0=820313487, x1=820313487
P2, tp=3, ts=3, x0=365775564
P1, tp=3, ts=3, x0=23278693
P2, tp=3, ts=3, x0=406345966
P2, tp=3, ts=3, x0=713711806
P0, tp=3, ts=3, x0=269860718, x1=292911051
P0, tp=3, ts=3, x0=810626819, x1=810626819
P3, tp=3, ts=3, x0=241274520
P0, tp=3, ts=3, x0=690945555, x1=343256943
P0, tp=3, ts=3, x0=666069912, x1=233656121
P3, tp=3, ts=3, x0=81025596
P3, tp=3, ts=3, x0=140845504
P2, tp=3, ts=3, x0=829467575
P3, tp=3, ts=3, x0=160723572
P3, tp=3, ts=3, x0=193656790
P0, tp=3, ts=3, x0=12079716, x1=393695114
P1, tp=3, ts=3, x0=156465141
P3, tp=3, ts=3, x0=289375385
P0, tp=3, ts=3, x0=193656790, x1=964125546
P3, tp=3, ts=3, x0=254989333
P2, tp=3, ts=3, x0=143147677
P2, tp=3, ts=3, x0=25847941
P3, tp=3, ts=3, x0=702300737
P3, tp=3, ts=3, x0=390661313
P2, tp=3, ts=3, x0=826658154
P3, tp=3, ts=3, x0=576349149
P3, tp=3, ts=3, x0=70262972
P3, tp=3, ts=3, x0=751739590
P1, tp=3, ts=3, x0=768676076
P0, tp=3, ts=3, x0=175245603, x1=760858168
P0, tp=3, ts=3, x0=81025596, x1=152108441
P1, tp=3, ts=3, x0=473052517
P2, tp=3, ts=3, x0=289375385
P1, tp=3, ts=3, x0=922192765
P1, tp=3, ts=3, x0=182490672
P3, tp=3, ts=3, x0=384177193
P2, tp=3, ts=3, x0=507430388
P3, tp=3, ts=3, x0=135805058
P1, tp=3, ts=3, x0=702955027
P3, tp=3, ts=3, x0=26860460
P2, tp=3, ts=3, x0=524244793
P2, tp=3, ts=3, x0=760858168
P2, tp=3, ts=3, x0=528002546
P1, tp=3, ts=3, x0=365775564
P3, tp=3, ts=3, x0=576906215
P2, tp=3, ts=3, x0=233656121
P2, tp=3, ts=3, x0=507430388
P1, tp=3, ts=3, x0=191353083
P3, tp=3, ts=3, x0=713579292
P0, tp=3, ts=3, x0=760355294, x1=155548109
P1, tp=3, ts=3, x0=797865727
P3, tp=3, ts=3, x0=628101130
P0, tp=3, ts=3, x0=922192765, x1=829467575
P2, tp=3, ts=3, x0=576349149
P3, tp=3, ts=3, x0=846323820
P1, tp=3, ts=3, x0=357483501
P2, tp=3, ts=3, x0=941911282
P1, tp=3, ts=3, x0=393695114
P2, tp=3, ts=3, x0=217234741
P1, tp=3, ts=3, x0=254989333
P3, tp=3, ts=3, x0=155548109
P0, tp=3, ts=3, x0=216984717, x1=890468341
P0, tp=3, ts=3, x0=829467575, x1=855124591
P2, tp=3, ts=3, x0=402361894
P0, tp=3, ts=3, x0=160723572, x1=929621501
P2, tp=3, ts=3, x0=216984717
P1, tp=3, ts=3, x0=442273573
P0, tp=3, ts=3, x0=990717429, x1=760858168
P3, tp=3, ts=3, x0=70262972
P2, tp=3, ts=3, x0=744376998
P1, tp=3, ts=3, x0=468373969
P0, tp=3, ts=3, x0=768676076, x1=90074205
P3, tp=3, ts=3, x0=557979160
P2, tp=3, ts=3, x0=929621501
P2, tp=3, ts=3, x0=751821882
P2, tp=3, ts=3, x0=107742758
P2, tp=3, ts=3, x0=532672023
P2, tp=3, ts=3, x0=292911051
P0, tp=3, ts=3, x0=978093450, x1=357483501
P2, tp=3, ts=3, x0=922192765
P1, tp=3, ts=3, x0=259374227
P0, tp=3, ts=3, x0=289375385, x1=468373969
P0, tp=3, ts=3, x0=528002546, x1=507430388
P3, tp=3, ts=3, x0=274366280
P1, tp=3, ts=3, x0=12079716
P2, tp=3, ts=3, x0=343256943
P3, tp=3, ts=3, x0=528002546
P0, tp=3, ts=3, x0=390661313, x1=722517836
P3, tp=3, ts=3, x0=216984717
P2, tp=3, ts=3, x0=143147677
P0, tp=3, ts=3, x0=90074205, x1=406345966
P1, tp=3, ts=3, x0=8152389
P1, tp=3, ts=3, x0=826658154
P1, tp=3, ts=3, x0=861545272
P1, tp=3, ts=3, x0=390661313
P0, tp=3, ts=3, x0=861545272, x1=164718677
P2, tp=3, ts=3, x0=526134650
P0, tp=3, ts=3, x0=620741146, x1=284883598
P3, tp=3, ts=3, x0=140845504
P2, tp=3, ts=3, x0=241274520
P2, tp=3, ts=3, x0=830685839
P0, tp=3, ts=3, x0=690945555, x1=288423839
P3, tp=3, ts=3, x0=322282226
P2, tp=3, ts=3, x0=810626819
P3, tp=3, ts=3, x0=217234741
P0, tp=3, ts=3, x0=714335726, x1=953424700
P2, tp=3, ts=3, x0=688669994
P2, tp=3, ts=3, x0=430070623
P2, tp=3, ts=3, x0=26860460
P2, tp=3, ts=3, x0=902214288
P2, tp=3, ts=3, x0=744376998
P3, tp=3, ts=3, x0=254989333
P1, tp=3, ts=3, x0=289375385
P0, tp=3, ts=3, x0=143147677, x1=292911051
P1, tp=3, ts=3, x0=702300737
P3, tp=3, ts=3, x0=365775564
P2, tp=3, ts=3, x0=216984717
P0, tp=3, ts=3, x0=343256943, x1=964125546
P1, tp=3, ts=3, x0=259374227
P0, tp=3, ts=3, x0=820313487, x1=191353083
P0, tp=3, ts=3, x0=628101130, x1=365775564
P3, tp=3, ts=3, x0=24147091
P3, tp=3, ts=3, x0=668177309
P0, tp=3, ts=3, x0=922192765, x1=751739590
P3, tp=3, ts=3, x0=953424700
P2, tp=3, ts=3, x0=216984717
P2, tp=3, ts=3, x0=861545272
P3, tp=3, ts=3, x0=107742758
P3, tp=3, ts=3, x0=374141174
P0, tp=3, ts=3, x0=164718677, x1=25847941
P0, tp=3, ts=3, x0=713579292, x1=288423839
P1, tp=3, ts=3, x0=826658154
P1, tp=3, ts=3, x0=532672023
P2, tp=3, ts=3, x0=292911051
P1, tp=3, ts=3, x0=468373969
P0, tp=3, ts=3, x0=507430388, x1=532672023
P1, tp=3, ts=3, x0=290015491
P1, tp=3, ts=3, x0=175245603
P3, tp=3, ts=3, x0=402361894
P3, tp=3, ts=3, x0=702300737
P3, tp=3, ts=3, x0=152108441
P2, tp=3, ts=3, x0=269860718
P0, tp=3, ts=3, x0=978093450, x1=702955027
P0, tp=3, ts=3, x0=816575475, x1=23278693
P0, tp=3, ts=3, x0=241274520, x1=442273573
P3, tp=3, ts=3, x0=702955027
P3, tp=3, ts=3, x0=191353083
P3, tp=3, ts=3, x0=241274520
P0, tp=3, ts=3, x0=365775564, x1=922192765
P2, tp=3, ts=3, x0=217234741
P3, tp=3, ts=3, x0=532672023
P1, tp=3, ts=3, x0=351453074
P2, tp=3, ts=3, x0=499671516
P2, tp=3, ts=3, x0=528002546
P2, tp=3, ts=3, x0=499671516
P1, tp=3, ts=3, x0=936031920
P0, tp=3, ts=3, x0=175245603, x1=384177193
P2, tp=3, ts=3, x0=406345966
P0, tp=3, ts=3, x0=468373969, x1=953424700
P2, tp=3, ts=3, x0=826658154
P3, tp=3, ts=3, x0=688669994
P1, tp=3, ts=3, x0=576906215
P3, tp=3, ts=3, x0=179577391
P1, tp=3, ts=3, x0=90074205
P1, tp=3, ts=3, x0=829467575
P2, tp=3, ts=3, x0=722517836
P1, tp=3, ts=3, x0=17971017
P0, tp=3, ts=3, x0=978093450, x1=269860718
P1, tp=3, ts=3, x0=430070623
P3, tp=3, ts=3, x0=114375686
P1, tp=3, ts=3, x0=114375686
P2, tp=3, ts=3, x0=834924130
P1, tp=3, ts=3, x0=191353083
P2, tp=3, ts=3, x0=406345966
P2, tp=3, ts=3, x0=348603372
P1, tp=3, ts=3, x0=179577391
P0, tp=3, ts=3, x0=155225299, x1=391780979
P2, tp=3, ts=3, x0=155225299
P3, tp=3, ts=3, x0=722517836
P3, tp=3, ts=3, x0=191353083
P3, tp=3, ts=3, x0=442273573
P0, tp=3, ts=3, x0=288423839, x1=391780979
P0, tp=3, ts=3, x0=175245603, x1=8152389
P0, tp=3, ts=3, x0=826658154, x1=702300737
P1, tp=3, ts=3, x0=164718677
P3, tp=3, ts=3, x0=140845504
P0, tp=3, ts=3, x0=155548109, x1=834924130
P0, tp=3, ts=3, x0=576349149, x1=741333991
P1, tp=3, ts=3, x0=741333991
P3, tp=3, ts=3, x0=741333991
P2, tp=3, ts=3, x0=751739590
P1, tp=3, ts=3, x0=751821882
P2, tp=3, ts=3, x0=374141174
P2, tp=3, ts=3, x0=668177309
P0, tp=3, ts=3, x0=557979160, x1=391780979
P2, tp=3, ts=3, x0=217234741
P0, tp=3, ts=3, x0=499671516, x1=332794731
P2, tp=3, ts=3, x0=406345966
P0, tp=3, ts=3, x0=751739590, x1=936031920
P1, tp=3, ts=3, x0=156465141
P3, tp=3, ts=3, x0=210178946
P1, tp=3, ts=3, x0=25847941
P1, tp=3, ts=3, x0=8152389
P1, tp=3, ts=3, x0=788693511
P0, tp=3, ts=3, x0=259374227, x1=241274520
P1, tp=3, ts=3, x0=499671516
P3, tp=3, ts=3, x0=912261263
P2, tp=3, ts=3, x0=254989333
P2, tp=3, ts=3, x0=741366095
P1, tp=3, ts=3, x0=788693511
P3, tp=3, ts=3, x0=332794731
P0, tp=3, ts=3, x0=597368580, x1=175245603
P3, tp=3, ts=3, x0=90074205
P3, tp=3, ts=3, x0=269860718
P3, tp=3, ts=3, x0=5943
P3, tp=3, ts=3, x0=499671516
P1, tp=3, ts=3, x0=989717022
P3, tp=3, ts=3, x0=357483501
P3, tp=3, ts=3, x0=763512129
P0, tp=3, ts=3, x0=826658154, x1=516597723
P2, tp=3, ts=3, x0=797865727
P2, tp=3, ts=3, x0=402361894
P0, tp=3, ts=3, x0=735312211, x1=816575475
P2, tp=3, ts=3, x0=947694792
P1, tp=3, ts=3, x0=216984717
P1, tp=3, ts=3, x0=384177193
P1, tp=3, ts=3, x0=26860460
P1, tp=3, ts=3, x0=941911282
P1, tp=3, ts=3, x0=576349149
P3, tp=3, ts=3, x0=24147091
P1, tp=3, ts=3, x0=690945555
P1, tp=3, ts=3, x0=668177309
P1, tp=3, ts=3, x0=81025596
P3, tp=3, ts=3, x0=241274520
P0, tp=3, ts=3, x0=583191605, x1=532672023
P3, tp=3, ts=3, x0=160723572
P1, tp=3, ts=3, x0=506382430
P2, tp=3, ts=3, x0=797865727
P0, tp=3, ts=3, x0=389551132, x1=5943
P3, tp=3, ts=3, x0=17971017
P1, tp=3, ts=3, x0=259374227
P3, tp=3, ts=3, x0=668177309
P2, tp=3, ts=3, x0=160723572
P2, tp=3, ts=3, x0=713579292
P0, tp=3, ts=3, x0=668177309, x1=12079716
P2, tp=3, ts=3, x0=217234741
P0, tp=3, ts=3, x0=604788828, x1=81025596
P3, tp=3, ts=3, x0=241274520
P0, tp=3, ts=3, x0=714335726, x1=25847941
P2, tp=3, ts=3, x0=217234741
P0, tp=3, ts=3, x0=855124591, x1=357247781
P1, tp=3, ts=3, x0=521629767
P0, tp=3, ts=3, x0=532672023, x1=978093450
P2, tp=3, ts=3, x0=788693511
P2, tp=3, ts=3, x0=210178946
P2, tp=3, ts=3, x0=964125546
P0, tp=3, ts=3, x0=289375385, x1=713579292
P1, tp=3, ts=3, x0=288423839
P1, tp=3, ts=3, x0=182490672
P2, tp=3, ts=3, x0=763512129
P1, tp=3, ts=3, x0=989717022
P1, tp=3, ts=3, x0=507430388
P3, tp=3, ts=3, x0=182490672
P1, tp=3, ts=3, x0=836770281
P0, tp=3, ts=3, x0=25847941, x1=197438191
P2, tp=3, ts=3, x0=893862227
P1, tp=3, ts=3, x0=834924130
P1, tp=3, ts=3, x0=620741146
P2, tp=3, ts=3, x0=8152389
P0, tp=3, ts=3, x0=348603372, x1=713579292
P0, tp=3, ts=3, x0=210178946, x1=861545272
P1, tp=3, ts=3, x0=902214288
P3, tp=3, ts=3, x0=259374227
P3, tp=3, ts=3, x0=26860460
P2, tp=3, ts=3, x0=332794731
P1, tp=3, ts=3, x0=526134650
P3, tp=3, ts=3, x0=506382430
P0, tp=3, ts=3, x0=722517836, x1=357483501
P2, tp=3, ts=3, x0=12079716
P0, tp=3, ts=3, x0=193656790, x1=826658154
P2, tp=3, ts=3, x0=143147677
P2, tp=3, ts=3, x0=259374227
P0, tp=3, ts=3, x0=12079716, x1=106310220
P3, tp=3, ts=3, x0=118618370
P2, tp=3, ts=3, x0=964125546
P1, tp=3, ts=3, x0=430070623
P1, tp=3, ts=3, x0=526134650
P0, tp=3, ts=3, x0=524489671, x1=516597723
P0, tp=3, ts=3, x0=143147677, x1=81025596
P0, tp=3, ts=3, x0=524244793, x1=702955027
P3, tp=3, ts=3, x0=989717022
P1, tp=3, ts=3, x0=210178946
P3, tp=3, ts=3, x0=160723572
P1, tp=3, ts=3, x0=902214288
P1, tp=3, ts=3, x0=26860460
P3, tp=3, ts=3, x0=393695114
P0, tp=3, ts=3, x0=834924130, x1=107742758
P0, tp=3, ts=3, x0=249338976, x1=374141174
P1, tp=3, ts=3, x0=182490672
P2, tp=3, ts=3, x0=797865727
P0, tp=3, ts=3, x0=702300737, x1=836770281
P2, tp=3, ts=3, x0=964125546
P3, tp=3, ts=3, x0=389551132
P2, tp=3, ts=3, x0=25847941
P2, tp=3, ts=3, x0=406345966
P0, tp=3, ts=3, x0=78814145, x1=744376998
P2, tp=3, ts=3, x0=521629767
P3, tp=3, ts=3, x0=532672023
P2, tp=3, ts=3, x0=402361894
P2, tp=3, ts=3, x0=283691082
P3, tp=3, ts=3, x0=384177193
P2, tp=3, ts=3, x0=788693511
P1, tp=3, ts=3, x0=254989333
P2, tp=3, ts=3, x0=702300737
P1, tp=3, ts=3, x0=289375385
P2, tp=3, ts=3, x0=374141174
P3, tp=3, ts=3, x0=526134650
P0, tp=3, ts=3, x0=912261263, x1=506382430
P2, tp=3, ts=3, x0=78814145
P2, tp=3, ts=3, x0=922192765
P3, tp=3, ts=3, x0=160723572
P3, tp=3, ts=3, x0=292911051
P0, tp=3, ts=3, x0=160723572, x1=902214288
P2, tp=3, ts=3, x0=524244793
P2, tp=3, ts=3, x0=442273573
P1, tp=3, ts=3, x0=81025596
P0, tp=3, ts=3, x0=8152389, x1=318199095
P1, tp=3, ts=3, x0=826658154
P1, tp=3, ts=3, x0=468373969
P2, tp=3, ts=3, x0=318199095
P0, tp=3, ts=3, x0=259374227, x1=249338976
P2, tp=3, ts=3, x0=402361894
P3, tp=3, ts=3, x0=473052517
P3, tp=3, ts=3, x0=391780979
P2, tp=3, ts=3, x0=393695114
P0, tp=3, ts=3, x0=183324264, x1=516597723
P2, tp=3, ts=3, x0=713711806
P0, tp=3, ts=3, x0=259374227, x1=526134650
P2, tp=3, ts=3, x0=442273573
P2, tp=3, ts=3, x0=702300737
P0, tp=3, ts=3, x0=107742758, x1=473052517
P2, tp=3, ts=3, x0=406345966
P3, tp=3, ts=3, x0=290015491
P2, tp=3, ts=3, x0=922192765
P1, tp=3, ts=3, x0=521629767
P1, tp=3, ts=3, x0=702955027
P2, tp=3, ts=3, x0=668177309
P2, tp=3, ts=3, x0=788693511
P3, tp=3, ts=3, x0=816575475
P0, tp=3, ts=3, x0=430070623, x1=241274520
P1, tp=3, ts=3, x0=155548109
P2, tp=3, ts=3, x0=713711806
P2, tp=3, ts=3, x0=731865063
P2, tp=3, ts=3, x0=389551132
P3, tp=3, ts=3, x0=953424700
P2, tp=3, ts=3, x0=175245603
P0, tp=3, ts=3, x0=620741146, x1=521629767
P2, tp=3, ts=3, x0=343256943
P2, tp=3, ts=3, x0=735312211
P2, tp=3, ts=3, x0=348603372
P2, tp=3, ts=3, x0=118618370
P0, tp=3, ts=3, x0=816575475, x1=978093450
P0, tp=3, ts=3, x0=507430388, x1=668177309
P2, tp=3, ts=3, x0=292911051
P0, tp=3, ts=3, x0=714335726, x1=357247781
P1, tp=3, ts=3, x0=406345966
P2, tp=3, ts=3, x0=24147091
P0, tp=3, ts=3, x0=526134650, x1=861545272
P0, tp=3, ts=3, x0=507430388, x1=430070623
P0, tp=3, ts=3, x0=26860460, x1=751739590
P2, tp=3, ts=3, x0=406345966
P0, tp=3, ts=3, x0=233656121, x1=155548109
P2, tp=3, ts=3, x0=524489671
P3, tp=3, ts=3, x0=922192765
P0, tp=3, ts=3, x0=78814145, x1=290015491
P0, tp=3, ts=3, x0=402361894, x1=182490672
P0, tp=3, ts=3, x0=597368580, x1=406345966
P0, tp=3, ts=3, x0=78814145, x1=473052517
P3, tp=3, ts=3, x0=143147677
P1, tp=3, ts=3, x0=922192765
P3, tp=3, ts=3, x0=526134650
P1, tp=3, ts=3, x0=241274520
P0, tp=3, ts=3, x0=713579292, x1=249338976
P2, tp=3, ts=3, x0=78814145
P1, tp=3, ts=3, x0=751739590
P3, tp=3, ts=3, x0=197438191
P1, tp=3, ts=3, x0=217234741
P1, tp=3, ts=3, x0=406345966
P0, tp=3, ts=3, x0=351453074, x1=216984717
P2, tp=3, ts=3, x0=253158667
P1, tp=3, ts=3, x0=751739590
P0, tp=3, ts=3, x0=274366280, x1=249338976
P3, tp=3, ts=3, x0=722517836
P0, tp=3, ts=3, x0=417730769, x1=402361894
P1, tp=3, ts=3, x0=241274520
P0, tp=3, ts=3, x0=741333991, x1=516597723
P0, tp=3, ts=3, x0=292911051, x1=289375385
P3, tp=3, ts=3, x0=816575475
P3, tp=3, ts=3, x0=24147091
P0, tp=3, ts=3, x0=620741146, x1=532672023
P3, tp=3, ts=3, x0=557979160
P2, tp=3, ts=3, x0=816575475
P1, tp=3, ts=3, x0=406345966
P0, tp=3, ts=3, x0=25847941, x1=25847941
P0, tp=3, ts=3, x0=283691082, x1=292911051
P2, tp=3, ts=3, x0=735312211
P0, tp=3, ts=3, x0=826658154, x1=210178946
P2, tp=3, ts=3, x0=118618370
P3, tp=3, ts=3, x0=24147091
P0, tp=3, ts=3, x0=288423839, x1=947694792
P0, tp=3, ts=3, x0=17971017, x1=292911051
P3, tp=3, ts=3, x0=393695114
P0, tp=3, ts=3, x0=978093450, x1=526134650
P1, tp=3, ts=3, x0=160723572
P1, tp=3, ts=3, x0=741366095
P2, tp=3, ts=3, x0=713579292
P1, tp=3, ts=3, x0=893862227
P3, tp=3, ts=3, x0=389551132
P3, tp=3, ts=3, x0=722517836
P1, tp=3, ts=3, x0=106310220
P3, tp=3, ts=3, x0=507430388
P1, tp=3, ts=3, x0=322282226
P2, tp=3, ts=3, x0=953424700
P1, tp=3, ts=3, x0=826658154
P0, tp=3, ts=3, x0=374141174, x1=597368580
P3, tp=3, ts=3, x0=834924130
P2, tp=3, ts=3, x0=289375385
P2, tp=3, ts=3, x0=357247781
P0, tp=3, ts=3, x0=82136293, x1=668177309
P1, tp=3, ts=3, x0=197438191
P2, tp=3, ts=3, x0=343256943
P1, tp=3, ts=3, x0=389551132
P3, tp=3, ts=3, x0=175245603
P2, tp=3, ts=3, x0=106310220
P1, tp=3, ts=3, x0=160723572
P2, tp=3, ts=3, x0=417730769
P2, tp=3, ts=3, x0=846323820
P2, tp=3, ts=3, x0=318199095
P3, tp=3, ts=3, x0=499671516
P1, tp=3, ts=3, x0=289375385
P1, tp=3, ts=3, x0=442273573
P1, tp=3, ts=3, x0=193656790
P0, tp=3, ts=3, x0=216984717, x1=357247781
P3, tp=3, ts=3, x0=233656121
P2, tp=3, ts=3, x0=714335726
P0, tp=3, ts=3, x0=8152389, x1=953424700
P0, tp=3, ts=3, x0=978093450, x1=274366280
P3, tp=3, ts=3, x0=912261263
P1, tp=3, ts=3, x0=826658154
P1, tp=3, ts=3, x0=106310220
P3, tp=3, ts=3, x0=480401630
P2, tp=3, ts=3, x0=893862227
P2, tp=3, ts=3, x0=468373969
P0, tp=3, ts=3, x0=8152389, x1=118618370
P1, tp=3, ts=3, x0=24147091
P0, tp=3, ts=3, x0=576349149, x1=351453074
P0, tp=3, ts=3, x0=521629767, x1=714865660
P2, tp=3, ts=3, x0=12079716
P1, tp=3, ts=3, x0=357247781
P0, tp=3, ts=3, x0=81025596, x1=216984717
P1, tp=3, ts=3, x0=922192765
P1, tp=3, ts=3, x0=182490672
P3, tp=3, ts=3, x0=628101130
P3, tp=3, ts=3, x0=741366095
P0, tp=3, ts=3, x0=929621501, x1=374141174
P1, tp=3, ts=3, x0=929621501
P2, tp=3, ts=3, x0=357247781
P2, tp=3, ts=3, x0=210178946
P1, tp=3, ts=3, x0=735312211
P2, tp=3, ts=3, x0=953424700
P0, tp=3, ts=3, x0=210178946, x1=301121505
P0, tp=3, ts=3, x0=351453074, x1=254989333
P0, tp=3, ts=3, x0=389551132, x1=253158667
P0, tp=3, ts=3, x0=318199095, x1=524489671
P3, tp=3, ts=3, x0=160723572
P0, tp=3, ts=3, x0=893862227, x1=343256943
P2, tp=3, ts=3, x0=193656790
P2, tp=3, ts=3, x0=348603372
P3, tp=3, ts=3, x0=254989333
P3, tp=3, ts=3, x0=763512129
P2, tp=3, ts=3, x0=393695114
P2, tp=3, ts=3, x0=557979160
P0, tp=3, ts=3, x0=322282226, x1=702300737
P1, tp=3, ts=3, x0=389551132
P2, tp=3, ts=3, x0=283691082
P0, tp=3, ts=3, x0=107742758, x1=597368580
P3, tp=3, ts=3, x0=994447149
P1, tp=3, ts=3, x0=348603372
P3, tp=3, ts=3, x0=25847941
P0, tp=3, ts=3, x0=217234741, x1=741333991
P3, tp=3, ts=3, x0=714531378
P1, tp=3, ts=3, x0=598436321
P0, tp=3, ts=3, x0=516597723, x1=12079716
P2, tp=3, ts=3, x0=922192765
P0, tp=3, ts=3, x0=737714769, x1=929621501
P0, tp=3, ts=3, x0=526134650, x1=714865660
P1, tp=3, ts=3, x0=216984717
P1, tp=3, ts=3, x0=714531378
P3, tp=3, ts=3, x0=506382430
P1, tp=3, ts=3, x0=846323820
P3, tp=3, ts=3, x0=289375385
P0, tp=3, ts=3, x0=763512129, x1=17971017
P1, tp=3, ts=3, x0=329512743
P1, tp=3, ts=3, x0=783659908
P0, tp=3, ts=3, x0=332794731, x1=253158667
P2, tp=3, ts=3, x0=249338976
P0, tp=3, ts=3, x0=183324264, x1=301121505
P3, tp=3, ts=3, x0=301121505
P2, tp=3, ts=3, x0=953424700
P1, tp=3, ts=3, x0=620741146
P1, tp=3, ts=3, x0=329512743
P3, tp=3, ts=3, x0=26860460
P3, tp=3, ts=3, x0=893862227
P2, tp=3, ts=3, x0=768676076
P0, tp=3, ts=3, x0=978093450, x1=442273573
P1, tp=3, ts=3, x0=826658154
P2, tp=3, ts=3, x0=902214288
P2, tp=3, ts=3, x0=929621501
P3, tp=3, ts=3, x0=620741146
P3, tp=3, ts=3, x0=994447149
P3, tp=3, ts=3, x0=702955027
P0, tp=3, ts=3, x0=241274520, x1=737714769
P3, tp=3, ts=3, x0=26860460
P2, tp=3, ts=3, x0=259374227
P0, tp=3, ts=3, x0=741366095, x1=989717022
P3, tp=3, ts=3, x0=846323820
P2, tp=3, ts=3, x0=507430388
P1, tp=3, ts=3, x0=393695114
P1, tp=3, ts=3, x0=183324264
P3, tp=3, ts=3, x0=284883598
P2, tp=3, ts=3, x0=332794731
P3, tp=3, ts=3, x0=846323820
P2, tp=3, ts=3, x0=402361894
P1, tp=3, ts=3, x0=788693511
P3, tp=3, ts=3, x0=994447149
P3, tp=3, ts=3, x0=702300737
P0, tp=3, ts=3, x0=259374227, x1=290015491
P3, tp=3, ts=3, x0=521629767
P0, tp=3, ts=3, x0=274366280, x1=12079716
P1, tp=3, ts=3, x0=391780979
P2, tp=3, ts=3, x0=848697260
P1, tp=3, ts=3, x0=788693511
P3, tp=3, ts=3, x0=668177309
P0, tp=3, ts=3, x0=468373969, x1=160723572
P2, tp=3, ts=3, x0=283691082
P3, tp=3, ts=3, x0=735312211
P3, tp=3, ts=3, x0=836770281
P3, tp=3, ts=3, x0=929621501
P1, tp=3, ts=3, x0=175245603
P2, tp=3, ts=3, x0=118618370
P0, tp=3, ts=3, x0=175245603, x1=389551132
P2, tp=3, ts=3, x0=557979160
P0, tp=3, ts=3, x0=402361894, x1=714531378
P2, tp=3, ts=3, x0=402361894
P0, tp=3, ts=3, x0=329512743, x1=389551132
P2, tp=3, ts=3, x0=480401630
P1, tp=3, ts=3, x0=391780979
P3, tp=3, ts=3, x0=714531378
P0, tp=3, ts=3, x0=216984717, x1=160723572
P0, tp=3, ts=3, x0=912261263, x1=284883598
P1, tp=3, ts=3, x0=524489671
P3, tp=3, ts=3, x0=532672023
P0, tp=3, ts=3, x0=254989333, x1=506382430
P0, tp=3, ts=3, x0=198565719, x1=24147091
P1, tp=3, ts=3, x0=763512129
P2, tp=3, ts=3, x0=902214288
P0, tp=3, ts=3, x0=402361894, x1=210178946
P1, tp=3, ts=3, x0=922192765
P0, tp=3, ts=3, x0=329512743, x1=197438191
P1, tp=3, ts=3, x0=393695114
P0, tp=3, ts=3, x0=290015491, x1=26860460
P2, tp=3, ts=3, x0=107742758
P1, tp=3, ts=3, x0=259374227
P0, tp=3, ts=3, x0=393695114, x1=274366280
P0, tp=3, ts=3, x0=524489671, x1=826658154
P2, tp=3, ts=3, x0=978093450
P2, tp=3, ts=3, x0=576349149
P0, tp=3, ts=3, x0=737714769, x1=442273573
P2, tp=3, ts=3, x0=107742758
P2, tp=3, ts=3, x0=735312211
P3, tp=3, ts=3, x0=902214288
P1, tp=3, ts=3, x0=20111226
P3, tp=3, ts=3, x0=468373969
P2, tp=3, ts=3, x0=628453384
P2, tp=3, ts=3, x0=846323820
P0, tp=3, ts=3, x0=374141174, x1=314490622
P0, tp=3, ts=3, x0=826658154, x1=763512129
P3, tp=3, ts=3, x0=283691082
P3, tp=3, ts=3, x0=78814145
P3, tp=3, ts=3, x0=929621501
P3, tp=3, ts=3, x0=153488987
P1, tp=3, ts=3, x0=78814145
P0, tp=3, ts=3, x0=816575475, x1=20111226
P1, tp=3, ts=3, x0=499671516
P1, tp=3, ts=3, x0=197438191
P0, tp=3, ts=3, x0=106310220, x1=741366095
P3, tp=3, ts=3, x0=44568318
P2, tp=3, ts=3, x0=82136293
P1, tp=3, ts=3, x0=836770281
P2, tp=3, ts=3, x0=668177309
P0, tp=3, ts=3, x0=17971017, x1=714531378
P0, tp=3, ts=3, x0=598436321, x1=714531378
P0, tp=3, ts=3, x0=322282226, x1=269860718
P3, tp=3, ts=3, x0=936031920
P2, tp=3, ts=3, x0=521629767
P1, tp=3, ts=3, x0=929621501
P2, tp=3, ts=3, x0=768676076
P2, tp=3, ts=3, x0=314490622
P1, tp=3, ts=3, x0=393695114
P2, tp=3, ts=3, x0=198565719
P2, tp=3, ts=3, x0=153488987
P0, tp=3, ts=3, x0=836770281, x1=374141174
P2, tp=3, ts=3, x0=468373969
P2, tp=3, ts=3, x0=702300737
P2, tp=3, ts=3, x0=788693511
P3, tp=3, ts=3, x0=468373969
P2, tp=3, ts=3, x0=922192765
P0, tp=3, ts=3, x0=468373969, x1=713579292
P1, tp=3, ts=3, x0=751739590
P2, tp=3, ts=3, x0=788693511
P3, tp=3, ts=3, x0=893862227
P2, tp=3, ts=3, x0=604788828
P2, tp=3, ts=3, x0=210178946
P0, tp=3, ts=3, x0=12079716, x1=768676076
P2, tp=3, ts=3, x0=20111226
P1, tp=3, ts=3, x0=994447149
P2, tp=3, ts=3, x0=357247781
P3, tp=3, ts=3, x0=912261263
P1, tp=3, ts=3, x0=879171845
P3, tp=3, ts=3, x0=17971017
P3, tp=3, ts=3, x0=597368580
P0, tp=3, ts=3, x0=532672023, x1=332794731
P2, tp=3, ts=3, x0=532672023
P0, tp=3, ts=3, x0=315387163, x1=322282226
P3, tp=3, ts=3, x0=524489671
P1, tp=3, ts=3, x0=947694792
P1, tp=3, ts=3, x0=559644849
P3, tp=3, ts=3, x0=274366280
P1, tp=3, ts=3, x0=269860718
P2, tp=3, ts=3, x0=175245603
P0, tp=3, ts=3, x0=978093450, x1=816575475
P3, tp=3, ts=3, x0=978093450
P1, tp=3, ts=3, x0=978093450
P2, tp=3, ts=3, x0=896408419
P3, tp=3, ts=3, x0=216984717
P0, tp=3, ts=3, x0=840998338, x1=283691082
P1, tp=3, ts=3, x0=783659908
P1, tp=3, ts=3, x0=994447149
P2, tp=3, ts=3, x0=343256943
P1, tp=3, ts=3, x0=24147091
P2, tp=3, ts=3, x0=714865660
P0, tp=3, ts=3, x0=290015491, x1=484831502
P1, tp=3, ts=3, x0=314490622
P3, tp=3, ts=3, x0=731865063
P0, tp=3, ts=3, x0=20111226, x1=668177309
P3, tp=3, ts=3, x0=315387163
P1, tp=3, ts=3, x0=941911282
P3, tp=3, ts=3, x0=826658154
P2, tp=3, ts=3, x0=557979160
P3, tp=3, ts=3, x0=714865660
P0, tp=3, ts=3, x0=702955027, x1=198565719
P1, tp=3, ts=3, x0=366588035
P1, tp=3, ts=3, x0=259374227
P2, tp=3, ts=3, x0=153488987
P2, tp=3, ts=3, x0=318199095
P0, tp=3, ts=3, x0=284883598, x1=840998338
P0, tp=3, ts=3, x0=254989333, x1=598436321
P1, tp=3, ts=3, x0=783659908
P2, tp=3, ts=3, x0=875651017
P2, tp=3, ts=3, x0=210178946
P1, tp=3, ts=3, x0=805572368
P1, tp=3, ts=3, x0=576349149
P0, tp=3, ts=3, x0=912261263, x1=741366095
P2, tp=3, ts=3, x0=576349149
P3, tp=3, ts=3, x0=671926560
P2, tp=3, ts=3, x0=484831502
P2, tp=3, ts=3, x0=875651017
P0, tp=3, ts=3, x0=714865660, x1=978093450
P3, tp=3, ts=3, x0=274366280
P3, tp=3, ts=3, x0=24147091
P1, tp=3, ts=3, x0=763512129
P1, tp=3, ts=3, x0=284883598
P3, tp=3, ts=3, x0=314490622
P0, tp=3, ts=3, x0=598436321, x1=671926560
P3, tp=3, ts=3, x0=671926560
P0, tp=3, ts=3, x0=604788828, x1=628453384
P3, tp=3, ts=3, x0=343256943
P0, tp=3, ts=3, x0=259374227, x1=521629767
P1, tp=3, ts=3, x0=597368580
P0, tp=3, ts=3, x0=143147677, x1=936031920
P3, tp=3, ts=3, x0=912261263
P0, tp=3, ts=3, x0=402361894, x1=391780979
P3, tp=3, ts=3, x0=875651017
P3, tp=3, ts=3, x0=24147091
P3, tp=3, ts=3, x0=198565719
P0, tp=3, ts=3, x0=516597723, x1=82136293
P0, tp=3, ts=3, x0=579934140, x1=332794731
P2, tp=3, ts=3, x0=391780979
P2, tp=3, ts=3, x0=442273573
P3, tp=3, ts=3, x0=714865660
P1, tp=3, ts=3, x0=978093450
P0, tp=3, ts=3, x0=521629767, x1=329512743
P2, tp=3, ts=3, x0=284883598
P3, tp=3, ts=3, x0=269860718
P3, tp=3, ts=3, x0=521629767
P0, tp=3, ts=3, x0=374141174, x1=929621501
P1, tp=3, ts=3, x0=78814145
P3, tp=3, ts=3, x0=959232710
P2, tp=3, ts=3, x0=153488987
P0, tp=3, ts=3, x0=366588035, x1=741366095
P3, tp=3, ts=3, x0=343256943
P1, tp=3, ts=3, x0=879171845
P2, tp=3, ts=3, x0=989717022
P1, tp=3, ts=3, x0=506382430
P1, tp=3, ts=3, x0=315387163
P1, tp=3, ts=3, x0=524244793
P2, tp=3, ts=3, x0=579934140
P3, tp=3, ts=3, x0=816575475
P3, tp=3, ts=3, x0=936031920
P0, tp=3, ts=3, x0=896608822, x1=249338976
P3, tp=3, ts=3, x0=44568318
P3, tp=3, ts=3, x0=696288128
P2, tp=3, ts=3, x0=183324264
P2, tp=3, ts=3, x0=253158667
P3, tp=3, ts=3, x0=12079716
P2, tp=3, ts=3, x0=389551132
P0, tp=3, ts=3, x0=994447149, x1=989717022
P3, tp=3, ts=3, x0=604788828
P0, tp=3, ts=3, x0=836770281, x1=484831502
P0, tp=3, ts=3, x0=826658154, x1=44568318
P3, tp=3, ts=3, x0=283691082
P3, tp=3, ts=3, x0=767372659
P0, tp=3, ts=3, x0=417730769, x1=196919919
P1, tp=3, ts=3, x0=902214288
P2, tp=3, ts=3, x0=186907107
P1, tp=3, ts=3, x0=183324264
P3, tp=3, ts=3, x0=417730769
P0, tp=3, ts=3, x0=768676076, x1=731865063
P1, tp=3, ts=3, x0=373087683
P3, tp=3, ts=3, x0=20111226
P1, tp=3, ts=3, x0=598436321
P2, tp=3, ts=3, x0=532672023
P2, tp=3, ts=3, x0=989717022
P3, tp=3, ts=3, x0=357247781
P0, tp=3, ts=3, x0=417730769, x1=332794731
P1, tp=3, ts=3, x0=524244793
P0, tp=3, ts=3, x0=909799951, x1=318199095
P3, tp=3, ts=3, x0=182490672
P3, tp=3, ts=3, x0=896608822
P3, tp=3, ts=3, x0=12079716
P0, tp=3, ts=3, x0=896608822, x1=714865660
P2, tp=3, ts=3, x0=217234741
P3, tp=3, ts=3, x0=805572368
P3, tp=3, ts=3, x0=290015491
P0, tp=3, ts=3, x0=389551132, x1=393695114
P1, tp=3, ts=3, x0=315387163
P1, tp=3, ts=3, x0=909799951
P0, tp=3, ts=3, x0=391780979, x1=358764715
P0, tp=3, ts=3, x0=840998338, x1=324604825
P2, tp=3, ts=3, x0=25847941
P3, tp=3, ts=3, x0=929621501
P3, tp=3, ts=3, x0=532672023
P1, tp=3, ts=3, x0=628453384
P0, tp=3, ts=3, x0=763512129, x1=628453384
P1, tp=3, ts=3, x0=17971017
P2, tp=3, ts=3, x0=332794731
P0, tp=3, ts=3, x0=668177309, x1=735312211
P3, tp=3, ts=3, x0=896608822
P1, tp=3, ts=3, x0=768676076
P2, tp=3, ts=3, x0=290015491
P2, tp=3, ts=3, x0=301121505
P3, tp=3, ts=3, x0=524489671
P0, tp=3, ts=3, x0=12079716, x1=735312211
P3, tp=3, ts=3, x0=896408419
P3, tp=3, ts=3, x0=929621501
P0, tp=3, ts=3, x0=559644849, x1=348603372
P0, tp=3, ts=3, x0=324604825, x1=559644849
P2, tp=3, ts=3, x0=357247781
P0, tp=3, ts=3, x0=816575475, x1=391780979
P1, tp=3, ts=3, x0=210178946
P2, tp=3, ts=3, x0=25847941
P2, tp=3, ts=3, x0=343256943
P2, tp=3, ts=3, x0=516597723
P2, tp=3, ts=3, x0=959232710
P0, tp=3, ts=3, x0=506382430, x1=896608822
P1, tp=3, ts=3, x0=783659908
P1, tp=3, ts=3, x0=783659908
P2, tp=3, ts=3, x0=524489671
P2, tp=3, ts=3, x0=358764715
P3, tp=3, ts=3, x0=896608822
P2, tp=3, ts=3, x0=40874643
P1, tp=3, ts=3, x0=559644849
P2, tp=3, ts=3, x0=442273573
P3, tp=3, ts=3, x0=196919919
P3, tp=3, ts=3, x0=735312211
P0, tp=3, ts=3, x0=959232710, x1=373087683
P2, tp=3, ts=3, x0=827201529
P3, tp=3, ts=3, x0=875651017
P2, tp=3, ts=3, x0=269860718
P1, tp=3, ts=3, x0=875651017
P1, tp=3, ts=3, x0=269860718
P0, tp=3, ts=3, x0=776569738, x1=896408419
P2, tp=3, ts=3, x0=402361894
P0, tp=3, ts=3, x0=896608822, x1=442273573
P2, tp=3, ts=3, x0=479391305
P1, tp=3, ts=3, x0=834924130
P0, tp=3, ts=3, x0=628453384, x1=479391305
P3, tp=3, ts=3, x0=776569738
P0, tp=3, ts=3, x0=40874643, x1=879171845
P0, tp=3, ts=3, x0=442273573, x1=994447149
P3, tp=3, ts=3, x0=559644849
P1, tp=3, ts=3, x0=205233360
P3, tp=3, ts=3, x0=106310220
P0, tp=3, ts=3, x0=391780979, x1=357247781
P2, tp=3, ts=3, x0=182490672
P3, tp=3, ts=3, x0=671926560
P1, tp=3, ts=3, x0=787782137
P3, tp=3, ts=3, x0=249338976
P2, tp=3, ts=3, x0=442273573
P3, tp=3, ts=3, x0=628453384
P1, tp=3, ts=3, x0=879171845
P0, tp=3, ts=3, x0=199169903, x1=725140564
P2, tp=3, ts=3, x0=787782137
P2, tp=3, ts=3, x0=253158667
P0, tp=3, ts=3, x0=288423839, x1=959232710
P1, tp=3, ts=3, x0=284883598
P3, tp=3, ts=3, x0=40874643
P1, tp=3, ts=3, x0=499671516
P2, tp=3, ts=3, x0=20111226
P2, tp=3, ts=3, x0=896608822
P1, tp=3, ts=3, x0=17971017
P2, tp=3, ts=3, x0=879171845
P3, tp=3, ts=3, x0=896408419
P3, tp=3, ts=3, x0=44568318
P1, tp=3, ts=3, x0=269860718
P3, tp=3, ts=3, x0=20111226
P2, tp=3, ts=3, x0=714865660
P0, tp=3, ts=3, x0=783659908, x1=400885143
P2, tp=3, ts=3, x0=557979160
P3, tp=3, ts=3, x0=848697260
P3, tp=3, ts=3, x0=389551132
P2, tp=3, ts=3, x0=776569738
P3, tp=3, ts=3, x0=40874643
P2, tp=3, ts=3, x0=348603372
P1, tp=3, ts=3, x0=197438191
P1, tp=3, ts=3, x0=598436321
P2, tp=3, ts=3, x0=374141174
P1, tp=3, ts=3, x0=315387163
P0, tp=3, ts=3, x0=559644849, x1=741333991
P2, tp=3, ts=3, x0=417730769
P2, tp=3, ts=3, x0=848697260
P1, tp=3, ts=3, x0=153488987
P1, tp=3, ts=3, x0=284883598
P2, tp=3, ts=3, x0=40874643
P1, tp=3, ts=3, x0=82136293
P0, tp=3, ts=3, x0=731865063, x1=947694792
P0, tp=3, ts=3, x0=917043297, x1=417730769
P0, tp=3, ts=3, x0=324604825, x1=840998338
P3, tp=3, ts=3, x0=153488987
P2, tp=3, ts=3, x0=532672023
P1, tp=3, ts=3, x0=524244793
P2, tp=3, ts=3, x0=173272776
P3, tp=3, ts=3, x0=902214288
P3, tp=3, ts=3, x0=827201529
P2, tp=3, ts=3, x0=205233360
P1, tp=3, ts=3, x0=532672023
P2, tp=3, ts=3, x0=366588035
P0, tp=3, ts=3, x0=763512129, x1=499671516
P1, tp=3, ts=3, x0=12079716
P0, tp=3, ts=3, x0=836770281, x1=787782137
P0, tp=3, ts=3, x0=994447149, x1=579934140
P1, tp=3, ts=3, x0=480401630
P0, tp=3, ts=3, x0=217234741, x1=871988861
P3, tp=3, ts=3, x0=400885143
P3, tp=3, ts=3, x0=989717022
P1, tp=3, ts=3, x0=24147091
P3, tp=3, ts=3, x0=183324264
P1, tp=3, ts=3, x0=978093450
P1, tp=3, ts=3, x0=314490622
P3, tp=3, ts=3, x0=400885143
P2, tp=3, ts=3, x0=875651017
P2, tp=3, ts=3, x0=17971017
P0, tp=3, ts=3, x0=946108616, x1=741333991
P0, tp=3, ts=3, x0=731865063, x1=199169903
P2, tp=3, ts=3, x0=283691082
P0, tp=4, ts=4, x0=153488987, x1=324604825
P1, tp=4, ts=4, x0=532672023
P2, tp=4, ts=4, x0=506382430
P2, tp=4, ts=4, x0=326650546
P2, tp=4, ts=4, x0=636552923
P3, tp=4, ts=4, x0=604788828
P0, tp=4, ts=4, x0=326650546, x1=118618370
P3, tp=4, ts=4, x0=827201529
P3, tp=4, ts=4, x0=671926560
P0, tp=4, ts=4, x0=318199095, x1=78814145
P3, tp=4, ts=4, x0=210178946
P3, tp=4, ts=4, x0=696288128
P2, tp=4, ts=4, x0=875651017
P1, tp=4, ts=4, x0=205053976
P1, tp=4, ts=4, x0=374141174
P2, tp=4, ts=4, x0=348603372
P0, tp=4, ts=4, x0=783659908, x1=741333991
P2, tp=4, ts=4, x0=318199095
P0, tp=4, ts=4, x0=249338976, x1=805572368
P3, tp=4, ts=4, x0=259374227
P0, tp=4, ts=4, x0=5795079, x1=17971017
P3, tp=4, ts=4, x0=146525744
P1, tp=4, ts=4, x0=840998338
P0, tp=4, ts=4, x0=399890356, x1=714865660
P3, tp=4, ts=4, x0=946108616
P3, tp=4, ts=4, x0=146525744
P0, tp=4, ts=4, x0=400885143, x1=199169903
P2, tp=4, ts=4, x0=763512129
P2, tp=4, ts=4, x0=805572368
P0, tp=4, ts=4, x0=731865063, x1=40874643
P2, tp=4, ts=4, x0=5795079
P1, tp=4, ts=4, x0=499671516
P0, tp=4, ts=4, x0=400885143, x1=249338976
P0, tp=4, ts=4, x0=132065159, x1=497761576
P0, tp=4, ts=4, x0=871988861, x1=928756702
P3, tp=4, ts=4, x0=636552923
P1, tp=4, ts=4, x0=205053976
P0, tp=4, ts=4, x0=763512129, x1=579934140
P0, tp=4, ts=4, x0=735312211, x1=173272776
P3, tp=4, ts=4, x0=173272776
P3, tp=4, ts=4, x0=871988861
P1, tp=4, ts=4, x0=284883598
P3, tp=4, ts=4, x0=834924130
P0, tp=4, ts=4, x0=479391305, x1=196919919
P3, tp=4, ts=4, x0=994447149
P3, tp=4, ts=4, x0=399890356
P3, tp=4, ts=4, x0=20111226
P1, tp=4, ts=4, x0=848697260
P1, tp=4, ts=4, x0=776569738
P0, tp=4, ts=4, x0=787782137, x1=484831502
P1, tp=4, ts=4, x0=183324264
P0, tp=4, ts=4, x0=714531378, x1=399890356
P0, tp=4, ts=4, x0=521629767, x1=329512743
P3, tp=4, ts=4, x0=44568318
P1, tp=4, ts=4, x0=417730769
P0, tp=4, ts=4, x0=827201529, x1=253158667
P0, tp=4, ts=4, x0=40874643, x1=776569738
P3, tp=4, ts=4, x0=245304478
P3, tp=4, ts=4, x0=284883598
P0, tp=4, ts=4, x0=604788828, x1=834924130
P2, tp=4, ts=4, x0=82136293
P3, tp=4, ts=4, x0=506382430
P2, tp=4, ts=4, x0=807226666
P0, tp=4, ts=4, x0=767372659, x1=776569738
P3, tp=4, ts=4, x0=902214288
P3, tp=4, ts=4, x0=735312211
P1, tp=4, ts=4, x0=696288128
P3, tp=4, ts=4, x0=636552923
P2, tp=4, ts=4, x0=879171845
P1, tp=4, ts=4, x0=301121505
P2, tp=4, ts=4, x0=183324264
P2, tp=4, ts=4, x0=776569738
P0, tp=4, ts=4, x0=318199095, x1=315387163
P1, tp=4, ts=4, x0=480401630
P0, tp=4, ts=4, x0=199169903, x1=994447149
P3, tp=4, ts=4, x0=816575475
P3, tp=4, ts=4, x0=521629767
P2, tp=4, ts=4, x0=544564365
P0, tp=4, ts=4, x0=893862227, x1=544564365
P0, tp=4, ts=4, x0=400885143, x1=989717022
P2, tp=4, ts=4, x0=329512743
P0, tp=4, ts=4, x0=516597723, x1=315387163
P3, tp=4, ts=4, x0=78814145
P3, tp=4, ts=4, x0=374141174
P3, tp=4, ts=4, x0=521629767
P3, tp=4, ts=4, x0=628453384
P3, tp=4, ts=4, x0=374141174
P1, tp=4, ts=4, x0=741333991
P2, tp=4, ts=4, x0=186907107
P1, tp=4, ts=4, x0=521629767
P3, tp=4, ts=4, x0=787782137
P1, tp=4, ts=4, x0=902214288
P3, tp=4, ts=4, x0=928756702
P3, tp=4, ts=4, x0=399890356
P3, tp=4, ts=4, x0=714865660
P2, tp=4, ts=4, x0=604788828
P2, tp=4, ts=4, x0=389551132
P3, tp=4, ts=4, x0=776569738
P3, tp=4, ts=4, x0=816575475
P3, tp=4, ts=4, x0=787782137
P3, tp=4, ts=4, x0=196919919
P3, tp=4, ts=4, x0=20111226
P1, tp=4, ts=4, x0=516597723
P0, tp=4, ts=4, x0=205053976, x1=20111226
P0, tp=4, ts=4, x0=301121505, x1=301121505
P2, tp=4, ts=4, x0=205053976
P2, tp=4, ts=4, x0=628453384
P3, tp=4, ts=4, x0=604788828
P3, tp=4, ts=4, x0=146525744
P3, tp=4, ts=4, x0=524489671
P0, tp=4, ts=4, x0=324604825, x1=628453384
P0, tp=4, ts=4, x0=598436321, x1=516597723
P2, tp=4, ts=4, x0=400885143
P2, tp=4, ts=4, x0=484831502
P1, tp=4, ts=4, x0=322389486
P0, tp=4, ts=4, x0=741366095, x1=186907107
P3, tp=4, ts=4, x0=5795079
P3, tp=4, ts=4, x0=994447149
P1, tp=4, ts=4, x0=417730769
P0, tp=4, ts=4, x0=989717022, x1=559644849
P0, tp=4, ts=4, x0=146525744, x1=893862227
P2, tp=4, ts=4, x0=947694792
P2, tp=4, ts=4, x0=947694792
P0, tp=4, ts=4, x0=879171845, x1=776569738
P2, tp=4, ts=4, x0=348603372
P3, tp=4, ts=4, x0=400885143
P1, tp=4, ts=4, x0=249338976
P3, tp=4, ts=4, x0=233863019
P2, tp=4, ts=4, x0=928756702
P0, tp=4, ts=4, x0=840998338, x1=893862227
P2, tp=4, ts=4, x0=836770281
P0, tp=4, ts=4, x0=479391305, x1=521629767
P1, tp=4, ts=4, x0=741366095
P2, tp=4, ts=4, x0=875651017
P2, tp=4, ts=4, x0=199169903
P1, tp=4, ts=4, x0=836770281
P1, tp=4, ts=4, x0=322389486
P0, tp=4, ts=4, x0=816575475, x1=366588035
P2, tp=4, ts=4, x0=896608822
P0, tp=4, ts=4, x0=909799951, x1=78814145
P3, tp=4, ts=4, x0=896408419
P2, tp=4, ts=4, x0=245304478
P1, tp=4, ts=4, x0=373087683
P3, tp=4, ts=4, x0=917043297
P3, tp=4, ts=4, x0=506382430
P0, tp=4, ts=4, x0=20111226, x1=233863019
P0, tp=4, ts=4, x0=186907107, x1=183324264
P0, tp=4, ts=4, x0=378863705, x1=484831502
P1, tp=4, ts=4, x0=559644849
P1, tp=4, ts=4, x0=559644849
P1, tp=4, ts=4, x0=834924130
P1, tp=4, ts=4, x0=314490622
P1, tp=4, ts=4, x0=969360100
P0, tp=4, ts=4, x0=524489671, x1=373087683
P1, tp=4, ts=4, x0=210178946
P2, tp=4, ts=4, x0=378863705
P1, tp=4, ts=4, x0=484831502
P1, tp=4, ts=4, x0=848697260
P1, tp=4, ts=4, x0=879171845
P3, tp=4, ts=4, x0=598436321
P3, tp=4, ts=4, x0=153488987
P1, tp=4, ts=4, x0=556534690
P0, tp=4, ts=4, x0=741333991, x1=199169903
P3, tp=4, ts=4, x0=366588035
P3, tp=4, ts=4, x0=348603372
P2, tp=4, ts=4, x0=840998338
P3, tp=4, ts=4, x0=186907107
P1, tp=4, ts=4, x0=301121505
P1, tp=4, ts=4, x0=879171845
P2, tp=4, ts=4, x0=691634817
P2, tp=4, ts=4, x0=636552923
P2, tp=4, ts=4, x0=210178946
P0, tp=4, ts=4, x0=559644849, x1=783659908
P1, tp=4, ts=4, x0=871988861
P1, tp=4, ts=4, x0=598436321
P2, tp=4, ts=4, x0=648980091
P0, tp=4, ts=4, x0=648980091, x1=17971017
P2, tp=4, ts=4, x0=389551132
P3, tp=4, ts=4, x0=805572368
P2, tp=4, ts=4, x0=301121505
P3, tp=4, ts=4, x0=783659908
P1, tp=4, ts=4, x0=249338976
P3, tp=4, ts=4, x0=314490622
P1, tp=4, ts=4, x0=78814145
P1, tp=4, ts=4, x0=245304478
P0, tp=4, ts=4, x0=652906371, x1=253158667
P1, tp=4, ts=4, x0=893862227
P3, tp=4, ts=4, x0=714865660
P1, tp=4, ts=4, x0=875651017
P2, tp=4, ts=4, x0=16136660
P1, tp=4, ts=4, x0=994447149
P2, tp=4, ts=4, x0=196919919
P2, tp=4, ts=4, x0=40874643
P1, tp=4, ts=4, x0=870850333
P1, tp=4, ts=4, x0=947694792
P3, tp=4, ts=4, x0=399890356
P1, tp=4, ts=4, x0=318199095
P3, tp=4, ts=4, x0=132065159
P3, tp=4, ts=4, x0=671926560
P1, tp=4, ts=4, x0=484831502
P3, tp=4, ts=4, x0=324604825
P1, tp=4, ts=4, x0=283691082
P0, tp=4, ts=4, x0=132065159, x1=16136660
P3, tp=4, ts=4, x0=479391305
P1, tp=4, ts=4, x0=652906371
P3, tp=4, ts=4, x0=871988861
P1, tp=4, ts=4, x0=322389486
P2, tp=4, ts=4, x0=875651017
P0, tp=4, ts=4, x0=969360100, x1=807226666
P3, tp=4, ts=4, x0=459655874
P2, tp=4, ts=4, x0=896608822
P1, tp=4, ts=4, x0=366588035
P3, tp=4, ts=4, x0=827201529
P0, tp=4, ts=4, x0=183324264, x1=660974677
P2, tp=4, ts=4, x0=186907107
P3, tp=4, ts=4, x0=896408419
P3, tp=4, ts=4, x0=652906371
P3, tp=4, ts=4, x0=731865063
P1, tp=4, ts=4, x0=173272776
P2, tp=4, ts=4, x0=652906371
P1, tp=4, ts=4, x0=132065159
P3, tp=4, ts=4, x0=714531378
P2, tp=4, ts=4, x0=210846375
P1, tp=4, ts=4, x0=946108616
P2, tp=4, ts=4, x0=301121505
P3, tp=4, ts=4, x0=731865063
P3, tp=4, ts=4, x0=714531378
P3, tp=4, ts=4, x0=896608822
P3, tp=4, ts=4, x0=714865660
P1, tp=4, ts=4, x0=366588035
P1, tp=4, ts=4, x0=373087683
P3, tp=4, ts=4, x0=787782137
P0, tp=4, ts=4, x0=946108616, x1=989717022
P1, tp=4, ts=4, x0=827201529
P2, tp=4, ts=4, x0=763512129
P1, tp=4, ts=4, x0=556534690
P3, tp=4, ts=4, x0=205233360
P3, tp=4, ts=4, x0=400885143
P0, tp=4, ts=4, x0=459655874, x1=399890356
P3, tp=4, ts=4, x0=909799951
P3, tp=4, ts=4, x0=783659908
P1, tp=4, ts=4, x0=106310220
P3, tp=4, ts=4, x0=600808883
P0, tp=4, ts=4, x0=506382430, x1=205233360
P0, tp=4, ts=4, x0=731865063, x1=776569738
P0, tp=4, ts=4, x0=106310220, x1=917043297
P0, tp=4, ts=4, x0=283691082, x1=994447149
P3, tp=4, ts=4, x0=696288128
P2, tp=4, ts=4, x0=233863019
P1, tp=4, ts=4, x0=5795079
P0, tp=4, ts=4, x0=537178841, x1=648980091
P1, tp=4, ts=4, x0=106310220
P2, tp=4, ts=4, x0=671926560
P2, tp=4, ts=4, x0=946108616
P2, tp=4, ts=4, x0=183324264
P0, tp=4, ts=4, x0=544564365, x1=807226666
P0, tp=4, ts=4, x0=399890356, x1=484831502
P1, tp=4, ts=4, x0=111014918
P3, tp=4, ts=4, x0=354012041
P2, tp=4, ts=4, x0=928756702
P3, tp=4, ts=4, x0=544564365
P3, tp=4, ts=4, x0=537178841
P1, tp=4, ts=4, x0=78814145
P3, tp=4, ts=4, x0=714865660
P3, tp=4, ts=4, x0=628453384
P3, tp=4, ts=4, x0=329512743
P0, tp=4, ts=4, x0=725140564, x1=731865063
P0, tp=4, ts=4, x0=691634817, x1=893862227
P2, tp=4, ts=4, x0=598436321
P2, tp=4, ts=4, x0=871988861
P2, tp=4, ts=4, x0=417730769
P3, tp=4, ts=4, x0=484831502
P3, tp=4, ts=4, x0=283691082
P2, tp=4, ts=4, x0=329512743
P1, tp=4, ts=4, x0=205233360
P1, tp=4, ts=4, x0=233863019
P0, tp=4, ts=4, x0=559644849, x1=205053976
P3, tp=4, ts=4, x0=233863019
P3, tp=4, ts=4, x0=378863705
P0, tp=4, ts=4, x0=199169903, x1=283691082
P2, tp=4, ts=4, x0=5795079
P3, tp=4, ts=4, x0=358764715
P0, tp=4, ts=4, x0=521629767, x1=373087683
P1, tp=4, ts=4, x0=806503342
P2, tp=4, ts=4, x0=132065159
P3, tp=4, ts=4, x0=146525744
P1, tp=4, ts=4, x0=628453384
P1, tp=4, ts=4, x0=994447149
P1, tp=4, ts=4, x0=205233360
P1, tp=4, ts=4, x0=725140564
P3, tp=4, ts=4, x0=411401212
P2, tp=4, ts=4, x0=982934950
P2, tp=4, ts=4, x0=751464736
P3, tp=4, ts=4, x0=484831502
P2, tp=4, ts=4, x0=879171845
P0, tp=4, ts=4, x0=314490622, x1=776569738
P0, tp=4, ts=4, x0=329512743, x1=484831502
P1, tp=4, ts=4, x0=737714769
P2, tp=4, ts=4, x0=806503342
P0, tp=4, ts=4, x0=751464736, x1=807226666
P0, tp=4, ts=4, x0=959232710, x1=879171845
P0, tp=4, ts=4, x0=314490622, x1=970985577
P2, tp=4, ts=4, x0=751464736
P0, tp=4, ts=4, x0=783659908, x1=521629767
P3, tp=4, ts=4, x0=417730769
P1, tp=4, ts=4, x0=767372659
P2, tp=4, ts=4, x0=893862227
P2, tp=4, ts=4, x0=205053976
P0, tp=4, ts=4, x0=524489671, x1=497761576
P2, tp=4, ts=4, x0=806503342
P1, tp=4, ts=4, x0=970985577
P1, tp=4, ts=4, x0=283691082
P2, tp=4, ts=4, x0=326650546
P1, tp=4, ts=4, x0=153488987
P3, tp=4, ts=4, x0=787782137
P0, tp=4, ts=4, x0=829832234, x1=538077878
P1, tp=4, ts=4, x0=205233360
P3, tp=4, ts=4, x0=829832234
P0, tp=4, ts=4, x0=767372659, x1=896408419
P3, tp=4, ts=4, x0=974356170
P0, tp=4, ts=4, x0=366588035, x1=118618370
P1, tp=4, ts=4, x0=245304478
P0, tp=4, ts=4, x0=696011574, x1=544564365
P0, tp=4, ts=4, x0=731865063, x1=959387227
P1, tp=4, ts=4, x0=373087683
P3, tp=4, ts=4, x0=783659908
P2, tp=4, ts=4, x0=787782137
P1, tp=4, ts=4, x0=806503342
P0, tp=4, ts=4, x0=559644849, x1=776569738
P0, tp=4, ts=4, x0=959387227, x1=848697260
P0, tp=4, ts=4, x0=600808883, x1=22095674
P3, tp=4, ts=4, x0=974356170
P3, tp=4, ts=4, x0=731865063
P0, tp=4, ts=4, x0=896408419, x1=283691082
P0, tp=4, ts=4, x0=205053976, x1=22095674
P1, tp=4, ts=4, x0=718815901
P1, tp=4, ts=4, x0=170535467
P1, tp=4, ts=4, x0=170535467
P1, tp=4, ts=4, x0=196919919
P3, tp=4, ts=4, x0=459655874
P1, tp=4, ts=4, x0=875651017
P3, tp=4, ts=4, x0=400885143
P0, tp=4, ts=4, x0=5795079, x1=544952570
P0, tp=4, ts=4, x0=829832234, x1=537178841
P2, tp=4, ts=4, x0=783659908
P2, tp=4, ts=4, x0=324604825
P2, tp=4, ts=4, x0=497761576
P0, tp=4, ts=4, x0=183324264, x1=20111226
P2, tp=4, ts=4, x0=365268418
P0, tp=4, ts=4, x0=326650546, x1=318199095
P2, tp=4, ts=4, x0=871988861
P0, tp=4, ts=4, x0=959232710, x1=16136660
P1, tp=4, ts=4, x0=827201529
P1, tp=4, ts=4, x0=989104036
P3, tp=4, ts=4, x0=652906371
P3, tp=4, ts=4, x0=399890356
P3, tp=4, ts=4, x0=82136293
P2, tp=4, ts=4, x0=671926560
P1, tp=4, ts=4, x0=484831502
P0, tp=4, ts=4, x0=776569738, x1=40874643
P2, tp=4, ts=4, x0=322389486
P0, tp=4, ts=4, x0=196919919, x1=994447149
P1, tp=4, ts=4, x0=800087051
P1, tp=4, ts=4, x0=737714769
P2, tp=4, ts=4, x0=459655874
P1, tp=4, ts=4, x0=840998338
P2, tp=4, ts=4, x0=484831502
P1, tp=4, ts=4, x0=628453384
P1, tp=4, ts=4, x0=365268418
P0, tp=4, ts=4, x0=879171845, x1=718815901
P2, tp=4, ts=4, x0=751464736
P2, tp=4, ts=4, x0=497761576
P2, tp=4, ts=4, x0=971204661
P1, tp=4, ts=4, x0=875651017
P3, tp=4, ts=4, x0=600808883
P0, tp=4, ts=4, x0=559644849, x1=714531378
P0, tp=4, ts=4, x0=714531378, x1=497761576
P2, tp=4, ts=4, x0=982934950
P3, tp=4, ts=4, x0=946108616
P3, tp=4, ts=4, x0=358764715
P0, tp=4, ts=4, x0=111014918, x1=82136293
P2, tp=4, ts=4, x0=971204661
P1, tp=4, ts=4, x0=787782137
P3, tp=4, ts=4, x0=153488987
P0, tp=4, ts=4, x0=322389486, x1=917043297
P1, tp=4, ts=4, x0=205053976
P0, tp=4, ts=4, x0=538077878, x1=751464736
P1, tp=4, ts=4, x0=556534690
P0, tp=4, ts=4, x0=186907107, x1=959387227
P1, tp=4, ts=4, x0=989104036
P2, tp=4, ts=4, x0=537178841
P2, tp=4, ts=4, x0=917043297
P0, tp=4, ts=4, x0=326650546, x1=544952570
P2, tp=4, ts=4, x0=783659908
P1, tp=4, ts=4, x0=579934140
P0, tp=4, ts=4, x0=879171845, x1=671926560
P2, tp=4, ts=4, x0=805572368
P1, tp=4, ts=4, x0=896408419
P0, tp=4, ts=4, x0=875651017, x1=909799951
P0, tp=4, ts=4, x0=362454501, x1=696011574
P3, tp=4, ts=4, x0=479391305
P0, tp=4, ts=4, x0=767372659, x1=959232710
P3, tp=4, ts=4, x0=210846375
P0, tp=4, ts=4, x0=579934140, x1=362454501
P3, tp=4, ts=4, x0=696011574
P1, tp=4, ts=4, x0=917043297
P1, tp=4, ts=4, x0=974356170
P3, tp=4, ts=4, x0=479391305
P1, tp=4, ts=4, x0=783659908
P1, tp=4, ts=4, x0=974356170
P1, tp=4, ts=4, x0=806503342
P1, tp=4, ts=4, x0=807226666
P2, tp=4, ts=4, x0=974356170
P3, tp=4, ts=4, x0=896408419
P1, tp=4, ts=4, x0=648980091
P3, tp=4, ts=4, x0=974356170
P1, tp=4, ts=4, x0=579934140
P0, tp=4, ts=4, x0=544952570, x1=646668806
P0, tp=4, ts=4, x0=805572368, x1=896608822
P0, tp=4, ts=4, x0=559644849, x1=804175966
P2, tp=4, ts=4, x0=946108616
P0, tp=4, ts=4, x0=737714769, x1=948633806
P0, tp=4, ts=4, x0=186907107, x1=896408419
P2, tp=4, ts=4, x0=691634817
P3, tp=4, ts=4, x0=5795079
P3, tp=4, ts=4, x0=544952570
P3, tp=4, ts=4, x0=196919919
P0, tp=4, ts=4, x0=840998338, x1=559644849
P3, tp=4, ts=4, x0=953704570
P3, tp=4, ts=4, x0=31712170
P2, tp=4, ts=4, x0=411401212
P2, tp=4, ts=4, x0=245304478
P0, tp=4, ts=4, x0=691634817, x1=696011574
P2, tp=4, ts=4, x0=737714769
P2, tp=4, ts=4, x0=696288128
P1, tp=4, ts=4, x0=696288128
P3, tp=4, ts=4, x0=953704570
P3, tp=4, ts=4, x0=198565719
P0, tp=4, ts=4, x0=994447149, x1=800087051
P0, tp=4, ts=4, x0=210846375, x1=948633806
P1, tp=4, ts=4, x0=544952570
P0, tp=4, ts=4, x0=840998338, x1=411401212
P2, tp=4, ts=4, x0=804175966
P3, tp=4, ts=4, x0=544564365
P3, tp=4, ts=4, x0=970985577
P2, tp=4, ts=4, x0=132065159
P1, tp=4, ts=4, x0=301408761
P2, tp=4, ts=4, x0=946108616
P1, tp=4, ts=4, x0=326650546
P1, tp=4, ts=4, x0=365268418
P3, tp=4, ts=4, x0=22095674
P1, tp=4, ts=4, x0=848697260
P3, tp=4, ts=4, x0=205053976
P1, tp=4, ts=4, x0=365268418
P2, tp=4, ts=4, x0=982934950
P0, tp=4, ts=4, x0=484831502, x1=196919919
P3, tp=4, ts=4, x0=358764715
P0, tp=4, ts=4, x0=646668806, x1=691634817
P1, tp=4, ts=4, x0=537178841
P2, tp=4, ts=4, x0=982934950
P2, tp=4, ts=4, x0=787782137
P0, tp=4, ts=4, x0=652906371, x1=301408761
P3, tp=4, ts=4, x0=871988861
P3, tp=4, ts=4, x0=443006041
P0, tp=4, ts=4, x0=840998338, x1=146525744
P0, tp=4, ts=4, x0=928756702, x1=497761576
P1, tp=4, ts=4, x0=584799007
P3, tp=4, ts=4, x0=953704570
P3, tp=4, ts=4, x0=790034738
P1, tp=4, ts=4, x0=991599736
P1, tp=4, ts=4, x0=459655874
P3, tp=4, ts=4, x0=696011574
P2, tp=4, ts=4, x0=20111226
P0, tp=4, ts=4, x0=544564365, x1=928756702
P3, tp=4, ts=4, x0=31712170
P0, tp=4, ts=4, x0=559644849, x1=44568318
P2, tp=4, ts=4, x0=537178841
P1, tp=4, ts=4, x0=579934140
P2, tp=4, ts=4, x0=315387163
P2, tp=4, ts=4, x0=806503342
P3, tp=4, ts=4, x0=354012041
P0, tp=4, ts=4, x0=326650546, x1=354012041
P0, tp=4, ts=4, x0=959232710, x1=20111226
P3, tp=4, ts=4, x0=718815901
P0, tp=4, ts=4, x0=207688904, x1=879171845
P3, tp=4, ts=4, x0=436859522
P2, tp=4, ts=4, x0=400885143
P1, tp=4, ts=4, x0=636552923
P3, tp=4, ts=4, x0=776569738
P0, tp=4, ts=4, x0=718815901, x1=718815901
P1, tp=4, ts=4, x0=790034738
P0, tp=4, ts=4, x0=218792971, x1=429441990
P0, tp=4, ts=4, x0=600808883, x1=429441990
P3, tp=4, ts=4, x0=459655874
P0, tp=4, ts=4, x0=559644849, x1=805572368
P3, tp=4, ts=4, x0=806503342
P0, tp=4, ts=4, x0=718815901, x1=321742630
P2, tp=4, ts=4, x0=804175966
P3, tp=4, ts=4, x0=245304478
P2, tp=4, ts=4, x0=805572368
P1, tp=4, ts=4, x0=378863705
P3, tp=4, ts=4, x0=497761576
P1, tp=4, ts=4, x0=969360100
P3, tp=4, ts=4, x0=971204661
P3, tp=4, ts=4, x0=436859522
P0, tp=4, ts=4, x0=538077878, x1=879171845
P3, tp=4, ts=4, x0=537178841
P1, tp=4, ts=4, x0=479391305
P2, tp=4, ts=4, x0=411401212
P3, tp=4, ts=4, x0=365268418
P1, tp=4, ts=4, x0=22095674
P1, tp=4, ts=4, x0=229605487
P0, tp=4, ts=4, x0=767372659, x1=170535467
P2, tp=4, ts=4, x0=5795079
P2, tp=4, ts=4, x0=917043297
P1, tp=4, ts=4, x0=991599736
P3, tp=4, ts=4, x0=411401212
P0, tp=4, ts=4, x0=538077878, x1=199169903
P2, tp=4, ts=4, x0=959387227
P2, tp=4, ts=4, x0=31712170
P0, tp=4, ts=4, x0=44568318, x1=537178841
P0, tp=4, ts=4, x0=623237646, x1=399890356
P3, tp=4, ts=4, x0=660974677
P2, tp=4, ts=4, x0=928756702
P2, tp=4, ts=4, x0=373087683
P1, tp=4, ts=4, x0=970985577
P3, tp=4, ts=4, x0=273169780
P3, tp=4, ts=4, x0=751464736
P2, tp=4, ts=4, x0=301408761
P3, tp=4, ts=4, x0=366588035
P1, tp=4, ts=4, x0=787782137
P2, tp=4, ts=4, x0=871988861
P2, tp=4, ts=4, x0=974356170
P0, tp=4, ts=4, x0=196919919, x1=636552923
P3, tp=4, ts=4, x0=959232710
P1, tp=4, ts=4, x0=751464736
P2, tp=4, ts=4, x0=399890356
P0, tp=4, ts=4, x0=568315041, x1=301408761
P2, tp=4, ts=4, x0=321742630
P0, tp=4, ts=4, x0=233863019, x1=568315041
P0, tp=4, ts=4, x0=499714986, x1=146525744
P0, tp=4, ts=4, x0=959387227, x1=399890356
P3, tp=4, ts=4, x0=173272776
P0, tp=4, ts=4, x0=807226666, x1=538077878
P0, tp=4, ts=4, x0=646668806, x1=544564365
P1, tp=4, ts=4, x0=557620776
P0, tp=4, ts=4, x0=497761576, x1=829832234
P2, tp=4, ts=4, x0=789126390
P0, tp=4, ts=4, x0=111014918, x1=960197595
P3, tp=4, ts=4, x0=969360100
P3, tp=4, ts=4, x0=671926560
P2, tp=4, ts=4, x0=429441990
P2, tp=4, ts=4, x0=321742630
P3, tp=4, ts=4, x0=484831502
P1, tp=4, ts=4, x0=245304478
P2, tp=4, ts=4, x0=322389486
P2, tp=4, ts=4, x0=829832234
P2, tp=4, ts=4, x0=767372659
P1, tp=4, ts=4, x0=537178841
P0, tp=4, ts=4, x0=805572368, x1=245304478
P3, tp=4, ts=4, x0=31712170
P1, tp=4, ts=4, x0=599940945
P1, tp=4, ts=4, x0=806503342
P2, tp=4, ts=4, x0=827201529
P0, tp=4, ts=4, x0=31712170, x1=789126390
P0, tp=4, ts=4, x0=875651017, x1=132065159
P1, tp=4, ts=4, x0=806503342
P2, tp=4, ts=4, x0=210846375
P0, tp=4, ts=4, x0=212977446, x1=805572368
P0, tp=4, ts=4, x0=660974677, x1=660826492
P0, tp=4, ts=4, x0=146525744, x1=806503342
P2, tp=4, ts=4, x0=600808883
P3, tp=4, ts=4, x0=358764715
P0, tp=4, ts=4, x0=229605487, x1=400885143
P3, tp=4, ts=4, x0=326650546
P1, tp=4, ts=4, x0=959387227
P3, tp=4, ts=4, x0=146525744
P2, tp=4, ts=4, x0=948633806
P2, tp=4, ts=4, x0=827201529
P2, tp=4, ts=4, x0=186907107
P1, tp=4, ts=4, x0=497761576
P0, tp=4, ts=4, x0=537178841, x1=718815901
P3, tp=4, ts=4, x0=443006041
P1, tp=4, ts=4, x0=358764715
P1, tp=4, ts=4, x0=805572368
P3, tp=4, ts=4, x0=960197595
P1, tp=4, ts=4, x0=436859522
P2, tp=4, ts=4, x0=839798115
P2, tp=4, ts=4, x0=245304478
P2, tp=4, ts=4, x0=909799951
P3, tp=4, ts=4, x0=38065289
P3, tp=4, ts=4, x0=893128751
P1, tp=4, ts=4, x0=31712170
P3, tp=4, ts=4, x0=429441990
P0, tp=4, ts=4, x0=839798115, x1=411401212
P2, tp=4, ts=4, x0=544564365
P1, tp=4, ts=4, x0=839798115
P3, tp=4, ts=4, x0=245304478
P0, tp=4, ts=4, x0=959232710, x1=5795079
P3, tp=4, ts=4, x0=623237646
P1, tp=4, ts=4, x0=660826492
P0, tp=4, ts=4, x0=953704570, x1=896656003
P0, tp=4, ts=4, x0=288168526, x1=443126849
P1, tp=4, ts=4, x0=917043297
P3, tp=4, ts=4, x0=426439630
P0, tp=4, ts=4, x0=917043297, x1=557620776
P2, tp=4, ts=4, x0=455880750
P3, tp=4, ts=4, x0=132065159
P1, tp=4, ts=4, x0=111014918
P2, tp=4, ts=4, x0=240768739
P3, tp=4, ts=4, x0=893128751
P1, tp=4, ts=4, x0=436859522
P1, tp=4, ts=4, x0=789126390
P1, tp=4, ts=4, x0=455880750
P3, tp=4, ts=4, x0=358764715
P3, tp=4, ts=4, x0=6415984
P1, tp=4, ts=4, x0=871988861
P2, tp=4, ts=4, x0=599940945
P2, tp=4, ts=4, x0=846649726
P3, tp=4, ts=4, x0=426439630
P0, tp=4, ts=4, x0=22095674, x1=378863705
P1, tp=4, ts=4, x0=436859522
P3, tp=4, ts=4, x0=16136660
P3, tp=4, ts=4, x0=429441990
P2, tp=4, ts=4, x0=399890356
P1, tp=4, ts=4, x0=436859522
P0, tp=4, ts=4, x0=273169780, x1=989104036
P2, tp=4, ts=4, x0=378863705
P2, tp=4, ts=4, x0=623237646
P3, tp=4, ts=4, x0=928756702
P1, tp=4, ts=4, x0=229605487
P1, tp=4, ts=4, x0=896656003
P1, tp=4, ts=4, x0=806503342
P3, tp=4, ts=4, x0=623237646
P3, tp=4, ts=4, x0=969360100
P1, tp=4, ts=4, x0=696011574
P3, tp=4, ts=4, x0=696011574
P2, tp=4, ts=4, x0=354012041
P1, tp=4, ts=4, x0=959387227
P0, tp=4, ts=4, x0=871988861, x1=928756702
P2, tp=4, ts=4, x0=960197595
P0, tp=4, ts=4, x0=691634817, x1=846649726
P1, tp=4, ts=4, x0=991599736
P2, tp=4, ts=4, x0=38065289
P0, tp=4, ts=4, x0=870850333, x1=646668806
P1, tp=4, ts=4, x0=218792971
P1, tp=4, ts=4, x0=969360100
P0, tp=4, ts=4, x0=600808883, x1=806503342
P2, tp=4, ts=4, x0=245304478
P1, tp=4, ts=4, x0=301408761
P0, tp=4, ts=4, x0=991599736, x1=636552923
P3, tp=4, ts=4, x0=696011574
P1, tp=4, ts=4, x0=443006041
P0, tp=4, ts=4, x0=426439630, x1=917043297
P2, tp=4, ts=4, x0=917043297
P2, tp=4, ts=4, x0=481145637
P0, tp=4, ts=4, x0=917043297, x1=146525744
P0, tp=4, ts=4, x0=544564365, x1=199169903
P0, tp=4, ts=4, x0=928756702, x1=544564365
P3, tp=4, ts=4, x0=969360100
P2, tp=4, ts=4, x0=443126849
P2, tp=4, ts=4, x0=974356170
P0, tp=4, ts=4, x0=205233360, x1=218792971
P2, tp=4, ts=4, x0=556534690
P1, tp=4, ts=4, x0=273169780
P1, tp=4, ts=4, x0=205053976
P2, tp=4, ts=4, x0=400885143
P2, tp=4, ts=4, x0=288168526
P0, tp=4, ts=4, x0=946108616, x1=870850333
P0, tp=4, ts=4, x0=411401212, x1=321742630
P2, tp=4, ts=4, x0=751464736
P2, tp=4, ts=4, x0=538077878
P3, tp=4, ts=4, x0=205233360
P1, tp=4, ts=4, x0=426439630
P0, tp=4, ts=4, x0=652906371, x1=725140564
P3, tp=4, ts=4, x0=789126390
P3, tp=4, ts=4, x0=301408761
P3, tp=4, ts=4, x0=443126849
P2, tp=4, ts=4, x0=691634817
P0, tp=4, ts=4, x0=207688904, x1=982934950
P0, tp=4, ts=4, x0=776569738, x1=789126390
P1, tp=4, ts=4, x0=92536549
P2, tp=4, ts=4, x0=22095674
P3, tp=4, ts=4, x0=378863705
P3, tp=4, ts=4, x0=599940945
P0, tp=4, ts=4, x0=132065159, x1=839798115
P3, tp=4, ts=4, x0=861159218
P0, tp=4, ts=4, x0=22095674, x1=584799007
P2, tp=4, ts=4, x0=776569738
P3, tp=4, ts=4, x0=678977599
P1, tp=4, ts=4, x0=326650546
P0, tp=4, ts=4, x0=917043297, x1=806503342
P0, tp=4, ts=4, x0=362454501, x1=5795079
P2, tp=4, ts=4, x0=481145637
P3, tp=4, ts=4, x0=497761576
P1, tp=4, ts=4, x0=989104036
P1, tp=4, ts=4, x0=481145637
P2, tp=4, ts=4, x0=136725973
P2, tp=4, ts=4, x0=326650546
P3, tp=4, ts=4, x0=260038037
P0, tp=4, ts=4, x0=556534690, x1=648980091
P2, tp=4, ts=4, x0=205233360
P2, tp=4, ts=4, x0=459655874
P1, tp=4, ts=4, x0=960197595
P0, tp=4, ts=4, x0=273169780, x1=725140564
P2, tp=4, ts=4, x0=846649726
P3, tp=4, ts=4, x0=481145637
P3, tp=4, ts=4, x0=636552923
P0, tp=4, ts=4, x0=16136660, x1=948633806
P3, tp=4, ts=4, x0=807226666
P0, tp=4, ts=4, x0=499714986, x1=411401212
P1, tp=4, ts=4, x0=789126390
P3, tp=4, ts=4, x0=429441990
P1, tp=4, ts=4, x0=19634274
P1, tp=4, ts=4, x0=917043297
P1, tp=4, ts=4, x0=937041280
P3, tp=4, ts=4, x0=260038037
P2, tp=4, ts=4, x0=499714986
P1, tp=4, ts=4, x0=16136660
P2, tp=4, ts=4, x0=426439630
P1, tp=4, ts=4, x0=948633806
P3, tp=4, ts=4, x0=92536549
P2, tp=4, ts=4, x0=499714986
P0, tp=4, ts=4, x0=917043297, x1=806503342
P2, tp=4, ts=4, x0=443006041
P0, tp=4, ts=4, x0=893128751, x1=136725973
P0, tp=4, ts=4, x0=600808883, x1=898652501
P0, tp=4, ts=4, x0=132065159, x1=568315041
P3, tp=4, ts=4, x0=322389486
P2, tp=4, ts=4, x0=400885143
P1, tp=4, ts=4, x0=321742630
P3, tp=4, ts=4, x0=173272776
P2, tp=4, ts=4, x0=229605487
P3, tp=4, ts=4, x0=953704570
P0, tp=4, ts=4, x0=648980091, x1=960197595
P3, tp=4, ts=4, x0=937041280
P0, tp=4, ts=4, x0=229605487, x1=332184314
P2, tp=4, ts=4, x0=639149944
P2, tp=4, ts=4, x0=212977446
P1, tp=4, ts=4, x0=173272776
P2, tp=4, ts=4, x0=132065159
P3, tp=4, ts=4, x0=443126849
P3, tp=4, ts=4, x0=953704570
P2, tp=4, ts=4, x0=989104036
P1, tp=4, ts=4, x0=170535467
P0, tp=4, ts=4, x0=896656003, x1=718815901
P1, tp=4, ts=4, x0=959387227
P1, tp=4, ts=4, x0=22095674
P2, tp=4, ts=4, x0=478903784
P1, tp=4, ts=4, x0=660826492
P2, tp=4, ts=4, x0=557620776
P3, tp=4, ts=4, x0=806503342
P0, tp=4, ts=4, x0=207688904, x1=544564365
P3, tp=4, ts=4, x0=804175966
P3, tp=4, ts=4, x0=871988861
P0, tp=4, ts=4, x0=861159218, x1=364801427
P1, tp=4, ts=4, x0=971204661
P0, tp=4, ts=4, x0=652906371, x1=584799007
P1, tp=4, ts=4, x0=718815901
P3, tp=4, ts=4, x0=798467068
P3, tp=4, ts=4, x0=326650546
P2, tp=4, ts=4, x0=16136660
P2, tp=4, ts=4, x0=365268418
P3, tp=4, ts=4, x0=968466900
P3, tp=4, ts=4, x0=364801427
P2, tp=4, ts=4, x0=354012041
P2, tp=4, ts=4, x0=443126849
P0, tp=4, ts=4, x0=429441990, x1=639149944
P1, tp=4, ts=4, x0=233863019
P2, tp=4, ts=4, x0=893128751
P2, tp=4, ts=4, x0=332184314
P3, tp=4, ts=4, x0=970985577
P3, tp=4, ts=4, x0=362454501
P0, tp=4, ts=4, x0=132065159, x1=568315041
P0, tp=4, ts=4, x0=364801427, x1=959840046
P3, tp=4, ts=4, x0=893128751
P1, tp=4, ts=4, x0=5795079
P1, tp=4, ts=4, x0=260038037
P0, tp=4, ts=4, x0=544564365, x1=170535467
P1, tp=4, ts=4, x0=544564365
P3, tp=4, ts=4, x0=652906371
P2, tp=4, ts=4, x0=639149944
P0, tp=4, ts=4, x0=436859522, x1=399890356
P3, tp=4, ts=4, x0=691756830
P2, tp=4, ts=4, x0=170535467
P1, tp=4, ts=4, x0=378863705
P2, tp=4, ts=4, x0=260038037
P3, tp=4, ts=4, x0=870850333
P2, tp=4, ts=4, x0=92536549
P1, tp=4, ts=4, x0=691756830
P1, tp=4, ts=4, x0=478903784
P3, tp=4, ts=4, x0=374635915
P1, tp=4, ts=4, x0=544952570
P1, tp=4, ts=4, x0=646668806
P2, tp=4, ts=4, x0=212977446
P2, tp=4, ts=4, x0=773961174
P2, tp=4, ts=4, x0=6415984
P1, tp=4, ts=4, x0=928756702
P3, tp=4, ts=4, x0=364801427
P2, tp=4, ts=4, x0=229605487
P3, tp=4, ts=4, x0=898652501
P1, tp=4, ts=4, x0=751464736
P0, tp=4, ts=4, x0=6415984, x1=861159218
P0, tp=4, ts=4, x0=974356170, x1=111014918
P2, tp=4, ts=4, x0=789126390
P3, tp=4, ts=4, x0=240768739
P0, tp=4, ts=4, x0=368829538, x1=233863019
P1, tp=4, ts=4, x0=374635915
P2, tp=4, ts=4, x0=893128751
P2, tp=4, ts=4, x0=600808883
P1, tp=4, ts=4, x0=646668806
P2, tp=4, ts=4, x0=839798115
P3, tp=4, ts=4, x0=6415984
P2, tp=4, ts=4, x0=146759135
P2, tp=4, ts=4, x0=969360100
P3, tp=4, ts=4, x0=537178841
P1, tp=4, ts=4, x0=322389486
P1, tp=4, ts=4, x0=989104036
P3, tp=4, ts=4, x0=751464736
P2, tp=4, ts=4, x0=212977446
P3, tp=4, ts=4, x0=22095674
P0, tp=4, ts=4, x0=368829538, x1=210846375
P2, tp=4, ts=4, x0=362454501
P2, tp=4, ts=4, x0=210846375
P1, tp=4, ts=4, x0=668723619
P1, tp=4, ts=4, x0=378863705
P0, tp=4, ts=4, x0=648980091, x1=959840046
P1, tp=4, ts=4, x0=898652501
P1, tp=4, ts=4, x0=660826492
P1, tp=4, ts=4, x0=718815901
P1, tp=4, ts=4, x0=696011574
P1, tp=4, ts=4, x0=773961174
P0, tp=4, ts=4, x0=292814440, x1=341014010
P2, tp=4, ts=4, x0=322389486
P2, tp=4, ts=4, x0=478903784
P3, tp=4, ts=4, x0=968466900
P1, tp=4, ts=4, x0=790034738
P3, tp=4, ts=4, x0=691756830
P0, tp=4, ts=4, x0=660826492, x1=660826492
P3, tp=4, ts=4, x0=584799007
P2, tp=4, ts=4, x0=429441990
P3, tp=4, ts=4, x0=718815901
P1, tp=4, ts=4, x0=288168526
P1, tp=4, ts=4, x0=959387227
P2, tp=4, ts=4, x0=544952570
P3, tp=4, ts=4, x0=849010376
P0, tp=4, ts=4, x0=364801427, x1=146759135
P1, tp=4, ts=4, x0=354012041
P2, tp=4, ts=4, x0=861159218
P0, tp=4, ts=4, x0=322389486, x1=953704570
P2, tp=4, ts=4, x0=568315041
P1, tp=4, ts=4, x0=554368371
P3, tp=4, ts=4, x0=960197595
P3, tp=4, ts=4, x0=971204661
P1, tp=4, ts=4, x0=22095674
P2, tp=4, ts=4, x0=893128751
P0, tp=4, ts=4, x0=691756830, x1=207688904
P1, tp=4, ts=4, x0=751464736
P2, tp=4, ts=4, x0=443006041
P3, tp=4, ts=4, x0=341014010
P0, tp=4, ts=4, x0=691756830, x1=937041280
P3, tp=4, ts=4, x0=538077878
P3, tp=4, ts=4, x0=870850333
P3, tp=4, ts=4, x0=804175966
P1, tp=4, ts=4, x0=968466900
P1, tp=4, ts=4, x0=953704570
P1, tp=4, ts=4, x0=948633806
P1, tp=4, ts=4, x0=365268418
P2, tp=4, ts=4, x0=969360100
P0, tp=4, ts=4, x0=478903784, x1=436859522
P3, tp=4, ts=4, x0=146759135
P0, tp=4, ts=4, x0=170535467, x1=937041280
P3, tp=4, ts=4, x0=273169780
P3, tp=4, ts=4, x0=639149944
P1, tp=4, ts=4, x0=210846375
P2, tp=4, ts=4, x0=499714986
P0, tp=4, ts=4, x0=210846375, x1=968466900
P2, tp=4, ts=4, x0=554368371
P2, tp=4, ts=4, x0=893128751
P3, tp=4, ts=4, x0=233863019
P3, tp=4, ts=4, x0=218792971
P1, tp=4, ts=4, x0=292814440
P3, tp=4, ts=4, x0=136725973
P2, tp=4, ts=4, x0=459655874
P3, tp=4, ts=4, x0=31712170
P1, tp=4, ts=4, x0=800087051
P0, tp=4, ts=4, x0=413631096, x1=751464736
P1, tp=4, ts=4, x0=959840046
P3, tp=4, ts=4, x0=652906371
P3, tp=4, ts=4, x0=146759135
P2, tp=4, ts=4, x0=364801427
P2, tp=4, ts=4, x0=365268418
P1, tp=4, ts=4, x0=871520134
P3, tp=4, ts=4, x0=953704570
P1, tp=4, ts=4, x0=960841218
P0, tp=4, ts=4, x0=6415984, x1=455880750
P3, tp=4, ts=4, x0=362454501
P2, tp=4, ts=4, x0=426439630
P0, tp=4, ts=4, x0=364801427, x1=846649726
P1, tp=4, ts=4, x0=92536549
P2, tp=4, ts=4, x0=146759135
P2, tp=4, ts=4, x0=789126390
P0, tp=4, ts=4, x0=798467068, x1=443006041
P1, tp=4, ts=4, x0=443126849
P0, tp=4, ts=4, x0=31712170, x1=421796939
P0, tp=4, ts=4, x0=3112968, x1=991599736
P2, tp=4, ts=4, x0=989104036
P0, tp=4, ts=4, x0=960841218, x1=212977446
P2, tp=4, ts=4, x0=718815901
P3, tp=4, ts=4, x0=240768739
P0, tp=4, ts=4, x0=260038037, x1=783380479
P2, tp=4, ts=4, x0=639149944
P3, tp=4, ts=4, x0=937041280
P3, tp=4, ts=4, x0=364801427
P3, tp=4, ts=4, x0=660974677
P1, tp=4, ts=4, x0=691756830
P3, tp=4, ts=4, x0=16136660
P1, tp=4, ts=4, x0=229605487
P1, tp=4, ts=4, x0=673756487
P0, tp=4, ts=4, x0=696011574, x1=341014010
P3, tp=4, ts=4, x0=354765721
P2, tp=4, ts=4, x0=288168526
P1, tp=4, ts=4, x0=584799007
P0, tp=4, ts=4, x0=557620776, x1=260038037
P2, tp=4, ts=4, x0=207688904
P2, tp=4, ts=4, x0=463416745
P3, tp=4, ts=4, x0=421796939
P0, tp=4, ts=4, x0=421796939, x1=584799007
P2, tp=4, ts=4, x0=429441990
P0, tp=4, ts=4, x0=849010376, x1=953704570
P0, tp=4, ts=4, x0=960841218, x1=960197595
P3, tp=4, ts=4, x0=372147664
P2, tp=4, ts=4, x0=456248150
P0, tp=4, ts=4, x0=481145637, x1=639149944
P1, tp=4, ts=4, x0=362454501
P0, tp=4, ts=4, x0=362454501, x1=6415984
P1, tp=4, ts=4, x0=839798115
P0, tp=4, ts=4, x0=871520134, x1=744674544
P3, tp=4, ts=4, x0=465568244
P0, tp=4, ts=4, x0=867276917, x1=600808883
P0, tp=4, ts=4, x0=898652501, x1=362454501
P3, tp=4, ts=4, x0=456248150
P2, tp=4, ts=4, x0=207688904
P2, tp=4, ts=4, x0=212977446
P3, tp=4, ts=4, x0=170535467
P1, tp=4, ts=4, x0=374635915
P1, tp=4, ts=4, x0=804175966
P1, tp=4, ts=4, x0=646668806
P2, tp=4, ts=4, x0=6415984
P3, tp=4, ts=4, x0=463416745
P1, tp=4, ts=4, x0=31712170
P2, tp=4, ts=4, x0=867276917
P0, tp=4, ts=4, x0=260038037, x1=557620776
P1, tp=4, ts=4, x0=953704570
P0, tp=4, ts=4, x0=991599736, x1=800087051
P1, tp=4, ts=4, x0=600808883
P3, tp=4, ts=4, x0=960197595
P2, tp=4, ts=4, x0=846649726
P2, tp=4, ts=4, x0=744674544
P2, tp=4, ts=4, x0=584799007
P3, tp=4, ts=4, x0=783380479
P2, tp=4, ts=4, x0=974356170
P0, tp=4, ts=4, x0=751464736, x1=463416745
P0, tp=4, ts=4, x0=783380479, x1=22095674
P3, tp=4, ts=4, x0=368829538
P1, tp=4, ts=4, x0=463416745
P0, tp=4, ts=4, x0=118185026, x1=982934950
P3, tp=4, ts=4, x0=974356170
P0, tp=4, ts=4, x0=354012041, x1=829832234
P2, tp=4, ts=4, x0=537178841
P3, tp=4, ts=4, x0=487261941
P3, tp=4, ts=4, x0=798467068
P0, tp=4, ts=4, x0=456248150, x1=594189553
P1, tp=4, ts=4, x0=429441990
P0, tp=4, ts=4, x0=544952570, x1=974356170
P3, tp=4, ts=4, x0=261252512
P1, tp=4, ts=4, x0=136725973
P0, tp=4, ts=4, x0=846649726, x1=207688904
P2, tp=4, ts=4, x0=481145637
P0, tp=4, ts=4, x0=845674636, x1=292814440
P3, tp=4, ts=4, x0=974356170
P2, tp=4, ts=4, x0=260038037
P2, tp=4, ts=4, x0=365268418
P2, tp=4, ts=4, x0=646668806
P1, tp=4, ts=4, x0=212977446
P2, tp=4, ts=4, x0=991599736
P2, tp=4, ts=4, x0=487261941
P0, tp=4, ts=4, x0=948633806, x1=673756487
P0, tp=4, ts=4, x0=180532790, x1=436859522
P0, tp=4, ts=4, x0=668723619, x1=301408761
P3, tp=4, ts=4, x0=554368371
P3, tp=4, ts=4, x0=970985577
P2, tp=4, ts=4, x0=970985577
P3, tp=4, ts=4, x0=867276917
P1, tp=4, ts=4, x0=846649726
P3, tp=4, ts=4, x0=673756487
P3, tp=4, ts=4, x0=599940945
P0, tp=4, ts=4, x0=548363367, x1=515488298
P2, tp=4, ts=4, x0=584799007
P0, tp=4, ts=4, x0=970985577, x1=261252512
P0, tp=5, ts=5, x0=661543397, x1=463416745
P1, tp=5, ts=5, x0=92536549
P3, tp=5, ts=5, x0=898652501
P1, tp=5, ts=5, x0=639149944
P1, tp=5, ts=5, x0=332184314
P1, tp=5, ts=5, x0=436859522
P1, tp=5, ts=5, x0=193706648
P1, tp=5, ts=5, x0=456248150
P1, tp=5, ts=5, x0=436859522
P2, tp=5, ts=5, x0=971204661
P3, tp=5, ts=5, x0=548363367
P2, tp=5, ts=5, x0=426439630
P2, tp=5, ts=5, x0=989104036
P3, tp=5, ts=5, x0=261252512
P0, tp=5, ts=5, x0=136725973, x1=584537875
P0, tp=5, ts=5, x0=261252512, x1=22095674
P3, tp=5, ts=5, x0=584537875
P0, tp=5, ts=5, x0=218792971, x1=364801427
P3, tp=5, ts=5, x0=368829538
P0, tp=5, ts=5, x0=365268418, x1=846649726
P0, tp=5, ts=5, x0=218792971, x1=548363367
P3, tp=5, ts=5, x0=871520134
P0, tp=5, ts=5, x0=599940945, x1=31712170
P2, tp=5, ts=5, x0=594189553
P2, tp=5, ts=5, x0=898652501
P1, tp=5, ts=5, x0=218792971
P3, tp=5, ts=5, x0=661543397
P2, tp=5, ts=5, x0=332184314
P2, tp=5, ts=5, x0=861159218
P1, tp=5, ts=5, x0=292814440
P3, tp=5, ts=5, x0=365268418
P3, tp=5, ts=5, x0=960197595
P0, tp=5, ts=5, x0=991599736, x1=368829538
P3, tp=5, ts=5, x0=364801427
P2, tp=5, ts=5, x0=557620776
P0, tp=5, ts=5, x0=516788479, x1=426439630
P2, tp=5, ts=5, x0=421796939
P1, tp=5, ts=5, x0=783380479
P1, tp=5, ts=5, x0=354765721
P0, tp=5, ts=5, x0=896656003, x1=744674544
P2, tp=5, ts=5, x0=229605487
P0, tp=5, ts=5, x0=463416745, x1=273169780
P0, tp=5, ts=5, x0=584799007, x1=136725973
P1, tp=5, ts=5, x0=6415984
P0, tp=5, ts=5, x0=261252512, x1=499714986
P1, tp=5, ts=5, x0=548363367
P2, tp=5, ts=5, x0=463416745
P1, tp=5, ts=5, x0=260038037
P1, tp=5, ts=5, x0=463416745
P3, tp=5, ts=5, x0=364801427
P3, tp=5, ts=5, x0=744674544
P1, tp=5, ts=5, x0=261252512
P1, tp=5, ts=5, x0=481145637
P2, tp=5, ts=5, x0=499714986
P2, tp=5, ts=5, x0=499714986
P1, tp=5, ts=5, x0=456248150
P2, tp=5, ts=5, x0=247669909
P1, tp=5, ts=5, x0=609244565
P3, tp=5, ts=5, x0=861159218
P1, tp=5, ts=5, x0=800087051
P1, tp=5, ts=5, x0=845674636
P2, tp=5, ts=5, x0=594189553
P1, tp=5, ts=5, x0=744674544
P0, tp=5, ts=5, x0=937041280, x1=240768739
P1, tp=5, ts=5, x0=960197595
P3, tp=5, ts=5, x0=718815901
P2, tp=5, ts=5, x0=170535467
P0, tp=5, ts=5, x0=845674636, x1=19634274
P3, tp=5, ts=5, x0=845674636
P0, tp=5, ts=5, x0=365268418, x1=548363367
P3, tp=5, ts=5, x0=374635915
P0, tp=5, ts=5, x0=260038037, x1=480240985
P0, tp=5, ts=5, x0=548363367, x1=212977446
P0, tp=5, ts=5, x0=960197595, x1=260038037
P1, tp=5, ts=5, x0=147778092
P0, tp=5, ts=5, x0=898652501, x1=212977446
P0, tp=5, ts=5, x0=365268418, x1=639149944
P3, tp=5, ts=5, x0=443006041
P1, tp=5, ts=5, x0=798467068
P1, tp=5, ts=5, x0=968466900
P3, tp=5, ts=5, x0=594189553
P2, tp=5, ts=5, x0=960197595
P1, tp=5, ts=5, x0=736230287
P1, tp=5, ts=5, x0=661543397
P3, tp=5, ts=5, x0=789126390
P1, tp=5, ts=5, x0=368829538
P0, tp=5, ts=5, x0=744674544, x1=678977599
P1, tp=5, ts=5, x0=273169780
P2, tp=5, ts=5, x0=896656003
P0, tp=5, ts=5, x0=849010376, x1=839798115
P1, tp=5, ts=5, x0=193706648
P0, tp=5, ts=5, x0=118185026, x1=867276917
P0, tp=5, ts=5, x0=790034738, x1=660826492
P3, tp=5, ts=5, x0=118185026
P0, tp=5, ts=5, x0=374635915, x1=804175966
P3, tp=5, ts=5, x0=456248150
P1, tp=5, ts=5, x0=3112968
P0, tp=5, ts=5, x0=481145637, x1=260038037
P3, tp=5, ts=5, x0=372147664
P0, tp=5, ts=5, x0=365268418, x1=180532790
P3, tp=5, ts=5, x0=251136611
P0, tp=5, ts=5, x0=301408761, x1=867276917
P0, tp=5, ts=5, x0=301408761, x1=332184314
P2, tp=5, ts=5, x0=362454501
P3, tp=5, ts=5, x0=623237646
P2, tp=5, ts=5, x0=851896678
P3, tp=5, ts=5, x0=960841218
P2, tp=5, ts=5, x0=421796939
P2, tp=5, ts=5, x0=898652501
P0, tp=5, ts=5, x0=635685582, x1=421796939
P1, tp=5, ts=5, x0=372147664
P2, tp=5, ts=5, x0=443006041
P0, tp=5, ts=5, x0=146759135, x1=207688904
P1, tp=5, ts=5, x0=426439630
P1, tp=5, ts=5, x0=19634274
P0, tp=5, ts=5, x0=118185026, x1=443006041
P2, tp=5, ts=5, x0=481145637
P2, tp=5, ts=5, x0=301408761
P0, tp=5, ts=5, x0=646668806, x1=960197595
P1, tp=5, ts=5, x0=499714986
P2, tp=5, ts=5, x0=261252512
P1, tp=5, ts=5, x0=646668806
P1, tp=5, ts=5, x0=526820959
P2, tp=5, ts=5, x0=678977599
P1, tp=5, ts=5, x0=261252512
P0, tp=5, ts=5, x0=436859522, x1=846649726
P3, tp=5, ts=5, x0=429441990
P0, tp=5, ts=5, x0=229605487, x1=971204661
P2, tp=5, ts=5, x0=609244565
P3, tp=5, ts=5, x0=846649726
P2, tp=5, ts=5, x0=959840046
P2, tp=5, ts=5, x0=456248150
P1, tp=5, ts=5, x0=968466900
P1, tp=5, ts=5, x0=960841218
P2, tp=5, ts=5, x0=368829538
P1, tp=5, ts=5, x0=364801427
P0, tp=5, ts=5, x0=177329888, x1=959840046
P1, tp=5, ts=5, x0=499714986
P0, tp=5, ts=5, x0=292814440, x1=136725973
P2, tp=5, ts=5, x0=568315041
P1, tp=5, ts=5, x0=639149944
P1, tp=5, ts=5, x0=136918708
P2, tp=5, ts=5, x0=599940945
P2, tp=5, ts=5, x0=456248150
P1, tp=5, ts=5, x0=673756487
P2, tp=5, ts=5, x0=959840046
P3, tp=5, ts=5, x0=421796939
P3, tp=5, ts=5, x0=3112968
P1, tp=5, ts=5, x0=456248150
P2, tp=5, ts=5, x0=177329888
P2, tp=5, ts=5, x0=301408761
P0, tp=5, ts=5, x0=207688904, x1=487261941
P3, tp=5, ts=5, x0=413631096
P3, tp=5, ts=5, x0=554368371
P1, tp=5, ts=5, x0=6415984
P1, tp=5, ts=5, x0=443126849
P0, tp=5, ts=5, x0=3112968, x1=991599736
P1, tp=5, ts=5, x0=136725973
P1, tp=5, ts=5, x0=481145637
P0, tp=5, ts=5, x0=480240985, x1=783380479
P3, tp=5, ts=5, x0=207688904
P1, tp=5, ts=5, x0=413631096
P3, tp=5, ts=5, x0=436859522
P1, tp=5, ts=5, x0=603797089
P1, tp=5, ts=5, x0=783380479
P3, tp=5, ts=5, x0=229605487
P1, tp=5, ts=5, x0=456248150
P1, tp=5, ts=5, x0=516788479
P3, tp=5, ts=5, x0=960841218
P0, tp=5, ts=5, x0=372147664, x1=639149944
P3, tp=5, ts=5, x0=744674544
P2, tp=5, ts=5, x0=790034738
P0, tp=5, ts=5, x0=136725973, x1=860704045
P0, tp=5, ts=5, x0=744674544, x1=247669909
P0, tp=5, ts=5, x0=229605487, x1=6415984
P2, tp=5, ts=5, x0=773961174
P2, tp=5, ts=5, x0=364801427
P0, tp=5, ts=5, x0=247669909, x1=516788479
P0, tp=5, ts=5, x0=861159218, x1=754732496
P3, tp=5, ts=5, x0=456248150
P0, tp=5, ts=5, x0=38065289, x1=960197595
P2, tp=5, ts=5, x0=6415984
P2, tp=5, ts=5, x0=584799007
P0, tp=5, ts=5, x0=478903784, x1=136918708
P2, tp=5, ts=5, x0=136918708
P2, tp=5, ts=5, x0=554368371
P0, tp=5, ts=5, x0=770727161, x1=31712170
P1, tp=5, ts=5, x0=839798115
P3, tp=5, ts=5, x0=829266065
P0, tp=5, ts=5, x0=136918708, x1=136918708
P1, tp=5, ts=5, x0=421796939
P1, tp=5, ts=5, x0=991599736
P1, tp=5, ts=5, x0=218792971
P2, tp=5, ts=5, x0=465568244
P0, tp=5, ts=5, x0=354765721, x1=841489267
P2, tp=5, ts=5, x0=860704045
P1, tp=5, ts=5, x0=829266065
P3, tp=5, ts=5, x0=968466900
P1, tp=5, ts=5, x0=660826492
P2, tp=5, ts=5, x0=841489267
P3, tp=5, ts=5, x0=829266065
P2, tp=5, ts=5, x0=603797089
P3, tp=5, ts=5, x0=487261941
P0, tp=5, ts=5, x0=515488298, x1=960841218
P3, tp=5, ts=5, x0=948830245
P2, tp=5, ts=5, x0=849010376
P2, tp=5, ts=5, x0=136918708
P1, tp=5, ts=5, x0=354765721
P1, tp=5, ts=5, x0=584537875
P1, tp=5, ts=5, x0=635685582
P2, tp=5, ts=5, x0=851896678
P0, tp=5, ts=5, x0=557620776, x1=661543397
P2, tp=5, ts=5, x0=661543397
P3, tp=5, ts=5, x0=12773642
P3, tp=5, ts=5, x0=443126849
P0, tp=5, ts=5, x0=841489267, x1=623237646
P3, tp=5, ts=5, x0=421796939
P3, tp=5, ts=5, x0=839798115
P3, tp=5, ts=5, x0=421796939
P3, tp=5, ts=5, x0=790034738
P0, tp=5, ts=5, x0=568315041, x1=609244565
P2, tp=5, ts=5, x0=118185026
P3, tp=5, ts=5, x0=769419778
P2, tp=5, ts=5, x0=678977599
P1, tp=5, ts=5, x0=463416745
P2, tp=5, ts=5, x0=6415984
P0, tp=5, ts=5, x0=991599736, x1=118185026
P1, tp=5, ts=5, x0=851896678
P0, tp=5, ts=5, x0=714570120, x1=178447784
P2, tp=5, ts=5, x0=478903784
P3, tp=5, ts=5, x0=660826492
P0, tp=5, ts=5, x0=341014010, x1=146759135
P0, tp=5, ts=5, x0=480240985, x1=273169780
P0, tp=5, ts=5, x0=754732496, x1=783380479
P3, tp=5, ts=5, x0=841489267
P3, tp=5, ts=5, x0=959840046
P2, tp=5, ts=5, x0=599940945
P1, tp=5, ts=5, x0=789126390
P3, tp=5, ts=5, x0=332184314
P2, tp=5, ts=5, x0=421796939
P1, tp=5, ts=5, x0=429441990
P0, tp=5, ts=5, x0=332184314, x1=968466900
P3, tp=5, ts=5, x0=374635915
P0, tp=5, ts=5, x0=773961174, x1=942643621
P0, tp=5, ts=5, x0=261252512, x1=721243929
P0, tp=5, ts=5, x0=770727161, x1=368829538
P3, tp=5, ts=5, x0=372147664
P1, tp=5, ts=5, x0=568315041
P0, tp=5, ts=5, x0=288168526, x1=147778092
P2, tp=5, ts=5, x0=49090121
P0, tp=5, ts=5, x0=871520134, x1=292814440
P3, tp=5, ts=5, x0=6415984
P3, tp=5, ts=5, x0=673756487
P3, tp=5, ts=5, x0=968466900
P3, tp=5, ts=5, x0=136918708
P1, tp=5, ts=5, x0=568315041
P2, tp=5, ts=5, x0=178447784
P2, tp=5, ts=5, x0=896656003
P1, tp=5, ts=5, x0=426439630
P3, tp=5, ts=5, x0=351192341
P1, tp=5, ts=5, x0=251136611
P0, tp=5, ts=5, x0=481145637, x1=845674636
P3, tp=5, ts=5, x0=251136611
P3, tp=5, ts=5, x0=136918708
P3, tp=5, ts=5, x0=661543397
P3, tp=5, ts=5, x0=721243929
P3, tp=5, ts=5, x0=525876842
P2, tp=5, ts=5, x0=177329888
P3, tp=5, ts=5, x0=861159218
P0, tp=5, ts=5, x0=341014010, x1=959840046
P1, tp=5, ts=5, x0=861159218
P0, tp=5, ts=5, x0=990614552, x1=599940945
P2, tp=5, ts=5, x0=938288107
P2, tp=5, ts=5, x0=871520134
P1, tp=5, ts=5, x0=770727161
P3, tp=5, ts=5, x0=364801427
P2, tp=5, ts=5, x0=845674636
P1, tp=5, ts=5, x0=364801427
P3, tp=5, ts=5, x0=948830245
P3, tp=5, ts=5, x0=136918708
P2, tp=5, ts=5, x0=480240985
P2, tp=5, ts=5, x0=463416745
P2, tp=5, ts=5, x0=368829538
P0, tp=5, ts=5, x0=18665614, x1=18665614
P3, tp=5, ts=5, x0=136725973
P0, tp=5, ts=5, x0=594189553, x1=639149944
P2, tp=5, ts=5, x0=374635915
P3, tp=5, ts=5, x0=12773642
P0, tp=5, ts=5, x0=773961174, x1=673756487
P3, tp=5, ts=5, x0=332184314
P1, tp=5, ts=5, x0=893128751
P1, tp=5, ts=5, x0=465568244
P0, tp=5, ts=5, x0=292814440, x1=227866787
P3, tp=5, ts=5, x0=177329888
P2, tp=5, ts=5, x0=19634274
P1, tp=5, ts=5, x0=736230287
P0, tp=5, ts=5, x0=260038037, x1=261252512
P3, tp=5, ts=5, x0=227866787
P1, tp=5, ts=5, x0=783380479
P2, tp=5, ts=5, x0=798467068
P3, tp=5, ts=5, x0=38065289
P2, tp=5, ts=5, x0=465568244
P0, tp=5, ts=5, x0=714570120, x1=456248150
P1, tp=5, ts=5, x0=846649726
P0, tp=5, ts=5, x0=968466900, x1=92536549
P2, tp=5, ts=5, x0=374635915
P0, tp=5, ts=5, x0=990614552, x1=193706648
P1, tp=5, ts=5, x0=584537875
P2, tp=5, ts=5, x0=595470176
P3, tp=5, ts=5, x0=673756487
P1, tp=5, ts=5, x0=227866787
P0, tp=5, ts=5, x0=629971180, x1=594189553
P0, tp=5, ts=5, x0=463416745, x1=736230287
P3, tp=5, ts=5, x0=260038037
P3, tp=5, ts=5, x0=942643621
P3, tp=5, ts=5, x0=783380479
P0, tp=5, ts=5, x0=146759135, x1=374635915
P3, tp=5, ts=5, x0=19634274
P3, tp=5, ts=5, x0=639149944
P0, tp=5, ts=5, x0=584537875, x1=839798115
P0, tp=5, ts=5, x0=443126849, x1=959840046
P2, tp=5, ts=5, x0=635685582
P3, tp=5, ts=5, x0=594189553
P2, tp=5, ts=5, x0=487261941
P0, tp=5, ts=5, x0=798467068, x1=261252512
P2, tp=5, ts=5, x0=548363367
P2, tp=5, ts=5, x0=256195547
P2, tp=5, ts=5, x0=443126849
P1, tp=5, ts=5, x0=860704045
P1, tp=5, ts=5, x0=292814440
P1, tp=5, ts=5, x0=594189553
P2, tp=5, ts=5, x0=364801427
P1, tp=5, ts=5, x0=478903784
P0, tp=5, ts=5, x0=146759135, x1=934778725
P2, tp=5, ts=5, x0=136725973
P1, tp=5, ts=5, x0=426439630
P3, tp=5, ts=5, x0=893128751
P2, tp=5, ts=5, x0=968466900
P3, tp=5, ts=5, x0=212977446
P1, tp=5, ts=5, x0=948830245
P3, tp=5, ts=5, x0=177329888
P0, tp=5, ts=5, x0=487261941, x1=603797089
P1, tp=5, ts=5, x0=629971180
P3, tp=5, ts=5, x0=898652501
P3, tp=5, ts=5, x0=247669909
P1, tp=5, ts=5, x0=635685582
P0, tp=5, ts=5, x0=261252512, x1=714570120
P0, tp=5, ts=5, x0=227866787, x1=609244565
P3, tp=5, ts=5, x0=463416745
P1, tp=5, ts=5, x0=480240985
P0, tp=5, ts=5, x0=292814440, x1=609244565
P1, tp=5, ts=5, x0=374635915
P3, tp=5, ts=5, x0=898652501
P0, tp=5, ts=5, x0=736230287, x1=118185026
P0, tp=5, ts=5, x0=118185026, x1=481145637
P2, tp=5, ts=5, x0=443126849
P0, tp=5, ts=5, x0=959840046, x1=230944434
P0, tp=5, ts=5, x0=36224787, x1=829266065
P1, tp=5, ts=5, x0=557033012
P0, tp=5, ts=5, x0=584537875, x1=959840046
P0, tp=5, ts=5, x0=829266065, x1=851837196
P1, tp=5, ts=5, x0=861159218
P1, tp=5, ts=5, x0=770727161
P1, tp=5, ts=5, x0=691756830
P2, tp=5, ts=5, x0=603797089
P1, tp=5, ts=5, x0=678977599
P3, tp=5, ts=5, x0=247669909
P3, tp=5, ts=5, x0=516788479
P1, tp=5, ts=5, x0=516788479
P2, tp=5, ts=5, x0=261252512
P0, tp=5, ts=5, x0=341014010, x1=19634274
P2, tp=5, ts=5, x0=938288107
P1, tp=5, ts=5, x0=661543397
P1, tp=5, ts=5, x0=871520134
P0, tp=5, ts=5, x0=609244565, x1=88988497
P3, tp=5, ts=5, x0=481145637
P1, tp=5, ts=5, x0=372147664
P3, tp=5, ts=5, x0=487261941
P3, tp=5, ts=5, x0=353048448
P0, tp=5, ts=5, x0=118185026, x1=861159218
P2, tp=5, ts=5, x0=6415984
P1, tp=5, ts=5, x0=639149944
P3, tp=5, ts=5, x0=288168526
P0, tp=5, ts=5, x0=714570120, x1=421796939
P1, tp=5, ts=5, x0=374635915
P1, tp=5, ts=5, x0=341014010
P1, tp=5, ts=5, x0=351192341
P3, tp=5, ts=5, x0=240768739
P2, tp=5, ts=5, x0=88988497
P0, tp=5, ts=5, x0=629971180, x1=118185026
P1, tp=5, ts=5, x0=368829538
P1, tp=5, ts=5, x0=829266065
P0, tp=5, ts=5, x0=937041280, x1=851896678
P3, tp=5, ts=5, x0=92536549
P2, tp=5, ts=5, x0=340662606
P3, tp=5, ts=5, x0=256195547
P0, tp=5, ts=5, x0=45153954, x1=463416745
P0, tp=5, ts=5, x0=177329888, x1=292814440
P2, tp=5, ts=5, x0=851837196
P1, tp=5, ts=5, x0=19634274
P1, tp=5, ts=5, x0=798467068
P0, tp=5, ts=5, x0=474448968, x1=92536549
P0, tp=5, ts=5, x0=595470176, x1=413631096
P2, tp=5, ts=5, x0=455880750
P0, tp=5, ts=5, x0=942643621, x1=860704045
P2, tp=5, ts=5, x0=673756487
P0, tp=5, ts=5, x0=855624328, x1=860704045
P3, tp=5, ts=5, x0=351192341
P1, tp=5, ts=5, x0=368829538
P1, tp=5, ts=5, x0=798467068
P0, tp=5, ts=5, x0=754732496, x1=942643621
P2, tp=5, ts=5, x0=841489267
P1, tp=5, ts=5, x0=968466900
P3, tp=5, ts=5, x0=851896678
P2, tp=5, ts=5, x0=340662606
P3, tp=5, ts=5, x0=773961174
P1, tp=5, ts=5, x0=351192341
P0, tp=5, ts=5, x0=783380479, x1=35416328
P2, tp=5, ts=5, x0=19634274
P1, tp=5, ts=5, x0=36224787
P3, tp=5, ts=5, x0=691756830
P0, tp=5, ts=5, x0=770727161, x1=256195547
P1, tp=5, ts=5, x0=938288107
P1, tp=5, ts=5, x0=45153954
P2, tp=5, ts=5, x0=413631096
P3, tp=5, ts=5, x0=525273246
P0, tp=5, ts=5, x0=557033012, x1=3112968
P2, tp=5, ts=5, x0=36224787
P3, tp=5, ts=5, x0=247669909
P2, tp=5, ts=5, x0=736230287
P2, tp=5, ts=5, x0=661543397
P2, tp=5, ts=5, x0=230944434
P2, tp=5, ts=5, x0=480240985
P3, tp=5, ts=5, x0=332184314
P0, tp=5, ts=5, x0=463416745, x1=754732496
P0, tp=5, ts=5, x0=798467068, x1=354765721
P1, tp=5, ts=5, x0=845674636
P0, tp=5, ts=5, x0=49090121, x1=678977599
P2, tp=5, ts=5, x0=341014010
P1, tp=5, ts=5, x0=829266065
P2, tp=5, ts=5, x0=351192341
P1, tp=5, ts=5, x0=413631096
P0, tp=5, ts=5, x0=525876842, x1=256195547
P1, tp=5, ts=5, x0=19634274
P1, tp=5, ts=5, x0=516788479
P3, tp=5, ts=5, x0=783380479
P1, tp=5, ts=5, x0=92536549
P0, tp=5, ts=5, x0=292814440, x1=256195547
P3, tp=5, ts=5, x0=968466900
P2, tp=5, ts=5, x0=368829538
P2, tp=5, ts=5, x0=714570120
P1, tp=5, ts=5, x0=45153954
P2, tp=5, ts=5, x0=934778725
P2, tp=5, ts=5, x0=754732496
P3, tp=5, ts=5, x0=770727161
P3, tp=5, ts=5, x0=594189553
P3, tp=5, ts=5, x0=639149944
P2, tp=5, ts=5, x0=3112968
P3, tp=5, ts=5, x0=661543397
P1, tp=5, ts=5, x0=292814440
P1, tp=5, ts=5, x0=773961174
P3, tp=5, ts=5, x0=635685582
P0, tp=5, ts=5, x0=351192341, x1=18665614
P0, tp=5, ts=5, x0=196317085, x1=548363367
P3, tp=5, ts=5, x0=678977599
P2, tp=5, ts=5, x0=332184314
P0, tp=5, ts=5, x0=744674544, x1=968466900
P3, tp=5, ts=5, x0=952987397
P3, tp=5, ts=5, x0=463416745
P2, tp=5, ts=5, x0=368829538
P3, tp=5, ts=5, x0=413631096
P2, tp=5, ts=5, x0=629971180
P3, tp=5, ts=5, x0=871520134
P1, tp=5, ts=5, x0=478903784
P2, tp=5, ts=5, x0=210273246
P1, tp=5, ts=5, x0=937041280
P2, tp=5, ts=5, x0=465568244
P1, tp=5, ts=5, x0=136918708
P3, tp=5, ts=5, x0=603797089
P1, tp=5, ts=5, x0=254649224
P3, tp=5, ts=5, x0=180532790
P1, tp=5, ts=5, x0=316521978
P2, tp=5, ts=5, x0=260038037
P3, tp=5, ts=5, x0=465568244
P0, tp=5, ts=5, x0=849010376, x1=773961174
P1, tp=5, ts=5, x0=413631096
P3, tp=5, ts=5, x0=851896678
P3, tp=5, ts=5, x0=351192341
P0, tp=5, ts=5, x0=251136611, x1=178447784
P1, tp=5, ts=5, x0=88988497
P0, tp=5, ts=5, x0=480240985, x1=261252512
P1, tp=5, ts=5, x0=260038037
P3, tp=5, ts=5, x0=769419778
P2, tp=5, ts=5, x0=84961908
P0, tp=5, ts=5, x0=849010376, x1=849010376
P2, tp=5, ts=5, x0=256195547
P0, tp=5, ts=5, x0=639149944, x1=177329888
P3, tp=5, ts=5, x0=35416328
P1, tp=5, ts=5, x0=147778092
P3, tp=5, ts=5, x0=736230287
P1, tp=5, ts=5, x0=770727161
P3, tp=5, ts=5, x0=937041280
P2, tp=5, ts=5, x0=515488298
P0, tp=5, ts=5, x0=937041280, x1=639149944
P3, tp=5, ts=5, x0=413631096
P0, tp=5, ts=5, x0=668723619, x1=3112968
P1, tp=5, ts=5, x0=178447784
P3, tp=5, ts=5, x0=525273246
P1, tp=5, ts=5, x0=673756487
P2, tp=5, ts=5, x0=661543397
P2, tp=5, ts=5, x0=341014010
P1, tp=5, ts=5, x0=639149944
P2, tp=5, ts=5, x0=49090121
P3, tp=5, ts=5, x0=316521978
P0, tp=5, ts=5, x0=177329888, x1=860704045
P1, tp=5, ts=5, x0=368829538
P2, tp=5, ts=5, x0=898652501
P0, tp=5, ts=5, x0=841489267, x1=668723619
P2, tp=5, ts=5, x0=111123091
P3, tp=5, ts=5, x0=227866787
P2, tp=5, ts=5, x0=738094658
P1, tp=5, ts=5, x0=254649224
P1, tp=5, ts=5, x0=937041280
P3, tp=5, ts=5, x0=136918708
P3, tp=5, ts=5, x0=855624328
P2, tp=5, ts=5, x0=557033012
P1, tp=5, ts=5, x0=938288107
P2, tp=5, ts=5, x0=716910030
P1, tp=5, ts=5, x0=841489267
P0, tp=5, ts=5, x0=661543397, x1=773961174
P0, tp=5, ts=5, x0=639149944, x1=353048448
P1, tp=5, ts=5, x0=736230287
P0, tp=5, ts=5, x0=421796939, x1=37998797
P2, tp=5, ts=5, x0=118185026
P2, tp=5, ts=5, x0=609244565
P1, tp=5, ts=5, x0=773961174
P0, tp=5, ts=5, x0=147778092, x1=487261941
P3, tp=5, ts=5, x0=247669909
P3, tp=5, ts=5, x0=721243929
P1, tp=5, ts=5, x0=525273246
P2, tp=5, ts=5, x0=661543397
P0, tp=5, ts=5, x0=554368371, x1=603797089
P3, tp=5, ts=5, x0=45153954
P2, tp=5, ts=5, x0=851837196
P2, tp=5, ts=5, x0=180532790
P0, tp=5, ts=5, x0=341014010, x1=146759135
P0, tp=5, ts=5, x0=254649224, x1=26454236
P0, tp=5, ts=5, x0=948830245, x1=49090121
P0, tp=5, ts=5, x0=177329888, x1=609244565
P3, tp=5, ts=5, x0=934778725
P1, tp=5, ts=5, x0=45153954
P0, tp=5, ts=5, x0=37998797, x1=691756830
P1, tp=5, ts=5, x0=112976504
P0, tp=5, ts=5, x0=556074347, x1=136918708
P2, tp=5, ts=5, x0=554368371
P0, tp=5, ts=5, x0=35416328, x1=738094658
P0, tp=5, ts=5, x0=901252304, x1=635685582
P2, tp=5, ts=5, x0=251136611
P0, tp=5, ts=5, x0=26454236, x1=88988497
P0, tp=5, ts=5, x0=474448968, x1=196317085
P0, tp=5, ts=5, x0=603797089, x1=136918708
P3, tp=5, ts=5, x0=557033012
P0, tp=5, ts=5, x0=851896678, x1=341014010
P3, tp=5, ts=5, x0=196317085
P2, tp=5, ts=5, x0=146759135
P0, tp=5, ts=5, x0=111123091, x1=480240985
P0, tp=5, ts=5, x0=855624328, x1=851837196
P2, tp=5, ts=5, x0=487261941
P3, tp=5, ts=5, x0=374635915
P2, tp=5, ts=5, x0=948830245
P0, tp=5, ts=5, x0=316521978, x1=152907210
P3, tp=5, ts=5, x0=316521978
P3, tp=5, ts=5, x0=196317085
P1, tp=5, ts=5, x0=736230287
P3, tp=5, ts=5, x0=227866787
P2, tp=5, ts=5, x0=749678066
P3, tp=5, ts=5, x0=754732496
P2, tp=5, ts=5, x0=12773642
P0, tp=5, ts=5, x0=584537875, x1=744674544
P3, tp=5, ts=5, x0=49090121
P0, tp=5, ts=5, x0=84961908, x1=3112968
P1, tp=5, ts=5, x0=474448968
P2, tp=5, ts=5, x0=256195547
P1, tp=5, ts=5, x0=525273246
P3, tp=5, ts=5, x0=554368371
P2, tp=5, ts=5, x0=942643621
P2, tp=5, ts=5, x0=36224787
P3, tp=5, ts=5, x0=841489267
P0, tp=5, ts=5, x0=474448968, x1=136918708
P1, tp=5, ts=5, x0=251136611
P1, tp=5, ts=5, x0=487261941
P3, tp=5, ts=5, x0=45153954
P0, tp=5, ts=5, x0=146759135, x1=178447784
P1, tp=5, ts=5, x0=292814440
P0, tp=5, ts=5, x0=851837196, x1=702625064
P3, tp=5, ts=5, x0=948830245
P1, tp=5, ts=5, x0=556074347
P3, tp=5, ts=5, x0=68901497
P3, tp=5, ts=5, x0=193706648
P1, tp=5, ts=5, x0=886671045
P2, tp=5, ts=5, x0=525876842
P1, tp=5, ts=5, x0=773961174
P1, tp=5, ts=5, x0=178447784
P2, tp=5, ts=5, x0=37998797
P2, tp=5, ts=5, x0=413631096
P3, tp=5, ts=5, x0=629971180
P1, tp=5, ts=5, x0=548363367
P1, tp=5, ts=5, x0=595470176
P2, tp=5, ts=5, x0=934778725
P0, tp=5, ts=5, x0=938288107, x1=773961174
P1, tp=5, ts=5, x0=845674636
P3, tp=5, ts=5, x0=829266065
P1, tp=5, ts=5, x0=749678066
P2, tp=5, ts=5, x0=256195547
P2, tp=5, ts=5, x0=942643621
P3, tp=5, ts=5, x0=769419778
P1, tp=5, ts=5, x0=316521978
P1, tp=5, ts=5, x0=247669909
P0, tp=5, ts=5, x0=609244565, x1=515488298
P3, tp=5, ts=5, x0=938288107
P1, tp=5, ts=5, x0=413631096
P3, tp=5, ts=5, x0=702625064
P1, tp=5, ts=5, x0=609244565
P3, tp=5, ts=5, x0=609244565
P1, tp=5, ts=5, x0=340662606
P0, tp=5, ts=5, x0=193706648, x1=594189553
P1, tp=5, ts=5, x0=595470176
P3, tp=5, ts=5, x0=152907210
P1, tp=5, ts=5, x0=178447784
P3, tp=5, ts=5, x0=556074347
P2, tp=5, ts=5, x0=353048448
P1, tp=5, ts=5, x0=960841218
P1, tp=5, ts=5, x0=465568244
P0, tp=5, ts=5, x0=516788479, x1=88988497
P1, tp=5, ts=5, x0=738094658
P0, tp=5, ts=5, x0=421796939, x1=952987397
P2, tp=5, ts=5, x0=372147664
P3, tp=5, ts=5, x0=721243929
P1, tp=5, ts=5, x0=251136611
P3, tp=5, ts=5, x0=721243929
P3, tp=5, ts=5, x0=251136611
P0, tp=5, ts=5, x0=515488298, x1=3112968
P3, tp=5, ts=5, x0=112976504
P0, tp=5, ts=5, x0=744792064, x1=68901497
P1, tp=5, ts=5, x0=557033012
P1, tp=5, ts=5, x0=769419778
P2, tp=5, ts=5, x0=584537875
P3, tp=5, ts=5, x0=548363367
P0, tp=5, ts=5, x0=661543397, x1=251136611
P0, tp=5, ts=5, x0=934778725, x1=193706648
P1, tp=5, ts=5, x0=635685582
P0, tp=5, ts=5, x0=421796939, x1=218292555
P0, tp=5, ts=5, x0=849010376, x1=112976504
P1, tp=5, ts=5, x0=118185026
P1, tp=5, ts=5, x0=12773642
P2, tp=5, ts=5, x0=112976504
P0, tp=5, ts=5, x0=554368371, x1=118185026
P1, tp=5, ts=5, x0=37998797
P0, tp=5, ts=5, x0=474448968, x1=754732496
P2, tp=5, ts=5, x0=474448968
P3, tp=5, ts=5, x0=84961908
P1, tp=5, ts=5, x0=934778725
P2, tp=5, ts=5, x0=867276917
P1, tp=5, ts=5, x0=960841218
P1, tp=5, ts=5, x0=594189553
P2, tp=5, ts=5, x0=609244565
P1, tp=5, ts=5, x0=668723619
P2, tp=5, ts=5, x0=714570120
P3, tp=5, ts=5, x0=84961908
P1, tp=5, ts=5, x0=595470176
P0, tp=5, ts=5, x0=716910030, x1=934778725
P2, tp=5, ts=5, x0=437164529
P0, tp=5, ts=5, x0=744792064, x1=256195547
P0, tp=5, ts=5, x0=744792064, x1=744792064
P1, tp=5, ts=5, x0=480240985
P1, tp=5, ts=5, x0=26454236
P2, tp=5, ts=5, x0=178447784
P2, tp=5, ts=5, x0=203484143
P1, tp=5, ts=5, x0=178447784
P1, tp=5, ts=5, x0=3112968
P2, tp=5, ts=5, x0=43237217
P1, tp=5, ts=5, x0=353048448
P1, tp=5, ts=5, x0=867276917
P3, tp=5, ts=5, x0=871415145
P3, tp=5, ts=5, x0=845674636
P0, tp=5, ts=5, x0=36224787, x1=871415145
P2, tp=5, ts=5, x0=841489267
P2, tp=5, ts=5, x0=196317085
P3, tp=5, ts=5, x0=886671045
P0, tp=5, ts=5, x0=210273246, x1=851896678
P3, tp=5, ts=5, x0=37998797
P3, tp=5, ts=5, x0=693030564
P1, tp=5, ts=5, x0=177186927
P0, tp=5, ts=5, x0=84961908, x1=480240985
P1, tp=5, ts=5, x0=673756487
P0, tp=5, ts=5, x0=855624328, x1=557033012
P0, tp=5, ts=5, x0=952987397, x1=714570120
P1, tp=5, ts=5, x0=548363367
P1, tp=5, ts=5, x0=548363367
P0, tp=5, ts=5, x0=942643621, x1=516788479
P2, tp=5, ts=5, x0=990614552
P1, tp=5, ts=5, x0=340662606
P1, tp=5, ts=5, x0=693030564
P0, tp=5, ts=5, x0=901252304, x1=12773642
P0, tp=5, ts=5, x0=556074347, x1=68901497
P3, tp=5, ts=5, x0=714570120
P2, tp=5, ts=5, x0=702625064
P1, tp=5, ts=5, x0=61958117
P1, tp=5, ts=5, x0=178447784
P2, tp=5, ts=5, x0=51786083
P3, tp=5, ts=5, x0=934778725
P1, tp=5, ts=5, x0=851896678
P0, tp=5, ts=5, x0=487261941, x1=845674636
P1, tp=5, ts=5, x0=18665614
P2, tp=5, ts=5, x0=932420093
P3, tp=5, ts=5, x0=557033012
P2, tp=5, ts=5, x0=45153954
P1, tp=5, ts=5, x0=88988497
P1, tp=5, ts=5, x0=12773642
P0, tp=5, ts=5, x0=525876842, x1=210273246
P0, tp=5, ts=5, x0=3112968, x1=549190135
P0, tp=5, ts=5, x0=18665614, x1=193706648
P3, tp=5, ts=5, x0=26454236
P1, tp=5, ts=5, x0=465568244
P1, tp=5, ts=5, x0=227866787
P3, tp=5, ts=5, x0=193706648
P1, tp=5, ts=5, x0=459378328
P0, tp=5, ts=5, x0=37998797, x1=339497191
P2, tp=5, ts=5, x0=316521978
P0, tp=5, ts=5, x0=934778725, x1=106778167
P2, tp=5, ts=5, x0=177186927
P3, tp=5, ts=5, x0=990614552
P3, tp=5, ts=5, x0=254649224
P3, tp=5, ts=5, x0=584537875
P1, tp=5, ts=5, x0=177186927
P1, tp=5, ts=5, x0=180532790
P3, tp=5, ts=5, x0=851837196
P0, tp=5, ts=5, x0=456248150, x1=456248150
P3, tp=5, ts=5, x0=193706648
P0, tp=5, ts=5, x0=68901497, x1=340662606
P1, tp=5, ts=5, x0=251136611
P1, tp=5, ts=5, x0=61958117
P0, tp=5, ts=5, x0=886671045, x1=769419778
P0, tp=5, ts=5, x0=251136611, x1=26454236
P2, tp=5, ts=5, x0=855624328
P0, tp=5, ts=5, x0=829266065, x1=111123091
P0, tp=5, ts=5, x0=829266065, x1=463416745
P2, tp=5, ts=5, x0=942643621
P0, tp=5, ts=5, x0=580878567, x1=871415145
P1, tp=5, ts=5, x0=247669909
P3, tp=5, ts=5, x0=992498338
P2, tp=5, ts=5, x0=736442075
P3, tp=5, ts=5, x0=721243929
P3, tp=5, ts=5, x0=340662606
P3, tp=5, ts=5, x0=770727161
P0, tp=5, ts=5, x0=68901497, x1=934778725
P3, tp=5, ts=5, x0=871415145
P0, tp=5, ts=5, x0=112976504, x1=118185026
P0, tp=5, ts=5, x0=84961908, x1=18665614
P3, tp=5, ts=5, x0=353048448
P2, tp=5, ts=5, x0=88988497
P1, tp=5, ts=5, x0=227866787
P2, tp=5, ts=5, x0=942643621
P0, tp=5, ts=5, x0=867276917, x1=111123091
P0, tp=5, ts=5, x0=526820959, x1=736230287
P0, tp=5, ts=5, x0=603797089, x1=252022855
P3, tp=5, ts=5, x0=754732496
P3, tp=5, ts=5, x0=465568244
P3, tp=5, ts=5, x0=256195547
P0, tp=5, ts=5, x0=43237217, x1=459378328
P1, tp=5, ts=5, x0=712174569
P1, tp=5, ts=5, x0=339497191
P0, tp=5, ts=5, x0=992498338, x1=716910030
P0, tp=5, ts=5, x0=724400144, x1=218292555
P3, tp=5, ts=5, x0=829266065
P1, tp=5, ts=5, x0=353048448
P0, tp=5, ts=5, x0=556074347, x1=942643621
P1, tp=5, ts=5, x0=26454236
P0, tp=5, ts=5, x0=886671045, x1=164716309
P0, tp=5, ts=5, x0=744892878, x1=106778167
P3, tp=5, ts=5, x0=557033012
P2, tp=5, ts=5, x0=712174569
P0, tp=5, ts=5, x0=112976504, x1=932420093
P3, tp=5, ts=5, x0=196317085
P3, tp=5, ts=5, x0=218292555
P2, tp=5, ts=5, x0=353048448
P3, tp=5, ts=5, x0=548363367
P3, tp=5, ts=5, x0=580878567
P3, tp=5, ts=5, x0=251136611
P1, tp=5, ts=5, x0=525273246
P3, tp=5, ts=5, x0=721243929
P1, tp=5, ts=5, x0=252022855
P2, tp=5, ts=5, x0=609244565
P1, tp=5, ts=5, x0=526820959
P2, tp=5, ts=5, x0=721243929
P0, tp=5, ts=5, x0=437164529, x1=952987397
P3, tp=5, ts=5, x0=871415145
P2, tp=5, ts=5, x0=901252304
P0, tp=5, ts=5, x0=594189553, x1=112976504
P2, tp=5, ts=5, x0=595470176
P1, tp=5, ts=5, x0=851837196
P0, tp=5, ts=5, x0=525876842, x1=635685582
P0, tp=5, ts=5, x0=712174569, x1=26454236
P1, tp=5, ts=5, x0=851896678
P3, tp=5, ts=5, x0=26454236
P1, tp=5, ts=5, x0=629971180
P1, tp=5, ts=5, x0=594189553
P0, tp=5, ts=5, x0=210273246, x1=749678066
P2, tp=5, ts=5, x0=429994021
P1, tp=5, ts=5, x0=340662606
P0, tp=5, ts=5, x0=548363367, x1=754732496
P3, tp=5, ts=5, x0=35416328
P0, tp=5, ts=5, x0=147778092, x1=556074347
P0, tp=5, ts=5, x0=934778725, x1=73817163
P3, tp=5, ts=5, x0=252022855
P2, tp=5, ts=5, x0=635685582
P0, tp=5, ts=5, x0=316521978, x1=12773642
P0, tp=5, ts=5, x0=580878567, x1=557033012
P2, tp=5, ts=5, x0=256195547
P2, tp=5, ts=5, x0=210273246
P1, tp=5, ts=5, x0=340662606
P1, tp=5, ts=5, x0=942643621
P0, tp=5, ts=5, x0=136918708, x1=515488298
P2, tp=5, ts=5, x0=193706648
P3, tp=5, ts=5, x0=744792064
P0, tp=5, ts=5, x0=316521978, x1=18665614
P1, tp=5, ts=5, x0=136918708
P3, tp=5, ts=5, x0=990614552
P0, tp=5, ts=5, x0=37998797, x1=749678066
P2, tp=5, ts=5, x0=210273246
P0, tp=5, ts=5, x0=736230287, x1=51786083
P2, tp=5, ts=5, x0=754732496
P0, tp=5, ts=5, x0=990614552, x1=515488298
P1, tp=5, ts=5, x0=147778092
P1, tp=5, ts=5, x0=557033012
P1, tp=5, ts=5, x0=12773642
P2, tp=5, ts=5, x0=736230287
P1, tp=5, ts=5, x0=178447784
P1, tp=5, ts=5, x0=12773642
P2, tp=5, ts=5, x0=595470176
P3, tp=5, ts=5, x0=136918708
P3, tp=5, ts=5, x0=901252304
P3, tp=5, ts=5, x0=152907210
P2, tp=5, ts=5, x0=152907210
P0, tp=5, ts=5, x0=990614552, x1=938288107
P3, tp=5, ts=5, x0=609244565
P2, tp=5, ts=5, x0=252022855
P3, tp=5, ts=5, x0=515488298
P0, tp=5, ts=5, x0=736230287, x1=62694499
P0, tp=5, ts=5, x0=256195547, x1=661543397
P2, tp=5, ts=5, x0=111123091
P2, tp=5, ts=5, x0=744792064
P2, tp=5, ts=5, x0=938288107
P3, tp=5, ts=5, x0=193706648
P1, tp=5, ts=5, x0=923048838
P3, tp=5, ts=5, x0=12773642
P2, tp=5, ts=5, x0=459378328
P1, tp=5, ts=5, x0=901252304
P0, tp=5, ts=5, x0=702625064, x1=459378328
P2, tp=5, ts=5, x0=340662606
P1, tp=5, ts=5, x0=635685582
P3, tp=5, ts=5, x0=942643621
P3, tp=5, ts=5, x0=515488298
P0, tp=5, ts=5, x0=227866787, x1=84961908
P0, tp=5, ts=5, x0=901252304, x1=702625064
P1, tp=5, ts=5, x0=716910030
P0, tp=5, ts=5, x0=674342878, x1=736442075
P1, tp=5, ts=5, x0=661543397
P1, tp=5, ts=5, x0=437164529
P1, tp=5, ts=5, x0=603797089
P3, tp=5, ts=5, x0=210273246
P0, tp=5, ts=5, x0=178447784, x1=94143331
P2, tp=5, ts=5, x0=18665614
P1, tp=5, ts=5, x0=770727161
P3, tp=5, ts=5, x0=557033012
P1, tp=5, ts=5, x0=932420093
P2, tp=5, ts=5, x0=35416328
P0, tp=5, ts=5, x0=340662606, x1=992498338
P1, tp=5, ts=5, x0=147778092
P2, tp=5, ts=5, x0=942643621
P1, tp=5, ts=5, x0=340075065
P1, tp=5, ts=5, x0=170124953
P1, tp=5, ts=5, x0=437164529
P1, tp=5, ts=5, x0=217165976
P2, tp=5, ts=5, x0=851896678
P0, tp=5, ts=5, x0=18665614, x1=334636178
P2, tp=5, ts=5, x0=203484143
P2, tp=5, ts=5, x0=712174569
P0, tp=5, ts=5, x0=340075065, x1=559577864
P3, tp=5, ts=5, x0=459378328
P3, tp=5, ts=5, x0=769419778
P1, tp=5, ts=5, x0=230944434
P3, tp=5, ts=5, x0=851896678
P3, tp=5, ts=5, x0=45153954
P2, tp=5, ts=5, x0=84961908
P2, tp=5, ts=5, x0=459378328
P0, tp=5, ts=5, x0=84961908, x1=84961908
P3, tp=5, ts=5, x0=43237217
P2, tp=5, ts=5, x0=886671045
P3, tp=5, ts=5, x0=736442075
P2, tp=5, ts=5, x0=724400144
P2, tp=5, ts=5, x0=254649224
P2, tp=5, ts=5, x0=227866787
P2, tp=5, ts=5, x0=247669909
P3, tp=5, ts=5, x0=254649224
P3, tp=5, ts=5, x0=829266065
P2, tp=5, ts=5, x0=932420093
P2, tp=5, ts=5, x0=851896678
P2, tp=5, ts=5, x0=18665614
P3, tp=5, ts=5, x0=218292555
P1, tp=5, ts=5, x0=559577864
P3, tp=5, ts=5, x0=754732496
P0, tp=5, ts=5, x0=230944434, x1=990614552
P3, tp=5, ts=5, x0=256195547
P2, tp=5, ts=5, x0=36224787
P0, tp=5, ts=5, x0=227866787, x1=152907210
P3, tp=5, ts=5, x0=609244565
P0, tp=5, ts=5, x0=938288107, x1=556074347
P2, tp=5, ts=5, x0=251136611
P1, tp=5, ts=5, x0=629971180
P2, tp=5, ts=5, x0=990614552
P0, tp=5, ts=5, x0=714570120, x1=210273246
P1, tp=5, ts=5, x0=749678066
P3, tp=5, ts=5, x0=353048448
P2, tp=5, ts=5, x0=49090121
P0, tp=5, ts=5, x0=339497191, x1=934778725
P3, tp=5, ts=5, x0=609244565
P1, tp=5, ts=5, x0=738094658
P2, tp=5, ts=5, x0=901252304
P1, tp=5, ts=5, x0=738094658
P1, tp=5, ts=5, x0=136918708
P3, tp=5, ts=5, x0=923048838
P2, tp=5, ts=5, x0=68901497
P1, tp=5, ts=5, x0=152907210
P1, tp=5, ts=5, x0=525273246
P3, tp=5, ts=5, x0=595369293
P0, tp=5, ts=5, x0=736230287, x1=841489267
P3, tp=5, ts=5, x0=459378328
P3, tp=5, ts=5, x0=851896678
P2, tp=5, ts=5, x0=203484143
P1, tp=5, ts=5, x0=36224787
P2, tp=5, ts=5, x0=37998797
P1, tp=5, ts=5, x0=340075065
P2, tp=5, ts=5, x0=18665614
P1, tp=5, ts=5, x0=754732496
P0, tp=5, ts=5, x0=744792064, x1=871415145
P0, tp=5, ts=5, x0=62694499, x1=26454236
P0, tp=5, ts=5, x0=871415145, x1=164716309
P1, tp=5, ts=5, x0=252022855
P3, tp=5, ts=5, x0=629971180
P3, tp=5, ts=5, x0=61958117
P2, tp=5, ts=5, x0=31811907
P3, tp=5, ts=5, x0=714570120
P3, tp=5, ts=5, x0=107111693
P2, tp=5, ts=5, x0=252022855
P0, tp=5, ts=5, x0=203484143, x1=353048448
P0, tp=5, ts=5, x0=334636178, x1=290846070
P1, tp=5, ts=5, x0=136918708
P2, tp=5, ts=5, x0=152907210
P3, tp=5, ts=5, x0=112976504
P1, tp=5, ts=5, x0=736442075
P3, tp=5, ts=5, x0=251136611
P0, tp=5, ts=5, x0=526820959, x1=251136611
P1, tp=5, ts=5, x0=149134593
P2, tp=5, ts=5, x0=712174569
P2, tp=5, ts=5, x0=217165976
P1, tp=5, ts=5, x0=716910030
P0, tp=5, ts=5, x0=256195547, x1=111123091
P1, tp=5, ts=5, x0=749678066
P2, tp=5, ts=5, x0=112976504
P0, tp=5, ts=5, x0=674342878, x1=934778725
P0, tp=5, ts=5, x0=152907210, x1=526820959
P0, tp=5, ts=5, x0=603797089, x1=31811907
P0, tp=5, ts=5, x0=923048838, x1=106778167
P1, tp=5, ts=5, x0=559577864
P1, tp=5, ts=5, x0=459378328
P2, tp=5, ts=5, x0=106778167
P1, tp=5, ts=5, x0=714570120
P3, tp=5, ts=5, x0=51786083
P3, tp=5, ts=5, x0=557033012
P1, tp=5, ts=5, x0=35416328
P1, tp=5, ts=5, x0=693030564
P2, tp=5, ts=5, x0=934778725
P1, tp=5, ts=5, x0=88988497
P0, tp=5, ts=5, x0=353048448, x1=948830245
P2, tp=5, ts=5, x0=468306960
P2, tp=5, ts=5, x0=942643621
P1, tp=5, ts=5, x0=932420093
P1, tp=5, ts=5, x0=61958117
P0, tp=5, ts=5, x0=94143331, x1=196317085
P1, tp=5, ts=5, x0=580878567
P3, tp=5, ts=5, x0=210273246
P1, tp=5, ts=5, x0=217165976
P2, tp=5, ts=5, x0=88988497
P2, tp=5, ts=5, x0=923048838
P1, tp=5, ts=5, x0=49090121
P2, tp=5, ts=5, x0=107111693
P1, tp=5, ts=5, x0=934778725
P0, tp=5, ts=5, x0=754732496, x1=934778725
P0, tp=5, ts=5, x0=526820959, x1=716910030
P3, tp=6, ts=6, x0=1641114
P0, tp=6, ts=6, x0=1641114, x1=744792064
P1, tp=6, ts=6, x0=557033012
P2, tp=6, ts=6, x0=702625064
P0, tp=6, ts=6, x0=851837196, x1=526820959
P0, tp=6, ts=6, x0=357264032, x1=525876842
P3, tp=6, ts=6, x0=603797089
P3, tp=6, ts=6, x0=51786083
P3, tp=6, ts=6, x0=952987397
P2, tp=6, ts=6, x0=923048838
P0, tp=6, ts=6, x0=855624328, x1=693030564
P1, tp=6, ts=6, x0=459378328
P2, tp=6, ts=6, x0=754732496
P1, tp=6, ts=6, x0=585382608
P3, tp=6, ts=6, x0=557033012
P3, tp=6, ts=6, x0=841489267
P1, tp=6, ts=6, x0=45153954
P1, tp=6, ts=6, x0=339497191
P3, tp=6, ts=6, x0=549190135
P1, tp=6, ts=6, x0=525876842
P3, tp=6, ts=6, x0=938288107
P0, tp=6, ts=6, x0=196317085, x1=549190135
P2, tp=6, ts=6, x0=45153954
P1, tp=6, ts=6, x0=724400144
P2, tp=6, ts=6, x0=934778725
P0, tp=6, ts=6, x0=84961908, x1=829266065
P2, tp=6, ts=6, x0=353048448
P0, tp=6, ts=6, x0=178447784, x1=254649224
P0, tp=6, ts=6, x0=177329888, x1=84961908
P3, tp=6, ts=6, x0=353048448
P0, tp=6, ts=6, x0=12773642, x1=339497191
P0, tp=6, ts=6, x0=595369293, x1=992498338
P2, tp=6, ts=6, x0=923048838
P0, tp=6, ts=6, x0=230944434, x1=525876842
P3, tp=6, ts=6, x0=744892878
P2, tp=6, ts=6, x0=556074347
P3, tp=6, ts=6, x0=49090121
P0, tp=6, ts=6, x0=252022855, x1=339497191
P0, tp=6, ts=6, x0=227866787, x1=106778167
P0, tp=6, ts=6, x0=459378328, x1=585382608
P3, tp=6, ts=6, x0=769419778
P1, tp=6, ts=6, x0=474448968
P2, tp=6, ts=6, x0=721243929
P2, tp=6, ts=6, x0=556074347
P1, tp=6, ts=6, x0=1641114
P3, tp=6, ts=6, x0=136918708
P1, tp=6, ts=6, x0=340662606
P1, tp=6, ts=6, x0=860704045
P2, tp=6, ts=6, x0=106778167
P0, tp=6, ts=6, x0=112976504, x1=829266065
P1, tp=6, ts=6, x0=454311334
P1, tp=6, ts=6, x0=217165976
P2, tp=6, ts=6, x0=674342878
P1, tp=6, ts=6, x0=339497191
P2, tp=6, ts=6, x0=36224787
P0, tp=6, ts=6, x0=629971180, x1=1641114
P0, tp=6, ts=6, x0=49090121, x1=213655767
P3, tp=6, ts=6, x0=885233413
P2, tp=6, ts=6, x0=26454236
P1, tp=6, ts=6, x0=967373649
P1, tp=6, ts=6, x0=340075065
P0, tp=6, ts=6, x0=886671045, x1=339497191
P3, tp=6, ts=6, x0=724400144
P0, tp=6, ts=6, x0=106778167, x1=714570120
P0, tp=6, ts=6, x0=357264032, x1=674342878
P2, tp=6, ts=6, x0=557033012
P0, tp=6, ts=6, x0=621169062, x1=94143331
P3, tp=6, ts=6, x0=559577864
P0, tp=6, ts=6, x0=73817163, x1=451407445
P1, tp=6, ts=6, x0=501684859
P2, tp=6, ts=6, x0=560973240
P0, tp=6, ts=6, x0=559577864, x1=256195547
P1, tp=6, ts=6, x0=353048448
P1, tp=6, ts=6, x0=1641114
P2, tp=6, ts=6, x0=254649224
P1, tp=6, ts=6, x0=525876842
P2, tp=6, ts=6, x0=340662606
P1, tp=6, ts=6, x0=767889452
P1, tp=6, ts=6, x0=218292555
P3, tp=6, ts=6, x0=37998797
P0, tp=6, ts=6, x0=629971180, x1=217165976
P0, tp=6, ts=6, x0=227866787, x1=468306960
P0, tp=6, ts=6, x0=736442075, x1=595369293
P1, tp=6, ts=6, x0=714570120
P0, tp=6, ts=6, x0=217165976, x1=580878567
P3, tp=6, ts=6, x0=693030564
P3, tp=6, ts=6, x0=885233413
P0, tp=6, ts=6, x0=49090121, x1=429994021
P1, tp=6, ts=6, x0=556074347
P1, tp=6, ts=6, x0=501684859
P1, tp=6, ts=6, x0=210273246
P0, tp=6, ts=6, x0=595470176, x1=149134593
P0, tp=6, ts=6, x0=923121821, x1=351192341
P2, tp=6, ts=6, x0=990614552
P3, tp=6, ts=6, x0=851837196
P0, tp=6, ts=6, x0=321037901, x1=290846070
P0, tp=6, ts=6, x0=585382608, x1=18665614
P1, tp=6, ts=6, x0=992498338
P1, tp=6, ts=6, x0=227866787
P1, tp=6, ts=6, x0=35416328
P3, tp=6, ts=6, x0=178447784
P1, tp=6, ts=6, x0=932420093
P2, tp=6, ts=6, x0=459378328
P1, tp=6, ts=6, x0=321037901
P1, tp=6, ts=6, x0=693030564
P2, tp=6, ts=6, x0=43237217
P0, tp=6, ts=6, x0=73817163, x1=541793764
P2, tp=6, ts=6, x0=923048838
P2, tp=6, ts=6, x0=218292555
P0, tp=6, ts=6, x0=556074347, x1=595369293
P2, tp=6, ts=6, x0=111123091
P3, tp=6, ts=6, x0=353048448
P3, tp=6, ts=6, x0=334636178
P0, tp=6, ts=6, x0=767889452, x1=353048448
P3, tp=6, ts=6, x0=217165976
P2, tp=6, ts=6, x0=18665614
P0, tp=6, ts=6, x0=152907210, x1=106778167
P0, tp=6, ts=6, x0=94143331, x1=49090121
P2, tp=6, ts=6, x0=712174569
P2, tp=6, ts=6, x0=105960860
P3, tp=6, ts=6, x0=557033012
P3, tp=6, ts=6, x0=736442075
P2, tp=6, ts=6, x0=855624328
P3, tp=6, ts=6, x0=18665614
P3, tp=6, ts=6, x0=84961908
P0, tp=6, ts=6, x0=73817163, x1=437164529
P2, tp=6, ts=6, x0=885233413
P2, tp=6, ts=6, x0=557033012
P3, tp=6, ts=6, x0=1641114
P0, tp=6, ts=6, x0=429994021, x1=621169062
P0, tp=6, ts=6, x0=674342878, x1=100162464
P3, tp=6, ts=6, x0=36224787
P0, tp=6, ts=6, x0=351192341, x1=170124953
P1, tp=6, ts=6, x0=871415145
P3, tp=6, ts=6, x0=353048448
P2, tp=6, ts=6, x0=767889452
P3, tp=6, ts=6, x0=904188454
P0, tp=6, ts=6, x0=372870472, x1=351192341
P0, tp=6, ts=6, x0=595369293, x1=170124953
P2, tp=6, ts=6, x0=468306960
P1, tp=6, ts=6, x0=454311334
P0, tp=6, ts=6, x0=37998797, x1=170124953
P3, tp=6, ts=6, x0=724400144
P2, tp=6, ts=6, x0=380858942
P1, tp=6, ts=6, x0=736442075
P0, tp=6, ts=6, x0=26454236, x1=170124953
P3, tp=6, ts=6, x0=465994483
P1, tp=6, ts=6, x0=51786083
P2, tp=6, ts=6, x0=340662606
P1, tp=6, ts=6, x0=716910030
P0, tp=6, ts=6, x0=556074347, x1=217165976
P3, tp=6, ts=6, x0=88988497
P1, tp=6, ts=6, x0=380858942
P0, tp=6, ts=6, x0=84961908, x1=367568060
P1, tp=6, ts=6, x0=196317085
P3, tp=6, ts=6, x0=749678066
P0, tp=6, ts=6, x0=149134593, x1=559577864
P2, tp=6, ts=6, x0=885233413
P1, tp=6, ts=6, x0=429994021
P0, tp=6, ts=6, x0=37998797, x1=886671045
P0, tp=6, ts=6, x0=339497191, x1=213655767
P0, tp=6, ts=6, x0=767889452, x1=595369293
P0, tp=6, ts=6, x0=177186927, x1=316521978
P0, tp=6, ts=6, x0=37998797, x1=256195547
P2, tp=6, ts=6, x0=952987397
P0, tp=6, ts=6, x0=885233413, x1=170124953
P0, tp=6, ts=6, x0=227866787, x1=105960860
P2, tp=6, ts=6, x0=556074347
P0, tp=6, ts=6, x0=693030564, x1=904188454
P2, tp=6, ts=6, x0=380858942
P1, tp=6, ts=6, x0=560973240
P2, tp=6, ts=6, x0=738094658
P0, tp=6, ts=6, x0=904188454, x1=595470176
P1, tp=6, ts=6, x0=340662606
P1, tp=6, ts=6, x0=73817163
P2, tp=6, ts=6, x0=37998797
P2, tp=6, ts=6, x0=411207098
P0, tp=6, ts=6, x0=164716309, x1=437164529
P3, tp=6, ts=6, x0=674342878
P0, tp=6, ts=6, x0=312349262, x1=454311334
P3, tp=6, ts=6, x0=128228522
P0, tp=6, ts=6, x0=252022855, x1=367568060
P1, tp=6, ts=6, x0=254649224
P3, tp=6, ts=6, x0=952987397
P2, tp=6, ts=6, x0=112976504
P0, tp=6, ts=6, x0=1641114, x1=252022855
P1, tp=6, ts=6, x0=367568060
P0, tp=6, ts=6, x0=992498338, x1=893893293
P0, tp=6, ts=6, x0=694917295, x1=992498338
P1, tp=6, ts=6, x0=712174569
P2, tp=6, ts=6, x0=26454236
P3, tp=6, ts=6, x0=952987397
P1, tp=6, ts=6, x0=871415145
P3, tp=6, ts=6, x0=556074347
P3, tp=6, ts=6, x0=580878567
P2, tp=6, ts=6, x0=701446546
P3, tp=6, ts=6, x0=112976504
P2, tp=6, ts=6, x0=617109892
P3, tp=6, ts=6, x0=196317085
P0, tp=6, ts=6, x0=107111693, x1=904188454
P3, tp=6, ts=6, x0=230944434
P2, tp=6, ts=6, x0=992498338
P2, tp=6, ts=6, x0=851837196
P1, tp=6, ts=6, x0=367568060
P3, tp=6, ts=6, x0=252022855
P2, tp=6, ts=6, x0=694917295
P0, tp=6, ts=6, x0=580878567, x1=321037901
P2, tp=6, ts=6, x0=885233413
P1, tp=6, ts=6, x0=724400144
P1, tp=6, ts=6, x0=855624328
P3, tp=6, ts=6, x0=254649224
P3, tp=6, ts=6, x0=62694499
P3, tp=6, ts=6, x0=36224787
P0, tp=6, ts=6, x0=353048448, x1=851837196
P1, tp=6, ts=6, x0=459378328
P1, tp=6, ts=6, x0=203484143
P3, tp=6, ts=6, x0=525273246
P3, tp=6, ts=6, x0=73817163
P0, tp=6, ts=6, x0=111123091, x1=149134593
P2, tp=6, ts=6, x0=36224787
P3, tp=6, ts=6, x0=901252304
P0, tp=6, ts=6, x0=585382608, x1=761806304
P1, tp=6, ts=6, x0=716910030
P2, tp=6, ts=6, x0=764925690
P1, tp=6, ts=6, x0=560973240
P3, tp=6, ts=6, x0=437164529
P1, tp=6, ts=6, x0=967373649
P2, tp=6, ts=6, x0=932420093
P2, tp=6, ts=6, x0=149134593
P1, tp=6, ts=6, x0=744892878
P3, tp=6, ts=6, x0=377567995
P3, tp=6, ts=6, x0=35416328
P1, tp=6, ts=6, x0=106778167
P2, tp=6, ts=6, x0=94143331
P1, tp=6, ts=6, x0=585382608
P3, tp=6, ts=6, x0=694917295
P3, tp=6, ts=6, x0=935501997
P2, tp=6, ts=6, x0=45153954
P3, tp=6, ts=6, x0=744892878
P0, tp=6, ts=6, x0=694917295, x1=525273246
P2, tp=6, ts=6, x0=73817163
P2, tp=6, ts=6, x0=465994483
P0, tp=6, ts=6, x0=340662606, x1=904188454
P1, tp=6, ts=6, x0=923121821
P3, tp=6, ts=6, x0=437164529
P2, tp=6, ts=6, x0=316521978
P0, tp=6, ts=6, x0=353048448, x1=595369293
P2, tp=6, ts=6, x0=100162464
P0, tp=6, ts=6, x0=213655767, x1=334636178
P0, tp=6, ts=6, x0=411207098, x1=744892878
P2, tp=6, ts=6, x0=252022855
P0, tp=6, ts=6, x0=213655767, x1=952987397
P0, tp=6, ts=6, x0=45153954, x1=871415145
P1, tp=6, ts=6, x0=744892878
P2, tp=6, ts=6, x0=340662606
P3, tp=6, ts=6, x0=196317085
P1, tp=6, ts=6, x0=674342878
P0, tp=6, ts=6, x0=91936105, x1=559577864
P2, tp=6, ts=6, x0=580878567
P0, tp=6, ts=6, x0=701446546, x1=736442075
P3, tp=6, ts=6, x0=312349262
P1, tp=6, ts=6, x0=100162464
P3, tp=6, ts=6, x0=380858942
P3, tp=6, ts=6, x0=43237217
P3, tp=6, ts=6, x0=367568060
P3, tp=6, ts=6, x0=429994021
P1, tp=6, ts=6, x0=932420093
P2, tp=6, ts=6, x0=437164529
P1, tp=6, ts=6, x0=459378328
P2, tp=6, ts=6, x0=380858942
P2, tp=6, ts=6, x0=871415145
P3, tp=6, ts=6, x0=203484143
P1, tp=6, ts=6, x0=541793764
P1, tp=6, ts=6, x0=559577864
P3, tp=6, ts=6, x0=177186927
P1, tp=6, ts=6, x0=885233413
P3, tp=6, ts=6, x0=572143154
P1, tp=6, ts=6, x0=474448968
P2, tp=6, ts=6, x0=308137186
P2, tp=6, ts=6, x0=195297648
P3, tp=6, ts=6, x0=339497191
P2, tp=6, ts=6, x0=290846070
P0, tp=6, ts=6, x0=572143154, x1=321037901
P3, tp=6, ts=6, x0=932420093
P3, tp=6, ts=6, x0=203484143
P1, tp=6, ts=6, x0=468306960
P0, tp=6, ts=6, x0=107111693, x1=589947901
P1, tp=6, ts=6, x0=621169062
P3, tp=6, ts=6, x0=164716309
P3, tp=6, ts=6, x0=105960860
P3, tp=6, ts=6, x0=749678066
P3, tp=6, ts=6, x0=701446546
P3, tp=6, ts=6, x0=595369293
P2, tp=6, ts=6, x0=164716309
P1, tp=6, ts=6, x0=128228522
P2, tp=6, ts=6, x0=106778167
P1, tp=6, ts=6, x0=170124953
P0, tp=6, ts=6, x0=84961908, x1=217165976
P3, tp=6, ts=6, x0=465994483
P0, tp=6, ts=6, x0=196317085, x1=213655767
P2, tp=6, ts=6, x0=62694499
P2, tp=6, ts=6, x0=37998797
P0, tp=6, ts=6, x0=749678066, x1=952987397
P1, tp=6, ts=6, x0=483598698
P3, tp=6, ts=6, x0=628190484
P3, tp=6, ts=6, x0=767889452
P0, tp=6, ts=6, x0=195297648, x1=111123091
P3, tp=6, ts=6, x0=195297648
P2, tp=6, ts=6, x0=339497191
P2, tp=6, ts=6, x0=572143154
P0, tp=6, ts=6, x0=589947901, x1=94143331
P3, tp=6, ts=6, x0=37998797
P0, tp=6, ts=6, x0=107111693, x1=210273246
P0, tp=6, ts=6, x0=465994483, x1=411207098
P2, tp=6, ts=6, x0=595369293
P3, tp=6, ts=6, x0=580878567
P1, tp=6, ts=6, x0=767889452
P0, tp=6, ts=6, x0=31811907, x1=68901497
P3, tp=6, ts=6, x0=195297648
P3, tp=6, ts=6, x0=983436499
P0, tp=6, ts=6, x0=923048838, x1=177186927
P1, tp=6, ts=6, x0=886671045
P1, tp=6, ts=6, x0=195297648
P2, tp=6, ts=6, x0=871415145
P0, tp=6, ts=6, x0=62694499, x1=459378328
P0, tp=6, ts=6, x0=589947901, x1=617109892
P3, tp=6, ts=6, x0=452790618
P3, tp=6, ts=6, x0=61958117
P2, tp=6, ts=6, x0=195297648
P1, tp=6, ts=6, x0=218292555
P3, tp=6, ts=6, x0=254649224
P0, tp=6, ts=6, x0=94143331, x1=924324086
P0, tp=6, ts=6, x0=32161349, x1=106778167
P2, tp=6, ts=6, x0=321037901
P1, tp=6, ts=6, x0=736442075
P3, tp=6, ts=6, x0=617109892
P2, tp=6, ts=6, x0=744892878
P1, tp=6, ts=6, x0=164716309
P3, tp=6, ts=6, x0=321037901
P0, tp=6, ts=6, x0=94143331, x1=4169698
P1, tp=6, ts=6, x0=885233413
P0, tp=6, ts=6, x0=958866728, x1=580878567
P3, tp=6, ts=6, x0=164716309
P2, tp=6, ts=6, x0=451407445
P3, tp=6, ts=6, x0=935501997
P0, tp=6, ts=6, x0=203484143, x1=334636178
P2, tp=6, ts=6, x0=871415145
P2, tp=6, ts=6, x0=339497191
P0, tp=6, ts=6, x0=152907210, x1=924324086
P2, tp=6, ts=6, x0=595369293
P2, tp=6, ts=6, x0=43237217
P1, tp=6, ts=6, x0=932420093
P3, tp=6, ts=6, x0=429994021
P2, tp=6, ts=6, x0=559577864
P2, tp=6, ts=6, x0=548419584
P1, tp=6, ts=6, x0=608500021
P3, tp=6, ts=6, x0=203484143
P0, tp=6, ts=6, x0=935501997, x1=904188454
P0, tp=6, ts=6, x0=91936105, x1=749678066
P1, tp=6, ts=6, x0=767889452
P2, tp=6, ts=6, x0=923121821
P1, tp=6, ts=6, x0=617109892
P2, tp=6, ts=6, x0=195297648
P1, tp=6, ts=6, x0=367568060
P3, tp=6, ts=6, x0=195297648
P1, tp=6, ts=6, x0=311077215
P2, tp=6, ts=6, x0=454311334
P1, tp=6, ts=6, x0=886671045
P2, tp=6, ts=6, x0=149134593
P1, tp=6, ts=6, x0=218292555
P2, tp=6, ts=6, x0=724400144
P0, tp=6, ts=6, x0=501684859, x1=73817163
P3, tp=6, ts=6, x0=559577864
P1, tp=6, ts=6, x0=923048838
P1, tp=6, ts=6, x0=694917295
P0, tp=6, ts=6, x0=998287941, x1=195297648
P1, tp=6, ts=6, x0=885233413
P3, tp=6, ts=6, x0=308137186
P1, tp=6, ts=6, x0=91936105
P0, tp=6, ts=6, x0=967373649, x1=380858942
P3, tp=6, ts=6, x0=73817163
P3, tp=6, ts=6, x0=144104258
P0, tp=6, ts=6, x0=43237217, x1=585382608
P1, tp=6, ts=6, x0=203484143
P0, tp=6, ts=6, x0=1641114, x1=744892878
P0, tp=6, ts=6, x0=871415145, x1=68901497
P0, tp=6, ts=6, x0=730248318, x1=339497191
P1, tp=6, ts=6, x0=437164529
P1, tp=6, ts=6, x0=621169062
P0, tp=6, ts=6, x0=218292555, x1=149134593
P0, tp=6, ts=6, x0=128228522, x1=321037901
P2, tp=6, ts=6, x0=195297648
P3, tp=6, ts=6, x0=308137186
P0, tp=6, ts=6, x0=339497191, x1=377567995
P3, tp=6, ts=6, x0=595369293
P1, tp=6, ts=6, x0=451407445
P1, tp=6, ts=6, x0=73817163
P2, tp=6, ts=6, x0=195297648
P0, tp=6, ts=6, x0=380858942, x1=334636178
P0, tp=6, ts=6, x0=339497191, x1=152907210
P1, tp=6, ts=6, x0=290846070
P3, tp=6, ts=6, x0=252022855
P2, tp=6, ts=6, x0=901252304
P2, tp=6, ts=6, x0=217165976
P2, tp=6, ts=6, x0=94143331
P3, tp=6, ts=6, x0=62694499
P1, tp=6, ts=6, x0=500383292
P2, tp=6, ts=6, x0=559577864
P1, tp=6, ts=6, x0=62694499
P3, tp=6, ts=6, x0=61958117
P3, tp=6, ts=6, x0=149134593
P0, tp=6, ts=6, x0=983436499, x1=983436499
P3, tp=6, ts=6, x0=452790618
P0, tp=6, ts=6, x0=429994021, x1=964827769
P2, tp=6, ts=6, x0=252022855
P3, tp=6, ts=6, x0=541793764
P2, tp=6, ts=6, x0=68901497
P0, tp=6, ts=6, x0=311077215, x1=308137186
P0, tp=6, ts=6, x0=608500021, x1=170124953
P2, tp=6, ts=6, x0=834698196
P2, tp=6, ts=6, x0=923048838
P0, tp=6, ts=6, x0=207858560, x1=893893293
P2, tp=6, ts=6, x0=834698196
P3, tp=6, ts=6, x0=923048838
P2, tp=6, ts=6, x0=1641114
P2, tp=6, ts=6, x0=736442075
P0, tp=6, ts=6, x0=548419584, x1=535143151
P3, tp=6, ts=6, x0=128228522
P0, tp=6, ts=6, x0=580878567, x1=967373649
P1, tp=6, ts=6, x0=885233413
P3, tp=6, ts=6, x0=213655767
P1, tp=6, ts=6, x0=724400144
P3, tp=6, ts=6, x0=598474596
P2, tp=6, ts=6, x0=483598698
P0, tp=6, ts=6, x0=73817163, x1=530343416
P3, tp=6, ts=6, x0=762680907
P0, tp=6, ts=6, x0=452790618, x1=693030564
P2, tp=6, ts=6, x0=761806304
P2, tp=6, ts=6, x0=459192419
P0, tp=6, ts=6, x0=483598698, x1=170124953
P3, tp=6, ts=6, x0=932420093
P0, tp=6, ts=6, x0=91936105, x1=43237217
P3, tp=6, ts=6, x0=535143151
P0, tp=6, ts=6, x0=91936105, x1=357264032
P0, tp=6, ts=6, x0=451407445, x1=964827769
P3, tp=6, ts=6, x0=164716309
P1, tp=6, ts=6, x0=694917295
P1, tp=6, ts=6, x0=693030564
P3, tp=6, ts=6, x0=107111693
P2, tp=6, ts=6, x0=449304916
P2, tp=6, ts=6, x0=459192419
P3, tp=6, ts=6, x0=501684859
P1, tp=6, ts=6, x0=91936105
P0, tp=6, ts=6, x0=983436499, x1=628190484
P3, tp=6, ts=6, x0=94143331
P0, tp=6, ts=6, x0=547669970, x1=572143154
P1, tp=6, ts=6, x0=701446546
P0, tp=6, ts=6, x0=547669970, x1=339497191
P2, tp=6, ts=6, x0=308137186
P0, tp=6, ts=6, x0=1641114, x1=530343416
P0, tp=6, ts=6, x0=432064988, x1=105960860
P1, tp=6, ts=6, x0=61958117
P3, tp=6, ts=6, x0=339497191
P1, tp=6, ts=6, x0=923121821
P1, tp=6, ts=6, x0=628190484
P2, tp=6, ts=6, x0=535143151
P2, tp=6, ts=6, x0=207858560
P2, tp=6, ts=6, x0=94143331
P0, tp=6, ts=6, x0=483598698, x1=598474596
P3, tp=6, ts=6, x0=694917295
P3, tp=6, ts=6, x0=170124953
P0, tp=6, ts=6, x0=441740964, x1=144104258
P2, tp=6, ts=6, x0=62694499
P1, tp=6, ts=6, x0=105960860
P2, tp=6, ts=6, x0=744892878
P2, tp=6, ts=6, x0=441740964
P1, tp=6, ts=6, x0=541793764
P3, tp=6, ts=6, x0=572143154
P1, tp=6, ts=6, x0=94143331
P1, tp=6, ts=6, x0=568581665
P2, tp=6, ts=6, x0=185292178
P0, tp=6, ts=6, x0=252022855, x1=144104258
P0, tp=6, ts=6, x0=377567995, x1=177186927
P0, tp=6, ts=6, x0=608500021, x1=372870472
P2, tp=6, ts=6, x0=311077215
P0, tp=6, ts=6, x0=736442075, x1=334636178
P3, tp=6, ts=6, x0=598474596
P1, tp=6, ts=6, x0=252022855
P2, tp=6, ts=6, x0=964827769
P2, tp=6, ts=6, x0=252022855
P0, tp=6, ts=6, x0=144104258, x1=568581665
P0, tp=6, ts=6, x0=32161349, x1=245009023
P1, tp=6, ts=6, x0=105960860
P2, tp=6, ts=6, x0=372870472
P0, tp=6, ts=6, x0=429994021, x1=595369293
P3, tp=6, ts=6, x0=724400144
P0, tp=6, ts=6, x0=674342878, x1=983436499
P0, tp=6, ts=6, x0=432064988, x1=527146384
P1, tp=6, ts=6, x0=245009023
P1, tp=6, ts=6, x0=759427354
P3, tp=6, ts=6, x0=580878567
P3, tp=6, ts=6, x0=585382608
P1, tp=6, ts=6, x0=73817163
P0, tp=6, ts=6, x0=334636178, x1=94143331
P1, tp=6, ts=6, x0=761806304
P0, tp=6, ts=6, x0=91936105, x1=958866728
P1, tp=6, ts=6, x0=185292178
P1, tp=6, ts=6, x0=964827769
P3, tp=6, ts=6, x0=170124953
P0, tp=6, ts=6, x0=334636178, x1=168111226
P3, tp=6, ts=6, x0=90521981
P2, tp=6, ts=6, x0=759427354
P2, tp=6, ts=6, x0=213655767
P1, tp=6, ts=6, x0=759427354
P1, tp=6, ts=6, x0=964827769
P0, tp=6, ts=6, x0=992498338, x1=501684859
P1, tp=6, ts=6, x0=467517983
P2, tp=6, ts=6, x0=62694499
P1, tp=6, ts=6, x0=411207098
P2, tp=6, ts=6, x0=91936105
P1, tp=6, ts=6, x0=312349262
P3, tp=6, ts=6, x0=272933059
P3, tp=6, ts=6, x0=449304916
P1, tp=6, ts=6, x0=449880464
P2, tp=6, ts=6, x0=497549076
P0, tp=6, ts=6, x0=762680907, x1=736442075
P2, tp=6, ts=6, x0=377567995
P3, tp=6, ts=6, x0=560973240
P1, tp=6, ts=6, x0=465994483
P0, tp=6, ts=6, x0=483598698, x1=923048838
P1, tp=6, ts=6, x0=530343416
P0, tp=6, ts=6, x0=963274312, x1=465994483
P1, tp=6, ts=6, x0=724400144
P2, tp=6, ts=6, x0=585382608
P2, tp=6, ts=6, x0=585382608
P1, tp=6, ts=6, x0=767889452
P2, tp=6, ts=6, x0=128228522
P3, tp=6, ts=6, x0=192930643
P3, tp=6, ts=6, x0=168111226
P1, tp=6, ts=6, x0=605766328
P2, tp=6, ts=6, x0=144043987
P2, tp=6, ts=6, x0=128228522
P1, tp=6, ts=6, x0=767889452
P1, tp=6, ts=6, x0=935501997
P0, tp=6, ts=6, x0=452790618, x1=724400144
P0, tp=6, ts=6, x0=694917295, x1=340075065
P2, tp=6, ts=6, x0=84760217
P3, tp=6, ts=6, x0=441740964
P2, tp=6, ts=6, x0=91936105
P1, tp=6, ts=6, x0=687599720
P2, tp=6, ts=6, x0=100162464
P3, tp=6, ts=6, x0=255273009
P2, tp=6, ts=6, x0=311077215
P3, tp=6, ts=6, x0=764925690
P3, tp=6, ts=6, x0=207858560
P3, tp=6, ts=6, x0=432064988
P1, tp=6, ts=6, x0=628190484
P3, tp=6, ts=6, x0=967373649
P3, tp=6, ts=6, x0=443786006
P2, tp=6, ts=6, x0=468306960
P2, tp=6, ts=6, x0=730248318
P3, tp=6, ts=6, x0=340075065
P1, tp=6, ts=6, x0=411207098
P1, tp=6, ts=6, x0=90521981
P1, tp=6, ts=6, x0=452790618
P3, tp=6, ts=6, x0=767889452
P0, tp=6, ts=6, x0=195297648, x1=451407445
P3, tp=6, ts=6, x0=764925690
P3, tp=6, ts=6, x0=767889452
P3, tp=6, ts=6, x0=885233413
P0, tp=6, ts=6, x0=983436499, x1=432064988
P1, tp=6, ts=6, x0=144104258
P1, tp=6, ts=6, x0=459192419
P3, tp=6, ts=6, x0=923048838
P2, tp=6, ts=6, x0=761806304
P2, tp=6, ts=6, x0=701446546
P0, tp=6, ts=6, x0=687599720, x1=170124953
P1, tp=6, ts=6, x0=598474596
P1, tp=6, ts=6, x0=983436499
P1, tp=6, ts=6, x0=467517983
P2, tp=6, ts=6, x0=1641114
P3, tp=6, ts=6, x0=923048838
P3, tp=6, ts=6, x0=762680907
P2, tp=6, ts=6, x0=530343416
P3, tp=6, ts=6, x0=598474596
P2, tp=6, ts=6, x0=598474596
P0, tp=6, ts=6, x0=621169062, x1=459192419
P0, tp=6, ts=6, x0=451407445, x1=1641114
P3, tp=6, ts=6, x0=885233413
P2, tp=6, ts=6, x0=31811907
P2, tp=6, ts=6, x0=560973240
P2, tp=6, ts=6, x0=411207098
P0, tp=6, ts=6, x0=298621315, x1=834698196
P1, tp=6, ts=6, x0=465994483
P0, tp=6, ts=6, x0=560973240, x1=91936105
P1, tp=6, ts=6, x0=441740964
P3, tp=6, ts=6, x0=372870472
P0, tp=6, ts=6, x0=340075065, x1=195297648
P0, tp=6, ts=6, x0=694917295, x1=340075065
P1, tp=6, ts=6, x0=628190484
P1, tp=6, ts=6, x0=585382608
P0, tp=6, ts=6, x0=761806304, x1=764925690
P2, tp=6, ts=6, x0=449880464
P2, tp=6, ts=6, x0=170124953
P1, tp=6, ts=6, x0=764925690
P0, tp=6, ts=6, x0=84760217, x1=31811907
P1, tp=6, ts=6, x0=168111226
P1, tp=6, ts=6, x0=687599720
P1, tp=6, ts=6, x0=923048838
P0, tp=6, ts=6, x0=144043987, x1=834698196
P0, tp=6, ts=6, x0=566746607, x1=272933059
P3, tp=6, ts=6, x0=149134593
P1, tp=6, ts=6, x0=893893293
P0, tp=6, ts=6, x0=357264032, x1=107111693
P1, tp=6, ts=6, x0=628190484
P1, tp=6, ts=6, x0=340075065
P3, tp=6, ts=6, x0=340075065
P1, tp=6, ts=6, x0=734963543
P3, tp=6, ts=6, x0=52043129
P2, tp=6, ts=6, x0=90521981
P2, tp=6, ts=6, x0=245009023
P3, tp=6, ts=6, x0=762680907
P3, tp=6, ts=6, x0=904188454
P2, tp=6, ts=6, x0=585382608
P3, tp=6, ts=6, x0=541793764
P2, tp=6, ts=6, x0=963393648
P0, tp=6, ts=6, x0=468306960, x1=687599720
P0, tp=6, ts=6, x0=308137186, x1=527146384
P1, tp=6, ts=6, x0=107111693
P0, tp=6, ts=6, x0=32161349, x1=128228522
P2, tp=6, ts=6, x0=547669970
P1, tp=6, ts=6, x0=764925690
P0, tp=6, ts=6, x0=608500021, x1=91936105
P3, tp=6, ts=6, x0=963393648
P2, tp=6, ts=6, x0=207858560
P2, tp=6, ts=6, x0=964827769
P1, tp=6, ts=6, x0=290846070
P2, tp=6, ts=6, x0=192930643
P1, tp=6, ts=6, x0=904188454
P0, tp=6, ts=6, x0=4169698, x1=245009023
P3, tp=6, ts=6, x0=114064038
P3, tp=6, ts=6, x0=734963543
P0, tp=6, ts=6, x0=998287941, x1=107111693
P1, tp=6, ts=6, x0=321037901
P0, tp=6, ts=6, x0=411207098, x1=107111693
P3, tp=6, ts=6, x0=357264032
P0, tp=6, ts=6, x0=128228522, x1=114064038
P0, tp=6, ts=6, x0=321037901, x1=449880464
P1, tp=6, ts=6, x0=441740964
P3, tp=6, ts=6, x0=924324086
P1, tp=6, ts=6, x0=559577864
P3, tp=6, ts=6, x0=881401427
P1, tp=6, ts=6, x0=898365340
P3, tp=6, ts=6, x0=449304916
P0, tp=6, ts=6, x0=935501997, x1=213655767
P0, tp=6, ts=6, x0=409374706, x1=149134593
P2, tp=6, ts=6, x0=500383292
P3, tp=6, ts=6, x0=207858560
P3, tp=6, ts=6, x0=357264032
P3, tp=6, ts=6, x0=144104258
P2, tp=6, ts=6, x0=595369293
P0, tp=6, ts=6, x0=734963543, x1=154075157
P0, tp=6, ts=6, x0=527146384, x1=52043129
P3, tp=6, ts=6, x0=114064038
P0, tp=6, ts=6, x0=501684859, x1=572143154
P1, tp=6, ts=6, x0=548419584
P2, tp=6, ts=6, x0=272933059
P1, tp=6, ts=6, x0=983436499
P0, tp=6, ts=6, x0=996802530, x1=881401427
P1, tp=6, ts=6, x0=441740964
P1, tp=6, ts=6, x0=560973240
P0, tp=6, ts=6, x0=154075157, x1=885233413
P1, tp=6, ts=6, x0=321037901
P2, tp=6, ts=6, x0=904188454
P3, tp=6, ts=6, x0=454311334
P1, tp=6, ts=6, x0=767889452
P3, tp=6, ts=6, x0=432064988
P2, tp=6, ts=6, x0=192930643
P1, tp=6, ts=6, x0=357264032
P2, tp=6, ts=6, x0=451407445
P2, tp=6, ts=6, x0=245009023
P1, tp=6, ts=6, x0=696179508
P1, tp=6, ts=6, x0=465994483
P1, tp=6, ts=6, x0=272933059
P2, tp=6, ts=6, x0=468306960
P0, tp=6, ts=6, x0=566746607, x1=1641114
P1, tp=6, ts=6, x0=924324086
P3, tp=6, ts=6, x0=963274312
P2, tp=6, ts=6, x0=904188454
P1, tp=6, ts=6, x0=764925690
P0, tp=6, ts=6, x0=245009023, x1=411207098
P3, tp=6, ts=6, x0=185292178
P3, tp=6, ts=6, x0=904188454
P1, tp=6, ts=6, x0=207858560
P3, tp=6, ts=6, x0=459470182
P2, tp=6, ts=6, x0=100162464
P0, tp=6, ts=6, x0=568581665, x1=269440805
P2, tp=6, ts=6, x0=548419584
P0, tp=6, ts=6, x0=958866728, x1=357264032
P0, tp=6, ts=6, x0=924324086, x1=605766328
P2, tp=6, ts=6, x0=231852668
P2, tp=6, ts=6, x0=530343416
P3, tp=6, ts=6, x0=272933059
P2, tp=6, ts=6, x0=730248318
P1, tp=6, ts=6, x0=617109892
P0, tp=6, ts=6, x0=598474596, x1=269440805
P0, tp=6, ts=6, x0=935501997, x1=967373649
P2, tp=6, ts=6, x0=548419584
P1, tp=6, ts=6, x0=269440805
P3, tp=6, ts=6, x0=598474596
P0, tp=6, ts=6, x0=449880464, x1=213655767
P0, tp=6, ts=6, x0=105960860, x1=762680907
P2, tp=6, ts=6, x0=501684859
P0, tp=6, ts=6, x0=501684859, x1=465994483
P3, tp=6, ts=6, x0=144104258
P3, tp=6, ts=6, x0=548419584
P1, tp=6, ts=6, x0=585382608
P0, tp=6, ts=6, x0=728580880, x1=409374706
P2, tp=6, ts=6, x0=687599720
P2, tp=6, ts=6, x0=168111226
P0, tp=6, ts=6, x0=90521981, x1=621169062
P1, tp=6, ts=6, x0=144043987
P1, tp=6, ts=6, x0=144043987
P3, tp=6, ts=6, x0=441740964
P1, tp=6, ts=6, x0=605766328
P1, tp=6, ts=6, x0=964827769
P2, tp=6, ts=6, x0=572143154
P1, tp=6, ts=6, x0=38162545
P1, tp=6, ts=6, x0=574472811
P1, tp=6, ts=6, x0=885233413
P0, tp=6, ts=6, x0=128228522, x1=4169698
P2, tp=6, ts=6, x0=272933059
P2, tp=6, ts=6, x0=687599720
P1, tp=6, ts=6, x0=500383292
P3, tp=6, ts=6, x0=617109892
P1, tp=6, ts=6, x0=467517983
P2, tp=6, ts=6, x0=996802530
P1, tp=6, ts=6, x0=454311334
P1, tp=6, ts=6, x0=465994483
P0, tp=6, ts=6, x0=924324086, x1=4169698
P2, tp=6, ts=6, x0=105960860
P3, tp=6, ts=6, x0=300701925
P3, tp=6, ts=6, x0=711815395
P2, tp=6, ts=6, x0=710640137
P0, tp=6, ts=6, x0=105960860, x1=231852668
P1, tp=6, ts=6, x0=500383292
P3, tp=6, ts=6, x0=628190484
P1, tp=6, ts=6, x0=548419584
P1, tp=6, ts=6, x0=728580880
P1, tp=6, ts=6, x0=298621315
P0, tp=6, ts=6, x0=32161349, x1=409374706
P1, tp=6, ts=6, x0=694917295
P3, tp=6, ts=6, x0=114543374
P3, tp=6, ts=6, x0=568581665
P2, tp=6, ts=6, x0=548419584
P3, tp=6, ts=6, x0=904188454
P2, tp=6, ts=6, x0=535143151
P1, tp=6, ts=6, x0=964827769
P0, tp=6, ts=6, x0=958866728, x1=185292178
P1, tp=6, ts=6, x0=701446546
P1, tp=6, ts=6, x0=541793764
P1, tp=6, ts=6, x0=530343416
P2, tp=6, ts=6, x0=84760217
P2, tp=6, ts=6, x0=451407445
P2, tp=6, ts=6, x0=90521981
P2, tp=6, ts=6, x0=541793764
P1, tp=6, ts=6, x0=933912693
P2, tp=6, ts=6, x0=321037901
P1, tp=6, ts=6, x0=696179508
P0, tp=6, ts=6, x0=311077215, x1=409374706
P3, tp=6, ts=6, x0=168111226
P2, tp=6, ts=6, x0=411207098
P0, tp=6, ts=6, x0=568581665, x1=605766328
P3, tp=6, ts=6, x0=300701925
P3, tp=6, ts=6, x0=344138838
P2, tp=6, ts=6, x0=380858942
P0, tp=6, ts=6, x0=114543374, x1=114543374
P1, tp=6, ts=6, x0=185292178
P3, tp=6, ts=6, x0=321037901
P3, tp=6, ts=6, x0=881401427
P1, tp=6, ts=6, x0=272933059
P2, tp=6, ts=6, x0=36811890
P3, tp=6, ts=6, x0=207858560
P3, tp=6, ts=6, x0=441740964
P1, tp=6, ts=6, x0=321037901
P0, tp=6, ts=6, x0=933912693, x1=459192419
P1, tp=6, ts=6, x0=933912693
P1, tp=6, ts=6, x0=367568060
P1, tp=6, ts=6, x0=52043129
P1, tp=6, ts=6, x0=272933059
P3, tp=6, ts=6, x0=694917295
P0, tp=6, ts=6, x0=924324086, x1=963274312
P1, tp=6, ts=6, x0=36811890
P2, tp=6, ts=6, x0=714432740
P2, tp=6, ts=6, x0=628190484
P2, tp=6, ts=6, x0=687599720
P1, tp=6, ts=6, x0=728580880
P1, tp=6, ts=6, x0=367568060
P0, tp=6, ts=6, x0=372870472, x1=483598698
P2, tp=6, ts=6, x0=459192419
P0, tp=6, ts=6, x0=300701925, x1=568581665
P3, tp=6, ts=6, x0=298621315
P0, tp=6, ts=6, x0=566746607, x1=758642448
P2, tp=6, ts=6, x0=449304916
P1, tp=6, ts=6, x0=443786006
P3, tp=6, ts=6, x0=443786006
P3, tp=6, ts=6, x0=530343416
P2, tp=6, ts=6, x0=465994483
P0, tp=6, ts=6, x0=459192419, x1=311077215
P0, tp=6, ts=6, x0=983436499, x1=998287941
P3, tp=6, ts=6, x0=541793764
P0, tp=6, ts=6, x0=696179508, x1=452790618
P1, tp=6, ts=6, x0=128228522
P0, tp=6, ts=6, x0=834698196, x1=114543374
P1, tp=6, ts=6, x0=500383292
P0, tp=6, ts=6, x0=963393648, x1=4169698
P2, tp=6, ts=6, x0=449880464
P2, tp=6, ts=6, x0=321037901
P3, tp=6, ts=6, x0=185292178
P0, tp=6, ts=6, x0=530343416, x1=409374706
P3, tp=6, ts=6, x0=996802530
P0, tp=6, ts=6, x0=344138838, x1=459192419
P1, tp=6, ts=6, x0=207858560
P3, tp=6, ts=6, x0=68732922
P1, tp=6, ts=6, x0=195297648
P0, tp=6, ts=6, x0=300701925, x1=459470182
P2, tp=6, ts=6, x0=195297648
P3, tp=6, ts=6, x0=380858942
P3, tp=6, ts=6, x0=272933059
P0, tp=6, ts=6, x0=881401427, x1=154075157
P1, tp=6, ts=6, x0=628190484
P2, tp=6, ts=6, x0=963274312
P0, tp=6, ts=6, x0=68732922, x1=344138838
P0, tp=6, ts=6, x0=399256606, x1=312349262
P3, tp=6, ts=6, x0=530343416
P0, tp=6, ts=6, x0=764925690, x1=500383292
P2, tp=6, ts=6, x0=687599720
P1, tp=6, ts=6, x0=572143154
P0, tp=6, ts=6, x0=245009023, x1=996802530
P2, tp=6, ts=6, x0=100162464
P2, tp=6, ts=6, x0=449304916
P1, tp=6, ts=6, x0=195297648
P1, tp=6, ts=6, x0=730248318
P1, tp=6, ts=6, x0=300701925
P0, tp=6, ts=6, x0=154075157, x1=269440805
P0, tp=6, ts=6, x0=91936105, x1=541793764
P0, tp=6, ts=6, x0=441740964, x1=541793764
P1, tp=6, ts=6, x0=617109892
P1, tp=6, ts=6, x0=312349262
P2, tp=6, ts=6, x0=183427998
P1, tp=6, ts=6, x0=935501997
P1, tp=6, ts=6, x0=710640137
P0, tp=6, ts=6, x0=935501997, x1=568581665
P0, tp=6, ts=6, x0=311077215, x1=443786006
P0, tp=6, ts=6, x0=272933059, x1=312349262
P3, tp=6, ts=6, x0=628190484
P2, tp=6, ts=6, x0=764925690
P3, tp=6, ts=6, x0=761806304
P3, tp=6, ts=6, x0=207858560
P3, tp=6, ts=6, x0=344138838
P2, tp=6, ts=6, x0=189440773
P2, tp=6, ts=6, x0=605766328
P1, tp=6, ts=6, x0=377567995
P1, tp=6, ts=6, x0=648931437
P2, tp=6, ts=6, x0=245009023
P2, tp=6, ts=6, x0=762680907
P2, tp=6, ts=6, x0=696179508
P0, tp=6, ts=6, x0=695213184, x1=32161349
P2, tp=6, ts=6, x0=443786006
P1, tp=6, ts=6, x0=648931437
P3, tp=6, ts=6, x0=154075157
P1, tp=6, ts=6, x0=185292178
P1, tp=6, ts=6, x0=183427998
P0, tp=6, ts=6, x0=608791862, x1=935501997
P1, tp=6, ts=6, x0=574472811
P2, tp=6, ts=6, x0=574472811
P1, tp=6, ts=6, x0=310809422
P2, tp=6, ts=6, x0=728580880
P1, tp=6, ts=6, x0=747068441
P1, tp=6, ts=6, x0=898365340
P0, tp=6, ts=6, x0=996802530, x1=527146384
P0, tp=6, ts=6, x0=411207098, x1=112895561
P2, tp=6, ts=6, x0=255273009
P0, tp=6, ts=6, x0=185292178, x1=399256606
P0, tp=6, ts=6, x0=893893293, x1=648931437
P2, tp=6, ts=6, x0=568581665
P3, tp=6, ts=6, x0=154075157
P0, tp=6, ts=6, x0=572143154, x1=477616538
P2, tp=6, ts=6, x0=545692779
P2, tp=6, ts=6, x0=608500021
P2, tp=6, ts=6, x0=636142374
P2, tp=6, ts=6, x0=154075157
P3, tp=6, ts=6, x0=963274312
P0, tp=6, ts=6, x0=195297648, x1=36811890
P0, tp=6, ts=6, x0=310809422, x1=269440805
P2, tp=6, ts=6, x0=207858560
P0, tp=6, ts=6, x0=608791862, x1=32161349
P3, tp=6, ts=6, x0=377567995
P1, tp=6, ts=6, x0=764925690
P1, tp=6, ts=6, x0=924324086
P3, tp=6, ts=6, x0=114064038
P0, tp=6, ts=6, x0=231852668, x1=432064988
P2, tp=6, ts=6, x0=572143154
P1, tp=6, ts=6, x0=935501997
P0, tp=6, ts=6, x0=192930643, x1=566746607
P0, tp=6, ts=6, x0=114064038, x1=189440773
P3, tp=6, ts=6, x0=983436499
P1, tp=6, ts=6, x0=714432740
P2, tp=6, ts=6, x0=319087073
P0, tp=6, ts=6, x0=996802530, x1=298621315
P2, tp=6, ts=6, x0=636142374
P3, tp=6, ts=6, x0=449880464
P1, tp=6, ts=6, x0=467517983
P2, tp=6, ts=6, x0=114064038
P2, tp=6, ts=6, x0=983436499
P2, tp=6, ts=6, x0=459192419
P0, tp=6, ts=6, x0=734963543, x1=452790618
P2, tp=6, ts=6, x0=112895561
P2, tp=6, ts=6, x0=687599720
P0, tp=6, ts=6, x0=185292178, x1=964827769
P2, tp=6, ts=6, x0=183427998
P3, tp=6, ts=6, x0=762680907
P3, tp=6, ts=6, x0=572143154
P0, tp=6, ts=6, x0=36811890, x1=758642448
P2, tp=6, ts=6, x0=269440805
P2, tp=6, ts=6, x0=308137186
P1, tp=6, ts=6, x0=311077215
P0, tp=6, ts=6, x0=459192419, x1=112895561
P3, tp=6, ts=6, x0=834698196
P0, tp=6, ts=6, x0=898365340, x1=207858560
P0, tp=6, ts=6, x0=183427998, x1=998287941
P3, tp=6, ts=6, x0=317625599
P2, tp=6, ts=6, x0=933912693
P0, tp=6, ts=6, x0=734963543, x1=144043987
P3, tp=6, ts=6, x0=711815395
P0, tp=6, ts=6, x0=51298768, x1=168111226
P0, tp=6, ts=6, x0=535143151, x1=409374706
P2, tp=6, ts=6, x0=90521981
P2, tp=6, ts=6, x0=701446546
P1, tp=6, ts=6, x0=311077215
P2, tp=6, ts=6, x0=687599720
P3, tp=6, ts=6, x0=245009023
P2, tp=6, ts=6, x0=598474596
P2, tp=6, ts=6, x0=311077215
P3, tp=6, ts=6, x0=924324086
P3, tp=6, ts=6, x0=231852668
P3, tp=6, ts=6, x0=272933059
P0, tp=6, ts=6, x0=758642448, x1=687599720
P1, tp=6, ts=6, x0=443786006
P2, tp=6, ts=6, x0=535143151
P3, tp=6, ts=6, x0=144104258
P3, tp=6, ts=6, x0=598474596
P0, tp=6, ts=6, x0=319087073, x1=350833544
P1, tp=6, ts=6, x0=183427998
P0, tp=6, ts=6, x0=449880464, x1=452790618
P1, tp=6, ts=6, x0=311077215
P1, tp=6, ts=6, x0=608791862
P0, tp=6, ts=6, x0=90521981, x1=350833544
P0, tp=6, ts=6, x0=605766328, x1=687599720
P3, tp=6, ts=6, x0=628190484
P0, tp=6, ts=6, x0=881401427, x1=628190484
P0, tp=6, ts=6, x0=274805406, x1=794267754
P2, tp=6, ts=6, x0=158719929
P0, tp=6, ts=6, x0=195297648, x1=300701925
P1, tp=6, ts=6, x0=207858560
P1, tp=6, ts=6, x0=747068441
P1, tp=6, ts=6, x0=527146384
P2, tp=6, ts=6, x0=530343416
P2, tp=6, ts=6, x0=998287941
P3, tp=6, ts=6, x0=42634425
P0, tp=6, ts=6, x0=477616538, x1=566746607
P3, tp=6, ts=6, x0=696179508
P1, tp=6, ts=6, x0=747068441
P3, tp=6, ts=6, x0=933912693
P3, tp=6, ts=6, x0=500383292
P0, tp=6, ts=6, x0=311077215, x1=794267754
P1, tp=6, ts=6, x0=714432740
P1, tp=6, ts=6, x0=449880464
P3, tp=6, ts=6, x0=734963543
P1, tp=6, ts=6, x0=274805406
P3, tp=6, ts=6, x0=250892749
P3, tp=6, ts=6, x0=192930643
P3, tp=6, ts=6, x0=755129506
P3, tp=6, ts=6, x0=350833544
P2, tp=6, ts=6, x0=983436499
P3, tp=6, ts=6, x0=898365340
P1, tp=6, ts=6, x0=636142374
P0, tp=6, ts=6, x0=755129506, x1=500383292
P0, tp=6, ts=6, x0=168111226, x1=441740964
P3, tp=6, ts=6, x0=189440773
P0, tp=6, ts=6, x0=36811890, x1=84760217
P3, tp=6, ts=6, x0=477616538
P2, tp=6, ts=6, x0=497549076
P1, tp=6, ts=6, x0=963393648
P2, tp=6, ts=6, x0=265819506
P3, tp=6, ts=6, x0=568581665
P1, tp=6, ts=6, x0=272933059
P0, tp=6, ts=6, x0=963274312, x1=527146384
P1, tp=6, ts=6, x0=158719929
P1, tp=6, ts=6, x0=4169698
P3, tp=7, ts=7, x0=250892749
P0, tp=7, ts=7, x0=497549076, x1=344138838
P1, tp=7, ts=7, x0=459192419
P2, tp=7, ts=7, x0=898365340
P3, tp=7, ts=7, x0=734963543
P3, tp=7, ts=7, x0=924324086
P1, tp=7, ts=7, x0=548419584
P3, tp=7, ts=7, x0=183427998
P2, tp=7, ts=7, x0=958866728
P1, tp=7, ts=7, x0=298621315
P1, tp=7, ts=7, x0=958866728
P0, tp=7, ts=7, x0=459192419, x1=755129506
P3, tp=7, ts=7, x0=272933059
P3, tp=7, ts=7, x0=574472811
P3, tp=7, ts=7, x0=42634425
P0, tp=7, ts=7, x0=711815395, x1=983436499
P1, tp=7, ts=7, x0=308137186
P3, tp=7, ts=7, x0=963393648
P2, tp=7, ts=7, x0=483598698
P0, tp=7, ts=7, x0=112895561, x1=504485040
P3, tp=7, ts=7, x0=747068441
P3, tp=7, ts=7, x0=695213184
P0, tp=7, ts=7, x0=195297648, x1=695213184
P3, tp=7, ts=7, x0=881401427
P0, tp=7, ts=7, x0=158719929, x1=627375426
P2, tp=7, ts=7, x0=441740964
P2, tp=7, ts=7, x0=449880464
P0, tp=7, ts=7, x0=566746607, x1=38162545
P3, tp=7, ts=7, x0=298621315
P3, tp=7, ts=7, x0=84760217
P1, tp=7, ts=7, x0=568581665
P3, tp=7, ts=7, x0=898365340
P3, tp=7, ts=7, x0=568581665
P1, tp=7, ts=7, x0=274805406
P3, tp=7, ts=7, x0=527146384
P3, tp=7, ts=7, x0=311077215
P3, tp=7, ts=7, x0=734963543
P2, tp=7, ts=7, x0=207858560
P1, tp=7, ts=7, x0=956143349
P3, tp=7, ts=7, x0=192930643
P1, tp=7, ts=7, x0=250892749
P3, tp=7, ts=7, x0=963274312
P0, tp=7, ts=7, x0=52043129, x1=924324086
P3, tp=7, ts=7, x0=42634425
P2, tp=7, ts=7, x0=517025485
P3, tp=7, ts=7, x0=432064988
P3, tp=7, ts=7, x0=265819506
P1, tp=7, ts=7, x0=659197931
P2, tp=7, ts=7, x0=245009023
P1, tp=7, ts=7, x0=821397077
P1, tp=7, ts=7, x0=504485040
P1, tp=7, ts=7, x0=956143349
P2, tp=7, ts=7, x0=154075157
P0, tp=7, ts=7, x0=794267754, x1=245009023
P2, tp=7, ts=7, x0=695213184
P3, tp=7, ts=7, x0=432064988
P3, tp=7, ts=7, x0=269440805
P1, tp=7, ts=7, x0=759427354
P2, tp=7, ts=7, x0=250892749
P0, tp=7, ts=7, x0=90521981, x1=452790618
P3, tp=7, ts=7, x0=185292178
P1, tp=7, ts=7, x0=51298768
P0, tp=7, ts=7, x0=350833544, x1=714432740
P3, tp=7, ts=7, x0=36811890
P1, tp=7, ts=7, x0=497549076
P0, tp=7, ts=7, x0=409374706, x1=755129506
P1, tp=7, ts=7, x0=269440805
P1, tp=7, ts=7, x0=42634425
P2, tp=7, ts=7, x0=231852668
P1, tp=7, ts=7, x0=605766328
P2, tp=7, ts=7, x0=627375426
P1, tp=7, ts=7, x0=730248318
P1, tp=7, ts=7, x0=527146384
P2, tp=7, ts=7, x0=51298768
P2, tp=7, ts=7, x0=52043129
P0, tp=7, ts=7, x0=50691269, x1=924324086
P0, tp=7, ts=7, x0=272933059, x1=375871556
P1, tp=7, ts=7, x0=459470182
P1, tp=7, ts=7, x0=535143151
P3, tp=7, ts=7, x0=608791862
P0, tp=7, ts=7, x0=758642448, x1=459192419
P2, tp=7, ts=7, x0=269440805
P3, tp=7, ts=7, x0=51298768
P3, tp=7, ts=7, x0=898365340
P3, tp=7, ts=7, x0=834698196
P0, tp=7, ts=7, x0=449880464, x1=933912693
P2, tp=7, ts=7, x0=255273009
P1, tp=7, ts=7, x0=231852668
P2, tp=7, ts=7, x0=432064988
P2, tp=7, ts=7, x0=114543374
P1, tp=7, ts=7, x0=4169698
P1, tp=7, ts=7, x0=409374706
P1, tp=7, ts=7, x0=728580880
P0, tp=7, ts=7, x0=189440773, x1=52043129
P1, tp=7, ts=7, x0=714432740
P2, tp=7, ts=7, x0=608791862
P1, tp=7, ts=7, x0=608727628
P0, tp=7, ts=7, x0=86150724, x1=409374706
P1, tp=7, ts=7, x0=50691269
P2, tp=7, ts=7, x0=274805406
P1, tp=7, ts=7, x0=956143349
P2, tp=7, ts=7, x0=747068441
P2, tp=7, ts=7, x0=272933059
P1, tp=7, ts=7, x0=623074554
P1, tp=7, ts=7, x0=964827769
P1, tp=7, ts=7, x0=964827769
P3, tp=7, ts=7, x0=504485040
P0, tp=7, ts=7, x0=574472811, x1=636142374
P1, tp=7, ts=7, x0=598474596
P3, tp=7, ts=7, x0=274805406
P1, tp=7, ts=7, x0=52043129
P1, tp=7, ts=7, x0=84760217
P0, tp=7, ts=7, x0=973370573, x1=185292178
P0, tp=7, ts=7, x0=797699563, x1=319087073
P3, tp=7, ts=7, x0=84760217
P3, tp=7, ts=7, x0=758642448
P3, tp=7, ts=7, x0=269440805
P2, tp=7, ts=7, x0=498248164
P3, tp=7, ts=7, x0=794267754
P3, tp=7, ts=7, x0=696179508
P2, tp=7, ts=7, x0=500383292
P3, tp=7, ts=7, x0=755129506
P2, tp=7, ts=7, x0=192930643
P2, tp=7, ts=7, x0=10166326
P1, tp=7, ts=7, x0=298621315
P3, tp=7, ts=7, x0=500383292
P2, tp=7, ts=7, x0=497549076
P2, tp=7, ts=7, x0=38162545
P2, tp=7, ts=7, x0=459470182
P2, tp=7, ts=7, x0=794267754
P0, tp=7, ts=7, x0=36811890, x1=168111226
P2, tp=7, ts=7, x0=144043987
P3, tp=7, ts=7, x0=608727628
P2, tp=7, ts=7, x0=185292178
P3, tp=7, ts=7, x0=574472811
P3, tp=7, ts=7, x0=500383292
P0, tp=7, ts=7, x0=933912693, x1=608791862
P0, tp=7, ts=7, x0=317625599, x1=298621315
P3, tp=7, ts=7, x0=432064988
P1, tp=7, ts=7, x0=36811890
P3, tp=7, ts=7, x0=545692779
P2, tp=7, ts=7, x0=208523542
P3, tp=7, ts=7, x0=114064038
P0, tp=7, ts=7, x0=500383292, x1=648931437
P3, tp=7, ts=7, x0=964827769
P3, tp=7, ts=7, x0=310809422
P3, tp=7, ts=7, x0=772985227
P3, tp=7, ts=7, x0=208523542
P1, tp=7, ts=7, x0=498248164
P2, tp=7, ts=7, x0=90521981
P0, tp=7, ts=7, x0=995192117, x1=185292178
P1, tp=7, ts=7, x0=933912693
P0, tp=7, ts=7, x0=467517983, x1=780571848
P2, tp=7, ts=7, x0=409374706
P3, tp=7, ts=7, x0=996802530
P3, tp=7, ts=7, x0=498248164
P2, tp=7, ts=7, x0=821397077
P1, tp=7, ts=7, x0=898365340
P3, tp=7, ts=7, x0=797699563
P1, tp=7, ts=7, x0=418512554
P0, tp=7, ts=7, x0=274805406, x1=728580880
P0, tp=7, ts=7, x0=794267754, x1=350833544
P0, tp=7, ts=7, x0=821397077, x1=889426579
P0, tp=7, ts=7, x0=211626171, x1=114543374
P0, tp=7, ts=7, x0=794267754, x1=185292178
P3, tp=7, ts=7, x0=350833544
P3, tp=7, ts=7, x0=477616538
P3, tp=7, ts=7, x0=255273009
P3, tp=7, ts=7, x0=612746923
P0, tp=7, ts=7, x0=659197931, x1=963274312
P2, tp=7, ts=7, x0=530343416
P2, tp=7, ts=7, x0=996802530
P2, tp=7, ts=7, x0=963274312
P1, tp=7, ts=7, x0=367241594
P2, tp=7, ts=7, x0=114543374
P2, tp=7, ts=7, x0=350833544
P1, tp=7, ts=7, x0=695213184
P3, tp=7, ts=7, x0=695213184
P2, tp=7, ts=7, x0=547669970
P1, tp=7, ts=7, x0=734963543
P0, tp=7, ts=7, x0=185292178, x1=794267754
P1, tp=7, ts=7, x0=566746607
P3, tp=7, ts=7, x0=714432740
P3, tp=7, ts=7, x0=568581665
P0, tp=7, ts=7, x0=696179508, x1=192930643
P2, tp=7, ts=7, x0=144043987
P1, tp=7, ts=7, x0=568581665
P2, tp=7, ts=7, x0=185292178
P1, tp=7, ts=7, x0=211626171
P2, tp=7, ts=7, x0=752075541
P1, tp=7, ts=7, x0=869751904
P3, tp=7, ts=7, x0=48705562
P3, tp=7, ts=7, x0=185292178
P0, tp=7, ts=7, x0=310809422, x1=821397077
P0, tp=7, ts=7, x0=996802530, x1=52043129
P1, tp=7, ts=7, x0=566746607
P0, tp=7, ts=7, x0=68732922, x1=187498055
P2, tp=7, ts=7, x0=38162545
P3, tp=7, ts=7, x0=90521981
P2, tp=7, ts=7, x0=504485040
P2, tp=7, ts=7, x0=659197931
P2, tp=7, ts=7, x0=714432740
P3, tp=7, ts=7, x0=623074554
P3, tp=7, ts=7, x0=889426579
P3, tp=7, ts=7, x0=696179508
P0, tp=7, ts=7, x0=168111226, x1=441740964
P1, tp=7, ts=7, x0=86150724
P3, tp=7, ts=7, x0=574008414
P3, tp=7, ts=7, x0=112895561
P0, tp=7, ts=7, x0=995192117, x1=192930643
P3, tp=7, ts=7, x0=696179508
P0, tp=7, ts=7, x0=51298768, x1=477616538
P2, tp=7, ts=7, x0=574472811
P1, tp=7, ts=7, x0=245009023
P1, tp=7, ts=7, x0=459470182
P0, tp=7, ts=7, x0=497549076, x1=608791862
P3, tp=7, ts=7, x0=298621315
P0, tp=7, ts=7, x0=728580880, x1=869751904
P2, tp=7, ts=7, x0=822678545
P2, tp=7, ts=7, x0=772985227
P3, tp=7, ts=7, x0=477616538
P3, tp=7, ts=7, x0=973370573
P2, tp=7, ts=7, x0=42634425
P2, tp=7, ts=7, x0=648931437
P3, tp=7, ts=7, x0=370564003
P0, tp=7, ts=7, x0=615404021, x1=545692779
P2, tp=7, ts=7, x0=956143349
P0, tp=7, ts=7, x0=623074554, x1=517025485
P3, tp=7, ts=7, x0=605766328
P0, tp=7, ts=7, x0=42634425, x1=772985227
P3, tp=7, ts=7, x0=332550878
P1, tp=7, ts=7, x0=996802530
P0, tp=7, ts=7, x0=605766328, x1=272933059
P3, tp=7, ts=7, x0=898365340
P0, tp=7, ts=7, x0=608727628, x1=758642448
P2, tp=7, ts=7, x0=344138838
P0, tp=7, ts=7, x0=90521981, x1=42634425
P3, tp=7, ts=7, x0=84760217
P3, tp=7, ts=7, x0=734963543
P2, tp=7, ts=7, x0=265819506
P3, tp=7, ts=7, x0=274805406
P0, tp=7, ts=7, x0=822678545, x1=409374706
P2, tp=7, ts=7, x0=821397077
P3, tp=7, ts=7, x0=158719929
P3, tp=7, ts=7, x0=52043129
P3, tp=7, ts=7, x0=616494935
P2, tp=7, ts=7, x0=449880464
P3, tp=7, ts=7, x0=758642448
P1, tp=7, ts=7, x0=443786006
P3, tp=7, ts=7, x0=933912693
P1, tp=7, ts=7, x0=68732922
P3, tp=7, ts=7, x0=616494935
P2, tp=7, ts=7, x0=996802530
P0, tp=7, ts=7, x0=274805406, x1=615404021
P0, tp=7, ts=7, x0=114543374, x1=780571848
P2, tp=7, ts=7, x0=370564003
P2, tp=7, ts=7, x0=68732922
P1, tp=7, ts=7, x0=187498055
P2, tp=7, ts=7, x0=728580880
P0, tp=7, ts=7, x0=504485040, x1=758642448
P1, tp=7, ts=7, x0=402776858
P3, tp=7, ts=7, x0=51298768
P1, tp=7, ts=7, x0=898365340
P0, tp=7, ts=7, x0=467517983, x1=86150724
P1, tp=7, ts=7, x0=728784872
P3, tp=7, ts=7, x0=605766328
P2, tp=7, ts=7, x0=84760217
P3, tp=7, ts=7, x0=265819506
P3, tp=7, ts=7, x0=623074554
P2, tp=7, ts=7, x0=687599720
P1, tp=7, ts=7, x0=112895561
P2, tp=7, ts=7, x0=612746923
P1, tp=7, ts=7, x0=344138838
P1, tp=7, ts=7, x0=898365340
P2, tp=7, ts=7, x0=714432740
P0, tp=7, ts=7, x0=86150724, x1=659197931
P2, tp=7, ts=7, x0=144043987
P0, tp=7, ts=7, x0=4422628, x1=821397077
P3, tp=7, ts=7, x0=963393648
P1, tp=7, ts=7, x0=574008414
P0, tp=7, ts=7, x0=344138838, x1=752075541
P2, tp=7, ts=7, x0=344138838
P1, tp=7, ts=7, x0=265819506
P1, tp=7, ts=7, x0=695213184
P2, tp=7, ts=7, x0=869751904
P2, tp=7, ts=7, x0=963393648
P0, tp=7, ts=7, x0=350833544, x1=956143349
P3, tp=7, ts=7, x0=399256606
P2, tp=7, ts=7, x0=467517983
P1, tp=7, ts=7, x0=84760217
P3, tp=7, ts=7, x0=443786006
P1, tp=7, ts=7, x0=956143349
P0, tp=7, ts=7, x0=467517983, x1=572270637
P2, tp=7, ts=7, x0=399256606
P1, tp=7, ts=7, x0=399256606
P1, tp=7, ts=7, x0=636142374
P1, tp=7, ts=7, x0=608727628
P3, tp=7, ts=7, x0=68732922
P0, tp=7, ts=7, x0=375871556, x1=332550878
P0, tp=7, ts=7, x0=963274312, x1=772985227
P3, tp=7, ts=7, x0=566746607
P3, tp=7, ts=7, x0=574008414
P3, tp=7, ts=7, x0=517025485
P0, tp=7, ts=7, x0=963274312, x1=443786006
P1, tp=7, ts=7, x0=187498055
P1, tp=7, ts=7, x0=68732922
P1, tp=7, ts=7, x0=711815395
P3, tp=7, ts=7, x0=711815395
P2, tp=7, ts=7, x0=616494935
P3, tp=7, ts=7, x0=48705562
P2, tp=7, ts=7, x0=498248164
P1, tp=7, ts=7, x0=627375426
P3, tp=7, ts=7, x0=4422628
P0, tp=7, ts=7, x0=477616538, x1=822678545
P1, tp=7, ts=7, x0=728580880
P3, tp=7, ts=7, x0=636142374
P2, tp=7, ts=7, x0=687599720
P0, tp=7, ts=7, x0=298621315, x1=728580880
P0, tp=7, ts=7, x0=211626171, x1=38162545
P3, tp=7, ts=7, x0=566746607
P1, tp=7, ts=7, x0=656084837
P3, tp=7, ts=7, x0=545692779
P2, tp=7, ts=7, x0=211626171
P0, tp=7, ts=7, x0=794267754, x1=265819506
P1, tp=7, ts=7, x0=370564003
P1, tp=7, ts=7, x0=710640137
P1, tp=7, ts=7, x0=861201589
P3, tp=7, ts=7, x0=881401427
P3, tp=7, ts=7, x0=835461326
P0, tp=7, ts=7, x0=10166326, x1=995192117
P2, tp=7, ts=7, x0=208523542
P1, tp=7, ts=7, x0=607238254
P2, tp=7, ts=7, x0=231852668
P1, tp=7, ts=7, x0=517025485
P3, tp=7, ts=7, x0=399256606
P2, tp=7, ts=7, x0=187498055
P1, tp=7, ts=7, x0=687599720
P0, tp=7, ts=7, x0=319087073, x1=231852668
P3, tp=7, ts=7, x0=344138838
P0, tp=7, ts=7, x0=208523542, x1=42634425
P0, tp=7, ts=7, x0=479130700, x1=616494935
P0, tp=7, ts=7, x0=752075541, x1=211626171
P3, tp=7, ts=7, x0=747068441
P1, tp=7, ts=7, x0=711815395
P2, tp=7, ts=7, x0=780571848
P2, tp=7, ts=7, x0=612746923
P1, tp=7, ts=7, x0=370564003
P2, tp=7, ts=7, x0=794267754
P1, tp=7, ts=7, x0=38162545
P3, tp=7, ts=7, x0=835461326
P3, tp=7, ts=7, x0=973370573
P3, tp=7, ts=7, x0=298621315
P0, tp=7, ts=7, x0=247806611, x1=995192117
P1, tp=7, ts=7, x0=255273009
P3, tp=7, ts=7, x0=84760217
P3, tp=7, ts=7, x0=595090153
P0, tp=7, ts=7, x0=114064038, x1=370564003
P1, tp=7, ts=7, x0=370564003
P0, tp=7, ts=7, x0=996802530, x1=898365340
P2, tp=7, ts=7, x0=479130700
P2, tp=7, ts=7, x0=4422628
P2, tp=7, ts=7, x0=183427998
P1, tp=7, ts=7, x0=479130700
P3, tp=7, ts=7, x0=255273009
P0, tp=7, ts=7, x0=399256606, x1=933912693
P1, tp=7, ts=7, x0=274805406
P0, tp=7, ts=7, x0=545692779, x1=350833544
P1, tp=7, ts=7, x0=728784872
P1, tp=7, ts=7, x0=881401427
P2, tp=7, ts=7, x0=710640137
P3, tp=7, ts=7, x0=889426579
P3, tp=7, ts=7, x0=755129506
P3, tp=7, ts=7, x0=402776858
P1, tp=7, ts=7, x0=996802530
P0, tp=7, ts=7, x0=710640137, x1=298621315
P0, tp=7, ts=7, x0=636142374, x1=86150724
P2, tp=7, ts=7, x0=418512554
P1, tp=7, ts=7, x0=616494935
P1, tp=7, ts=7, x0=861201589
P3, tp=7, ts=7, x0=687599720
P1, tp=7, ts=7, x0=317625599
P3, tp=7, ts=7, x0=163410501
P2, tp=7, ts=7, x0=38162545
P3, tp=7, ts=7, x0=51298768
P0, tp=7, ts=7, x0=51298768, x1=300701925
P2, tp=7, ts=7, x0=4422628
P0, tp=7, ts=7, x0=443786006, x1=163410501
P0, tp=7, ts=7, x0=861201589, x1=821397077
P0, tp=7, ts=7, x0=780571848, x1=933912693
P0, tp=7, ts=7, x0=4422628, x1=10166326
P3, tp=7, ts=7, x0=459470182
P2, tp=7, ts=7, x0=399256606
P2, tp=7, ts=7, x0=755129506
P0, tp=7, ts=7, x0=734963543, x1=189440773
P0, tp=7, ts=7, x0=426262851, x1=728784872
P3, tp=7, ts=7, x0=36811890
P2, tp=7, ts=7, x0=574472811
P3, tp=7, ts=7, x0=68732922
P3, tp=7, ts=7, x0=231852668
P3, tp=7, ts=7, x0=344138838
P3, tp=7, ts=7, x0=274805406
P1, tp=7, ts=7, x0=710640137
P3, tp=7, ts=7, x0=714432740
P0, tp=7, ts=7, x0=231852668, x1=189440773
P0, tp=7, ts=7, x0=211626171, x1=898365340
P0, tp=7, ts=7, x0=375871556, x1=38162545
P0, tp=7, ts=7, x0=504485040, x1=409374706
P2, tp=7, ts=7, x0=627375426
P2, tp=7, ts=7, x0=310809422
P0, tp=7, ts=7, x0=517025485, x1=332550878
P3, tp=7, ts=7, x0=780571848
P2, tp=7, ts=7, x0=747068441
P2, tp=7, ts=7, x0=375871556
P0, tp=7, ts=7, x0=821397077, x1=734963543
P1, tp=7, ts=7, x0=835461326
P1, tp=7, ts=7, x0=898365340
P3, tp=7, ts=7, x0=835461326
P0, tp=7, ts=7, x0=208523542, x1=332550878
P1, tp=7, ts=7, x0=354878282
P0, tp=7, ts=7, x0=459470182, x1=354878282
P0, tp=7, ts=7, x0=794267754, x1=274805406
P0, tp=7, ts=7, x0=50691269, x1=112895561
P1, tp=7, ts=7, x0=274805406
P0, tp=7, ts=7, x0=179274869, x1=696179508
P0, tp=7, ts=7, x0=189440773, x1=574472811
P1, tp=7, ts=7, x0=163410501
P3, tp=7, ts=7, x0=861201589
P0, tp=7, ts=7, x0=755129506, x1=881401427
P1, tp=7, ts=7, x0=350833544
P0, tp=7, ts=7, x0=354878282, x1=50691269
P2, tp=7, ts=7, x0=608727628
P1, tp=7, ts=7, x0=616494935
P1, tp=7, ts=7, x0=898365340
P1, tp=7, ts=7, x0=189440773
P2, tp=7, ts=7, x0=68732922
P0, tp=7, ts=7, x0=721878378, x1=350833544
P0, tp=7, ts=7, x0=50691269, x1=861201589
P2, tp=7, ts=7, x0=42634425
P2, tp=7, ts=7, x0=711815395
P1, tp=7, ts=7, x0=658754500
P2, tp=7, ts=7, x0=45951975
P3, tp=7, ts=7, x0=350833544
P3, tp=7, ts=7, x0=426262851
P1, tp=7, ts=7, x0=498248164
P3, tp=7, ts=7, x0=68732922
P2, tp=7, ts=7, x0=656435858
P3, tp=7, ts=7, x0=659197931
P1, tp=7, ts=7, x0=648931437
P3, tp=7, ts=7, x0=370564003
P2, tp=7, ts=7, x0=114064038
P2, tp=7, ts=7, x0=213028520
P2, tp=7, ts=7, x0=648931437
P3, tp=7, ts=7, x0=50691269
P2, tp=7, ts=7, x0=459470182
P3, tp=7, ts=7, x0=996802530
P0, tp=7, ts=7, x0=728580880, x1=4422628
P1, tp=7, ts=7, x0=332550878
P2, tp=7, ts=7, x0=572270637
P1, tp=7, ts=7, x0=163410501
P3, tp=7, ts=7, x0=4422628
P3, tp=7, ts=7, x0=972241558
P0, tp=7, ts=7, x0=189440773, x1=797699563
P2, tp=7, ts=7, x0=10166326
P0, tp=7, ts=7, x0=48705562, x1=708633412
P3, tp=7, ts=7, x0=459470182
P3, tp=7, ts=7, x0=68732922
P2, tp=7, ts=7, x0=4422628
P3, tp=7, ts=7, x0=68732922
P2, tp=7, ts=7, x0=367241594
P1, tp=7, ts=7, x0=504485040
P2, tp=7, ts=7, x0=45951975
P2, tp=7, ts=7, x0=250892749
P3, tp=7, ts=7, x0=154075157
P2, tp=7, ts=7, x0=822678545
P3, tp=7, ts=7, x0=780571848
P1, tp=7, ts=7, x0=615404021
P1, tp=7, ts=7, x0=780571848
P0, tp=7, ts=7, x0=889426579, x1=344138838
P1, tp=7, ts=7, x0=656084837
P1, tp=7, ts=7, x0=636142374
P2, tp=7, ts=7, x0=86150724
P0, tp=7, ts=7, x0=332550878, x1=545692779
P0, tp=7, ts=7, x0=367241594, x1=183427998
P2, tp=7, ts=7, x0=545692779
P1, tp=7, ts=7, x0=615404021
P2, tp=7, ts=7, x0=708633412
P1, tp=7, ts=7, x0=752075541
P2, tp=7, ts=7, x0=572270637
P1, tp=7, ts=7, x0=354878282
P0, tp=7, ts=7, x0=45951975, x1=332850846
P1, tp=7, ts=7, x0=154075157
P0, tp=7, ts=7, x0=51298768, x1=459470182
P0, tp=7, ts=7, x0=603988177, x1=748052066
P2, tp=7, ts=7, x0=794267754
P1, tp=7, ts=7, x0=48705562
P1, tp=7, ts=7, x0=728784872
P1, tp=7, ts=7, x0=213028520
P3, tp=7, ts=7, x0=623074554
P3, tp=7, ts=7, x0=498248164
P2, tp=7, ts=7, x0=821397077
P2, tp=7, ts=7, x0=659197931
P0, tp=7, ts=7, x0=603988177, x1=51298768
P0, tp=7, ts=7, x0=498248164, x1=996802530
P2, tp=7, ts=7, x0=319087073
P1, tp=7, ts=7, x0=310156684
P2, tp=7, ts=7, x0=696179508
P0, tp=7, ts=7, x0=187498055, x1=387069668
P1, tp=7, ts=7, x0=317625599
P2, tp=7, ts=7, x0=426262851
P3, tp=7, ts=7, x0=257414232
P0, tp=7, ts=7, x0=181207138, x1=183427998
P3, tp=7, ts=7, x0=772985227
P1, tp=7, ts=7, x0=603988177
P1, tp=7, ts=7, x0=375871556
P0, tp=7, ts=7, x0=211626171, x1=881216091
P1, tp=7, ts=7, x0=247806611
P0, tp=7, ts=7, x0=479130700, x1=375871556
P3, tp=7, ts=7, x0=612746923
P1, tp=7, ts=7, x0=934400684
P0, tp=7, ts=7, x0=467346431, x1=86150724
P0, tp=7, ts=7, x0=608791862, x1=545692779
P3, tp=7, ts=7, x0=721878378
P0, tp=7, ts=7, x0=35950885, x1=402776858
P2, tp=7, ts=7, x0=189440773
P2, tp=7, ts=7, x0=956143349
P3, tp=7, ts=7, x0=710640137
P1, tp=7, ts=7, x0=66671062
P1, tp=7, ts=7, x0=623074554
P0, tp=7, ts=7, x0=208523542, x1=608791862
P2, tp=7, ts=7, x0=595688185
P1, tp=7, ts=7, x0=402776858
P0, tp=7, ts=7, x0=327831923, x1=15268353
P3, tp=7, ts=7, x0=370564003
P0, tp=7, ts=7, x0=51298768, x1=861201589
P0, tp=7, ts=7, x0=399256606, x1=35950885
P2, tp=7, ts=7, x0=767473799
P2, tp=7, ts=7, x0=659197931
P3, tp=7, ts=7, x0=664918509
P0, tp=7, ts=7, x0=822678545, x1=247806611
P0, tp=7, ts=7, x0=656084837, x1=792718462
P2, tp=7, ts=7, x0=498248164
P2, tp=7, ts=7, x0=402776858
P3, tp=7, ts=7, x0=498248164
P3, tp=7, ts=7, x0=327831923
P3, tp=7, ts=7, x0=426262851
P3, tp=7, ts=7, x0=332850846
P2, tp=7, ts=7, x0=68732922
P2, tp=7, ts=7, x0=973370573
P0, tp=7, ts=7, x0=66671062, x1=208202698
P1, tp=7, ts=7, x0=595090153
P1, tp=7, ts=7, x0=332850846
P2, tp=7, ts=7, x0=257414232
P3, tp=7, ts=7, x0=45951975
P2, tp=7, ts=7, x0=45951975
P0, tp=7, ts=7, x0=821397077, x1=51298768
P0, tp=7, ts=7, x0=208202698, x1=956143349
P2, tp=7, ts=7, x0=179274869
P3, tp=7, ts=7, x0=656084837
P0, tp=7, ts=7, x0=504485040, x1=467346431
P0, tp=7, ts=7, x0=477616538, x1=181207138
P3, tp=7, ts=7, x0=755129506
P0, tp=7, ts=7, x0=213028520, x1=572270637
P2, tp=7, ts=7, x0=889426579
P0, tp=7, ts=7, x0=42634425, x1=879001706
P1, tp=7, ts=7, x0=66671062
P0, tp=7, ts=7, x0=189440773, x1=213028520
P1, tp=7, ts=7, x0=572270637
P0, tp=7, ts=7, x0=35950885, x1=627375426
P1, tp=7, ts=7, x0=15268353
P2, tp=7, ts=7, x0=68732922
P1, tp=7, ts=7, x0=208202698
P1, tp=7, ts=7, x0=695213184
P1, tp=7, ts=7, x0=85177655
P0, tp=7, ts=7, x0=257414232, x1=50691269
P0, tp=7, ts=7, x0=747068441, x1=350833544
P1, tp=7, ts=7, x0=51298768
P2, tp=7, ts=7, x0=213028520
P2, tp=7, ts=7, x0=881216091
P2, tp=7, ts=7, x0=250892749
P0, tp=7, ts=7, x0=153948877, x1=332550878
P1, tp=7, ts=7, x0=85177655
P0, tp=7, ts=7, x0=656435858, x1=332550878
P2, tp=7, ts=7, x0=350833544
P3, tp=7, ts=7, x0=972999477
P1, tp=7, ts=7, x0=418512554
P1, tp=7, ts=7, x0=426262851
P1, tp=7, ts=7, x0=308581288
P3, tp=7, ts=7, x0=623074554
P0, tp=7, ts=7, x0=572270637, x1=213028520
P0, tp=7, ts=7, x0=656084837, x1=45951975
P0, tp=7, ts=7, x0=35950885, x1=797699563
P1, tp=7, ts=7, x0=658754500
P3, tp=7, ts=7, x0=504485040
P3, tp=7, ts=7, x0=257414232
P0, tp=7, ts=7, x0=869751904, x1=66671062
P2, tp=7, ts=7, x0=45951975
P1, tp=7, ts=7, x0=467346431
P2, tp=7, ts=7, x0=477616538
P0, tp=7, ts=7, x0=504485040, x1=656084837
P3, tp=7, ts=7, x0=616494935
P0, tp=7, ts=7, x0=274805406, x1=308581288
P2, tp=7, ts=7, x0=652736925
P2, tp=7, ts=7, x0=520570224
P0, tp=7, ts=7, x0=213028520, x1=607238254
P2, tp=7, ts=7, x0=42634425
P2, tp=7, ts=7, x0=574008414
P1, tp=7, ts=7, x0=747068441
P1, tp=7, ts=7, x0=780571848
P0, tp=7, ts=7, x0=767473799, x1=747068441
P1, tp=7, ts=7, x0=86150724
P0, tp=7, ts=7, x0=627375426, x1=479130700
P0, tp=7, ts=7, x0=86150724, x1=208523542
P3, tp=7, ts=7, x0=993041908
P0, tp=7, ts=7, x0=659197931, x1=608727628
P0, tp=7, ts=7, x0=659197931, x1=247806611
P0, tp=7, ts=7, x0=477616538, x1=728784872
P3, tp=7, ts=7, x0=250892749
P1, tp=7, ts=7, x0=517025485
P3, tp=7, ts=7, x0=384733233
P2, tp=7, ts=7, x0=972999477
P2, tp=7, ts=7, x0=213028520
P2, tp=7, ts=7, x0=545692779
P1, tp=7, ts=7, x0=589230931
P2, tp=7, ts=7, x0=616494935
P2, tp=7, ts=7, x0=370564003
P2, tp=7, ts=7, x0=48705562
P3, tp=7, ts=7, x0=42634425
P1, tp=7, ts=7, x0=354878282
P0, tp=7, ts=7, x0=612746923, x1=879001706
P3, tp=7, ts=7, x0=835461326
P1, tp=7, ts=7, x0=615404021
P1, tp=7, ts=7, x0=163410501
P3, tp=7, ts=7, x0=418512554
P3, tp=7, ts=7, x0=332550878
P3, tp=7, ts=7, x0=112895561
P2, tp=7, ts=7, x0=659197931
P1, tp=7, ts=7, x0=35950885
P3, tp=7, ts=7, x0=607238254
P2, tp=7, ts=7, x0=952022390
P1, tp=7, ts=7, x0=794267754
P2, tp=7, ts=7, x0=86150724
P0, tp=7, ts=7, x0=504485040, x1=973370573
P3, tp=7, ts=7, x0=48705562
P2, tp=7, ts=7, x0=274805406
P2, tp=7, ts=7, x0=767473799
P2, tp=7, ts=7, x0=869751904
P2, tp=7, ts=7, x0=86150724
P3, tp=7, ts=7, x0=658754500
P1, tp=7, ts=7, x0=479130700
P2, tp=7, ts=7, x0=250892749
P3, tp=7, ts=7, x0=45951975
P2, tp=7, ts=7, x0=889426579
P3, tp=7, ts=7, x0=861201589
P2, tp=7, ts=7, x0=636142374
P1, tp=7, ts=7, x0=350833544
P0, tp=7, ts=7, x0=517025485, x1=589230931
P0, tp=7, ts=7, x0=972999477, x1=972241558
P1, tp=7, ts=7, x0=387069668
P0, tp=7, ts=7, x0=794267754, x1=384733233
P0, tp=7, ts=7, x0=772985227, x1=806431899
P3, tp=7, ts=7, x0=86150724
P3, tp=7, ts=7, x0=45951975
P1, tp=7, ts=7, x0=15268353
P0, tp=7, ts=7, x0=995192117, x1=794267754
P2, tp=7, ts=7, x0=319087073
P1, tp=7, ts=7, x0=42634425
P1, tp=7, ts=7, x0=86150724
P3, tp=7, ts=7, x0=211626171
P1, tp=7, ts=7, x0=332850846
P0, tp=7, ts=7, x0=179274869, x1=479130700
P0, tp=7, ts=7, x0=354878282, x1=627375426
P2, tp=7, ts=7, x0=656084837
P3, tp=7, ts=7, x0=10166326
P2, tp=7, ts=7, x0=274805406
P2, tp=7, ts=7, x0=319087073
P2, tp=7, ts=7, x0=780571848
P3, tp=7, ts=7, x0=589230931
P2, tp=7, ts=7, x0=211626171
P0, tp=7, ts=7, x0=213028520, x1=257414232
P0, tp=7, ts=7, x0=767473799, x1=4422628
P2, tp=7, ts=7, x0=772985227
P3, tp=7, ts=7, x0=247806611
P0, tp=7, ts=7, x0=181207138, x1=257414232
P3, tp=7, ts=7, x0=861201589
P0, tp=7, ts=7, x0=589230931, x1=608727628
P2, tp=7, ts=7, x0=572270637
P0, tp=7, ts=7, x0=952022390, x1=35950885
P1, tp=7, ts=7, x0=780571848
P2, tp=7, ts=7, x0=517025485
P3, tp=7, ts=7, x0=780571848
P3, tp=7, ts=7, x0=317625599
P2, tp=7, ts=7, x0=4422628
P0, tp=7, ts=7, x0=623200933, x1=780571848
P2, tp=7, ts=7, x0=181207138
P1, tp=7, ts=7, x0=623200933
P0, tp=7, ts=7, x0=250892749, x1=35950885
P1, tp=7, ts=7, x0=595090153
P0, tp=7, ts=7, x0=213028520, x1=881216091
P3, tp=7, ts=7, x0=973370573
P3, tp=7, ts=7, x0=835461326
P1, tp=7, ts=7, x0=504485040
P3, tp=7, ts=7, x0=15268353
P3, tp=7, ts=7, x0=889426579
P1, tp=7, ts=7, x0=656084837
P0, tp=7, ts=7, x0=265819506, x1=208523542
P1, tp=7, ts=7, x0=426262851
P2, tp=7, ts=7, x0=952022390
P3, tp=7, ts=7, x0=15268353
P0, tp=7, ts=7, x0=418512554, x1=873379346
P2, tp=7, ts=7, x0=881216091
P0, tp=7, ts=7, x0=319087073, x1=934400684
P2, tp=7, ts=7, x0=972241558
P0, tp=7, ts=7, x0=274805406, x1=402776858
P0, tp=7, ts=7, x0=467346431, x1=544701979
P2, tp=7, ts=7, x0=994839436
P1, tp=7, ts=7, x0=48705562
P2, tp=7, ts=7, x0=247806611
P3, tp=7, ts=7, x0=608727628
P1, tp=7, ts=7, x0=797699563
P1, tp=7, ts=7, x0=66671062
P3, tp=7, ts=7, x0=274805406
P0, tp=7, ts=7, x0=574008414, x1=51298768
P1, tp=7, ts=7, x0=86150724
P1, tp=7, ts=7, x0=956143349
P0, tp=7, ts=7, x0=595090153, x1=158719929
P3, tp=7, ts=7, x0=855628474
P0, tp=7, ts=7, x0=274805406, x1=652736925
P0, tp=7, ts=7, x0=855628474, x1=700816526
P0, tp=7, ts=7, x0=257414232, x1=195033435
P0, tp=7, ts=7, x0=247806611, x1=652736925
P3, tp=7, ts=7, x0=65557192
P0, tp=7, ts=7, x0=603988177, x1=308581288
P3, tp=7, ts=7, x0=821397077
P1, tp=7, ts=7, x0=595090153
P0, tp=7, ts=7, x0=375871556, x1=367241594
P1, tp=7, ts=7, x0=656435858
P3, tp=7, ts=7, x0=879001706
P0, tp=7, ts=7, x0=517025485, x1=652736925
P1, tp=7, ts=7, x0=607238254
P2, tp=7, ts=7, x0=84296557
P0, tp=7, ts=7, x0=656084837, x1=889426579
P0, tp=7, ts=7, x0=187498055, x1=615192788
P3, tp=7, ts=7, x0=995192117
P3, tp=7, ts=7, x0=384733233
P2, tp=7, ts=7, x0=652736925
P2, tp=7, ts=7, x0=861201589
P2, tp=7, ts=7, x0=544701979
P1, tp=7, ts=7, x0=973370573
P2, tp=7, ts=7, x0=797699563
P2, tp=7, ts=7, x0=603988177
P1, tp=7, ts=7, x0=806431899
P0, tp=7, ts=7, x0=418512554, x1=993041908
P1, tp=7, ts=7, x0=995192117
P2, tp=7, ts=7, x0=934400684
P1, tp=7, ts=7, x0=179274869
P3, tp=7, ts=7, x0=339579934
P2, tp=7, ts=7, x0=332550878
P0, tp=7, ts=7, x0=934400684, x1=544701979
P1, tp=7, ts=7, x0=554526673
P1, tp=7, ts=7, x0=748052066
P3, tp=7, ts=7, x0=780571848
P3, tp=7, ts=7, x0=999030804
P1, tp=7, ts=7, x0=708633412
P0, tp=7, ts=7, x0=544701979, x1=574008414
P0, tp=7, ts=7, x0=767473799, x1=956143349
P3, tp=7, ts=7, x0=997584197
P2, tp=7, ts=7, x0=869751904
P3, tp=7, ts=7, x0=45951975
P0, tp=7, ts=7, x0=426262851, x1=179274869
P0, tp=7, ts=7, x0=879001706, x1=873379346
P0, tp=7, ts=7, x0=375871556, x1=187498055
P1, tp=7, ts=7, x0=664918509
P3, tp=7, ts=7, x0=153948877
P2, tp=7, ts=7, x0=65557192
P3, tp=7, ts=7, x0=721878378
P0, tp=7, ts=7, x0=572270637, x1=153948877
P1, tp=7, ts=7, x0=574008414
P3, tp=7, ts=7, x0=873379346
P3, tp=7, ts=7, x0=780571848
P2, tp=7, ts=7, x0=656435858
P1, tp=7, ts=7, x0=247806611
P0, tp=7, ts=7, x0=572270637, x1=608727628
P1, tp=7, ts=7, x0=187498055
P0, tp=7, ts=7, x0=881216091, x1=806431899
P0, tp=7, ts=7, x0=384733233, x1=589230931
P1, tp=7, ts=7, x0=48705562
P3, tp=7, ts=7, x0=623200933
P3, tp=7, ts=7, x0=792718462
P3, tp=7, ts=7, x0=415232822
P2, tp=7, ts=7, x0=752075541
P1, tp=7, ts=7, x0=84296557
P2, tp=7, ts=7, x0=35950885
P3, tp=7, ts=7, x0=15268353
P0, tp=7, ts=7, x0=869751904, x1=179274869
P0, tp=7, ts=7, x0=426262851, x1=726983517
P2, tp=7, ts=7, x0=595688185
P3, tp=7, ts=7, x0=772985227
P0, tp=7, ts=7, x0=45951975, x1=498248164
P0, tp=7, ts=7, x0=748052066, x1=589230931
P1, tp=7, ts=7, x0=415232822
P0, tp=7, ts=7, x0=50691269, x1=589230931
P1, tp=7, ts=7, x0=994839436
P2, tp=7, ts=7, x0=664918509
P2, tp=7, ts=7, x0=479130700
P3, tp=7, ts=7, x0=855628474
P2, tp=7, ts=7, x0=345030965
P2, tp=7, ts=7, x0=972241558
P3, tp=7, ts=7, x0=375871556
P0, tp=7, ts=7, x0=65557192, x1=2568354
P0, tp=7, ts=7, x0=195033435, x1=772985227
P1, tp=7, ts=7, x0=384733233
P2, tp=7, ts=7, x0=367241594
P2, tp=7, ts=7, x0=66671062
P2, tp=7, ts=7, x0=995192117
P3, tp=7, ts=7, x0=567850687
P0, tp=7, ts=7, x0=211626171, x1=861201589
P3, tp=7, ts=7, x0=387069668
P2, tp=7, ts=7, x0=17535076
P2, tp=7, ts=7, x0=797699563
P3, tp=7, ts=7, x0=267935632
P0, tp=7, ts=7, x0=195033435, x1=952022390
P1, tp=7, ts=7, x0=498248164
P2, tp=7, ts=7, x0=748052066
P2, tp=7, ts=7, x0=615192788
P1, tp=7, ts=7, x0=728784872
P2, tp=7, ts=7, x0=861201589
P2, tp=7, ts=7, x0=792718462
P1, tp=7, ts=7, x0=595090153
P2, tp=7, ts=7, x0=387069668
P2, tp=7, ts=7, x0=997584197
P1, tp=7, ts=7, x0=302023083
P3, tp=7, ts=7, x0=163410501
P1, tp=7, ts=7, x0=418512554
P2, tp=7, ts=7, x0=780571848
P2, tp=7, ts=7, x0=612746923
P0, tp=7, ts=7, x0=973370573, x1=772985227
P1, tp=7, ts=7, x0=370564003
P0, tp=7, ts=7, x0=708633412, x1=844509151
P2, tp=7, ts=7, x0=367241594
P2, tp=7, ts=7, x0=835461326
P3, tp=7, ts=7, x0=726983517
P0, tp=7, ts=7, x0=267935632, x1=567850687
P1, tp=7, ts=7, x0=467346431
P1, tp=7, ts=7, x0=607238254
P1, tp=7, ts=7, x0=520570224
P1, tp=7, ts=7, x0=603988177
P0, tp=7, ts=7, x0=17535076, x1=615192788
P2, tp=7, ts=7, x0=370351049
P2, tp=7, ts=7, x0=370564003
P3, tp=7, ts=7, x0=700816526
P2, tp=7, ts=7, x0=728784872
P1, tp=7, ts=7, x0=844509151
P3, tp=7, ts=7, x0=726983517
P2, tp=7, ts=7, x0=257414232
P3, tp=7, ts=7, x0=402776858
P1, tp=7, ts=7, x0=855628474
P0, tp=7, ts=7, x0=664918509, x1=187498055
P3, tp=7, ts=7, x0=45951975
P0, tp=7, ts=7, x0=772985227, x1=35950885
P2, tp=7, ts=7, x0=995192117
P3, tp=7, ts=7, x0=10166326
P2, tp=7, ts=7, x0=806431899
P3, tp=7, ts=7, x0=616494935
P1, tp=7, ts=7, x0=973370573
P2, tp=7, ts=7, x0=211626171
P1, tp=7, ts=7, x0=792718462
P1, tp=7, ts=7, x0=835461326
P1, tp=7, ts=7, x0=879001706
P2, tp=7, ts=7, x0=726983517
P0, tp=7, ts=7, x0=10166326, x1=708633412
P0, tp=7, ts=7, x0=339579934, x1=302023083
P2, tp=7, ts=7, x0=612746923
P0, tp=7, ts=7, x0=10166326, x1=467346431
P1, tp=7, ts=7, x0=48705562
P1, tp=7, ts=7, x0=603988177
P2, tp=7, ts=7, x0=302023083
P0, tp=7, ts=7, x0=615192788, x1=855628474
P2, tp=7, ts=7, x0=181207138
P0, tp=7, ts=7, x0=889426579, x1=206750180
P1, tp=7, ts=7, x0=206750180
P0, tp=7, ts=7, x0=656084837, x1=995192117
P1, tp=7, ts=7, x0=181207138
P0, tp=7, ts=7, x0=302023083, x1=208202698
P2, tp=7, ts=7, x0=658754500
P0, tp=7, ts=7, x0=862056810, x1=658754500
P1, tp=7, ts=7, x0=792718462
P0, tp=7, ts=7, x0=327831923, x1=572270637
P0, tp=7, ts=7, x0=208202698, x1=748052066
P2, tp=7, ts=7, x0=835461326
P2, tp=7, ts=7, x0=772985227
P3, tp=7, ts=7, x0=544701979
P3, tp=7, ts=7, x0=65557192
P1, tp=7, ts=7, x0=415232822
P1, tp=7, ts=7, x0=520570224
P0, tp=7, ts=7, x0=822678545, x1=572270637
P1, tp=7, ts=7, x0=999030804
P1, tp=7, ts=7, x0=327831923
P2, tp=7, ts=7, x0=708633412
P0, tp=7, ts=7, x0=934400684, x1=303443498
P1, tp=7, ts=7, x0=835461326
P0, tp=7, ts=7, x0=163410501, x1=267935632
P1, tp=7, ts=7, x0=418512554
P3, tp=7, ts=7, x0=84296557
P1, tp=7, ts=7, x0=15268353
P0, tp=7, ts=7, x0=327831923, x1=310156684
P0, tp=7, ts=7, x0=418512554, x1=813586596
P2, tp=7, ts=7, x0=589230931
P3, tp=7, ts=7, x0=415232822
P1, tp=7, ts=7, x0=479130700
P0, tp=7, ts=7, x0=721878378, x1=889426579
P0, tp=7, ts=7, x0=332850846, x1=520570224
P0, tp=7, ts=7, x0=612746923, x1=327646615
P3, tp=7, ts=7, x0=656084837
P1, tp=7, ts=7, x0=15268353
P3, tp=7, ts=7, x0=589230931
P3, tp=7, ts=7, x0=104801715
P1, tp=7, ts=7, x0=195033435
P0, tp=7, ts=7, x0=835491395, x1=700816526
P2, tp=7, ts=7, x0=656435858
P2, tp=7, ts=7, x0=952022390
P2, tp=7, ts=7, x0=339579934
P3, tp=7, ts=7, x0=422559397
P2, tp=7, ts=7, x0=211626171
P0, tp=7, ts=7, x0=247806611, x1=923296263
P1, tp=7, ts=7, x0=426262851
P0, tp=7, ts=7, x0=211626171, x1=544701979
P1, tp=7, ts=7, x0=997584197
P0, tp=7, ts=7, x0=195033435, x1=574008414
P0, tp=7, ts=7, x0=752075541, x1=835461326
P2, tp=7, ts=7, x0=603988177
P3, tp=7, ts=7, x0=855628474
P2, tp=7, ts=7, x0=700816526
P3, tp=7, ts=7, x0=873379346
P2, tp=7, ts=7, x0=767473799
P1, tp=7, ts=7, x0=426262851
P3, tp=7, ts=7, x0=752075541
P3, tp=7, ts=7, x0=467346431
P3, tp=7, ts=7, x0=767473799
P3, tp=7, ts=7, x0=769596647
P1, tp=7, ts=7, x0=590344382
P3, tp=7, ts=7, x0=884664752
P3, tp=7, ts=7, x0=835461326
P2, tp=7, ts=7, x0=792718462
P3, tp=7, ts=7, x0=554526673
P0, tp=7, ts=7, x0=607238254, x1=884664752
P1, tp=7, ts=7, x0=213028520
P0, tp=7, ts=7, x0=387069668, x1=855628474
P1, tp=7, ts=7, x0=616494935
P3, tp=7, ts=7, x0=428530342
P0, tp=7, ts=7, x0=728784872, x1=616494935
P1, tp=7, ts=7, x0=972999477
P3, tp=7, ts=7, x0=595090153
P2, tp=7, ts=7, x0=572270637
P2, tp=7, ts=7, x0=999030804
P3, tp=7, ts=7, x0=402776858
P3, tp=7, ts=7, x0=869751904
P1, tp=7, ts=7, x0=615404021
P3, tp=7, ts=7, x0=327831923
P1, tp=7, ts=7, x0=934400684
P3, tp=7, ts=7, x0=862056810
P3, tp=7, ts=7, x0=85177655
P2, tp=7, ts=7, x0=835491395
P2, tp=7, ts=7, x0=66671062
P0, tp=7, ts=7, x0=879001706, x1=303443498
P0, tp=7, ts=7, x0=35950885, x1=467346431
P1, tp=7, ts=7, x0=615404021
P0, tp=7, ts=7, x0=917491235, x1=615192788
P0, tp=7, ts=7, x0=345030965, x1=822678545
P1, tp=7, ts=7, x0=999030804
P1, tp=7, ts=7, x0=769596647
P2, tp=7, ts=7, x0=595688185
P1, tp=7, ts=7, x0=806431899
P3, tp=7, ts=7, x0=728784872
P2, tp=7, ts=7, x0=993041908
P2, tp=7, ts=7, x0=656435858
P3, tp=7, ts=7, x0=923296263
P2, tp=7, ts=7, x0=206750180
P3, tp=7, ts=7, x0=15268353
P0, tp=7, ts=7, x0=822678545, x1=792718462
P0, tp=7, ts=7, x0=85177655, x1=835491395
P3, tp=7, ts=7, x0=181207138
P0, tp=7, ts=7, x0=972241558, x1=656435858
P1, tp=7, ts=7, x0=163410501
P1, tp=7, ts=7, x0=467346431
P2, tp=7, ts=7, x0=354878282
P0, tp=7, ts=7, x0=384733233, x1=615404021
P0, tp=7, ts=7, x0=769596647, x1=813586596
P3, tp=7, ts=7, x0=310156684
P2, tp=7, ts=7, x0=332550878
P0, tp=7, ts=7, x0=616494935, x1=728784872
P2, tp=7, ts=7, x0=181207138
P2, tp=7, ts=7, x0=370564003
P2, tp=7, ts=7, x0=426262851
P3, tp=7, ts=7, x0=999030804
P0, tp=7, ts=7, x0=332850846, x1=308581288
P0, tp=7, ts=7, x0=721878378, x1=520570224
P2, tp=7, ts=7, x0=415232822
P1, tp=7, ts=7, x0=15268353
P0, tp=7, ts=7, x0=572270637, x1=835491395
P1, tp=7, ts=7, x0=332850846
P1, tp=8, ts=8, x0=479130700
P2, tp=8, ts=8, x0=792718462
P0, tp=8, ts=8, x0=879001706, x1=213028520
P1, tp=8, ts=8, x0=997584197
P0, tp=8, ts=8, x0=354878282, x1=881216091
P0, tp=8, ts=8, x0=767473799, x1=934400684
P1, tp=8, ts=8, x0=332550878
P2, tp=8, ts=8, x0=994839436
P1, tp=8, ts=8, x0=247806611
P2, tp=8, ts=8, x0=855628474
P2, tp=8, ts=8, x0=327646615
P0, tp=8, ts=8, x0=365908620, x1=595090153
P2, tp=8, ts=8, x0=708633412
P3, tp=8, ts=8, x0=554526673
P2, tp=8, ts=8, x0=45951975
P2, tp=8, ts=8, x0=615192788
P3, tp=8, ts=8, x0=195033435
P0, tp=8, ts=8, x0=805340070, x1=806431899
P3, tp=8, ts=8, x0=303443498
P1, tp=8, ts=8, x0=354878282
P3, tp=8, ts=8, x0=247806611
P0, tp=8, ts=8, x0=972241558, x1=452185321
P2, tp=8, ts=8, x0=658754500
P3, tp=8, ts=8, x0=181207138
P2, tp=8, ts=8, x0=339579934
P3, tp=8, ts=8, x0=479130700
P2, tp=8, ts=8, x0=267935632
P3, tp=8, ts=8, x0=835461326
P2, tp=8, ts=8, x0=479130700
P0, tp=8, ts=8, x0=247619987, x1=267935632
P3, tp=8, ts=8, x0=700816526
P0, tp=8, ts=8, x0=590344382, x1=572270637
P1, tp=8, ts=8, x0=66671062
P2, tp=8, ts=8, x0=23866347
P1, tp=8, ts=8, x0=45951975
P3, tp=8, ts=8, x0=844509151
P1, tp=8, ts=8, x0=345030965
P0, tp=8, ts=8, x0=728784872, x1=332550878
P0, tp=8, ts=8, x0=813586596, x1=66671062
P1, tp=8, ts=8, x0=402776858
P0, tp=8, ts=8, x0=765488374, x1=208202698
P1, tp=8, ts=8, x0=589230931
P3, tp=8, ts=8, x0=615404021
P3, tp=8, ts=8, x0=153948877
P1, tp=8, ts=8, x0=257414232
P3, tp=8, ts=8, x0=595688185
P0, tp=8, ts=8, x0=35950885, x1=422559397
P2, tp=8, ts=8, x0=917491235
P2, tp=8, ts=8, x0=452185321
P3, tp=8, ts=8, x0=428530342
P1, tp=8, ts=8, x0=960763133
P1, tp=8, ts=8, x0=35950885
P3, tp=8, ts=8, x0=387069668
P3, tp=8, ts=8, x0=65557192
P0, tp=8, ts=8, x0=978902358, x1=387069668
P0, tp=8, ts=8, x0=726983517, x1=728784872
P1, tp=8, ts=8, x0=972241558
P0, tp=8, ts=8, x0=354878282, x1=879001706
P1, tp=8, ts=8, x0=589230931
P0, tp=8, ts=8, x0=257414232, x1=45951975
P1, tp=8, ts=8, x0=84296557
P2, tp=8, ts=8, x0=999030804
P0, tp=8, ts=8, x0=479130700, x1=247619987
P3, tp=8, ts=8, x0=2042543
P0, tp=8, ts=8, x0=805340070, x1=656435858
P0, tp=8, ts=8, x0=835461326, x1=467346431
P1, tp=8, ts=8, x0=813586596
P0, tp=8, ts=8, x0=615192788, x1=84296557
P3, tp=8, ts=8, x0=603988177
P1, tp=8, ts=8, x0=595688185
P0, tp=8, ts=8, x0=813586596, x1=554526673
P0, tp=8, ts=8, x0=257414232, x1=994839436
P2, tp=8, ts=8, x0=428530342
P3, tp=8, ts=8, x0=748052066
P3, tp=8, ts=8, x0=813586596
P1, tp=8, ts=8, x0=564639792
P3, tp=8, ts=8, x0=728784872
P3, tp=8, ts=8, x0=426262851
P1, tp=8, ts=8, x0=35950885
P1, tp=8, ts=8, x0=520570224
P3, tp=8, ts=8, x0=85177655
P2, tp=8, ts=8, x0=163410501
P0, tp=8, ts=8, x0=479130700, x1=792718462
P0, tp=8, ts=8, x0=122493935, x1=993041908
P2, tp=8, ts=8, x0=835491395
P1, tp=8, ts=8, x0=960775700
P1, tp=8, ts=8, x0=700816526
P3, tp=8, ts=8, x0=923296263
P2, tp=8, ts=8, x0=923296263
P3, tp=8, ts=8, x0=247619987
P1, tp=8, ts=8, x0=426262851
P3, tp=8, ts=8, x0=327831923
P0, tp=8, ts=8, x0=45951975, x1=917491235
P0, tp=8, ts=8, x0=826144711, x1=84296557
P0, tp=8, ts=8, x0=805340070, x1=806431899
P3, tp=8, ts=8, x0=960775700
P1, tp=8, ts=8, x0=303443498
P0, tp=8, ts=8, x0=564639792, x1=104801715
P3, tp=8, ts=8, x0=658754500
P0, tp=8, ts=8, x0=589230931, x1=153948877
P3, tp=8, ts=8, x0=302023083
P3, tp=8, ts=8, x0=590344382
P2, tp=8, ts=8, x0=122493935
P3, tp=8, ts=8, x0=415232822
P1, tp=8, ts=8, x0=826144711
P2, tp=8, ts=8, x0=918863245
P3, tp=8, ts=8, x0=999030804
P1, tp=8, ts=8, x0=861201589
P2, tp=8, ts=8, x0=310156684
P3, tp=8, ts=8, x0=972999477
P0, tp=8, ts=8, x0=567850687, x1=978902358
P0, tp=8, ts=8, x0=554526673, x1=428530342
P0, tp=8, ts=8, x0=564639792, x1=656435858
P0, tp=8, ts=8, x0=652736925, x1=122493935
P2, tp=8, ts=8, x0=84296557
P1, tp=8, ts=8, x0=978902358
P2, tp=8, ts=8, x0=467346431
P0, tp=8, ts=8, x0=993041908, x1=35950885
P1, tp=8, ts=8, x0=652736925
P0, tp=8, ts=8, x0=607238254, x1=813586596
P1, tp=8, ts=8, x0=952022390
P1, tp=8, ts=8, x0=997584197
P1, tp=8, ts=8, x0=2568354
P2, tp=8, ts=8, x0=972999477
P1, tp=8, ts=8, x0=564639792
P3, tp=8, ts=8, x0=708633412
P0, tp=8, ts=8, x0=656435858, x1=85177655
P1, tp=8, ts=8, x0=881216091
P0, tp=8, ts=8, x0=267935632, x1=103640011
P3, tp=8, ts=8, x0=327646615
P1, tp=8, ts=8, x0=208202698
P2, tp=8, ts=8, x0=327646615
P0, tp=8, ts=8, x0=415232822, x1=365908620
P0, tp=8, ts=8, x0=267935632, x1=615192788
P1, tp=8, ts=8, x0=153948877
P2, tp=8, ts=8, x0=700816526
P1, tp=8, ts=8, x0=656435858
P1, tp=8, ts=8, x0=567850687
P3, tp=8, ts=8, x0=67069358
P1, tp=8, ts=8, x0=2568354
P0, tp=8, ts=8, x0=257414232, x1=862056810
P1, tp=8, ts=8, x0=960763133
P3, tp=8, ts=8, x0=934400684
P0, tp=8, ts=8, x0=307698337, x1=806431899
P2, tp=8, ts=8, x0=327646615
P1, tp=8, ts=8, x0=181207138
P0, tp=8, ts=8, x0=835491395, x1=564639792
P2, tp=8, ts=8, x0=345030965
P3, tp=8, ts=8, x0=806431899
P1, tp=8, ts=8, x0=2042543
P1, tp=8, ts=8, x0=339579934
P0, tp=8, ts=8, x0=384733233, x1=122493935
P1, tp=8, ts=8, x0=972241558
P0, tp=8, ts=8, x0=708983332, x1=658754500
P3, tp=8, ts=8, x0=163410501
P2, tp=8, ts=8, x0=45951975
P1, tp=8, ts=8, x0=257414232
P2, tp=8, ts=8, x0=999030804
P2, tp=8, ts=8, x0=918863245
P2, tp=8, ts=8, x0=247806611
P1, tp=8, ts=8, x0=918863245
P1, tp=8, ts=8, x0=15268353
P2, tp=8, ts=8, x0=122493935
P0, tp=8, ts=8, x0=467346431, x1=84296557
P3, tp=8, ts=8, x0=706597374
P1, tp=8, ts=8, x0=370351049
P0, tp=8, ts=8, x0=354878282, x1=303443498
P0, tp=8, ts=8, x0=615192788, x1=85177655
P2, tp=8, ts=8, x0=327831923
P2, tp=8, ts=8, x0=567850687
P1, tp=8, ts=8, x0=748052066
P1, tp=8, ts=8, x0=862056810
P1, tp=8, ts=8, x0=122493935
P2, tp=8, ts=8, x0=590344382
P3, tp=8, ts=8, x0=910434871
P0, tp=8, ts=8, x0=726983517, x1=595688185
P3, tp=8, ts=8, x0=805340070
P3, tp=8, ts=8, x0=302023083
P3, tp=8, ts=8, x0=15268353
P3, tp=8, ts=8, x0=813586596
P0, tp=8, ts=8, x0=31101094, x1=917491235
P0, tp=8, ts=8, x0=27890052, x1=910434871
P1, tp=8, ts=8, x0=844509151
P0, tp=8, ts=8, x0=934400684, x1=706597374
P1, tp=8, ts=8, x0=923296263
P2, tp=8, ts=8, x0=297574515
P1, tp=8, ts=8, x0=997584197
P3, tp=8, ts=8, x0=297574515
P1, tp=8, ts=8, x0=658754500
P2, tp=8, ts=8, x0=327646615
P2, tp=8, ts=8, x0=370351049
P3, tp=8, ts=8, x0=999030804
P0, tp=8, ts=8, x0=999030804, x1=862056810
P3, tp=8, ts=8, x0=303443498
P1, tp=8, ts=8, x0=917491235
P0, tp=8, ts=8, x0=257414232, x1=960775700
P2, tp=8, ts=8, x0=960763133
P2, tp=8, ts=8, x0=452185321
P0, tp=8, ts=8, x0=127402887, x1=523403424
P0, tp=8, ts=8, x0=127402887, x1=978902358
P2, tp=8, ts=8, x0=453032614
P0, tp=8, ts=8, x0=327646615, x1=310156684
P1, tp=8, ts=8, x0=81792497
P3, tp=8, ts=8, x0=708983332
P3, tp=8, ts=8, x0=805340070
P1, tp=8, ts=8, x0=615192788
P3, tp=8, ts=8, x0=923296263
P3, tp=8, ts=8, x0=339579934
P1, tp=8, ts=8, x0=994839436
P2, tp=8, ts=8, x0=652736925
P2, tp=8, ts=8, x0=806431899
P3, tp=8, ts=8, x0=972241558
P1, tp=8, ts=8, x0=881216091
P1, tp=8, ts=8, x0=844509151
P0, tp=8, ts=8, x0=952022390, x1=826144711
P2, tp=8, ts=8, x0=332850846
P2, tp=8, ts=8, x0=127402887
P1, tp=8, ts=8, x0=27890052
P0, tp=8, ts=8, x0=370351049, x1=873379346
P1, tp=8, ts=8, x0=603988177
P1, tp=8, ts=8, x0=997584197
P3, tp=8, ts=8, x0=934400684
P0, tp=8, ts=8, x0=652736925, x1=960775700
P0, tp=8, ts=8, x0=997584197, x1=181207138
P2, tp=8, ts=8, x0=567850687
P1, tp=8, ts=8, x0=994839436
P0, tp=8, ts=8, x0=708983332, x1=792718462
P1, tp=8, ts=8, x0=303443498
P3, tp=8, ts=8, x0=365908620
P3, tp=8, ts=8, x0=726983517
P2, tp=8, ts=8, x0=23866347
P3, tp=8, ts=8, x0=31101094
P2, tp=8, ts=8, x0=452185321
P0, tp=8, ts=8, x0=765488374, x1=104801715
P0, tp=8, ts=8, x0=365908620, x1=978902358
P1, tp=8, ts=8, x0=917491235
P1, tp=8, ts=8, x0=923296263
P2, tp=8, ts=8, x0=422559397
P1, tp=8, ts=8, x0=153948877
P2, tp=8, ts=8, x0=623200933
P2, tp=8, ts=8, x0=311315550
P1, tp=8, ts=8, x0=567850687
P1, tp=8, ts=8, x0=918863245
P2, tp=8, ts=8, x0=81792497
P3, tp=8, ts=8, x0=181207138
P2, tp=8, ts=8, x0=589230931
P3, tp=8, ts=8, x0=65557192
P1, tp=8, ts=8, x0=748052066
P3, tp=8, ts=8, x0=66671062
P2, tp=8, ts=8, x0=370351049
P3, tp=8, ts=8, x0=590344382
P0, tp=8, ts=8, x0=122493935, x1=300985657
P2, tp=8, ts=8, x0=297574515
P0, tp=8, ts=8, x0=300985657, x1=307698337
P1, tp=8, ts=8, x0=520570224
P0, tp=8, ts=8, x0=84296557, x1=564639792
P2, tp=8, ts=8, x0=257414232
P0, tp=8, ts=8, x0=595688185, x1=997584197
P1, tp=8, ts=8, x0=35950885
P0, tp=8, ts=8, x0=310156684, x1=247619987
P1, tp=8, ts=8, x0=384733233
P2, tp=8, ts=8, x0=339579934
P3, tp=8, ts=8, x0=547363970
P3, tp=8, ts=8, x0=311315550
P2, tp=8, ts=8, x0=835491395
P0, tp=8, ts=8, x0=2568354, x1=960763133
P3, tp=8, ts=8, x0=327831923
P0, tp=8, ts=8, x0=66671062, x1=370351049
P1, tp=8, ts=8, x0=708983332
P3, tp=8, ts=8, x0=554526673
P0, tp=8, ts=8, x0=993041908, x1=708983332
P1, tp=8, ts=8, x0=708633412
P2, tp=8, ts=8, x0=923296263
P3, tp=8, ts=8, x0=862056810
P3, tp=8, ts=8, x0=567850687
P3, tp=8, ts=8, x0=879001706
P0, tp=8, ts=8, x0=547615278, x1=952022390
P2, tp=8, ts=8, x0=813586596
P3, tp=8, ts=8, x0=27890052
P0, tp=8, ts=8, x0=65557192, x1=638256551
P0, tp=8, ts=8, x0=452185321, x1=923296263
P3, tp=8, ts=8, x0=767473799
P1, tp=8, ts=8, x0=2042543
P2, tp=8, ts=8, x0=384733233
P2, tp=8, ts=8, x0=589230931
P0, tp=8, ts=8, x0=343051751, x1=520570224
P0, tp=8, ts=8, x0=103640011, x1=31101094
P3, tp=8, ts=8, x0=267935632
P3, tp=8, ts=8, x0=308581288
P2, tp=8, ts=8, x0=302023083
P3, tp=8, ts=8, x0=554526673
P3, tp=8, ts=8, x0=934400684
P2, tp=8, ts=8, x0=415232822
P2, tp=8, ts=8, x0=652736925
P3, tp=8, ts=8, x0=104801715
P1, tp=8, ts=8, x0=615192788
P0, tp=8, ts=8, x0=978902358, x1=327831923
P2, tp=8, ts=8, x0=224173837
P3, tp=8, ts=8, x0=813586596
P1, tp=8, ts=8, x0=104801715
P2, tp=8, ts=8, x0=805340070
P2, tp=8, ts=8, x0=452185321
P1, tp=8, ts=8, x0=376666230
P3, tp=8, ts=8, x0=813586596
P3, tp=8, ts=8, x0=844509151
P1, tp=8, ts=8, x0=343051751
P0, tp=8, ts=8, x0=376666230, x1=384733233
P0, tp=8, ts=8, x0=547615278, x1=297574515
P1, tp=8, ts=8, x0=181207138
P3, tp=8, ts=8, x0=564639792
P1, tp=8, ts=8, x0=917491235
P1, tp=8, ts=8, x0=520570224
P0, tp=8, ts=8, x0=17535076, x1=623200933
P2, tp=8, ts=8, x0=122493935
P0, tp=8, ts=8, x0=153948877, x1=81792497
P0, tp=8, ts=8, x0=960775700, x1=952022390
P2, tp=8, ts=8, x0=835491395
P3, tp=8, ts=8, x0=765488374
P2, tp=8, ts=8, x0=415232822
P1, tp=8, ts=8, x0=376666230
P1, tp=8, ts=8, x0=153948877
P3, tp=8, ts=8, x0=652736925
P1, tp=8, ts=8, x0=806431899
P3, tp=8, ts=8, x0=855628474
P0, tp=8, ts=8, x0=327831923, x1=224173837
P0, tp=8, ts=8, x0=726983517, x1=143046583
P3, tp=8, ts=8, x0=993041908
P3, tp=8, ts=8, x0=224173837
P1, tp=8, ts=8, x0=66671062
P2, tp=8, ts=8, x0=993041908
P1, tp=8, ts=8, x0=311315550
P2, tp=8, ts=8, x0=31101094
P3, tp=8, ts=8, x0=826144711
P3, tp=8, ts=8, x0=708983332
P2, tp=8, ts=8, x0=181207138
P1, tp=8, ts=8, x0=428530342
P1, tp=8, ts=8, x0=384733233
P1, tp=8, ts=8, x0=806431899
P2, tp=8, ts=8, x0=972999477
P1, tp=8, ts=8, x0=208202698
P0, tp=8, ts=8, x0=467346431, x1=415232822
P1, tp=8, ts=8, x0=994839436
P0, tp=8, ts=8, x0=960763133, x1=17535076
P1, tp=8, ts=8, x0=65557192
P0, tp=8, ts=8, x0=376666230, x1=457535434
P2, tp=8, ts=8, x0=300985657
P2, tp=8, ts=8, x0=2568354
P1, tp=8, ts=8, x0=826144711
P0, tp=8, ts=8, x0=23866347, x1=376666230
P1, tp=8, ts=8, x0=384733233
P0, tp=8, ts=8, x0=297574515, x1=993041908
P0, tp=8, ts=8, x0=909716971, x1=84296557
P3, tp=8, ts=8, x0=805340070
P3, tp=8, ts=8, x0=910434871
P3, tp=8, ts=8, x0=415232822
P0, tp=8, ts=8, x0=997584197, x1=960775700
P0, tp=8, ts=8, x0=532902732, x1=211987089
P3, tp=8, ts=8, x0=963379966
P1, tp=8, ts=8, x0=564639792
P3, tp=8, ts=8, x0=428530342
P2, tp=8, ts=8, x0=428530342
P0, tp=8, ts=8, x0=206750180, x1=26992958
P0, tp=8, ts=8, x0=345030965, x1=993041908
P0, tp=8, ts=8, x0=327831923, x1=767473799
P1, tp=8, ts=8, x0=855628474
P1, tp=8, ts=8, x0=428530342
P2, tp=8, ts=8, x0=917491235
P0, tp=8, ts=8, x0=415232822, x1=85177655
P3, tp=8, ts=8, x0=748084517
P1, tp=8, ts=8, x0=17535076
P2, tp=8, ts=8, x0=767473799
P0, tp=8, ts=8, x0=879001706, x1=27890052
P0, tp=8, ts=8, x0=327831923, x1=532902732
P3, tp=8, ts=8, x0=999030804
P0, tp=8, ts=8, x0=708983332, x1=708983332
P3, tp=8, ts=8, x0=623200933
P3, tp=8, ts=8, x0=415232822
P3, tp=8, ts=8, x0=918863245
P0, tp=8, ts=8, x0=987913606, x1=415232822
P0, tp=8, ts=8, x0=563026621, x1=842122800
P3, tp=8, ts=8, x0=987913606
P3, tp=8, ts=8, x0=339579934
P2, tp=8, ts=8, x0=844293749
P0, tp=8, ts=8, x0=122493935, x1=844293749
P1, tp=8, ts=8, x0=544701979
P0, tp=8, ts=8, x0=564639792, x1=567850687
P1, tp=8, ts=8, x0=564639792
P2, tp=8, ts=8, x0=247619987
P3, tp=8, ts=8, x0=452185321
P3, tp=8, ts=8, x0=415232822
P3, tp=8, ts=8, x0=27890052
P3, tp=8, ts=8, x0=247619987
P1, tp=8, ts=8, x0=835491395
P0, tp=8, ts=8, x0=339579934, x1=708983332
P3, tp=8, ts=8, x0=805340070
P1, tp=8, ts=8, x0=563026621
P2, tp=8, ts=8, x0=960775700
P2, tp=8, ts=8, x0=826144711
P1, tp=8, ts=8, x0=589230931
P2, tp=8, ts=8, x0=415232822
P1, tp=8, ts=8, x0=772499901
P3, tp=8, ts=8, x0=195033435
P2, tp=8, ts=8, x0=564639792
P3, tp=8, ts=8, x0=567850687
P1, tp=8, ts=8, x0=2568354
P3, tp=8, ts=8, x0=26992958
P1, tp=8, ts=8, x0=873379346
P0, tp=8, ts=8, x0=185854483, x1=365908620
P2, tp=8, ts=8, x0=748084517
P0, tp=8, ts=8, x0=826144711, x1=623200933
P2, tp=8, ts=8, x0=104801715
P3, tp=8, ts=8, x0=224173837
P3, tp=8, ts=8, x0=813586596
P2, tp=8, ts=8, x0=302023083
P2, tp=8, ts=8, x0=122493935
P2, tp=8, ts=8, x0=706597374
P2, tp=8, ts=8, x0=638256551
P0, tp=8, ts=8, x0=103640011, x1=567850687
P2, tp=8, ts=8, x0=769596647
P3, tp=8, ts=8, x0=5741545
P2, tp=8, ts=8, x0=987913606
P1, tp=8, ts=8, x0=452185321
P2, tp=8, ts=8, x0=23866347
P0, tp=8, ts=8, x0=365908620, x1=662318765
P1, tp=8, ts=8, x0=307698337
P0, tp=8, ts=8, x0=81792497, x1=993041908
P1, tp=8, ts=8, x0=545902714
P0, tp=8, ts=8, x0=5741545, x1=31101094
P1, tp=8, ts=8, x0=308581288
P3, tp=8, ts=8, x0=104801715
P0, tp=8, ts=8, x0=267935632, x1=343051751
P2, tp=8, ts=8, x0=555070484
P2, tp=8, ts=8, x0=917491235
P3, tp=8, ts=8, x0=952022390
P3, tp=8, ts=8, x0=952022390
P1, tp=8, ts=8, x0=370351049
P2, tp=8, ts=8, x0=532902732
P3, tp=8, ts=8, x0=567850687
P0, tp=8, ts=8, x0=365890509, x1=279648100
P0, tp=8, ts=8, x0=104801715, x1=805340070
P1, tp=8, ts=8, x0=327646615
P1, tp=8, ts=8, x0=339579934
P3, tp=8, ts=8, x0=457535434
P1, tp=8, ts=8, x0=185854483
P2, tp=8, ts=8, x0=127402887
P0, tp=8, ts=8, x0=544701979, x1=674041665
P2, tp=8, ts=8, x0=279648100
P2, tp=8, ts=8, x0=700816526
P0, tp=8, ts=8, x0=844509151, x1=406368118
P2, tp=8, ts=8, x0=952022390
P0, tp=8, ts=8, x0=662318765, x1=402693913
P3, tp=8, ts=8, x0=844509151
P2, tp=8, ts=8, x0=700816526
P0, tp=8, ts=8, x0=279648100, x1=684343700
P1, tp=8, ts=8, x0=452185321
P2, tp=8, ts=8, x0=662318765
P3, tp=8, ts=8, x0=542764816
P2, tp=8, ts=8, x0=302023083
P1, tp=8, ts=8, x0=842122800
P0, tp=8, ts=8, x0=525692958, x1=835491395
P3, tp=8, ts=8, x0=963379966
P3, tp=8, ts=8, x0=67069358
P0, tp=8, ts=8, x0=267935632, x1=2568354
P2, tp=8, ts=8, x0=206750180
P3, tp=8, ts=8, x0=615192788
P1, tp=8, ts=8, x0=987913606
P3, tp=8, ts=8, x0=844509151
P3, tp=8, ts=8, x0=635058679
P0, tp=8, ts=8, x0=457535434, x1=554526673
P3, tp=8, ts=8, x0=23866347
P0, tp=8, ts=8, x0=726983517, x1=567850687
P3, tp=8, ts=8, x0=813586596
P1, tp=8, ts=8, x0=638256551
P2, tp=8, ts=8, x0=844509151
P0, tp=8, ts=8, x0=211987089, x1=674041665
P3, tp=8, ts=8, x0=104801715
P1, tp=8, ts=8, x0=978902358
P1, tp=8, ts=8, x0=122493935
P3, tp=8, ts=8, x0=547363970
P0, tp=8, ts=8, x0=555070484, x1=523403424
P0, tp=8, ts=8, x0=81792497, x1=934948706
P1, tp=8, ts=8, x0=951760062
P3, tp=8, ts=8, x0=195033435
P3, tp=8, ts=8, x0=638256551
P0, tp=8, ts=8, x0=23866347, x1=918863245
P1, tp=8, ts=8, x0=918863245
P3, tp=8, ts=8, x0=547615278
P1, tp=8, ts=8, x0=31101094
P3, tp=8, ts=8, x0=960763133
P0, tp=8, ts=8, x0=999030804, x1=376666230
P1, tp=8, ts=8, x0=978902358
P0, tp=8, ts=8, x0=27890052, x1=909716971
P3, tp=8, ts=8, x0=963379966
P0, tp=8, ts=8, x0=376666230, x1=708983332
P1, tp=8, ts=8, x0=997584197
P0, tp=8, ts=8, x0=370351049, x1=267935632
P0, tp=8, ts=8, x0=547363970, x1=65557192
P3, tp=8, ts=8, x0=2568354
P1, tp=8, ts=8, x0=143046583
P1, tp=8, ts=8, x0=564639792
P0, tp=8, ts=8, x0=67069358, x1=409121799
P0, tp=8, ts=8, x0=132756131, x1=884664752
P3, tp=8, ts=8, x0=409121799
P2, tp=8, ts=8, x0=674041665
P3, tp=8, ts=8, x0=826144711
P2, tp=8, ts=8, x0=564639792
P2, tp=8, ts=8, x0=884664752
P1, tp=8, ts=8, x0=978902358
P2, tp=8, ts=8, x0=84296557
P2, tp=8, ts=8, x0=65557192
P2, tp=8, ts=8, x0=855628474
P3, tp=8, ts=8, x0=842122800
P2, tp=8, ts=8, x0=555070484
P1, tp=8, ts=8, x0=415232822
P0, tp=8, ts=8, x0=176147209, x1=706597374
P0, tp=8, ts=8, x0=706597374, x1=226579847
P1, tp=8, ts=8, x0=563026621
P3, tp=8, ts=8, x0=765488374
P3, tp=8, ts=8, x0=934948706
P3, tp=8, ts=8, x0=813586596
P2, tp=8, ts=8, x0=963379966
P1, tp=8, ts=8, x0=615192788
P3, tp=8, ts=8, x0=31101094
P1, tp=8, ts=8, x0=132756131
P1, tp=8, ts=8, x0=564639792
P2, tp=8, ts=8, x0=2568354
P0, tp=8, ts=8, x0=918863245, x1=684343700
P2, tp=8, ts=8, x0=842122800
P0, tp=8, ts=8, x0=247619987, x1=842122800
P3, tp=8, ts=8, x0=337596192
P1, tp=8, ts=8, x0=554526673
P2, tp=8, ts=8, x0=345030965
P2, tp=8, ts=8, x0=143046583
P0, tp=8, ts=8, x0=17535076, x1=445381403
P2, tp=8, ts=8, x0=763285467
P2, tp=8, ts=8, x0=283849757
P3, tp=8, ts=8, x0=564639792
P0, tp=8, ts=8, x0=910434871, x1=300985657
P0, tp=8, ts=8, x0=542764816, x1=842122800
P3, tp=8, ts=8, x0=904933081
P1, tp=8, ts=8, x0=674041665
P3, tp=8, ts=8, x0=844509151
P0, tp=8, ts=8, x0=874580733, x1=844293749
P1, tp=8, ts=8, x0=337596192
P1, tp=8, ts=8, x0=763285467
P2, tp=8, ts=8, x0=826144711
P0, tp=8, ts=8, x0=884664752, x1=122493935
P2, tp=8, ts=8, x0=247619987
P3, tp=8, ts=8, x0=196157495
P2, tp=8, ts=8, x0=247619987
P3, tp=8, ts=8, x0=563026621
P3, tp=8, ts=8, x0=884664752
P2, tp=8, ts=8, x0=826144711
P2, tp=8, ts=8, x0=27890052
P0, tp=8, ts=8, x0=638256551, x1=445381403
P3, tp=8, ts=8, x0=23866347
P0, tp=8, ts=8, x0=26992958, x1=300985657
P2, tp=8, ts=8, x0=547615278
P3, tp=8, ts=8, x0=772499901
P3, tp=8, ts=8, x0=104801715
P2, tp=8, ts=8, x0=987913606
P1, tp=8, ts=8, x0=987913606
P0, tp=8, ts=8, x0=601317838, x1=311315550
P3, tp=8, ts=8, x0=2568354
P2, tp=8, ts=8, x0=638256551
P2, tp=8, ts=8, x0=684343700
P2, tp=8, ts=8, x0=211987089
P2, tp=8, ts=8, x0=674041665
P0, tp=8, ts=8, x0=874580733, x1=909716971
P3, tp=8, ts=8, x0=307698337
P2, tp=8, ts=8, x0=127402887
P0, tp=8, ts=8, x0=635058679, x1=602878090
P0, tp=8, ts=8, x0=602766125, x1=337596192
P0, tp=8, ts=8, x0=987913606, x1=176147209
P1, tp=8, ts=8, x0=763285467
P2, tp=8, ts=8, x0=904933081
P0, tp=8, ts=8, x0=211987089, x1=943928499
P3, tp=8, ts=8, x0=5741545
P0, tp=8, ts=8, x0=904933081, x1=909716971
P0, tp=8, ts=8, x0=2042543, x1=763285467
P0, tp=8, ts=8, x0=918863245, x1=910434871
P0, tp=8, ts=8, x0=917491235, x1=72384031
P0, tp=8, ts=8, x0=132756131, x1=127402887
P3, tp=8, ts=8, x0=127402887
P1, tp=8, ts=8, x0=26992958
P2, tp=8, ts=8, x0=602766125
P2, tp=8, ts=8, x0=759954087
P3, tp=8, ts=8, x0=132756131
P0, tp=8, ts=8, x0=602878090, x1=373547313
P1, tp=8, ts=8, x0=71041447
P0, tp=8, ts=8, x0=960763133, x1=71041447
P3, tp=8, ts=8, x0=26992958
P0, tp=8, ts=8, x0=590344382, x1=684343700
P0, tp=8, ts=8, x0=523403424, x1=457535434
P2, tp=8, ts=8, x0=103640011
P3, tp=8, ts=8, x0=555070484
P2, tp=8, ts=8, x0=452185321
P2, tp=8, ts=8, x0=826144711
P0, tp=8, ts=8, x0=303443498, x1=103640011
P3, tp=8, ts=8, x0=283849757
P2, tp=8, ts=8, x0=844293749
P0, tp=8, ts=8, x0=155903923, x1=224173837
P0, tp=8, ts=8, x0=31101094, x1=84442014
P0, tp=8, ts=8, x0=662318765, x1=874580733
P1, tp=8, ts=8, x0=934948706
P1, tp=8, ts=8, x0=874580733
P3, tp=8, ts=8, x0=525692958
P1, tp=8, ts=8, x0=805340070
P1, tp=8, ts=8, x0=206750180
P1, tp=8, ts=8, x0=909716971
P3, tp=8, ts=8, x0=842122800
P0, tp=8, ts=8, x0=452185321, x1=844293749
P0, tp=8, ts=8, x0=545902714, x1=132756131
P2, tp=8, ts=8, x0=176147209
P2, tp=8, ts=8, x0=297574515
P1, tp=8, ts=8, x0=545902714
P2, tp=8, ts=8, x0=103640011
P2, tp=8, ts=8, x0=5741545
P0, tp=8, ts=8, x0=103640011, x1=910434871
P2, tp=8, ts=8, x0=805340070
P2, tp=8, ts=8, x0=910434871
P3, tp=8, ts=8, x0=307698337
P3, tp=8, ts=8, x0=772499901
P1, tp=8, ts=8, x0=457535434
P0, tp=8, ts=8, x0=987913606, x1=71041447
P1, tp=8, ts=8, x0=923296263
P3, tp=8, ts=8, x0=457535434
P0, tp=8, ts=8, x0=406368118, x1=842122800
P0, tp=8, ts=8, x0=748084517, x1=84442014
P0, tp=8, ts=8, x0=155903923, x1=555070484
P0, tp=8, ts=8, x0=765488374, x1=67069358
P0, tp=8, ts=8, x0=12242492, x1=601317838
P0, tp=8, ts=8, x0=547615278, x1=158560553
P2, tp=8, ts=8, x0=337596192
P1, tp=8, ts=8, x0=143046583
P1, tp=8, ts=8, x0=960775700
P2, tp=8, ts=8, x0=910434871
P3, tp=8, ts=8, x0=934948706
P0, tp=8, ts=8, x0=602766125, x1=26992958
P0, tp=8, ts=8, x0=155903923, x1=376666230
P3, tp=8, ts=8, x0=759954087
P2, tp=8, ts=8, x0=201613029
P3, tp=8, ts=8, x0=545902714
P1, tp=8, ts=8, x0=453032614
P0, tp=8, ts=8, x0=127402887, x1=805340070
P2, tp=8, ts=8, x0=327646615
P3, tp=8, ts=8, x0=428530342
P3, tp=8, ts=8, x0=12242492
P2, tp=8, ts=8, x0=31101094
P2, tp=8, ts=8, x0=706597374
P1, tp=8, ts=8, x0=158560553
P3, tp=8, ts=8, x0=104801715
P0, tp=8, ts=8, x0=155903923, x1=947448623
P0, tp=8, ts=8, x0=765488374, x1=376666230
P0, tp=8, ts=8, x0=71041447, x1=12242492
P1, tp=8, ts=8, x0=564639792
P1, tp=8, ts=8, x0=910434871
P2, tp=8, ts=8, x0=72384031
P0, tp=8, ts=8, x0=532902732, x1=923598363
P0, tp=8, ts=8, x0=12242492, x1=176147209
P1, tp=8, ts=8, x0=176147209
P1, tp=8, ts=8, x0=211987089
P1, tp=8, ts=8, x0=987913606
P3, tp=8, ts=8, x0=406368118
P0, tp=8, ts=8, x0=602766125, x1=674041665
P0, tp=8, ts=8, x0=706597374, x1=547615278
P3, tp=8, ts=8, x0=923598363
P3, tp=8, ts=8, x0=563026621
P2, tp=8, ts=8, x0=155903923
P2, tp=8, ts=8, x0=211987089
P1, tp=8, ts=8, x0=918863245
P1, tp=8, ts=8, x0=826144711
P0, tp=8, ts=8, x0=826144711, x1=311315550
P3, tp=8, ts=8, x0=27890052
P3, tp=8, ts=8, x0=706597374
P0, tp=8, ts=8, x0=826144711, x1=132756131
P0, tp=8, ts=8, x0=947448623, x1=987913606
P0, tp=8, ts=8, x0=132756131, x1=251511563
P0, tp=8, ts=8, x0=662318765, x1=155903923
P3, tp=8, ts=8, x0=247619987
P3, tp=8, ts=8, x0=769596647
P2, tp=8, ts=8, x0=516737116
P1, tp=8, ts=8, x0=12242492
P1, tp=8, ts=8, x0=987913606
P1, tp=8, ts=8, x0=27890052
P3, tp=8, ts=8, x0=53638880
P0, tp=8, ts=8, x0=12242492, x1=300985657
P2, tp=8, ts=8, x0=27890052
P0, tp=8, ts=8, x0=601317838, x1=132756131
P3, tp=8, ts=8, x0=12242492
P2, tp=8, ts=8, x0=23866347
P2, tp=8, ts=8, x0=31101094
P2, tp=8, ts=8, x0=251511563
P0, tp=8, ts=8, x0=960763133, x1=297574515
P0, tp=8, ts=8, x0=12242492, x1=132756131
P3, tp=8, ts=8, x0=963379966
P0, tp=8, ts=8, x0=132756131, x1=805340070
P2, tp=8, ts=8, x0=445381403
P1, tp=8, ts=8, x0=337596192
P0, tp=8, ts=8, x0=425412977, x1=844293749
P2, tp=8, ts=8, x0=143046583
P0, tp=8, ts=8, x0=684343700, x1=917491235
P3, tp=8, ts=8, x0=376666230
P0, tp=8, ts=8, x0=81792497, x1=960775700
P1, tp=8, ts=8, x0=960763133
P0, tp=8, ts=8, x0=708983332, x1=772499901
P3, tp=8, ts=8, x0=688034261
P1, tp=8, ts=8, x0=987913606
P1, tp=8, ts=8, x0=516737116
P0, tp=8, ts=8, x0=241233351, x1=71041447
P1, tp=8, ts=8, x0=453032614
P2, tp=8, ts=8, x0=530534284
P3, tp=8, ts=8, x0=978902358
P2, tp=8, ts=8, x0=805340070
P1, tp=8, ts=8, x0=23866347
P0, tp=8, ts=8, x0=300985657, x1=433776648
P1, tp=8, ts=8, x0=525692958
P2, tp=8, ts=8, x0=337596192
P0, tp=8, ts=8, x0=132756131, x1=196157495
P2, tp=8, ts=8, x0=31101094
P2, tp=8, ts=8, x0=42311534
P0, tp=8, ts=8, x0=759954087, x1=772499901
P0, tp=8, ts=8, x0=453032614, x1=71041447
P2, tp=8, ts=8, x0=805340070
P2, tp=8, ts=8, x0=844293749
P3, tp=8, ts=8, x0=84442014
P0, tp=8, ts=8, x0=307698337, x1=158560553
P2, tp=8, ts=8, x0=297574515
P2, tp=8, ts=8, x0=646443325
P1, tp=8, ts=8, x0=638256551
P1, tp=8, ts=8, x0=684343700
P0, tp=8, ts=8, x0=406368118, x1=523403424
P1, tp=8, ts=8, x0=844293749
P0, tp=8, ts=8, x0=987913606, x1=81792497
P0, tp=8, ts=8, x0=311315550, x1=602878090
P0, tp=8, ts=8, x0=81792497, x1=224173837
P0, tp=8, ts=8, x0=406368118, x1=684343700
P2, tp=8, ts=8, x0=35755082
P0, tp=8, ts=8, x0=26992958, x1=826144711
P0, tp=8, ts=8, x0=307698337, x1=71041447
P2, tp=8, ts=8, x0=674041665
P1, tp=8, ts=8, x0=545902714
P2, tp=8, ts=8, x0=525692958
P3, tp=8, ts=8, x0=578298568
P2, tp=8, ts=8, x0=978902358
P2, tp=8, ts=8, x0=300985657
P0, tp=8, ts=8, x0=983243857, x1=425412977
P1, tp=8, ts=8, x0=188626430
P2, tp=8, ts=8, x0=56202885
P2, tp=8, ts=8, x0=158560553
P3, tp=8, ts=8, x0=158560553
P3, tp=8, ts=8, x0=457535301
P1, tp=8, ts=8, x0=516737116
P0, tp=8, ts=8, x0=72384031, x1=547363970
P1, tp=8, ts=8, x0=662318765
P2, tp=8, ts=8, x0=530534284
P1, tp=8, ts=8, x0=211987089
P3, tp=8, ts=8, x0=610164751
P0, tp=8, ts=8, x0=963379966, x1=904933081
P1, tp=8, ts=8, x0=516737116
P2, tp=8, ts=8, x0=311315550
P2, tp=8, ts=8, x0=365890509
P1, tp=8, ts=8, x0=226579847
P3, tp=8, ts=8, x0=545902714
P3, tp=8, ts=8, x0=188626430
P3, tp=8, ts=8, x0=918863245
P3, tp=8, ts=8, x0=983243857
P0, tp=8, ts=8, x0=523403424, x1=602878090
P3, tp=8, ts=8, x0=724141872
P1, tp=8, ts=8, x0=5741545
P3, tp=8, ts=8, x0=761772854
P1, tp=8, ts=8, x0=547615278
P3, tp=8, ts=8, x0=425412977
P2, tp=8, ts=8, x0=445381403
P2, tp=8, ts=8, x0=772499901
P3, tp=8, ts=8, x0=132756131
P0, tp=8, ts=8, x0=960775700, x1=763285467
P1, tp=8, ts=8, x0=406368118
P0, tp=8, ts=8, x0=457535434, x1=759954087
P3, tp=8, ts=8, x0=224173837
P1, tp=8, ts=8, x0=337596192
P3, tp=8, ts=8, x0=158560553
P0, tp=8, ts=8, x0=761772854, x1=196157495
P2, tp=8, ts=8, x0=242032255
P2, tp=8, ts=8, x0=241233351
P2, tp=8, ts=8, x0=453032614
P0, tp=8, ts=8, x0=5741545, x1=251511563
P1, tp=8, ts=8, x0=545902714
P0, tp=8, ts=8, x0=663472161, x1=602766125
P0, tp=8, ts=8, x0=983243857, x1=918863245
P3, tp=8, ts=8, x0=844293749
P3, tp=8, ts=8, x0=963379966
P1, tp=8, ts=8, x0=42311534
P2, tp=8, ts=8, x0=27890052
P2, tp=8, ts=8, x0=67069358
P1, tp=8, ts=8, x0=963379966
P2, tp=8, ts=8, x0=279648100
P3, tp=8, ts=8, x0=158560553
P1, tp=8, ts=8, x0=72384031
P3, tp=8, ts=8, x0=516737116
P0, tp=8, ts=8, x0=84442014, x1=516737116
P3, tp=8, ts=8, x0=167875128
P3, tp=8, ts=8, x0=362221548
P2, tp=8, ts=8, x0=888298418
P3, tp=8, ts=8, x0=591400030
P1, tp=8, ts=8, x0=71041447
P1, tp=8, ts=8, x0=601317838
P1, tp=8, ts=8, x0=176147209
P0, tp=8, ts=8, x0=547615278, x1=589870243
P0, tp=8, ts=8, x0=297574515, x1=297574515
P3, tp=8, ts=8, x0=706597374
P2, tp=8, ts=8, x0=362221548
P0, tp=8, ts=8, x0=947448623, x1=761772854
P0, tp=8, ts=8, x0=724141872, x1=297574515
P3, tp=8, ts=8, x0=81792497
P2, tp=8, ts=8, x0=963379966
P3, tp=8, ts=8, x0=53638880
P2, tp=8, ts=8, x0=844293749
P3, tp=8, ts=8, x0=188626430
P1, tp=8, ts=8, x0=530534284
P3, tp=8, ts=8, x0=311315550
P1, tp=8, ts=8, x0=176147209
P1, tp=8, ts=8, x0=226579847
P0, tp=8, ts=8, x0=26992958, x1=176147209
P1, tp=8, ts=8, x0=578298568
P2, tp=8, ts=8, x0=963379966
P2, tp=8, ts=8, x0=963379966
P2, tp=8, ts=8, x0=241233351
P0, tp=8, ts=8, x0=547363970, x1=211987089
P2, tp=8, ts=8, x0=532902732
P2, tp=8, ts=8, x0=402693913
P3, tp=8, ts=8, x0=295992551
P3, tp=8, ts=8, x0=772499901
P0, tp=8, ts=8, x0=766005847, x1=155903923
P2, tp=8, ts=8, x0=498077065
P3, tp=8, ts=8, x0=662318765
P2, tp=8, ts=8, x0=589870243
P1, tp=8, ts=8, x0=772499901
P1, tp=8, ts=8, x0=307980237
P1, tp=8, ts=8, x0=724141872
P3, tp=8, ts=8, x0=589870243
P0, tp=8, ts=8, x0=425412977, x1=295992551
P3, tp=8, ts=8, x0=445381403
P3, tp=8, ts=8, x0=155903923
P0, tp=8, ts=8, x0=365890509, x1=684343700
P0, tp=8, ts=8, x0=182425233, x1=830572316
P0, tp=8, ts=8, x0=963379966, x1=748084517
P1, tp=8, ts=8, x0=674041665
P3, tp=8, ts=8, x0=766005847
P0, tp=8, ts=8, x0=279648100, x1=987913606
P1, tp=8, ts=8, x0=761772854
P1, tp=8, ts=8, x0=5741545
P3, tp=8, ts=8, x0=589870243
P2, tp=8, ts=8, x0=532902732
P2, tp=8, ts=8, x0=601317838
P0, tp=8, ts=8, x0=888298418, x1=530534284
P1, tp=8, ts=8, x0=963379966
P3, tp=8, ts=8, x0=684343700
P1, tp=8, ts=8, x0=397266005
P3, tp=8, ts=8, x0=662318765
P3, tp=8, ts=8, x0=300985657
P0, tp=8, ts=8, x0=663472161, x1=143046583
P3, tp=8, ts=8, x0=409121799
P0, tp=8, ts=8, x0=81792497, x1=862705202
P1, tp=8, ts=8, x0=251511563
P3, tp=8, ts=8, x0=547363970
P1, tp=8, ts=8, x0=5741545
P0, tp=8, ts=8, x0=300985657, x1=12242492
P3, tp=8, ts=8, x0=50073148
P0, tp=8, ts=8, x0=241233351, x1=397266005
P3, tp=8, ts=8, x0=650965489
P3, tp=8, ts=8, x0=311315550
P3, tp=8, ts=8, x0=862705202
P1, tp=8, ts=8, x0=211987089
P3, tp=8, ts=8, x0=516737116
P1, tp=8, ts=8, x0=674041665
P3, tp=8, ts=8, x0=402693913
P2, tp=8, ts=8, x0=311315550
P1, tp=8, ts=8, x0=934948706
P2, tp=8, ts=8, x0=433776648
P1, tp=8, ts=8, x0=650965489
P3, tp=8, ts=8, x0=406368118
P3, tp=8, ts=8, x0=663472161
P0, tp=8, ts=8, x0=226579847, x1=602878090
P1, tp=8, ts=8, x0=688034261
P2, tp=8, ts=8, x0=406368118
P2, tp=8, ts=8, x0=530534284
P2, tp=8, ts=8, x0=196157495
P2, tp=8, ts=8, x0=167875128
P3, tp=8, ts=8, x0=545902714
P2, tp=8, ts=8, x0=409121799
P2, tp=8, ts=8, x0=283849757
P1, tp=8, ts=8, x0=943928499
P3, tp=8, ts=8, x0=397266005
P3, tp=8, ts=8, x0=409121799
P1, tp=8, ts=8, x0=167875128
P1, tp=8, ts=8, x0=84442014
P0, tp=8, ts=8, x0=547363970, x1=874580733
P0, tp=8, ts=8, x0=224173837, x1=12242492
P1, tp=8, ts=8, x0=888298418
P3, tp=8, ts=8, x0=72384031
P2, tp=8, ts=8, x0=311315550
P0, tp=8, ts=8, x0=663472161, x1=943928499
P1, tp=8, ts=8, x0=409121799
P2, tp=8, ts=8, x0=578298568
P3, tp=8, ts=8, x0=987913606
P1, tp=8, ts=8, x0=277382462
P3, tp=8, ts=8, x0=188626430
P0, tp=8, ts=8, x0=662318765, x1=402693913
P1, tp=8, ts=8, x0=251511563
P2, tp=8, ts=8, x0=397266005
P2, tp=8, ts=8, x0=12242492
P0, tp=8, ts=8, x0=397266005, x1=761772854
P3, tp=8, ts=8, x0=547363970
P3, tp=8, ts=8, x0=26992958
P1, tp=8, ts=8, x0=56202885
P1, tp=8, ts=8, x0=674041665
P3, tp=8, ts=8, x0=457535434
P1, tp=8, ts=8, x0=874580733
P2, tp=8, ts=8, x0=182425233
P0, tp=8, ts=8, x0=196157495, x1=350202132
P2, tp=8, ts=8, x0=406368118
P3, tp=8, ts=8, x0=772499901
P0, tp=8, ts=8, x0=806096339, x1=998904564
P2, tp=8, ts=8, x0=276542770
P3, tp=8, ts=8, x0=132756131
P1, tp=8, ts=8, x0=684343700
P0, tp=8, ts=8, x0=842122800, x1=677585855
P1, tp=8, ts=8, x0=684343700
P1, tp=8, ts=8, x0=759954087
P2, tp=8, ts=8, x0=132756131
P1, tp=8, ts=8, x0=5741545
P3, tp=8, ts=8, x0=904933081
P1, tp=8, ts=8, x0=532902732
P1, tp=8, ts=8, x0=555070484
P2, tp=8, ts=8, x0=662318765
P3, tp=8, ts=8, x0=879794447
P0, tp=8, ts=8, x0=242032255, x1=591400030
P3, tp=8, ts=8, x0=688034261
P1, tp=8, ts=8, x0=26992958
P0, tp=8, ts=8, x0=167875128, x1=176147209
P1, tp=8, ts=8, x0=842122800
P3, tp=8, ts=8, x0=909716971
P0, tp=8, ts=8, x0=635058679, x1=724141872
P2, tp=8, ts=8, x0=909716971
P2, tp=8, ts=8, x0=311303366
P1, tp=8, ts=8, x0=373547313
P2, tp=8, ts=8, x0=457535301
P2, tp=8, ts=8, x0=595528183
P2, tp=8, ts=8, x0=923598363
P2, tp=8, ts=8, x0=934948706
P1, tp=8, ts=8, x0=545902714
P0, tp=8, ts=8, x0=602878090, x1=663472161
P1, tp=8, ts=8, x0=525692958
P3, tp=8, ts=8, x0=12242492
P2, tp=8, ts=8, x0=277382462
P0, tp=8, ts=8, x0=684343700, x1=724141872
P2, tp=8, ts=8, x0=677585855
P3, tp=8, ts=8, x0=251511563
P3, tp=8, ts=8, x0=307980237
P1, tp=8, ts=8, x0=188626430
P2, tp=8, ts=8, x0=951760062
P0, tp=8, ts=8, x0=650965489, x1=242032255
P1, tp=8, ts=8, x0=610164751
P0, tp=8, ts=8, x0=226579847, x1=277382462
P0, tp=8, ts=8, x0=983243857, x1=26992958
P1, tp=8, ts=8, x0=380265205
P2, tp=8, ts=8, x0=380265205
P2, tp=8, ts=8, x0=772499901
P2, tp=8, ts=8, x0=555070484
P0, tp=8, ts=8, x0=155903923, x1=295992551
P2, tp=8, ts=8, x0=842122800
P2, tp=8, ts=8, x0=590105816
P1, tp=8, ts=8, x0=530534284
P3, tp=8, ts=8, x0=643101714
P3, tp=8, ts=8, x0=578298568
P1, tp=8, ts=8, x0=640445397
P3, tp=8, ts=8, x0=640445397
P1, tp=8, ts=8, x0=26992958
P0, tp=8, ts=8, x0=185854483, x1=132756131
P1, tp=8, ts=8, x0=563026621
P0, tp=8, ts=8, x0=595528183, x1=498077065
P0, tp=8, ts=8, x0=425412977, x1=26992958
P2, tp=8, ts=8, x0=35755082
P2, tp=8, ts=8, x0=590105816
P0, tp=8, ts=8, x0=402693913, x1=674041665
P3, tp=8, ts=8, x0=525692958
P1, tp=8, ts=8, x0=761772854
P3, tp=8, ts=8, x0=721943022
P1, tp=8, ts=8, x0=425412977
P0, tp=8, ts=8, x0=185854483, x1=425412977
P0, tp=8, ts=8, x0=646443325, x1=943928499
P3, tp=8, ts=8, x0=498077065
P0, tp=8, ts=8, x0=555070484, x1=167875128
P0, tp=8, ts=8, x0=12242492, x1=934948706
P1, tp=8, ts=8, x0=12242492
P3, tp=8, ts=8, x0=12242492
P2, tp=8, ts=8, x0=602878090
P1, tp=8, ts=8, x0=196157495
P0, tp=8, ts=8, x0=252193369, x1=759954087
P3, tp=9, ts=9, x0=982763553
P2, tp=9, ts=9, x0=542764816
P1, tp=9, ts=9, x0=295992551
P0, tp=9, ts=9, x0=277382462, x1=373547313
P1, tp=9, ts=9, x0=698594874
P0, tp=9, ts=9, x0=89225522, x1=201613029
P2, tp=9, ts=9, x0=402693913
P1, tp=9, ts=9, x0=568184368
P0, tp=9, ts=9, x0=307980237, x1=766005847
P2, tp=9, ts=9, x0=610164751
P0, tp=9, ts=9, x0=425412977, x1=684343700
P3, tp=9, ts=9, x0=578298568
P1, tp=9, ts=9, x0=766005847
P2, tp=9, ts=9, x0=525692958
P1, tp=9, ts=9, x0=983243857
P2, tp=9, ts=9, x0=874580733
P3, tp=9, ts=9, x0=898765600
P0, tp=9, ts=9, x0=433776648, x1=888298418
P0, tp=9, ts=9, x0=380265205, x1=923598363
P1, tp=9, ts=9, x0=84442014
P3, tp=9, ts=9, x0=226579847
P3, tp=9, ts=9, x0=176147209
P0, tp=9, ts=9, x0=766005847, x1=698594874
P3, tp=9, ts=9, x0=56202885
P1, tp=9, ts=9, x0=84442014
P2, tp=9, ts=9, x0=525692958
P0, tp=9, ts=9, x0=71041447, x1=646443325
P0, tp=9, ts=9, x0=5741545, x1=276542770
P0, tp=9, ts=9, x0=650965489, x1=934948706
P1, tp=9, ts=9, x0=56202885
P0, tp=9, ts=9, x0=445381403, x1=158560553
P0, tp=9, ts=9, x0=591400030, x1=5741545
P3, tp=9, ts=9, x0=279648100
P0, tp=9, ts=9, x0=602766125, x1=568184368
P1, tp=9, ts=9, x0=578298568
P1, tp=9, ts=9, x0=947448623
P2, tp=9, ts=9, x0=176147209
P1, tp=9, ts=9, x0=591400030
P1, tp=9, ts=9, x0=525692958
P1, tp=9, ts=9, x0=498077065
P2, tp=9, ts=9, x0=132756131
P2, tp=9, ts=9, x0=698594874
P3, tp=9, ts=9, x0=84442014
P3, tp=9, ts=9, x0=650965489
P1, tp=9, ts=9, x0=923598363
P0, tp=9, ts=9, x0=201613029, x1=646443325
P0, tp=9, ts=9, x0=365890509, x1=595528183
P3, tp=9, ts=9, x0=67501958
P3, tp=9, ts=9, x0=311303366
P2, tp=9, ts=9, x0=56202885
P3, tp=9, ts=9, x0=185854483
P0, tp=9, ts=9, x0=610877567, x1=934948706
P0, tp=9, ts=9, x0=545902714, x1=943928499
P2, tp=9, ts=9, x0=904933081
P3, tp=9, ts=9, x0=251511563
P1, tp=9, ts=9, x0=350202132
P0, tp=9, ts=9, x0=862705202, x1=226579847
P0, tp=9, ts=9, x0=409121799, x1=684343700
P0, tp=9, ts=9, x0=635058679, x1=640445397
P0, tp=9, ts=9, x0=998904564, x1=716774833
P0, tp=9, ts=9, x0=650965489, x1=409121799
P1, tp=9, ts=9, x0=674041665
P0, tp=9, ts=9, x0=923598363, x1=663472161
P3, tp=9, ts=9, x0=904933081
P3, tp=9, ts=9, x0=934948706
P1, tp=9, ts=9, x0=188626430
P1, tp=9, ts=9, x0=132756131
P3, tp=9, ts=9, x0=677585855
P3, tp=9, ts=9, x0=947448623
P1, tp=9, ts=9, x0=530534284
P3, tp=9, ts=9, x0=721943022
P1, tp=9, ts=9, x0=939086868
P3, tp=9, ts=9, x0=998904564
P0, tp=9, ts=9, x0=373547313, x1=409121799
P1, tp=9, ts=9, x0=688034261
P0, tp=9, ts=9, x0=380265205, x1=983243857
P1, tp=9, ts=9, x0=724141872
P3, tp=9, ts=9, x0=716774833
P1, tp=9, ts=9, x0=241233351
P1, tp=9, ts=9, x0=433776648
P2, tp=9, ts=9, x0=610164751
P0, tp=9, ts=9, x0=763285467, x1=650965489
P1, tp=9, ts=9, x0=365890509
P0, tp=9, ts=9, x0=688034261, x1=50073148
P3, tp=9, ts=9, x0=362221548
P0, tp=9, ts=9, x0=602766125, x1=53638880
P0, tp=9, ts=9, x0=662318765, x1=874580733
P2, tp=9, ts=9, x0=158560553
P2, tp=9, ts=9, x0=432607272
P3, tp=9, ts=9, x0=406368118
P3, tp=9, ts=9, x0=555070484
P3, tp=9, ts=9, x0=242032255
P0, tp=9, ts=9, x0=56202885, x1=806096339
P1, tp=9, ts=9, x0=698594874
P1, tp=9, ts=9, x0=317970701
P3, tp=9, ts=9, x0=433776648
P2, tp=9, ts=9, x0=73525176
P0, tp=9, ts=9, x0=862705202, x1=759954087
P2, tp=9, ts=9, x0=590105816
P3, tp=9, ts=9, x0=56202885
P3, tp=9, ts=9, x0=176147209
P0, tp=9, ts=9, x0=590105816, x1=433776648
P0, tp=9, ts=9, x0=73525176, x1=516737116
P3, tp=9, ts=9, x0=498500167
P2, tp=9, ts=9, x0=337596192
P0, tp=9, ts=9, x0=724141872, x1=498077065
P0, tp=9, ts=9, x0=602878090, x1=56202885
P3, tp=9, ts=9, x0=688034261
P2, tp=9, ts=9, x0=283849757
P3, tp=9, ts=9, x0=499799366
P0, tp=9, ts=9, x0=252193369, x1=646443325
P3, tp=9, ts=9, x0=766005847
P1, tp=9, ts=9, x0=763285467
P1, tp=9, ts=9, x0=891385135
P2, tp=9, ts=9, x0=590105816
P0, tp=9, ts=9, x0=283849757, x1=89225522
P0, tp=9, ts=9, x0=947448623, x1=337596192
P3, tp=9, ts=9, x0=898765600
P3, tp=9, ts=9, x0=516737116
P0, tp=9, ts=9, x0=939086868, x1=422657725
P1, tp=9, ts=9, x0=983243857
P3, tp=9, ts=9, x0=252193369
P1, tp=9, ts=9, x0=35755082
P1, tp=9, ts=9, x0=613351301
P0, tp=9, ts=9, x0=761772854, x1=73525176
P0, tp=9, ts=9, x0=155903923, x1=595528183
P3, tp=9, ts=9, x0=766005847
P0, tp=9, ts=9, x0=530534284, x1=362221548
P2, tp=9, ts=9, x0=84442014
P0, tp=9, ts=9, x0=276542770, x1=373547313
P3, tp=9, ts=9, x0=640445397
P1, tp=9, ts=9, x0=35755082
P0, tp=9, ts=9, x0=425412977, x1=542764816
P0, tp=9, ts=9, x0=445381403, x1=67501958
P3, tp=9, ts=9, x0=445381403
P3, tp=9, ts=9, x0=182425233
P3, tp=9, ts=9, x0=73525176
P2, tp=9, ts=9, x0=242032255
P1, tp=9, ts=9, x0=53638880
P2, tp=9, ts=9, x0=53638880
P3, tp=9, ts=9, x0=761772854
P2, tp=9, ts=9, x0=75858449
P0, tp=9, ts=9, x0=42311534, x1=898765600
P1, tp=9, ts=9, x0=498500167
P3, tp=9, ts=9, x0=983243857
P3, tp=9, ts=9, x0=830572316
P1, tp=9, ts=9, x0=167875128
P0, tp=9, ts=9, x0=120655953, x1=67501958
P1, tp=9, ts=9, x0=56202885
P1, tp=9, ts=9, x0=75858449
P3, tp=9, ts=9, x0=35755082
P3, tp=9, ts=9, x0=601317838
P3, tp=9, ts=9, x0=939086868
P2, tp=9, ts=9, x0=337596192
P3, tp=9, ts=9, x0=295992551
P3, tp=9, ts=9, x0=499799366
P3, tp=9, ts=9, x0=295992551
P2, tp=9, ts=9, x0=445381403
P1, tp=9, ts=9, x0=590105816
P1, tp=9, ts=9, x0=445381403
P1, tp=9, ts=9, x0=806096339
P1, tp=9, ts=9, x0=874580733
P2, tp=9, ts=9, x0=806096339
P2, tp=9, ts=9, x0=240986087
P1, tp=9, ts=9, x0=761772854
P3, tp=9, ts=9, x0=827435987
P3, tp=9, ts=9, x0=445381403
P3, tp=9, ts=9, x0=484111673
P3, tp=9, ts=9, x0=530534284
P0, tp=9, ts=9, x0=747365086, x1=688034261
P0, tp=9, ts=9, x0=73525176, x1=698619591
P0, tp=9, ts=9, x0=295992551, x1=373547313
P1, tp=9, ts=9, x0=904933081
P2, tp=9, ts=9, x0=643101714
P3, tp=9, ts=9, x0=166616719
P2, tp=9, ts=9, x0=530534284
P2, tp=9, ts=9, x0=425412977
P2, tp=9, ts=9, x0=983243857
P3, tp=9, ts=9, x0=998904564
P2, tp=9, ts=9, x0=84442014
P1, tp=9, ts=9, x0=677585855
P3, tp=9, ts=9, x0=943928499
P1, tp=9, ts=9, x0=499799366
P3, tp=9, ts=9, x0=646443325
P1, tp=9, ts=9, x0=542161672
P0, tp=9, ts=9, x0=158560553, x1=568184368
P3, tp=9, ts=9, x0=761772854
P2, tp=9, ts=9, x0=759954087
P1, tp=9, ts=9, x0=998904564
P0, tp=9, ts=9, x0=610877567, x1=602878090
P2, tp=9, ts=9, x0=226579847
P3, tp=9, ts=9, x0=311303366
P1, tp=9, ts=9, x0=646443325
P3, tp=9, ts=9, x0=12242492
P3, tp=9, ts=9, x0=298813852
P0, tp=9, ts=9, x0=35755082, x1=445381403
P0, tp=9, ts=9, x0=71041447, x1=311303366
P1, tp=9, ts=9, x0=484111673
P2, tp=9, ts=9, x0=830572316
P3, tp=9, ts=9, x0=498500167
P1, tp=9, ts=9, x0=540617402
P2, tp=9, ts=9, x0=167875128
P1, tp=9, ts=9, x0=457535301
P1, tp=9, ts=9, x0=167875128
P0, tp=9, ts=9, x0=613351301, x1=50073148
P2, tp=9, ts=9, x0=640445397
P2, tp=9, ts=9, x0=422657725
P1, tp=9, ts=9, x0=516737116
P2, tp=9, ts=9, x0=747365086
P1, tp=9, ts=9, x0=242032255
P0, tp=9, ts=9, x0=640445397, x1=589870243
P3, tp=9, ts=9, x0=530534284
P3, tp=9, ts=9, x0=89225522
P0, tp=9, ts=9, x0=6915445, x1=155903923
P2, tp=9, ts=9, x0=75858449
P1, tp=9, ts=9, x0=698619591
P3, tp=9, ts=9, x0=714795739
P0, tp=9, ts=9, x0=542161672, x1=601317838
P1, tp=9, ts=9, x0=350202132
P2, tp=9, ts=9, x0=53638880
P1, tp=9, ts=9, x0=182425233
P3, tp=9, ts=9, x0=166616719
P1, tp=9, ts=9, x0=432607272
P1, tp=9, ts=9, x0=766005847
P3, tp=9, ts=9, x0=568184368
P3, tp=9, ts=9, x0=998904564
P2, tp=9, ts=9, x0=380265205
P1, tp=9, ts=9, x0=201613029
P0, tp=9, ts=9, x0=267454127, x1=568184368
P1, tp=9, ts=9, x0=947448623
P0, tp=9, ts=9, x0=595528183, x1=241233351
P2, tp=9, ts=9, x0=542161672
P1, tp=9, ts=9, x0=888298418
P1, tp=9, ts=9, x0=251511563
P3, tp=9, ts=9, x0=42000149
P3, tp=9, ts=9, x0=747365086
P3, tp=9, ts=9, x0=983243857
P3, tp=9, ts=9, x0=542161672
P0, tp=9, ts=9, x0=547586130, x1=602766125
P2, tp=9, ts=9, x0=879794447
P0, tp=9, ts=9, x0=542161672, x1=862705202
P3, tp=9, ts=9, x0=252193369
P1, tp=9, ts=9, x0=766005847
P1, tp=9, ts=9, x0=761772854
P0, tp=9, ts=9, x0=643101714, x1=530534284
P1, tp=9, ts=9, x0=380265205
P1, tp=9, ts=9, x0=721943022
P1, tp=9, ts=9, x0=578298568
P3, tp=9, ts=9, x0=188626430
P0, tp=9, ts=9, x0=56202885, x1=182425233
P1, tp=9, ts=9, x0=724141872
P3, tp=9, ts=9, x0=12242492
P0, tp=9, ts=9, x0=484111673, x1=42000149
P3, tp=9, ts=9, x0=714795739
P3, tp=9, ts=9, x0=741587037
P0, tp=9, ts=9, x0=698619591, x1=640445397
P0, tp=9, ts=9, x0=425412977, x1=67501958
P1, tp=9, ts=9, x0=89225522
P2, tp=9, ts=9, x0=380265205
P1, tp=9, ts=9, x0=12242492
P2, tp=9, ts=9, x0=747365086
P2, tp=9, ts=9, x0=964189489
P3, tp=9, ts=9, x0=6915445
P2, tp=9, ts=9, x0=591400030
P1, tp=9, ts=9, x0=943928499
P2, tp=9, ts=9, x0=73525176
P0, tp=9, ts=9, x0=698619591, x1=530534284
P1, tp=9, ts=9, x0=898765600
P3, tp=9, ts=9, x0=498077065
P1, tp=9, ts=9, x0=688034261
P1, tp=9, ts=9, x0=201613029
P0, tp=9, ts=9, x0=663472161, x1=380265205
P2, tp=9, ts=9, x0=670831175
P1, tp=9, ts=9, x0=923598363
P1, tp=9, ts=9, x0=862705202
P2, tp=9, ts=9, x0=42000149
P3, tp=9, ts=9, x0=589870243
P3, tp=9, ts=9, x0=724141872
P1, tp=9, ts=9, x0=166616719
P1, tp=9, ts=9, x0=42000149
P2, tp=9, ts=9, x0=71041447
P1, tp=9, ts=9, x0=433776648
P2, tp=9, ts=9, x0=568184368
P1, tp=9, ts=9, x0=610877567
P0, tp=9, ts=9, x0=12242492, x1=75858449
P1, tp=9, ts=9, x0=595528183
P1, tp=9, ts=9, x0=276542770
P3, tp=9, ts=9, x0=698594874
P3, tp=9, ts=9, x0=12242492
P2, tp=9, ts=9, x0=277382462
P3, tp=9, ts=9, x0=923598363
P0, tp=9, ts=9, x0=498077065, x1=547586130
P1, tp=9, ts=9, x0=888298418
P3, tp=9, ts=9, x0=311303366
P1, tp=9, ts=9, x0=298813852
P3, tp=9, ts=9, x0=311303366
P2, tp=9, ts=9, x0=665027710
P0, tp=9, ts=9, x0=370647601, x1=898765600
P3, tp=9, ts=9, x0=373547313
P0, tp=9, ts=9, x0=650965489, x1=643101714
P3, tp=9, ts=9, x0=542161672
P3, tp=9, ts=9, x0=613351301
P2, tp=9, ts=9, x0=201613029
P0, tp=9, ts=9, x0=806096339, x1=578298568
P1, tp=9, ts=9, x0=787956711
P1, tp=9, ts=9, x0=425412977
P3, tp=9, ts=9, x0=862705202
P1, tp=9, ts=9, x0=12242492
P1, tp=9, ts=9, x0=806096339
P2, tp=9, ts=9, x0=983243857
P1, tp=9, ts=9, x0=267454127
P1, tp=9, ts=9, x0=252193369
P3, tp=9, ts=9, x0=698594874
P0, tp=9, ts=9, x0=982763553, x1=516737116
P0, tp=9, ts=9, x0=397266005, x1=67501958
P3, tp=9, ts=9, x0=380265205
P3, tp=9, ts=9, x0=590105816
P1, tp=9, ts=9, x0=311303366
P0, tp=9, ts=9, x0=578298568, x1=267454127
P2, tp=9, ts=9, x0=12242492
P2, tp=9, ts=9, x0=84442014
P1, tp=9, ts=9, x0=373547313
P2, tp=9, ts=9, x0=939086868
P3, tp=9, ts=9, x0=166616719
P1, tp=9, ts=9, x0=724141872
P0, tp=9, ts=9, x0=747365086, x1=646025175
P1, tp=9, ts=9, x0=643101714
P2, tp=9, ts=9, x0=370647601
P3, tp=9, ts=9, x0=225343575
P1, tp=9, ts=9, x0=67501958
P2, tp=9, ts=9, x0=610164751
P0, tp=9, ts=9, x0=166616719, x1=998904564
P2, tp=9, ts=9, x0=277382462
P1, tp=9, ts=9, x0=484111673
P0, tp=9, ts=9, x0=595528183, x1=433776648
P2, tp=9, ts=9, x0=982763553
P1, tp=9, ts=9, x0=12242492
P3, tp=9, ts=9, x0=670831175
P0, tp=9, ts=9, x0=73525176, x1=589870243
P3, tp=9, ts=9, x0=613351301
P0, tp=9, ts=9, x0=120655953, x1=747365086
P1, tp=9, ts=9, x0=568184368
P1, tp=9, ts=9, x0=761772854
P3, tp=9, ts=9, x0=298813852
P1, tp=9, ts=9, x0=578298568
P0, tp=9, ts=9, x0=67501958, x1=192852983
P0, tp=9, ts=9, x0=277382462, x1=457535301
P3, tp=9, ts=9, x0=879794447
P1, tp=9, ts=9, x0=516737116
P2, tp=9, ts=9, x0=589870243
P2, tp=9, ts=9, x0=155903923
P3, tp=9, ts=9, x0=516737116
P0, tp=9, ts=9, x0=879794447, x1=772324848
P2, tp=9, ts=9, x0=879794447
P3, tp=9, ts=9, x0=698594874
P1, tp=9, ts=9, x0=158560553
P3, tp=9, ts=9, x0=665027710
P3, tp=9, ts=9, x0=188626430
P3, tp=9, ts=9, x0=370647601
P0, tp=9, ts=9, x0=958128414, x1=242032255
P1, tp=9, ts=9, x0=761772854
P1, tp=9, ts=9, x0=947448623
P3, tp=9, ts=9, x0=56202885
P3, tp=9, ts=9, x0=849164521
P1, tp=9, ts=9, x0=665027710
P0, tp=9, ts=9, x0=6915445, x1=188626430
P2, tp=9, ts=9, x0=516737116
P2, tp=9, ts=9, x0=724141872
P0, tp=9, ts=9, x0=362221548, x1=201613029
P3, tp=9, ts=9, x0=432607272
P0, tp=9, ts=9, x0=830572316, x1=433776648
P2, tp=9, ts=9, x0=398214030
P3, tp=9, ts=9, x0=50073148
P0, tp=9, ts=9, x0=595528183, x1=63115009
P0, tp=9, ts=9, x0=640445397, x1=761772854
P0, tp=9, ts=9, x0=772324848, x1=422657725
P1, tp=9, ts=9, x0=252193369
P0, tp=9, ts=9, x0=311303366, x1=484111673
P0, tp=9, ts=9, x0=398214030, x1=830572316
P0, tp=9, ts=9, x0=624226062, x1=862705202
P1, tp=9, ts=9, x0=698594874
P0, tp=9, ts=9, x0=71957095, x1=806096339
P2, tp=9, ts=9, x0=317970701
P0, tp=9, ts=9, x0=484111673, x1=948082647
P3, tp=9, ts=9, x0=714795739
P2, tp=9, ts=9, x0=63115009
P1, tp=9, ts=9, x0=276542770
P3, tp=9, ts=9, x0=964189489
P3, tp=9, ts=9, x0=267454127
P2, tp=9, ts=9, x0=761772854
P2, tp=9, ts=9, x0=964189489
P2, tp=9, ts=9, x0=542161672
P1, tp=9, ts=9, x0=891385135
P3, tp=9, ts=9, x0=267454127
P0, tp=9, ts=9, x0=613351301, x1=42000149
P0, tp=9, ts=9, x0=590105816, x1=484111673
P2, tp=9, ts=9, x0=397266005
P2, tp=9, ts=9, x0=484111673
P0, tp=9, ts=9, x0=317970701, x1=311303366
P1, tp=9, ts=9, x0=311303366
P3, tp=9, ts=9, x0=373013108
P2, tp=9, ts=9, x0=724141872
P1, tp=9, ts=9, x0=665027710
P3, tp=9, ts=9, x0=67501958
P0, tp=9, ts=9, x0=73525176, x1=613351301
P0, tp=9, ts=9, x0=888298418, x1=983243857
P1, tp=9, ts=9, x0=433776648
P1, tp=9, ts=9, x0=67501958
P0, tp=9, ts=9, x0=433776648, x1=568184368
P0, tp=9, ts=9, x0=624226062, x1=540617402
P3, tp=9, ts=9, x0=698619591
P3, tp=9, ts=9, x0=741587037
P0, tp=9, ts=9, x0=610877567, x1=307980237
P1, tp=9, ts=9, x0=311303366
P3, tp=9, ts=9, x0=277382462
P1, tp=9, ts=9, x0=182591019
P1, tp=9, ts=9, x0=716774833
P0, tp=9, ts=9, x0=542161672, x1=983243857
P3, tp=9, ts=9, x0=618138213
P1, tp=9, ts=9, x0=589870243
P0, tp=9, ts=9, x0=698619591, x1=398214030
P2, tp=9, ts=9, x0=827435987
P1, tp=9, ts=9, x0=499799366
P1, tp=9, ts=9, x0=830572316
P2, tp=9, ts=9, x0=317970701
P2, tp=9, ts=9, x0=698594874
P2, tp=9, ts=9, x0=640445397
P1, tp=9, ts=9, x0=373013108
P2, tp=9, ts=9, x0=862705202
P3, tp=9, ts=9, x0=568184368
P1, tp=9, ts=9, x0=496265552
P0, tp=9, ts=9, x0=295992551, x1=610164751
P0, tp=9, ts=9, x0=741587037, x1=190756685
P2, tp=9, ts=9, x0=530534284
P3, tp=9, ts=9, x0=298813852
P0, tp=9, ts=9, x0=167875128, x1=188626430
P0, tp=9, ts=9, x0=432607272, x1=827435987
P2, tp=9, ts=9, x0=188626430
P0, tp=9, ts=9, x0=591400030, x1=830572316
P1, tp=9, ts=9, x0=948082647
P1, tp=9, ts=9, x0=591400030
P0, tp=9, ts=9, x0=520734236, x1=827435987
P0, tp=9, ts=9, x0=677585855, x1=295992551
P0, tp=9, ts=9, x0=422657725, x1=188626430
P0, tp=9, ts=9, x0=509290376, x1=958128414
P3, tp=9, ts=9, x0=613351301
P1, tp=9, ts=9, x0=457535301
P1, tp=9, ts=9, x0=146570656
P2, tp=9, ts=9, x0=589870243
P2, tp=9, ts=9, x0=397266005
P1, tp=9, ts=9, x0=63115009
P3, tp=9, ts=9, x0=646025175
P3, tp=9, ts=9, x0=71957095
P3, tp=9, ts=9, x0=71957095
P1, tp=9, ts=9, x0=983243857
P0, tp=9, ts=9, x0=42000149, x1=50073148
P2, tp=9, ts=9, x0=747365086
P3, tp=9, ts=9, x0=698619591
P0, tp=9, ts=9, x0=373013108, x1=891385135
P1, tp=9, ts=9, x0=590105816
P3, tp=9, ts=9, x0=879794447
P3, tp=9, ts=9, x0=665027710
P0, tp=9, ts=9, x0=578298568, x1=373013108
P1, tp=9, ts=9, x0=380265205
P3, tp=9, ts=9, x0=166616719
P2, tp=9, ts=9, x0=610164751
P0, tp=9, ts=9, x0=665027710, x1=589870243
P2, tp=9, ts=9, x0=182425233
P0, tp=9, ts=9, x0=225343575, x1=450334680
P2, tp=9, ts=9, x0=964189489
P0, tp=9, ts=9, x0=888298418, x1=370647601
P0, tp=9, ts=9, x0=670831175, x1=225343575
P2, tp=9, ts=9, x0=888298418
P3, tp=9, ts=9, x0=610164751
P0, tp=9, ts=9, x0=643101714, x1=610164751
P2, tp=9, ts=9, x0=624226062
P0, tp=9, ts=9, x0=370647601, x1=590105816
P0, tp=9, ts=9, x0=457535301, x1=362221548
P1, tp=9, ts=9, x0=982763553
P2, tp=9, ts=9, x0=282666617
P0, tp=9, ts=9, x0=295992551, x1=75858449
P0, tp=9, ts=9, x0=317970701, x1=204254118
P3, tp=9, ts=9, x0=610164751
P3, tp=9, ts=9, x0=547586130
P3, tp=9, ts=9, x0=447138414
P3, tp=9, ts=9, x0=888298418
P3, tp=9, ts=9, x0=520734236
P0, tp=9, ts=9, x0=496265552, x1=827435987
P2, tp=9, ts=9, x0=595528183
P3, tp=9, ts=9, x0=677585855
P3, tp=9, ts=9, x0=698594874
P2, tp=9, ts=9, x0=595528183
P2, tp=9, ts=9, x0=215451544
P2, tp=9, ts=9, x0=370647601
P0, tp=9, ts=9, x0=242032255, x1=479332536
P2, tp=9, ts=9, x0=610877567
P2, tp=9, ts=9, x0=598603463
P0, tp=9, ts=9, x0=613351301, x1=295992551
P3, tp=9, ts=9, x0=146570656
P0, tp=9, ts=9, x0=747365086, x1=432607272
P2, tp=9, ts=9, x0=192852983
P0, tp=9, ts=9, x0=643101714, x1=982763553
P3, tp=9, ts=9, x0=277382462
P1, tp=9, ts=9, x0=215451544
P2, tp=9, ts=9, x0=982763553
P3, tp=9, ts=9, x0=547586130
P1, tp=9, ts=9, x0=888298418
P1, tp=9, ts=9, x0=311303366
P1, tp=9, ts=9, x0=982763553
P0, tp=9, ts=9, x0=670831175, x1=499799366
P0, tp=9, ts=9, x0=511642952, x1=747365086
P2, tp=9, ts=9, x0=890171475
P1, tp=9, ts=9, x0=547586130
P1, tp=9, ts=9, x0=71957095
P1, tp=9, ts=9, x0=42000149
P2, tp=9, ts=9, x0=890171475
P2, tp=9, ts=9, x0=267454127
P0, tp=9, ts=9, x0=298813852, x1=498077065
P0, tp=9, ts=9, x0=590105816, x1=225343575
P0, tp=9, ts=9, x0=298813852, x1=509290376
P3, tp=9, ts=9, x0=166616719
P3, tp=9, ts=9, x0=640445397
P0, tp=9, ts=9, x0=772324848, x1=432607272
P0, tp=9, ts=9, x0=373013108, x1=370647601
P2, tp=9, ts=9, x0=166616719
P1, tp=9, ts=9, x0=277382462
P1, tp=9, ts=9, x0=182591019
P3, tp=9, ts=9, x0=568184368
P0, tp=9, ts=9, x0=192852983, x1=308164123
P0, tp=9, ts=9, x0=714795739, x1=282666617
P2, tp=9, ts=9, x0=6915445
P2, tp=9, ts=9, x0=67501958
P3, tp=9, ts=9, x0=598603463
P2, tp=9, ts=9, x0=509290376
P0, tp=9, ts=9, x0=496265552, x1=568184368
P1, tp=9, ts=9, x0=741587037
P2, tp=9, ts=9, x0=350202132
P0, tp=9, ts=9, x0=849164521, x1=646025175
P2, tp=9, ts=9, x0=547586130
P0, tp=9, ts=9, x0=346360137, x1=817136937
P3, tp=9, ts=9, x0=888298418
P3, tp=9, ts=9, x0=38687270
P1, tp=9, ts=9, x0=397266005
P0, tp=9, ts=9, x0=867984, x1=948082647
P0, tp=9, ts=9, x0=380265205, x1=888298418
P0, tp=9, ts=9, x0=6915445, x1=849164521
P2, tp=9, ts=9, x0=787956711
P0, tp=9, ts=9, x0=643101714, x1=215451544
P3, tp=9, ts=9, x0=511642952
P3, tp=9, ts=9, x0=346360137
P0, tp=9, ts=9, x0=849164521, x1=73525176
P2, tp=9, ts=9, x0=640445397
P3, tp=9, ts=9, x0=146570656
P0, tp=9, ts=9, x0=568184368, x1=598603463
P3, tp=9, ts=9, x0=370647601
P1, tp=9, ts=9, x0=698619591
P0, tp=9, ts=9, x0=6915445, x1=827435987
P2, tp=9, ts=9, x0=716774833
P0, tp=9, ts=9, x0=568184368, x1=71957095
P3, tp=9, ts=9, x0=198577977
P0, tp=9, ts=9, x0=862705202, x1=520734236
P1, tp=9, ts=9, x0=939086868
P1, tp=9, ts=9, x0=447138414
P1, tp=9, ts=9, x0=677585855
P1, tp=9, ts=9, x0=308164123
P1, tp=9, ts=9, x0=499799366
P2, tp=9, ts=9, x0=610877567
P2, tp=9, ts=9, x0=589870243
P1, tp=9, ts=9, x0=860668718
P2, tp=9, ts=9, x0=665027710
P1, tp=9, ts=9, x0=806096339
P2, tp=9, ts=9, x0=496265552
P3, tp=9, ts=9, x0=166616719
P0, tp=9, ts=9, x0=182591019, x1=282666617
P1, tp=9, ts=9, x0=89225522
P0, tp=9, ts=9, x0=958128414, x1=640445397
P2, tp=9, ts=9, x0=714795739
P3, tp=9, ts=9, x0=89225522
P1, tp=9, ts=9, x0=75858449
P0, tp=9, ts=9, x0=881020123, x1=498500167
P3, tp=9, ts=9, x0=867984
P0, tp=9, ts=9, x0=406319105, x1=670831175
P3, tp=9, ts=9, x0=308164123
P2, tp=9, ts=9, x0=277382462
P2, tp=9, ts=9, x0=568184368
P2, tp=9, ts=9, x0=166616719
P0, tp=9, ts=9, x0=511642952, x1=432607272
P0, tp=9, ts=9, x0=267454127, x1=830572316
P2, tp=9, ts=9, x0=595528183
P1, tp=9, ts=9, x0=225343575
P3, tp=9, ts=9, x0=646025175
P2, tp=9, ts=9, x0=964189489
P3, tp=9, ts=9, x0=298813852
P1, tp=9, ts=9, x0=398214030
P0, tp=9, ts=9, x0=499799366, x1=646025175
P1, tp=9, ts=9, x0=450334680
P0, tp=9, ts=9, x0=311303366, x1=879794447
P2, tp=9, ts=9, x0=665027710
P1, tp=9, ts=9, x0=590105816
P3, tp=9, ts=9, x0=862705202
P1, tp=9, ts=9, x0=862705202
P0, tp=9, ts=9, x0=867984, x1=192852983
P0, tp=9, ts=9, x0=182591019, x1=862705202
P0, tp=9, ts=9, x0=716774833, x1=741587037
P0, tp=9, ts=9, x0=958128414, x1=190756685
P1, tp=9, ts=9, x0=646025175
P3, tp=9, ts=9, x0=881020123
P0, tp=9, ts=9, x0=881020123, x1=998904564
P2, tp=9, ts=9, x0=71957095
P2, tp=9, ts=9, x0=747365086
P2, tp=9, ts=9, x0=308164123
P1, tp=9, ts=9, x0=590105816
P0, tp=9, ts=9, x0=225343575, x1=380265205
P0, tp=9, ts=9, x0=787956711, x1=346360137
P2, tp=9, ts=9, x0=618138213
P2, tp=9, ts=9, x0=509290376
P0, tp=9, ts=9, x0=317970701, x1=815444399
P3, tp=9, ts=9, x0=520734236
P1, tp=9, ts=9, x0=610877567
P0, tp=9, ts=9, x0=670831175, x1=298813852
P3, tp=9, ts=9, x0=568184368
P0, tp=9, ts=9, x0=298813852, x1=380265205
P0, tp=9, ts=9, x0=298813852, x1=879794447
P3, tp=9, ts=9, x0=282666617
P2, tp=9, ts=9, x0=747365086
P1, tp=9, ts=9, x0=398214030
P1, tp=9, ts=9, x0=815444399
P3, tp=9, ts=9, x0=498077065
P3, tp=9, ts=9, x0=267454127
P3, tp=9, ts=9, x0=778896774
P1, tp=9, ts=9, x0=341739853
P1, tp=9, ts=9, x0=498500167
P0, tp=9, ts=9, x0=747365086, x1=677585855
P0, tp=9, ts=9, x0=520734236, x1=643101714
P3, tp=9, ts=9, x0=282666617
P3, tp=9, ts=9, x0=42000149
P0, tp=9, ts=9, x0=317970701, x1=948082647
P0, tp=9, ts=9, x0=509290376, x1=998904564
P3, tp=9, ts=9, x0=498500167
P0, tp=9, ts=9, x0=698619591, x1=63115009
P2, tp=9, ts=9, x0=380265205
P0, tp=9, ts=9, x0=350202132, x1=610877567
P3, tp=9, ts=9, x0=73525176
P2, tp=9, ts=9, x0=276542770
P0, tp=9, ts=9, x0=192852983, x1=890171475
P1, tp=9, ts=9, x0=867984
P2, tp=9, ts=9, x0=747365086
P2, tp=9, ts=9, x0=71957095
P3, tp=9, ts=9, x0=849164521
P0, tp=9, ts=9, x0=640445397, x1=182425233
P0, tp=9, ts=9, x0=276542770, x1=650965489
P2, tp=9, ts=9, x0=806096339
P2, tp=9, ts=9, x0=6915445
P2, tp=9, ts=9, x0=422657725
P2, tp=9, ts=9, x0=317970701
P1, tp=9, ts=9, x0=479332536
P1, tp=9, ts=9, x0=182425233
P0, tp=9, ts=9, x0=540617402, x1=450334680
P3, tp=9, ts=9, x0=73525176
P0, tp=9, ts=9, x0=38687270, x1=190756685
P3, tp=9, ts=9, x0=38687270
P3, tp=9, ts=9, x0=67501958
P3, tp=9, ts=9, x0=215451544
P2, tp=9, ts=9, x0=670831175
P3, tp=9, ts=9, x0=714795739
P1, tp=9, ts=9, x0=277382462
P2, tp=9, ts=9, x0=677585855
P1, tp=9, ts=9, x0=716774833
P2, tp=9, ts=9, x0=67501958
P0, tp=9, ts=9, x0=350202132, x1=958128414
P0, tp=9, ts=9, x0=948082647, x1=311303366
P2, tp=9, ts=9, x0=240986087
P1, tp=9, ts=9, x0=6915445
P3, tp=9, ts=9, x0=542161672
P1, tp=9, ts=9, x0=298813852
P3, tp=9, ts=9, x0=806096339
P2, tp=9, ts=9, x0=998904564
P2, tp=9, ts=9, x0=346360137
P1, tp=9, ts=9, x0=166616719
P0, tp=9, ts=9, x0=598603463, x1=716774833
P0, tp=9, ts=9, x0=810714515, x1=827435987
P2, tp=9, ts=9, x0=827435987
P0, tp=9, ts=9, x0=198577977, x1=817136937
P0, tp=9, ts=9, x0=998904564, x1=590105816
P0, tp=9, ts=9, x0=498500167, x1=665027710
P3, tp=9, ts=9, x0=778896774
P1, tp=9, ts=9, x0=240986087
P3, tp=9, ts=9, x0=71957095
P3, tp=9, ts=9, x0=964189489
P3, tp=9, ts=9, x0=71957095
P0, tp=9, ts=9, x0=871612014, x1=75858449
P3, tp=9, ts=9, x0=380265205
P0, tp=9, ts=9, x0=240986087, x1=182591019
P0, tp=9, ts=9, x0=350202132, x1=450334680
P2, tp=9, ts=9, x0=350202132
P3, tp=9, ts=9, x0=958128414
P2, tp=9, ts=9, x0=146570656
P1, tp=9, ts=9, x0=298813852
P2, tp=9, ts=9, x0=598603463
P3, tp=9, ts=9, x0=192852983
P1, tp=9, ts=9, x0=484111673
P0, tp=9, ts=9, x0=714795739, x1=975199151
P2, tp=9, ts=9, x0=450334680
P1, tp=9, ts=9, x0=670831175
P0, tp=9, ts=9, x0=38687270, x1=982763553
P0, tp=9, ts=9, x0=120239891, x1=772324848
P2, tp=9, ts=9, x0=598603463
P1, tp=9, ts=9, x0=867984
P3, tp=9, ts=9, x0=422657725
P2, tp=9, ts=9, x0=204254118
P1, tp=9, ts=9, x0=406319105
P2, tp=9, ts=9, x0=670831175
P1, tp=9, ts=9, x0=308164123
P3, tp=9, ts=9, x0=42000149
P2, tp=9, ts=9, x0=827435987
P1, tp=9, ts=9, x0=998904564
P1, tp=9, ts=9, x0=308164123
P3, tp=9, ts=9, x0=618138213
P3, tp=9, ts=9, x0=157954015
P2, tp=9, ts=9, x0=11500481
P1, tp=9, ts=9, x0=432607272
P1, tp=9, ts=9, x0=282666617
P0, tp=9, ts=9, x0=267454127, x1=665027710
P0, tp=9, ts=9, x0=75858449, x1=879794447
P0, tp=9, ts=9, x0=198577977, x1=499799366
P3, tp=9, ts=9, x0=643101714
P0, tp=9, ts=9, x0=595528183, x1=948082647
P0, tp=9, ts=9, x0=618138213, x1=939086868
P2, tp=9, ts=9, x0=542161672
P0, tp=9, ts=9, x0=67501958, x1=879794447
P1, tp=9, ts=9, x0=595528183
P0, tp=9, ts=9, x0=787956711, x1=225343575
P0, tp=9, ts=9, x0=716774833, x1=590105816
P3, tp=9, ts=9, x0=276542770
P3, tp=9, ts=9, x0=547586130
P3, tp=9, ts=9, x0=542161672
P1, tp=9, ts=9, x0=881020123
P3, tp=9, ts=9, x0=308164123
P2, tp=9, ts=9, x0=698594874
P3, tp=9, ts=9, x0=665027710
P0, tp=9, ts=9, x0=542161672, x1=849164521
P0, tp=9, ts=9, x0=787956711, x1=317970701
P2, tp=9, ts=9, x0=975199151
P1, tp=9, ts=9, x0=890171475
P1, tp=9, ts=9, x0=42000149
P1, tp=9, ts=9, x0=298813852
P3, tp=9, ts=9, x0=817136937
P1, tp=9, ts=9, x0=422657725
P0, tp=9, ts=9, x0=42000149, x1=643101714
P2, tp=9, ts=9, x0=67501958
P1, tp=9, ts=9, x0=182591019
P2, tp=9, ts=9, x0=261177465
P0, tp=9, ts=9, x0=398214030, x1=190756685
P3, tp=9, ts=9, x0=341739853
P1, tp=9, ts=9, x0=308164123
P3, tp=9, ts=9, x0=198577977
P0, tp=9, ts=9, x0=618138213, x1=909302789
P1, tp=9, ts=9, x0=370647601
P3, tp=9, ts=9, x0=516911069
P0, tp=9, ts=9, x0=640445397, x1=166616719
P3, tp=9, ts=9, x0=958128414
P0, tp=9, ts=9, x0=898765600, x1=11500481
P0, tp=9, ts=9, x0=636211877, x1=511642952
P0, tp=9, ts=9, x0=252193369, x1=778896774
P3, tp=9, ts=9, x0=643101714
P1, tp=9, ts=9, x0=559386320
P2, tp=9, ts=9, x0=447138414
P3, tp=9, ts=9, x0=853467632
P3, tp=9, ts=9, x0=670831175
P1, tp=9, ts=9, x0=590105816
P1, tp=9, ts=9, x0=640445397
P3, tp=9, ts=9, x0=6915445
P1, tp=9, ts=9, x0=618138213
P3, tp=9, ts=9, x0=698594874
P2, tp=9, ts=9, x0=590105816
P2, tp=9, ts=9, x0=496265552
P3, tp=9, ts=9, x0=867984
P1, tp=9, ts=9, x0=922311462
P3, tp=9, ts=9, x0=815444399
P1, tp=9, ts=9, x0=6915445
P3, tp=9, ts=9, x0=225343575
P1, tp=9, ts=9, x0=871612014
P0, tp=9, ts=9, x0=204254118, x1=198577977
P0, tp=9, ts=9, x0=166616719, x1=757206859
P1, tp=9, ts=9, x0=120655953
P3, tp=9, ts=9, x0=670831175
P3, tp=9, ts=9, x0=568184368
P1, tp=9, ts=9, x0=146570656
P2, tp=9, ts=9, x0=890171475
P1, tp=9, ts=9, x0=282666617
P0, tp=9, ts=9, x0=898765600, x1=815444399
P2, tp=9, ts=9, x0=598603463
P2, tp=9, ts=9, x0=827435987
P3, tp=9, ts=9, x0=182591019
P1, tp=9, ts=9, x0=871612014
P3, tp=9, ts=9, x0=370647601
P0, tp=9, ts=9, x0=909302789, x1=890171475
P1, tp=9, ts=9, x0=568184368
P1, tp=9, ts=9, x0=282666617
P1, tp=9, ts=9, x0=948082647
P1, tp=9, ts=9, x0=698594874
P1, tp=9, ts=9, x0=871612014
P3, tp=9, ts=9, x0=204254118
P1, tp=9, ts=9, x0=636211877
P0, tp=9, ts=9, x0=698619591, x1=484111673
P2, tp=9, ts=9, x0=499799366
P2, tp=9, ts=9, x0=192852983
P3, tp=9, ts=9, x0=462979794
P1, tp=9, ts=9, x0=422657725
P2, tp=9, ts=9, x0=192852983
P1, tp=9, ts=9, x0=240986087
P0, tp=9, ts=9, x0=298813852, x1=520734236
P3, tp=9, ts=9, x0=849164521
P1, tp=9, ts=9, x0=190756685
P1, tp=9, ts=9, x0=282666617
P0, tp=9, ts=9, x0=370647601, x1=252193369
P2, tp=9, ts=9, x0=346360137
P3, tp=9, ts=9, x0=898765600
P3, tp=9, ts=9, x0=120239891
P3, tp=9, ts=9, x0=867984
P1, tp=9, ts=9, x0=38675433
P2, tp=9, ts=9, x0=166616719
P0, tp=9, ts=9, x0=6915445, x1=559386320
P0, tp=9, ts=9, x0=398214030, x1=613351301
P2, tp=9, ts=9, x0=146570656
P3, tp=9, ts=9, x0=372373354
P1, tp=9, ts=9, x0=670831175
P2, tp=9, ts=9, x0=559386320
P2, tp=9, ts=9, x0=670831175
P1, tp=9, ts=9, x0=498500167
P2, tp=9, ts=9, x0=964189489
P1, tp=9, ts=9, x0=698594874
P2, tp=9, ts=9, x0=778896774
P0, tp=9, ts=9, x0=618138213, x1=308164123
P1, tp=9, ts=9, x0=204254118
P1, tp=9, ts=9, x0=42000149
P2, tp=9, ts=9, x0=970798799
P0, tp=9, ts=9, x0=922311462, x1=157954015
P3, tp=9, ts=9, x0=867984
P0, tp=9, ts=9, x0=67501958, x1=815444399
P0, tp=9, ts=9, x0=670831175, x1=698619591
P3, tp=9, ts=9, x0=747365086
P1, tp=9, ts=9, x0=198577977
P0, tp=9, ts=9, x0=922311462, x1=261177465
P2, tp=9, ts=9, x0=881020123
P3, tp=9, ts=9, x0=261177465
P2, tp=9, ts=9, x0=432607272
P3, tp=9, ts=9, x0=871612014
P3, tp=9, ts=9, x0=810714515
P0, tp=9, ts=9, x0=317970701, x1=714795739
P0, tp=9, ts=9, x0=646025175, x1=559386320
P0, tp=9, ts=9, x0=716774833, x1=598603463
P2, tp=9, ts=9, x0=747365086
P2, tp=9, ts=9, x0=496265552
P3, tp=9, ts=9, x0=860668718
P2, tp=9, ts=9, x0=63115009
P0, tp=9, ts=9, x0=11500481, x1=890171475
P1, tp=9, ts=9, x0=98349727
P3, tp=9, ts=9, x0=479332536
P3, tp=9, ts=9, x0=261177465
P1, tp=9, ts=9, x0=372373354
P3, tp=9, ts=9, x0=120239891
P2, tp=9, ts=9, x0=484111673
P0, tp=9, ts=9, x0=778896774, x1=198577977
P2, tp=9, ts=9, x0=198577977
P0, tp=9, ts=9, x0=74495719, x1=727063096
P3, tp=9, ts=9, x0=215451544
P0, tp=9, ts=9, x0=29847090, x1=849164521
P1, tp=9, ts=9, x0=422657725
P0, tp=9, ts=9, x0=540617402, x1=346360137
P3, tp=9, ts=9, x0=204254118
P3, tp=9, ts=9, x0=613351301
P2, tp=9, ts=9, x0=890171475
P2, tp=9, ts=9, x0=346360137
P3, tp=9, ts=9, x0=353375641
P2, tp=9, ts=9, x0=511642952
P0, tp=9, ts=9, x0=716774833, x1=747365086
P0, tp=9, ts=9, x0=447138414, x1=29847090
P0, tp=9, ts=9, x0=282666617, x1=598603463
P0, tp=9, ts=9, x0=484111673, x1=670831175
P0, tp=9, ts=9, x0=38687270, x1=74495719
P0, tp=9, ts=9, x0=42000149, x1=559386320
P3, tp=9, ts=9, x0=853467632
P3, tp=9, ts=9, x0=931522374
P0, tp=9, ts=9, x0=716774833, x1=958128414
P0, tp=9, ts=9, x0=120655953, x1=754974279
P2, tp=9, ts=9, x0=308164123
P2, tp=9, ts=9, x0=618138213
P1, tp=9, ts=9, x0=871612014
P0, tp=9, ts=9, x0=931522374, x1=462979794
P2, tp=9, ts=9, x0=333289503
P2, tp=9, ts=9, x0=225343575
P3, tp=9, ts=9, x0=406319105
P0, tp=9, ts=9, x0=6915445, x1=815444399
P3, tp=9, ts=9, x0=190756685
P1, tp=9, ts=9, x0=192852983
P1, tp=9, ts=9, x0=975199151
P2, tp=9, ts=9, x0=520734236
P0, tp=9, ts=9, x0=240986087, x1=741587037
P1, tp=9, ts=9, x0=479332536
P0, tp=9, ts=9, x0=223487622, x1=29847090
P2, tp=9, ts=9, x0=540617402
P2, tp=9, ts=9, x0=353375641
P2, tp=9, ts=9, x0=447138414
P1, tp=9, ts=9, x0=891385135
P3, tp=9, ts=9, x0=75858449
P0, tp=9, ts=9, x0=624226062, x1=204254118
P0, tp=9, ts=9, x0=398214030, x1=970798799
P1, tp=9, ts=9, x0=148036197
P3, tp=9, ts=9, x0=810714515
P0, tp=9, ts=9, x0=166616719, x1=559386320
P3, tp=9, ts=9, x0=618138213
P0, tp=9, ts=9, x0=964189489, x1=583139846
P3, tp=9, ts=9, x0=225343575
P0, tp=9, ts=9, x0=948082647, x1=939086868
P3, tp=9, ts=9, x0=372373354
P2, tp=9, ts=9, x0=225343575
P0, tp=9, ts=9, x0=267454127, x1=542161672
P1, tp=9, ts=9, x0=373013108
P1, tp=9, ts=9, x0=120239891
P2, tp=9, ts=9, x0=939086868
P2, tp=9, ts=9, x0=849164521
P2, tp=9, ts=9, x0=190756685
P2, tp=9, ts=9, x0=496265552
P1, tp=9, ts=9, x0=542161672
P0, tp=9, ts=9, x0=942007458, x1=942007458
P1, tp=9, ts=9, x0=2518992
P3, tp=9, ts=9, x0=613351301
P1, tp=9, ts=9, x0=551357508
P1, tp=9, ts=9, x0=29847090
P3, tp=9, ts=9, x0=810714515
P1, tp=9, ts=9, x0=73525176
P2, tp=9, ts=9, x0=511642952
P2, tp=9, ts=9, x0=71591318
P1, tp=9, ts=9, x0=282666617
P0, tp=9, ts=9, x0=204254118, x1=71591318
P0, tp=9, ts=9, x0=772324848, x1=215451544
P0, tp=9, ts=9, x0=146570656, x1=787956711
P1, tp=9, ts=9, x0=71591318
P1, tp=9, ts=9, x0=942007458
P2, tp=9, ts=9, x0=853467632
P1, tp=9, ts=9, x0=890171475
P2, tp=9, ts=9, x0=881020123
P0, tp=9, ts=9, x0=827435987, x1=204254118
P0, tp=9, ts=9, x0=225343575, x1=298813852
P2, tp=9, ts=9, x0=948082647
P0, tp=9, ts=9, x0=225343575, x1=190756685
P3, tp=9, ts=9, x0=346360137
P0, tp=9, ts=9, x0=373013108, x1=922311462
P2, tp=9, ts=9, x0=754974279
P1, tp=9, ts=9, x0=810714515
P3, tp=9, ts=9, x0=810714515
P3, tp=9, ts=9, x0=754974279
P2, tp=9, ts=9, x0=636211877
P1, tp=9, ts=9, x0=240986087
P3, tp=9, ts=9, x0=881020123
P3, tp=9, ts=9, x0=341739853
P1, tp=9, ts=9, x0=346360137
P2, tp=9, ts=9, x0=958128414
P2, tp=9, ts=9, x0=215451544
P0, tp=9, ts=9, x0=906201059, x1=192852983
P3, tp=9, ts=9, x0=240986087
P2, tp=9, ts=9, x0=860668718
P0, tp=9, ts=9, x0=810714515, x1=754974279
P2, tp=9, ts=9, x0=646025175
P2, tp=9, ts=9, x0=83689175
P3, tp=9, ts=9, x0=406319105
P1, tp=9, ts=9, x0=193844235
P1, tp=9, ts=9, x0=29847090
P2, tp=9, ts=9, x0=182591019
P1, tp=9, ts=9, x0=815444399
P2, tp=9, ts=9, x0=867984
P1, tp=9, ts=9, x0=198577977
P3, tp=9, ts=9, x0=2518992
P2, tp=9, ts=9, x0=520734236
P1, tp=9, ts=9, x0=948082647
P0, tp=9, ts=9, x0=75858449, x1=881020123
P1, tp=9, ts=9, x0=38675433
P3, tp=9, ts=9, x0=598603463
P3, tp=9, ts=9, x0=479332536
P1, tp=9, ts=9, x0=450334680
P3, tp=9, ts=9, x0=462979794
P3, tp=9, ts=9, x0=540827619
P1, tp=9, ts=9, x0=881020123
P2, tp=9, ts=9, x0=619252410
P0, tp=9, ts=9, x0=942007458, x1=598603463
P0, tp=9, ts=9, x0=261177465, x1=75858449
P0, tp=9, ts=9, x0=583139846, x1=727063096
P1, tp=9, ts=9, x0=778896774
P2, tp=9, ts=9, x0=71591318
P1, tp=9, ts=9, x0=551357508
P1, tp=9, ts=9, x0=551357508
P2, tp=9, ts=9, x0=190756685
P2, tp=9, ts=9, x0=267454127
P3, tp=9, ts=9, x0=881020123
P3, tp=9, ts=9, x0=670831175
P2, tp=9, ts=9, x0=547586130
P1, tp=9, ts=9, x0=547586130
P3, tp=9, ts=9, x0=516911069
P1, tp=9, ts=9, x0=909302789
