P1, tp=0, ts=0, x0=569872521, x1=373321178
P0, tp=0, ts=0, x0=810563610
P2, tp=0, ts=0, x0=587230719
P0, tp=0, ts=0, x0=141336768
P1, tp=0, ts=0, x0=559514287, x1=132139073
P1, tp=0, ts=0, x0=263078228, x1=703748452
P3, tp=0, ts=0, x0=70079853
P3, tp=0, ts=0, x0=947669864
P0, tp=0, ts=0, x0=148737049
P0, tp=0, ts=0, x0=606967315
P2, tp=0, ts=0, x0=642553759
P3, tp=0, ts=0, x0=759454589
P0, tp=0, ts=0, x0=870269555
P1, tp=0, ts=0, x0=819702502, x1=485979946
P0, tp=0, ts=0, x0=55280525
P1, tp=0, ts=0, x0=393602475, x1=386218870
P2, tp=0, ts=0, x0=37375084
P0, tp=0, ts=0, x0=905226255
P1, tp=0, ts=0, x0=226070484, x1=811960572
P0, tp=0, ts=0, x0=454158356
P0, tp=0, ts=0, x0=542030928
P0, tp=0, ts=0, x0=583930965
P1, tp=0, ts=0, x0=240156530, x1=762707131
P2, tp=0, ts=0, x0=18709334
P2, tp=0, ts=0, x0=228331474
P1, tp=0, ts=0, x0=843943083, x1=382513159
P2, tp=0, ts=0, x0=118069191
P1, tp=0, ts=0, x0=105778896, x1=602083814
P3, tp=0, ts=0, x0=136297361
P0, tp=0, ts=0, x0=870342687
P0, tp=0, ts=0, x0=665429171
P3, tp=0, ts=0, x0=332126636
P1, tp=0, ts=0, x0=95075313, x1=5126561
P2, tp=0, ts=0, x0=351151922
P1, tp=0, ts=0, x0=741139708, x1=63979174
P1, tp=0, ts=0, x0=648016028, x1=541053556
P0, tp=0, ts=0, x0=912462831
P1, tp=0, ts=0, x0=919034261, x1=465808655
P3, tp=0, ts=0, x0=947669864
P2, tp=0, ts=0, x0=456228543
P1, tp=0, ts=0, x0=941288943, x1=819702502
P2, tp=0, ts=0, x0=508738113
P0, tp=0, ts=0, x0=587230719
P2, tp=0, ts=0, x0=941288943
P3, tp=0, ts=0, x0=559514287
P3, tp=0, ts=0, x0=226070484
P0, tp=0, ts=0, x0=148737049
P0, tp=0, ts=0, x0=602083814
P1, tp=0, ts=0, x0=377301598, x1=642553759
P0, tp=0, ts=0, x0=136297361
P3, tp=0, ts=0, x0=95075313
P1, tp=0, ts=0, x0=569872521, x1=648016028
P3, tp=0, ts=0, x0=762707131
P2, tp=0, ts=0, x0=583930965
P0, tp=0, ts=0, x0=55280525
P2, tp=0, ts=0, x0=828635740
P0, tp=0, ts=0, x0=148737049
P1, tp=0, ts=0, x0=118766102, x1=165210697
P2, tp=0, ts=0, x0=648016028
P2, tp=0, ts=0, x0=762707131
P2, tp=0, ts=0, x0=263078228
P0, tp=0, ts=0, x0=386218870
P2, tp=0, ts=0, x0=148737049
P3, tp=0, ts=0, x0=905226255
P1, tp=0, ts=0, x0=828635740, x1=5126561
P1, tp=0, ts=0, x0=226070484, x1=118069191
P0, tp=0, ts=0, x0=919034261
P3, tp=0, ts=0, x0=828635740
P2, tp=0, ts=0, x0=759454589
P2, tp=0, ts=0, x0=583930965
P3, tp=0, ts=0, x0=641299034
P2, tp=0, ts=0, x0=131587651
P2, tp=0, ts=0, x0=70079853
P2, tp=0, ts=0, x0=905226255
P1, tp=0, ts=0, x0=642553759, x1=456228543
P0, tp=0, ts=0, x0=941288943
P1, tp=0, ts=0, x0=819702502, x1=828635740
P2, tp=0, ts=0, x0=5126561
P0, tp=0, ts=0, x0=351151922
P0, tp=0, ts=0, x0=641299034
P2, tp=0, ts=0, x0=386218870
P1, tp=0, ts=0, x0=642553759, x1=131587651
P2, tp=0, ts=0, x0=741139708
P0, tp=0, ts=0, x0=648016028
P2, tp=0, ts=0, x0=583930965
P1, tp=0, ts=0, x0=373321178, x1=665429171
P1, tp=0, ts=0, x0=811960572, x1=95075313
P3, tp=0, ts=0, x0=870269555
P2, tp=0, ts=0, x0=118069191
P1, tp=0, ts=0, x0=919034261, x1=950178218
P2, tp=0, ts=0, x0=105778896
P2, tp=0, ts=0, x0=950178218
P0, tp=0, ts=0, x0=915319661
P3, tp=0, ts=0, x0=105778896
P0, tp=0, ts=0, x0=465808655
P1, tp=0, ts=0, x0=226894943, x1=18709334
P1, tp=0, ts=0, x0=141336768, x1=118766102
P1, tp=0, ts=0, x0=454158356, x1=131587651
P1, tp=0, ts=0, x0=602083814, x1=583930965
P3, tp=0, ts=0, x0=95075313
P2, tp=0, ts=0, x0=456228543
P2, tp=0, ts=0, x0=583930965
P1, tp=0, ts=0, x0=351151922, x1=583930965
P2, tp=0, ts=0, x0=905226255
P1, tp=0, ts=0, x0=941288943, x1=819702502
P2, tp=0, ts=0, x0=165210697
P2, tp=0, ts=0, x0=843943083
P0, tp=0, ts=0, x0=138992395
P2, tp=0, ts=0, x0=939523143
P3, tp=0, ts=0, x0=587230719
P0, tp=0, ts=0, x0=828635740
P1, tp=0, ts=0, x0=843943083, x1=905226255
P2, tp=0, ts=0, x0=825579817
P1, tp=0, ts=0, x0=118069191, x1=454158356
P1, tp=0, ts=0, x0=950178218, x1=919034261
P0, tp=0, ts=0, x0=465808655
P2, tp=0, ts=0, x0=825579817
P3, tp=0, ts=0, x0=915319661
P2, tp=0, ts=0, x0=665429171
P1, tp=0, ts=0, x0=55280525, x1=569872521
P0, tp=0, ts=0, x0=947669864
P0, tp=0, ts=0, x0=95075313
P3, tp=0, ts=0, x0=703748452
P0, tp=0, ts=0, x0=226894943
P3, tp=0, ts=0, x0=703748452
P1, tp=0, ts=0, x0=95075313, x1=393602475
P3, tp=0, ts=0, x0=165210697
P3, tp=0, ts=0, x0=919034261
P3, tp=0, ts=0, x0=828635740
P0, tp=0, ts=0, x0=382513159
P0, tp=0, ts=0, x0=382513159
P2, tp=0, ts=0, x0=63979174
P2, tp=0, ts=0, x0=648016028
P1, tp=0, ts=0, x0=594294493, x1=819702502
P3, tp=0, ts=0, x0=55280525
P3, tp=0, ts=0, x0=377301598
P2, tp=0, ts=0, x0=18709334
P2, tp=0, ts=0, x0=941288943
P2, tp=0, ts=0, x0=919034261
P2, tp=0, ts=0, x0=132139073
P0, tp=0, ts=0, x0=148737049
P1, tp=0, ts=0, x0=94044547, x1=226070484
P0, tp=0, ts=0, x0=725762786
P1, tp=0, ts=0, x0=386218870, x1=118069191
P2, tp=0, ts=0, x0=899110449
P1, tp=0, ts=0, x0=587230719, x1=70079853
P3, tp=0, ts=0, x0=843943083
P1, tp=0, ts=0, x0=131587651, x1=642553759
P0, tp=0, ts=0, x0=947669864
P0, tp=0, ts=0, x0=915319661
P3, tp=0, ts=0, x0=541053556
P2, tp=0, ts=0, x0=136297361
P3, tp=0, ts=0, x0=912462831
P1, tp=0, ts=0, x0=37375084, x1=118766102
P3, tp=0, ts=0, x0=912462831
P2, tp=0, ts=0, x0=559514287
P3, tp=0, ts=0, x0=941288943
P0, tp=0, ts=0, x0=703748452
P0, tp=0, ts=0, x0=5126561
P2, tp=0, ts=0, x0=648016028
P3, tp=0, ts=0, x0=665429171
P1, tp=0, ts=0, x0=843943083, x1=382513159
P0, tp=0, ts=0, x0=393602475
P0, tp=0, ts=0, x0=5126561
P0, tp=0, ts=0, x0=105778896
P0, tp=0, ts=0, x0=18709334
P1, tp=0, ts=0, x0=811960572, x1=741139708
P1, tp=0, ts=0, x0=870342687, x1=641299034
P3, tp=0, ts=0, x0=132139073
P0, tp=0, ts=0, x0=456228543
P2, tp=0, ts=0, x0=741139708
P2, tp=0, ts=0, x0=485979946
P2, tp=0, ts=0, x0=138992395
P0, tp=0, ts=0, x0=947669864
P3, tp=0, ts=0, x0=569872521
P2, tp=0, ts=0, x0=132139073
P1, tp=0, ts=0, x0=762707131, x1=70079853
P1, tp=0, ts=0, x0=725762786, x1=138992395
P0, tp=0, ts=0, x0=587230719
P3, tp=0, ts=0, x0=843943083
P2, tp=0, ts=0, x0=148737049
P0, tp=0, ts=0, x0=382513159
P0, tp=0, ts=0, x0=870269555
P0, tp=0, ts=0, x0=819702502
P1, tp=0, ts=0, x0=454158356, x1=641299034
P3, tp=0, ts=0, x0=456228543
P2, tp=0, ts=0, x0=941288943
P0, tp=0, ts=0, x0=810563610
P3, tp=0, ts=0, x0=284711236
P2, tp=0, ts=0, x0=566803861
P1, tp=0, ts=0, x0=240156530, x1=382513159
P0, tp=0, ts=0, x0=941288943
P2, tp=0, ts=0, x0=720317635
P3, tp=0, ts=0, x0=762707131
P2, tp=0, ts=0, x0=18709334
P0, tp=0, ts=0, x0=819702502
P0, tp=0, ts=0, x0=810563610
P2, tp=0, ts=0, x0=55280525
P3, tp=0, ts=0, x0=240156530
P1, tp=0, ts=0, x0=594294493, x1=148737049
P3, tp=0, ts=0, x0=393602475
P3, tp=0, ts=0, x0=386218870
P3, tp=0, ts=0, x0=665429171
P1, tp=0, ts=0, x0=915319661, x1=263078228
P1, tp=0, ts=0, x0=26082932, x1=508738113
P1, tp=0, ts=0, x0=136297361, x1=448471958
P2, tp=0, ts=0, x0=919034261
P1, tp=0, ts=0, x0=741139708, x1=430085063
P3, tp=0, ts=0, x0=141336768
P3, tp=0, ts=0, x0=648016028
P3, tp=0, ts=0, x0=843943083
P1, tp=0, ts=0, x0=351151922, x1=377301598
P0, tp=0, ts=0, x0=55280525
P2, tp=0, ts=0, x0=26082932
P1, tp=0, ts=0, x0=566803861, x1=810563610
P0, tp=0, ts=0, x0=430085063
P1, tp=0, ts=0, x0=542030928, x1=569872521
P3, tp=0, ts=0, x0=56006042
P2, tp=0, ts=0, x0=648016028
P2, tp=0, ts=0, x0=899110449
P2, tp=0, ts=0, x0=923094017
P3, tp=0, ts=0, x0=642553759
P0, tp=0, ts=0, x0=602083814
P1, tp=0, ts=0, x0=870342687, x1=228331474
P3, tp=0, ts=0, x0=105778896
P3, tp=0, ts=0, x0=263078228
P2, tp=0, ts=0, x0=456228543
P2, tp=0, ts=0, x0=456228543
P3, tp=0, ts=0, x0=905226255
P0, tp=0, ts=0, x0=947669864
P2, tp=0, ts=0, x0=961574958
P1, tp=0, ts=0, x0=26082932, x1=386218870
P0, tp=0, ts=0, x0=70079853
P2, tp=0, ts=0, x0=899110449
P2, tp=0, ts=0, x0=642553759
P0, tp=0, ts=0, x0=594294493
P3, tp=0, ts=0, x0=837177356
P2, tp=0, ts=0, x0=26082932
P2, tp=0, ts=0, x0=70079853
P3, tp=0, ts=0, x0=5126561
P2, tp=0, ts=0, x0=55280525
P1, tp=0, ts=0, x0=296114476, x1=131587651
P2, tp=0, ts=0, x0=923094017
P1, tp=0, ts=0, x0=759454589, x1=870342687
P1, tp=0, ts=0, x0=583930965, x1=828635740
P1, tp=0, ts=0, x0=30049184, x1=240156530
P2, tp=0, ts=0, x0=562027764
P1, tp=0, ts=0, x0=725762786, x1=725762786
P0, tp=0, ts=0, x0=939523143
P0, tp=0, ts=0, x0=138992395
P2, tp=0, ts=0, x0=919034261
P2, tp=0, ts=0, x0=641299034
P0, tp=0, ts=0, x0=5126561
P3, tp=0, ts=0, x0=602083814
P1, tp=0, ts=0, x0=594294493, x1=828635740
P0, tp=0, ts=0, x0=226894943
P0, tp=0, ts=0, x0=870269555
P2, tp=0, ts=0, x0=947669864
P2, tp=0, ts=0, x0=386218870
P1, tp=0, ts=0, x0=762707131, x1=648016028
P3, tp=0, ts=0, x0=441507786
P0, tp=0, ts=0, x0=456228543
P2, tp=0, ts=0, x0=118766102
P1, tp=0, ts=0, x0=332126636, x1=30049184
P2, tp=0, ts=0, x0=263078228
P3, tp=0, ts=0, x0=296114476
P1, tp=0, ts=0, x0=131587651, x1=759454589
P1, tp=0, ts=0, x0=905226255, x1=541053556
P1, tp=0, ts=0, x0=941288943, x1=332126636
P3, tp=0, ts=0, x0=541053556
P2, tp=0, ts=0, x0=284711236
P0, tp=0, ts=0, x0=430085063
P2, tp=0, ts=0, x0=386218870
P3, tp=0, ts=0, x0=648016028
P1, tp=0, ts=0, x0=542030928, x1=441507786
P1, tp=0, ts=0, x0=55280525, x1=226070484
P3, tp=0, ts=0, x0=228331474
P1, tp=0, ts=0, x0=472890140, x1=606967315
P1, tp=0, ts=0, x0=136297361, x1=70079853
P3, tp=0, ts=0, x0=648016028
P3, tp=0, ts=0, x0=542030928
P0, tp=0, ts=0, x0=665429171
P0, tp=0, ts=0, x0=741139708
P1, tp=0, ts=0, x0=947669864, x1=941288943
P1, tp=0, ts=0, x0=923094017, x1=105778896
P3, tp=0, ts=0, x0=648016028
P0, tp=0, ts=0, x0=912462831
P1, tp=0, ts=0, x0=950178218, x1=642553759
P0, tp=0, ts=0, x0=720317635
P2, tp=0, ts=0, x0=602083814
P1, tp=0, ts=0, x0=131587651, x1=55280525
P2, tp=0, ts=0, x0=8031162
P0, tp=0, ts=0, x0=118069191
P2, tp=0, ts=0, x0=947669864
P3, tp=0, ts=0, x0=148737049
P3, tp=0, ts=0, x0=94044547
P2, tp=0, ts=0, x0=141336768
P1, tp=0, ts=0, x0=569872521, x1=641299034
P2, tp=0, ts=0, x0=138992395
P1, tp=0, ts=0, x0=55280525, x1=228331474
P2, tp=0, ts=0, x0=574399154
P1, tp=0, ts=0, x0=430085063, x1=18709334
P2, tp=0, ts=0, x0=393602475
P2, tp=0, ts=0, x0=811960572
P2, tp=0, ts=0, x0=562027764
P2, tp=0, ts=0, x0=165210697
P2, tp=0, ts=0, x0=63979174
P0, tp=0, ts=0, x0=456228543
P3, tp=0, ts=0, x0=30049184
P2, tp=0, ts=0, x0=569872521
P1, tp=0, ts=0, x0=105778896, x1=837177356
P3, tp=0, ts=0, x0=393602475
P3, tp=0, ts=0, x0=118069191
P2, tp=0, ts=0, x0=542030928
P1, tp=0, ts=0, x0=8031162, x1=540598866
P2, tp=0, ts=0, x0=865739692
P2, tp=0, ts=0, x0=559514287
P3, tp=0, ts=0, x0=843943083
P0, tp=0, ts=0, x0=118069191
P2, tp=0, ts=0, x0=88252822
P1, tp=0, ts=0, x0=566803861, x1=138992395
P3, tp=0, ts=0, x0=923094017
P1, tp=0, ts=0, x0=947669864, x1=919034261
P2, tp=0, ts=0, x0=430085063
P1, tp=0, ts=0, x0=269621567, x1=762707131
P2, tp=0, ts=0, x0=648016028
P1, tp=0, ts=0, x0=263078228, x1=905226255
P0, tp=0, ts=0, x0=750326500
P3, tp=0, ts=0, x0=332126636
P3, tp=0, ts=0, x0=641299034
P0, tp=0, ts=0, x0=56006042
P0, tp=0, ts=0, x0=961574958
P2, tp=0, ts=0, x0=448471958
P2, tp=0, ts=0, x0=741139708
P2, tp=0, ts=0, x0=591410465
P3, tp=0, ts=0, x0=95075313
P2, tp=0, ts=0, x0=131587651
P0, tp=0, ts=0, x0=566803861
P2, tp=0, ts=0, x0=574399154
P3, tp=0, ts=0, x0=88252822
P3, tp=0, ts=0, x0=118766102
P1, tp=0, ts=0, x0=56006042, x1=559514287
P2, tp=0, ts=0, x0=759454589
P3, tp=0, ts=0, x0=912462831
P3, tp=0, ts=0, x0=37375084
P2, tp=0, ts=0, x0=819702502
P1, tp=0, ts=0, x0=703748452, x1=559514287
P2, tp=0, ts=0, x0=88252822
P1, tp=0, ts=0, x0=642553759, x1=430085063
P3, tp=0, ts=0, x0=583930965
P2, tp=0, ts=0, x0=641299034
P2, tp=0, ts=0, x0=269621567
P2, tp=0, ts=0, x0=94044547
P1, tp=0, ts=0, x0=472890140, x1=562027764
P3, tp=0, ts=0, x0=703748452
P2, tp=0, ts=0, x0=165210697
P3, tp=0, ts=0, x0=569872521
P3, tp=0, ts=0, x0=63979174
P1, tp=0, ts=0, x0=915319661, x1=642553759
P0, tp=0, ts=0, x0=810563610
P0, tp=0, ts=0, x0=569872521
P2, tp=0, ts=0, x0=641299034
P3, tp=0, ts=0, x0=382513159
P3, tp=0, ts=0, x0=950178218
P0, tp=0, ts=0, x0=40777138
P0, tp=0, ts=0, x0=15142361
P0, tp=0, ts=0, x0=141336768
P2, tp=0, ts=0, x0=94044547
P3, tp=0, ts=0, x0=5126561
P3, tp=0, ts=0, x0=15142361
P1, tp=0, ts=0, x0=961574958, x1=142157435
P0, tp=0, ts=0, x0=947669864
P0, tp=0, ts=0, x0=794836437
P1, tp=0, ts=0, x0=148737049, x1=373321178
P0, tp=0, ts=0, x0=56006042
P3, tp=0, ts=0, x0=925087524
P1, tp=0, ts=0, x0=37375084, x1=73779985
P0, tp=0, ts=0, x0=472890140
P1, tp=0, ts=0, x0=296114476, x1=741139708
P0, tp=0, ts=0, x0=131587651
P0, tp=0, ts=0, x0=665429171
P3, tp=0, ts=0, x0=825579817
P0, tp=0, ts=0, x0=386218870
P3, tp=0, ts=0, x0=947669864
P0, tp=0, ts=0, x0=441507786
P3, tp=0, ts=0, x0=332126636
P1, tp=0, ts=0, x0=974751949, x1=95075313
P1, tp=0, ts=0, x0=925087524, x1=828635740
P2, tp=0, ts=0, x0=88252822
P2, tp=0, ts=0, x0=142157435
P2, tp=0, ts=0, x0=26082932
P2, tp=0, ts=0, x0=8031162
P0, tp=0, ts=0, x0=541053556
P0, tp=0, ts=0, x0=919034261
P2, tp=0, ts=0, x0=870269555
P2, tp=0, ts=0, x0=118069191
P3, tp=0, ts=0, x0=94044547
P3, tp=0, ts=0, x0=810563610
P1, tp=0, ts=0, x0=240156530, x1=665429171
P3, tp=0, ts=0, x0=132139073
P0, tp=0, ts=0, x0=574399154
P2, tp=0, ts=0, x0=26082932
P3, tp=0, ts=0, x0=541053556
P3, tp=0, ts=0, x0=741139708
P0, tp=0, ts=0, x0=55280525
P2, tp=0, ts=0, x0=837177356
P1, tp=0, ts=0, x0=591410465, x1=947669864
P2, tp=0, ts=0, x0=939523143
P2, tp=0, ts=0, x0=594294493
P1, tp=0, ts=0, x0=992440819, x1=905226255
P1, tp=0, ts=0, x0=228331474, x1=36012099
P1, tp=0, ts=0, x0=413539410, x1=263078228
P1, tp=0, ts=0, x0=762707131, x1=828635740
P3, tp=0, ts=0, x0=794836437
P0, tp=0, ts=0, x0=591410465
P2, tp=0, ts=0, x0=132139073
P3, tp=0, ts=0, x0=923094017
P3, tp=0, ts=0, x0=178976603
P1, tp=0, ts=0, x0=393602475, x1=55280525
P2, tp=0, ts=0, x0=485979946
P1, tp=0, ts=0, x0=107197177, x1=825579817
P3, tp=0, ts=0, x0=40777138
P3, tp=0, ts=0, x0=762707131
P3, tp=0, ts=0, x0=178976603
P3, tp=0, ts=0, x0=912462831
P1, tp=0, ts=0, x0=828635740, x1=725762786
P3, tp=0, ts=0, x0=382513159
P3, tp=0, ts=0, x0=165210697
P2, tp=0, ts=0, x0=762707131
P3, tp=0, ts=0, x0=562027764
P1, tp=0, ts=0, x0=870269555, x1=720317635
P1, tp=0, ts=0, x0=591410465, x1=118766102
P3, tp=0, ts=0, x0=912462831
P1, tp=0, ts=0, x0=811960572, x1=332126636
P0, tp=0, ts=0, x0=843943083
P0, tp=0, ts=0, x0=95075313
P3, tp=0, ts=0, x0=448471958
P1, tp=0, ts=0, x0=74973426, x1=263078228
P2, tp=0, ts=0, x0=377301598
P2, tp=0, ts=0, x0=505935050
P2, tp=0, ts=0, x0=648016028
P0, tp=0, ts=0, x0=837177356
P1, tp=0, ts=0, x0=441507786, x1=94044547
P3, tp=0, ts=0, x0=641299034
P2, tp=0, ts=0, x0=178976603
P1, tp=0, ts=0, x0=641299034, x1=905226255
P3, tp=0, ts=0, x0=342986875
P3, tp=0, ts=0, x0=583930965
P0, tp=0, ts=0, x0=837177356
P2, tp=0, ts=0, x0=148737049
P0, tp=0, ts=0, x0=574399154
P0, tp=0, ts=0, x0=33059026
P1, tp=0, ts=0, x0=912462831, x1=819702502
P3, tp=0, ts=0, x0=420569102
P0, tp=0, ts=0, x0=342986875
P3, tp=0, ts=0, x0=983213232
P2, tp=0, ts=0, x0=56006042
P3, tp=0, ts=0, x0=508738113
P2, tp=0, ts=0, x0=870342687
P0, tp=0, ts=0, x0=562027764
P0, tp=0, ts=0, x0=413539410
P2, tp=0, ts=0, x0=386218870
P2, tp=0, ts=0, x0=865739692
P2, tp=0, ts=0, x0=134457235
P1, tp=0, ts=0, x0=226070484, x1=377301598
P0, tp=0, ts=0, x0=992440819
P1, tp=0, ts=0, x0=648016028, x1=591410465
P2, tp=0, ts=0, x0=901893964
P0, tp=0, ts=0, x0=939523143
P1, tp=0, ts=0, x0=284711236, x1=95075313
P3, tp=0, ts=0, x0=961574958
P3, tp=0, ts=0, x0=825579817
P0, tp=0, ts=0, x0=448471958
P0, tp=0, ts=0, x0=37375084
P3, tp=0, ts=0, x0=541053556
P2, tp=0, ts=0, x0=811960572
P1, tp=0, ts=0, x0=901893964, x1=505935050
P0, tp=0, ts=0, x0=118069191
P1, tp=0, ts=0, x0=36012099, x1=562027764
P2, tp=0, ts=0, x0=961574958
P3, tp=0, ts=0, x0=63979174
P0, tp=0, ts=0, x0=228331474
P1, tp=0, ts=0, x0=26082932, x1=822765760
P1, tp=0, ts=0, x0=240156530, x1=566803861
P2, tp=0, ts=0, x0=256742142
P1, tp=0, ts=0, x0=961574958, x1=829977396
P1, tp=0, ts=0, x0=574399154, x1=923094017
P3, tp=0, ts=0, x0=950178218
P0, tp=0, ts=0, x0=905226255
P3, tp=0, ts=0, x0=118069191
P3, tp=0, ts=0, x0=542030928
P2, tp=0, ts=0, x0=40777138
P1, tp=0, ts=0, x0=738312471, x1=95075313
P0, tp=0, ts=0, x0=540598866
P0, tp=0, ts=0, x0=508738113
P1, tp=0, ts=0, x0=505935050, x1=485979946
P1, tp=0, ts=0, x0=741139708, x1=472890140
P3, tp=0, ts=0, x0=256742142
P0, tp=0, ts=0, x0=594294493
P3, tp=0, ts=0, x0=648016028
P0, tp=0, ts=0, x0=105778896
P2, tp=0, ts=0, x0=228331474
P2, tp=0, ts=0, x0=983213232
P2, tp=0, ts=0, x0=94044547
P2, tp=0, ts=0, x0=74973426
P2, tp=0, ts=0, x0=36012099
P0, tp=0, ts=0, x0=508738113
P3, tp=0, ts=0, x0=15142361
P1, tp=0, ts=0, x0=94044547, x1=18709334
P2, tp=0, ts=0, x0=811960572
P3, tp=0, ts=0, x0=94044547
P0, tp=0, ts=0, x0=40777138
P2, tp=0, ts=0, x0=165210697
P3, tp=0, ts=0, x0=541053556
P0, tp=0, ts=0, x0=448471958
P0, tp=0, ts=0, x0=138992395
P1, tp=0, ts=0, x0=832761777, x1=574399154
P1, tp=0, ts=0, x0=342986875, x1=448471958
P2, tp=0, ts=0, x0=950178218
P2, tp=0, ts=0, x0=413539410
P0, tp=0, ts=0, x0=720317635
P3, tp=0, ts=0, x0=118766102
P3, tp=0, ts=0, x0=15142361
P3, tp=0, ts=0, x0=5126561
P1, tp=0, ts=0, x0=665429171, x1=8031162
P0, tp=0, ts=0, x0=284711236
P3, tp=0, ts=0, x0=641299034
P3, tp=0, ts=0, x0=441507786
P3, tp=0, ts=0, x0=386218870
P0, tp=0, ts=0, x0=508738113
P1, tp=0, ts=0, x0=74973426, x1=950178218
P3, tp=0, ts=0, x0=73779985
P3, tp=0, ts=0, x0=915319661
P1, tp=0, ts=0, x0=382513159, x1=505935050
P1, tp=0, ts=0, x0=843943083, x1=13974331
P3, tp=0, ts=0, x0=750326500
P2, tp=0, ts=0, x0=741139708
P3, tp=0, ts=0, x0=541053556
P2, tp=0, ts=0, x0=641299034
P1, tp=0, ts=0, x0=73779985, x1=925087524
P3, tp=0, ts=0, x0=88252822
P1, tp=0, ts=0, x0=542030928, x1=822765760
P3, tp=0, ts=0, x0=540598866
P0, tp=0, ts=0, x0=641299034
P1, tp=0, ts=0, x0=540598866, x1=870342687
P2, tp=0, ts=0, x0=393602475
P1, tp=0, ts=0, x0=832761777, x1=134457235
P0, tp=0, ts=0, x0=118069191
P3, tp=0, ts=0, x0=901893964
P3, tp=0, ts=0, x0=899110449
P1, tp=0, ts=0, x0=30049184, x1=36012099
P2, tp=0, ts=0, x0=131587651
P0, tp=0, ts=0, x0=26082932
P0, tp=0, ts=0, x0=393602475
P1, tp=0, ts=0, x0=825579817, x1=386218870
P2, tp=0, ts=0, x0=5126561
P1, tp=0, ts=0, x0=382513159, x1=899110449
P3, tp=0, ts=0, x0=923094017
P2, tp=0, ts=0, x0=822765760
P0, tp=0, ts=0, x0=430085063
P1, tp=0, ts=0, x0=901893964, x1=602083814
P3, tp=0, ts=0, x0=384243421
P0, tp=0, ts=0, x0=665429171
P0, tp=0, ts=0, x0=165210697
P3, tp=0, ts=0, x0=832761777
P3, tp=0, ts=0, x0=665429171
P3, tp=0, ts=0, x0=256742142
P3, tp=0, ts=0, x0=287337523
P0, tp=0, ts=0, x0=665429171
P2, tp=0, ts=0, x0=26082932
P2, tp=0, ts=0, x0=30049184
P3, tp=0, ts=0, x0=583930965
P1, tp=0, ts=0, x0=899110449, x1=865739692
P1, tp=0, ts=0, x0=925087524, x1=901893964
P1, tp=0, ts=0, x0=923094017, x1=832761777
P1, tp=0, ts=0, x0=901893964, x1=5126561
P1, tp=0, ts=0, x0=269621567, x1=228331474
P1, tp=0, ts=0, x0=142157435, x1=541053556
P2, tp=0, ts=0, x0=465808655
P3, tp=0, ts=0, x0=240156530
P1, tp=0, ts=0, x0=332126636, x1=750326500
P1, tp=0, ts=0, x0=974751949, x1=574399154
P3, tp=0, ts=0, x0=142157435
P2, tp=0, ts=0, x0=95075313
P1, tp=0, ts=0, x0=915319661, x1=430085063
P2, tp=0, ts=0, x0=127300202
P2, tp=0, ts=0, x0=240156530
P3, tp=0, ts=0, x0=284711236
P0, tp=0, ts=0, x0=720317635
P0, tp=0, ts=0, x0=13974331
P2, tp=0, ts=0, x0=961574958
P3, tp=0, ts=0, x0=939523143
P2, tp=0, ts=0, x0=591410465
P0, tp=0, ts=0, x0=870342687
P2, tp=0, ts=0, x0=287337523
P1, tp=0, ts=0, x0=134457235, x1=456228543
P3, tp=0, ts=0, x0=332126636
P2, tp=0, ts=0, x0=505935050
P3, tp=0, ts=0, x0=18709334
P3, tp=0, ts=0, x0=540598866
P2, tp=0, ts=0, x0=13974331
P3, tp=0, ts=0, x0=40777138
P1, tp=0, ts=0, x0=837177356, x1=794836437
P2, tp=0, ts=0, x0=508738113
P0, tp=0, ts=0, x0=402602993
P2, tp=0, ts=0, x0=183126695
P1, tp=0, ts=0, x0=105778896, x1=402602993
P2, tp=0, ts=0, x0=211859559
P3, tp=0, ts=0, x0=574399154
P1, tp=0, ts=0, x0=923094017, x1=454158356
P1, tp=0, ts=0, x0=228331474, x1=8031162
P0, tp=0, ts=0, x0=899110449
P0, tp=0, ts=0, x0=33059026
P1, tp=0, ts=0, x0=183126695, x1=211859559
P2, tp=0, ts=0, x0=8031162
P0, tp=0, ts=0, x0=725762786
P2, tp=0, ts=0, x0=961574958
P1, tp=0, ts=0, x0=941288943, x1=377301598
P0, tp=0, ts=0, x0=925087524
P2, tp=0, ts=0, x0=950178218
P3, tp=0, ts=0, x0=107197177
P2, tp=0, ts=0, x0=750326500
P1, tp=0, ts=0, x0=26082932, x1=441507786
P0, tp=0, ts=0, x0=134457235
P0, tp=0, ts=0, x0=750326500
P3, tp=0, ts=0, x0=5126561
P2, tp=0, ts=0, x0=269621567
P3, tp=0, ts=0, x0=240156530
P0, tp=0, ts=0, x0=983213232
P3, tp=0, ts=0, x0=351151922
P3, tp=0, ts=0, x0=448471958
P1, tp=0, ts=0, x0=472890140, x1=142157435
P3, tp=0, ts=0, x0=430085063
P0, tp=0, ts=0, x0=40777138
P2, tp=0, ts=0, x0=870342687
P2, tp=0, ts=0, x0=465808655
P3, tp=0, ts=0, x0=456228543
P3, tp=0, ts=0, x0=73779985
P0, tp=0, ts=0, x0=472890140
P0, tp=0, ts=0, x0=269621567
P3, tp=0, ts=0, x0=8031162
P3, tp=0, ts=0, x0=832761777
P2, tp=0, ts=0, x0=382513159
P2, tp=0, ts=0, x0=540598866
P2, tp=0, ts=0, x0=73779985
P1, tp=0, ts=0, x0=915319661, x1=822765760
P2, tp=0, ts=0, x0=741139708
P2, tp=0, ts=0, x0=870342687
P0, tp=0, ts=0, x0=56006042
P1, tp=0, ts=0, x0=822765760, x1=923094017
P0, tp=0, ts=0, x0=118766102
P2, tp=0, ts=0, x0=377301598
P2, tp=0, ts=0, x0=540598866
P2, tp=0, ts=0, x0=870342687
P2, tp=0, ts=0, x0=118766102
P2, tp=0, ts=0, x0=992440819
P3, tp=0, ts=0, x0=284711236
P3, tp=0, ts=0, x0=454158356
P3, tp=0, ts=0, x0=794836437
P0, tp=0, ts=0, x0=33059026
P3, tp=0, ts=0, x0=5126561
P1, tp=0, ts=0, x0=974751949, x1=738312471
P2, tp=0, ts=0, x0=832761777
P0, tp=0, ts=0, x0=205881999
P2, tp=0, ts=0, x0=738312471
P3, tp=0, ts=0, x0=899110449
P3, tp=0, ts=0, x0=473237444
P1, tp=0, ts=0, x0=822765760, x1=36419522
P1, tp=0, ts=0, x0=332126636, x1=40777138
P2, tp=0, ts=0, x0=974751949
P2, tp=0, ts=0, x0=919034261
P0, tp=0, ts=0, x0=211859559
P3, tp=0, ts=0, x0=138992395
P2, tp=0, ts=0, x0=540598866
P0, tp=0, ts=0, x0=107197177
P1, tp=0, ts=0, x0=18709334, x1=899110449
P2, tp=0, ts=0, x0=648016028
P1, tp=0, ts=0, x0=665429171, x1=741139708
P1, tp=0, ts=0, x0=95075313, x1=514548213
P0, tp=0, ts=0, x0=961574958
P1, tp=0, ts=0, x0=178976603, x1=899110449
P0, tp=0, ts=0, x0=665429171
P0, tp=0, ts=0, x0=821078144
P2, tp=0, ts=0, x0=899110449
P3, tp=0, ts=0, x0=602083814
P3, tp=0, ts=0, x0=63979174
P3, tp=0, ts=0, x0=377301598
P3, tp=0, ts=0, x0=228331474
P3, tp=0, ts=0, x0=821078144
P0, tp=0, ts=0, x0=961574958
P1, tp=0, ts=0, x0=968393584, x1=870342687
P1, tp=0, ts=0, x0=987663363, x1=138992395
P2, tp=0, ts=0, x0=377301598
P3, tp=0, ts=0, x0=919034261
P1, tp=0, ts=0, x0=56006042, x1=829977396
P0, tp=0, ts=0, x0=843943083
P0, tp=0, ts=0, x0=30049184
P2, tp=0, ts=0, x0=794836437
P3, tp=0, ts=0, x0=205881999
P2, tp=0, ts=0, x0=919034261
P2, tp=0, ts=0, x0=919034261
P2, tp=0, ts=0, x0=574399154
P1, tp=0, ts=0, x0=296114476, x1=891823365
P1, tp=0, ts=0, x0=591410465, x1=142157435
P2, tp=0, ts=0, x0=473237444
P1, tp=0, ts=0, x0=5126561, x1=226894943
P0, tp=0, ts=0, x0=465808655
P1, tp=0, ts=0, x0=865739692, x1=413539410
P2, tp=0, ts=0, x0=95075313
P0, tp=0, ts=0, x0=40777138
P1, tp=0, ts=0, x0=602083814, x1=205881999
P1, tp=0, ts=0, x0=256742142, x1=604760530
P2, tp=0, ts=0, x0=828635740
P3, tp=0, ts=0, x0=602083814
P0, tp=0, ts=0, x0=332126636
P2, tp=0, ts=0, x0=915319661
P0, tp=0, ts=0, x0=131587651
P1, tp=0, ts=0, x0=63979174, x1=384243421
P1, tp=0, ts=0, x0=741139708, x1=420569102
P3, tp=0, ts=0, x0=284711236
P0, tp=0, ts=0, x0=832761777
P0, tp=0, ts=0, x0=822765760
P1, tp=0, ts=0, x0=725762786, x1=15142361
P3, tp=0, ts=0, x0=822765760
P1, tp=0, ts=0, x0=178976603, x1=118766102
P0, tp=0, ts=0, x0=465808655
P3, tp=0, ts=0, x0=923094017
P2, tp=0, ts=0, x0=925087524
P3, tp=0, ts=0, x0=95075313
P1, tp=0, ts=0, x0=269621567, x1=901893964
P0, tp=0, ts=0, x0=891823365
P3, tp=0, ts=0, x0=562027764
P0, tp=0, ts=0, x0=648016028
P1, tp=0, ts=0, x0=987663363, x1=63979174
P1, tp=0, ts=0, x0=912462831, x1=287337523
P2, tp=0, ts=0, x0=923094017
P1, tp=0, ts=0, x0=829977396, x1=594294493
P0, tp=0, ts=0, x0=420569102
P3, tp=0, ts=0, x0=865739692
P1, tp=0, ts=0, x0=331266200, x1=36419522
P2, tp=0, ts=0, x0=269621567
P0, tp=0, ts=0, x0=448471958
P0, tp=0, ts=0, x0=211859559
P0, tp=0, ts=0, x0=331266200
P2, tp=0, ts=0, x0=865739692
P1, tp=0, ts=0, x0=178976603, x1=829977396
P0, tp=0, ts=0, x0=33059026
P1, tp=0, ts=0, x0=127300202, x1=88252822
P0, tp=0, ts=0, x0=183126695
P3, tp=0, ts=0, x0=665429171
P0, tp=0, ts=0, x0=183126695
P3, tp=0, ts=0, x0=269621567
P2, tp=0, ts=0, x0=741139708
P1, tp=0, ts=0, x0=8031162, x1=402602993
P1, tp=0, ts=0, x0=36012099, x1=456228543
P2, tp=0, ts=0, x0=74973426
P2, tp=0, ts=0, x0=562027764
P1, tp=0, ts=0, x0=741139708, x1=983213232
P3, tp=0, ts=0, x0=983213232
P3, tp=0, ts=0, x0=508738113
P1, tp=0, ts=0, x0=725762786, x1=594294493
P3, tp=0, ts=0, x0=690209791
P0, tp=0, ts=0, x0=891823365
P1, tp=0, ts=0, x0=111882559, x1=183126695
P2, tp=0, ts=0, x0=591410465
P3, tp=0, ts=0, x0=543039482
P0, tp=0, ts=0, x0=74973426
P2, tp=0, ts=0, x0=26082932
P0, tp=0, ts=0, x0=788592938
P3, tp=0, ts=0, x0=543039482
P2, tp=0, ts=0, x0=465808655
P3, tp=0, ts=0, x0=269621567
P1, tp=0, ts=0, x0=574399154, x1=788592938
P3, tp=0, ts=0, x0=912462831
P0, tp=0, ts=0, x0=543039482
P0, tp=0, ts=0, x0=925087524
P2, tp=0, ts=0, x0=33059026
P3, tp=0, ts=0, x0=11948039
P2, tp=0, ts=0, x0=131587651
P2, tp=0, ts=0, x0=891823365
P0, tp=0, ts=0, x0=11948039
P1, tp=0, ts=0, x0=73779985, x1=543039482
P1, tp=0, ts=0, x0=543039482, x1=891823365
P0, tp=0, ts=0, x0=256742142
P2, tp=0, ts=0, x0=543039482
P2, tp=0, ts=0, x0=15142361
P2, tp=0, ts=0, x0=74973426
P1, tp=0, ts=0, x0=73779985, x1=472890140
P1, tp=0, ts=0, x0=899110449, x1=788592938
P3, tp=0, ts=0, x0=331266200
P1, tp=0, ts=0, x0=131587651, x1=562027764
P0, tp=0, ts=0, x0=11948039
P3, tp=0, ts=0, x0=430085063
P3, tp=0, ts=0, x0=131587651
P2, tp=0, ts=0, x0=648016028
P1, tp=0, ts=0, x0=296114476, x1=837177356
P2, tp=0, ts=0, x0=211859559
P2, tp=0, ts=0, x0=448471958
P0, tp=0, ts=0, x0=365213217
P2, tp=0, ts=0, x0=832761777
P2, tp=0, ts=0, x0=828635740
P1, tp=0, ts=0, x0=961574958, x1=73779985
P3, tp=0, ts=0, x0=40777138
P1, tp=0, ts=0, x0=29697140, x1=33059026
P2, tp=0, ts=0, x0=36419522
P2, tp=0, ts=0, x0=690209791
P3, tp=0, ts=0, x0=8031162
P2, tp=0, ts=0, x0=5126561
P1, tp=0, ts=0, x0=566803861, x1=821078144
P2, tp=0, ts=0, x0=36419522
P0, tp=0, ts=0, x0=733508601
P1, tp=0, ts=0, x0=733508601, x1=413539410
P3, tp=0, ts=0, x0=591410465
P2, tp=0, ts=0, x0=131587651
P1, tp=0, ts=0, x0=88252822, x1=88252822
P2, tp=0, ts=0, x0=351151922
P1, tp=0, ts=0, x0=508738113, x1=448471958
P2, tp=0, ts=0, x0=29697140
P0, tp=0, ts=0, x0=950178218
P3, tp=0, ts=0, x0=26082932
P1, tp=0, ts=0, x0=741139708, x1=541053556
P0, tp=0, ts=0, x0=941288943
P2, tp=0, ts=0, x0=411857858
P1, tp=0, ts=0, x0=8031162, x1=29697140
P1, tp=0, ts=0, x0=165210697, x1=837177356
P2, tp=0, ts=0, x0=16487533
P1, tp=0, ts=0, x0=365213217, x1=178976603
P0, tp=0, ts=0, x0=269621567
P2, tp=0, ts=0, x0=950178218
P3, tp=0, ts=0, x0=430085063
P1, tp=0, ts=0, x0=413539410, x1=540598866
P0, tp=0, ts=0, x0=961574958
P1, tp=0, ts=0, x0=420569102, x1=901893964
P2, tp=0, ts=0, x0=8031162
P2, tp=0, ts=0, x0=992440819
P2, tp=0, ts=0, x0=992440819
P2, tp=0, ts=0, x0=256742142
P0, tp=0, ts=0, x0=94044547
P1, tp=0, ts=0, x0=331266200, x1=939523143
P1, tp=0, ts=0, x0=821078144, x1=16487533
P1, tp=0, ts=0, x0=690209791, x1=733508601
P2, tp=0, ts=0, x0=950178218
P2, tp=0, ts=0, x0=134457235
P2, tp=0, ts=0, x0=107197177
P3, tp=0, ts=0, x0=138992395
P2, tp=0, ts=0, x0=508738113
P3, tp=0, ts=0, x0=118766102
P1, tp=0, ts=0, x0=331266200, x1=211859559
P2, tp=0, ts=0, x0=296114476
P3, tp=0, ts=0, x0=915319661
P1, tp=0, ts=0, x0=591410465, x1=127300202
P2, tp=0, ts=0, x0=441507786
P1, tp=0, ts=0, x0=137992865, x1=256742142
P1, tp=0, ts=0, x0=331266200, x1=828635740
P1, tp=0, ts=0, x0=594294493, x1=40777138
P2, tp=0, ts=0, x0=30049184
P2, tp=0, ts=0, x0=733508601
P1, tp=0, ts=0, x0=456228543, x1=369833068
P1, tp=0, ts=0, x0=456228543, x1=915319661
P3, tp=0, ts=0, x0=919034261
P1, tp=0, ts=0, x0=919034261, x1=256742142
P0, tp=0, ts=0, x0=750326500
P1, tp=0, ts=0, x0=118766102, x1=594294493
P2, tp=0, ts=0, x0=56006042
P3, tp=0, ts=0, x0=899110449
P0, tp=0, ts=0, x0=919034261
P1, tp=0, ts=0, x0=40777138, x1=226894943
P0, tp=0, ts=0, x0=365213217
P0, tp=0, ts=0, x0=412471048
P2, tp=0, ts=0, x0=961574958
P0, tp=0, ts=0, x0=750326500
P3, tp=0, ts=0, x0=738312471
P0, tp=0, ts=0, x0=690209791
P1, tp=0, ts=0, x0=183126695, x1=111882559
P2, tp=0, ts=0, x0=137992865
P2, tp=0, ts=0, x0=331266200
P2, tp=0, ts=0, x0=793960407
P1, tp=0, ts=0, x0=720317635, x1=720317635
P1, tp=0, ts=0, x0=923094017, x1=825579817
P0, tp=0, ts=0, x0=939523143
P2, tp=0, ts=0, x0=508738113
P1, tp=0, ts=0, x0=36012099, x1=968393584
P3, tp=0, ts=0, x0=384243421
P0, tp=0, ts=0, x0=127300202
P1, tp=0, ts=0, x0=36419522, x1=825579817
P3, tp=0, ts=0, x0=365213217
P1, tp=0, ts=0, x0=369833068, x1=837177356
P1, tp=0, ts=0, x0=369833068, x1=919034261
P0, tp=0, ts=0, x0=16487533
P2, tp=0, ts=0, x0=992440819
P3, tp=0, ts=0, x0=738312471
P2, tp=0, ts=0, x0=331266200
P0, tp=0, ts=0, x0=891823365
P1, tp=0, ts=0, x0=793960407, x1=774078690
P0, tp=0, ts=0, x0=143318074
P0, tp=0, ts=0, x0=269621567
P0, tp=0, ts=0, x0=420569102
P3, tp=0, ts=0, x0=16487533
P2, tp=0, ts=0, x0=828635740
P2, tp=0, ts=0, x0=16487533
P0, tp=0, ts=0, x0=508738113
P0, tp=0, ts=0, x0=968393584
P1, tp=0, ts=0, x0=574399154, x1=822765760
P1, tp=0, ts=0, x0=369833068, x1=983213232
P2, tp=0, ts=0, x0=508738113
P1, tp=0, ts=0, x0=874465000, x1=412471048
P0, tp=0, ts=0, x0=992440819
P0, tp=0, ts=0, x0=377301598
P2, tp=0, ts=0, x0=118766102
P1, tp=0, ts=0, x0=566803861, x1=941288943
P1, tp=0, ts=0, x0=690209791, x1=131587651
P0, tp=0, ts=0, x0=15142361
P2, tp=0, ts=0, x0=107197177
P1, tp=0, ts=0, x0=448471958, x1=448471958
P0, tp=0, ts=0, x0=183126695
P1, tp=0, ts=0, x0=750326500, x1=118766102
P3, tp=0, ts=0, x0=183126695
P1, tp=0, ts=0, x0=342986875, x1=950178218
P0, tp=0, ts=0, x0=97401002
P0, tp=0, ts=0, x0=138992395
P3, tp=0, ts=0, x0=874465000
P3, tp=0, ts=0, x0=183126695
P2, tp=0, ts=0, x0=331266200
P0, tp=0, ts=0, x0=865739692
P0, tp=0, ts=0, x0=56006042
P0, tp=0, ts=0, x0=287337523
P0, tp=0, ts=0, x0=983213232
P1, tp=0, ts=0, x0=990406599, x1=505935050
P2, tp=0, ts=0, x0=505935050
P1, tp=0, ts=0, x0=36012099, x1=562027764
P3, tp=0, ts=0, x0=402602993
P1, tp=0, ts=0, x0=269621567, x1=720317635
P0, tp=0, ts=0, x0=15142361
P3, tp=0, ts=0, x0=987663363
P3, tp=0, ts=0, x0=314982384
P1, tp=0, ts=0, x0=733508601, x1=505935050
P0, tp=0, ts=0, x0=859657893
P3, tp=0, ts=0, x0=473237444
P3, tp=0, ts=0, x0=142157435
P2, tp=0, ts=0, x0=992440819
P0, tp=0, ts=0, x0=788592938
P3, tp=0, ts=0, x0=837177356
P3, tp=0, ts=0, x0=983213232
P2, tp=0, ts=0, x0=448471958
P1, tp=0, ts=0, x0=604760530, x1=137992865
P1, tp=0, ts=0, x0=543039482, x1=127300202
P0, tp=0, ts=0, x0=413539410
P3, tp=0, ts=0, x0=131587651
P1, tp=0, ts=0, x0=825579817, x1=40777138
P1, tp=0, ts=0, x0=738312471, x1=939523143
P1, tp=0, ts=0, x0=505935050, x1=94044547
P2, tp=0, ts=0, x0=40777138
P2, tp=0, ts=0, x0=205881999
P3, tp=0, ts=0, x0=365213217
P3, tp=0, ts=0, x0=829977396
P3, tp=0, ts=0, x0=412471048
P3, tp=0, ts=0, x0=40777138
P0, tp=0, ts=0, x0=733508601
P2, tp=0, ts=0, x0=448471958
P2, tp=0, ts=0, x0=591410465
P3, tp=0, ts=0, x0=94044547
P1, tp=0, ts=0, x0=821078144, x1=296114476
P2, tp=0, ts=0, x0=604760530
P3, tp=0, ts=0, x0=118766102
P2, tp=0, ts=0, x0=33059026
P2, tp=0, ts=0, x0=968393584
P3, tp=0, ts=0, x0=8031162
P0, tp=0, ts=0, x0=794836437
P1, tp=0, ts=0, x0=720317635, x1=990406599
P3, tp=0, ts=0, x0=33059026
P2, tp=0, ts=0, x0=891823365
P1, tp=0, ts=0, x0=88252822, x1=865739692
P2, tp=0, ts=0, x0=406644952
P2, tp=0, ts=0, x0=974751949
P0, tp=0, ts=0, x0=517593312
P1, tp=0, ts=0, x0=874465000, x1=269621567
P1, tp=0, ts=0, x0=131587651, x1=131587651
P1, tp=0, ts=0, x0=788592938, x1=961574958
P2, tp=0, ts=0, x0=287337523
P3, tp=0, ts=0, x0=142157435
P0, tp=0, ts=0, x0=594294493
P2, tp=0, ts=0, x0=574399154
P3, tp=0, ts=0, x0=543039482
P3, tp=0, ts=0, x0=968393584
P3, tp=0, ts=0, x0=472890140
P2, tp=0, ts=0, x0=211859559
P0, tp=0, ts=0, x0=11948039
P2, tp=0, ts=0, x0=865739692
P2, tp=0, ts=0, x0=220454
P2, tp=0, ts=0, x0=901893964
P1, tp=0, ts=0, x0=412471048, x1=342986875
P1, tp=0, ts=0, x0=725762786, x1=11948039
P2, tp=0, ts=0, x0=794836437
P2, tp=0, ts=0, x0=134457235
P0, tp=0, ts=0, x0=29697140
P3, tp=0, ts=0, x0=540011444
P3, tp=0, ts=0, x0=832761777
P1, tp=0, ts=0, x0=36012099, x1=491488954
P3, tp=0, ts=0, x0=205881999
P3, tp=0, ts=0, x0=774078690
P0, tp=1, ts=1, x0=413539410
P1, tp=1, ts=1, x0=793960407, x1=448471958
P0, tp=1, ts=1, x0=36012099
P0, tp=1, ts=1, x0=287337523
P0, tp=1, ts=1, x0=750326500
P0, tp=1, ts=1, x0=514548213
P1, tp=1, ts=1, x0=594294493, x1=88252822
P2, tp=1, ts=1, x0=134457235
P2, tp=1, ts=1, x0=30049184
P3, tp=1, ts=1, x0=725762786
P0, tp=1, ts=1, x0=369833068
P3, tp=1, ts=1, x0=26082932
P0, tp=1, ts=1, x0=143318074
P0, tp=1, ts=1, x0=74973426
P1, tp=1, ts=1, x0=774078690, x1=29697140
P0, tp=1, ts=1, x0=891823365
P1, tp=1, ts=1, x0=36012099, x1=925087524
P3, tp=1, ts=1, x0=36419522
P1, tp=1, ts=1, x0=369833068, x1=378028440
P1, tp=1, ts=1, x0=111882559, x1=836858184
P0, tp=1, ts=1, x0=11948039
P0, tp=1, ts=1, x0=138992395
P2, tp=1, ts=1, x0=968393584
P1, tp=1, ts=1, x0=788592938, x1=88252822
P1, tp=1, ts=1, x0=899110449, x1=342986875
P0, tp=1, ts=1, x0=11948039
P1, tp=1, ts=1, x0=832761777, x1=901893964
P2, tp=1, ts=1, x0=357794322
P1, tp=1, ts=1, x0=178976603, x1=574399154
P0, tp=1, ts=1, x0=891823365
P0, tp=1, ts=1, x0=97401002
P3, tp=1, ts=1, x0=968393584
P1, tp=1, ts=1, x0=36419522, x1=11948039
P2, tp=1, ts=1, x0=961574958
P0, tp=1, ts=1, x0=923094017
P1, tp=1, ts=1, x0=13974331, x1=983213232
P3, tp=1, ts=1, x0=8031162
P2, tp=1, ts=1, x0=205881999
P2, tp=1, ts=1, x0=137992865
P2, tp=1, ts=1, x0=15142361
P0, tp=1, ts=1, x0=514548213
P3, tp=1, ts=1, x0=211859559
P0, tp=1, ts=1, x0=36012099
P3, tp=1, ts=1, x0=968393584
P1, tp=1, ts=1, x0=16487533, x1=94044547
P1, tp=1, ts=1, x0=211859559, x1=774078690
P1, tp=1, ts=1, x0=514548213, x1=891823365
P1, tp=1, ts=1, x0=837177356, x1=804290433
P0, tp=1, ts=1, x0=925087524
P1, tp=1, ts=1, x0=636105593, x1=836858184
P1, tp=1, ts=1, x0=15142361, x1=73779985
P3, tp=1, ts=1, x0=33059026
P1, tp=1, ts=1, x0=367082317, x1=342986875
P3, tp=1, ts=1, x0=574399154
P3, tp=1, ts=1, x0=987663363
P3, tp=1, ts=1, x0=137992865
P3, tp=1, ts=1, x0=26082932
P3, tp=1, ts=1, x0=29697140
P3, tp=1, ts=1, x0=733508601
P3, tp=1, ts=1, x0=720317635
P1, tp=1, ts=1, x0=448471958, x1=384243421
P0, tp=1, ts=1, x0=357794322
P0, tp=1, ts=1, x0=127300202
P0, tp=1, ts=1, x0=832761777
P2, tp=1, ts=1, x0=987663363
P3, tp=1, ts=1, x0=733508601
P3, tp=1, ts=1, x0=384243421
P1, tp=1, ts=1, x0=859657893, x1=983213232
P0, tp=1, ts=1, x0=74973426
P1, tp=1, ts=1, x0=517593312, x1=604760530
P3, tp=1, ts=1, x0=829977396
P1, tp=1, ts=1, x0=655358986, x1=142157435
P3, tp=1, ts=1, x0=183126695
P2, tp=1, ts=1, x0=793960407
P1, tp=1, ts=1, x0=865739692, x1=137992865
P0, tp=1, ts=1, x0=709611043
P1, tp=1, ts=1, x0=822765760, x1=107197177
P1, tp=1, ts=1, x0=738312471, x1=793960407
P0, tp=1, ts=1, x0=562027764
P3, tp=1, ts=1, x0=269621567
P2, tp=1, ts=1, x0=269621567
P1, tp=1, ts=1, x0=26082932, x1=987663363
P0, tp=1, ts=1, x0=591410465
P2, tp=1, ts=1, x0=378028440
P3, tp=1, ts=1, x0=111882559
P2, tp=1, ts=1, x0=514548213
P0, tp=1, ts=1, x0=837177356
P3, tp=1, ts=1, x0=284711236
P2, tp=1, ts=1, x0=11948039
P0, tp=1, ts=1, x0=36419522
P3, tp=1, ts=1, x0=591410465
P0, tp=1, ts=1, x0=865739692
P0, tp=1, ts=1, x0=720317635
P0, tp=1, ts=1, x0=367082317
P1, tp=1, ts=1, x0=127300202, x1=111882559
P3, tp=1, ts=1, x0=256742142
P0, tp=1, ts=1, x0=284711236
P3, tp=1, ts=1, x0=543039482
P1, tp=1, ts=1, x0=961574958, x1=73779985
P1, tp=1, ts=1, x0=655358986, x1=277349066
P2, tp=1, ts=1, x0=40777138
P0, tp=1, ts=1, x0=234108216
P3, tp=1, ts=1, x0=16487533
P2, tp=1, ts=1, x0=440597854
P1, tp=1, ts=1, x0=111882559, x1=543039482
P3, tp=1, ts=1, x0=369833068
P1, tp=1, ts=1, x0=142157435, x1=142157435
P0, tp=1, ts=1, x0=990406599
P0, tp=1, ts=1, x0=925087524
P3, tp=1, ts=1, x0=441507786
P0, tp=1, ts=1, x0=742926597
P2, tp=1, ts=1, x0=874465000
P3, tp=1, ts=1, x0=111882559
P3, tp=1, ts=1, x0=738312471
P2, tp=1, ts=1, x0=802859921
P2, tp=1, ts=1, x0=900919027
P0, tp=1, ts=1, x0=822765760
P3, tp=1, ts=1, x0=757829496
P0, tp=1, ts=1, x0=836858184
P1, tp=1, ts=1, x0=342986875, x1=990406599
P2, tp=1, ts=1, x0=574663892
P2, tp=1, ts=1, x0=413539410
P0, tp=1, ts=1, x0=234108216
P1, tp=1, ts=1, x0=983213232, x1=742926597
P3, tp=1, ts=1, x0=472890140
P2, tp=1, ts=1, x0=36012099
P0, tp=1, ts=1, x0=143641863
P0, tp=1, ts=1, x0=15142361
P2, tp=1, ts=1, x0=514548213
P0, tp=1, ts=1, x0=574399154
P0, tp=1, ts=1, x0=29697140
P2, tp=1, ts=1, x0=441507786
P2, tp=1, ts=1, x0=296114476
P3, tp=1, ts=1, x0=794836437
P0, tp=1, ts=1, x0=344296220
P3, tp=1, ts=1, x0=33059026
P1, tp=1, ts=1, x0=925087524, x1=837177356
P2, tp=1, ts=1, x0=757829496
P0, tp=1, ts=1, x0=901893964
P0, tp=1, ts=1, x0=107197177
P1, tp=1, ts=1, x0=36012099, x1=757829496
P1, tp=1, ts=1, x0=40777138, x1=968393584
P1, tp=1, ts=1, x0=137992865, x1=901893964
P2, tp=1, ts=1, x0=987663363
P2, tp=1, ts=1, x0=497306715
P2, tp=1, ts=1, x0=738312471
P3, tp=1, ts=1, x0=859657893
P2, tp=1, ts=1, x0=269621567
P3, tp=1, ts=1, x0=412471048
P2, tp=1, ts=1, x0=296114476
P3, tp=1, ts=1, x0=269621567
P0, tp=1, ts=1, x0=365213217
P2, tp=1, ts=1, x0=448781608
P3, tp=1, ts=1, x0=788592938
P2, tp=1, ts=1, x0=655358986
P0, tp=1, ts=1, x0=36012099
P2, tp=1, ts=1, x0=574663892
P1, tp=1, ts=1, x0=344296220, x1=97401002
P2, tp=1, ts=1, x0=269621567
P1, tp=1, ts=1, x0=40777138, x1=134457235
P2, tp=1, ts=1, x0=821078144
P3, tp=1, ts=1, x0=540598866
P3, tp=1, ts=1, x0=36419522
P0, tp=1, ts=1, x0=802859921
P2, tp=1, ts=1, x0=750326500
P3, tp=1, ts=1, x0=733508601
P1, tp=1, ts=1, x0=269621567, x1=551695068
P2, tp=1, ts=1, x0=987663363
P3, tp=1, ts=1, x0=111882559
P3, tp=1, ts=1, x0=874465000
P2, tp=1, ts=1, x0=13974331
P2, tp=1, ts=1, x0=413539410
P1, tp=1, ts=1, x0=137992865, x1=574663892
P0, tp=1, ts=1, x0=562027764
P1, tp=1, ts=1, x0=143318074, x1=983213232
P0, tp=1, ts=1, x0=517593312
P1, tp=1, ts=1, x0=821078144, x1=88252822
P0, tp=1, ts=1, x0=420569102
P3, tp=1, ts=1, x0=107197177
P0, tp=1, ts=1, x0=211859559
P1, tp=1, ts=1, x0=77867102, x1=793960407
P3, tp=1, ts=1, x0=411857858
P1, tp=1, ts=1, x0=733508601, x1=983213232
P0, tp=1, ts=1, x0=77867102
P3, tp=1, ts=1, x0=497306715
P0, tp=1, ts=1, x0=738312471
P1, tp=1, ts=1, x0=859657893, x1=287337523
P2, tp=1, ts=1, x0=505935050
P2, tp=1, ts=1, x0=107197177
P0, tp=1, ts=1, x0=13974331
P3, tp=1, ts=1, x0=742926597
P0, tp=1, ts=1, x0=107197177
P1, tp=1, ts=1, x0=342986875, x1=472890140
P1, tp=1, ts=1, x0=369833068, x1=491488954
P3, tp=1, ts=1, x0=33059026
P0, tp=1, ts=1, x0=668751128
P3, tp=1, ts=1, x0=874465000
P2, tp=1, ts=1, x0=73779985
P1, tp=1, ts=1, x0=493942240, x1=16487533
P0, tp=1, ts=1, x0=491488954
P1, tp=1, ts=1, x0=77867102, x1=647888196
P3, tp=1, ts=1, x0=344296220
P3, tp=1, ts=1, x0=668751128
P2, tp=1, ts=1, x0=551695068
P3, tp=1, ts=1, x0=591410465
P3, tp=1, ts=1, x0=690209791
P2, tp=1, ts=1, x0=183126695
P1, tp=1, ts=1, x0=384243421, x1=983213232
P2, tp=1, ts=1, x0=514548213
P2, tp=1, ts=1, x0=655358986
P2, tp=1, ts=1, x0=365213217
P1, tp=1, ts=1, x0=220454, x1=420569102
P1, tp=1, ts=1, x0=308775951, x1=987663363
P1, tp=1, ts=1, x0=36012099, x1=636105593
P3, tp=1, ts=1, x0=794836437
P2, tp=1, ts=1, x0=384243421
P3, tp=1, ts=1, x0=269621567
P0, tp=1, ts=1, x0=152670433
P2, tp=1, ts=1, x0=473237444
P2, tp=1, ts=1, x0=759260157
P2, tp=1, ts=1, x0=891823365
P3, tp=1, ts=1, x0=137992865
P2, tp=1, ts=1, x0=465832210
P1, tp=1, ts=1, x0=738312471, x1=759260157
P3, tp=1, ts=1, x0=29697140
P3, tp=1, ts=1, x0=974751949
P0, tp=1, ts=1, x0=178976603
P1, tp=1, ts=1, x0=733508601, x1=990406599
P0, tp=1, ts=1, x0=591410465
P1, tp=1, ts=1, x0=540211513, x1=420569102
P1, tp=1, ts=1, x0=142157435, x1=152670433
P2, tp=1, ts=1, x0=953979760
P0, tp=1, ts=1, x0=822765760
P0, tp=1, ts=1, x0=277349066
P0, tp=1, ts=1, x0=220454
P0, tp=1, ts=1, x0=357794322
P3, tp=1, ts=1, x0=287337523
P1, tp=1, ts=1, x0=134457235, x1=134457235
P1, tp=1, ts=1, x0=919358086, x1=516765512
P2, tp=1, ts=1, x0=992440819
P2, tp=1, ts=1, x0=794836437
P2, tp=1, ts=1, x0=143318074
P1, tp=1, ts=1, x0=152670433, x1=152670433
P1, tp=1, ts=1, x0=56996216, x1=178976603
P0, tp=1, ts=1, x0=987663363
P1, tp=1, ts=1, x0=804290433, x1=36012099
P3, tp=1, ts=1, x0=234108216
P3, tp=1, ts=1, x0=77867102
P3, tp=1, ts=1, x0=73779985
P1, tp=1, ts=1, x0=709611043, x1=793960407
P1, tp=1, ts=1, x0=411857858, x1=127300202
P1, tp=1, ts=1, x0=420569102, x1=36012099
P0, tp=1, ts=1, x0=97401002
P1, tp=1, ts=1, x0=874465000, x1=742997661
P2, tp=1, ts=1, x0=367082317
P2, tp=1, ts=1, x0=635321484
P2, tp=1, ts=1, x0=365213217
P1, tp=1, ts=1, x0=234108216, x1=402602993
P0, tp=1, ts=1, x0=178976603
P0, tp=1, ts=1, x0=134457235
P3, tp=1, ts=1, x0=690209791
P0, tp=1, ts=1, x0=992440819
P3, tp=1, ts=1, x0=365213217
P3, tp=1, ts=1, x0=440597854
P0, tp=1, ts=1, x0=16487533
P1, tp=1, ts=1, x0=990406599, x1=574663892
P3, tp=1, ts=1, x0=134457235
P3, tp=1, ts=1, x0=143641863
P1, tp=1, ts=1, x0=517593312, x1=256742142
P1, tp=1, ts=1, x0=901893964, x1=406644952
P0, tp=1, ts=1, x0=384243421
P0, tp=1, ts=1, x0=440597854
P0, tp=1, ts=1, x0=540011444
P0, tp=1, ts=1, x0=287337523
P2, tp=1, ts=1, x0=308775951
P0, tp=1, ts=1, x0=97401002
P3, tp=1, ts=1, x0=709611043
P0, tp=1, ts=1, x0=647888196
P3, tp=1, ts=1, x0=516765512
P0, tp=1, ts=1, x0=604760530
P3, tp=1, ts=1, x0=74973426
P0, tp=1, ts=1, x0=659936786
P1, tp=1, ts=1, x0=314982384, x1=314982384
P2, tp=1, ts=1, x0=473237444
P3, tp=1, ts=1, x0=56996216
P2, tp=1, ts=1, x0=874465000
P2, tp=1, ts=1, x0=690209791
P3, tp=1, ts=1, x0=489159876
P3, tp=1, ts=1, x0=709611043
P3, tp=1, ts=1, x0=331266200
P1, tp=1, ts=1, x0=314982384, x1=619094323
P2, tp=1, ts=1, x0=802859921
P1, tp=1, ts=1, x0=821078144, x1=365213217
P3, tp=1, ts=1, x0=804290433
P3, tp=1, ts=1, x0=636105593
P3, tp=1, ts=1, x0=234108216
P2, tp=1, ts=1, x0=440597854
P1, tp=1, ts=1, x0=413539410, x1=143641863
P2, tp=1, ts=1, x0=16487533
P0, tp=1, ts=1, x0=822765760
P0, tp=1, ts=1, x0=213970894
P0, tp=1, ts=1, x0=62773738
P1, tp=1, ts=1, x0=211859559, x1=16487533
P2, tp=1, ts=1, x0=473237444
P0, tp=1, ts=1, x0=344296220
P0, tp=1, ts=1, x0=738312471
P3, tp=1, ts=1, x0=152670433
P1, tp=1, ts=1, x0=874465000, x1=900919027
P2, tp=1, ts=1, x0=655358986
P0, tp=1, ts=1, x0=111882559
P0, tp=1, ts=1, x0=953979760
P1, tp=1, ts=1, x0=36419522, x1=11948039
P2, tp=1, ts=1, x0=378028440
P0, tp=1, ts=1, x0=449134977
P3, tp=1, ts=1, x0=742997661
P1, tp=1, ts=1, x0=659936786, x1=859657893
P0, tp=1, ts=1, x0=655358986
P3, tp=1, ts=1, x0=793960407
P3, tp=1, ts=1, x0=16487533
P3, tp=1, ts=1, x0=412471048
P1, tp=1, ts=1, x0=918172626, x1=499520769
P1, tp=1, ts=1, x0=655358986, x1=143318074
P3, tp=1, ts=1, x0=277349066
P2, tp=1, ts=1, x0=11948039
P1, tp=1, ts=1, x0=774078690, x1=290156642
P2, tp=1, ts=1, x0=384243421
P0, tp=1, ts=1, x0=741556772
P1, tp=1, ts=1, x0=36419522, x1=832761777
P3, tp=1, ts=1, x0=668751128
P1, tp=1, ts=1, x0=977132019, x1=821078144
P2, tp=1, ts=1, x0=213970894
P0, tp=1, ts=1, x0=914498573
P3, tp=1, ts=1, x0=493942240
P1, tp=1, ts=1, x0=788592938, x1=900919027
P0, tp=1, ts=1, x0=793960407
P2, tp=1, ts=1, x0=690209791
P2, tp=1, ts=1, x0=497306715
P2, tp=1, ts=1, x0=829977396
P0, tp=1, ts=1, x0=134457235
P2, tp=1, ts=1, x0=140657797
P2, tp=1, ts=1, x0=832761777
P1, tp=1, ts=1, x0=914498573, x1=733508601
P3, tp=1, ts=1, x0=499520769
P0, tp=1, ts=1, x0=499520769
P1, tp=1, ts=1, x0=793960407, x1=874465000
P3, tp=1, ts=1, x0=14884036
P1, tp=1, ts=1, x0=277349066, x1=832761777
P1, tp=1, ts=1, x0=367082317, x1=97401002
P3, tp=1, ts=1, x0=56996216
P0, tp=1, ts=1, x0=56996216
P0, tp=1, ts=1, x0=990406599
P1, tp=1, ts=1, x0=137992865, x1=884519888
P3, tp=1, ts=1, x0=183126695
P2, tp=1, ts=1, x0=384243421
P2, tp=1, ts=1, x0=140657797
P1, tp=1, ts=1, x0=914498573, x1=357794322
P3, tp=1, ts=1, x0=677028439
P0, tp=1, ts=1, x0=256742142
P3, tp=1, ts=1, x0=56996216
P3, tp=1, ts=1, x0=793960407
P0, tp=1, ts=1, x0=344296220
P2, tp=1, ts=1, x0=77867102
P1, tp=1, ts=1, x0=448781608, x1=759260157
P0, tp=1, ts=1, x0=354584926
P0, tp=1, ts=1, x0=604760530
P1, tp=1, ts=1, x0=290156642, x1=497306715
P3, tp=1, ts=1, x0=367082317
P0, tp=1, ts=1, x0=17208794
P3, tp=1, ts=1, x0=14884036
P3, tp=1, ts=1, x0=499919615
P1, tp=1, ts=1, x0=874465000, x1=29697140
P1, tp=1, ts=1, x0=497306715, x1=290156642
P3, tp=1, ts=1, x0=16487533
P0, tp=1, ts=1, x0=406644952
P3, tp=1, ts=1, x0=143641863
P0, tp=1, ts=1, x0=543039482
P1, tp=1, ts=1, x0=918172626, x1=344296220
P2, tp=1, ts=1, x0=977132019
P0, tp=1, ts=1, x0=143318074
P2, tp=1, ts=1, x0=647888196
P0, tp=1, ts=1, x0=314982384
P0, tp=1, ts=1, x0=152670433
P3, tp=1, ts=1, x0=143641863
P0, tp=1, ts=1, x0=143318074
P2, tp=1, ts=1, x0=97401002
P1, tp=1, ts=1, x0=859657893, x1=369833068
P1, tp=1, ts=1, x0=802859921, x1=635321484
P0, tp=1, ts=1, x0=143641863
P1, tp=1, ts=1, x0=465832210, x1=473237444
P2, tp=1, ts=1, x0=97401002
P2, tp=1, ts=1, x0=97401002
P1, tp=1, ts=1, x0=836524570, x1=499520769
P2, tp=1, ts=1, x0=918172626
P2, tp=1, ts=1, x0=319143138
P0, tp=1, ts=1, x0=702966663
P2, tp=1, ts=1, x0=143318074
P1, tp=1, ts=1, x0=647888196, x1=94191527
P2, tp=1, ts=1, x0=367082317
P3, tp=1, ts=1, x0=540211513
P0, tp=1, ts=1, x0=378028440
P2, tp=1, ts=1, x0=440597854
P2, tp=1, ts=1, x0=319143138
P2, tp=1, ts=1, x0=836524570
P1, tp=1, ts=1, x0=14884036, x1=183126695
P3, tp=1, ts=1, x0=308775951
P1, tp=1, ts=1, x0=308775951, x1=378028440
P0, tp=1, ts=1, x0=36419522
P1, tp=1, ts=1, x0=493942240, x1=918172626
P2, tp=1, ts=1, x0=690209791
P1, tp=1, ts=1, x0=793960407, x1=465832210
P0, tp=1, ts=1, x0=540011444
P2, tp=1, ts=1, x0=953979760
P0, tp=1, ts=1, x0=378028440
P3, tp=1, ts=1, x0=378028440
P3, tp=1, ts=1, x0=411857858
P2, tp=1, ts=1, x0=516765512
P0, tp=1, ts=1, x0=111882559
P3, tp=1, ts=1, x0=354584926
P3, tp=1, ts=1, x0=953979760
P2, tp=1, ts=1, x0=543039482
P2, tp=1, ts=1, x0=919358086
P1, tp=1, ts=1, x0=489159876, x1=491488954
P3, tp=1, ts=1, x0=914498573
P3, tp=1, ts=1, x0=891823365
P2, tp=1, ts=1, x0=448781608
P1, tp=1, ts=1, x0=514548213, x1=554701366
P2, tp=1, ts=1, x0=551695068
P1, tp=1, ts=1, x0=378028440, x1=357794322
P1, tp=1, ts=1, x0=183126695, x1=700653903
P1, tp=1, ts=1, x0=406644952, x1=331266200
P2, tp=1, ts=1, x0=914498573
P2, tp=1, ts=1, x0=368303704
P2, tp=1, ts=1, x0=659936786
P3, tp=1, ts=1, x0=205881999
P3, tp=1, ts=1, x0=742926597
P0, tp=1, ts=1, x0=604760530
P2, tp=1, ts=1, x0=406644952
P1, tp=1, ts=1, x0=29697140, x1=77867102
P0, tp=1, ts=1, x0=211859559
P3, tp=1, ts=1, x0=319143138
P1, tp=1, ts=1, x0=369833068, x1=782747705
P0, tp=1, ts=1, x0=741556772
P2, tp=1, ts=1, x0=449134977
P0, tp=1, ts=1, x0=737848724
P1, tp=1, ts=1, x0=540211513, x1=449134977
P1, tp=1, ts=1, x0=205881999, x1=655924144
P0, tp=1, ts=1, x0=220454
P2, tp=1, ts=1, x0=900919027
P1, tp=1, ts=1, x0=56996216, x1=914498573
P3, tp=1, ts=1, x0=16487533
P1, tp=1, ts=1, x0=56996216, x1=788592938
P2, tp=1, ts=1, x0=655924144
P0, tp=1, ts=1, x0=900919027
P0, tp=1, ts=1, x0=412471048
P2, tp=1, ts=1, x0=987663363
P1, tp=1, ts=1, x0=891823365, x1=331266200
P0, tp=1, ts=1, x0=220454
P3, tp=1, ts=1, x0=788592938
P0, tp=1, ts=1, x0=16487533
P3, tp=1, ts=1, x0=220454
P3, tp=1, ts=1, x0=742997661
P3, tp=1, ts=1, x0=804290433
P3, tp=1, ts=1, x0=793960407
P2, tp=1, ts=1, x0=821078144
P3, tp=1, ts=1, x0=524049753
P3, tp=1, ts=1, x0=449134977
P2, tp=1, ts=1, x0=82975439
P2, tp=1, ts=1, x0=737848724
P1, tp=1, ts=1, x0=111882559, x1=900919027
P3, tp=1, ts=1, x0=918172626
P2, tp=1, ts=1, x0=23764225
P0, tp=1, ts=1, x0=914498573
P0, tp=1, ts=1, x0=406644952
P2, tp=1, ts=1, x0=709611043
P1, tp=1, ts=1, x0=207965030, x1=774078690
P3, tp=1, ts=1, x0=891823365
P2, tp=1, ts=1, x0=77867102
P0, tp=1, ts=1, x0=357794322
P3, tp=1, ts=1, x0=382459427
P2, tp=1, ts=1, x0=357794322
P2, tp=1, ts=1, x0=551695068
P3, tp=1, ts=1, x0=774078690
P0, tp=1, ts=1, x0=449134977
P0, tp=1, ts=1, x0=16487533
P1, tp=1, ts=1, x0=314982384, x1=62773738
P0, tp=1, ts=1, x0=741556772
P1, tp=1, ts=1, x0=516765512, x1=277349066
P2, tp=1, ts=1, x0=593991400
P2, tp=1, ts=1, x0=319143138
P3, tp=1, ts=1, x0=976062358
P1, tp=1, ts=1, x0=77867102, x1=918172626
P2, tp=1, ts=1, x0=782747705
P3, tp=1, ts=1, x0=774078690
P1, tp=1, ts=1, x0=836524570, x1=836524570
P1, tp=1, ts=1, x0=540211513, x1=604760530
P0, tp=1, ts=1, x0=483212117
P0, tp=1, ts=1, x0=574663892
P1, tp=1, ts=1, x0=493942240, x1=757829496
P0, tp=1, ts=1, x0=449778620
P1, tp=1, ts=1, x0=213970894, x1=516765512
P3, tp=1, ts=1, x0=17208794
P1, tp=1, ts=1, x0=494963617, x1=14884036
P3, tp=1, ts=1, x0=82975439
P0, tp=1, ts=1, x0=714681178
P3, tp=1, ts=1, x0=369252188
P1, tp=1, ts=1, x0=140657797, x1=655358986
P3, tp=1, ts=1, x0=659936786
P2, tp=1, ts=1, x0=234108216
P3, tp=1, ts=1, x0=659936786
P0, tp=1, ts=1, x0=788592938
P2, tp=1, ts=1, x0=14917224
P3, tp=1, ts=1, x0=137992865
P0, tp=1, ts=1, x0=976062358
P1, tp=1, ts=1, x0=990406599, x1=77867102
P0, tp=1, ts=1, x0=210400692
P1, tp=1, ts=1, x0=516765512, x1=497306715
P1, tp=1, ts=1, x0=688675544, x1=677028439
P3, tp=1, ts=1, x0=759260157
P0, tp=1, ts=1, x0=277349066
P2, tp=1, ts=1, x0=759260157
P3, tp=1, ts=1, x0=314982384
P3, tp=1, ts=1, x0=140657797
P0, tp=1, ts=1, x0=368303704
P2, tp=1, ts=1, x0=540211513
P1, tp=1, ts=1, x0=229332431, x1=234108216
P0, tp=1, ts=1, x0=314982384
P0, tp=1, ts=1, x0=14917224
P3, tp=1, ts=1, x0=517593312
P2, tp=1, ts=1, x0=435941031
P2, tp=1, ts=1, x0=449778620
P1, tp=1, ts=1, x0=354985508, x1=705587761
P1, tp=1, ts=1, x0=517593312, x1=793960407
P0, tp=1, ts=1, x0=836524570
P1, tp=1, ts=1, x0=94191527, x1=319143138
P2, tp=1, ts=1, x0=737848724
P3, tp=1, ts=1, x0=449778620
P2, tp=1, ts=1, x0=220454
P3, tp=1, ts=1, x0=499919615
P0, tp=1, ts=1, x0=143641863
P0, tp=1, ts=1, x0=793960407
P1, tp=1, ts=1, x0=17208794, x1=143318074
P2, tp=1, ts=1, x0=137992865
P1, tp=1, ts=1, x0=742926597, x1=494963617
P2, tp=1, ts=1, x0=884519888
P1, tp=1, ts=1, x0=447033727, x1=540011444
P0, tp=1, ts=1, x0=368303704
P0, tp=1, ts=1, x0=314982384
P3, tp=1, ts=1, x0=874465000
P3, tp=1, ts=1, x0=914498573
P3, tp=1, ts=1, x0=742997661
P3, tp=1, ts=1, x0=531025210
P2, tp=1, ts=1, x0=759260157
P3, tp=1, ts=1, x0=677028439
P3, tp=1, ts=1, x0=210400692
P0, tp=1, ts=1, x0=140657797
P2, tp=1, ts=1, x0=489159876
P2, tp=1, ts=1, x0=277349066
P3, tp=1, ts=1, x0=140657797
P1, tp=1, ts=1, x0=447033727, x1=354584926
P1, tp=1, ts=1, x0=14884036, x1=77867102
P2, tp=1, ts=1, x0=900919027
P3, tp=1, ts=1, x0=229332431
P0, tp=1, ts=1, x0=548803266
P2, tp=1, ts=1, x0=619094323
P2, tp=1, ts=1, x0=593991400
P0, tp=1, ts=1, x0=62773738
P1, tp=1, ts=1, x0=23764225, x1=668751128
P0, tp=1, ts=1, x0=836858184
P0, tp=1, ts=1, x0=314982384
P0, tp=1, ts=1, x0=465832210
P3, tp=1, ts=1, x0=774078690
P2, tp=1, ts=1, x0=524049753
P3, tp=1, ts=1, x0=483212117
P1, tp=1, ts=1, x0=551695068, x1=406644952
P2, tp=1, ts=1, x0=483212117
P3, tp=1, ts=1, x0=449134977
P0, tp=1, ts=1, x0=741556772
P2, tp=1, ts=1, x0=465832210
P0, tp=1, ts=1, x0=77867102
P1, tp=1, ts=1, x0=793960407, x1=448781608
P3, tp=1, ts=1, x0=702966663
P3, tp=1, ts=1, x0=494963617
P2, tp=1, ts=1, x0=143318074
P0, tp=1, ts=1, x0=143641863
P1, tp=1, ts=1, x0=382459427, x1=94191527
P3, tp=1, ts=1, x0=884519888
P3, tp=1, ts=1, x0=990406599
P2, tp=1, ts=1, x0=77867102
P3, tp=1, ts=1, x0=741556772
P1, tp=1, ts=1, x0=647888196, x1=688675544
P2, tp=1, ts=1, x0=688675544
P0, tp=1, ts=1, x0=56996216
P3, tp=1, ts=1, x0=757829496
P0, tp=1, ts=1, x0=709611043
P0, tp=1, ts=1, x0=990406599
P2, tp=1, ts=1, x0=551695068
P0, tp=1, ts=1, x0=218354708
P0, tp=1, ts=1, x0=741556772
P1, tp=1, ts=1, x0=97401002, x1=531025210
P0, tp=1, ts=1, x0=17208794
P3, tp=1, ts=1, x0=782747705
P3, tp=1, ts=1, x0=635321484
P1, tp=1, ts=1, x0=354985508, x1=742926597
P2, tp=1, ts=1, x0=757829496
P1, tp=1, ts=1, x0=647888196, x1=548803266
P0, tp=1, ts=1, x0=705587761
P0, tp=1, ts=1, x0=705587761
P3, tp=1, ts=1, x0=635321484
P1, tp=1, ts=1, x0=517593312, x1=308775951
P3, tp=1, ts=1, x0=782747705
P3, tp=1, ts=1, x0=919358086
P2, tp=1, ts=1, x0=143318074
P0, tp=1, ts=1, x0=201955826
P1, tp=1, ts=1, x0=813149273, x1=540211513
P2, tp=1, ts=1, x0=750808985
P3, tp=1, ts=1, x0=210400692
P1, tp=1, ts=1, x0=494963617, x1=494963617
P0, tp=1, ts=1, x0=531025210
P2, tp=1, ts=1, x0=540011444
P0, tp=1, ts=1, x0=140657797
P1, tp=1, ts=1, x0=440597854, x1=491488954
P2, tp=1, ts=1, x0=702966663
P3, tp=1, ts=1, x0=319143138
P1, tp=1, ts=1, x0=593991400, x1=914498573
P3, tp=1, ts=1, x0=14884036
P2, tp=1, ts=1, x0=14917224
P2, tp=1, ts=1, x0=499919615
P3, tp=1, ts=1, x0=759260157
P2, tp=1, ts=1, x0=714681178
P0, tp=1, ts=1, x0=82975439
P2, tp=1, ts=1, x0=497306715
P1, tp=1, ts=1, x0=290156642, x1=201955826
P3, tp=1, ts=1, x0=659936786
P0, tp=1, ts=1, x0=782747705
P0, tp=1, ts=1, x0=308775951
P2, tp=1, ts=1, x0=304424824
P0, tp=1, ts=1, x0=668751128
P3, tp=1, ts=1, x0=714681178
P1, tp=1, ts=1, x0=900919027, x1=77867102
P3, tp=1, ts=1, x0=977132019
P0, tp=1, ts=1, x0=448781608
P2, tp=1, ts=1, x0=497306715
P0, tp=1, ts=1, x0=813149273
P0, tp=1, ts=1, x0=540011444
P1, tp=1, ts=1, x0=77867102, x1=344296220
P2, tp=1, ts=1, x0=206233341
P0, tp=1, ts=1, x0=742926597
P2, tp=1, ts=1, x0=299037955
P3, tp=1, ts=1, x0=497306715
P1, tp=1, ts=1, x0=750808985, x1=319143138
P1, tp=1, ts=1, x0=299037955, x1=201955826
P2, tp=1, ts=1, x0=884519888
P1, tp=1, ts=1, x0=757829496, x1=234108216
P3, tp=1, ts=1, x0=802859921
P3, tp=1, ts=1, x0=369252188
P1, tp=1, ts=1, x0=813149273, x1=234108216
P0, tp=1, ts=1, x0=714681178
P2, tp=1, ts=1, x0=143641863
P3, tp=1, ts=1, x0=804290433
P1, tp=1, ts=1, x0=835151261, x1=919358086
P0, tp=1, ts=1, x0=35347792
P1, tp=1, ts=1, x0=914498573, x1=518614260
P3, tp=1, ts=1, x0=35347792
P2, tp=1, ts=1, x0=14917224
P1, tp=1, ts=1, x0=516765512, x1=94191527
P1, tp=1, ts=1, x0=804290433, x1=213970894
P2, tp=1, ts=1, x0=378028440
P3, tp=1, ts=1, x0=635321484
P0, tp=1, ts=1, x0=802859921
P0, tp=1, ts=1, x0=688675544
P0, tp=1, ts=1, x0=548803266
P2, tp=1, ts=1, x0=900919027
P0, tp=1, ts=1, x0=918172626
P2, tp=1, ts=1, x0=802859921
P2, tp=1, ts=1, x0=742926597
P3, tp=1, ts=1, x0=919358086
P3, tp=1, ts=1, x0=378028440
P3, tp=1, ts=1, x0=210400692
P2, tp=1, ts=1, x0=290156642
P1, tp=1, ts=1, x0=277349066, x1=836524570
P3, tp=1, ts=1, x0=201955826
P0, tp=1, ts=1, x0=354584926
P0, tp=1, ts=1, x0=590015275
P1, tp=1, ts=1, x0=493942240, x1=660157434
P2, tp=1, ts=1, x0=900919027
P1, tp=1, ts=1, x0=804290433, x1=14884036
P3, tp=1, ts=1, x0=143641863
P0, tp=1, ts=1, x0=813149273
P3, tp=1, ts=1, x0=660157434
P0, tp=1, ts=1, x0=574663892
P1, tp=1, ts=1, x0=647888196, x1=593991400
P3, tp=1, ts=1, x0=77867102
P2, tp=1, ts=1, x0=700653903
P1, tp=1, ts=1, x0=655924144, x1=750808985
P1, tp=1, ts=1, x0=143641863, x1=367082317
P2, tp=1, ts=1, x0=447033727
P2, tp=1, ts=1, x0=518614260
P3, tp=1, ts=1, x0=290156642
P3, tp=1, ts=1, x0=494963617
P3, tp=1, ts=1, x0=593991400
P0, tp=1, ts=1, x0=750808985
P2, tp=1, ts=1, x0=354584926
P1, tp=1, ts=1, x0=782645084, x1=593991400
P3, tp=1, ts=1, x0=229332431
P2, tp=1, ts=1, x0=709611043
P2, tp=1, ts=1, x0=737848724
P3, tp=1, ts=1, x0=647888196
P2, tp=1, ts=1, x0=277349066
P2, tp=1, ts=1, x0=737848724
P3, tp=1, ts=1, x0=705587761
P3, tp=1, ts=1, x0=62773738
P0, tp=1, ts=1, x0=319143138
P0, tp=1, ts=1, x0=378028440
P2, tp=1, ts=1, x0=229332431
P1, tp=1, ts=1, x0=660157434, x1=368303704
P1, tp=1, ts=1, x0=822425566, x1=447033727
P1, tp=1, ts=1, x0=494963617, x1=17208794
P0, tp=1, ts=1, x0=700653903
P3, tp=1, ts=1, x0=518614260
P2, tp=1, ts=1, x0=976062358
P2, tp=1, ts=1, x0=229332431
P0, tp=1, ts=1, x0=229332431
P0, tp=1, ts=1, x0=918172626
P0, tp=1, ts=1, x0=499919615
P3, tp=1, ts=1, x0=742997661
P3, tp=1, ts=1, x0=207965030
P0, tp=1, ts=1, x0=432227463
P1, tp=1, ts=1, x0=56996216, x1=368303704
P1, tp=1, ts=1, x0=143641863, x1=290156642
P0, tp=1, ts=1, x0=709611043
P3, tp=1, ts=1, x0=702966663
P0, tp=1, ts=1, x0=249717375
P1, tp=1, ts=1, x0=77867102, x1=590015275
P2, tp=1, ts=1, x0=918172626
P1, tp=1, ts=1, x0=677028439, x1=82975439
P3, tp=1, ts=1, x0=516765512
P3, tp=1, ts=1, x0=816192593
P1, tp=1, ts=1, x0=953979760, x1=319143138
P2, tp=1, ts=1, x0=816192593
P3, tp=1, ts=1, x0=688675544
P0, tp=1, ts=1, x0=344296220
P2, tp=1, ts=1, x0=802859921
P1, tp=1, ts=1, x0=493942240, x1=234108216
P3, tp=1, ts=1, x0=14917224
P0, tp=1, ts=1, x0=516765512
P1, tp=1, ts=1, x0=201955826, x1=737848724
P0, tp=1, ts=1, x0=782747705
P0, tp=1, ts=1, x0=540211513
P1, tp=1, ts=1, x0=449778620, x1=213970894
P2, tp=1, ts=1, x0=531025210
P0, tp=1, ts=1, x0=308775951
P1, tp=1, ts=1, x0=518614260, x1=229332431
P0, tp=1, ts=1, x0=518614260
P2, tp=1, ts=1, x0=229332431
P0, tp=1, ts=1, x0=750808985
P3, tp=1, ts=1, x0=229332431
P3, tp=1, ts=1, x0=551695068
P0, tp=1, ts=1, x0=548803266
P2, tp=1, ts=1, x0=448781608
P0, tp=1, ts=1, x0=918172626
P3, tp=1, ts=1, x0=619094323
P2, tp=1, ts=1, x0=277349066
P0, tp=1, ts=1, x0=914498573
P1, tp=1, ts=1, x0=750808985, x1=677028439
P2, tp=1, ts=1, x0=836524570
P3, tp=1, ts=1, x0=977132019
P0, tp=1, ts=1, x0=82975439
P2, tp=1, ts=1, x0=914498573
P2, tp=1, ts=1, x0=516765512
P3, tp=1, ts=1, x0=489159876
P1, tp=1, ts=1, x0=77867102, x1=442194634
P1, tp=1, ts=1, x0=499919615, x1=449134977
P2, tp=1, ts=1, x0=140657797
P2, tp=1, ts=1, x0=590015275
P1, tp=1, ts=1, x0=288896971, x1=483212117
P1, tp=1, ts=1, x0=448781608, x1=35347792
P3, tp=1, ts=1, x0=442194634
P3, tp=1, ts=1, x0=17208794
P0, tp=1, ts=1, x0=714681178
P0, tp=1, ts=1, x0=35347792
P0, tp=1, ts=1, x0=242232605
P2, tp=1, ts=1, x0=647888196
P3, tp=1, ts=1, x0=499919615
P2, tp=1, ts=1, x0=448781608
P2, tp=1, ts=1, x0=668751128
P0, tp=1, ts=1, x0=206233341
P1, tp=1, ts=1, x0=574663892, x1=14884036
P3, tp=1, ts=1, x0=659936786
P0, tp=1, ts=1, x0=742997661
P1, tp=1, ts=1, x0=816192593, x1=447033727
P1, tp=1, ts=1, x0=660157434, x1=218354708
P3, tp=1, ts=1, x0=288896971
P3, tp=1, ts=1, x0=560240386
P3, tp=1, ts=1, x0=521237446
P2, tp=1, ts=1, x0=213970894
P3, tp=1, ts=1, x0=521237446
P2, tp=1, ts=1, x0=447033727
P1, tp=1, ts=1, x0=554701366, x1=304424824
P3, tp=1, ts=1, x0=483212117
P2, tp=1, ts=1, x0=17208794
P0, tp=1, ts=1, x0=802859921
P0, tp=1, ts=1, x0=447033727
P0, tp=1, ts=1, x0=750970743
P3, tp=1, ts=1, x0=836524570
P2, tp=1, ts=1, x0=152670433
P2, tp=1, ts=1, x0=688675544
P3, tp=1, ts=1, x0=531025210
P0, tp=1, ts=1, x0=375036726
P3, tp=1, ts=1, x0=14884036
P1, tp=1, ts=1, x0=35347792, x1=809014425
P3, tp=1, ts=1, x0=82975439
P2, tp=1, ts=1, x0=684864064
P1, tp=1, ts=1, x0=249717375, x1=35347792
P1, tp=1, ts=1, x0=822425566, x1=218354708
P3, tp=1, ts=1, x0=759260157
P3, tp=1, ts=1, x0=56996216
P2, tp=1, ts=1, x0=369252188
P1, tp=1, ts=1, x0=77867102, x1=876487336
P3, tp=1, ts=1, x0=914498573
P0, tp=1, ts=1, x0=17208794
P0, tp=1, ts=1, x0=56996216
P2, tp=1, ts=1, x0=449134977
P0, tp=1, ts=1, x0=201955826
P3, tp=1, ts=1, x0=23764225
P3, tp=1, ts=1, x0=449967910
P2, tp=1, ts=1, x0=213970894
P2, tp=1, ts=1, x0=876487336
P2, tp=1, ts=1, x0=919358086
P0, tp=1, ts=1, x0=919358086
P1, tp=1, ts=1, x0=750808985, x1=737848724
P2, tp=1, ts=1, x0=465832210
P0, tp=1, ts=1, x0=229602374
P3, tp=1, ts=1, x0=742997661
P1, tp=1, ts=1, x0=133795120, x1=57919239
P1, tp=1, ts=1, x0=660157434, x1=300874371
P1, tp=1, ts=1, x0=465832210, x1=590015275
P0, tp=1, ts=1, x0=499919615
P3, tp=1, ts=1, x0=435941031
P0, tp=1, ts=1, x0=560240386
P1, tp=1, ts=1, x0=210400692, x1=677028439
P0, tp=1, ts=1, x0=493942240
P1, tp=1, ts=1, x0=688675544, x1=82975439
P0, tp=1, ts=1, x0=884519888
P2, tp=1, ts=1, x0=591324785
P2, tp=1, ts=1, x0=668751128
P3, tp=1, ts=1, x0=218354708
P1, tp=1, ts=1, x0=914498573, x1=62773738
P0, tp=1, ts=1, x0=35347792
P1, tp=1, ts=1, x0=635321484, x1=213970894
P0, tp=1, ts=1, x0=688675544
P1, tp=1, ts=1, x0=932777661, x1=201955826
P1, tp=1, ts=1, x0=516765512, x1=432227463
P2, tp=1, ts=1, x0=750808985
P3, tp=1, ts=1, x0=700653903
P3, tp=1, ts=1, x0=239298198
P0, tp=1, ts=1, x0=914498573
P1, tp=1, ts=1, x0=299037955, x1=591324785
P2, tp=1, ts=1, x0=737848724
P3, tp=1, ts=1, x0=206233341
P3, tp=1, ts=1, x0=540211513
P3, tp=1, ts=1, x0=655924144
P0, tp=1, ts=1, x0=750970743
P0, tp=1, ts=1, x0=688675544
P3, tp=1, ts=1, x0=425279847
P3, tp=1, ts=1, x0=432227463
P2, tp=1, ts=1, x0=94191527
P0, tp=1, ts=1, x0=210400692
P1, tp=1, ts=1, x0=483212117, x1=521237446
P1, tp=1, ts=1, x0=308775951, x1=516765512
P2, tp=1, ts=1, x0=152670433
P0, tp=1, ts=1, x0=350135839
P0, tp=1, ts=1, x0=206233341
P2, tp=1, ts=1, x0=499520769
P3, tp=1, ts=1, x0=350135839
P1, tp=1, ts=1, x0=914498573, x1=759260157
P3, tp=1, ts=1, x0=201955826
P3, tp=1, ts=1, x0=688675544
P0, tp=1, ts=1, x0=782645084
P3, tp=1, ts=1, x0=35347792
P2, tp=1, ts=1, x0=229602374
P1, tp=1, ts=1, x0=531025210, x1=425279847
P0, tp=1, ts=1, x0=835151261
P1, tp=1, ts=1, x0=350135839, x1=822425566
P0, tp=1, ts=1, x0=152670433
P1, tp=1, ts=1, x0=449134977, x1=953979760
P0, tp=1, ts=1, x0=813149273
P3, tp=1, ts=1, x0=531025210
P3, tp=1, ts=1, x0=249717375
P3, tp=1, ts=1, x0=560240386
P0, tp=1, ts=1, x0=590015275
P2, tp=1, ts=1, x0=133795120
P1, tp=1, ts=1, x0=884519888, x1=152670433
P2, tp=1, ts=1, x0=827064897
P3, tp=1, ts=1, x0=953979760
P2, tp=1, ts=1, x0=499520769
P0, tp=1, ts=1, x0=425279847
P0, tp=1, ts=1, x0=35347792
P2, tp=1, ts=1, x0=876487336
P3, tp=1, ts=1, x0=809014425
P3, tp=1, ts=1, x0=511362766
P2, tp=1, ts=1, x0=750808985
P1, tp=1, ts=1, x0=591324785, x1=555530616
P2, tp=1, ts=1, x0=590015275
P2, tp=1, ts=1, x0=516765512
P0, tp=1, ts=1, x0=299037955
P2, tp=1, ts=1, x0=238575907
P0, tp=1, ts=1, x0=442194634
P1, tp=1, ts=1, x0=660157434, x1=560240386
P3, tp=1, ts=1, x0=17208794
P1, tp=1, ts=1, x0=782747705, x1=590015275
P0, tp=1, ts=1, x0=499520769
P2, tp=1, ts=1, x0=489159876
P1, tp=1, ts=1, x0=447033727, x1=350135839
P2, tp=1, ts=1, x0=914498573
P0, tp=1, ts=1, x0=835151261
P1, tp=1, ts=1, x0=449778620, x1=593991400
P3, tp=1, ts=1, x0=677028439
P2, tp=1, ts=1, x0=43353433
P1, tp=1, ts=1, x0=976062358, x1=14884036
P3, tp=1, ts=1, x0=554701366
P1, tp=1, ts=1, x0=94191527, x1=524049753
P0, tp=1, ts=1, x0=813149273
P1, tp=1, ts=1, x0=494963617, x1=516765512
P0, tp=1, ts=1, x0=382459427
P3, tp=1, ts=1, x0=788343862
P0, tp=1, ts=1, x0=14884036
P1, tp=1, ts=1, x0=359782881, x1=560240386
P1, tp=1, ts=1, x0=521237446, x1=207965030
P2, tp=1, ts=1, x0=548803266
P1, tp=1, ts=1, x0=300874371, x1=836524570
P2, tp=1, ts=1, x0=677028439
P0, tp=1, ts=1, x0=299037955
P0, tp=1, ts=1, x0=206233341
P0, tp=1, ts=1, x0=23764225
P2, tp=1, ts=1, x0=836524570
P0, tp=1, ts=1, x0=659936786
P0, tp=1, ts=1, x0=369252188
P0, tp=1, ts=1, x0=521237446
P2, tp=1, ts=1, x0=782645084
P1, tp=1, ts=1, x0=782747705, x1=300874371
P2, tp=1, ts=1, x0=229602374
P1, tp=1, ts=1, x0=742997661, x1=449967910
P2, tp=1, ts=1, x0=818013939
P2, tp=1, ts=1, x0=555530616
P0, tp=1, ts=1, x0=800505611
P3, tp=1, ts=1, x0=359782881
P0, tp=1, ts=1, x0=677028439
P0, tp=1, ts=1, x0=700653903
P3, tp=1, ts=1, x0=591324785
P1, tp=1, ts=1, x0=249717375, x1=62773738
P3, tp=1, ts=1, x0=976062358
P0, tp=1, ts=1, x0=524049753
P2, tp=1, ts=1, x0=677028439
P3, tp=1, ts=1, x0=442194634
P0, tp=1, ts=1, x0=210400692
P3, tp=1, ts=1, x0=800699294
P0, tp=1, ts=1, x0=948624636
P1, tp=1, ts=1, x0=354985508, x1=816192593
P0, tp=1, ts=1, x0=782747705
P2, tp=1, ts=1, x0=688675544
P1, tp=1, ts=1, x0=350135839, x1=524049753
P3, tp=1, ts=1, x0=299037955
P3, tp=1, ts=1, x0=702966663
P1, tp=1, ts=1, x0=443552734, x1=688675544
P2, tp=1, ts=1, x0=17781403
P1, tp=1, ts=1, x0=554701366, x1=354584926
P1, tp=1, ts=1, x0=714681178, x1=443552734
P2, tp=1, ts=1, x0=249717375
P2, tp=1, ts=1, x0=677028439
P2, tp=1, ts=1, x0=218354708
P1, tp=1, ts=1, x0=17208794, x1=531025210
P2, tp=1, ts=1, x0=207965030
P1, tp=1, ts=1, x0=976062358, x1=239298198
P2, tp=1, ts=1, x0=782747705
P1, tp=1, ts=1, x0=14884036, x1=782645084
P0, tp=1, ts=1, x0=375036726
P0, tp=1, ts=1, x0=300874371
P0, tp=1, ts=1, x0=788343862
P3, tp=1, ts=1, x0=449778620
P3, tp=1, ts=1, x0=58472454
P3, tp=1, ts=1, x0=443552734
P0, tp=1, ts=1, x0=555530616
P3, tp=1, ts=1, x0=809014425
P3, tp=1, ts=1, x0=35347792
P3, tp=1, ts=1, x0=432227463
P2, tp=1, ts=1, x0=521237446
P2, tp=1, ts=1, x0=382459427
P1, tp=1, ts=1, x0=660157434, x1=836524570
P2, tp=1, ts=1, x0=375036726
P0, tp=1, ts=1, x0=319143138
P1, tp=1, ts=1, x0=447033727, x1=288896971
P0, tp=1, ts=1, x0=238575907
P0, tp=1, ts=1, x0=210400692
P1, tp=1, ts=1, x0=249717375, x1=822425566
P2, tp=1, ts=1, x0=435941031
P0, tp=1, ts=1, x0=218354708
P0, tp=1, ts=1, x0=229602374
P3, tp=1, ts=1, x0=449778620
P3, tp=1, ts=1, x0=57919239
P1, tp=1, ts=1, x0=17781403, x1=313000855
P1, tp=2, ts=2, x0=14917224, x1=354584926
P3, tp=2, ts=2, x0=715723205
P2, tp=2, ts=2, x0=229332431
P2, tp=2, ts=2, x0=14917224
P0, tp=2, ts=2, x0=499520769
P1, tp=2, ts=2, x0=741556772, x1=948624636
P1, tp=2, ts=2, x0=518614260, x1=153064521
P2, tp=2, ts=2, x0=813149273
P0, tp=2, ts=2, x0=369252188
P1, tp=2, ts=2, x0=688675544, x1=304424824
P0, tp=2, ts=2, x0=290156642
P3, tp=2, ts=2, x0=23764225
P3, tp=2, ts=2, x0=750970743
P3, tp=2, ts=2, x0=976062358
P1, tp=2, ts=2, x0=836524570, x1=511362766
P1, tp=2, ts=2, x0=354584926, x1=554701366
P1, tp=2, ts=2, x0=684864064, x1=447033727
P1, tp=2, ts=2, x0=425279847, x1=677028439
P0, tp=2, ts=2, x0=382459427
P3, tp=2, ts=2, x0=702966663
P1, tp=2, ts=2, x0=290156642, x1=700653903
P3, tp=2, ts=2, x0=35347792
P1, tp=2, ts=2, x0=655924144, x1=435941031
P1, tp=2, ts=2, x0=835151261, x1=827064897
P3, tp=2, ts=2, x0=800699294
P2, tp=2, ts=2, x0=702966663
P1, tp=2, ts=2, x0=449778620, x1=928016206
P3, tp=2, ts=2, x0=242232605
P3, tp=2, ts=2, x0=43353433
P0, tp=2, ts=2, x0=319143138
P2, tp=2, ts=2, x0=876487336
P0, tp=2, ts=2, x0=835151261
P3, tp=2, ts=2, x0=425279847
P0, tp=2, ts=2, x0=531025210
P0, tp=2, ts=2, x0=918172626
P1, tp=2, ts=2, x0=206233341, x1=313000855
P2, tp=2, ts=2, x0=14917224
P0, tp=2, ts=2, x0=28123380
P3, tp=2, ts=2, x0=800505611
P1, tp=2, ts=2, x0=354985508, x1=359782881
P0, tp=2, ts=2, x0=976062358
P0, tp=2, ts=2, x0=884519888
P0, tp=2, ts=2, x0=928016206
P0, tp=2, ts=2, x0=94191527
P0, tp=2, ts=2, x0=555530616
P1, tp=2, ts=2, x0=705587761, x1=818013939
P2, tp=2, ts=2, x0=813149273
P0, tp=2, ts=2, x0=14884036
P0, tp=2, ts=2, x0=750808985
P3, tp=2, ts=2, x0=17208794
P0, tp=2, ts=2, x0=518614260
P2, tp=2, ts=2, x0=818013939
P3, tp=2, ts=2, x0=788343862
P1, tp=2, ts=2, x0=300874371, x1=483212117
P2, tp=2, ts=2, x0=591324785
P3, tp=2, ts=2, x0=494963617
P3, tp=2, ts=2, x0=836524570
P0, tp=2, ts=2, x0=304424824
P0, tp=2, ts=2, x0=809014425
P2, tp=2, ts=2, x0=782645084
P2, tp=2, ts=2, x0=818013939
P3, tp=2, ts=2, x0=369252188
P3, tp=2, ts=2, x0=313000855
P3, tp=2, ts=2, x0=876487336
P3, tp=2, ts=2, x0=485435588
P3, tp=2, ts=2, x0=660157434
P2, tp=2, ts=2, x0=813149273
P1, tp=2, ts=2, x0=313000855, x1=94191527
P0, tp=2, ts=2, x0=876487336
P3, tp=2, ts=2, x0=758722199
P2, tp=2, ts=2, x0=884519888
P1, tp=2, ts=2, x0=928016206, x1=782645084
P2, tp=2, ts=2, x0=548803266
P3, tp=2, ts=2, x0=715723205
P0, tp=2, ts=2, x0=928016206
P0, tp=2, ts=2, x0=292801224
P0, tp=2, ts=2, x0=483212117
P2, tp=2, ts=2, x0=218354708
P1, tp=2, ts=2, x0=782645084, x1=660157434
P2, tp=2, ts=2, x0=494963617
P2, tp=2, ts=2, x0=304424824
P1, tp=2, ts=2, x0=369252188, x1=485435588
P1, tp=2, ts=2, x0=688675544, x1=443552734
P3, tp=2, ts=2, x0=153064521
P3, tp=2, ts=2, x0=884519888
P2, tp=2, ts=2, x0=359782881
P2, tp=2, ts=2, x0=700653903
P1, tp=2, ts=2, x0=419963345, x1=827064897
P0, tp=2, ts=2, x0=206233341
P2, tp=2, ts=2, x0=876487336
P1, tp=2, ts=2, x0=560240386, x1=447033727
P0, tp=2, ts=2, x0=642123235
P1, tp=2, ts=2, x0=432227463, x1=836524570
P1, tp=2, ts=2, x0=835151261, x1=547689030
P2, tp=2, ts=2, x0=660157434
P3, tp=2, ts=2, x0=702966663
P3, tp=2, ts=2, x0=809014425
P1, tp=2, ts=2, x0=94191527, x1=704032238
P0, tp=2, ts=2, x0=782645084
P1, tp=2, ts=2, x0=43353433, x1=449778620
P1, tp=2, ts=2, x0=809014425, x1=688675544
P0, tp=2, ts=2, x0=43353433
P0, tp=2, ts=2, x0=87348678
P2, tp=2, ts=2, x0=249717375
P1, tp=2, ts=2, x0=928016206, x1=229332431
P2, tp=2, ts=2, x0=23764225
P1, tp=2, ts=2, x0=449778620, x1=702966663
P3, tp=2, ts=2, x0=239298198
P2, tp=2, ts=2, x0=242232605
P1, tp=2, ts=2, x0=419963345, x1=483212117
P2, tp=2, ts=2, x0=593991400
P1, tp=2, ts=2, x0=782747705, x1=242232605
P3, tp=2, ts=2, x0=494963617
P2, tp=2, ts=2, x0=876487336
P0, tp=2, ts=2, x0=449967910
P0, tp=2, ts=2, x0=800699294
P2, tp=2, ts=2, x0=304424824
P2, tp=2, ts=2, x0=443552734
P1, tp=2, ts=2, x0=750808985, x1=704032238
P0, tp=2, ts=2, x0=818013939
P1, tp=2, ts=2, x0=485435588, x1=201955826
P0, tp=2, ts=2, x0=560240386
P0, tp=2, ts=2, x0=133795120
P3, tp=2, ts=2, x0=350135839
P3, tp=2, ts=2, x0=300874371
P1, tp=2, ts=2, x0=368303704, x1=555530616
P2, tp=2, ts=2, x0=642123235
P0, tp=2, ts=2, x0=593991400
P1, tp=2, ts=2, x0=431733222, x1=518614260
P1, tp=2, ts=2, x0=201955826, x1=702966663
P2, tp=2, ts=2, x0=494963617
P2, tp=2, ts=2, x0=431733222
P3, tp=2, ts=2, x0=750970743
P2, tp=2, ts=2, x0=750970743
P1, tp=2, ts=2, x0=822425566, x1=818013939
P0, tp=2, ts=2, x0=23764225
P3, tp=2, ts=2, x0=778896462
P3, tp=2, ts=2, x0=17781403
P2, tp=2, ts=2, x0=43353433
P0, tp=2, ts=2, x0=560240386
P0, tp=2, ts=2, x0=818013939
P2, tp=2, ts=2, x0=368303704
P3, tp=2, ts=2, x0=425279847
P3, tp=2, ts=2, x0=809014425
P1, tp=2, ts=2, x0=304424824, x1=292801224
P1, tp=2, ts=2, x0=210400692, x1=82975439
P3, tp=2, ts=2, x0=788343862
P3, tp=2, ts=2, x0=313000855
P0, tp=2, ts=2, x0=548803266
P2, tp=2, ts=2, x0=57919239
P3, tp=2, ts=2, x0=299037955
P2, tp=2, ts=2, x0=932777661
P0, tp=2, ts=2, x0=865139453
P1, tp=2, ts=2, x0=49970588, x1=443552734
P2, tp=2, ts=2, x0=435941031
P3, tp=2, ts=2, x0=345065294
P1, tp=2, ts=2, x0=397440397, x1=642123235
P2, tp=2, ts=2, x0=229602374
P0, tp=2, ts=2, x0=715723205
P1, tp=2, ts=2, x0=94191527, x1=304424824
P0, tp=2, ts=2, x0=813149273
P2, tp=2, ts=2, x0=218354708
P1, tp=2, ts=2, x0=758722199, x1=207965030
P1, tp=2, ts=2, x0=593991400, x1=43353433
P0, tp=2, ts=2, x0=531025210
P0, tp=2, ts=2, x0=800699294
P2, tp=2, ts=2, x0=139763056
P1, tp=2, ts=2, x0=554701366, x1=57919239
P2, tp=2, ts=2, x0=14917224
P1, tp=2, ts=2, x0=590015275, x1=750808985
P0, tp=2, ts=2, x0=431733222
P3, tp=2, ts=2, x0=425279847
P1, tp=2, ts=2, x0=548803266, x1=591324785
P0, tp=2, ts=2, x0=447033727
P2, tp=2, ts=2, x0=511362766
P0, tp=2, ts=2, x0=548733297
P1, tp=2, ts=2, x0=800699294, x1=432227463
P1, tp=2, ts=2, x0=229332431, x1=14917224
P1, tp=2, ts=2, x0=304424824, x1=43353433
P3, tp=2, ts=2, x0=684864064
P0, tp=2, ts=2, x0=750808985
P0, tp=2, ts=2, x0=758722199
P2, tp=2, ts=2, x0=511362766
P0, tp=2, ts=2, x0=447033727
P2, tp=2, ts=2, x0=14917224
P1, tp=2, ts=2, x0=449778620, x1=554701366
P1, tp=2, ts=2, x0=750808985, x1=57919239
P2, tp=2, ts=2, x0=876487336
P3, tp=2, ts=2, x0=932777661
P3, tp=2, ts=2, x0=201955826
P1, tp=2, ts=2, x0=375767226, x1=948624636
P1, tp=2, ts=2, x0=524049753, x1=14917224
P3, tp=2, ts=2, x0=591324785
P0, tp=2, ts=2, x0=91484462
P3, tp=2, ts=2, x0=750970743
P3, tp=2, ts=2, x0=419963345
P1, tp=2, ts=2, x0=788343862, x1=359782881
P3, tp=2, ts=2, x0=390831443
P0, tp=2, ts=2, x0=292801224
P2, tp=2, ts=2, x0=782645084
P1, tp=2, ts=2, x0=642123235, x1=153064521
P1, tp=2, ts=2, x0=865139453, x1=520025109
P3, tp=2, ts=2, x0=443552734
P2, tp=2, ts=2, x0=425279847
P1, tp=2, ts=2, x0=543174093, x1=642123235
P1, tp=2, ts=2, x0=788343862, x1=428400477
P1, tp=2, ts=2, x0=419963345, x1=425279847
P3, tp=2, ts=2, x0=218354708
P1, tp=2, ts=2, x0=684864064, x1=153064521
P3, tp=2, ts=2, x0=58472454
P3, tp=2, ts=2, x0=593991400
P3, tp=2, ts=2, x0=229332431
P0, tp=2, ts=2, x0=299037955
P2, tp=2, ts=2, x0=242232605
P1, tp=2, ts=2, x0=122211783, x1=43353433
P2, tp=2, ts=2, x0=425279847
P0, tp=2, ts=2, x0=863936397
P1, tp=2, ts=2, x0=932777661, x1=229602374
P3, tp=2, ts=2, x0=397440397
P1, tp=2, ts=2, x0=543931490, x1=28123380
P2, tp=2, ts=2, x0=57919239
P1, tp=2, ts=2, x0=642123235, x1=642123235
P2, tp=2, ts=2, x0=17781403
P1, tp=2, ts=2, x0=359782881, x1=932777661
P1, tp=2, ts=2, x0=336182131, x1=205508342
P1, tp=2, ts=2, x0=750808985, x1=58472454
P1, tp=2, ts=2, x0=520025109, x1=788343862
P3, tp=2, ts=2, x0=375767226
P2, tp=2, ts=2, x0=591324785
P0, tp=2, ts=2, x0=704032238
P1, tp=2, ts=2, x0=670058263, x1=788343862
P1, tp=2, ts=2, x0=242232605, x1=431733222
P3, tp=2, ts=2, x0=300874371
P2, tp=2, ts=2, x0=580594376
P3, tp=2, ts=2, x0=704032238
P2, tp=2, ts=2, x0=238575907
P0, tp=2, ts=2, x0=715723205
P3, tp=2, ts=2, x0=750808985
P2, tp=2, ts=2, x0=928016206
P0, tp=2, ts=2, x0=443552734
P1, tp=2, ts=2, x0=485435588, x1=670058263
P3, tp=2, ts=2, x0=28123380
P2, tp=2, ts=2, x0=750970743
P1, tp=2, ts=2, x0=863936397, x1=689395199
P2, tp=2, ts=2, x0=14917224
P1, tp=2, ts=2, x0=813149273, x1=548803266
P2, tp=2, ts=2, x0=778896462
P3, tp=2, ts=2, x0=485982654
P1, tp=2, ts=2, x0=218354708, x1=419963345
P3, tp=2, ts=2, x0=375036726
P1, tp=2, ts=2, x0=580594376, x1=511362766
P1, tp=2, ts=2, x0=229332431, x1=179241364
P0, tp=2, ts=2, x0=390831443
P2, tp=2, ts=2, x0=447033727
P2, tp=2, ts=2, x0=782645084
P3, tp=2, ts=2, x0=50340100
P1, tp=2, ts=2, x0=684864064, x1=299037955
P1, tp=2, ts=2, x0=547689030, x1=229602374
P3, tp=2, ts=2, x0=816192593
P0, tp=2, ts=2, x0=9009958
P2, tp=2, ts=2, x0=715723205
P3, tp=2, ts=2, x0=287234369
P3, tp=2, ts=2, x0=139763056
P0, tp=2, ts=2, x0=809014425
P2, tp=2, ts=2, x0=91484462
P3, tp=2, ts=2, x0=133795120
P2, tp=2, ts=2, x0=205508342
P2, tp=2, ts=2, x0=304424824
P3, tp=2, ts=2, x0=778896462
P3, tp=2, ts=2, x0=865139453
P1, tp=2, ts=2, x0=286136032, x1=900700466
P1, tp=2, ts=2, x0=179241364, x1=229602374
P1, tp=2, ts=2, x0=485435588, x1=511362766
P1, tp=2, ts=2, x0=313000855, x1=375767226
P1, tp=2, ts=2, x0=350135839, x1=353081573
P0, tp=2, ts=2, x0=17781403
P3, tp=2, ts=2, x0=122211783
P1, tp=2, ts=2, x0=304455931, x1=723499295
P0, tp=2, ts=2, x0=560240386
P2, tp=2, ts=2, x0=876487336
P1, tp=2, ts=2, x0=229602374, x1=359782881
P3, tp=2, ts=2, x0=511362766
P1, tp=2, ts=2, x0=375036726, x1=249717375
P1, tp=2, ts=2, x0=87348678, x1=431733222
P0, tp=2, ts=2, x0=531025210
P2, tp=2, ts=2, x0=521237446
P0, tp=2, ts=2, x0=816192593
P3, tp=2, ts=2, x0=179241364
P2, tp=2, ts=2, x0=750970743
P0, tp=2, ts=2, x0=827064897
P3, tp=2, ts=2, x0=670058263
P3, tp=2, ts=2, x0=425279847
P0, tp=2, ts=2, x0=299037955
P3, tp=2, ts=2, x0=865139453
P3, tp=2, ts=2, x0=555530616
P0, tp=2, ts=2, x0=725883183
P2, tp=2, ts=2, x0=353081573
P0, tp=2, ts=2, x0=865139453
P1, tp=2, ts=2, x0=43353433, x1=715723205
P3, tp=2, ts=2, x0=17781403
P3, tp=2, ts=2, x0=580594376
P1, tp=2, ts=2, x0=822425566, x1=58472454
P1, tp=2, ts=2, x0=57919239, x1=242232605
P3, tp=2, ts=2, x0=276056805
P1, tp=2, ts=2, x0=49970588, x1=442194634
P0, tp=2, ts=2, x0=103883434
P2, tp=2, ts=2, x0=788343862
P3, tp=2, ts=2, x0=304424824
P0, tp=2, ts=2, x0=307747609
P2, tp=2, ts=2, x0=58472454
P2, tp=2, ts=2, x0=511362766
P2, tp=2, ts=2, x0=689395199
P1, tp=2, ts=2, x0=560240386, x1=591812553
P3, tp=2, ts=2, x0=336182131
P2, tp=2, ts=2, x0=201955826
P3, tp=2, ts=2, x0=800505611
P0, tp=2, ts=2, x0=721139557
P0, tp=2, ts=2, x0=428400477
P2, tp=2, ts=2, x0=704032238
P1, tp=2, ts=2, x0=239298198, x1=560240386
P1, tp=2, ts=2, x0=428400477, x1=242232605
P0, tp=2, ts=2, x0=41017260
P1, tp=2, ts=2, x0=57919239, x1=249717375
P3, tp=2, ts=2, x0=816192593
P2, tp=2, ts=2, x0=928016206
P2, tp=2, ts=2, x0=750808985
P3, tp=2, ts=2, x0=239298198
P1, tp=2, ts=2, x0=292801224, x1=153064521
P1, tp=2, ts=2, x0=239298198, x1=660157434
P0, tp=2, ts=2, x0=788343862
P2, tp=2, ts=2, x0=239298198
P2, tp=2, ts=2, x0=313000855
P2, tp=2, ts=2, x0=555530616
P3, tp=2, ts=2, x0=520025109
P1, tp=2, ts=2, x0=292801224, x1=816192593
P1, tp=2, ts=2, x0=443552734, x1=521237446
P2, tp=2, ts=2, x0=87348678
P2, tp=2, ts=2, x0=932777661
P0, tp=2, ts=2, x0=153064521
P3, tp=2, ts=2, x0=900700466
P2, tp=2, ts=2, x0=689395199
P0, tp=2, ts=2, x0=375767226
P0, tp=2, ts=2, x0=485982654
P2, tp=2, ts=2, x0=239298198
P2, tp=2, ts=2, x0=307747609
P3, tp=2, ts=2, x0=895050005
P3, tp=2, ts=2, x0=778896462
P1, tp=2, ts=2, x0=206233341, x1=288896971
P3, tp=2, ts=2, x0=304455931
P0, tp=2, ts=2, x0=442194634
P3, tp=2, ts=2, x0=758722199
P1, tp=2, ts=2, x0=696837071, x1=206233341
P2, tp=2, ts=2, x0=49970588
P1, tp=2, ts=2, x0=397440397, x1=560240386
P3, tp=2, ts=2, x0=304455931
P0, tp=2, ts=2, x0=390831443
P1, tp=2, ts=2, x0=560240386, x1=179241364
P2, tp=2, ts=2, x0=242232605
P3, tp=2, ts=2, x0=592114432
P3, tp=2, ts=2, x0=591324785
P0, tp=2, ts=2, x0=543931490
P3, tp=2, ts=2, x0=932777661
P1, tp=2, ts=2, x0=518614260, x1=158721549
P1, tp=2, ts=2, x0=476130386, x1=560240386
P0, tp=2, ts=2, x0=800699294
P2, tp=2, ts=2, x0=543931490
P0, tp=2, ts=2, x0=103883434
P2, tp=2, ts=2, x0=896337574
P1, tp=2, ts=2, x0=179241364, x1=428400477
P3, tp=2, ts=2, x0=660157434
P0, tp=2, ts=2, x0=715723205
P2, tp=2, ts=2, x0=425279847
P2, tp=2, ts=2, x0=935615518
P3, tp=2, ts=2, x0=238575907
P2, tp=2, ts=2, x0=359782881
P2, tp=2, ts=2, x0=358881560
P0, tp=2, ts=2, x0=300874371
P1, tp=2, ts=2, x0=449967910, x1=935615518
P1, tp=2, ts=2, x0=521237446, x1=591324785
P1, tp=2, ts=2, x0=239298198, x1=822425566
P3, tp=2, ts=2, x0=288896971
P3, tp=2, ts=2, x0=286136032
P1, tp=2, ts=2, x0=133795120, x1=17781403
P1, tp=2, ts=2, x0=689395199, x1=721139557
P3, tp=2, ts=2, x0=555530616
P2, tp=2, ts=2, x0=390831443
P0, tp=2, ts=2, x0=292801224
P0, tp=2, ts=2, x0=7269934
P1, tp=2, ts=2, x0=375767226, x1=231154087
P1, tp=2, ts=2, x0=288896971, x1=443552734
P3, tp=2, ts=2, x0=778896462
P1, tp=2, ts=2, x0=375036726, x1=345065294
P2, tp=2, ts=2, x0=358881560
P0, tp=2, ts=2, x0=122211783
P1, tp=2, ts=2, x0=358881560, x1=347227054
P0, tp=2, ts=2, x0=800505611
P1, tp=2, ts=2, x0=41017260, x1=890468341
P3, tp=2, ts=2, x0=91484462
P1, tp=2, ts=2, x0=300874371, x1=721139557
P2, tp=2, ts=2, x0=28123380
P0, tp=2, ts=2, x0=292801224
P2, tp=2, ts=2, x0=750970743
P2, tp=2, ts=2, x0=935615518
P1, tp=2, ts=2, x0=900700466, x1=896337574
P3, tp=2, ts=2, x0=696837071
P3, tp=2, ts=2, x0=670058263
P1, tp=2, ts=2, x0=827064897, x1=555530616
P0, tp=2, ts=2, x0=286136032
P0, tp=2, ts=2, x0=139763056
P3, tp=2, ts=2, x0=50340100
P0, tp=2, ts=2, x0=347227054
P1, tp=2, ts=2, x0=721139557, x1=948624636
P2, tp=2, ts=2, x0=443552734
P2, tp=2, ts=2, x0=547689030
P3, tp=2, ts=2, x0=592114432
P1, tp=2, ts=2, x0=345065294, x1=521237446
P2, tp=2, ts=2, x0=896337574
P1, tp=2, ts=2, x0=347227054, x1=543174093
P1, tp=2, ts=2, x0=419963345, x1=521237446
P3, tp=2, ts=2, x0=547689030
P2, tp=2, ts=2, x0=896337574
P1, tp=2, ts=2, x0=292801224, x1=122211783
P1, tp=2, ts=2, x0=696837071, x1=239298198
P1, tp=2, ts=2, x0=511362766, x1=560240386
P1, tp=2, ts=2, x0=390831443, x1=928016206
P0, tp=2, ts=2, x0=375036726
P2, tp=2, ts=2, x0=7269934
P1, tp=2, ts=2, x0=827064897, x1=689395199
P3, tp=2, ts=2, x0=890468341
P0, tp=2, ts=2, x0=231154087
P0, tp=2, ts=2, x0=276056805
P1, tp=2, ts=2, x0=375036726, x1=543174093
P2, tp=2, ts=2, x0=287234369
P2, tp=2, ts=2, x0=425279847
P3, tp=2, ts=2, x0=390831443
P0, tp=2, ts=2, x0=932777661
P3, tp=2, ts=2, x0=375036726
P1, tp=2, ts=2, x0=543931490, x1=50340100
P2, tp=2, ts=2, x0=788343862
P3, tp=2, ts=2, x0=276056805
P2, tp=2, ts=2, x0=442194634
P0, tp=2, ts=2, x0=276056805
P2, tp=2, ts=2, x0=800505611
P3, tp=2, ts=2, x0=543174093
P2, tp=2, ts=2, x0=876487336
P1, tp=2, ts=2, x0=758722199, x1=28123380
P0, tp=2, ts=2, x0=592114432
P0, tp=2, ts=2, x0=292801224
P1, tp=2, ts=2, x0=788343862, x1=286136032
P0, tp=2, ts=2, x0=758722199
P2, tp=2, ts=2, x0=425279847
P3, tp=2, ts=2, x0=17781403
P2, tp=2, ts=2, x0=390661313
P3, tp=2, ts=2, x0=57919239
P1, tp=2, ts=2, x0=345065294, x1=287234369
P3, tp=2, ts=2, x0=548733297
P2, tp=2, ts=2, x0=520025109
P2, tp=2, ts=2, x0=239298198
P0, tp=2, ts=2, x0=231154087
P1, tp=2, ts=2, x0=485435588, x1=865139453
P2, tp=2, ts=2, x0=9009958
P0, tp=2, ts=2, x0=122211783
P2, tp=2, ts=2, x0=91484462
P0, tp=2, ts=2, x0=591812553
P1, tp=2, ts=2, x0=231154087, x1=17781403
P3, tp=2, ts=2, x0=758722199
P1, tp=2, ts=2, x0=87348678, x1=981708921
P2, tp=2, ts=2, x0=91484462
P2, tp=2, ts=2, x0=43353433
P0, tp=2, ts=2, x0=876487336
P3, tp=2, ts=2, x0=973098385
P2, tp=2, ts=2, x0=778896462
P2, tp=2, ts=2, x0=122211783
P2, tp=2, ts=2, x0=560240386
P1, tp=2, ts=2, x0=28123380, x1=49970588
P2, tp=2, ts=2, x0=591324785
P1, tp=2, ts=2, x0=657525344, x1=666069912
P3, tp=2, ts=2, x0=158721549
P1, tp=2, ts=2, x0=122211783, x1=229602374
P2, tp=2, ts=2, x0=800699294
P1, tp=2, ts=2, x0=17781403, x1=830685839
P1, tp=2, ts=2, x0=948624636, x1=521237446
P2, tp=2, ts=2, x0=428400477
P3, tp=2, ts=2, x0=665794784
P3, tp=2, ts=2, x0=7269934
P3, tp=2, ts=2, x0=87348678
P2, tp=2, ts=2, x0=520025109
P0, tp=2, ts=2, x0=336182131
P1, tp=2, ts=2, x0=49970588, x1=895050005
P2, tp=2, ts=2, x0=555530616
P1, tp=2, ts=2, x0=28123380, x1=91484462
P3, tp=2, ts=2, x0=133795120
P2, tp=2, ts=2, x0=239298198
P2, tp=2, ts=2, x0=6245304
P0, tp=2, ts=2, x0=865139453
P0, tp=2, ts=2, x0=58472454
P3, tp=2, ts=2, x0=689395199
P3, tp=2, ts=2, x0=359782881
P0, tp=2, ts=2, x0=935615518
P0, tp=2, ts=2, x0=286136032
P2, tp=2, ts=2, x0=689934696
P2, tp=2, ts=2, x0=485982654
P3, tp=2, ts=2, x0=43353433
P1, tp=2, ts=2, x0=336182131, x1=863936397
P0, tp=2, ts=2, x0=865139453
P2, tp=2, ts=2, x0=179241364
P0, tp=2, ts=2, x0=122211783
P1, tp=2, ts=2, x0=865139453, x1=548733297
P0, tp=2, ts=2, x0=449967910
P0, tp=2, ts=2, x0=591324785
P3, tp=2, ts=2, x0=689934696
P3, tp=2, ts=2, x0=778896462
P0, tp=2, ts=2, x0=390661313
P1, tp=2, ts=2, x0=704032238, x1=345065294
P2, tp=2, ts=2, x0=139763056
P3, tp=2, ts=2, x0=304455931
P1, tp=2, ts=2, x0=548733297, x1=276056805
P0, tp=2, ts=2, x0=17781403
P3, tp=2, ts=2, x0=287234369
P2, tp=2, ts=2, x0=425279847
P1, tp=2, ts=2, x0=292801224, x1=800699294
P1, tp=2, ts=2, x0=57919239, x1=696837071
P3, tp=2, ts=2, x0=238575907
P1, tp=2, ts=2, x0=358881560, x1=876487336
P3, tp=2, ts=2, x0=895050005
P1, tp=2, ts=2, x0=665794784, x1=547689030
P2, tp=2, ts=2, x0=890468341
P1, tp=2, ts=2, x0=809014425, x1=636201402
P2, tp=2, ts=2, x0=153064521
P3, tp=2, ts=2, x0=17781403
P1, tp=2, ts=2, x0=657525344, x1=50340100
P3, tp=2, ts=2, x0=238575907
P0, tp=2, ts=2, x0=300874371
P2, tp=2, ts=2, x0=715723205
P3, tp=2, ts=2, x0=359782881
P3, tp=2, ts=2, x0=684864064
P1, tp=2, ts=2, x0=591324785, x1=9009958
P3, tp=2, ts=2, x0=375767226
P0, tp=2, ts=2, x0=642123235
P2, tp=2, ts=2, x0=948624636
P2, tp=2, ts=2, x0=164718677
P2, tp=2, ts=2, x0=359782881
P2, tp=2, ts=2, x0=520025109
P0, tp=2, ts=2, x0=17781403
P2, tp=2, ts=2, x0=696837071
P2, tp=2, ts=2, x0=495894241
P1, tp=2, ts=2, x0=239298198, x1=800505611
P0, tp=2, ts=2, x0=520025109
P2, tp=2, ts=2, x0=139763056
P2, tp=2, ts=2, x0=397440397
P1, tp=2, ts=2, x0=863936397, x1=392989320
P0, tp=2, ts=2, x0=476130386
P2, tp=2, ts=2, x0=9009958
P1, tp=2, ts=2, x0=948624636, x1=28123380
P0, tp=2, ts=2, x0=133795120
P2, tp=2, ts=2, x0=548733297
P0, tp=2, ts=2, x0=657525344
P0, tp=2, ts=2, x0=511362766
P1, tp=2, ts=2, x0=592114432, x1=696837071
P3, tp=2, ts=2, x0=670058263
P1, tp=2, ts=2, x0=896337574, x1=239298198
P2, tp=2, ts=2, x0=7269934
P1, tp=2, ts=2, x0=304455931, x1=758722199
P0, tp=2, ts=2, x0=932777661
P3, tp=2, ts=2, x0=973098385
P3, tp=2, ts=2, x0=725883183
P2, tp=2, ts=2, x0=41017260
P1, tp=2, ts=2, x0=543931490, x1=863936397
P0, tp=2, ts=2, x0=392989320
P0, tp=2, ts=2, x0=647786055
P3, tp=2, ts=2, x0=158721549
P2, tp=2, ts=2, x0=375767226
P1, tp=2, ts=2, x0=800699294, x1=495894241
P0, tp=2, ts=2, x0=495894241
P0, tp=2, ts=2, x0=7269934
P2, tp=2, ts=2, x0=307747609
P3, tp=2, ts=2, x0=276056805
P1, tp=2, ts=2, x0=392989320, x1=788343862
P3, tp=2, ts=2, x0=350135839
P1, tp=2, ts=2, x0=935615518, x1=114375686
P1, tp=2, ts=2, x0=358881560, x1=932777661
P1, tp=2, ts=2, x0=122211783, x1=300874371
P2, tp=2, ts=2, x0=239298198
P1, tp=2, ts=2, x0=642123235, x1=935615518
P1, tp=2, ts=2, x0=830685839, x1=6245304
P2, tp=2, ts=2, x0=336182131
P0, tp=2, ts=2, x0=114375686
P2, tp=2, ts=2, x0=9009958
P2, tp=2, ts=2, x0=689934696
P1, tp=2, ts=2, x0=800505611, x1=158721549
P3, tp=2, ts=2, x0=935615518
P3, tp=2, ts=2, x0=425279847
P3, tp=2, ts=2, x0=788343862
P1, tp=2, ts=2, x0=287234369, x1=973098385
P2, tp=2, ts=2, x0=57919239
P2, tp=2, ts=2, x0=704032238
P3, tp=2, ts=2, x0=830685839
P1, tp=2, ts=2, x0=231154087, x1=862126338
P2, tp=2, ts=2, x0=900700466
P2, tp=2, ts=2, x0=94793001
P0, tp=2, ts=2, x0=636201402
P3, tp=2, ts=2, x0=865139453
P1, tp=2, ts=2, x0=704032238, x1=696837071
P3, tp=2, ts=2, x0=757887469
P0, tp=2, ts=2, x0=543174093
P1, tp=2, ts=2, x0=409864920, x1=862126338
P3, tp=2, ts=2, x0=114375686
P2, tp=2, ts=2, x0=591812553
P3, tp=2, ts=2, x0=485982654
P3, tp=2, ts=2, x0=778896462
P3, tp=2, ts=2, x0=642123235
P0, tp=2, ts=2, x0=636201402
P0, tp=2, ts=2, x0=900700466
P0, tp=2, ts=2, x0=511362766
P3, tp=2, ts=2, x0=114375686
P1, tp=2, ts=2, x0=443552734, x1=428400477
P2, tp=2, ts=2, x0=5943
P0, tp=2, ts=2, x0=231154087
P3, tp=2, ts=2, x0=17781403
P3, tp=2, ts=2, x0=757887469
P1, tp=2, ts=2, x0=862126338, x1=390831443
P0, tp=2, ts=2, x0=91484462
P2, tp=2, ts=2, x0=830685839
P0, tp=2, ts=2, x0=647786055
P0, tp=2, ts=2, x0=359782881
P1, tp=2, ts=2, x0=928016206, x1=757887469
P1, tp=2, ts=2, x0=800505611, x1=179241364
P1, tp=2, ts=2, x0=865139453, x1=304455931
P3, tp=2, ts=2, x0=419963345
P2, tp=2, ts=2, x0=41017260
P3, tp=2, ts=2, x0=231154087
P2, tp=2, ts=2, x0=205508342
P3, tp=2, ts=2, x0=353081573
P3, tp=2, ts=2, x0=336182131
P0, tp=2, ts=2, x0=390661313
P0, tp=2, ts=2, x0=409864920
P0, tp=2, ts=2, x0=50340100
P2, tp=2, ts=2, x0=485982654
P0, tp=2, ts=2, x0=981708921
P3, tp=2, ts=2, x0=689934696
P2, tp=2, ts=2, x0=485435588
P2, tp=2, ts=2, x0=425279847
P2, tp=2, ts=2, x0=636201402
P3, tp=2, ts=2, x0=122211783
P3, tp=2, ts=2, x0=485982654
P3, tp=2, ts=2, x0=690945555
P3, tp=2, ts=2, x0=865139453
P1, tp=2, ts=2, x0=156465141, x1=122211783
P1, tp=2, ts=2, x0=139763056, x1=91484462
P2, tp=2, ts=2, x0=657525344
P0, tp=2, ts=2, x0=827064897
P0, tp=2, ts=2, x0=800699294
P0, tp=2, ts=2, x0=205508342
P3, tp=2, ts=2, x0=179241364
P1, tp=2, ts=2, x0=689934696, x1=28123380
P1, tp=2, ts=2, x0=41017260, x1=580594376
P3, tp=2, ts=2, x0=723499295
P3, tp=2, ts=2, x0=696837071
P0, tp=2, ts=2, x0=179241364
P3, tp=2, ts=2, x0=5943
P2, tp=2, ts=2, x0=696837071
P3, tp=2, ts=2, x0=336182131
P2, tp=2, ts=2, x0=900700466
P2, tp=2, ts=2, x0=358881560
P1, tp=2, ts=2, x0=511362766, x1=800505611
P3, tp=2, ts=2, x0=50340100
P2, tp=2, ts=2, x0=397440397
P2, tp=2, ts=2, x0=41017260
P1, tp=2, ts=2, x0=49970588, x1=179241364
P3, tp=2, ts=2, x0=149194555
P0, tp=2, ts=2, x0=751821882
P1, tp=2, ts=2, x0=103883434, x1=636201402
P2, tp=2, ts=2, x0=122211783
P3, tp=2, ts=2, x0=164718677
P1, tp=2, ts=2, x0=862126338, x1=359782881
P0, tp=2, ts=2, x0=390831443
P1, tp=2, ts=2, x0=91484462, x1=97101423
P0, tp=2, ts=2, x0=935615518
P3, tp=2, ts=2, x0=704032238
P0, tp=2, ts=2, x0=357483501
P2, tp=2, ts=2, x0=690945555
P0, tp=2, ts=2, x0=723499295
P2, tp=2, ts=2, x0=642123235
P1, tp=2, ts=2, x0=164718677, x1=179241364
P0, tp=2, ts=2, x0=17781403
P0, tp=2, ts=2, x0=696837071
P3, tp=2, ts=2, x0=751821882
P2, tp=2, ts=2, x0=900700466
P2, tp=2, ts=2, x0=592114432
P1, tp=2, ts=2, x0=580594376, x1=164718677
P2, tp=2, ts=2, x0=485982654
P2, tp=2, ts=2, x0=405424725
P1, tp=2, ts=2, x0=353081573, x1=4784336
P1, tp=2, ts=2, x0=778896462, x1=696837071
P3, tp=2, ts=2, x0=855124591
P1, tp=2, ts=2, x0=964125546, x1=721139557
P3, tp=2, ts=2, x0=657525344
P1, tp=2, ts=2, x0=715723205, x1=41017260
P0, tp=2, ts=2, x0=307747609
P0, tp=2, ts=2, x0=199164441
P1, tp=2, ts=2, x0=156465141, x1=390661313
P0, tp=2, ts=2, x0=547689030
P3, tp=2, ts=2, x0=304455931
P0, tp=2, ts=2, x0=642123235
P2, tp=2, ts=2, x0=231154087
P0, tp=2, ts=2, x0=304455931
P3, tp=2, ts=2, x0=55627669
P2, tp=2, ts=2, x0=689934696
P1, tp=2, ts=2, x0=392989320, x1=55627669
P1, tp=2, ts=2, x0=49970588, x1=384177193
P2, tp=2, ts=2, x0=973098385
P0, tp=2, ts=2, x0=973098385
P0, tp=2, ts=2, x0=973098385
P0, tp=2, ts=2, x0=981708921
P0, tp=2, ts=2, x0=205508342
P1, tp=2, ts=2, x0=896337574, x1=721139557
P3, tp=2, ts=2, x0=409864920
P3, tp=2, ts=2, x0=6245304
P1, tp=2, ts=2, x0=103883434, x1=689395199
P1, tp=2, ts=2, x0=94793001, x1=87348678
P1, tp=2, ts=2, x0=715723205, x1=665794784
P1, tp=2, ts=2, x0=964125546, x1=495894241
P1, tp=2, ts=2, x0=158721549, x1=895050005
P3, tp=2, ts=2, x0=114375686
P2, tp=2, ts=2, x0=636201402
P0, tp=2, ts=2, x0=118511531
P1, tp=2, ts=2, x0=5943, x1=304455931
P2, tp=2, ts=2, x0=744376998
P3, tp=2, ts=2, x0=390831443
P2, tp=2, ts=2, x0=358881560
P1, tp=2, ts=2, x0=103883434, x1=149194555
P3, tp=2, ts=2, x0=313000855
P3, tp=2, ts=2, x0=276056805
P0, tp=2, ts=2, x0=647786055
P3, tp=2, ts=2, x0=495894241
P2, tp=2, ts=2, x0=861618486
P3, tp=2, ts=2, x0=55627669
P2, tp=2, ts=2, x0=973098385
P3, tp=2, ts=2, x0=87348678
P2, tp=2, ts=2, x0=304455931
P2, tp=2, ts=2, x0=9009958
P0, tp=2, ts=2, x0=690945555
P3, tp=2, ts=2, x0=122211783
P1, tp=2, ts=2, x0=723499295, x1=896337574
P1, tp=2, ts=2, x0=580594376, x1=336182131
P0, tp=2, ts=2, x0=307747609
P3, tp=2, ts=2, x0=50340100
P1, tp=2, ts=2, x0=744376998, x1=485435588
P2, tp=2, ts=2, x0=304455931
P0, tp=2, ts=2, x0=481711494
P0, tp=2, ts=2, x0=91484462
P2, tp=2, ts=2, x0=779278546
P3, tp=2, ts=2, x0=964125546
P0, tp=2, ts=2, x0=855124591
P3, tp=2, ts=2, x0=419963345
P1, tp=2, ts=2, x0=50340100, x1=405424725
P3, tp=2, ts=2, x0=155548109
P2, tp=2, ts=2, x0=797865727
P3, tp=2, ts=2, x0=723499295
P1, tp=2, ts=2, x0=689395199, x1=865139453
P1, tp=2, ts=2, x0=865139453, x1=520025109
P2, tp=2, ts=2, x0=721139557
P2, tp=2, ts=2, x0=481711494
P0, tp=2, ts=2, x0=336182131
P2, tp=2, ts=2, x0=6245304
P0, tp=2, ts=2, x0=855124591
P2, tp=2, ts=2, x0=419963345
P2, tp=2, ts=2, x0=725883183
P0, tp=2, ts=2, x0=670058263
P1, tp=2, ts=2, x0=384177193, x1=481711494
P3, tp=2, ts=2, x0=861545272
P0, tp=2, ts=2, x0=41017260
P3, tp=2, ts=2, x0=725883183
P3, tp=2, ts=2, x0=981708921
P2, tp=2, ts=2, x0=347227054
P2, tp=2, ts=2, x0=981708921
P1, tp=2, ts=2, x0=276056805, x1=779278546
P3, tp=2, ts=2, x0=689934696
P1, tp=2, ts=2, x0=6245304, x1=580594376
P0, tp=2, ts=2, x0=543931490
P3, tp=2, ts=2, x0=287234369
P2, tp=2, ts=2, x0=322941355
P2, tp=2, ts=2, x0=431733222
P0, tp=2, ts=2, x0=592114432
P1, tp=2, ts=2, x0=292911051, x1=103883434
P1, tp=2, ts=2, x0=431733222, x1=666069912
P2, tp=2, ts=2, x0=642123235
P1, tp=2, ts=2, x0=354257193, x1=347227054
P3, tp=2, ts=2, x0=861545272
P0, tp=2, ts=2, x0=287234369
P1, tp=2, ts=2, x0=964125546, x1=353081573
P2, tp=2, ts=2, x0=665794784
P2, tp=2, ts=2, x0=713711806
P0, tp=2, ts=2, x0=757887469
P0, tp=2, ts=2, x0=353081573
P0, tp=2, ts=2, x0=292911051
P1, tp=2, ts=2, x0=375245637, x1=158721549
P2, tp=2, ts=2, x0=231154087
P0, tp=2, ts=2, x0=304455931
P0, tp=2, ts=2, x0=428400477
P2, tp=2, ts=2, x0=353081573
P1, tp=2, ts=2, x0=307747609, x1=164718677
P3, tp=2, ts=2, x0=375767226
P0, tp=2, ts=2, x0=779278546
P2, tp=2, ts=2, x0=666069912
P2, tp=2, ts=2, x0=760741606
P3, tp=2, ts=2, x0=164718677
P0, tp=2, ts=2, x0=592114432
P1, tp=2, ts=2, x0=287234369, x1=760741606
P2, tp=2, ts=2, x0=97101423
P3, tp=2, ts=2, x0=179241364
P2, tp=2, ts=2, x0=5943
P1, tp=2, ts=2, x0=81025596, x1=9009958
P3, tp=2, ts=2, x0=114375686
P3, tp=2, ts=2, x0=779278546
P3, tp=2, ts=2, x0=276056805
P0, tp=2, ts=2, x0=233656121
P3, tp=2, ts=2, x0=855124591
P1, tp=2, ts=2, x0=696837071, x1=890468341
P0, tp=2, ts=2, x0=657525344
P2, tp=2, ts=2, x0=657525344
P1, tp=2, ts=2, x0=351453074, x1=122211783
P3, tp=2, ts=2, x0=55627669
P3, tp=2, ts=2, x0=981708921
P3, tp=2, ts=2, x0=347227054
P1, tp=2, ts=2, x0=543683985, x1=193656790
P0, tp=2, ts=2, x0=666069912
P2, tp=2, ts=2, x0=476130386
P3, tp=2, ts=2, x0=97101423
P3, tp=2, ts=2, x0=666069912
P1, tp=2, ts=2, x0=485982654, x1=122211783
P2, tp=2, ts=2, x0=345065294
P2, tp=2, ts=2, x0=896337574
P2, tp=2, ts=2, x0=584197508
P0, tp=2, ts=2, x0=591812553
P2, tp=2, ts=2, x0=973098385
P0, tp=2, ts=2, x0=861545272
P2, tp=2, ts=2, x0=757887469
P1, tp=2, ts=2, x0=592114432, x1=354257193
P1, tp=2, ts=2, x0=375767226, x1=231154087
P2, tp=2, ts=2, x0=543174093
P3, tp=2, ts=2, x0=55627669
P1, tp=2, ts=2, x0=520025109, x1=358881560
P2, tp=2, ts=2, x0=405424725
P2, tp=2, ts=2, x0=405424725
P1, tp=2, ts=2, x0=375245637, x1=156465141
P2, tp=2, ts=2, x0=231154087
P3, tp=2, ts=2, x0=193656790
P0, tp=2, ts=2, x0=584197508
P2, tp=2, ts=2, x0=476130386
P2, tp=2, ts=2, x0=397220999
P3, tp=2, ts=2, x0=801509552
P0, tp=2, ts=2, x0=476130386
P2, tp=2, ts=2, x0=4784336
P2, tp=2, ts=2, x0=485982654
P3, tp=2, ts=2, x0=4784336
P2, tp=2, ts=2, x0=751821882
P1, tp=2, ts=2, x0=964125546, x1=723499295
P3, tp=2, ts=2, x0=307747609
P1, tp=2, ts=2, x0=50340100, x1=169709190
P1, tp=2, ts=2, x0=580594376, x1=9009958
P1, tp=2, ts=2, x0=862126338, x1=580594376
P0, tp=2, ts=2, x0=351453074
P3, tp=2, ts=2, x0=5943
P0, tp=2, ts=2, x0=666069912
P0, tp=2, ts=2, x0=696837071
P3, tp=2, ts=2, x0=7269934
P1, tp=2, ts=2, x0=895050005, x1=231154087
P1, tp=2, ts=2, x0=543683985, x1=664393022
P0, tp=2, ts=2, x0=592114432
P2, tp=2, ts=2, x0=801509552
P3, tp=2, ts=2, x0=313561148
P0, tp=2, ts=2, x0=520025109
P2, tp=2, ts=2, x0=580594376
P1, tp=2, ts=2, x0=91484462, x1=297443443
P2, tp=2, ts=2, x0=666069912
P3, tp=2, ts=2, x0=846323820
P3, tp=2, ts=2, x0=757887469
P2, tp=2, ts=2, x0=696837071
P1, tp=2, ts=2, x0=322941355, x1=428400477
P0, tp=2, ts=2, x0=193656790
P2, tp=2, ts=2, x0=666069912
P0, tp=2, ts=2, x0=169709190
P3, tp=2, ts=2, x0=855124591
P2, tp=2, ts=2, x0=670734080
P2, tp=2, ts=2, x0=723499295
P2, tp=2, ts=2, x0=289375385
P2, tp=2, ts=2, x0=390661313
P2, tp=2, ts=2, x0=896337574
P0, tp=2, ts=2, x0=354257193
P0, tp=2, ts=2, x0=801509552
P1, tp=2, ts=2, x0=794071699, x1=405424725
P0, tp=2, ts=2, x0=900700466
P1, tp=2, ts=2, x0=690945555, x1=118511531
P1, tp=2, ts=2, x0=103883434, x1=918223692
P2, tp=2, ts=2, x0=543931490
P2, tp=2, ts=2, x0=94793001
P1, tp=2, ts=2, x0=103883434, x1=118511531
P3, tp=2, ts=2, x0=862126338
P1, tp=2, ts=2, x0=384177193, x1=751821882
P0, tp=2, ts=2, x0=862126338
P1, tp=2, ts=2, x0=199164441, x1=199164441
P2, tp=2, ts=2, x0=158721549
P1, tp=2, ts=2, x0=41017260, x1=397220999
P3, tp=2, ts=2, x0=276056805
P2, tp=2, ts=2, x0=409864920
P3, tp=2, ts=2, x0=94793001
P2, tp=2, ts=2, x0=169709190
P0, tp=2, ts=2, x0=702300737
P3, tp=2, ts=2, x0=384177193
P3, tp=2, ts=2, x0=205508342
P3, tp=2, ts=2, x0=801509552
P1, tp=2, ts=2, x0=90917380, x1=233656121
P3, tp=2, ts=2, x0=918223692
P0, tp=2, ts=2, x0=5943
P1, tp=2, ts=2, x0=358881560, x1=164718677
P0, tp=2, ts=2, x0=855124591
P1, tp=2, ts=2, x0=193656790, x1=690945555
P1, tp=2, ts=2, x0=896337574, x1=690945555
P1, tp=2, ts=2, x0=855124591, x1=358881560
P3, tp=2, ts=2, x0=636201402
P1, tp=2, ts=2, x0=744376998, x1=6245304
P3, tp=2, ts=2, x0=231154087
P0, tp=2, ts=2, x0=580594376
P2, tp=2, ts=2, x0=905418107
P1, tp=2, ts=2, x0=647786055, x1=304455931
P0, tp=2, ts=2, x0=53160540
P2, tp=2, ts=2, x0=543683985
P0, tp=2, ts=2, x0=354257193
P1, tp=2, ts=2, x0=779278546, x1=97101423
P3, tp=2, ts=2, x0=744376998
P2, tp=2, ts=2, x0=485982654
P3, tp=2, ts=2, x0=156465141
P1, tp=2, ts=2, x0=5943, x1=55627669
P0, tp=2, ts=2, x0=670734080
P0, tp=2, ts=2, x0=94793001
P1, tp=2, ts=2, x0=392989320, x1=801509552
P1, tp=2, ts=2, x0=664393022, x1=392989320
P3, tp=2, ts=2, x0=591812553
P3, tp=2, ts=2, x0=696837071
P3, tp=2, ts=2, x0=862126338
P2, tp=2, ts=2, x0=353081573
P3, tp=2, ts=2, x0=347227054
P1, tp=2, ts=2, x0=702955027, x1=760741606
P0, tp=2, ts=2, x0=543683985
P3, tp=2, ts=2, x0=90917380
P3, tp=2, ts=2, x0=357483501
P3, tp=2, ts=2, x0=702300737
P1, tp=2, ts=2, x0=861618486, x1=723499295
P3, tp=2, ts=2, x0=286136032
P3, tp=2, ts=2, x0=964125546
P3, tp=2, ts=2, x0=702955027
P0, tp=2, ts=2, x0=900700466
P2, tp=2, ts=2, x0=900700466
P2, tp=2, ts=2, x0=918223692
P2, tp=2, ts=2, x0=392989320
P2, tp=2, ts=2, x0=941911282
P2, tp=2, ts=2, x0=689934696
P3, tp=2, ts=2, x0=97101423
P1, tp=2, ts=2, x0=9009958, x1=347227054
P3, tp=2, ts=2, x0=97101423
P0, tp=2, ts=2, x0=354257193
P2, tp=2, ts=2, x0=41017260
P3, tp=2, ts=2, x0=94793001
P3, tp=2, ts=2, x0=322282226
P3, tp=2, ts=2, x0=713711806
P2, tp=2, ts=2, x0=307747609
P2, tp=2, ts=2, x0=94793001
P1, tp=2, ts=2, x0=964125546, x1=666069912
P3, tp=2, ts=2, x0=721139557
P1, tp=2, ts=2, x0=647786055, x1=862126338
P0, tp=2, ts=2, x0=254989333
P0, tp=2, ts=2, x0=97101423
P3, tp=2, ts=2, x0=90917380
P3, tp=2, ts=2, x0=657525344
P0, tp=2, ts=2, x0=55627669
P3, tp=2, ts=2, x0=409864920
P3, tp=2, ts=2, x0=861618486
P2, tp=2, ts=2, x0=233656121
P3, tp=2, ts=2, x0=723499295
P0, tp=2, ts=2, x0=9009958
P3, tp=2, ts=2, x0=584197508
P0, tp=2, ts=2, x0=830685839
P1, tp=2, ts=2, x0=649031231, x1=935615518
P1, tp=2, ts=2, x0=721139557, x1=341761146
P1, tp=2, ts=2, x0=895050005, x1=149194555
P3, tp=2, ts=2, x0=9009958
P0, tp=2, ts=2, x0=169709190
P0, tp=2, ts=2, x0=751821882
P1, tp=2, ts=2, x0=384177193, x1=713579292
P1, tp=2, ts=2, x0=896337574, x1=801509552
P0, tp=2, ts=2, x0=97101423
P3, tp=2, ts=2, x0=584197508
P3, tp=2, ts=2, x0=53160540
P2, tp=2, ts=2, x0=231154087
P2, tp=2, ts=2, x0=409864920
P3, tp=2, ts=2, x0=41017260
P1, tp=2, ts=2, x0=322282226, x1=375245637
P3, tp=2, ts=2, x0=41017260
P3, tp=2, ts=2, x0=981708921
P1, tp=3, ts=3, x0=723499295, x1=584197508
P1, tp=3, ts=3, x0=169709190, x1=317058386
P3, tp=3, ts=3, x0=744376998
P3, tp=3, ts=3, x0=690945555
P0, tp=3, ts=3, x0=657525344
P3, tp=3, ts=3, x0=713711806
P2, tp=3, ts=3, x0=254989333
P1, tp=3, ts=3, x0=53160540, x1=7269934
P0, tp=3, ts=3, x0=765715713
P2, tp=3, ts=3, x0=53160540
P2, tp=3, ts=3, x0=861545272
P1, tp=3, ts=3, x0=982149770, x1=711454865
P1, tp=3, ts=3, x0=905418107, x1=723499295
P2, tp=3, ts=3, x0=576349149
P3, tp=3, ts=3, x0=713579292
P3, tp=3, ts=3, x0=973098385
P0, tp=3, ts=3, x0=690945555
P1, tp=3, ts=3, x0=689934696, x1=592114432
P3, tp=3, ts=3, x0=895050005
P1, tp=3, ts=3, x0=765715713, x1=155548109
P0, tp=3, ts=3, x0=723499295
P3, tp=3, ts=3, x0=199164441
P3, tp=3, ts=3, x0=297443443
P2, tp=3, ts=3, x0=757887469
P2, tp=3, ts=3, x0=890468341
P2, tp=3, ts=3, x0=103883434
P3, tp=3, ts=3, x0=592114432
P1, tp=3, ts=3, x0=690945555, x1=744376998
P0, tp=3, ts=3, x0=476130386
P2, tp=3, ts=3, x0=665794784
P2, tp=3, ts=3, x0=103883434
P0, tp=3, ts=3, x0=744376998
P2, tp=3, ts=3, x0=392989320
P2, tp=3, ts=3, x0=935615518
P2, tp=3, ts=3, x0=862126338
P0, tp=3, ts=3, x0=495894241
P3, tp=3, ts=3, x0=341761146
P3, tp=3, ts=3, x0=636201402
P2, tp=3, ts=3, x0=779278546
P0, tp=3, ts=3, x0=158721549
P2, tp=3, ts=3, x0=713579292
P2, tp=3, ts=3, x0=958857716
P1, tp=3, ts=3, x0=341761146, x1=193656790
P3, tp=3, ts=3, x0=149194555
P3, tp=3, ts=3, x0=271330754
P3, tp=3, ts=3, x0=289375385
P1, tp=3, ts=3, x0=118511531, x1=7269934
P0, tp=3, ts=3, x0=468373969
P0, tp=3, ts=3, x0=103883434
P2, tp=3, ts=3, x0=691535736
P3, tp=3, ts=3, x0=94793001
P1, tp=3, ts=3, x0=941911282, x1=292911051
P1, tp=3, ts=3, x0=164718677, x1=958857716
P3, tp=3, ts=3, x0=713579292
P0, tp=3, ts=3, x0=156465141
P0, tp=3, ts=3, x0=292911051
P2, tp=3, ts=3, x0=6245304
P3, tp=3, ts=3, x0=905418107
P1, tp=3, ts=3, x0=713711806, x1=156465141
P2, tp=3, ts=3, x0=797865727
P3, tp=3, ts=3, x0=375245637
P3, tp=3, ts=3, x0=779278546
P2, tp=3, ts=3, x0=158721549
P0, tp=3, ts=3, x0=289375385
P0, tp=3, ts=3, x0=357483501
P2, tp=3, ts=3, x0=666069912
P2, tp=3, ts=3, x0=588312260
P2, tp=3, ts=3, x0=636201402
P3, tp=3, ts=3, x0=347227054
P0, tp=3, ts=3, x0=384177193
P0, tp=3, ts=3, x0=591812553
P2, tp=3, ts=3, x0=964125546
P0, tp=3, ts=3, x0=343256943
P0, tp=3, ts=3, x0=765715713
P0, tp=3, ts=3, x0=680257802
P0, tp=3, ts=3, x0=713579292
P1, tp=3, ts=3, x0=765715713, x1=158721549
P2, tp=3, ts=3, x0=680257802
P0, tp=3, ts=3, x0=216984717
P0, tp=3, ts=3, x0=55627669
P2, tp=3, ts=3, x0=588312260
P2, tp=3, ts=3, x0=81025596
P0, tp=3, ts=3, x0=351453074
P0, tp=3, ts=3, x0=405424725
P0, tp=3, ts=3, x0=4784336
P1, tp=3, ts=3, x0=615072235, x1=7269934
P0, tp=3, ts=3, x0=5943
P0, tp=3, ts=3, x0=169709190
P2, tp=3, ts=3, x0=481711494
P3, tp=3, ts=3, x0=5943
P0, tp=3, ts=3, x0=794071699
P0, tp=3, ts=3, x0=405424725
P1, tp=3, ts=3, x0=592114432, x1=929621501
P1, tp=3, ts=3, x0=691535736, x1=981708921
P2, tp=3, ts=3, x0=7269934
P3, tp=3, ts=3, x0=313561148
P3, tp=3, ts=3, x0=81025596
P1, tp=3, ts=3, x0=357483501, x1=702955027
P1, tp=3, ts=3, x0=481711494, x1=711454865
P3, tp=3, ts=3, x0=55627669
P1, tp=3, ts=3, x0=6245304, x1=358881560
P1, tp=3, ts=3, x0=468373969, x1=765715713
P1, tp=3, ts=3, x0=797865727, x1=779278546
P0, tp=3, ts=3, x0=55627669
P2, tp=3, ts=3, x0=495894241
P1, tp=3, ts=3, x0=744376998, x1=357483501
P0, tp=3, ts=3, x0=855124591
P1, tp=3, ts=3, x0=155548109, x1=760741606
P2, tp=3, ts=3, x0=392989320
P1, tp=3, ts=3, x0=584197508, x1=297443443
P2, tp=3, ts=3, x0=397220999
P0, tp=3, ts=3, x0=269860718
P0, tp=3, ts=3, x0=647786055
P0, tp=3, ts=3, x0=392989320
P3, tp=3, ts=3, x0=680257802
P0, tp=3, ts=3, x0=481711494
P2, tp=3, ts=3, x0=114375686
P3, tp=3, ts=3, x0=313561148
P3, tp=3, ts=3, x0=169709190
P3, tp=3, ts=3, x0=855124591
P2, tp=3, ts=3, x0=97101423
P3, tp=3, ts=3, x0=90917380
P3, tp=3, ts=3, x0=794071699
P0, tp=3, ts=3, x0=12079716
P0, tp=3, ts=3, x0=861545272
P2, tp=3, ts=3, x0=855124591
P1, tp=3, ts=3, x0=55627669, x1=794071699
P3, tp=3, ts=3, x0=786026892
P2, tp=3, ts=3, x0=343256943
P2, tp=3, ts=3, x0=25847941
P3, tp=3, ts=3, x0=941911282
P3, tp=3, ts=3, x0=114375686
P2, tp=3, ts=3, x0=216984717
P3, tp=3, ts=3, x0=958857716
P3, tp=3, ts=3, x0=156465141
P3, tp=3, ts=3, x0=254989333
P1, tp=3, ts=3, x0=768676076, x1=97101423
P1, tp=3, ts=3, x0=6245304, x1=322282226
P2, tp=3, ts=3, x0=760741606
P1, tp=3, ts=3, x0=543683985, x1=768676076
P2, tp=3, ts=3, x0=6245304
P1, tp=3, ts=3, x0=592178228, x1=543683985
P3, tp=3, ts=3, x0=713711806
P2, tp=3, ts=3, x0=322282226
P3, tp=3, ts=3, x0=862126338
P1, tp=3, ts=3, x0=713579292, x1=615072235
P2, tp=3, ts=3, x0=576349149
P2, tp=3, ts=3, x0=375245637
P2, tp=3, ts=3, x0=6245304
P2, tp=3, ts=3, x0=199164441
P1, tp=3, ts=3, x0=4784336, x1=458749650
P2, tp=3, ts=3, x0=313561148
P2, tp=3, ts=3, x0=322282226
P1, tp=3, ts=3, x0=149194555, x1=53160540
P2, tp=3, ts=3, x0=375245637
P1, tp=3, ts=3, x0=81025596, x1=313561148
P0, tp=3, ts=3, x0=495894241
P1, tp=3, ts=3, x0=768676076, x1=711454865
P1, tp=3, ts=3, x0=468373969, x1=958857716
P3, tp=3, ts=3, x0=905418107
P1, tp=3, ts=3, x0=861545272, x1=233656121
P0, tp=3, ts=3, x0=292911051
P1, tp=3, ts=3, x0=744376998, x1=217234741
P1, tp=3, ts=3, x0=982149770, x1=890468341
P0, tp=3, ts=3, x0=317058386
P1, tp=3, ts=3, x0=164718677, x1=744376998
P3, tp=3, ts=3, x0=292911051
P2, tp=3, ts=3, x0=25847941
P0, tp=3, ts=3, x0=90917380
P1, tp=3, ts=3, x0=390661313, x1=786026892
P1, tp=3, ts=3, x0=442273573, x1=898932244
P2, tp=3, ts=3, x0=164718677
P1, tp=3, ts=3, x0=254989333, x1=375245637
P1, tp=3, ts=3, x0=691535736, x1=254989333
P1, tp=3, ts=3, x0=861618486, x1=149194555
P2, tp=3, ts=3, x0=941911282
P2, tp=3, ts=3, x0=592178228
P2, tp=3, ts=3, x0=797865727
P2, tp=3, ts=3, x0=702955027
P2, tp=3, ts=3, x0=532672023
P2, tp=3, ts=3, x0=584197508
P0, tp=3, ts=3, x0=978093450
P3, tp=3, ts=3, x0=862126338
P3, tp=3, ts=3, x0=657525344
P3, tp=3, ts=3, x0=690945555
P0, tp=3, ts=3, x0=53160540
P2, tp=3, ts=3, x0=322941355
P1, tp=3, ts=3, x0=322282226, x1=164718677
P1, tp=3, ts=3, x0=322282226, x1=199164441
P1, tp=3, ts=3, x0=958857716, x1=12079716
P3, tp=3, ts=3, x0=199164441
P0, tp=3, ts=3, x0=114375686
P3, tp=3, ts=3, x0=118511531
P2, tp=3, ts=3, x0=855124591
P3, tp=3, ts=3, x0=392989320
P3, tp=3, ts=3, x0=297443443
P1, tp=3, ts=3, x0=289375385, x1=397220999
P3, tp=3, ts=3, x0=26433886
P1, tp=3, ts=3, x0=114375686, x1=4784336
P0, tp=3, ts=3, x0=357483501
P2, tp=3, ts=3, x0=702300737
P0, tp=3, ts=3, x0=670734080
P0, tp=3, ts=3, x0=691007781
P3, tp=3, ts=3, x0=855124591
P1, tp=3, ts=3, x0=94793001, x1=757887469
P0, tp=3, ts=3, x0=481711494
P3, tp=3, ts=3, x0=782347722
P0, tp=3, ts=3, x0=55627669
P2, tp=3, ts=3, x0=366114030
P0, tp=3, ts=3, x0=801509552
P2, tp=3, ts=3, x0=25847941
P1, tp=3, ts=3, x0=233656121, x1=351453074
P2, tp=3, ts=3, x0=918223692
P2, tp=3, ts=3, x0=902214288
P2, tp=3, ts=3, x0=375245637
P3, tp=3, ts=3, x0=982149770
P1, tp=3, ts=3, x0=53160540, x1=53160540
P1, tp=3, ts=3, x0=584197508, x1=689934696
P1, tp=3, ts=3, x0=794071699, x1=4784336
P2, tp=3, ts=3, x0=786026892
P0, tp=3, ts=3, x0=12079716
P2, tp=3, ts=3, x0=588312260
P3, tp=3, ts=3, x0=862126338
P1, tp=3, ts=3, x0=149194555, x1=317058386
P2, tp=3, ts=3, x0=4784336
P3, tp=3, ts=3, x0=24147091
P3, tp=3, ts=3, x0=668177309
P0, tp=3, ts=3, x0=711454865
P1, tp=3, ts=3, x0=155548109, x1=341761146
P2, tp=3, ts=3, x0=786026892
P2, tp=3, ts=3, x0=193656790
P3, tp=3, ts=3, x0=702955027
P3, tp=3, ts=3, x0=374141174
P0, tp=3, ts=3, x0=357483501
P2, tp=3, ts=3, x0=292911051
P2, tp=3, ts=3, x0=495894241
P1, tp=3, ts=3, x0=216984717, x1=322941355
P2, tp=3, ts=3, x0=169709190
P1, tp=3, ts=3, x0=341761146, x1=691535736
P0, tp=3, ts=3, x0=322282226
P1, tp=3, ts=3, x0=409864920, x1=290015491
P1, tp=3, ts=3, x0=929621501, x1=458749650
P3, tp=3, ts=3, x0=374141174
P1, tp=3, ts=3, x0=713711806, x1=760741606
P2, tp=3, ts=3, x0=217234741
P0, tp=3, ts=3, x0=24147091
P2, tp=3, ts=3, x0=384177193
P1, tp=3, ts=3, x0=4784336, x1=690945555
P0, tp=3, ts=3, x0=680257802
P1, tp=3, ts=3, x0=782347722, x1=713579292
P3, tp=3, ts=3, x0=149194555
P3, tp=3, ts=3, x0=680257802
P0, tp=3, ts=3, x0=4784336
P3, tp=3, ts=3, x0=384177193
P0, tp=3, ts=3, x0=941911282
P1, tp=3, ts=3, x0=702955027, x1=846323820
P2, tp=3, ts=3, x0=499671516
P2, tp=3, ts=3, x0=199164441
P2, tp=3, ts=3, x0=409864920
P1, tp=3, ts=3, x0=615072235, x1=902214288
P2, tp=3, ts=3, x0=713711806
P2, tp=3, ts=3, x0=297443443
P0, tp=3, ts=3, x0=691535736
P0, tp=3, ts=3, x0=768676076
P2, tp=3, ts=3, x0=918223692
P0, tp=3, ts=3, x0=794071699
P2, tp=3, ts=3, x0=713579292
P0, tp=3, ts=3, x0=322941355
P2, tp=3, ts=3, x0=822219488
P2, tp=3, ts=3, x0=664393022
P1, tp=3, ts=3, x0=17971017, x1=668177309
P0, tp=3, ts=3, x0=217234741
P1, tp=3, ts=3, x0=351453074, x1=384177193
P3, tp=3, ts=3, x0=664393022
P2, tp=3, ts=3, x0=744376998
P1, tp=3, ts=3, x0=155548109, x1=797865727
P1, tp=3, ts=3, x0=782347722, x1=297443443
P2, tp=3, ts=3, x0=348603372
P1, tp=3, ts=3, x0=405424725, x1=341761146
P3, tp=3, ts=3, x0=458749650
P2, tp=3, ts=3, x0=118511531
P3, tp=3, ts=3, x0=664393022
P3, tp=3, ts=3, x0=149194555
P3, tp=3, ts=3, x0=782347722
P0, tp=3, ts=3, x0=499671516
P1, tp=3, ts=3, x0=254989333, x1=929621501
P3, tp=3, ts=3, x0=499671516
P0, tp=3, ts=3, x0=941911282
P1, tp=3, ts=3, x0=357483501, x1=343256943
P2, tp=3, ts=3, x0=797865727
P1, tp=3, ts=3, x0=690945555, x1=982149770
P0, tp=3, ts=3, x0=741333991
P1, tp=3, ts=3, x0=149194555, x1=576349149
P0, tp=3, ts=3, x0=458749650
P1, tp=3, ts=3, x0=439967705, x1=765715713
P0, tp=3, ts=3, x0=691007781
P0, tp=3, ts=3, x0=588312260
P2, tp=3, ts=3, x0=458749650
P2, tp=3, ts=3, x0=691007781
P0, tp=3, ts=3, x0=409864920
P1, tp=3, ts=3, x0=4784336, x1=297443443
P0, tp=3, ts=3, x0=254989333
P3, tp=3, ts=3, x0=169902816
P3, tp=3, ts=3, x0=210178946
P1, tp=3, ts=3, x0=898932244, x1=543683985
P3, tp=3, ts=3, x0=741333991
P2, tp=3, ts=3, x0=902214288
P1, tp=3, ts=3, x0=680257802, x1=584197508
P2, tp=3, ts=3, x0=210178946
P2, tp=3, ts=3, x0=855124591
P3, tp=3, ts=3, x0=741366095
P1, tp=3, ts=3, x0=588312260, x1=405424725
P1, tp=3, ts=3, x0=155548109, x1=271330754
P0, tp=3, ts=3, x0=855124591
P3, tp=3, ts=3, x0=322941355
P3, tp=3, ts=3, x0=322941355
P1, tp=3, ts=3, x0=818659379, x1=668177309
P3, tp=3, ts=3, x0=982149770
P1, tp=3, ts=3, x0=322941355, x1=861545272
P3, tp=3, ts=3, x0=763512129
P0, tp=3, ts=3, x0=216984717
P2, tp=3, ts=3, x0=442273573
P2, tp=3, ts=3, x0=233656121
P2, tp=3, ts=3, x0=25847941
P0, tp=3, ts=3, x0=735312211
P2, tp=3, ts=3, x0=217234741
P0, tp=3, ts=3, x0=590881077
P2, tp=3, ts=3, x0=604560841
P1, tp=3, ts=3, x0=918223692, x1=668177309
P2, tp=3, ts=3, x0=713579292
P2, tp=3, ts=3, x0=90917380
P2, tp=3, ts=3, x0=918223692
P1, tp=3, ts=3, x0=543683985, x1=348603372
P1, tp=3, ts=3, x0=169709190, x1=81025596
P2, tp=3, ts=3, x0=735312211
P2, tp=3, ts=3, x0=902214288
P3, tp=3, ts=3, x0=90917380
P1, tp=3, ts=3, x0=506382430, x1=649031231
P3, tp=3, ts=3, x0=765715713
P3, tp=3, ts=3, x0=290015491
P2, tp=3, ts=3, x0=658923165
P1, tp=3, ts=3, x0=668177309, x1=706281422
P2, tp=3, ts=3, x0=90917380
P2, tp=3, ts=3, x0=576349149
P0, tp=3, ts=3, x0=348603372
P2, tp=3, ts=3, x0=702300737
P0, tp=3, ts=3, x0=25847941
P0, tp=3, ts=3, x0=779278546
P0, tp=3, ts=3, x0=861545272
P1, tp=3, ts=3, x0=343256943, x1=801509552
P2, tp=3, ts=3, x0=691535736
P2, tp=3, ts=3, x0=216984717
P2, tp=3, ts=3, x0=357247781
P1, tp=3, ts=3, x0=521629767, x1=797865727
P2, tp=3, ts=3, x0=24147091
P2, tp=3, ts=3, x0=588312260
P2, tp=3, ts=3, x0=590881077
P2, tp=3, ts=3, x0=354257193
P0, tp=3, ts=3, x0=53160540
P0, tp=3, ts=3, x0=902214288
P3, tp=3, ts=3, x0=691007781
P0, tp=3, ts=3, x0=169709190
P2, tp=3, ts=3, x0=184427475
P1, tp=3, ts=3, x0=322282226, x1=193656790
P3, tp=3, ts=3, x0=155548109
P0, tp=3, ts=3, x0=155548109
P0, tp=3, ts=3, x0=898932244
P1, tp=3, ts=3, x0=216984717, x1=254989333
P2, tp=3, ts=3, x0=357247781
P3, tp=3, ts=3, x0=193656790
P0, tp=3, ts=3, x0=297443443
P2, tp=3, ts=3, x0=155548109
P3, tp=3, ts=3, x0=958857716
P3, tp=3, ts=3, x0=576349149
P0, tp=3, ts=3, x0=590881077
P0, tp=3, ts=3, x0=735312211
P3, tp=3, ts=3, x0=317058386
P3, tp=3, ts=3, x0=292911051
P1, tp=3, ts=3, x0=861545272, x1=768676076
P1, tp=3, ts=3, x0=702300737, x1=137855321
P0, tp=3, ts=3, x0=664393022
P0, tp=3, ts=3, x0=744376998
P2, tp=3, ts=3, x0=290015491
P2, tp=3, ts=3, x0=216984717
P2, tp=3, ts=3, x0=343256943
P2, tp=3, ts=3, x0=668177309
P0, tp=3, ts=3, x0=442273573
P2, tp=3, ts=3, x0=210178946
P3, tp=3, ts=3, x0=118618370
P2, tp=3, ts=3, x0=354257193
P1, tp=3, ts=3, x0=351453074, x1=374141174
P2, tp=3, ts=3, x0=297471559
P3, tp=3, ts=3, x0=313561148
P0, tp=3, ts=3, x0=599149631
P3, tp=3, ts=3, x0=458749650
P2, tp=3, ts=3, x0=713579292
P3, tp=3, ts=3, x0=506382430
P1, tp=3, ts=3, x0=590881077, x1=17971017
P2, tp=3, ts=3, x0=590881077
P3, tp=3, ts=3, x0=846323820
P1, tp=3, ts=3, x0=682904797, x1=25847941
P2, tp=3, ts=3, x0=702955027
P0, tp=3, ts=3, x0=249338976
P3, tp=3, ts=3, x0=521629767
P1, tp=3, ts=3, x0=532672023, x1=233656121
P0, tp=3, ts=3, x0=941911282
P0, tp=3, ts=3, x0=357247781
P0, tp=3, ts=3, x0=588312260
P2, tp=3, ts=3, x0=374141174
P0, tp=3, ts=3, x0=918223692
P2, tp=3, ts=3, x0=768676076
P2, tp=3, ts=3, x0=588312260
P0, tp=3, ts=3, x0=375245637
P2, tp=3, ts=3, x0=599149631
P3, tp=3, ts=3, x0=902214288
P2, tp=3, ts=3, x0=25847941
P2, tp=3, ts=3, x0=283691082
P3, tp=3, ts=3, x0=713711806
P2, tp=3, ts=3, x0=588312260
P1, tp=3, ts=3, x0=982149770, x1=210178946
P2, tp=3, ts=3, x0=289375385
P2, tp=3, ts=3, x0=588312260
P2, tp=3, ts=3, x0=25847941
P1, tp=3, ts=3, x0=713579292, x1=468373969
P0, tp=3, ts=3, x0=604560841
P0, tp=3, ts=3, x0=269860718
P1, tp=3, ts=3, x0=682904797, x1=90917380
P3, tp=3, ts=3, x0=584197508
P0, tp=3, ts=3, x0=90917380
P1, tp=3, ts=3, x0=735312211, x1=26433886
P2, tp=3, ts=3, x0=782347722
P1, tp=3, ts=3, x0=169709190, x1=90917380
P0, tp=3, ts=3, x0=318199095
P1, tp=3, ts=3, x0=216984717, x1=271330754
P1, tp=3, ts=3, x0=289375385, x1=713711806
P0, tp=3, ts=3, x0=668177309
P2, tp=3, ts=3, x0=905418107
P2, tp=3, ts=3, x0=317058386
P1, tp=3, ts=3, x0=521629767, x1=458749650
P2, tp=3, ts=3, x0=269860718
P0, tp=3, ts=3, x0=183324264
P2, tp=3, ts=3, x0=782347722
P2, tp=3, ts=3, x0=271330754
P2, tp=3, ts=3, x0=702300737
P2, tp=3, ts=3, x0=782347722
P2, tp=3, ts=3, x0=941911282
P0, tp=3, ts=3, x0=702955027
P0, tp=3, ts=3, x0=765715713
P2, tp=3, ts=3, x0=297471559
P3, tp=3, ts=3, x0=53160540
P1, tp=3, ts=3, x0=801509552, x1=599149631
P1, tp=3, ts=3, x0=713579292, x1=576349149
P0, tp=3, ts=3, x0=801509552
P3, tp=3, ts=3, x0=711454865
P3, tp=3, ts=3, x0=658923165
P2, tp=3, ts=3, x0=680257802
P1, tp=3, ts=3, x0=81025596, x1=680257802
P3, tp=3, ts=3, x0=570285474
P3, tp=3, ts=3, x0=588312260
P1, tp=3, ts=3, x0=343256943, x1=341761146
P2, tp=3, ts=3, x0=929621501
P0, tp=3, ts=3, x0=670734080
P0, tp=3, ts=3, x0=902214288
P0, tp=3, ts=3, x0=801509552
P0, tp=3, ts=3, x0=941911282
P2, tp=3, ts=3, x0=118618370
P3, tp=3, ts=3, x0=26433886
P3, tp=3, ts=3, x0=24147091
P0, tp=3, ts=3, x0=322282226
P1, tp=3, ts=3, x0=658923165, x1=584197508
P0, tp=3, ts=3, x0=801509552
P2, tp=3, ts=3, x0=297471559
P3, tp=3, ts=3, x0=468373969
P2, tp=3, ts=3, x0=794071699
P1, tp=3, ts=3, x0=193656790, x1=822219488
P0, tp=3, ts=3, x0=351453074
P0, tp=3, ts=3, x0=918223692
P2, tp=3, ts=3, x0=765715713
P0, tp=3, ts=3, x0=458749650
P1, tp=3, ts=3, x0=81025596, x1=782347722
P1, tp=3, ts=3, x0=269860718, x1=711454865
P0, tp=3, ts=3, x0=292911051
P3, tp=3, ts=3, x0=397220999
P1, tp=3, ts=3, x0=978093450, x1=24147091
P3, tp=3, ts=3, x0=297443443
P0, tp=3, ts=3, x0=292911051
P0, tp=3, ts=3, x0=918223692
P3, tp=3, ts=3, x0=794071699
P3, tp=3, ts=3, x0=649031231
P2, tp=3, ts=3, x0=14491654
P0, tp=3, ts=3, x0=576349149
P1, tp=3, ts=3, x0=831624436, x1=14491654
P3, tp=3, ts=3, x0=90917380
P2, tp=3, ts=3, x0=707085939
P1, tp=3, ts=3, x0=297443443, x1=137855321
P2, tp=3, ts=3, x0=786026892
P2, tp=3, ts=3, x0=253158667
P1, tp=3, ts=3, x0=254989333, x1=794071699
P1, tp=3, ts=3, x0=14491654, x1=374141174
P3, tp=3, ts=3, x0=184427475
P1, tp=3, ts=3, x0=53160540, x1=25847941
P1, tp=3, ts=3, x0=680257802, x1=898932244
P1, tp=3, ts=3, x0=706281422, x1=249338976
P0, tp=3, ts=3, x0=53160540
P3, tp=3, ts=3, x0=169902816
P3, tp=3, ts=3, x0=17971017
P0, tp=3, ts=3, x0=670734080
P1, tp=3, ts=3, x0=217234741, x1=366114030
P2, tp=3, ts=3, x0=169902816
P1, tp=3, ts=3, x0=297443443, x1=283691082
P2, tp=3, ts=3, x0=898932244
P0, tp=3, ts=3, x0=707085939
P3, tp=3, ts=3, x0=576349149
P2, tp=3, ts=3, x0=289375385
P2, tp=3, ts=3, x0=590881077
P2, tp=3, ts=3, x0=183324264
P3, tp=3, ts=3, x0=17971017
P0, tp=3, ts=3, x0=499671516
P0, tp=3, ts=3, x0=763512129
P3, tp=3, ts=3, x0=584197508
P3, tp=3, ts=3, x0=269860718
P0, tp=3, ts=3, x0=24147091
P0, tp=3, ts=3, x0=90917380
P2, tp=3, ts=3, x0=978093450
P3, tp=3, ts=3, x0=254989333
P2, tp=3, ts=3, x0=318199095
P3, tp=3, ts=3, x0=958857716
P3, tp=3, ts=3, x0=90917380
P2, tp=3, ts=3, x0=846323820
P3, tp=3, ts=3, x0=691535736
P3, tp=3, ts=3, x0=343256943
P0, tp=3, ts=3, x0=964606019
P1, tp=3, ts=3, x0=216984717, x1=713579292
P1, tp=3, ts=3, x0=271330754, x1=571211854
P2, tp=3, ts=3, x0=53160540
P2, tp=3, ts=3, x0=297471559
P0, tp=3, ts=3, x0=82136293
P0, tp=3, ts=3, x0=982149770
P3, tp=3, ts=3, x0=604560841
P3, tp=3, ts=3, x0=357247781
P2, tp=3, ts=3, x0=670734080
P2, tp=3, ts=3, x0=543683985
P0, tp=3, ts=3, x0=18066276
P2, tp=3, ts=3, x0=18066276
P2, tp=3, ts=3, x0=905418107
P2, tp=3, ts=3, x0=253158667
P3, tp=3, ts=3, x0=210178946
P1, tp=3, ts=3, x0=53160540, x1=25847941
P0, tp=3, ts=3, x0=317058386
P0, tp=3, ts=3, x0=18066276
P2, tp=3, ts=3, x0=297471559
P3, tp=3, ts=3, x0=313561148
P2, tp=3, ts=3, x0=801509552
P0, tp=3, ts=3, x0=289375385
P0, tp=3, ts=3, x0=571211854
P1, tp=3, ts=3, x0=374141174, x1=680257802
P1, tp=3, ts=3, x0=348603372, x1=216984717
P1, tp=3, ts=3, x0=318199095, x1=590881077
P3, tp=3, ts=3, x0=366114030
P2, tp=3, ts=3, x0=283691082
P2, tp=3, ts=3, x0=691535736
P0, tp=3, ts=3, x0=289375385
P2, tp=3, ts=3, x0=831624436
P1, tp=3, ts=3, x0=499671516, x1=958857716
P3, tp=3, ts=3, x0=735312211
P0, tp=3, ts=3, x0=714865660
P2, tp=3, ts=3, x0=442273573
P1, tp=3, ts=3, x0=297471559, x1=341761146
P2, tp=3, ts=3, x0=786026892
P1, tp=3, ts=3, x0=711454865, x1=801509552
P1, tp=3, ts=3, x0=90917380, x1=649031231
P3, tp=3, ts=3, x0=604560841
P0, tp=3, ts=3, x0=592178228
P3, tp=3, ts=3, x0=297471559
P0, tp=3, ts=3, x0=713579292
P3, tp=3, ts=3, x0=794071699
P3, tp=3, ts=3, x0=25847941
P3, tp=3, ts=3, x0=678583550
P0, tp=3, ts=3, x0=590881077
P0, tp=3, ts=3, x0=982149770
P0, tp=3, ts=3, x0=846323820
P3, tp=3, ts=3, x0=241608244
P2, tp=3, ts=3, x0=782347722
P1, tp=3, ts=3, x0=570285474, x1=357247781
P1, tp=3, ts=3, x0=90917380, x1=283691082
P3, tp=3, ts=3, x0=458749650
P0, tp=3, ts=3, x0=768676076
P3, tp=3, ts=3, x0=615072235
P1, tp=3, ts=3, x0=599149631, x1=658923165
P2, tp=3, ts=3, x0=269860718
P2, tp=3, ts=3, x0=366114030
P0, tp=3, ts=3, x0=765715713
P2, tp=3, ts=3, x0=670734080
P1, tp=3, ts=3, x0=702300737, x1=707085939
P0, tp=3, ts=3, x0=702955027
P2, tp=3, ts=3, x0=635805104
P3, tp=3, ts=3, x0=668177309
P0, tp=3, ts=3, x0=801509552
P1, tp=3, ts=3, x0=12079716, x1=691007781
P2, tp=3, ts=3, x0=442273573
P0, tp=3, ts=3, x0=24147091
P1, tp=3, ts=3, x0=598436321, x1=269860718
P1, tp=3, ts=3, x0=442273573, x1=18066276
P3, tp=3, ts=3, x0=604560841
P3, tp=3, ts=3, x0=318199095
P1, tp=3, ts=3, x0=649031231, x1=702300737
P1, tp=3, ts=3, x0=831624436, x1=786026892
P1, tp=3, ts=3, x0=801509552, x1=297443443
P0, tp=3, ts=3, x0=763512129
P0, tp=3, ts=3, x0=90917380
P2, tp=3, ts=3, x0=118618370
P2, tp=3, ts=3, x0=741366095
P1, tp=3, ts=3, x0=329512743, x1=24147091
P3, tp=3, ts=3, x0=664393022
P0, tp=3, ts=3, x0=768676076
P1, tp=3, ts=3, x0=929621501, x1=14491654
P0, tp=3, ts=3, x0=964606019
P0, tp=3, ts=3, x0=12079716
P1, tp=3, ts=3, x0=604178919, x1=343256943
P1, tp=3, ts=3, x0=10882792, x1=249338976
P0, tp=3, ts=3, x0=982149770
P0, tp=3, ts=3, x0=447298760
P0, tp=3, ts=3, x0=24147091
P0, tp=3, ts=3, x0=289375385
P2, tp=3, ts=3, x0=126482799
P2, tp=3, ts=3, x0=592178228
P3, tp=3, ts=3, x0=670734080
P3, tp=3, ts=3, x0=598436321
P3, tp=3, ts=3, x0=713579292
P0, tp=3, ts=3, x0=680257802
P1, tp=3, ts=3, x0=317058386, x1=918223692
P2, tp=3, ts=3, x0=668177309
P0, tp=3, ts=3, x0=604560841
P2, tp=3, ts=3, x0=713579292
P0, tp=3, ts=3, x0=322282226
P0, tp=3, ts=3, x0=183324264
P0, tp=3, ts=3, x0=26433886
P1, tp=3, ts=3, x0=668177309, x1=290015491
P2, tp=3, ts=3, x0=768676076
P3, tp=3, ts=3, x0=905418107
P2, tp=3, ts=3, x0=25847941
P1, tp=3, ts=3, x0=588312260, x1=982149770
P1, tp=3, ts=3, x0=846323820, x1=941911282
P0, tp=3, ts=3, x0=668177309
P1, tp=3, ts=3, x0=357247781, x1=599149631
P0, tp=3, ts=3, x0=374141174
P1, tp=3, ts=3, x0=592178228, x1=458749650
P2, tp=3, ts=3, x0=848697260
P1, tp=3, ts=3, x0=588312260, x1=17971017
P3, tp=3, ts=3, x0=289375385
P1, tp=3, ts=3, x0=90917380, x1=527902242
P3, tp=3, ts=3, x0=357247781
P3, tp=3, ts=3, x0=682904797
P3, tp=3, ts=3, x0=592178228
P1, tp=3, ts=3, x0=929621501, x1=329512743
P1, tp=3, ts=3, x0=532672023, x1=929621501
P0, tp=3, ts=3, x0=978093450
P2, tp=3, ts=3, x0=668177309
P2, tp=3, ts=3, x0=329512743
P2, tp=3, ts=3, x0=25847941
P0, tp=3, ts=3, x0=447298760
P1, tp=3, ts=3, x0=290015491, x1=678583550
P1, tp=3, ts=3, x0=458749650, x1=183324264
P2, tp=3, ts=3, x0=241608244
P2, tp=3, ts=3, x0=90917380
P0, tp=3, ts=3, x0=468373969
P0, tp=3, ts=3, x0=343256943
P2, tp=3, ts=3, x0=570285474
P2, tp=3, ts=3, x0=590881077
P0, tp=3, ts=3, x0=184427475
P0, tp=3, ts=3, x0=198565719
P3, tp=3, ts=3, x0=118618370
P1, tp=3, ts=3, x0=590881077, x1=822219488
P0, tp=3, ts=3, x0=25847941
P0, tp=3, ts=3, x0=604560841
P0, tp=3, ts=3, x0=137855321
P0, tp=3, ts=3, x0=249338976
P1, tp=3, ts=3, x0=269860718, x1=898932244
P1, tp=3, ts=3, x0=918223692, x1=711454865
P1, tp=3, ts=3, x0=680257802, x1=668177309
P0, tp=3, ts=3, x0=269860718
P2, tp=3, ts=3, x0=571211854
P3, tp=3, ts=3, x0=216984717
P2, tp=3, ts=3, x0=24147091
P2, tp=3, ts=3, x0=958857716
P0, tp=3, ts=3, x0=10882792
P0, tp=3, ts=3, x0=691007781
P1, tp=3, ts=3, x0=939198952, x1=254989333
P3, tp=3, ts=3, x0=357247781
P1, tp=3, ts=3, x0=198565719, x1=329512743
P1, tp=3, ts=3, x0=253158667, x1=628453384
P2, tp=3, ts=3, x0=905418107
P0, tp=3, ts=3, x0=741333991
P3, tp=3, ts=3, x0=137855321
P0, tp=3, ts=3, x0=216984717
P2, tp=3, ts=3, x0=198565719
P1, tp=3, ts=3, x0=824472041, x1=898932244
P1, tp=3, ts=3, x0=768676076, x1=153488987
P1, tp=3, ts=3, x0=831624436, x1=253158667
P2, tp=3, ts=3, x0=198565719
P1, tp=3, ts=3, x0=210178946, x1=329512743
P3, tp=3, ts=3, x0=126482799
P1, tp=3, ts=3, x0=604560841, x1=902214288
P2, tp=3, ts=3, x0=958857716
P2, tp=3, ts=3, x0=714865660
P1, tp=3, ts=3, x0=682904797, x1=271330754
P0, tp=3, ts=3, x0=18066276
P3, tp=3, ts=3, x0=329512743
P0, tp=3, ts=3, x0=604178919
P0, tp=3, ts=3, x0=455918886
P2, tp=3, ts=3, x0=735312211
P1, tp=3, ts=3, x0=574345176, x1=713579292
P2, tp=3, ts=3, x0=26433886
P3, tp=3, ts=3, x0=317058386
P0, tp=3, ts=3, x0=527902242
P2, tp=3, ts=3, x0=281460280
P2, tp=3, ts=3, x0=824472041
P0, tp=3, ts=3, x0=682904797
P1, tp=3, ts=3, x0=982149770, x1=691535736
P2, tp=3, ts=3, x0=941911282
P2, tp=3, ts=3, x0=588312260
P3, tp=3, ts=3, x0=691535736
P2, tp=3, ts=3, x0=711454865
P0, tp=3, ts=3, x0=691535736
P0, tp=3, ts=3, x0=691007781
P0, tp=3, ts=3, x0=297471559
P2, tp=3, ts=3, x0=468373969
P1, tp=3, ts=3, x0=958857716, x1=118618370
P2, tp=3, ts=3, x0=590881077
P0, tp=3, ts=3, x0=442273573
P1, tp=3, ts=3, x0=599149631, x1=198565719
P1, tp=3, ts=3, x0=598436321, x1=848697260
P0, tp=3, ts=3, x0=341761146
P1, tp=3, ts=3, x0=958857716, x1=879171845
P3, tp=3, ts=3, x0=741366095
P3, tp=3, ts=3, x0=271330754
P0, tp=3, ts=3, x0=902214288
P3, tp=3, ts=3, x0=588312260
P1, tp=3, ts=3, x0=707085939, x1=315387163
P1, tp=3, ts=3, x0=14491654, x1=570285474
P1, tp=3, ts=3, x0=521629767, x1=18066276
P0, tp=3, ts=3, x0=12079716
P3, tp=3, ts=3, x0=374141174
P1, tp=3, ts=3, x0=217234741, x1=818659379
P3, tp=3, ts=3, x0=592178228
P3, tp=3, ts=3, x0=169902816
P3, tp=3, ts=3, x0=24147091
P1, tp=3, ts=3, x0=24147091, x1=315387163
P0, tp=3, ts=3, x0=592178228
P3, tp=3, ts=3, x0=786026892
P0, tp=3, ts=3, x0=840998338
P1, tp=3, ts=3, x0=341761146, x1=126482799
P1, tp=3, ts=3, x0=598436321, x1=848697260
P2, tp=3, ts=3, x0=958857716
P0, tp=3, ts=3, x0=290015491
P3, tp=3, ts=3, x0=598436321
P0, tp=3, ts=3, x0=484831502
P1, tp=3, ts=3, x0=628453384, x1=711454865
P1, tp=3, ts=3, x0=714865660, x1=198565719
P1, tp=3, ts=3, x0=598436321, x1=574345176
P1, tp=3, ts=3, x0=317058386, x1=741366095
P2, tp=3, ts=3, x0=12079716
P0, tp=3, ts=3, x0=818659379
P1, tp=3, ts=3, x0=818659379, x1=713579292
P2, tp=3, ts=3, x0=458749650
P1, tp=3, ts=3, x0=678780265, x1=668177309
P2, tp=3, ts=3, x0=824472041
P2, tp=3, ts=3, x0=253158667
P0, tp=3, ts=3, x0=290015491
P2, tp=3, ts=3, x0=357247781
P0, tp=3, ts=3, x0=604178919
P1, tp=3, ts=3, x0=126482799, x1=591913378
P1, tp=3, ts=3, x0=590881077, x1=590881077
P1, tp=3, ts=3, x0=805572368, x1=220895260
P0, tp=3, ts=3, x0=468373969
P3, tp=3, ts=3, x0=26433886
P3, tp=3, ts=3, x0=768676076
P1, tp=3, ts=3, x0=680257802, x1=198565719
P0, tp=3, ts=3, x0=741366095
P2, tp=3, ts=3, x0=588312260
P2, tp=3, ts=3, x0=24147091
P3, tp=3, ts=3, x0=374141174
P3, tp=3, ts=3, x0=17971017
P1, tp=3, ts=3, x0=658923165, x1=735312211
P1, tp=3, ts=3, x0=741333991, x1=628453384
P0, tp=3, ts=3, x0=604178919
P0, tp=3, ts=3, x0=604560841
P0, tp=3, ts=3, x0=12079716
P2, tp=3, ts=3, x0=939198952
P3, tp=3, ts=3, x0=12079716
P0, tp=3, ts=3, x0=668177309
P1, tp=3, ts=3, x0=394765550, x1=828273723
P2, tp=3, ts=3, x0=290015491
P3, tp=3, ts=3, x0=394765550
P3, tp=3, ts=3, x0=458749650
P3, tp=3, ts=3, x0=678780265
P3, tp=3, ts=3, x0=17971017
P3, tp=3, ts=3, x0=527902242
P0, tp=3, ts=3, x0=706281422
P0, tp=3, ts=3, x0=840998338
P1, tp=3, ts=3, x0=249338976, x1=768676076
P2, tp=3, ts=3, x0=458749650
P2, tp=3, ts=3, x0=782347722
P3, tp=3, ts=3, x0=241608244
P1, tp=3, ts=3, x0=24147091, x1=758616499
P3, tp=3, ts=3, x0=741366095
P3, tp=3, ts=3, x0=818659379
P0, tp=3, ts=3, x0=964606019
P1, tp=3, ts=3, x0=475693241, x1=592178228
P1, tp=3, ts=3, x0=831624436, x1=25847941
P0, tp=3, ts=3, x0=635805104
P2, tp=3, ts=3, x0=824472041
P0, tp=3, ts=3, x0=484831502
P0, tp=3, ts=3, x0=87197547
P1, tp=3, ts=3, x0=455918886, x1=628453384
P0, tp=3, ts=3, x0=590881077
P0, tp=3, ts=3, x0=706281422
P3, tp=3, ts=3, x0=475693241
P2, tp=3, ts=3, x0=964606019
P2, tp=3, ts=3, x0=370650392
P3, tp=3, ts=3, x0=615072235
P0, tp=3, ts=3, x0=896608822
P0, tp=3, ts=3, x0=348603372
P0, tp=3, ts=3, x0=506382430
P2, tp=3, ts=3, x0=183324264
P2, tp=3, ts=3, x0=964606019
P2, tp=3, ts=3, x0=82136293
P3, tp=3, ts=3, x0=442273573
P2, tp=3, ts=3, x0=137855321
P0, tp=3, ts=3, x0=598436321
P3, tp=3, ts=3, x0=532672023
P0, tp=3, ts=3, x0=318199095
P1, tp=3, ts=3, x0=840998338, x1=262628136
P3, tp=3, ts=3, x0=707085939
P3, tp=3, ts=3, x0=767372659
P0, tp=3, ts=3, x0=18066276
P3, tp=3, ts=3, x0=678780265
P1, tp=3, ts=3, x0=822219488, x1=82136293
P2, tp=3, ts=3, x0=714865660
P0, tp=3, ts=3, x0=506382430
P2, tp=3, ts=3, x0=840998338
P2, tp=3, ts=3, x0=370650392
P2, tp=3, ts=3, x0=571211854
P1, tp=3, ts=3, x0=373087683, x1=217234741
P2, tp=3, ts=3, x0=374141174
P3, tp=3, ts=3, x0=714865660
P3, tp=3, ts=3, x0=994573408
P3, tp=3, ts=3, x0=297471559
P0, tp=3, ts=3, x0=18066276
P2, tp=3, ts=3, x0=818659379
P2, tp=3, ts=3, x0=220895260
P3, tp=3, ts=3, x0=97872481
P3, tp=3, ts=3, x0=978093450
P3, tp=3, ts=3, x0=828273723
P3, tp=3, ts=3, x0=442273573
P0, tp=3, ts=3, x0=828273723
P2, tp=3, ts=3, x0=898932244
P1, tp=3, ts=3, x0=439967705, x1=591913378
P3, tp=3, ts=3, x0=439967705
P0, tp=3, ts=3, x0=137855321
P1, tp=3, ts=3, x0=198565719, x1=574345176
P1, tp=3, ts=3, x0=262628136, x1=269860718
P3, tp=3, ts=3, x0=358764715
P0, tp=3, ts=3, x0=315387163
P2, tp=3, ts=3, x0=658923165
P2, tp=3, ts=3, x0=898932244
P3, tp=3, ts=3, x0=592178228
P3, tp=3, ts=3, x0=902214288
P1, tp=3, ts=3, x0=939198952, x1=592178228
P0, tp=3, ts=3, x0=939198952
P1, tp=3, ts=3, x0=741366095, x1=725356751
P0, tp=3, ts=3, x0=348603372
P0, tp=3, ts=3, x0=902214288
P3, tp=3, ts=3, x0=591913378
P0, tp=3, ts=3, x0=370650392
P0, tp=3, ts=3, x0=169902816
P1, tp=3, ts=3, x0=217234741, x1=570285474
P0, tp=3, ts=3, x0=442273573
P0, tp=3, ts=3, x0=978093450
P1, tp=3, ts=3, x0=17971017, x1=592178228
P0, tp=3, ts=3, x0=281460280
P0, tp=3, ts=3, x0=741366095
P0, tp=3, ts=3, x0=281460280
P2, tp=3, ts=3, x0=297471559
P0, tp=3, ts=3, x0=169902816
P3, tp=3, ts=3, x0=682904797
P3, tp=3, ts=3, x0=290015491
P3, tp=3, ts=3, x0=828273723
P3, tp=3, ts=3, x0=421759463
P2, tp=3, ts=3, x0=394765550
P0, tp=3, ts=3, x0=184427475
P1, tp=3, ts=3, x0=668177309, x1=126482799
P1, tp=3, ts=3, x0=126482799, x1=805572368
P0, tp=3, ts=3, x0=210178946
P2, tp=3, ts=3, x0=902214288
P1, tp=3, ts=3, x0=786026892, x1=40874643
P1, tp=3, ts=3, x0=281460280, x1=964606019
P1, tp=3, ts=3, x0=183324264, x1=87197547
P3, tp=3, ts=3, x0=357247781
P0, tp=3, ts=3, x0=394765550
P2, tp=3, ts=3, x0=921713915
P3, tp=3, ts=3, x0=14491654
P3, tp=3, ts=3, x0=678780265
P2, tp=3, ts=3, x0=217234741
P1, tp=3, ts=3, x0=678780265, x1=348603372
P2, tp=3, ts=3, x0=628453384
P0, tp=3, ts=3, x0=590881077
P2, tp=3, ts=3, x0=833485735
P0, tp=3, ts=3, x0=828273723
P2, tp=3, ts=3, x0=10882792
P1, tp=3, ts=3, x0=26433886, x1=668177309
P0, tp=3, ts=3, x0=532672023
P2, tp=3, ts=3, x0=725356751
P3, tp=3, ts=3, x0=358764715
P0, tp=3, ts=3, x0=994573408
P2, tp=3, ts=3, x0=828273723
P0, tp=3, ts=3, x0=598436321
P3, tp=3, ts=3, x0=281460280
P1, tp=3, ts=3, x0=205233360, x1=831624436
P3, tp=3, ts=3, x0=374141174
P2, tp=3, ts=3, x0=297471559
P2, tp=3, ts=3, x0=978093450
P3, tp=3, ts=3, x0=805572368
P1, tp=3, ts=3, x0=787782137, x1=678583550
P0, tp=3, ts=3, x0=92432098
P3, tp=3, ts=3, x0=939198952
P1, tp=3, ts=3, x0=455918886, x1=342531013
P0, tp=3, ts=3, x0=725140564
P2, tp=3, ts=3, x0=40874643
P2, tp=3, ts=3, x0=82136293
P0, tp=3, ts=3, x0=499671516
P3, tp=3, ts=3, x0=62949616
P3, tp=3, ts=3, x0=994573408
P1, tp=3, ts=3, x0=210178946, x1=421759463
P2, tp=3, ts=3, x0=939198952
P1, tp=3, ts=3, x0=833485735, x1=741366095
P2, tp=3, ts=3, x0=455918886
P3, tp=3, ts=3, x0=879171845
P3, tp=3, ts=3, x0=153488987
P1, tp=3, ts=3, x0=92432098, x1=527902242
P2, tp=3, ts=3, x0=14491654
P2, tp=3, ts=3, x0=40874643
P1, tp=3, ts=3, x0=400885143, x1=822219488
P2, tp=3, ts=3, x0=318199095
P2, tp=3, ts=3, x0=658923165
P1, tp=3, ts=3, x0=373087683, x1=358764715
P3, tp=3, ts=3, x0=994573408
P2, tp=3, ts=3, x0=763512129
P1, tp=3, ts=3, x0=249338976, x1=297471559
P0, tp=3, ts=3, x0=447298760
P0, tp=3, ts=3, x0=17971017
P0, tp=3, ts=3, x0=253158667
P1, tp=3, ts=3, x0=735312211, x1=824472041
P2, tp=3, ts=3, x0=571211854
P0, tp=3, ts=3, x0=767372659
P2, tp=3, ts=3, x0=342531013
P1, tp=3, ts=3, x0=879171845, x1=994573408
P1, tp=3, ts=3, x0=714865660, x1=590881077
P0, tp=3, ts=3, x0=521629767
P0, tp=3, ts=3, x0=917043297
P0, tp=3, ts=3, x0=10882792
P1, tp=3, ts=3, x0=315387163, x1=939198952
P3, tp=3, ts=3, x0=628453384
P0, tp=3, ts=3, x0=82136293
P1, tp=3, ts=3, x0=348603372, x1=173272776
P3, tp=3, ts=3, x0=822219488
P3, tp=3, ts=3, x0=97872481
P2, tp=3, ts=3, x0=421759463
P1, tp=3, ts=3, x0=902214288, x1=725140564
P2, tp=3, ts=3, x0=902214288
P2, tp=3, ts=3, x0=210178946
P1, tp=3, ts=3, x0=342531013, x1=994573408
P2, tp=3, ts=3, x0=40874643
P0, tp=3, ts=3, x0=598436321
P0, tp=3, ts=3, x0=635805104
P3, tp=3, ts=3, x0=521629767
P3, tp=3, ts=3, x0=871988861
P3, tp=3, ts=3, x0=205233360
P3, tp=3, ts=3, x0=506382430
P1, tp=3, ts=3, x0=17971017, x1=484831502
P0, tp=3, ts=3, x0=400885143
P1, tp=3, ts=3, x0=358764715, x1=628453384
P3, tp=3, ts=3, x0=205233360
P2, tp=3, ts=3, x0=678780265
P2, tp=3, ts=3, x0=741366095
P0, tp=3, ts=3, x0=946108616
P1, tp=3, ts=3, x0=590881077, x1=571211854
P3, tp=3, ts=3, x0=590881077
P0, tp=3, ts=3, x0=283691082
P1, tp=3, ts=3, x0=373087683, x1=604560841
P1, tp=3, ts=3, x0=787782137, x1=184427475
P2, tp=3, ts=3, x0=326650546
P2, tp=3, ts=3, x0=636552923
P3, tp=3, ts=3, x0=118618370
P0, tp=3, ts=3, x0=62949616
P1, tp=3, ts=3, x0=62949616, x1=97872481
P3, tp=3, ts=3, x0=805572368
P0, tp=3, ts=3, x0=253158667
P0, tp=3, ts=3, x0=628453384
P0, tp=3, ts=3, x0=370650392
P1, tp=4, ts=4, x0=357247781, x1=678780265
P1, tp=4, ts=4, x0=205053976, x1=554899733
P2, tp=4, ts=4, x0=763512129
P0, tp=4, ts=4, x0=126482799
P0, tp=4, ts=4, x0=373087683
P0, tp=4, ts=4, x0=439967705
P0, tp=4, ts=4, x0=591913378
P3, tp=4, ts=4, x0=205053976
P0, tp=4, ts=4, x0=5795079
P1, tp=4, ts=4, x0=169902816, x1=146525744
P1, tp=4, ts=4, x0=315387163, x1=735312211
P1, tp=4, ts=4, x0=357247781, x1=241608244
P3, tp=4, ts=4, x0=725140564
P3, tp=4, ts=4, x0=871988861
P0, tp=4, ts=4, x0=205233360
P3, tp=4, ts=4, x0=318199095
P3, tp=4, ts=4, x0=574345176
P3, tp=4, ts=4, x0=831624436
P1, tp=4, ts=4, x0=994573408, x1=5795079
P2, tp=4, ts=4, x0=5795079
P0, tp=4, ts=4, x0=484831502
P2, tp=4, ts=4, x0=14491654
P0, tp=4, ts=4, x0=132065159
P2, tp=4, ts=4, x0=497761576
P0, tp=4, ts=4, x0=342531013
P0, tp=4, ts=4, x0=40874643
P3, tp=4, ts=4, x0=400885143
P1, tp=4, ts=4, x0=917043297, x1=455918886
P0, tp=4, ts=4, x0=220895260
P0, tp=4, ts=4, x0=357247781
P3, tp=4, ts=4, x0=315387163
P0, tp=4, ts=4, x0=714865660
P3, tp=4, ts=4, x0=787782137
P3, tp=4, ts=4, x0=475693241
P0, tp=4, ts=4, x0=635805104
P2, tp=4, ts=4, x0=87197547
P3, tp=4, ts=4, x0=598436321
P3, tp=4, ts=4, x0=946108616
P3, tp=4, ts=4, x0=198565719
P1, tp=4, ts=4, x0=848697260, x1=714865660
P3, tp=4, ts=4, x0=475693241
P3, tp=4, ts=4, x0=840998338
P1, tp=4, ts=4, x0=964606019, x1=497761576
P2, tp=4, ts=4, x0=946108616
P0, tp=4, ts=4, x0=599149631
P2, tp=4, ts=4, x0=831624436
P2, tp=4, ts=4, x0=220895260
P1, tp=4, ts=4, x0=97872481, x1=97872481
P3, tp=4, ts=4, x0=735312211
P0, tp=4, ts=4, x0=358764715
P3, tp=4, ts=4, x0=245304478
P3, tp=4, ts=4, x0=5795079
P0, tp=4, ts=4, x0=118618370
P1, tp=4, ts=4, x0=554899733, x1=714865660
P3, tp=4, ts=4, x0=184427475
P2, tp=4, ts=4, x0=807226666
P0, tp=4, ts=4, x0=475693241
P1, tp=4, ts=4, x0=725140564, x1=132065159
P3, tp=4, ts=4, x0=357247781
P1, tp=4, ts=4, x0=758616499, x1=198565719
P1, tp=4, ts=4, x0=169902816, x1=455918886
P1, tp=4, ts=4, x0=635805104, x1=475693241
P3, tp=4, ts=4, x0=763512129
P3, tp=4, ts=4, x0=946108616
P0, tp=4, ts=4, x0=574345176
P1, tp=4, ts=4, x0=678583550, x1=527902242
P3, tp=4, ts=4, x0=598436321
P3, tp=4, ts=4, x0=169902816
P3, tp=4, ts=4, x0=599149631
P2, tp=4, ts=4, x0=544564365
P0, tp=4, ts=4, x0=283691082
P3, tp=4, ts=4, x0=818659379
P1, tp=4, ts=4, x0=506382430, x1=840998338
P0, tp=4, ts=4, x0=97872481
P2, tp=4, ts=4, x0=574345176
P3, tp=4, ts=4, x0=831624436
P3, tp=4, ts=4, x0=807226666
P3, tp=4, ts=4, x0=599149631
P3, tp=4, ts=4, x0=939198952
P3, tp=4, ts=4, x0=807226666
P1, tp=4, ts=4, x0=735312211, x1=253158667
P1, tp=4, ts=4, x0=329512743, x1=599149631
P3, tp=4, ts=4, x0=40874643
P1, tp=4, ts=4, x0=132065159, x1=484831502
P1, tp=4, ts=4, x0=831624436, x1=946108616
P3, tp=4, ts=4, x0=241608244
P2, tp=4, ts=4, x0=118618370
P2, tp=4, ts=4, x0=137855321
P3, tp=4, ts=4, x0=358764715
P3, tp=4, ts=4, x0=169902816
P3, tp=4, ts=4, x0=40874643
P3, tp=4, ts=4, x0=87197547
P3, tp=4, ts=4, x0=198565719
P1, tp=4, ts=4, x0=706281422, x1=173272776
P0, tp=4, ts=4, x0=198565719
P0, tp=4, ts=4, x0=635805104
P0, tp=4, ts=4, x0=818659379
P2, tp=4, ts=4, x0=475693241
P2, tp=4, ts=4, x0=763512129
P2, tp=4, ts=4, x0=590881077
P2, tp=4, ts=4, x0=283691082
P1, tp=4, ts=4, x0=658923165, x1=373087683
P2, tp=4, ts=4, x0=635805104
P2, tp=4, ts=4, x0=706281422
P2, tp=4, ts=4, x0=205233360
P2, tp=4, ts=4, x0=840998338
P1, tp=4, ts=4, x0=322389486, x1=241608244
P0, tp=4, ts=4, x0=370650392
P3, tp=4, ts=4, x0=173272776
P3, tp=4, ts=4, x0=598436321
P1, tp=4, ts=4, x0=18066276, x1=725356751
P1, tp=4, ts=4, x0=281460280, x1=807226666
P3, tp=4, ts=4, x0=283691082
P2, tp=4, ts=4, x0=521629767
P2, tp=4, ts=4, x0=521629767
P0, tp=4, ts=4, x0=455918886
P0, tp=4, ts=4, x0=840998338
P0, tp=4, ts=4, x0=126482799
P2, tp=4, ts=4, x0=10882792
P3, tp=4, ts=4, x0=878015212
P2, tp=4, ts=4, x0=831624436
P0, tp=4, ts=4, x0=599149631
P3, tp=4, ts=4, x0=283691082
P2, tp=4, ts=4, x0=682904797
P0, tp=4, ts=4, x0=725356751
P2, tp=4, ts=4, x0=475693241
P1, tp=4, ts=4, x0=400885143, x1=678780265
P2, tp=4, ts=4, x0=921713915
P1, tp=4, ts=4, x0=682904797, x1=173272776
P0, tp=4, ts=4, x0=184427475
P1, tp=4, ts=4, x0=484831502, x1=358764715
P2, tp=4, ts=4, x0=994573408
P1, tp=4, ts=4, x0=831624436, x1=917043297
P1, tp=4, ts=4, x0=245304478, x1=554899733
P1, tp=4, ts=4, x0=896608822, x1=421759463
P0, tp=4, ts=4, x0=126482799
P0, tp=4, ts=4, x0=146525744
P3, tp=4, ts=4, x0=497761576
P0, tp=4, ts=4, x0=370650392
P2, tp=4, ts=4, x0=283691082
P3, tp=4, ts=4, x0=787782137
P2, tp=4, ts=4, x0=5795079
P1, tp=4, ts=4, x0=329512743, x1=281460280
P1, tp=4, ts=4, x0=818659379, x1=591913378
P2, tp=4, ts=4, x0=805572368
P3, tp=4, ts=4, x0=878015212
P3, tp=4, ts=4, x0=574345176
P1, tp=4, ts=4, x0=896608822, x1=707085939
P1, tp=4, ts=4, x0=455918886, x1=245304478
P1, tp=4, ts=4, x0=840998338, x1=763512129
P1, tp=4, ts=4, x0=241608244, x1=455918886
P3, tp=4, ts=4, x0=604178919
P3, tp=4, ts=4, x0=824472041
P1, tp=4, ts=4, x0=556534690, x1=619878586
P0, tp=4, ts=4, x0=40874643
P3, tp=4, ts=4, x0=879171845
P2, tp=4, ts=4, x0=475693241
P0, tp=4, ts=4, x0=714865660
P2, tp=4, ts=4, x0=506382430
P1, tp=4, ts=4, x0=512115179, x1=598436321
P2, tp=4, ts=4, x0=315387163
P2, tp=4, ts=4, x0=400885143
P2, tp=4, ts=4, x0=590881077
P0, tp=4, ts=4, x0=281460280
P0, tp=4, ts=4, x0=599149631
P2, tp=4, ts=4, x0=370650392
P1, tp=4, ts=4, x0=137855321, x1=648980091
P0, tp=4, ts=4, x0=878015212
P1, tp=4, ts=4, x0=527902242, x1=137855321
P3, tp=4, ts=4, x0=591913378
P2, tp=4, ts=4, x0=635805104
P3, tp=4, ts=4, x0=126482799
P1, tp=4, ts=4, x0=14491654, x1=939198952
P0, tp=4, ts=4, x0=848697260
P2, tp=4, ts=4, x0=648980091
P0, tp=4, ts=4, x0=137855321
P3, tp=4, ts=4, x0=758616499
P1, tp=4, ts=4, x0=342531013, x1=283691082
P3, tp=4, ts=4, x0=241608244
P1, tp=4, ts=4, x0=678780265, x1=628453384
P1, tp=4, ts=4, x0=678780265, x1=173272776
P1, tp=4, ts=4, x0=40874643, x1=87197547
P2, tp=4, ts=4, x0=994573408
P1, tp=4, ts=4, x0=870850333, x1=497761576
P1, tp=4, ts=4, x0=315387163, x1=946108616
P1, tp=4, ts=4, x0=253158667, x1=10882792
P0, tp=4, ts=4, x0=82136293
P0, tp=4, ts=4, x0=297471559
P0, tp=4, ts=4, x0=183324264
P0, tp=4, ts=4, x0=447298760
P1, tp=4, ts=4, x0=878015212, x1=326650546
P3, tp=4, ts=4, x0=92432098
P0, tp=4, ts=4, x0=682904797
P2, tp=4, ts=4, x0=599149631
P0, tp=4, ts=4, x0=767372659
P3, tp=4, ts=4, x0=682904797
P2, tp=4, ts=4, x0=628453384
P0, tp=4, ts=4, x0=5795079
P3, tp=4, ts=4, x0=459655874
P2, tp=4, ts=4, x0=828273723
P1, tp=4, ts=4, x0=484831502, x1=599149631
P2, tp=4, ts=4, x0=220895260
P2, tp=4, ts=4, x0=660974677
P2, tp=4, ts=4, x0=370650392
P3, tp=4, ts=4, x0=879171845
P3, tp=4, ts=4, x0=556534690
P3, tp=4, ts=4, x0=571211854
P1, tp=4, ts=4, x0=92432098, x1=357247781
P1, tp=4, ts=4, x0=326650546, x1=326650546
P3, tp=4, ts=4, x0=329512743
P2, tp=4, ts=4, x0=210846375
P1, tp=4, ts=4, x0=725140564, x1=146525744
P1, tp=4, ts=4, x0=512115179, x1=571211854
P3, tp=4, ts=4, x0=329512743
P3, tp=4, ts=4, x0=828273723
P3, tp=4, ts=4, x0=241608244
P1, tp=4, ts=4, x0=484831502, x1=725140564
P2, tp=4, ts=4, x0=322389486
P0, tp=4, ts=4, x0=459655874
P3, tp=4, ts=4, x0=660974677
P1, tp=4, ts=4, x0=97872481, x1=678780265
P3, tp=4, ts=4, x0=118618370
P1, tp=4, ts=4, x0=132065159, x1=421759463
P3, tp=4, ts=4, x0=205233360
P0, tp=4, ts=4, x0=648980091
P1, tp=4, ts=4, x0=205233360, x1=262628136
P3, tp=4, ts=4, x0=126482799
P1, tp=4, ts=4, x0=318199095, x1=635805104
P0, tp=4, ts=4, x0=554899733
P0, tp=4, ts=4, x0=184427475
P0, tp=4, ts=4, x0=556534690
P2, tp=4, ts=4, x0=358764715
P0, tp=4, ts=4, x0=318199095
P1, tp=4, ts=4, x0=787782137, x1=707085939
P3, tp=4, ts=4, x0=153488987
P3, tp=4, ts=4, x0=253158667
P2, tp=4, ts=4, x0=19789701
P0, tp=4, ts=4, x0=537178841
P1, tp=4, ts=4, x0=619878586, x1=318199095
P2, tp=4, ts=4, x0=805572368
P2, tp=4, ts=4, x0=725140564
P2, tp=4, ts=4, x0=964606019
P0, tp=4, ts=4, x0=146525744
P2, tp=4, ts=4, x0=342531013
P3, tp=4, ts=4, x0=840998338
P1, tp=4, ts=4, x0=111014918, x1=964606019
P0, tp=4, ts=4, x0=132065159
P2, tp=4, ts=4, x0=205053976
P3, tp=4, ts=4, x0=146525744
P3, tp=4, ts=4, x0=210846375
P1, tp=4, ts=4, x0=831624436, x1=14491654
P1, tp=4, ts=4, x0=785516389, x1=400885143
P2, tp=4, ts=4, x0=459655874
P0, tp=4, ts=4, x0=571211854
P0, tp=4, ts=4, x0=322389486
P1, tp=4, ts=4, x0=373087683, x1=604178919
P2, tp=4, ts=4, x0=342531013
P2, tp=4, ts=4, x0=18066276
P3, tp=4, ts=4, x0=840998338
P3, tp=4, ts=4, x0=707085939
P2, tp=4, ts=4, x0=447298760
P1, tp=4, ts=4, x0=421759463, x1=527902242
P1, tp=4, ts=4, x0=10882792, x1=281460280
P1, tp=4, ts=4, x0=921713915, x1=497761576
P3, tp=4, ts=4, x0=245304478
P0, tp=4, ts=4, x0=921713915
P3, tp=4, ts=4, x0=678780265
P1, tp=4, ts=4, x0=591913378, x1=767372659
P0, tp=4, ts=4, x0=599149631
P3, tp=4, ts=4, x0=14491654
P3, tp=4, ts=4, x0=599149631
P2, tp=4, ts=4, x0=326650546
P3, tp=4, ts=4, x0=871988861
P1, tp=4, ts=4, x0=939198952, x1=622193866
P1, tp=4, ts=4, x0=421759463, x1=315387163
P0, tp=4, ts=4, x0=82136293
P2, tp=4, ts=4, x0=939198952
P2, tp=4, ts=4, x0=982934950
P2, tp=4, ts=4, x0=751464736
P3, tp=4, ts=4, x0=840998338
P2, tp=4, ts=4, x0=455918886
P0, tp=4, ts=4, x0=628453384
P2, tp=4, ts=4, x0=598436321
P1, tp=4, ts=4, x0=840998338, x1=497761576
P0, tp=4, ts=4, x0=619878586
P1, tp=4, ts=4, x0=153488987, x1=982934950
P0, tp=4, ts=4, x0=678780265
P0, tp=4, ts=4, x0=455918886
P0, tp=4, ts=4, x0=628453384
P1, tp=4, ts=4, x0=19789701, x1=685853111
P0, tp=4, ts=4, x0=126482799
P2, tp=4, ts=4, x0=871988861
P2, tp=4, ts=4, x0=111014918
P2, tp=4, ts=4, x0=245304478
P1, tp=4, ts=4, x0=342531013, x1=917043297
P0, tp=4, ts=4, x0=570285474
P3, tp=4, ts=4, x0=685853111
P2, tp=4, ts=4, x0=245304478
P3, tp=4, ts=4, x0=153488987
P3, tp=4, ts=4, x0=994573408
P2, tp=4, ts=4, x0=210846375
P3, tp=4, ts=4, x0=571211854
P0, tp=4, ts=4, x0=281460280
P1, tp=4, ts=4, x0=964606019, x1=538077878
P1, tp=4, ts=4, x0=421759463, x1=848697260
P3, tp=4, ts=4, x0=635805104
P2, tp=4, ts=4, x0=879171845
P3, tp=4, ts=4, x0=974356170
P0, tp=4, ts=4, x0=484831502
P2, tp=4, ts=4, x0=421759463
P2, tp=4, ts=4, x0=982934950
P1, tp=4, ts=4, x0=342531013, x1=146525744
P0, tp=4, ts=4, x0=571211854
P3, tp=4, ts=4, x0=785516389
P3, tp=4, ts=4, x0=253158667
P1, tp=4, ts=4, x0=622193866, x1=126482799
P2, tp=4, ts=4, x0=40874643
P1, tp=4, ts=4, x0=111014918, x1=969100848
P3, tp=4, ts=4, x0=326650546
P2, tp=4, ts=4, x0=848697260
P0, tp=4, ts=4, x0=660974677
P0, tp=4, ts=4, x0=475693241
P1, tp=4, ts=4, x0=421759463, x1=974356170
P3, tp=4, ts=4, x0=571211854
P0, tp=4, ts=4, x0=879171845
P2, tp=4, ts=4, x0=484831502
P0, tp=4, ts=4, x0=183324264
P1, tp=4, ts=4, x0=718815901, x1=840998338
P0, tp=4, ts=4, x0=725140564
P1, tp=4, ts=4, x0=14491654, x1=459655874
P2, tp=4, ts=4, x0=845370893
P3, tp=4, ts=4, x0=19789701
P2, tp=4, ts=4, x0=685853111
P1, tp=4, ts=4, x0=544952570, x1=787782137
P3, tp=4, ts=4, x0=210846375
P2, tp=4, ts=4, x0=126482799
P2, tp=4, ts=4, x0=373087683
P2, tp=4, ts=4, x0=636552923
P0, tp=4, ts=4, x0=964606019
P3, tp=4, ts=4, x0=81391188
P0, tp=4, ts=4, x0=598436321
P3, tp=4, ts=4, x0=253158667
P2, tp=4, ts=4, x0=342531013
P0, tp=4, ts=4, x0=394765550
P0, tp=4, ts=4, x0=628453384
P2, tp=4, ts=4, x0=628453384
P0, tp=4, ts=4, x0=10882792
P3, tp=4, ts=4, x0=556534690
P3, tp=4, ts=4, x0=946108616
P3, tp=4, ts=4, x0=714865660
P2, tp=4, ts=4, x0=805572368
P1, tp=4, ts=4, x0=840998338, x1=62949616
P2, tp=4, ts=4, x0=994573408
P2, tp=4, ts=4, x0=132065159
P0, tp=4, ts=4, x0=87197547
P1, tp=4, ts=4, x0=718815901, x1=800087051
P1, tp=4, ts=4, x0=10882792, x1=554899733
P1, tp=4, ts=4, x0=135008159, x1=840998338
P1, tp=4, ts=4, x0=939198952, x1=855083177
P0, tp=4, ts=4, x0=455918886
P0, tp=4, ts=4, x0=824472041
P2, tp=4, ts=4, x0=82136293
P1, tp=4, ts=4, x0=132065159, x1=971204661
P1, tp=4, ts=4, x0=678780265, x1=833485735
P3, tp=4, ts=4, x0=619878586
P2, tp=4, ts=4, x0=329512743
P0, tp=4, ts=4, x0=329512743
P0, tp=4, ts=4, x0=205053976
P2, tp=4, ts=4, x0=974356170
P0, tp=4, ts=4, x0=220895260
P3, tp=4, ts=4, x0=126482799
P1, tp=4, ts=4, x0=714865660, x1=241608244
P0, tp=4, ts=4, x0=135008159
P3, tp=4, ts=4, x0=648980091
P3, tp=4, ts=4, x0=725140564
P1, tp=4, ts=4, x0=787782137, x1=497761576
P3, tp=4, ts=4, x0=604178919
P1, tp=4, ts=4, x0=982934950, x1=556534690
P2, tp=4, ts=4, x0=833485735
P3, tp=4, ts=4, x0=718815901
P1, tp=4, ts=4, x0=855083177, x1=921713915
P1, tp=4, ts=4, x0=475693241, x1=787782137
P0, tp=4, ts=4, x0=62949616
P3, tp=4, ts=4, x0=714865660
P0, tp=4, ts=4, x0=758616499
P2, tp=4, ts=4, x0=628517659
P1, tp=4, ts=4, x0=635805104, x1=591913378
P1, tp=4, ts=4, x0=879171845, x1=153488987
P3, tp=4, ts=4, x0=262628136
P0, tp=4, ts=4, x0=362454501
P0, tp=4, ts=4, x0=447298760
P0, tp=4, ts=4, x0=598436321
P2, tp=4, ts=4, x0=394765550
P3, tp=4, ts=4, x0=459655874
P0, tp=4, ts=4, x0=220895260
P1, tp=4, ts=4, x0=598436321, x1=969100848
P1, tp=4, ts=4, x0=787782137, x1=556534690
P0, tp=4, ts=4, x0=901452808
P1, tp=4, ts=4, x0=126482799, x1=939198952
P1, tp=4, ts=4, x0=604178919, x1=111014918
P1, tp=4, ts=4, x0=5795079, x1=40874643
P3, tp=4, ts=4, x0=591913378
P3, tp=4, ts=4, x0=775448190
P3, tp=4, ts=4, x0=974356170
P1, tp=4, ts=4, x0=220895260, x1=870850333
P0, tp=4, ts=4, x0=646668806
P0, tp=4, ts=4, x0=591913378
P0, tp=4, ts=4, x0=805572368
P1, tp=4, ts=4, x0=804175966, x1=5795079
P2, tp=4, ts=4, x0=751464736
P0, tp=4, ts=4, x0=948633806
P0, tp=4, ts=4, x0=370650392
P3, tp=4, ts=4, x0=807226666
P3, tp=4, ts=4, x0=718815901
P3, tp=4, ts=4, x0=81391188
P1, tp=4, ts=4, x0=629998525, x1=879171845
P1, tp=4, ts=4, x0=281460280, x1=571598936
P1, tp=4, ts=4, x0=946108616, x1=31712170
P2, tp=4, ts=4, x0=785516389
P2, tp=4, ts=4, x0=554899733
P0, tp=4, ts=4, x0=322389486
P2, tp=4, ts=4, x0=497761576
P3, tp=4, ts=4, x0=19789701
P3, tp=4, ts=4, x0=111014918
P1, tp=4, ts=4, x0=879171845, x1=804175966
P3, tp=4, ts=4, x0=527902242
P0, tp=4, ts=4, x0=629998525
P2, tp=4, ts=4, x0=146525744
P0, tp=4, ts=4, x0=646668806
P1, tp=4, ts=4, x0=800087051, x1=62949616
P3, tp=4, ts=4, x0=785516389
P2, tp=4, ts=4, x0=775448190
P3, tp=4, ts=4, x0=146525744
P3, tp=4, ts=4, x0=751464736
P2, tp=4, ts=4, x0=326650546
P1, tp=4, ts=4, x0=301408761, x1=758616499
P3, tp=4, ts=4, x0=994573408
P3, tp=4, ts=4, x0=527902242
P0, tp=4, ts=4, x0=921713915
P1, tp=4, ts=4, x0=629998525, x1=848697260
P3, tp=4, ts=4, x0=917043297
P1, tp=4, ts=4, x0=135008159, x1=394765550
P0, tp=4, ts=4, x0=370650392
P2, tp=4, ts=4, x0=87197547
P3, tp=4, ts=4, x0=767372659
P0, tp=4, ts=4, x0=901452808
P1, tp=4, ts=4, x0=921713915, x1=210846375
P2, tp=4, ts=4, x0=622193866
P2, tp=4, ts=4, x0=40874643
P0, tp=4, ts=4, x0=556534690
P0, tp=4, ts=4, x0=198565719
P2, tp=4, ts=4, x0=111014918
P3, tp=4, ts=4, x0=896608822
P0, tp=4, ts=4, x0=315387163
P3, tp=4, ts=4, x0=725356751
P3, tp=4, ts=4, x0=636552923
P1, tp=4, ts=4, x0=584799007, x1=622193866
P3, tp=4, ts=4, x0=871988861
P0, tp=4, ts=4, x0=628517659
P1, tp=4, ts=4, x0=991599736, x1=971204661
P3, tp=4, ts=4, x0=636552923
P0, tp=4, ts=4, x0=824472041
P1, tp=4, ts=4, x0=146525744, x1=146525744
P0, tp=4, ts=4, x0=544952570
P1, tp=4, ts=4, x0=678780265, x1=281460280
P0, tp=4, ts=4, x0=527902242
P0, tp=4, ts=4, x0=40874643
P1, tp=4, ts=4, x0=767372659, x1=574345176
P2, tp=4, ts=4, x0=111014918
P3, tp=4, ts=4, x0=537178841
P0, tp=4, ts=4, x0=62949616
P3, tp=4, ts=4, x0=198565719
P3, tp=4, ts=4, x0=198565719
P3, tp=4, ts=4, x0=544952570
P0, tp=4, ts=4, x0=207688904
P3, tp=4, ts=4, x0=92432098
P3, tp=4, ts=4, x0=828273723
P2, tp=4, ts=4, x0=205233360
P1, tp=4, ts=4, x0=400885143, x1=916748940
P0, tp=4, ts=4, x0=544952570
P0, tp=4, ts=4, x0=262628136
P1, tp=4, ts=4, x0=207688904, x1=218792971
P1, tp=4, ts=4, x0=512115179, x1=260419518
P0, tp=4, ts=4, x0=725356751
P2, tp=4, ts=4, x0=787782137
P1, tp=4, ts=4, x0=591913378, x1=785516389
P0, tp=4, ts=4, x0=262628136
P0, tp=4, ts=4, x0=321742630
P2, tp=4, ts=4, x0=775448190
P3, tp=4, ts=4, x0=554899733
P2, tp=4, ts=4, x0=591913378
P1, tp=4, ts=4, x0=245304478, x1=646668806
P3, tp=4, ts=4, x0=544564365
P2, tp=4, ts=4, x0=153488987
P2, tp=4, ts=4, x0=62949616
P0, tp=4, ts=4, x0=362454501
P0, tp=4, ts=4, x0=455918886
P3, tp=4, ts=4, x0=210846375
P1, tp=4, ts=4, x0=725356751, x1=497761576
P1, tp=4, ts=4, x0=187187076, x1=775448190
P1, tp=4, ts=4, x0=342531013, x1=229605487
P0, tp=4, ts=4, x0=475693241
P2, tp=4, ts=4, x0=751464736
P1, tp=4, ts=4, x0=870850333, x1=787782137
P1, tp=4, ts=4, x0=584799007, x1=969100848
P2, tp=4, ts=4, x0=5795079
P0, tp=4, ts=4, x0=921713915
P2, tp=4, ts=4, x0=718815901
P2, tp=4, ts=4, x0=948633806
P0, tp=4, ts=4, x0=229605487
P2, tp=4, ts=4, x0=497761576
P3, tp=4, ts=4, x0=62949616
P3, tp=4, ts=4, x0=110736238
P2, tp=4, ts=4, x0=205053976
P2, tp=4, ts=4, x0=896608822
P1, tp=4, ts=4, x0=751464736, x1=132065159
P0, tp=4, ts=4, x0=210846375
P0, tp=4, ts=4, x0=871988861
P2, tp=4, ts=4, x0=40874643
P3, tp=4, ts=4, x0=538077878
P3, tp=4, ts=4, x0=893234148
P2, tp=4, ts=4, x0=342531013
P2, tp=4, ts=4, x0=974356170
P0, tp=4, ts=4, x0=87197547
P2, tp=4, ts=4, x0=878015212
P2, tp=4, ts=4, x0=426811856
P2, tp=4, ts=4, x0=946108616
P0, tp=4, ts=4, x0=568315041
P1, tp=4, ts=4, x0=840998338, x1=260419518
P0, tp=4, ts=4, x0=497761576
P0, tp=4, ts=4, x0=921713915
P1, tp=4, ts=4, x0=19789701, x1=871988861
P0, tp=4, ts=4, x0=718815901
P0, tp=4, ts=4, x0=173272776
P1, tp=4, ts=4, x0=917043297, x1=5795079
P1, tp=4, ts=4, x0=775448190, x1=901452808
P0, tp=4, ts=4, x0=571598936
P0, tp=4, ts=4, x0=173272776
P0, tp=4, ts=4, x0=636552923
P2, tp=4, ts=4, x0=991599736
P2, tp=4, ts=4, x0=245304478
P3, tp=4, ts=4, x0=5795079
P3, tp=4, ts=4, x0=960197595
P3, tp=4, ts=4, x0=807226666
P3, tp=4, ts=4, x0=805572368
P2, tp=4, ts=4, x0=218792971
P2, tp=4, ts=4, x0=260419518
P3, tp=4, ts=4, x0=840998338
P1, tp=4, ts=4, x0=554899733, x1=97872481
P0, tp=4, ts=4, x0=619507635
P2, tp=4, ts=4, x0=475693241
P1, tp=4, ts=4, x0=210846375, x1=521190547
P1, tp=4, ts=4, x0=787782137, x1=948633806
P1, tp=4, ts=4, x0=599940945, x1=901452808
P0, tp=4, ts=4, x0=685909788
P0, tp=4, ts=4, x0=948633806
P3, tp=4, ts=4, x0=571598936
P2, tp=4, ts=4, x0=326650546
P1, tp=4, ts=4, x0=111014918, x1=636552923
P3, tp=4, ts=4, x0=110736238
P2, tp=4, ts=4, x0=878015212
P2, tp=4, ts=4, x0=725140564
P2, tp=4, ts=4, x0=660826492
P0, tp=4, ts=4, x0=871988861
P0, tp=4, ts=4, x0=110736238
P3, tp=4, ts=4, x0=893234148
P2, tp=4, ts=4, x0=92432098
P2, tp=4, ts=4, x0=205233360
P3, tp=4, ts=4, x0=62949616
P1, tp=4, ts=4, x0=718815901, x1=110736238
P3, tp=4, ts=4, x0=855083177
P3, tp=4, ts=4, x0=685909788
P2, tp=4, ts=4, x0=917043297
P1, tp=4, ts=4, x0=982934950, x1=636552923
P0, tp=4, ts=4, x0=210846375
P0, tp=4, ts=4, x0=322389486
P1, tp=4, ts=4, x0=187187076, x1=767372659
P1, tp=4, ts=4, x0=685909788, x1=218792971
P0, tp=4, ts=4, x0=62949616
P0, tp=4, ts=4, x0=421759463
P3, tp=4, ts=4, x0=459655874
P2, tp=4, ts=4, x0=554899733
P2, tp=4, ts=4, x0=262628136
P3, tp=4, ts=4, x0=38065289
P3, tp=4, ts=4, x0=893128751
P1, tp=4, ts=4, x0=948633806, x1=800087051
P1, tp=4, ts=4, x0=146525744, x1=685909788
P0, tp=4, ts=4, x0=146525744
P0, tp=4, ts=4, x0=81391188
P1, tp=4, ts=4, x0=325560851, x1=5795079
P0, tp=4, ts=4, x0=173272776
P3, tp=4, ts=4, x0=187187076
P1, tp=4, ts=4, x0=599940945, x1=40874643
P3, tp=4, ts=4, x0=896656003
P0, tp=4, ts=4, x0=288168526
P2, tp=4, ts=4, x0=870850333
P1, tp=4, ts=4, x0=787782137, x1=205233360
P2, tp=4, ts=4, x0=725356751
P0, tp=4, ts=4, x0=787782137
P2, tp=4, ts=4, x0=521190547
P2, tp=4, ts=4, x0=660974677
P3, tp=4, ts=4, x0=326650546
P1, tp=4, ts=4, x0=19789701, x1=971204661
P3, tp=4, ts=4, x0=556534690
P3, tp=4, ts=4, x0=38065289
P1, tp=4, ts=4, x0=207688904, x1=584799007
P2, tp=4, ts=4, x0=994573408
P0, tp=4, ts=4, x0=298560966
P3, tp=4, ts=4, x0=6415984
P1, tp=4, ts=4, x0=342531013, x1=974356170
P1, tp=4, ts=4, x0=845370893, x1=846649726
P3, tp=4, ts=4, x0=288168526
P0, tp=4, ts=4, x0=845370893
P0, tp=4, ts=4, x0=135008159
P1, tp=4, ts=4, x0=648980091, x1=619878586
P3, tp=4, ts=4, x0=218792971
P2, tp=4, ts=4, x0=946108616
P1, tp=4, ts=4, x0=207688904, x1=767372659
P2, tp=4, ts=4, x0=855083177
P2, tp=4, ts=4, x0=245304478
P2, tp=4, ts=4, x0=187187076
P3, tp=4, ts=4, x0=205053976
P1, tp=4, ts=4, x0=321742630, x1=901452808
P0, tp=4, ts=4, x0=827173646
P3, tp=4, ts=4, x0=187187076
P3, tp=4, ts=4, x0=807226666
P1, tp=4, ts=4, x0=969100848, x1=787782137
P1, tp=4, ts=4, x0=893128751, x1=537178841
P1, tp=4, ts=4, x0=718815901, x1=31712170
P2, tp=4, ts=4, x0=205053976
P2, tp=4, ts=4, x0=960197595
P0, tp=4, ts=4, x0=322389486
P2, tp=4, ts=4, x0=893234148
P2, tp=4, ts=4, x0=893128751
P1, tp=4, ts=4, x0=400885143, x1=512115179
P1, tp=4, ts=4, x0=991599736, x1=916748940
P1, tp=4, ts=4, x0=807226666, x1=917043297
P3, tp=4, ts=4, x0=111014918
P2, tp=4, ts=4, x0=554899733
P1, tp=4, ts=4, x0=629998525, x1=362454501
P2, tp=4, ts=4, x0=400885143
P3, tp=4, ts=4, x0=969100848
P1, tp=4, ts=4, x0=571598936, x1=855083177
P2, tp=4, ts=4, x0=787782137
P2, tp=4, ts=4, x0=787782137
P2, tp=4, ts=4, x0=481145637
P0, tp=4, ts=4, x0=787782137
P3, tp=4, ts=4, x0=768417664
P1, tp=4, ts=4, x0=426811856, x1=205053976
P2, tp=4, ts=4, x0=301408761
P2, tp=4, ts=4, x0=544564365
P2, tp=4, ts=4, x0=132065159
P1, tp=4, ts=4, x0=946108616, x1=421759463
P2, tp=4, ts=4, x0=6415984
P2, tp=4, ts=4, x0=775448190
P3, tp=4, ts=4, x0=40874643
P1, tp=4, ts=4, x0=646668806, x1=205233360
P2, tp=4, ts=4, x0=325560851
P0, tp=4, ts=4, x0=725140564
P3, tp=4, ts=4, x0=554899733
P1, tp=4, ts=4, x0=260419518, x1=362454501
P0, tp=4, ts=4, x0=19789701
P1, tp=4, ts=4, x0=325560851, x1=421759463
P1, tp=4, ts=4, x0=288168526, x1=207688904
P3, tp=4, ts=4, x0=833485735
P3, tp=4, ts=4, x0=568315041
P3, tp=4, ts=4, x0=629998525
P3, tp=4, ts=4, x0=896656003
P2, tp=4, ts=4, x0=322389486
P0, tp=4, ts=4, x0=991599736
P3, tp=4, ts=4, x0=19789701
P1, tp=4, ts=4, x0=568315041, x1=827173646
P3, tp=4, ts=4, x0=871988861
P2, tp=4, ts=4, x0=845370893
P3, tp=4, ts=4, x0=245304478
P3, tp=4, ts=4, x0=619507635
P0, tp=4, ts=4, x0=326650546
P0, tp=4, ts=4, x0=205053976
P2, tp=4, ts=4, x0=31712170
P0, tp=4, ts=4, x0=845370893
P1, tp=4, ts=4, x0=584799007, x1=358764715
P3, tp=4, ts=4, x0=678977599
P1, tp=4, ts=4, x0=62949616, x1=787782137
P2, tp=4, ts=4, x0=111014918
P0, tp=4, ts=4, x0=362454501
P1, tp=4, ts=4, x0=38065289, x1=481145637
P3, tp=4, ts=4, x0=636552923
P1, tp=4, ts=4, x0=855083177, x1=288168526
P0, tp=4, ts=4, x0=718815901
P0, tp=4, ts=4, x0=787782137
P2, tp=4, ts=4, x0=62949616
P3, tp=4, ts=4, x0=260038037
P0, tp=4, ts=4, x0=544564365
P2, tp=4, ts=4, x0=948633806
P3, tp=4, ts=4, x0=785516389
P0, tp=4, ts=4, x0=205053976
P2, tp=4, ts=4, x0=342531013
P2, tp=4, ts=4, x0=833485735
P2, tp=4, ts=4, x0=827173646
P3, tp=4, ts=4, x0=481145637
P3, tp=4, ts=4, x0=400885143
P0, tp=4, ts=4, x0=619878586
P2, tp=4, ts=4, x0=960197595
P2, tp=4, ts=4, x0=718815901
P1, tp=4, ts=4, x0=785516389, x1=298560966
P3, tp=4, ts=4, x0=69140036
P1, tp=4, ts=4, x0=19634274, x1=38065289
P3, tp=4, ts=4, x0=229605487
P3, tp=4, ts=4, x0=660826492
P3, tp=4, ts=4, x0=19634274
P2, tp=4, ts=4, x0=893234148
P1, tp=4, ts=4, x0=619878586, x1=322389486
P0, tp=4, ts=4, x0=568315041
P3, tp=4, ts=4, x0=5795079
P0, tp=4, ts=4, x0=971204661
P2, tp=4, ts=4, x0=971204661
P2, tp=4, ts=4, x0=111014918
P2, tp=4, ts=4, x0=571598936
P0, tp=4, ts=4, x0=38065289
P1, tp=4, ts=4, x0=921713915, x1=660974677
P0, tp=4, ts=4, x0=421759463
P0, tp=4, ts=4, x0=326650546
P2, tp=4, ts=4, x0=38065289
P1, tp=4, ts=4, x0=135008159, x1=205233360
P1, tp=4, ts=4, x0=260419518, x1=69140036
P1, tp=4, ts=4, x0=245304478, x1=321742630
P3, tp=4, ts=4, x0=804175966
P0, tp=4, ts=4, x0=878015212
P2, tp=4, ts=4, x0=205233360
P2, tp=4, ts=4, x0=288168526
P3, tp=4, ts=4, x0=332184314
P2, tp=4, ts=4, x0=639149944
P2, tp=4, ts=4, x0=521190547
P1, tp=4, ts=4, x0=92432098, x1=537178841
P1, tp=4, ts=4, x0=556534690, x1=896656003
P3, tp=4, ts=4, x0=804175966
P2, tp=4, ts=4, x0=855083177
P1, tp=4, ts=4, x0=81391188, x1=298560966
P0, tp=4, ts=4, x0=544952570
P1, tp=4, ts=4, x0=718815901, x1=946108616
P0, tp=4, ts=4, x0=960197595
P1, tp=4, ts=4, x0=833485735, x1=916748940
P2, tp=4, ts=4, x0=92432098
P2, tp=4, ts=4, x0=69140036
P2, tp=4, ts=4, x0=132065159
P3, tp=4, ts=4, x0=146525744
P3, tp=4, ts=4, x0=775448190
P3, tp=4, ts=4, x0=342531013
P0, tp=4, ts=4, x0=678977599
P1, tp=4, ts=4, x0=660826492, x1=544952570
P0, tp=4, ts=4, x0=81391188
P0, tp=4, ts=4, x0=31712170
P1, tp=4, ts=4, x0=544952570, x1=342531013
P2, tp=4, ts=4, x0=718815901
P3, tp=4, ts=4, x0=62949616
P2, tp=4, ts=4, x0=619878586
P2, tp=4, ts=4, x0=135008159
P3, tp=4, ts=4, x0=968466900
P3, tp=4, ts=4, x0=92432098
P2, tp=4, ts=4, x0=537178841
P2, tp=4, ts=4, x0=896656003
P0, tp=4, ts=4, x0=218792971
P3, tp=4, ts=4, x0=846649726
P0, tp=4, ts=4, x0=298560966
P2, tp=4, ts=4, x0=865897959
P3, tp=4, ts=4, x0=751464736
P3, tp=4, ts=4, x0=362454501
P0, tp=4, ts=4, x0=326650546
P0, tp=4, ts=4, x0=693249006
P3, tp=4, ts=4, x0=636552923
P3, tp=4, ts=4, x0=38065289
P1, tp=4, ts=4, x0=173272776, x1=459878825
P0, tp=4, ts=4, x0=146525744
P3, tp=4, ts=4, x0=62949616
P3, tp=4, ts=4, x0=639149944
P1, tp=4, ts=4, x0=917043297, x1=693249006
P0, tp=4, ts=4, x0=207688904
P0, tp=4, ts=4, x0=762018434
P1, tp=4, ts=4, x0=807226666, x1=81391188
P1, tp=4, ts=4, x0=245304478, x1=6415984
P1, tp=4, ts=4, x0=991599736, x1=512115179
P2, tp=4, ts=4, x0=768417664
P1, tp=4, ts=4, x0=400885143, x1=896656003
P1, tp=4, ts=4, x0=648980091, x1=374635915
P1, tp=4, ts=4, x0=800087051, x1=173272776
P0, tp=4, ts=4, x0=762018434
P0, tp=4, ts=4, x0=205053976
P0, tp=4, ts=4, x0=991599736
P2, tp=4, ts=4, x0=846649726
P1, tp=4, ts=4, x0=205053976, x1=568315041
P0, tp=4, ts=4, x0=685853111
P3, tp=4, ts=4, x0=207002179
P1, tp=4, ts=4, x0=982934950, x1=207688904
P2, tp=4, ts=4, x0=678977599
P0, tp=4, ts=4, x0=974356170
P2, tp=4, ts=4, x0=481145637
P3, tp=4, ts=4, x0=646668806
P0, tp=4, ts=4, x0=974356170
P2, tp=4, ts=4, x0=205053976
P3, tp=4, ts=4, x0=556534690
P2, tp=4, ts=4, x0=268830605
P2, tp=4, ts=4, x0=660974677
P1, tp=4, ts=4, x0=901452808, x1=845370893
P2, tp=4, ts=4, x0=31712170
P1, tp=4, ts=4, x0=991599736, x1=146759135
P2, tp=4, ts=4, x0=807226666
P3, tp=4, ts=4, x0=210846375
P1, tp=4, ts=4, x0=132065159, x1=31712170
P1, tp=4, ts=4, x0=871988861, x1=982934950
P2, tp=4, ts=4, x0=521190547
P3, tp=4, ts=4, x0=845370893
P0, tp=4, ts=4, x0=871988861
P1, tp=4, ts=4, x0=38065289, x1=362454501
P2, tp=4, ts=4, x0=459655874
P1, tp=4, ts=4, x0=668723619, x1=871988861
P3, tp=4, ts=4, x0=971204661
P0, tp=4, ts=4, x0=268830605
P1, tp=4, ts=4, x0=968466900, x1=660826492
P0, tp=4, ts=4, x0=751464736
P2, tp=4, ts=4, x0=946108616
P0, tp=4, ts=4, x0=5795079
P2, tp=4, ts=4, x0=969100848
P2, tp=4, ts=4, x0=991944501
P2, tp=4, ts=4, x0=325560851
P3, tp=4, ts=4, x0=325560851
P3, tp=4, ts=4, x0=960197595
P3, tp=4, ts=4, x0=326650546
P2, tp=4, ts=4, x0=855083177
P1, tp=4, ts=4, x0=646668806, x1=599940945
P0, tp=4, ts=4, x0=218792971
P1, tp=4, ts=4, x0=896656003, x1=218792971
P3, tp=4, ts=4, x0=544952570
P1, tp=4, ts=4, x0=325560851, x1=619507635
P1, tp=4, ts=4, x0=896656003, x1=800087051
P3, tp=4, ts=4, x0=849010376
P0, tp=4, ts=4, x0=762018434
P3, tp=4, ts=4, x0=800087051
P0, tp=4, ts=4, x0=132065159
P1, tp=4, ts=4, x0=81391188, x1=132065159
P2, tp=4, ts=4, x0=893128751
P2, tp=4, ts=4, x0=878015212
P3, tp=4, ts=4, x0=554899733
P3, tp=4, ts=4, x0=960197595
P3, tp=4, ts=4, x0=628517659
P1, tp=4, ts=4, x0=845370893, x1=991944501
P2, tp=4, ts=4, x0=648980091
P3, tp=4, ts=4, x0=991599736
P1, tp=4, ts=4, x0=982934950, x1=648365780
P3, tp=4, ts=4, x0=205053976
P0, tp=4, ts=4, x0=146759135
P3, tp=4, ts=4, x0=301408761
P2, tp=4, ts=4, x0=38065289
P0, tp=4, ts=4, x0=19789701
P0, tp=4, ts=4, x0=497761576
P0, tp=4, ts=4, x0=286514879
P1, tp=4, ts=4, x0=646668806, x1=982934950
P2, tp=4, ts=4, x0=229605487
P0, tp=4, ts=4, x0=622193866
P3, tp=4, ts=4, x0=207688904
P3, tp=4, ts=4, x0=648365780
P0, tp=4, ts=4, x0=81391188
P3, tp=4, ts=4, x0=878015212
P2, tp=4, ts=4, x0=896656003
P0, tp=4, ts=4, x0=878015212
P1, tp=4, ts=4, x0=288168526, x1=893234148
P0, tp=4, ts=4, x0=459655874
P1, tp=4, ts=4, x0=538077878, x1=5795079
P2, tp=4, ts=4, x0=38065289
P3, tp=4, ts=4, x0=497761576
P3, tp=4, ts=4, x0=916748940
P1, tp=4, ts=4, x0=636552923, x1=642966774
P2, tp=4, ts=4, x0=648980091
P3, tp=4, ts=4, x0=948633806
P1, tp=4, ts=4, x0=971204661, x1=991944501
P0, tp=4, ts=4, x0=893234148
P3, tp=4, ts=4, x0=374635915
P2, tp=4, ts=4, x0=718815901
P1, tp=4, ts=4, x0=481145637, x1=648365780
P2, tp=4, ts=4, x0=762018434
P2, tp=4, ts=4, x0=135008159
P1, tp=4, ts=4, x0=871520134, x1=619507635
P3, tp=4, ts=4, x0=646668806
P3, tp=4, ts=4, x0=426811856
P3, tp=4, ts=4, x0=207688904
P0, tp=4, ts=4, x0=846649726
P3, tp=4, ts=4, x0=628517659
P3, tp=4, ts=4, x0=767671825
P0, tp=4, ts=4, x0=762018434
P2, tp=4, ts=4, x0=668723619
P2, tp=4, ts=4, x0=298560966
P1, tp=4, ts=4, x0=146525744, x1=568315041
P0, tp=4, ts=4, x0=374635915
P3, tp=4, ts=4, x0=896656003
P2, tp=4, ts=4, x0=800087051
P3, tp=4, ts=4, x0=421796939
P0, tp=4, ts=4, x0=3112968
P3, tp=4, ts=4, x0=648980091
P0, tp=4, ts=4, x0=301408761
P3, tp=4, ts=4, x0=521190547
P2, tp=4, ts=4, x0=544952570
P3, tp=4, ts=4, x0=6415984
P0, tp=4, ts=4, x0=19634274
P3, tp=4, ts=4, x0=210846375
P2, tp=4, ts=4, x0=693249006
P3, tp=4, ts=4, x0=639149944
P3, tp=4, ts=4, x0=762018434
P3, tp=4, ts=4, x0=870850333
P1, tp=4, ts=4, x0=146759135, x1=974356170
P0, tp=4, ts=4, x0=512115179
P2, tp=4, ts=4, x0=538077878
P1, tp=4, ts=4, x0=893234148, x1=236202006
P2, tp=4, ts=4, x0=406541599
P0, tp=4, ts=4, x0=751464736
P0, tp=4, ts=4, x0=260419518
P0, tp=4, ts=4, x0=260038037
P3, tp=4, ts=4, x0=19634274
P2, tp=4, ts=4, x0=991599736
P2, tp=4, ts=4, x0=463416745
P3, tp=4, ts=4, x0=463416745
P0, tp=4, ts=4, x0=463416745
P0, tp=4, ts=4, x0=6415984
P3, tp=4, ts=4, x0=6430302
P0, tp=4, ts=4, x0=6415984
P0, tp=4, ts=4, x0=960197595
P3, tp=4, ts=4, x0=372147664
P2, tp=4, ts=4, x0=456248150
P0, tp=4, ts=4, x0=481145637
P1, tp=4, ts=4, x0=6430302, x1=362454501
P0, tp=4, ts=4, x0=362454501
P1, tp=4, ts=4, x0=648365780, x1=685909788
P0, tp=4, ts=4, x0=236202006
P0, tp=4, ts=4, x0=406541599
P3, tp=4, ts=4, x0=465568244
P0, tp=4, ts=4, x0=867276917
P0, tp=4, ts=4, x0=374635915
P0, tp=4, ts=4, x0=362454501
P3, tp=4, ts=4, x0=512115179
P2, tp=4, ts=4, x0=991599736
P2, tp=4, ts=4, x0=521190547
P3, tp=4, ts=4, x0=81391188
P1, tp=4, ts=4, x0=668723619, x1=619878586
P1, tp=4, ts=4, x0=619507635, x1=901452808
P2, tp=4, ts=4, x0=846649726
P3, tp=4, ts=4, x0=867276917
P1, tp=4, ts=4, x0=948633806, x1=660826492
P3, tp=4, ts=4, x0=968466900
P2, tp=4, ts=4, x0=426811856
P1, tp=4, ts=4, x0=804175966, x1=301408761
P1, tp=4, ts=4, x0=971204661, x1=236202006
P1, tp=4, ts=4, x0=342483095, x1=229605487
P2, tp=4, ts=4, x0=916748940
P0, tp=4, ts=4, x0=298560966
P0, tp=4, ts=4, x0=599940945
P0, tp=4, ts=4, x0=260038037
P3, tp=4, ts=4, x0=19789701
P2, tp=4, ts=4, x0=867276917
P0, tp=4, ts=4, x0=372147664
P0, tp=4, ts=4, x0=599940945
P3, tp=4, ts=4, x0=646668806
P0, tp=4, ts=4, x0=885264729
P2, tp=4, ts=4, x0=622193866
P3, tp=4, ts=4, x0=974356170
P0, tp=4, ts=4, x0=537178841
P2, tp=4, ts=4, x0=804175966
P0, tp=4, ts=4, x0=685909788
P1, tp=4, ts=4, x0=260419518, x1=648365780
P0, tp=4, ts=4, x0=718815901
P1, tp=4, ts=4, x0=594189553, x1=619507635
P1, tp=4, ts=4, x0=286514879, x1=800087051
P0, tp=4, ts=4, x0=421796939
P1, tp=4, ts=4, x0=321742630, x1=207688904
P0, tp=4, ts=4, x0=971204661
P2, tp=4, ts=4, x0=991599736
P2, tp=4, ts=4, x0=481145637
P0, tp=4, ts=4, x0=845674636
P2, tp=4, ts=4, x0=544952570
P1, tp=4, ts=4, x0=762018434, x1=19634274
P2, tp=4, ts=4, x0=135008159
P2, tp=4, ts=4, x0=901452808
P1, tp=4, ts=4, x0=521190547, x1=711341966
P2, tp=4, ts=4, x0=210846375
P0, tp=4, ts=4, x0=646668806
P3, tp=4, ts=4, x0=966303282
P2, tp=4, ts=4, x0=207688904
P0, tp=4, ts=4, x0=286514879
P3, tp=4, ts=4, x0=901452808
P3, tp=4, ts=4, x0=135008159
P1, tp=4, ts=4, x0=298560966, x1=751464736
P3, tp=4, ts=4, x0=711341966
P1, tp=4, ts=4, x0=827173646, x1=678977599
P0, tp=4, ts=4, x0=269660228
P3, tp=4, ts=4, x0=693249006
P1, tp=4, ts=4, x0=456248150, x1=971204661
P2, tp=4, ts=4, x0=846649726
P3, tp=4, ts=4, x0=537178841
P0, tp=4, ts=4, x0=661543397
P1, tp=4, ts=4, x0=896656003, x1=768417664
P3, tp=4, ts=4, x0=968466900
P1, tp=4, ts=4, x0=693249006, x1=342483095
P1, tp=4, ts=4, x0=637499217, x1=767671825
P0, tp=5, ts=5, x0=839060443
P2, tp=5, ts=5, x0=6415984
P0, tp=5, ts=5, x0=31712170
P0, tp=5, ts=5, x0=827173646
P1, tp=5, ts=5, x0=849010376, x1=288168526
P2, tp=5, ts=5, x0=855083177
P3, tp=5, ts=5, x0=637499217
P0, tp=5, ts=5, x0=69140036
P1, tp=5, ts=5, x0=39715806, x1=637499217
P0, tp=5, ts=5, x0=639149944
P0, tp=5, ts=5, x0=685853111
P3, tp=5, ts=5, x0=762018434
P3, tp=5, ts=5, x0=849010376
P0, tp=5, ts=5, x0=135008159
P1, tp=5, ts=5, x0=678977599, x1=916748940
P3, tp=5, ts=5, x0=426811856
P0, tp=5, ts=5, x0=406541599
P3, tp=5, ts=5, x0=948633806
P2, tp=5, ts=5, x0=661543397
P2, tp=5, ts=5, x0=968466900
P1, tp=5, ts=5, x0=916748940, x1=81391188
P2, tp=5, ts=5, x0=194621906
P2, tp=5, ts=5, x0=678977599
P1, tp=5, ts=5, x0=642966774, x1=19634274
P2, tp=5, ts=5, x0=896656003
P2, tp=5, ts=5, x0=19634274
P1, tp=5, ts=5, x0=849010376, x1=19634274
P2, tp=5, ts=5, x0=846649726
P0, tp=5, ts=5, x0=648365780
P0, tp=5, ts=5, x0=855083177
P0, tp=5, ts=5, x0=463416745
P2, tp=5, ts=5, x0=661543397
P3, tp=5, ts=5, x0=362454501
P1, tp=5, ts=5, x0=966303282, x1=893128751
P1, tp=5, ts=5, x0=81391188, x1=321742630
P0, tp=5, ts=5, x0=867276917
P3, tp=5, ts=5, x0=867276917
P2, tp=5, ts=5, x0=69140036
P1, tp=5, ts=5, x0=846649726, x1=629998525
P3, tp=5, ts=5, x0=893234148
P1, tp=5, ts=5, x0=194621906, x1=260038037
P3, tp=5, ts=5, x0=987768407
P1, tp=5, ts=5, x0=867276917, x1=463416745
P3, tp=5, ts=5, x0=342483095
P2, tp=5, ts=5, x0=800087051
P2, tp=5, ts=5, x0=207002179
P2, tp=5, ts=5, x0=855083177
P1, tp=5, ts=5, x0=718815901, x1=893234148
P1, tp=5, ts=5, x0=885264729, x1=849010376
P0, tp=5, ts=5, x0=768417664
P1, tp=5, ts=5, x0=609244565, x1=991944501
P2, tp=5, ts=5, x0=229605487
P3, tp=5, ts=5, x0=568315041
P3, tp=5, ts=5, x0=426811856
P3, tp=5, ts=5, x0=782588046
P0, tp=5, ts=5, x0=639149944
P2, tp=5, ts=5, x0=639149944
P3, tp=5, ts=5, x0=960197595
P3, tp=5, ts=5, x0=629998525
P0, tp=5, ts=5, x0=286514879
P1, tp=5, ts=5, x0=332184314, x1=568315041
P2, tp=5, ts=5, x0=991944501
P1, tp=5, ts=5, x0=194621906, x1=152111715
P1, tp=5, ts=5, x0=480240985, x1=629998525
P3, tp=5, ts=5, x0=521190547
P0, tp=5, ts=5, x0=960197595
P1, tp=5, ts=5, x0=187187076, x1=147778092
P0, tp=5, ts=5, x0=968466900
P2, tp=5, ts=5, x0=849010376
P3, tp=5, ts=5, x0=693249006
P3, tp=5, ts=5, x0=571598936
P1, tp=5, ts=5, x0=374635915, x1=321742630
P1, tp=5, ts=5, x0=817047335, x1=81391188
P1, tp=5, ts=5, x0=207002179, x1=736230287
P1, tp=5, ts=5, x0=609244565, x1=19634274
P2, tp=5, ts=5, x0=480240985
P0, tp=5, ts=5, x0=628517659
P1, tp=5, ts=5, x0=260038037, x1=481145637
P2, tp=5, ts=5, x0=584799007
P2, tp=5, ts=5, x0=8240601
P0, tp=5, ts=5, x0=288168526
P2, tp=5, ts=5, x0=269660228
P2, tp=5, ts=5, x0=711341966
P0, tp=5, ts=5, x0=301408761
P3, tp=5, ts=5, x0=584799007
P2, tp=5, ts=5, x0=6415984
P1, tp=5, ts=5, x0=775448190, x1=767671825
P0, tp=5, ts=5, x0=736230287
P0, tp=5, ts=5, x0=767671825
P0, tp=5, ts=5, x0=19634274
P3, tp=5, ts=5, x0=342483095
P0, tp=5, ts=5, x0=135008159
P3, tp=5, ts=5, x0=619507635
P1, tp=5, ts=5, x0=147778092, x1=867276917
P0, tp=5, ts=5, x0=711341966
P0, tp=5, ts=5, x0=629998525
P2, tp=5, ts=5, x0=571598936
P2, tp=5, ts=5, x0=374635915
P3, tp=5, ts=5, x0=374635915
P2, tp=5, ts=5, x0=987768407
P3, tp=5, ts=5, x0=406541599
P2, tp=5, ts=5, x0=463416745
P2, tp=5, ts=5, x0=968466900
P0, tp=5, ts=5, x0=635685582
P1, tp=5, ts=5, x0=948633806, x1=342483095
P2, tp=5, ts=5, x0=571598936
P0, tp=5, ts=5, x0=648365780
P2, tp=5, ts=5, x0=991599736
P0, tp=5, ts=5, x0=459878825
P3, tp=5, ts=5, x0=364297204
P2, tp=5, ts=5, x0=619507635
P2, tp=5, ts=5, x0=885264729
P1, tp=5, ts=5, x0=646668806, x1=901452808
P2, tp=5, ts=5, x0=406541599
P2, tp=5, ts=5, x0=628517659
P2, tp=5, ts=5, x0=960197595
P0, tp=5, ts=5, x0=599940945
P3, tp=5, ts=5, x0=594189553
P2, tp=5, ts=5, x0=260038037
P1, tp=5, ts=5, x0=637499217, x1=31712170
P2, tp=5, ts=5, x0=827173646
P3, tp=5, ts=5, x0=218792971
P0, tp=5, ts=5, x0=321742630
P0, tp=5, ts=5, x0=817047335
P2, tp=5, ts=5, x0=845674636
P2, tp=5, ts=5, x0=521190547
P0, tp=5, ts=5, x0=135008159
P1, tp=5, ts=5, x0=845674636, x1=207002179
P1, tp=5, ts=5, x0=406541599, x1=463416745
P3, tp=5, ts=5, x0=867276917
P3, tp=5, ts=5, x0=775448190
P2, tp=5, ts=5, x0=207002179
P0, tp=5, ts=5, x0=526452938
P0, tp=5, ts=5, x0=642966774
P0, tp=5, ts=5, x0=599940945
P3, tp=5, ts=5, x0=378025987
P1, tp=5, ts=5, x0=136918708, x1=642966774
P3, tp=5, ts=5, x0=609244565
P2, tp=5, ts=5, x0=839060443
P0, tp=5, ts=5, x0=948633806
P0, tp=5, ts=5, x0=31712170
P1, tp=5, ts=5, x0=207002179, x1=6430302
P1, tp=5, ts=5, x0=885264729, x1=736230287
P0, tp=5, ts=5, x0=480240985
P3, tp=5, ts=5, x0=19634274
P0, tp=5, ts=5, x0=269660228
P3, tp=5, ts=5, x0=3112968
P3, tp=5, ts=5, x0=421796939
P1, tp=5, ts=5, x0=846649726, x1=426811856
P3, tp=5, ts=5, x0=187187076
P3, tp=5, ts=5, x0=584799007
P1, tp=5, ts=5, x0=69140036, x1=678977599
P3, tp=5, ts=5, x0=38065289
P3, tp=5, ts=5, x0=372147664
P3, tp=5, ts=5, x0=991599736
P1, tp=5, ts=5, x0=3112968, x1=688569762
P1, tp=5, ts=5, x0=603797089, x1=459878825
P0, tp=5, ts=5, x0=332184314
P0, tp=5, ts=5, x0=38065289
P2, tp=5, ts=5, x0=762018434
P0, tp=5, ts=5, x0=374635915
P1, tp=5, ts=5, x0=233427644, x1=693249006
P3, tp=5, ts=5, x0=594189553
P2, tp=5, ts=5, x0=301408761
P0, tp=5, ts=5, x0=69140036
P0, tp=5, ts=5, x0=639149944
P0, tp=5, ts=5, x0=594189553
P0, tp=5, ts=5, x0=8240601
P0, tp=5, ts=5, x0=846649726
P2, tp=5, ts=5, x0=991944501
P2, tp=5, ts=5, x0=762018434
P0, tp=5, ts=5, x0=147778092
P1, tp=5, ts=5, x0=966303282, x1=678977599
P2, tp=5, ts=5, x0=609244565
P3, tp=5, ts=5, x0=885264729
P0, tp=5, ts=5, x0=660826492
P1, tp=5, ts=5, x0=194621906, x1=846649726
P2, tp=5, ts=5, x0=31712170
P0, tp=5, ts=5, x0=459878825
P1, tp=5, ts=5, x0=38065289, x1=603797089
P2, tp=5, ts=5, x0=421796939
P0, tp=5, ts=5, x0=770727161
P1, tp=5, ts=5, x0=623542647, x1=218792971
P0, tp=5, ts=5, x0=260038037
P0, tp=5, ts=5, x0=603797089
P1, tp=5, ts=5, x0=619507635, x1=463416745
P1, tp=5, ts=5, x0=584799007, x1=804175966
P0, tp=5, ts=5, x0=374635915
P0, tp=5, ts=5, x0=459878825
P2, tp=5, ts=5, x0=841489267
P2, tp=5, ts=5, x0=770727161
P1, tp=5, ts=5, x0=948633806, x1=332184314
P1, tp=5, ts=5, x0=987768407, x1=599940945
P2, tp=5, ts=5, x0=629998525
P3, tp=5, ts=5, x0=948633806
P2, tp=5, ts=5, x0=233427644
P3, tp=5, ts=5, x0=269660228
P0, tp=5, ts=5, x0=987768407
P3, tp=5, ts=5, x0=459878825
P2, tp=5, ts=5, x0=321742630
P2, tp=5, ts=5, x0=767671825
P2, tp=5, ts=5, x0=603797089
P1, tp=5, ts=5, x0=465568244, x1=481145637
P1, tp=5, ts=5, x0=378025987, x1=378025987
P2, tp=5, ts=5, x0=526452938
P0, tp=5, ts=5, x0=426811856
P3, tp=5, ts=5, x0=966303282
P1, tp=5, ts=5, x0=990229554, x1=609244565
P3, tp=5, ts=5, x0=896656003
P0, tp=5, ts=5, x0=629998525
P1, tp=5, ts=5, x0=8240601, x1=463416745
P3, tp=5, ts=5, x0=685909788
P3, tp=5, ts=5, x0=463416745
P3, tp=5, ts=5, x0=301408761
P0, tp=5, ts=5, x0=110736238
P0, tp=5, ts=5, x0=648365780
P3, tp=5, ts=5, x0=439055059
P3, tp=5, ts=5, x0=885264729
P3, tp=5, ts=5, x0=660826492
P3, tp=5, ts=5, x0=446162547
P0, tp=5, ts=5, x0=584799007
P3, tp=5, ts=5, x0=987768407
P1, tp=5, ts=5, x0=793955134, x1=3112968
P3, tp=5, ts=5, x0=178447784
P2, tp=5, ts=5, x0=459878825
P3, tp=5, ts=5, x0=599940945
P0, tp=5, ts=5, x0=871520134
P0, tp=5, ts=5, x0=867276917
P3, tp=5, ts=5, x0=229605487
P0, tp=5, ts=5, x0=623542647
P0, tp=5, ts=5, x0=660826492
P3, tp=5, ts=5, x0=987768407
P1, tp=5, ts=5, x0=481145637, x1=619507635
P1, tp=5, ts=5, x0=568315041, x1=991599736
P0, tp=5, ts=5, x0=845674636
P1, tp=5, ts=5, x0=668723619, x1=218792971
P0, tp=5, ts=5, x0=865897959
P0, tp=5, ts=5, x0=274439766
P0, tp=5, ts=5, x0=942643621
P0, tp=5, ts=5, x0=637499217
P1, tp=5, ts=5, x0=38065289, x1=526452938
P0, tp=5, ts=5, x0=841489267
P1, tp=5, ts=5, x0=688569762, x1=342483095
P1, tp=5, ts=5, x0=110736238, x1=871520134
P3, tp=5, ts=5, x0=8240601
P2, tp=5, ts=5, x0=49090121
P0, tp=5, ts=5, x0=236202006
P2, tp=5, ts=5, x0=623394804
P3, tp=5, ts=5, x0=456248150
P3, tp=5, ts=5, x0=207002179
P3, tp=5, ts=5, x0=603797089
P1, tp=5, ts=5, x0=110736238, x1=885264729
P2, tp=5, ts=5, x0=374635915
P3, tp=5, ts=5, x0=187187076
P1, tp=5, ts=5, x0=463416745, x1=351192341
P1, tp=5, ts=5, x0=364297204, x1=456248150
P3, tp=5, ts=5, x0=839060443
P3, tp=5, ts=5, x0=364297204
P3, tp=5, ts=5, x0=603797089
P3, tp=5, ts=5, x0=609244565
P3, tp=5, ts=5, x0=623394804
P3, tp=5, ts=5, x0=525876842
P2, tp=5, ts=5, x0=688569762
P3, tp=5, ts=5, x0=678977599
P0, tp=5, ts=5, x0=871520134
P2, tp=5, ts=5, x0=609244565
P1, tp=5, ts=5, x0=711341966, x1=990614552
P2, tp=5, ts=5, x0=260038037
P3, tp=5, ts=5, x0=736230287
P2, tp=5, ts=5, x0=236202006
P1, tp=5, ts=5, x0=841489267, x1=623542647
P2, tp=5, ts=5, x0=711341966
P2, tp=5, ts=5, x0=110736238
P3, tp=5, ts=5, x0=456248150
P1, tp=5, ts=5, x0=865897959, x1=603797089
P2, tp=5, ts=5, x0=736230287
P2, tp=5, ts=5, x0=867276917
P2, tp=5, ts=5, x0=849010376
P0, tp=5, ts=5, x0=18665614
P0, tp=5, ts=5, x0=286514879
P2, tp=5, ts=5, x0=286514879
P1, tp=5, ts=5, x0=693249006, x1=762018434
P1, tp=5, ts=5, x0=136918708, x1=793955134
P0, tp=5, ts=5, x0=991944501
P0, tp=5, ts=5, x0=762018434
P1, tp=5, ts=5, x0=406541599, x1=38065289
P1, tp=5, ts=5, x0=845674636, x1=178447784
P0, tp=5, ts=5, x0=227866787
P3, tp=5, ts=5, x0=688569762
P2, tp=5, ts=5, x0=332184314
P1, tp=5, ts=5, x0=635685582, x1=286514879
P0, tp=5, ts=5, x0=637499217
P3, tp=5, ts=5, x0=893234148
P1, tp=5, ts=5, x0=372147664, x1=651352390
P3, tp=5, ts=5, x0=660826492
P2, tp=5, ts=5, x0=845674636
P0, tp=5, ts=5, x0=274439766
P0, tp=5, ts=5, x0=421796939
P3, tp=5, ts=5, x0=867276917
P0, tp=5, ts=5, x0=768417664
P2, tp=5, ts=5, x0=668723619
P0, tp=5, ts=5, x0=18665614
P3, tp=5, ts=5, x0=846649726
P2, tp=5, ts=5, x0=885264729
P3, tp=5, ts=5, x0=942643621
P3, tp=5, ts=5, x0=456248150
P1, tp=5, ts=5, x0=893234148, x1=987768407
P3, tp=5, ts=5, x0=635685582
P3, tp=5, ts=5, x0=968466900
P3, tp=5, ts=5, x0=635685582
P3, tp=5, ts=5, x0=19634274
P3, tp=5, ts=5, x0=49090121
P3, tp=5, ts=5, x0=372147664
P0, tp=5, ts=5, x0=648365780
P3, tp=5, ts=5, x0=846649726
P0, tp=5, ts=5, x0=849010376
P3, tp=5, ts=5, x0=325560851
P2, tp=5, ts=5, x0=685909788
P0, tp=5, ts=5, x0=896656003
P0, tp=5, ts=5, x0=525876842
P2, tp=5, ts=5, x0=693249006
P1, tp=5, ts=5, x0=841489267, x1=269660228
P0, tp=5, ts=5, x0=374635915
P2, tp=5, ts=5, x0=991944501
P0, tp=5, ts=5, x0=678977599
P2, tp=5, ts=5, x0=336760513
P3, tp=5, ts=5, x0=568315041
P0, tp=5, ts=5, x0=599940945
P1, tp=5, ts=5, x0=875745578, x1=637499217
P3, tp=5, ts=5, x0=351192341
P3, tp=5, ts=5, x0=155339606
P1, tp=5, ts=5, x0=227866787, x1=69140036
P1, tp=5, ts=5, x0=288168526, x1=827173646
P2, tp=5, ts=5, x0=767671825
P3, tp=5, ts=5, x0=711341966
P1, tp=5, ts=5, x0=987768407, x1=446162547
P3, tp=5, ts=5, x0=688569762
P0, tp=5, ts=5, x0=269660228
P0, tp=5, ts=5, x0=966303282
P3, tp=5, ts=5, x0=942643621
P1, tp=5, ts=5, x0=651352390, x1=147778092
P1, tp=5, ts=5, x0=378025987, x1=942643621
P3, tp=5, ts=5, x0=274439766
P0, tp=5, ts=5, x0=336760513
P2, tp=5, ts=5, x0=325560851
P0, tp=5, ts=5, x0=521190547
P0, tp=5, ts=5, x0=966303282
P0, tp=5, ts=5, x0=817047335
P1, tp=5, ts=5, x0=668723619, x1=615745028
P0, tp=5, ts=5, x0=635685582
P2, tp=5, ts=5, x0=609244565
P3, tp=5, ts=5, x0=481145637
P2, tp=5, ts=5, x0=896656003
P0, tp=5, ts=5, x0=268830605
P3, tp=5, ts=5, x0=991944501
P0, tp=5, ts=5, x0=207002179
P0, tp=5, ts=5, x0=768417664
P1, tp=5, ts=5, x0=378025987, x1=557033012
P0, tp=5, ts=5, x0=152111715
P3, tp=5, ts=5, x0=288168526
P2, tp=5, ts=5, x0=851837196
P1, tp=5, ts=5, x0=678977599, x1=680411587
P1, tp=5, ts=5, x0=146759135, x1=594189553
P0, tp=5, ts=5, x0=364297204
P0, tp=5, ts=5, x0=654874248
P3, tp=5, ts=5, x0=480240985
P1, tp=5, ts=5, x0=480240985, x1=3112968
P3, tp=5, ts=5, x0=19634274
P1, tp=5, ts=5, x0=332184314, x1=233427644
P3, tp=5, ts=5, x0=155339606
P2, tp=5, ts=5, x0=648365780
P2, tp=5, ts=5, x0=851837196
P3, tp=5, ts=5, x0=88988497
P3, tp=5, ts=5, x0=481145637
P1, tp=5, ts=5, x0=342483095, x1=609244565
P2, tp=5, ts=5, x0=623542647
P3, tp=5, ts=5, x0=421796939
P0, tp=5, ts=5, x0=966303282
P2, tp=5, ts=5, x0=69140036
P2, tp=5, ts=5, x0=966303282
P1, tp=5, ts=5, x0=651352390, x1=325560851
P0, tp=5, ts=5, x0=274439766
P1, tp=5, ts=5, x0=770727161, x1=668723619
P1, tp=5, ts=5, x0=871520134, x1=88988497
P2, tp=5, ts=5, x0=793955134
P1, tp=5, ts=5, x0=841489267, x1=38065289
P0, tp=5, ts=5, x0=155339606
P1, tp=5, ts=5, x0=897962761, x1=827173646
P2, tp=5, ts=5, x0=957569083
P3, tp=5, ts=5, x0=915035320
P2, tp=5, ts=5, x0=340662606
P3, tp=5, ts=5, x0=615745028
P0, tp=5, ts=5, x0=45153954
P0, tp=5, ts=5, x0=736230287
P2, tp=5, ts=5, x0=642966774
P2, tp=5, ts=5, x0=88988497
P1, tp=5, ts=5, x0=332184314, x1=867276917
P0, tp=5, ts=5, x0=6430302
P3, tp=5, ts=5, x0=635685582
P3, tp=5, ts=5, x0=340662606
P2, tp=5, ts=5, x0=3112968
P2, tp=5, ts=5, x0=298560966
P0, tp=5, ts=5, x0=49090121
P2, tp=5, ts=5, x0=439055059
P3, tp=5, ts=5, x0=481145637
P2, tp=5, ts=5, x0=875745578
P0, tp=5, ts=5, x0=851837196
P3, tp=5, ts=5, x0=642966774
P3, tp=5, ts=5, x0=351192341
P2, tp=5, ts=5, x0=309353683
P0, tp=5, ts=5, x0=342598852
P1, tp=5, ts=5, x0=207002179, x1=915035320
P1, tp=5, ts=5, x0=421796939, x1=915035320
P3, tp=5, ts=5, x0=991944501
P1, tp=5, ts=5, x0=525876842, x1=459878825
P0, tp=5, ts=5, x0=35416328
P2, tp=5, ts=5, x0=332184314
P1, tp=5, ts=5, x0=680411587, x1=651352390
P3, tp=5, ts=5, x0=374635915
P1, tp=5, ts=5, x0=615745028, x1=364297204
P2, tp=5, ts=5, x0=465568244
P0, tp=5, ts=5, x0=968466900
P0, tp=5, ts=5, x0=990614552
P2, tp=5, ts=5, x0=342598852
P0, tp=5, ts=5, x0=654874248
P3, tp=5, ts=5, x0=364297204
P3, tp=5, ts=5, x0=968466900
P1, tp=5, ts=5, x0=6430302, x1=635685582
P2, tp=5, ts=5, x0=609244565
P2, tp=5, ts=5, x0=851837196
P2, tp=5, ts=5, x0=736230287
P3, tp=5, ts=5, x0=865897959
P0, tp=5, ts=5, x0=867276917
P3, tp=5, ts=5, x0=233427644
P0, tp=5, ts=5, x0=465568244
P1, tp=5, ts=5, x0=839060443, x1=668723619
P0, tp=5, ts=5, x0=260038037
P2, tp=5, ts=5, x0=871520134
P1, tp=5, ts=5, x0=990229554, x1=8240601
P0, tp=5, ts=5, x0=35416328
P1, tp=5, ts=5, x0=269660228, x1=990614552
P3, tp=5, ts=5, x0=635685582
P0, tp=5, ts=5, x0=459878825
P3, tp=5, ts=5, x0=135667386
P1, tp=5, ts=5, x0=768417664, x1=226466265
P2, tp=5, ts=5, x0=680411587
P0, tp=5, ts=5, x0=623394804
P2, tp=5, ts=5, x0=340662606
P2, tp=5, ts=5, x0=263573809
P1, tp=5, ts=5, x0=987768407, x1=623542647
P3, tp=5, ts=5, x0=841489267
P3, tp=5, ts=5, x0=661543397
P3, tp=5, ts=5, x0=693249006
P2, tp=5, ts=5, x0=6430302
P3, tp=5, ts=5, x0=609244565
P1, tp=5, ts=5, x0=642966774, x1=989450625
P3, tp=5, ts=5, x0=378025987
P0, tp=5, ts=5, x0=525876842
P1, tp=5, ts=5, x0=74624411, x1=309353683
P3, tp=5, ts=5, x0=178447784
P2, tp=5, ts=5, x0=957569083
P3, tp=5, ts=5, x0=615745028
P1, tp=5, ts=5, x0=207002179, x1=74624411
P3, tp=5, ts=5, x0=364297204
P3, tp=5, ts=5, x0=867276917
P2, tp=5, ts=5, x0=849010376
P3, tp=5, ts=5, x0=3112968
P2, tp=5, ts=5, x0=155339606
P3, tp=5, ts=5, x0=236202006
P1, tp=5, ts=5, x0=459878825, x1=915035320
P3, tp=5, ts=5, x0=268830605
P1, tp=5, ts=5, x0=639149944, x1=465568244
P2, tp=5, ts=5, x0=269660228
P3, tp=5, ts=5, x0=688569762
P1, tp=5, ts=5, x0=146759135, x1=254649224
P3, tp=5, ts=5, x0=39715806
P1, tp=5, ts=5, x0=316521978, x1=332184314
P2, tp=5, ts=5, x0=332184314
P0, tp=5, ts=5, x0=623542647
P0, tp=5, ts=5, x0=991944501
P1, tp=5, ts=5, x0=3112968, x1=155339606
P3, tp=5, ts=5, x0=263573809
P0, tp=5, ts=5, x0=35416328
P0, tp=5, ts=5, x0=942643621
P1, tp=5, ts=5, x0=897962761, x1=263573809
P0, tp=5, ts=5, x0=637499217
P1, tp=5, ts=5, x0=316521978, x1=226466265
P3, tp=5, ts=5, x0=88988497
P0, tp=5, ts=5, x0=849010376
P0, tp=5, ts=5, x0=767671825
P2, tp=5, ts=5, x0=594189553
P3, tp=5, ts=5, x0=782588046
P2, tp=5, ts=5, x0=688569762
P3, tp=5, ts=5, x0=342598852
P1, tp=5, ts=5, x0=8240601, x1=351192341
P1, tp=5, ts=5, x0=233427644, x1=841489267
P3, tp=5, ts=5, x0=639149944
P2, tp=5, ts=5, x0=987768407
P0, tp=5, ts=5, x0=639149944
P1, tp=5, ts=5, x0=619011997, x1=711341966
P3, tp=5, ts=5, x0=6430302
P1, tp=5, ts=5, x0=942643621, x1=135667386
P2, tp=5, ts=5, x0=236202006
P1, tp=5, ts=5, x0=456248150, x1=609244565
P2, tp=5, ts=5, x0=871520134
P1, tp=5, ts=5, x0=693249006, x1=155339606
P1, tp=5, ts=5, x0=968466900, x1=74624411
P0, tp=5, ts=5, x0=688569762
P1, tp=5, ts=5, x0=236202006, x1=849010376
P2, tp=5, ts=5, x0=968466900
P0, tp=5, ts=5, x0=439055059
P2, tp=5, ts=5, x0=915035320
P0, tp=5, ts=5, x0=890849214
P2, tp=5, ts=5, x0=680411587
P0, tp=5, ts=5, x0=226466265
P1, tp=5, ts=5, x0=989450625, x1=623542647
P3, tp=5, ts=5, x0=233427644
P0, tp=5, ts=5, x0=378025987
P2, tp=5, ts=5, x0=989450625
P2, tp=5, ts=5, x0=525876842
P3, tp=5, ts=5, x0=178447784
P3, tp=5, ts=5, x0=806218387
P0, tp=5, ts=5, x0=957569083
P2, tp=5, ts=5, x0=991944501
P0, tp=5, ts=5, x0=693249006
P1, tp=5, ts=5, x0=623394804, x1=635685582
P0, tp=5, ts=5, x0=463416745
P2, tp=5, ts=5, x0=865897959
P2, tp=5, ts=5, x0=966303282
P2, tp=5, ts=5, x0=817047335
P1, tp=5, ts=5, x0=991944501, x1=865897959
P2, tp=5, ts=5, x0=269660228
P3, tp=5, ts=5, x0=147778092
P3, tp=5, ts=5, x0=623394804
P1, tp=5, ts=5, x0=35416328, x1=446162547
P0, tp=5, ts=5, x0=8240601
P1, tp=5, ts=5, x0=233427644, x1=35416328
P1, tp=5, ts=5, x0=286514879, x1=88988497
P2, tp=5, ts=5, x0=39715806
P0, tp=5, ts=5, x0=871520134
P0, tp=5, ts=5, x0=616236419
P1, tp=5, ts=5, x0=74624411, x1=407639747
P3, tp=5, ts=5, x0=254649224
P2, tp=5, ts=5, x0=817047335
P3, tp=5, ts=5, x0=557033012
P1, tp=5, ts=5, x0=340662606, x1=648365780
P0, tp=5, ts=5, x0=146759135
P1, tp=5, ts=5, x0=112976504, x1=845674636
P3, tp=5, ts=5, x0=269660228
P3, tp=5, ts=5, x0=987768407
P2, tp=5, ts=5, x0=45153954
P2, tp=5, ts=5, x0=619011997
P0, tp=5, ts=5, x0=901252304
P1, tp=5, ts=5, x0=207002179, x1=364297204
P0, tp=5, ts=5, x0=616236419
P3, tp=5, ts=5, x0=88988497
P2, tp=5, ts=5, x0=135667386
P0, tp=5, ts=5, x0=233427644
P3, tp=5, ts=5, x0=224906571
P0, tp=5, ts=5, x0=526452938
P1, tp=5, ts=5, x0=890849214, x1=135667386
P2, tp=5, ts=5, x0=648365780
P0, tp=5, ts=5, x0=316521978
P3, tp=5, ts=5, x0=226466265
P2, tp=5, ts=5, x0=88988497
P2, tp=5, ts=5, x0=269660228
P3, tp=5, ts=5, x0=668723619
P2, tp=5, ts=5, x0=446162547
P0, tp=5, ts=5, x0=74624411
P2, tp=5, ts=5, x0=263573809
P3, tp=5, ts=5, x0=74624411
P3, tp=5, ts=5, x0=135667386
P1, tp=5, ts=5, x0=635685582, x1=642966774
P0, tp=5, ts=5, x0=648365780
P0, tp=5, ts=5, x0=989450625
P3, tp=5, ts=5, x0=623542647
P2, tp=5, ts=5, x0=793955134
P0, tp=5, ts=5, x0=152111715
P0, tp=5, ts=5, x0=411428405
P0, tp=5, ts=5, x0=254649224
P3, tp=5, ts=5, x0=309353683
P3, tp=5, ts=5, x0=18665614
P0, tp=5, ts=5, x0=817047335
P3, tp=5, ts=5, x0=651352390
P0, tp=5, ts=5, x0=194621906
P1, tp=5, ts=5, x0=767671825, x1=680411587
P3, tp=5, ts=5, x0=439055059
P0, tp=5, ts=5, x0=45153954
P2, tp=5, ts=5, x0=642378428
P1, tp=5, ts=5, x0=269660228, x1=623542647
P3, tp=5, ts=5, x0=991944501
P1, tp=5, ts=5, x0=942643621, x1=890849214
P2, tp=5, ts=5, x0=411428405
P3, tp=5, ts=5, x0=702625064
P3, tp=5, ts=5, x0=446162547
P1, tp=5, ts=5, x0=112976504, x1=6430302
P3, tp=5, ts=5, x0=623394804
P3, tp=5, ts=5, x0=782588046
P1, tp=5, ts=5, x0=886671045, x1=74624411
P1, tp=5, ts=5, x0=702625064, x1=991944501
P1, tp=5, ts=5, x0=942643621, x1=342483095
P3, tp=5, ts=5, x0=594189553
P3, tp=5, ts=5, x0=594189553
P0, tp=5, ts=5, x0=991944501
P2, tp=5, ts=5, x0=642966774
P3, tp=5, ts=5, x0=340662606
P1, tp=5, ts=5, x0=378025987, x1=227866787
P0, tp=5, ts=5, x0=395394745
P3, tp=5, ts=5, x0=990229554
P1, tp=5, ts=5, x0=411428405, x1=479637692
P2, tp=5, ts=5, x0=49090121
P3, tp=5, ts=5, x0=178447784
P1, tp=5, ts=5, x0=74624411, x1=135667386
P1, tp=5, ts=5, x0=421796939, x1=817047335
P0, tp=5, ts=5, x0=990229554
P1, tp=5, ts=5, x0=836941184, x1=147778092
P3, tp=5, ts=5, x0=35416328
P3, tp=5, ts=5, x0=136918708
P2, tp=5, ts=5, x0=224906571
P0, tp=5, ts=5, x0=316521978
P0, tp=5, ts=5, x0=661543397
P1, tp=5, ts=5, x0=875745578, x1=136918708
P3, tp=5, ts=5, x0=793955134
P1, tp=5, ts=5, x0=626788532, x1=897962761
P1, tp=5, ts=5, x0=152111715, x1=406541599
P1, tp=5, ts=5, x0=845674636, x1=74624411
P0, tp=5, ts=5, x0=897962761
P1, tp=5, ts=5, x0=619011997, x1=623394804
P2, tp=5, ts=5, x0=226466265
P2, tp=5, ts=5, x0=342483095
P3, tp=5, ts=5, x0=623394804
P1, tp=5, ts=5, x0=364297204, x1=575821514
P3, tp=5, ts=5, x0=364297204
P0, tp=5, ts=5, x0=987768407
P3, tp=5, ts=5, x0=885264729
P2, tp=5, ts=5, x0=372147664
P1, tp=5, ts=5, x0=135667386, x1=702625064
P1, tp=5, ts=5, x0=654874248, x1=989450625
P3, tp=5, ts=5, x0=654874248
P1, tp=5, ts=5, x0=615745028, x1=194621906
P0, tp=5, ts=5, x0=609244565
P1, tp=5, ts=5, x0=269660228, x1=557033012
P0, tp=5, ts=5, x0=942643621
P3, tp=5, ts=5, x0=309353683
P3, tp=5, ts=5, x0=218292555
P0, tp=5, ts=5, x0=767671825
P0, tp=5, ts=5, x0=957569083
P2, tp=5, ts=5, x0=340662606
P3, tp=5, ts=5, x0=407639747
P3, tp=5, ts=5, x0=372147664
P1, tp=5, ts=5, x0=966303282, x1=178447784
P2, tp=5, ts=5, x0=236951520
P1, tp=5, ts=5, x0=74624411, x1=45153954
P3, tp=5, ts=5, x0=254649224
P1, tp=5, ts=5, x0=557033012, x1=987768407
P3, tp=5, ts=5, x0=336760513
P2, tp=5, ts=5, x0=45153954
P0, tp=5, ts=5, x0=218292555
P0, tp=5, ts=5, x0=635685582
P0, tp=5, ts=5, x0=736230287
P2, tp=5, ts=5, x0=711341966
P0, tp=5, ts=5, x0=88988497
P1, tp=5, ts=5, x0=875745578, x1=890849214
P0, tp=5, ts=5, x0=867276917
P2, tp=5, ts=5, x0=274439766
P0, tp=5, ts=5, x0=395394745
P0, tp=5, ts=5, x0=880084434
P0, tp=5, ts=5, x0=407639747
P0, tp=5, ts=5, x0=782588046
P1, tp=5, ts=5, x0=841489267, x1=942643621
P2, tp=5, ts=5, x0=203484143
P1, tp=5, ts=5, x0=942643621, x1=688569762
P1, tp=5, ts=5, x0=233427644, x1=43237217
P1, tp=5, ts=5, x0=957569083, x1=203484143
P1, tp=5, ts=5, x0=989450625, x1=871415145
P3, tp=5, ts=5, x0=839060443
P0, tp=5, ts=5, x0=680411587
P1, tp=5, ts=5, x0=966303282, x1=439055059
P2, tp=5, ts=5, x0=135667386
P3, tp=5, ts=5, x0=886671045
P0, tp=5, ts=5, x0=263573809
P2, tp=5, ts=5, x0=616236419
P3, tp=5, ts=5, x0=269660228
P3, tp=5, ts=5, x0=395394745
P1, tp=5, ts=5, x0=177186927, x1=525876842
P3, tp=5, ts=5, x0=736230287
P1, tp=5, ts=5, x0=456248150, x1=112976504
P2, tp=5, ts=5, x0=654874248
P0, tp=5, ts=5, x0=226466265
P2, tp=5, ts=5, x0=711341966
P3, tp=5, ts=5, x0=203484143
P3, tp=5, ts=5, x0=880084434
P3, tp=5, ts=5, x0=480240985
P2, tp=5, ts=5, x0=18665614
P1, tp=5, ts=5, x0=915035320, x1=378025987
P2, tp=5, ts=5, x0=871415145
P3, tp=5, ts=5, x0=793955134
P0, tp=5, ts=5, x0=112976504
P0, tp=5, ts=5, x0=155339606
P0, tp=5, ts=5, x0=557033012
P1, tp=5, ts=5, x0=616236419, x1=61958117
P1, tp=5, ts=5, x0=942643621, x1=74624411
P1, tp=5, ts=5, x0=155339606, x1=839060443
P1, tp=5, ts=5, x0=112976504, x1=526452938
P0, tp=5, ts=5, x0=269660228
P1, tp=5, ts=5, x0=340662606, x1=651352390
P2, tp=5, ts=5, x0=932420093
P3, tp=5, ts=5, x0=654874248
P2, tp=5, ts=5, x0=340662606
P1, tp=5, ts=5, x0=897962761, x1=218292555
P2, tp=5, ts=5, x0=397605244
P2, tp=5, ts=5, x0=74624411
P0, tp=5, ts=5, x0=549190135
P0, tp=5, ts=5, x0=651352390
P1, tp=5, ts=5, x0=637499217, x1=616236419
P1, tp=5, ts=5, x0=845674636, x1=557033012
P2, tp=5, ts=5, x0=724960077
P1, tp=5, ts=5, x0=459378328, x1=61958117
P1, tp=5, ts=5, x0=339497191, x1=851837196
P3, tp=5, ts=5, x0=135667386
P3, tp=5, ts=5, x0=106778167
P2, tp=5, ts=5, x0=880084434
P3, tp=5, ts=5, x0=18665614
P3, tp=5, ts=5, x0=989450625
P3, tp=5, ts=5, x0=152111715
P1, tp=5, ts=5, x0=880084434, x1=915035320
P1, tp=5, ts=5, x0=839060443, x1=88988497
P0, tp=5, ts=5, x0=339497191
P0, tp=5, ts=5, x0=845674636
P1, tp=5, ts=5, x0=106778167, x1=702625064
P3, tp=5, ts=5, x0=915035320
P0, tp=5, ts=5, x0=194621906
P1, tp=5, ts=5, x0=88988497, x1=886671045
P3, tp=5, ts=5, x0=309353683
P3, tp=5, ts=5, x0=616236419
P2, tp=5, ts=5, x0=309353683
P0, tp=5, ts=5, x0=990229554
P0, tp=5, ts=5, x0=575821514
P3, tp=5, ts=5, x0=724960077
P2, tp=5, ts=5, x0=49090121
P0, tp=5, ts=5, x0=580878567
P0, tp=5, ts=5, x0=269660228
P3, tp=5, ts=5, x0=623542647
P3, tp=5, ts=5, x0=316521978
P2, tp=5, ts=5, x0=736442075
P3, tp=5, ts=5, x0=623394804
P3, tp=5, ts=5, x0=915035320
P3, tp=5, ts=5, x0=841489267
P0, tp=5, ts=5, x0=702625064
P2, tp=5, ts=5, x0=609244565
P0, tp=5, ts=5, x0=340662606
P0, tp=5, ts=5, x0=966303282
P0, tp=5, ts=5, x0=254649224
P3, tp=5, ts=5, x0=968147145
P2, tp=5, ts=5, x0=897962761
P1, tp=5, ts=5, x0=336760513, x1=269660228
P2, tp=5, ts=5, x0=817047335
P3, tp=5, ts=5, x0=316521978
P0, tp=5, ts=5, x0=136918708
P0, tp=5, ts=5, x0=897962761
P1, tp=5, ts=5, x0=252022855, x1=233427644
P2, tp=5, ts=5, x0=568346948
P3, tp=5, ts=5, x0=615745028
P0, tp=5, ts=5, x0=575821514
P3, tp=5, ts=5, x0=395394745
P0, tp=5, ts=5, x0=623542647
P1, tp=5, ts=5, x0=932420093, x1=968147145
P1, tp=5, ts=5, x0=890849214, x1=378025987
P2, tp=5, ts=5, x0=135667386
P1, tp=5, ts=5, x0=890849214, x1=990229554
P1, tp=5, ts=5, x0=957569083, x1=74624411
P3, tp=5, ts=5, x0=49090121
P1, tp=5, ts=5, x0=616236419, x1=871415145
P0, tp=5, ts=5, x0=164716309
P0, tp=5, ts=5, x0=744892878
P0, tp=5, ts=5, x0=968147145
P0, tp=5, ts=5, x0=351192341
P2, tp=5, ts=5, x0=724960077
P0, tp=5, ts=5, x0=871415145
P3, tp=5, ts=5, x0=135667386
P3, tp=5, ts=5, x0=479637692
P2, tp=5, ts=5, x0=957569083
P3, tp=5, ts=5, x0=194621906
P3, tp=5, ts=5, x0=549190135
P3, tp=5, ts=5, x0=364297204
P1, tp=5, ts=5, x0=35416328, x1=817047335
P3, tp=5, ts=5, x0=226466265
P0, tp=5, ts=5, x0=715774462
P2, tp=5, ts=5, x0=74624411
P2, tp=5, ts=5, x0=942643621
P2, tp=5, ts=5, x0=226466265
P3, tp=5, ts=5, x0=218292555
P2, tp=5, ts=5, x0=901252304
P0, tp=5, ts=5, x0=568346948
P2, tp=5, ts=5, x0=411428405
P0, tp=5, ts=5, x0=836941184
P1, tp=5, ts=5, x0=817047335, x1=990614552
P1, tp=5, ts=5, x0=626788532, x1=106778167
P3, tp=5, ts=5, x0=871415145
P1, tp=5, ts=5, x0=18665614, x1=616236419
P1, tp=5, ts=5, x0=155339606, x1=342598852
P0, tp=5, ts=5, x0=411428405
P0, tp=5, ts=5, x0=411428405
P2, tp=5, ts=5, x0=429994021
P1, tp=5, ts=5, x0=915035320, x1=990614552
P2, tp=5, ts=5, x0=623542647
P3, tp=5, ts=5, x0=342598852
P0, tp=5, ts=5, x0=8240601
P2, tp=5, ts=5, x0=702625064
P2, tp=5, ts=5, x0=73817163
P3, tp=5, ts=5, x0=339497191
P2, tp=5, ts=5, x0=378025987
P0, tp=5, ts=5, x0=74624411
P3, tp=5, ts=5, x0=724960077
P2, tp=5, ts=5, x0=654874248
P2, tp=5, ts=5, x0=615745028
P2, tp=5, ts=5, x0=263573809
P1, tp=5, ts=5, x0=915035320, x1=365942047
P0, tp=5, ts=5, x0=603797089
P0, tp=5, ts=5, x0=446162547
P3, tp=5, ts=5, x0=591364332
P0, tp=5, ts=5, x0=74624411
P2, tp=5, ts=5, x0=886671045
P1, tp=5, ts=5, x0=654874248, x1=18665614
P0, tp=5, ts=5, x0=806218387
P2, tp=5, ts=5, x0=479637692
P3, tp=5, ts=5, x0=156359488
P3, tp=5, ts=5, x0=136918708
P1, tp=5, ts=5, x0=252022855, x1=18665614
P0, tp=5, ts=5, x0=227866787
P0, tp=5, ts=5, x0=702625064
P3, tp=5, ts=5, x0=990614552
P2, tp=5, ts=5, x0=836941184
P2, tp=5, ts=5, x0=61958117
P3, tp=5, ts=5, x0=709641777
P2, tp=5, ts=5, x0=875745578
P3, tp=5, ts=5, x0=603797089
P3, tp=5, ts=5, x0=901252304
P3, tp=5, ts=5, x0=224906571
P2, tp=5, ts=5, x0=224906571
P0, tp=5, ts=5, x0=18665614
P2, tp=5, ts=5, x0=218292555
P0, tp=5, ts=5, x0=623542647
P1, tp=5, ts=5, x0=806218387, x1=73817163
P0, tp=5, ts=5, x0=635685582
P0, tp=5, ts=5, x0=557033012
P0, tp=5, ts=5, x0=615745028
P1, tp=5, ts=5, x0=623542647, x1=316521978
P2, tp=5, ts=5, x0=395394745
P2, tp=5, ts=5, x0=227866787
P3, tp=5, ts=5, x0=591364332
P1, tp=5, ts=5, x0=923048838, x1=793955134
P0, tp=5, ts=5, x0=968147145
P3, tp=5, ts=5, x0=817047335
P0, tp=5, ts=5, x0=851837196
P0, tp=5, ts=5, x0=61958117
P2, tp=5, ts=5, x0=915035320
P1, tp=5, ts=5, x0=378025987, x1=957569083
P1, tp=5, ts=5, x0=74624411, x1=73817163
P0, tp=5, ts=5, x0=336760513
P1, tp=5, ts=5, x0=942643621, x1=901252304
P0, tp=5, ts=5, x0=43237217
P2, tp=5, ts=5, x0=254649224
P0, tp=5, ts=5, x0=136918708
P2, tp=5, ts=5, x0=989450625
P2, tp=5, ts=5, x0=603797089
P0, tp=5, ts=5, x0=61958117
P3, tp=5, ts=5, x0=626788532
P0, tp=5, ts=5, x0=135667386
P2, tp=5, ts=5, x0=94143331
P2, tp=5, ts=5, x0=651352390
P1, tp=5, ts=5, x0=841489267, x1=429994021
P3, tp=5, ts=5, x0=932420093
P3, tp=5, ts=5, x0=957569083
P3, tp=5, ts=5, x0=932420093
P1, tp=5, ts=5, x0=724960077, x1=35416328
P0, tp=5, ts=5, x0=575821514
P3, tp=5, ts=5, x0=968147145
P3, tp=5, ts=5, x0=680411587
P1, tp=5, ts=5, x0=170124953, x1=274439766
P1, tp=5, ts=5, x0=459378328, x1=217165976
P2, tp=5, ts=5, x0=526452938
P0, tp=5, ts=5, x0=651352390
P1, tp=5, ts=5, x0=897962761, x1=439055059
P1, tp=5, ts=5, x0=177186927, x1=106778167
P0, tp=5, ts=5, x0=73817163
P3, tp=5, ts=5, x0=217165976
P3, tp=5, ts=5, x0=61958117
P3, tp=5, ts=5, x0=178447784
P1, tp=5, ts=5, x0=851837196, x1=43237217
P0, tp=5, ts=5, x0=724960077
P3, tp=5, ts=5, x0=806218387
P3, tp=5, ts=5, x0=575821514
P0, tp=5, ts=5, x0=177186927
P1, tp=5, ts=5, x0=254649224, x1=309353683
P1, tp=5, ts=5, x0=836941184, x1=886671045
P3, tp=5, ts=5, x0=459378328
P2, tp=5, ts=5, x0=580878567
P2, tp=5, ts=5, x0=989450625
P2, tp=5, ts=5, x0=336760513
P2, tp=5, ts=5, x0=923048838
P3, tp=5, ts=5, x0=989450625
P3, tp=5, ts=5, x0=990229554
P2, tp=5, ts=5, x0=871415145
P2, tp=5, ts=5, x0=526452938
P2, tp=5, ts=5, x0=651352390
P3, tp=5, ts=5, x0=479637692
P1, tp=5, ts=5, x0=709641777, x1=397605244
P3, tp=5, ts=5, x0=18665614
P3, tp=5, ts=5, x0=18665614
P3, tp=5, ts=5, x0=615745028
P2, tp=5, ts=5, x0=680411587
P0, tp=5, ts=5, x0=336760513
P0, tp=5, ts=5, x0=793955134
P0, tp=5, ts=5, x0=439055059
P3, tp=5, ts=5, x0=112976504
P2, tp=5, ts=5, x0=364297204
P1, tp=5, ts=5, x0=155339606, x1=236951520
P3, tp=5, ts=5, x0=156359488
P0, tp=5, ts=5, x0=263573809
P1, tp=5, ts=5, x0=411428405, x1=340662606
P2, tp=5, ts=5, x0=568346948
P0, tp=5, ts=5, x0=170124953
P3, tp=5, ts=5, x0=557033012
P3, tp=5, ts=5, x0=94143331
P1, tp=5, ts=5, x0=619011997, x1=203484143
P3, tp=5, ts=5, x0=365942047
P1, tp=5, ts=5, x0=178447784, x1=603797089
P3, tp=5, ts=5, x0=744892878
P2, tp=5, ts=5, x0=702625064
P1, tp=5, ts=5, x0=224906571, x1=841489267
P2, tp=5, ts=5, x0=45153954
P2, tp=5, ts=5, x0=680411587
P0, tp=5, ts=5, x0=635685582
P0, tp=5, ts=5, x0=178447784
P2, tp=5, ts=5, x0=526452938
P3, tp=5, ts=5, x0=106778167
P0, tp=5, ts=5, x0=871415145
P0, tp=5, ts=5, x0=7242916
P1, tp=5, ts=5, x0=73817163, x1=61958117
P0, tp=5, ts=5, x0=112976504
P3, tp=5, ts=5, x0=575821514
P1, tp=5, ts=5, x0=218292555, x1=744892878
P0, tp=5, ts=5, x0=616236419
P0, tp=5, ts=5, x0=218292555
P0, tp=5, ts=5, x0=990614552
P3, tp=5, ts=5, x0=365942047
P1, tp=5, ts=5, x0=591364332, x1=203484143
P2, tp=5, ts=5, x0=31811907
P3, tp=5, ts=5, x0=274439766
P3, tp=5, ts=5, x0=107111693
P2, tp=5, ts=5, x0=339497191
P0, tp=5, ts=5, x0=626788532
P0, tp=5, ts=5, x0=274439766
P0, tp=5, ts=5, x0=290846070
P1, tp=5, ts=5, x0=603797089, x1=875745578
P2, tp=5, ts=5, x0=549190135
P3, tp=5, ts=5, x0=274439766
P0, tp=5, ts=5, x0=61958117
P0, tp=5, ts=5, x0=479637692
P1, tp=5, ts=5, x0=31811907, x1=890849214
P1, tp=5, ts=5, x0=283024524, x1=106778167
P2, tp=5, ts=5, x0=591364332
P1, tp=5, ts=5, x0=890849214, x1=35416328
P2, tp=5, ts=5, x0=316521978
P1, tp=5, ts=5, x0=411428405, x1=178447784
P1, tp=5, ts=5, x0=112976504, x1=715774462
P0, tp=5, ts=5, x0=226466265
P0, tp=5, ts=5, x0=283024524
P0, tp=5, ts=5, x0=233427644
P1, tp=5, ts=5, x0=709641777, x1=744892878
P3, tp=5, ts=5, x0=8537553
P1, tp=5, ts=5, x0=61958117, x1=164716309
P2, tp=5, ts=5, x0=626788532
P0, tp=5, ts=5, x0=580878567
P1, tp=5, ts=5, x0=770727161, x1=654874248
P1, tp=5, ts=5, x0=342598852, x1=254649224
P2, tp=5, ts=5, x0=154741804
P1, tp=5, ts=5, x0=897962761, x1=836941184
P0, tp=5, ts=5, x0=446162547
P2, tp=5, ts=5, x0=468306960
P2, tp=5, ts=5, x0=49090121
P1, tp=5, ts=5, x0=871415145, x1=74624411
P3, tp=5, ts=5, x0=957569083
P0, tp=5, ts=5, x0=135667386
P1, tp=5, ts=5, x0=549190135, x1=218292555
P0, tp=5, ts=5, x0=342598852
P0, tp=5, ts=5, x0=886671045
P1, tp=5, ts=5, x0=625476605, x1=351192341
P2, tp=5, ts=5, x0=170124953
P1, tp=5, ts=5, x0=557033012, x1=525876842
P2, tp=5, ts=5, x0=557033012
P0, tp=5, ts=5, x0=283024524
P0, tp=5, ts=5, x0=923048838
P0, tp=5, ts=5, x0=164716309
P0, tp=5, ts=5, x0=107111693
P1, tp=5, ts=5, x0=989450625, x1=654874248
P2, tp=5, ts=5, x0=642378428
P0, tp=5, ts=5, x0=88988497
P0, tp=5, ts=5, x0=135466172
P2, tp=6, ts=6, x0=990614552
P3, tp=6, ts=6, x0=468306960
P3, tp=6, ts=6, x0=43237217
P3, tp=6, ts=6, x0=226466265
P2, tp=6, ts=6, x0=744892878
P0, tp=6, ts=6, x0=309353683
P2, tp=6, ts=6, x0=31811907
P2, tp=6, ts=6, x0=901252304
P3, tp=6, ts=6, x0=340662606
P2, tp=6, ts=6, x0=942643621
P3, tp=6, ts=6, x0=654874248
P3, tp=6, ts=6, x0=439055059
P1, tp=6, ts=6, x0=340662606, x1=724960077
P1, tp=6, ts=6, x0=897962761, x1=177186927
P1, tp=6, ts=6, x0=990614552, x1=942643621
P2, tp=6, ts=6, x0=990614552
P2, tp=6, ts=6, x0=177186927
P2, tp=6, ts=6, x0=340662606
P1, tp=6, ts=6, x0=580878567, x1=990614552
P0, tp=6, ts=6, x0=224906571
P1, tp=6, ts=6, x0=990229554, x1=890849214
P1, tp=6, ts=6, x0=309353683, x1=942643621
P2, tp=6, ts=6, x0=226466265
P2, tp=6, ts=6, x0=254649224
P3, tp=6, ts=6, x0=957569083
P0, tp=6, ts=6, x0=793955134
P2, tp=6, ts=6, x0=254649224
P3, tp=6, ts=6, x0=724960077
P2, tp=6, ts=6, x0=744892878
P0, tp=6, ts=6, x0=851837196
P1, tp=6, ts=6, x0=316521978, x1=968147145
P2, tp=6, ts=6, x0=112976504
P3, tp=6, ts=6, x0=351192341
P0, tp=6, ts=6, x0=339497191
P2, tp=6, ts=6, x0=395394745
P2, tp=6, ts=6, x0=397605244
P0, tp=6, ts=6, x0=61958117
P0, tp=6, ts=6, x0=990614552
P2, tp=6, ts=6, x0=459378328
P1, tp=6, ts=6, x0=203484143, x1=623394804
P2, tp=6, ts=6, x0=112976504
P1, tp=6, ts=6, x0=107111693, x1=591364332
P1, tp=6, ts=6, x0=334199285, x1=316521978
P1, tp=6, ts=6, x0=851837196, x1=397605244
P0, tp=6, ts=6, x0=407639747
P1, tp=6, ts=6, x0=890849214, x1=454311334
P1, tp=6, ts=6, x0=591364332, x1=136252704
P1, tp=6, ts=6, x0=932420093, x1=459378328
P0, tp=6, ts=6, x0=619011997
P2, tp=6, ts=6, x0=107111693
P0, tp=6, ts=6, x0=351192341
P0, tp=6, ts=6, x0=549190135
P3, tp=6, ts=6, x0=885233413
P2, tp=6, ts=6, x0=616236419
P1, tp=6, ts=6, x0=967373649, x1=616236419
P0, tp=6, ts=6, x0=224906571
P2, tp=6, ts=6, x0=932420093
P3, tp=6, ts=6, x0=580878567
P0, tp=6, ts=6, x0=397605244
P0, tp=6, ts=6, x0=942643621
P3, tp=6, ts=6, x0=715774462
P2, tp=6, ts=6, x0=654874248
P0, tp=6, ts=6, x0=621169062
P2, tp=6, ts=6, x0=154741804
P0, tp=6, ts=6, x0=74624411
P2, tp=6, ts=6, x0=451407445
P1, tp=6, ts=6, x0=501684859, x1=702625064
P2, tp=6, ts=6, x0=459475424
P1, tp=6, ts=6, x0=615745028, x1=217165976
P2, tp=6, ts=6, x0=61958117
P3, tp=6, ts=6, x0=395394745
P3, tp=6, ts=6, x0=886671045
P0, tp=6, ts=6, x0=351192341
P1, tp=6, ts=6, x0=156359488, x1=767889452
P1, tp=6, ts=6, x0=479637692, x1=591364332
P0, tp=6, ts=6, x0=35416328
P2, tp=6, ts=6, x0=591364332
P0, tp=6, ts=6, x0=336760513
P3, tp=6, ts=6, x0=217165976
P3, tp=6, ts=6, x0=923048838
P1, tp=6, ts=6, x0=451407445, x1=18665614
P0, tp=6, ts=6, x0=549190135
P3, tp=6, ts=6, x0=236951520
P3, tp=6, ts=6, x0=468306960
P0, tp=6, ts=6, x0=351192341
P0, tp=6, ts=6, x0=8537553
P0, tp=6, ts=6, x0=451407445
P2, tp=6, ts=6, x0=506607601
P0, tp=6, ts=6, x0=875745578
P0, tp=6, ts=6, x0=154741804
P2, tp=6, ts=6, x0=568346948
P0, tp=6, ts=6, x0=177186927
P2, tp=6, ts=6, x0=336760513
P2, tp=6, ts=6, x0=397605244
P2, tp=6, ts=6, x0=897962761
P0, tp=6, ts=6, x0=106778167
P2, tp=6, ts=6, x0=651352390
P1, tp=6, ts=6, x0=724960077, x1=479637692
P0, tp=6, ts=6, x0=654874248
P0, tp=6, ts=6, x0=309353683
P2, tp=6, ts=6, x0=654874248
P0, tp=6, ts=6, x0=88988497
P3, tp=6, ts=6, x0=411428405
P3, tp=6, ts=6, x0=411428405
P1, tp=6, ts=6, x0=549190135, x1=575821514
P0, tp=6, ts=6, x0=568346948
P1, tp=6, ts=6, x0=133569080, x1=744892878
P2, tp=6, ts=6, x0=479637692
P0, tp=6, ts=6, x0=112976504
P2, tp=6, ts=6, x0=73817163
P2, tp=6, ts=6, x0=43237217
P1, tp=6, ts=6, x0=499792139, x1=875745578
P0, tp=6, ts=6, x0=957569083
P3, tp=6, ts=6, x0=591364332
P2, tp=6, ts=6, x0=651352390
P0, tp=6, ts=6, x0=224906571
P2, tp=6, ts=6, x0=203484143
P2, tp=6, ts=6, x0=506607601
P2, tp=6, ts=6, x0=106778167
P2, tp=6, ts=6, x0=105960860
P3, tp=6, ts=6, x0=654874248
P3, tp=6, ts=6, x0=459378328
P2, tp=6, ts=6, x0=309353683
P3, tp=6, ts=6, x0=651352390
P3, tp=6, ts=6, x0=254649224
P0, tp=6, ts=6, x0=568346948
P0, tp=6, ts=6, x0=568346948
P0, tp=6, ts=6, x0=395394745
P3, tp=6, ts=6, x0=155967104
P0, tp=6, ts=6, x0=252022855
P3, tp=6, ts=6, x0=715774462
P0, tp=6, ts=6, x0=100162464
P3, tp=6, ts=6, x0=680411587
P0, tp=6, ts=6, x0=133569080
P2, tp=6, ts=6, x0=789340274
P3, tp=6, ts=6, x0=957569083
P2, tp=6, ts=6, x0=885233413
P3, tp=6, ts=6, x0=904188454
P0, tp=6, ts=6, x0=372870472
P3, tp=6, ts=6, x0=915035320
P1, tp=6, ts=6, x0=365942047, x1=709641777
P3, tp=6, ts=6, x0=923048838
P2, tp=6, ts=6, x0=580878567
P3, tp=6, ts=6, x0=365942047
P3, tp=6, ts=6, x0=580878567
P2, tp=6, ts=6, x0=380858942
P1, tp=6, ts=6, x0=459378328, x1=334199285
P3, tp=6, ts=6, x0=365942047
P3, tp=6, ts=6, x0=465994483
P1, tp=6, ts=6, x0=43237217, x1=340662606
P2, tp=6, ts=6, x0=107027143
P0, tp=6, ts=6, x0=112976504
P1, tp=6, ts=6, x0=217165976, x1=897962761
P1, tp=6, ts=6, x0=133569080, x1=897962761
P2, tp=6, ts=6, x0=367568060
P1, tp=6, ts=6, x0=135667386, x1=451407445
P1, tp=6, ts=6, x0=897962761, x1=7242916
P2, tp=6, ts=6, x0=736442075
P1, tp=6, ts=6, x0=724960077, x1=252022855
P0, tp=6, ts=6, x0=806218387
P1, tp=6, ts=6, x0=429994021, x1=932420093
P2, tp=6, ts=6, x0=767889452
P1, tp=6, ts=6, x0=923048838, x1=936007018
P2, tp=6, ts=6, x0=316521978
P3, tp=6, ts=6, x0=380858942
P2, tp=6, ts=6, x0=226466265
P0, tp=6, ts=6, x0=468306960
P2, tp=6, ts=6, x0=806218387
P0, tp=6, ts=6, x0=501684859
P2, tp=6, ts=6, x0=112976504
P0, tp=6, ts=6, x0=236951520
P2, tp=6, ts=6, x0=506607601
P1, tp=6, ts=6, x0=133569080, x1=136252704
P2, tp=6, ts=6, x0=619011997
P0, tp=6, ts=6, x0=767889452
P3, tp=6, ts=6, x0=7242916
P0, tp=6, ts=6, x0=580878567
P1, tp=6, ts=6, x0=557929790, x1=217165976
P3, tp=6, ts=6, x0=74624411
P0, tp=6, ts=6, x0=736442075
P1, tp=6, ts=6, x0=897962761, x1=715774462
P0, tp=6, ts=6, x0=312349262
P0, tp=6, ts=6, x0=967782130
P0, tp=6, ts=6, x0=468306960
P3, tp=6, ts=6, x0=105960860
P1, tp=6, ts=6, x0=989450625, x1=715774462
P0, tp=6, ts=6, x0=967782130
P2, tp=6, ts=6, x0=372870472
P1, tp=6, ts=6, x0=339497191, x1=575821514
P3, tp=6, ts=6, x0=218292555
P1, tp=6, ts=6, x0=893893293, x1=309353683
P0, tp=6, ts=6, x0=451407445
P0, tp=6, ts=6, x0=451407445
P1, tp=6, ts=6, x0=499792139, x1=616236419
P3, tp=6, ts=6, x0=226466265
P1, tp=6, ts=6, x0=218292555, x1=112976504
P0, tp=6, ts=6, x0=367568060
P2, tp=6, ts=6, x0=31811907
P1, tp=6, ts=6, x0=155967104, x1=156359488
P1, tp=6, ts=6, x0=133569080, x1=617109892
P3, tp=6, ts=6, x0=135667386
P0, tp=6, ts=6, x0=170124953
P1, tp=6, ts=6, x0=395394745, x1=107027143
P2, tp=6, ts=6, x0=724960077
P2, tp=6, ts=6, x0=557929790
P1, tp=6, ts=6, x0=105960860, x1=591364332
P2, tp=6, ts=6, x0=218548375
P0, tp=6, ts=6, x0=549190135
P1, tp=6, ts=6, x0=407639747, x1=468306960
P1, tp=6, ts=6, x0=580878567, x1=715774462
P0, tp=6, ts=6, x0=616236419
P3, tp=6, ts=6, x0=704427958
P3, tp=6, ts=6, x0=367568060
P0, tp=6, ts=6, x0=967782130
P1, tp=6, ts=6, x0=339497191, x1=61958117
P1, tp=6, ts=6, x0=626788532, x1=392432443
P3, tp=6, ts=6, x0=568346948
P0, tp=6, ts=6, x0=316521978
P3, tp=6, ts=6, x0=736442075
P0, tp=6, ts=6, x0=217165976
P2, tp=6, ts=6, x0=580878567
P1, tp=6, ts=6, x0=761806304, x1=724960077
P1, tp=6, ts=6, x0=334199285, x1=764925690
P1, tp=6, ts=6, x0=136252704, x1=989450625
P1, tp=6, ts=6, x0=344440560, x1=871415145
P3, tp=6, ts=6, x0=7242916
P0, tp=6, ts=6, x0=989450625
P0, tp=6, ts=6, x0=380858942
P2, tp=6, ts=6, x0=254649224
P3, tp=6, ts=6, x0=392432443
P1, tp=6, ts=6, x0=397605244, x1=890849214
P3, tp=6, ts=6, x0=451407445
P3, tp=6, ts=6, x0=465994483
P2, tp=6, ts=6, x0=626788532
P0, tp=6, ts=6, x0=419180382
P1, tp=6, ts=6, x0=31811907, x1=968147145
P0, tp=6, ts=6, x0=372870472
P0, tp=6, ts=6, x0=100162464
P2, tp=6, ts=6, x0=989450625
P0, tp=6, ts=6, x0=105960860
P2, tp=6, ts=6, x0=767889452
P1, tp=6, ts=6, x0=967373649, x1=312349262
P0, tp=6, ts=6, x0=344440560
P1, tp=6, ts=6, x0=621169062, x1=967782130
P1, tp=6, ts=6, x0=704427958, x1=459475424
P0, tp=6, ts=6, x0=154741804
P2, tp=6, ts=6, x0=365942047
P3, tp=6, ts=6, x0=968147145
P2, tp=6, ts=6, x0=339497191
P0, tp=6, ts=6, x0=154741804
P2, tp=6, ts=6, x0=107027143
P3, tp=6, ts=6, x0=218292555
P1, tp=6, ts=6, x0=968147145, x1=501684859
P1, tp=6, ts=6, x0=156359488, x1=764925690
P1, tp=6, ts=6, x0=715774462, x1=144399779
P2, tp=6, ts=6, x0=709641777
P2, tp=6, ts=6, x0=549190135
P0, tp=6, ts=6, x0=380858942
P1, tp=6, ts=6, x0=203484143, x1=100162464
P1, tp=6, ts=6, x0=459475424, x1=575821514
P0, tp=6, ts=6, x0=625476605
P2, tp=6, ts=6, x0=397605244
P2, tp=6, ts=6, x0=290846070
P2, tp=6, ts=6, x0=506607601
P3, tp=6, ts=6, x0=454311334
P1, tp=6, ts=6, x0=23511654, x1=890849214
P0, tp=6, ts=6, x0=195915514
P3, tp=6, ts=6, x0=626788532
P1, tp=6, ts=6, x0=451407445, x1=897285471
P3, tp=6, ts=6, x0=880084434
P1, tp=6, ts=6, x0=468306960, x1=702625064
P0, tp=6, ts=6, x0=339497191
P1, tp=6, ts=6, x0=133569080, x1=218548375
P2, tp=6, ts=6, x0=308137186
P2, tp=6, ts=6, x0=195297648
P3, tp=6, ts=6, x0=932420093
P2, tp=6, ts=6, x0=217165976
P0, tp=6, ts=6, x0=967782130
P1, tp=6, ts=6, x0=397605244, x1=871415145
P3, tp=6, ts=6, x0=626788532
P1, tp=6, ts=6, x0=31811907, x1=789340274
P0, tp=6, ts=6, x0=589947901
P1, tp=6, ts=6, x0=135466172, x1=155967104
P2, tp=6, ts=6, x0=365942047
P1, tp=6, ts=6, x0=236951520, x1=411428405
P3, tp=6, ts=6, x0=380858942
P3, tp=6, ts=6, x0=923048838
P2, tp=6, ts=6, x0=736442075
P1, tp=6, ts=6, x0=789340274, x1=506607601
P1, tp=6, ts=6, x0=181739991, x1=195915514
P0, tp=6, ts=6, x0=591364332
P3, tp=6, ts=6, x0=506607601
P2, tp=6, ts=6, x0=154741804
P2, tp=6, ts=6, x0=164716309
P2, tp=6, ts=6, x0=589947901
P0, tp=6, ts=6, x0=411428405
P3, tp=6, ts=6, x0=621169062
P3, tp=6, ts=6, x0=217165976
P3, tp=6, ts=6, x0=628190484
P3, tp=6, ts=6, x0=885233413
P0, tp=6, ts=6, x0=617109892
P1, tp=6, ts=6, x0=885233413, x1=617109892
P2, tp=6, ts=6, x0=932420093
P2, tp=6, ts=6, x0=967782130
P0, tp=6, ts=6, x0=218548375
P3, tp=6, ts=6, x0=429994021
P1, tp=6, ts=6, x0=761806304, x1=170124953
P1, tp=6, ts=6, x0=468306960, x1=499792139
P0, tp=6, ts=6, x0=107027143
P1, tp=6, ts=6, x0=901252304, x1=549190135
P1, tp=6, ts=6, x0=885233413, x1=591602694
P0, tp=6, ts=6, x0=392432443
P2, tp=6, ts=6, x0=411428405
P3, tp=6, ts=6, x0=312349262
P1, tp=6, ts=6, x0=880084434, x1=744892878
P3, tp=6, ts=6, x0=135466172
P1, tp=6, ts=6, x0=724960077, x1=617109892
P2, tp=6, ts=6, x0=218292555
P0, tp=6, ts=6, x0=164716309
P2, tp=6, ts=6, x0=195297648
P3, tp=6, ts=6, x0=465994483
P3, tp=6, ts=6, x0=452790618
P3, tp=6, ts=6, x0=203484143
P2, tp=6, ts=6, x0=617109892
P1, tp=6, ts=6, x0=479637692, x1=886671045
P0, tp=6, ts=6, x0=94143331
P1, tp=6, ts=6, x0=924324086, x1=871415145
P1, tp=6, ts=6, x0=709641777, x1=397605244
P2, tp=6, ts=6, x0=621169062
P1, tp=6, ts=6, x0=459378328, x1=704427958
P0, tp=6, ts=6, x0=395394745
P3, tp=6, ts=6, x0=465994483
P3, tp=6, ts=6, x0=431414394
P0, tp=6, ts=6, x0=429994021
P2, tp=6, ts=6, x0=73817163
P1, tp=6, ts=6, x0=468306960, x1=893893293
P3, tp=6, ts=6, x0=479414963
P3, tp=6, ts=6, x0=736442075
P2, tp=6, ts=6, x0=334199285
P3, tp=6, ts=6, x0=557929790
P0, tp=6, ts=6, x0=626788532
P3, tp=6, ts=6, x0=94143331
P3, tp=6, ts=6, x0=628190484
P1, tp=6, ts=6, x0=154741804, x1=924324086
P2, tp=6, ts=6, x0=100162464
P2, tp=6, ts=6, x0=195915514
P2, tp=6, ts=6, x0=218292555
P1, tp=6, ts=6, x0=764925690, x1=252022855
P2, tp=6, ts=6, x0=709641777
P2, tp=6, ts=6, x0=548419584
P1, tp=6, ts=6, x0=608500021, x1=591364332
P0, tp=6, ts=6, x0=144399779
P1, tp=6, ts=6, x0=767889452, x1=399355728
P2, tp=6, ts=6, x0=549190135
P2, tp=6, ts=6, x0=164716309
P1, tp=6, ts=6, x0=195915514, x1=465994483
P2, tp=6, ts=6, x0=617109892
P1, tp=6, ts=6, x0=105960860, x1=468306960
P0, tp=6, ts=6, x0=73817163
P0, tp=6, ts=6, x0=344440560
P2, tp=6, ts=6, x0=8537553
P1, tp=6, ts=6, x0=608500021, x1=344440560
P0, tp=6, ts=6, x0=431414394
P2, tp=6, ts=6, x0=628190484
P1, tp=6, ts=6, x0=589947901, x1=454311334
P1, tp=6, ts=6, x0=568346948, x1=709641777
P1, tp=6, ts=6, x0=744892878, x1=591364332
P3, tp=6, ts=6, x0=571619243
P3, tp=6, ts=6, x0=617109892
P1, tp=6, ts=6, x0=468306960, x1=105960860
P0, tp=6, ts=6, x0=23511654
P2, tp=6, ts=6, x0=715774462
P0, tp=6, ts=6, x0=133569080
P3, tp=6, ts=6, x0=568346948
P3, tp=6, ts=6, x0=144104258
P0, tp=6, ts=6, x0=575821514
P1, tp=6, ts=6, x0=339497191, x1=626788532
P0, tp=6, ts=6, x0=107111693
P1, tp=6, ts=6, x0=626788532, x1=218292555
P2, tp=6, ts=6, x0=626788532
P0, tp=6, ts=6, x0=871415145
P0, tp=6, ts=6, x0=339497191
P1, tp=6, ts=6, x0=932420093, x1=135466172
P0, tp=6, ts=6, x0=571619243
P3, tp=6, ts=6, x0=880084434
P3, tp=6, ts=6, x0=621169062
P2, tp=6, ts=6, x0=617109892
P3, tp=6, ts=6, x0=893893293
P0, tp=6, ts=6, x0=932420093
P3, tp=6, ts=6, x0=613979073
P1, tp=6, ts=6, x0=334199285, x1=789340274
P1, tp=6, ts=6, x0=744892878, x1=617109892
P0, tp=6, ts=6, x0=133569080
P2, tp=6, ts=6, x0=617974819
P0, tp=6, ts=6, x0=613979073
P3, tp=6, ts=6, x0=548419584
P1, tp=6, ts=6, x0=617109892, x1=452790618
P2, tp=6, ts=6, x0=591364332
P2, tp=6, ts=6, x0=429994021
P3, tp=6, ts=6, x0=164716309
P1, tp=6, ts=6, x0=500383292, x1=144104258
P1, tp=6, ts=6, x0=94143331, x1=164716309
P3, tp=6, ts=6, x0=203484143
P3, tp=6, ts=6, x0=7242916
P0, tp=6, ts=6, x0=761806304
P3, tp=6, ts=6, x0=465994483
P2, tp=6, ts=6, x0=155967104
P0, tp=6, ts=6, x0=964827769
P2, tp=6, ts=6, x0=339497191
P3, tp=6, ts=6, x0=451407445
P2, tp=6, ts=6, x0=548419584
P0, tp=6, ts=6, x0=308137186
P3, tp=6, ts=6, x0=431414394
P3, tp=6, ts=6, x0=365942047
P2, tp=6, ts=6, x0=834698196
P2, tp=6, ts=6, x0=744892878
P0, tp=6, ts=6, x0=207858560
P0, tp=6, ts=6, x0=43237217
P2, tp=6, ts=6, x0=106778167
P3, tp=6, ts=6, x0=885233413
P3, tp=6, ts=6, x0=367568060
P3, tp=6, ts=6, x0=454311334
P1, tp=6, ts=6, x0=535143151, x1=7242916
P2, tp=6, ts=6, x0=261204615
P3, tp=6, ts=6, x0=459475424
P2, tp=6, ts=6, x0=535143151
P1, tp=6, ts=6, x0=967782130, x1=580878567
P3, tp=6, ts=6, x0=598474596
P2, tp=6, ts=6, x0=704427958
P0, tp=6, ts=6, x0=568346948
P2, tp=6, ts=6, x0=613979073
P3, tp=6, ts=6, x0=762680907
P0, tp=6, ts=6, x0=764925690
P3, tp=6, ts=6, x0=107111693
P1, tp=6, ts=6, x0=501684859, x1=459192419
P0, tp=6, ts=6, x0=704427958
P1, tp=6, ts=6, x0=429994021, x1=261204615
P0, tp=6, ts=6, x0=312349262
P0, tp=6, ts=6, x0=397605244
P3, tp=6, ts=6, x0=990081632
P2, tp=6, ts=6, x0=94143331
P2, tp=6, ts=6, x0=591602694
P3, tp=6, ts=6, x0=736442075
P1, tp=6, ts=6, x0=372870472, x1=23511654
P2, tp=6, ts=6, x0=709641777
P3, tp=6, ts=6, x0=106778167
P2, tp=6, ts=6, x0=31811907
P2, tp=6, ts=6, x0=399355728
P3, tp=6, ts=6, x0=454311334
P1, tp=6, ts=6, x0=312349262, x1=736442075
P0, tp=6, ts=6, x0=392432443
P3, tp=6, ts=6, x0=429994021
P0, tp=6, ts=6, x0=547669970
P1, tp=6, ts=6, x0=834698196, x1=380858942
P0, tp=6, ts=6, x0=144104258
P3, tp=6, ts=6, x0=144399779
P1, tp=6, ts=6, x0=621169062, x1=107111693
P1, tp=6, ts=6, x0=500383292, x1=432064988
P1, tp=6, ts=6, x0=261204615, x1=207858560
P3, tp=6, ts=6, x0=459192419
P1, tp=6, ts=6, x0=967373649, x1=400188003
P3, tp=6, ts=6, x0=591602694
P0, tp=6, ts=6, x0=500383292
P3, tp=6, ts=6, x0=339497191
P3, tp=6, ts=6, x0=479414963
P3, tp=6, ts=6, x0=372870472
P3, tp=6, ts=6, x0=365942047
P0, tp=6, ts=6, x0=441740964
P3, tp=6, ts=6, x0=94143331
P2, tp=6, ts=6, x0=135466172
P3, tp=6, ts=6, x0=761806304
P0, tp=6, ts=6, x0=885233413
P3, tp=6, ts=6, x0=218548375
P1, tp=6, ts=6, x0=789340274, x1=967782130
P1, tp=6, ts=6, x0=429994021, x1=380858942
P2, tp=6, ts=6, x0=557929790
P2, tp=6, ts=6, x0=185292178
P0, tp=6, ts=6, x0=441740964
P1, tp=6, ts=6, x0=267627622, x1=548419584
P3, tp=6, ts=6, x0=506607601
P2, tp=6, ts=6, x0=308137186
P0, tp=6, ts=6, x0=400188003
P2, tp=6, ts=6, x0=479414963
P3, tp=6, ts=6, x0=334199285
P0, tp=6, ts=6, x0=181739991
P2, tp=6, ts=6, x0=465994483
P3, tp=6, ts=6, x0=247600319
P2, tp=6, ts=6, x0=893893293
P3, tp=6, ts=6, x0=245009023
P1, tp=6, ts=6, x0=501684859, x1=31811907
P0, tp=6, ts=6, x0=885233413
P0, tp=6, ts=6, x0=923048838
P3, tp=6, ts=6, x0=267627622
P0, tp=6, ts=6, x0=715774462
P0, tp=6, ts=6, x0=133569080
P2, tp=6, ts=6, x0=527146384
P1, tp=6, ts=6, x0=834698196, x1=133165140
P1, tp=6, ts=6, x0=107027143, x1=547669970
P3, tp=6, ts=6, x0=283024524
P1, tp=6, ts=6, x0=133165140, x1=598474596
P2, tp=6, ts=6, x0=429994021
P1, tp=6, ts=6, x0=107027143, x1=269043948
P3, tp=6, ts=6, x0=527146384
P2, tp=6, ts=6, x0=218548375
P3, tp=6, ts=6, x0=154741804
P0, tp=6, ts=6, x0=923048838
P0, tp=6, ts=6, x0=168111226
P3, tp=6, ts=6, x0=90521981
P2, tp=6, ts=6, x0=535143151
P2, tp=6, ts=6, x0=154741804
P1, tp=6, ts=6, x0=535143151, x1=767889452
P0, tp=6, ts=6, x0=591602694
P2, tp=6, ts=6, x0=454311334
P1, tp=6, ts=6, x0=467517983, x1=589947901
P3, tp=6, ts=6, x0=227503296
P2, tp=6, ts=6, x0=312349262
P1, tp=6, ts=6, x0=100162464, x1=170124953
P1, tp=6, ts=6, x0=218548375, x1=571619243
P2, tp=6, ts=6, x0=449880464
P2, tp=6, ts=6, x0=497549076
P0, tp=6, ts=6, x0=608500021
P0, tp=6, ts=6, x0=367568060
P1, tp=6, ts=6, x0=207858560, x1=136252704
P1, tp=6, ts=6, x0=499792139, x1=432064988
P1, tp=6, ts=6, x0=168111226, x1=207858560
P2, tp=6, ts=6, x0=269043948
P3, tp=6, ts=6, x0=31950599
P1, tp=6, ts=6, x0=267627622, x1=283024524
P1, tp=6, ts=6, x0=227503296, x1=283024524
P1, tp=6, ts=6, x0=885233413, x1=462578321
P3, tp=6, ts=6, x0=192930643
P3, tp=6, ts=6, x0=261204615
P1, tp=6, ts=6, x0=605766328, x1=841125469
P0, tp=6, ts=6, x0=897285471
P2, tp=6, ts=6, x0=762680907
P2, tp=6, ts=6, x0=107111693
P3, tp=6, ts=6, x0=227503296
P3, tp=6, ts=6, x0=267627622
P0, tp=6, ts=6, x0=372870472
P1, tp=6, ts=6, x0=218548375, x1=84760217
P3, tp=6, ts=6, x0=617974819
P2, tp=6, ts=6, x0=312349262
P1, tp=6, ts=6, x0=687599720, x1=133165140
P3, tp=6, ts=6, x0=575645881
P2, tp=6, ts=6, x0=334199285
P0, tp=6, ts=6, x0=107111693
P3, tp=6, ts=6, x0=441740964
P2, tp=6, ts=6, x0=218548375
P1, tp=6, ts=6, x0=229747845, x1=548419584
P1, tp=6, ts=6, x0=185292178, x1=443786006
P2, tp=6, ts=6, x0=575645881
P2, tp=6, ts=6, x0=181739991
P3, tp=6, ts=6, x0=227503296
P1, tp=6, ts=6, x0=155967104, x1=924324086
P3, tp=6, ts=6, x0=506607601
P0, tp=6, ts=6, x0=308137186
P2, tp=6, ts=6, x0=443786006
P3, tp=6, ts=6, x0=334199285
P3, tp=6, ts=6, x0=367568060
P3, tp=6, ts=6, x0=885233413
P3, tp=6, ts=6, x0=468306960
P0, tp=6, ts=6, x0=761806304
P2, tp=6, ts=6, x0=419180382
P3, tp=6, ts=6, x0=227503296
P1, tp=6, ts=6, x0=283024524, x1=168111226
P2, tp=6, ts=6, x0=107027143
P2, tp=6, ts=6, x0=380858942
P0, tp=6, ts=6, x0=247600319
P0, tp=6, ts=6, x0=484790675
P1, tp=6, ts=6, x0=761806304, x1=267627622
P2, tp=6, ts=6, x0=548419584
P2, tp=6, ts=6, x0=605766328
P0, tp=6, ts=6, x0=372870472
P0, tp=6, ts=6, x0=133569080
P1, tp=6, ts=6, x0=154741804, x1=479414963
P2, tp=6, ts=6, x0=479414963
P0, tp=6, ts=6, x0=135466172
P0, tp=6, ts=6, x0=904188454
P1, tp=6, ts=6, x0=229747845, x1=144104258
P1, tp=6, ts=6, x0=598474596, x1=605766328
P2, tp=6, ts=6, x0=136252704
P2, tp=6, ts=6, x0=155967104
P0, tp=6, ts=6, x0=298621315
P0, tp=6, ts=6, x0=459475424
P2, tp=6, ts=6, x0=479414963
P0, tp=6, ts=6, x0=312349262
P1, tp=6, ts=6, x0=617974819, x1=105960860
P3, tp=6, ts=6, x0=468306960
P0, tp=6, ts=6, x0=617109892
P0, tp=6, ts=6, x0=372870472
P1, tp=6, ts=6, x0=897285471, x1=392432443
P1, tp=6, ts=6, x0=484790675, x1=964827769
P1, tp=6, ts=6, x0=367568060, x1=739291160
P2, tp=6, ts=6, x0=449880464
P1, tp=6, ts=6, x0=367568060, x1=499792139
P0, tp=6, ts=6, x0=605766328
P1, tp=6, ts=6, x0=261204615, x1=547669970
P1, tp=6, ts=6, x0=195915514, x1=168111226
P0, tp=6, ts=6, x0=185292178
P1, tp=6, ts=6, x0=924324086, x1=566746607
P0, tp=6, ts=6, x0=155967104
P3, tp=6, ts=6, x0=625476605
P3, tp=6, ts=6, x0=227503296
P3, tp=6, ts=6, x0=841125469
P1, tp=6, ts=6, x0=392432443, x1=459192419
P0, tp=6, ts=6, x0=506607601
P3, tp=6, ts=6, x0=557929790
P0, tp=6, ts=6, x0=501684859
P3, tp=6, ts=6, x0=52043129
P2, tp=6, ts=6, x0=598474596
P2, tp=6, ts=6, x0=834698196
P3, tp=6, ts=6, x0=608500021
P3, tp=6, ts=6, x0=767889452
P2, tp=6, ts=6, x0=484790675
P3, tp=6, ts=6, x0=451407445
P2, tp=6, ts=6, x0=963393648
P0, tp=6, ts=6, x0=575645881
P2, tp=6, ts=6, x0=298621315
P3, tp=6, ts=6, x0=207858560
P1, tp=6, ts=6, x0=841125469, x1=185292178
P1, tp=6, ts=6, x0=789340274, x1=465994483
P2, tp=6, ts=6, x0=449880464
P0, tp=6, ts=6, x0=501684859
P0, tp=6, ts=6, x0=312349262
P3, tp=6, ts=6, x0=467517983
P2, tp=6, ts=6, x0=924324086
P2, tp=6, ts=6, x0=591602694
P1, tp=6, ts=6, x0=84760217, x1=372870472
P1, tp=6, ts=6, x0=133569080, x1=767889452
P0, tp=6, ts=6, x0=144399779
P2, tp=6, ts=6, x0=136252704
P3, tp=6, ts=6, x0=905206312
P0, tp=6, ts=6, x0=195297648
P2, tp=6, ts=6, x0=367814836
P0, tp=6, ts=6, x0=155967104
P2, tp=6, ts=6, x0=617974819
P2, tp=6, ts=6, x0=764925690
P0, tp=6, ts=6, x0=227503296
P0, tp=6, ts=6, x0=621169062
P0, tp=6, ts=6, x0=399355728
P2, tp=6, ts=6, x0=566746607
P1, tp=6, ts=6, x0=704427958, x1=462578321
P3, tp=6, ts=6, x0=881401427
P1, tp=6, ts=6, x0=898365340, x1=739291160
P3, tp=6, ts=6, x0=144104258
P1, tp=6, ts=6, x0=739291160, x1=449880464
P3, tp=6, ts=6, x0=764925690
P0, tp=6, ts=6, x0=704427958
P1, tp=6, ts=6, x0=269043948, x1=924324086
P3, tp=6, ts=6, x0=443786006
P3, tp=6, ts=6, x0=589947901
P2, tp=6, ts=6, x0=192930643
P0, tp=6, ts=6, x0=168111226
P2, tp=6, ts=6, x0=897285471
P0, tp=6, ts=6, x0=207858560
P0, tp=6, ts=6, x0=898365340
P1, tp=6, ts=6, x0=308137186, x1=367814836
P0, tp=6, ts=6, x0=267627622
P3, tp=6, ts=6, x0=367568060
P3, tp=6, ts=6, x0=499792139
P0, tp=6, ts=6, x0=133569080
P3, tp=6, ts=6, x0=348201101
P1, tp=6, ts=6, x0=617974819, x1=497549076
P3, tp=6, ts=6, x0=218548375
P3, tp=6, ts=6, x0=566746607
P1, tp=6, ts=6, x0=621169062, x1=566746607
P1, tp=6, ts=6, x0=207858560, x1=298621315
P1, tp=6, ts=6, x0=898365340, x1=605766328
P0, tp=6, ts=6, x0=247600319
P1, tp=6, ts=6, x0=613979073, x1=443786006
P2, tp=6, ts=6, x0=905206312
P2, tp=6, ts=6, x0=834698196
P1, tp=6, ts=6, x0=696179508, x1=789340274
P0, tp=6, ts=6, x0=207858560
P0, tp=6, ts=6, x0=617109892
P3, tp=6, ts=6, x0=431414394
P2, tp=6, ts=6, x0=229747845
P1, tp=6, ts=6, x0=344440560, x1=348201101
P0, tp=6, ts=6, x0=107027143
P0, tp=6, ts=6, x0=521435522
P0, tp=6, ts=6, x0=834698196
P3, tp=6, ts=6, x0=192930643
P0, tp=6, ts=6, x0=400188003
P2, tp=6, ts=6, x0=762680907
P2, tp=6, ts=6, x0=462578321
P1, tp=6, ts=6, x0=841125469, x1=155967104
P0, tp=6, ts=6, x0=105960860
P3, tp=6, ts=6, x0=269440805
P2, tp=6, ts=6, x0=195915514
P0, tp=6, ts=6, x0=23511654
P2, tp=6, ts=6, x0=312349262
P0, tp=6, ts=6, x0=441740964
P2, tp=6, ts=6, x0=231852668
P2, tp=6, ts=6, x0=548419584
P3, tp=6, ts=6, x0=459192419
P2, tp=6, ts=6, x0=181739991
P1, tp=6, ts=6, x0=465994483, x1=23511654
P2, tp=6, ts=6, x0=84760217
P0, tp=6, ts=6, x0=557929790
P3, tp=6, ts=6, x0=84760217
P3, tp=6, ts=6, x0=392432443
P3, tp=6, ts=6, x0=687599720
P1, tp=6, ts=6, x0=527146384, x1=990081632
P0, tp=6, ts=6, x0=441740964
P1, tp=6, ts=6, x0=608500021, x1=267627622
P3, tp=6, ts=6, x0=155967104
P0, tp=6, ts=6, x0=499792139
P3, tp=6, ts=6, x0=589947901
P3, tp=6, ts=6, x0=195915514
P1, tp=6, ts=6, x0=484790675, x1=90521981
P3, tp=6, ts=6, x0=990081632
P0, tp=6, ts=6, x0=904188454
P0, tp=6, ts=6, x0=431414394
P2, tp=6, ts=6, x0=105960860
P2, tp=6, ts=6, x0=963393648
P1, tp=6, ts=6, x0=185292178, x1=119435197
P3, tp=6, ts=6, x0=617974819
P1, tp=6, ts=6, x0=441740964, x1=237015335
P1, tp=6, ts=6, x0=38162545, x1=459192419
P3, tp=6, ts=6, x0=432064988
P1, tp=6, ts=6, x0=566746607, x1=201934782
P3, tp=6, ts=6, x0=613979073
P3, tp=6, ts=6, x0=144399779
P0, tp=6, ts=6, x0=897285471
P1, tp=6, ts=6, x0=566746607, x1=465994483
P1, tp=6, ts=6, x0=762680907, x1=459192419
P0, tp=6, ts=6, x0=367568060
P0, tp=6, ts=6, x0=344440560
P0, tp=6, ts=6, x0=687599720
P0, tp=6, ts=6, x0=144399779
P2, tp=6, ts=6, x0=269440805
P3, tp=6, ts=6, x0=300701925
P3, tp=6, ts=6, x0=711815395
P2, tp=6, ts=6, x0=710640137
P0, tp=6, ts=6, x0=269440805
P2, tp=6, ts=6, x0=218548375
P1, tp=6, ts=6, x0=739291160, x1=392432443
P1, tp=6, ts=6, x0=195915514, x1=201934782
P1, tp=6, ts=6, x0=195915514, x1=133165140
P0, tp=6, ts=6, x0=419180382
P3, tp=6, ts=6, x0=898365340
P0, tp=6, ts=6, x0=419180382
P3, tp=6, ts=6, x0=380858942
P3, tp=6, ts=6, x0=500383292
P2, tp=6, ts=6, x0=195915514
P3, tp=6, ts=6, x0=119435197
P2, tp=6, ts=6, x0=431414394
P1, tp=6, ts=6, x0=591602694, x1=133165140
P2, tp=6, ts=6, x0=964827769
P1, tp=6, ts=6, x0=380858942, x1=834698196
P3, tp=6, ts=6, x0=500383292
P0, tp=6, ts=6, x0=107027143
P1, tp=6, ts=6, x0=710640137, x1=905206312
P2, tp=6, ts=6, x0=598474596
P2, tp=6, ts=6, x0=521435522
P1, tp=6, ts=6, x0=933912693, x1=269043948
P2, tp=6, ts=6, x0=586593153
P0, tp=6, ts=6, x0=308137186
P3, tp=6, ts=6, x0=195297648
P1, tp=6, ts=6, x0=231852668, x1=711815395
P0, tp=6, ts=6, x0=500383292
P1, tp=6, ts=6, x0=177605669, x1=704427958
P1, tp=6, ts=6, x0=575199771, x1=38162545
P0, tp=6, ts=6, x0=566746607
P3, tp=6, ts=6, x0=267627622
P2, tp=6, ts=6, x0=348201101
P2, tp=6, ts=6, x0=890796740
P1, tp=6, ts=6, x0=459192419, x1=459192419
P0, tp=6, ts=6, x0=964827769
P3, tp=6, ts=6, x0=924324086
P3, tp=6, ts=6, x0=617974819
P1, tp=6, ts=6, x0=696179508, x1=687599720
P0, tp=6, ts=6, x0=399355728
P1, tp=6, ts=6, x0=52043129, x1=312349262
P2, tp=6, ts=6, x0=598474596
P2, tp=6, ts=6, x0=535143151
P1, tp=6, ts=6, x0=312349262, x1=177605669
P0, tp=6, ts=6, x0=344440560
P0, tp=6, ts=6, x0=834698196
P1, tp=6, ts=6, x0=218548375, x1=714432740
P2, tp=6, ts=6, x0=392432443
P2, tp=6, ts=6, x0=247600319
P1, tp=6, ts=6, x0=575645881, x1=841125469
P3, tp=6, ts=6, x0=431414394
P2, tp=6, ts=6, x0=704427958
P2, tp=6, ts=6, x0=399355728
P0, tp=6, ts=6, x0=484790675
P3, tp=6, ts=6, x0=617109892
P1, tp=6, ts=6, x0=312349262, x1=269043948
P0, tp=6, ts=6, x0=834698196
P2, tp=6, ts=6, x0=571619243
P1, tp=6, ts=6, x0=527146384, x1=547669970
P3, tp=6, ts=6, x0=527146384
P0, tp=6, ts=6, x0=548419584
P1, tp=6, ts=6, x0=399355728, x1=399355728
P0, tp=6, ts=6, x0=898365340
P0, tp=6, ts=6, x0=195297648
P3, tp=6, ts=6, x0=521435522
P0, tp=6, ts=6, x0=605766328
P3, tp=6, ts=6, x0=605766328
P1, tp=6, ts=6, x0=432064988, x1=452790618
P3, tp=6, ts=6, x0=181739991
P3, tp=6, ts=6, x0=598474596
P0, tp=6, ts=6, x0=144399779
P2, tp=6, ts=6, x0=990081632
P2, tp=6, ts=6, x0=696179508
P3, tp=6, ts=6, x0=964827769
P0, tp=6, ts=6, x0=548419584
P1, tp=6, ts=6, x0=575199771, x1=192930643
P0, tp=6, ts=6, x0=963393648
P2, tp=6, ts=6, x0=452790618
P0, tp=6, ts=6, x0=431414394
P3, tp=6, ts=6, x0=181739991
P1, tp=6, ts=6, x0=617109892, x1=348201101
P0, tp=6, ts=6, x0=841125469
P2, tp=6, ts=6, x0=617109892
P3, tp=6, ts=6, x0=38162545
P3, tp=6, ts=6, x0=459192419
P0, tp=6, ts=6, x0=449880464
P2, tp=6, ts=6, x0=963393648
P3, tp=6, ts=6, x0=710640137
P2, tp=6, ts=6, x0=427527394
P1, tp=6, ts=6, x0=964827769, x1=399256606
P1, tp=6, ts=6, x0=484790675, x1=548419584
P0, tp=6, ts=6, x0=427527394
P3, tp=6, ts=6, x0=90521981
P1, tp=6, ts=6, x0=181739991, x1=967782130
P0, tp=6, ts=6, x0=834698196
P1, tp=6, ts=6, x0=547669970, x1=231852668
P2, tp=6, ts=6, x0=571619243
P1, tp=6, ts=6, x0=617109892, x1=201934782
P0, tp=6, ts=6, x0=617109892
P0, tp=6, ts=6, x0=247600319
P2, tp=6, ts=6, x0=84760217
P0, tp=6, ts=6, x0=312349262
P3, tp=6, ts=6, x0=177605669
P3, tp=6, ts=6, x0=521435522
P1, tp=6, ts=6, x0=890796740, x1=231852668
P0, tp=6, ts=6, x0=764925690
P3, tp=6, ts=6, x0=195297648
P1, tp=6, ts=6, x0=557929790, x1=905206312
P2, tp=6, ts=6, x0=52043129
P0, tp=6, ts=6, x0=500383292
P0, tp=6, ts=6, x0=308137186
P0, tp=6, ts=6, x0=443786006
P3, tp=6, ts=6, x0=710640137
P3, tp=6, ts=6, x0=392432443
P2, tp=6, ts=6, x0=427527394
P3, tp=6, ts=6, x0=714432740
P3, tp=6, ts=6, x0=924324086
P3, tp=6, ts=6, x0=963393648
P2, tp=6, ts=6, x0=189440773
P2, tp=6, ts=6, x0=441740964
P1, tp=6, ts=6, x0=399256606, x1=427527394
P1, tp=6, ts=6, x0=696179508, x1=617109892
P1, tp=6, ts=6, x0=300701925, x1=608500021
P2, tp=6, ts=6, x0=605766328
P0, tp=6, ts=6, x0=695213184
P0, tp=6, ts=6, x0=881401427
P1, tp=6, ts=6, x0=589947901, x1=269440805
P3, tp=6, ts=6, x0=462578321
P1, tp=6, ts=6, x0=964827769, x1=168111226
P3, tp=6, ts=6, x0=432064988
P2, tp=6, ts=6, x0=617109892
P2, tp=6, ts=6, x0=589947901
P2, tp=6, ts=6, x0=195297648
P3, tp=6, ts=6, x0=245009023
P3, tp=6, ts=6, x0=462578321
P2, tp=6, ts=6, x0=575645881
P1, tp=6, ts=6, x0=747068441, x1=367814836
P3, tp=6, ts=6, x0=924324086
P3, tp=6, ts=6, x0=207858560
P0, tp=6, ts=6, x0=711815395
P1, tp=6, ts=6, x0=23511654, x1=367814836
P2, tp=6, ts=6, x0=245009023
P0, tp=6, ts=6, x0=964827769
P0, tp=6, ts=6, x0=207858560
P0, tp=6, ts=6, x0=269440805
P2, tp=6, ts=6, x0=500383292
P3, tp=6, ts=6, x0=462578321
P0, tp=6, ts=6, x0=747068441
P2, tp=6, ts=6, x0=762680907
P2, tp=6, ts=6, x0=545692779
P2, tp=6, ts=6, x0=897285471
P2, tp=6, ts=6, x0=636142374
P2, tp=6, ts=6, x0=462578321
P3, tp=6, ts=6, x0=432064988
P0, tp=6, ts=6, x0=636142374
P0, tp=6, ts=6, x0=571619243
P0, tp=6, ts=6, x0=84760217
P2, tp=6, ts=6, x0=924324086
P0, tp=6, ts=6, x0=119435197
P2, tp=6, ts=6, x0=269440805
P2, tp=6, ts=6, x0=245009023
P0, tp=6, ts=6, x0=521435522
P0, tp=6, ts=6, x0=714432740
P1, tp=6, ts=6, x0=613979073, x1=687599720
P2, tp=6, ts=6, x0=267627622
P1, tp=6, ts=6, x0=443786006, x1=189440773
P0, tp=6, ts=6, x0=400188003
P3, tp=6, ts=6, x0=598474596
P3, tp=6, ts=6, x0=521435522
P3, tp=6, ts=6, x0=761806304
P1, tp=6, ts=6, x0=367814836, x1=247600319
P0, tp=6, ts=6, x0=714432740
P0, tp=6, ts=6, x0=192930643
P1, tp=6, ts=6, x0=237015335, x1=710640137
P3, tp=6, ts=6, x0=990081632
P1, tp=6, ts=6, x0=762680907, x1=269440805
P0, tp=6, ts=6, x0=598474596
P0, tp=6, ts=6, x0=589947901
P2, tp=6, ts=6, x0=566746607
P1, tp=6, ts=6, x0=764925690, x1=575645881
P1, tp=6, ts=6, x0=710640137, x1=247600319
P0, tp=6, ts=6, x0=964827769
P1, tp=6, ts=6, x0=547669970, x1=696179508
P3, tp=6, ts=6, x0=608500021
P3, tp=6, ts=6, x0=747068441
P0, tp=6, ts=6, x0=905206312
P0, tp=6, ts=6, x0=344440560
P0, tp=6, ts=6, x0=168111226
P1, tp=6, ts=6, x0=449880464, x1=308137186
P0, tp=6, ts=6, x0=399355728
P1, tp=6, ts=6, x0=443786006, x1=452790618
P0, tp=6, ts=6, x0=497549076
P2, tp=6, ts=6, x0=381554859
P0, tp=6, ts=6, x0=298621315
P2, tp=6, ts=6, x0=31950599
P2, tp=6, ts=6, x0=52043129
P0, tp=6, ts=6, x0=168111226
P1, tp=6, ts=6, x0=747068441, x1=298621315
P0, tp=6, ts=6, x0=51298768
P2, tp=6, ts=6, x0=51298768
P2, tp=6, ts=6, x0=31950599
P2, tp=6, ts=6, x0=598474596
P2, tp=6, ts=6, x0=575199771
P1, tp=6, ts=6, x0=308137186, x1=247600319
P1, tp=6, ts=6, x0=344440560, x1=834698196
P2, tp=6, ts=6, x0=479414963
P2, tp=6, ts=6, x0=308137186
P3, tp=6, ts=6, x0=344440560
P3, tp=6, ts=6, x0=687599720
P3, tp=6, ts=6, x0=459192419
P0, tp=6, ts=6, x0=881401427
P3, tp=6, ts=6, x0=269043948
P0, tp=6, ts=6, x0=763718468
P3, tp=6, ts=6, x0=589947901
P3, tp=6, ts=6, x0=479414963
P0, tp=6, ts=6, x0=933912693
P1, tp=6, ts=6, x0=431414394, x1=687599720
P1, tp=6, ts=6, x0=443786006, x1=990081632
P0, tp=6, ts=6, x0=267627622
P0, tp=6, ts=6, x0=711815395
P2, tp=6, ts=6, x0=497549076
P0, tp=6, ts=6, x0=575199771
P0, tp=6, ts=6, x0=441740964
P3, tp=6, ts=6, x0=227503296
P0, tp=6, ts=6, x0=575645881
P0, tp=6, ts=6, x0=763718468
P0, tp=6, ts=6, x0=274805406
P0, tp=6, ts=6, x0=695213184
P2, tp=6, ts=6, x0=158719929
P0, tp=6, ts=6, x0=636142374
P3, tp=6, ts=6, x0=964827769
P1, tp=6, ts=6, x0=7717077, x1=90521981
P2, tp=6, ts=6, x0=237015335
P0, tp=6, ts=6, x0=298621315
P2, tp=6, ts=6, x0=431414394
P3, tp=6, ts=6, x0=432017238
P0, tp=6, ts=6, x0=269043948
P3, tp=6, ts=6, x0=605766328
P1, tp=6, ts=6, x0=38162545, x1=133165140
P2, tp=6, ts=6, x0=207858560
P0, tp=6, ts=6, x0=737817497
P3, tp=6, ts=6, x0=90521981
P0, tp=6, ts=6, x0=432017238
P2, tp=6, ts=6, x0=267627622
P1, tp=6, ts=6, x0=381554859, x1=890796740
P3, tp=6, ts=6, x0=250892749
P3, tp=6, ts=6, x0=400188003
P3, tp=6, ts=6, x0=755129506
P3, tp=6, ts=6, x0=575199771
P2, tp=6, ts=6, x0=274805406
P3, tp=6, ts=6, x0=497549076
P1, tp=6, ts=6, x0=710640137, x1=890796740
P0, tp=6, ts=6, x0=628190484
P0, tp=6, ts=6, x0=261204615
P2, tp=6, ts=6, x0=348201101
P2, tp=6, ts=6, x0=905206312
P0, tp=6, ts=6, x0=267627622
P3, tp=6, ts=6, x0=300701925
P2, tp=6, ts=6, x0=547669970
P1, tp=6, ts=6, x0=467517983, x1=269440805
P3, tp=6, ts=6, x0=427527394
P3, tp=6, ts=6, x0=500383292
P1, tp=6, ts=6, x0=459192419, x1=898365340
P2, tp=6, ts=6, x0=207858560
P1, tp=6, ts=6, x0=427527394, x1=274805406
P1, tp=6, ts=6, x0=459192419, x1=189440773
P0, tp=6, ts=6, x0=547669970
P3, tp=7, ts=7, x0=479414963
P3, tp=7, ts=7, x0=245009023
P2, tp=7, ts=7, x0=38162545
P1, tp=7, ts=7, x0=841125469, x1=7717077
P1, tp=7, ts=7, x0=755129506, x1=897285471
P3, tp=7, ts=7, x0=195297648
P2, tp=7, ts=7, x0=702894713
P1, tp=7, ts=7, x0=250892749, x1=737817497
P3, tp=7, ts=7, x0=695213184
P3, tp=7, ts=7, x0=459192419
P3, tp=7, ts=7, x0=443786006
P3, tp=7, ts=7, x0=399256606
P0, tp=7, ts=7, x0=298621315
P3, tp=7, ts=7, x0=747068441
P3, tp=7, ts=7, x0=231852668
P2, tp=7, ts=7, x0=367814836
P2, tp=7, ts=7, x0=84760217
P2, tp=7, ts=7, x0=504485040
P3, tp=7, ts=7, x0=38162545
P3, tp=7, ts=7, x0=231852668
P0, tp=7, ts=7, x0=636142374
P1, tp=7, ts=7, x0=144104258, x1=449880464
P0, tp=7, ts=7, x0=427527394
P2, tp=7, ts=7, x0=449880464
P2, tp=7, ts=7, x0=617974819
P2, tp=7, ts=7, x0=990081632
P0, tp=7, ts=7, x0=269043948
P2, tp=7, ts=7, x0=452790618
P1, tp=7, ts=7, x0=449880464, x1=267627622
P1, tp=7, ts=7, x0=500383292, x1=500383292
P3, tp=7, ts=7, x0=462578321
P1, tp=7, ts=7, x0=298621315, x1=890796740
P3, tp=7, ts=7, x0=207858560
P3, tp=7, ts=7, x0=504485040
P3, tp=7, ts=7, x0=168111226
P2, tp=7, ts=7, x0=924324086
P1, tp=7, ts=7, x0=956143349, x1=348201101
P3, tp=7, ts=7, x0=229747845
P1, tp=7, ts=7, x0=497549076, x1=432064988
P0, tp=7, ts=7, x0=90521981
P2, tp=7, ts=7, x0=207858560
P2, tp=7, ts=7, x0=548419584
P2, tp=7, ts=7, x0=711815395
P3, tp=7, ts=7, x0=613979073
P3, tp=7, ts=7, x0=747068441
P1, tp=7, ts=7, x0=659197931, x1=144104258
P1, tp=7, ts=7, x0=467517983, x1=821397077
P1, tp=7, ts=7, x0=545692779, x1=881401427
P0, tp=7, ts=7, x0=782391813
P0, tp=7, ts=7, x0=714432740
P1, tp=7, ts=7, x0=714780081, x1=261204615
P3, tp=7, ts=7, x0=500383292
P2, tp=7, ts=7, x0=399355728
P3, tp=7, ts=7, x0=545692779
P2, tp=7, ts=7, x0=608500021
P1, tp=7, ts=7, x0=158719929, x1=432064988
P0, tp=7, ts=7, x0=431414394
P3, tp=7, ts=7, x0=933912693
P1, tp=7, ts=7, x0=367814836, x1=714432740
P2, tp=7, ts=7, x0=431414394
P2, tp=7, ts=7, x0=782391813
P0, tp=7, ts=7, x0=695213184
P1, tp=7, ts=7, x0=84760217, x1=84760217
P2, tp=7, ts=7, x0=250892749
P2, tp=7, ts=7, x0=479414963
P1, tp=7, ts=7, x0=739291160, x1=636142374
P1, tp=7, ts=7, x0=821397077, x1=545692779
P2, tp=7, ts=7, x0=31950599
P1, tp=7, ts=7, x0=710640137, x1=90521981
P0, tp=7, ts=7, x0=50691269
P1, tp=7, ts=7, x0=267627622, x1=459192419
P0, tp=7, ts=7, x0=300701925
P1, tp=7, ts=7, x0=841125469, x1=11631640
P3, tp=7, ts=7, x0=119435197
P0, tp=7, ts=7, x0=881401427
P3, tp=7, ts=7, x0=500383292
P3, tp=7, ts=7, x0=231852668
P2, tp=7, ts=7, x0=348201101
P2, tp=7, ts=7, x0=449880464
P1, tp=7, ts=7, x0=467517983, x1=990081632
P1, tp=7, ts=7, x0=229747845, x1=245009023
P1, tp=7, ts=7, x0=687599720, x1=605766328
P3, tp=7, ts=7, x0=809815384
P1, tp=7, ts=7, x0=737817497, x1=673805507
P1, tp=7, ts=7, x0=575645881, x1=547669970
P3, tp=7, ts=7, x0=90521981
P1, tp=7, ts=7, x0=367814836, x1=267627622
P3, tp=7, ts=7, x0=250892749
P0, tp=7, ts=7, x0=598474596
P0, tp=7, ts=7, x0=86150724
P2, tp=7, ts=7, x0=185292178
P2, tp=7, ts=7, x0=168111226
P2, tp=7, ts=7, x0=168111226
P2, tp=7, ts=7, x0=201934782
P3, tp=7, ts=7, x0=38162545
P2, tp=7, ts=7, x0=714780081
P3, tp=7, ts=7, x0=933912693
P1, tp=7, ts=7, x0=714780081, x1=673805507
P1, tp=7, ts=7, x0=898365340, x1=545692779
P0, tp=7, ts=7, x0=443786006
P0, tp=7, ts=7, x0=231852668
P0, tp=7, ts=7, x0=432017238
P1, tp=7, ts=7, x0=990081632, x1=90521981
P1, tp=7, ts=7, x0=267627622, x1=189440773
P0, tp=7, ts=7, x0=710640137
P2, tp=7, ts=7, x0=782391813
P3, tp=7, ts=7, x0=11631640
P0, tp=7, ts=7, x0=90521981
P1, tp=7, ts=7, x0=608500021, x1=881401427
P3, tp=7, ts=7, x0=84760217
P2, tp=7, ts=7, x0=498248164
P3, tp=7, ts=7, x0=714432740
P3, tp=7, ts=7, x0=605766328
P2, tp=7, ts=7, x0=782391813
P3, tp=7, ts=7, x0=695213184
P2, tp=7, ts=7, x0=400188003
P2, tp=7, ts=7, x0=10166326
P1, tp=7, ts=7, x0=133165140, x1=444542848
P2, tp=7, ts=7, x0=547669970
P2, tp=7, ts=7, x0=229747845
P2, tp=7, ts=7, x0=841125469
P2, tp=7, ts=7, x0=714432740
P0, tp=7, ts=7, x0=905206312
P1, tp=7, ts=7, x0=31950599, x1=185292178
P3, tp=7, ts=7, x0=432017238
P2, tp=7, ts=7, x0=964827769
P3, tp=7, ts=7, x0=443786006
P3, tp=7, ts=7, x0=782391813
P0, tp=7, ts=7, x0=52043129
P2, tp=7, ts=7, x0=50691269
P1, tp=7, ts=7, x0=133165140, x1=50691269
P1, tp=7, ts=7, x0=711815395, x1=905206312
P3, tp=7, ts=7, x0=711815395
P2, tp=7, ts=7, x0=208523542
P3, tp=7, ts=7, x0=227503296
P0, tp=7, ts=7, x0=782391813
P3, tp=7, ts=7, x0=119435197
P0, tp=7, ts=7, x0=229747845
P1, tp=7, ts=7, x0=250892749, x1=772985227
P3, tp=7, ts=7, x0=659197931
P1, tp=7, ts=7, x0=504485040, x1=598474596
P0, tp=7, ts=7, x0=763718468
P2, tp=7, ts=7, x0=400188003
P2, tp=7, ts=7, x0=51298768
P1, tp=7, ts=7, x0=739291160, x1=762680907
P1, tp=7, ts=7, x0=133165140, x1=231852668
P3, tp=7, ts=7, x0=898365340
P2, tp=7, ts=7, x0=636142374
P1, tp=7, ts=7, x0=763718468, x1=274805406
P1, tp=7, ts=7, x0=497549076, x1=207858560
P0, tp=7, ts=7, x0=247600319
P0, tp=7, ts=7, x0=636142374
P0, tp=7, ts=7, x0=890796740
P2, tp=7, ts=7, x0=714780081
P3, tp=7, ts=7, x0=575199771
P0, tp=7, ts=7, x0=274805406
P1, tp=7, ts=7, x0=484790675, x1=208523542
P1, tp=7, ts=7, x0=298621315, x1=566746607
P0, tp=7, ts=7, x0=714432740
P2, tp=7, ts=7, x0=261204615
P0, tp=7, ts=7, x0=38162545
P3, tp=7, ts=7, x0=605766328
P2, tp=7, ts=7, x0=782391813
P0, tp=7, ts=7, x0=659197931
P3, tp=7, ts=7, x0=208523542
P0, tp=7, ts=7, x0=432064988
P2, tp=7, ts=7, x0=86150724
P2, tp=7, ts=7, x0=192930643
P2, tp=7, ts=7, x0=432064988
P1, tp=7, ts=7, x0=367241594, x1=467517983
P1, tp=7, ts=7, x0=545692779, x1=575199771
P1, tp=7, ts=7, x0=231852668, x1=598474596
P0, tp=7, ts=7, x0=484790675
P0, tp=7, ts=7, x0=348201101
P3, tp=7, ts=7, x0=185292178
P0, tp=7, ts=7, x0=714432740
P1, tp=7, ts=7, x0=269043948, x1=38162545
P3, tp=7, ts=7, x0=298621315
P3, tp=7, ts=7, x0=681764332
P1, tp=7, ts=7, x0=462578321, x1=185292178
P1, tp=7, ts=7, x0=681764332, x1=400188003
P3, tp=7, ts=7, x0=92398571
P2, tp=7, ts=7, x0=752075541
P1, tp=7, ts=7, x0=869751904, x1=586593153
P0, tp=7, ts=7, x0=227503296
P3, tp=7, ts=7, x0=92398571
P0, tp=7, ts=7, x0=237015335
P0, tp=7, ts=7, x0=231852668
P0, tp=7, ts=7, x0=90521981
P1, tp=7, ts=7, x0=269043948, x1=38162545
P3, tp=7, ts=7, x0=187498055
P2, tp=7, ts=7, x0=229747845
P3, tp=7, ts=7, x0=598474596
P2, tp=7, ts=7, x0=545692779
P2, tp=7, ts=7, x0=763718468
P2, tp=7, ts=7, x0=367814836
P3, tp=7, ts=7, x0=250892749
P3, tp=7, ts=7, x0=11631640
P3, tp=7, ts=7, x0=605766328
P0, tp=7, ts=7, x0=261204615
P3, tp=7, ts=7, x0=566746607
P1, tp=7, ts=7, x0=227503296, x1=574008414
P3, tp=7, ts=7, x0=201934782
P0, tp=7, ts=7, x0=782391813
P3, tp=7, ts=7, x0=527146384
P3, tp=7, ts=7, x0=444542848
P0, tp=7, ts=7, x0=300701925
P2, tp=7, ts=7, x0=443786006
P1, tp=7, ts=7, x0=752075541, x1=687599720
P0, tp=7, ts=7, x0=376702113
P3, tp=7, ts=7, x0=782391813
P1, tp=7, ts=7, x0=896711618, x1=10166326
P2, tp=7, ts=7, x0=822678545
P2, tp=7, ts=7, x0=821397077
P3, tp=7, ts=7, x0=300701925
P3, tp=7, ts=7, x0=755129506
P2, tp=7, ts=7, x0=399256606
P2, tp=7, ts=7, x0=269440805
P3, tp=7, ts=7, x0=370564003
P0, tp=7, ts=7, x0=615404021
P1, tp=7, ts=7, x0=575199771, x1=381554859
P0, tp=7, ts=7, x0=250892749
P0, tp=7, ts=7, x0=575199771
P2, tp=7, ts=7, x0=274805406
P3, tp=7, ts=7, x0=821397077
P3, tp=7, ts=7, x0=332550878
P1, tp=7, ts=7, x0=192930643, x1=527146384
P0, tp=7, ts=7, x0=822678545
P3, tp=7, ts=7, x0=497549076
P0, tp=7, ts=7, x0=432017238
P2, tp=7, ts=7, x0=192930643
P3, tp=7, ts=7, x0=208523542
P3, tp=7, ts=7, x0=399256606
P3, tp=7, ts=7, x0=267627622
P3, tp=7, ts=7, x0=168111226
P2, tp=7, ts=7, x0=747068441
P3, tp=7, ts=7, x0=890796740
P0, tp=7, ts=7, x0=367241594
P2, tp=7, ts=7, x0=765811245
P3, tp=7, ts=7, x0=427527394
P3, tp=7, ts=7, x0=90521981
P3, tp=7, ts=7, x0=616494935
P2, tp=7, ts=7, x0=370564003
P3, tp=7, ts=7, x0=881401427
P1, tp=7, ts=7, x0=527146384, x1=714432740
P1, tp=7, ts=7, x0=133165140, x1=898365340
P3, tp=7, ts=7, x0=869751904
P2, tp=7, ts=7, x0=192930643
P0, tp=7, ts=7, x0=890796740
P0, tp=7, ts=7, x0=376702113
P3, tp=7, ts=7, x0=714780081
P2, tp=7, ts=7, x0=681764332
P2, tp=7, ts=7, x0=898365340
P1, tp=7, ts=7, x0=208523542, x1=52043129
P2, tp=7, ts=7, x0=527146384
P2, tp=7, ts=7, x0=881401427
P1, tp=7, ts=7, x0=402776858, x1=527146384
P2, tp=7, ts=7, x0=274805406
P1, tp=7, ts=7, x0=92398571, x1=896711618
P0, tp=7, ts=7, x0=575645881
P2, tp=7, ts=7, x0=504485040
P3, tp=7, ts=7, x0=616494935
P2, tp=7, ts=7, x0=267627622
P3, tp=7, ts=7, x0=747068441
P3, tp=7, ts=7, x0=250892749
P2, tp=7, ts=7, x0=247600319
P1, tp=7, ts=7, x0=201934782, x1=367241594
P1, tp=7, ts=7, x0=90521981, x1=963393648
P1, tp=7, ts=7, x0=497549076, x1=497549076
P0, tp=7, ts=7, x0=527146384
P0, tp=7, ts=7, x0=763718468
P2, tp=7, ts=7, x0=402776858
P0, tp=7, ts=7, x0=4422628
P2, tp=7, ts=7, x0=367814836
P0, tp=7, ts=7, x0=566746607
P0, tp=7, ts=7, x0=498248164
P0, tp=7, ts=7, x0=498248164
P2, tp=7, ts=7, x0=963393648
P1, tp=7, ts=7, x0=747068441, x1=752075541
P1, tp=7, ts=7, x0=133165140, x1=10166326
P2, tp=7, ts=7, x0=467517983
P0, tp=7, ts=7, x0=575199771
P2, tp=7, ts=7, x0=702894713
P0, tp=7, ts=7, x0=963393648
P3, tp=7, ts=7, x0=636142374
P1, tp=7, ts=7, x0=480377009, x1=168111226
P0, tp=7, ts=7, x0=443786006
P2, tp=7, ts=7, x0=572270637
P2, tp=7, ts=7, x0=348201101
P1, tp=7, ts=7, x0=348201101, x1=269043948
P2, tp=7, ts=7, x0=636142374
P1, tp=7, ts=7, x0=956143349, x1=898365340
P0, tp=7, ts=7, x0=7717077
P1, tp=7, ts=7, x0=10166326, x1=332550878
P2, tp=7, ts=7, x0=192930643
P3, tp=7, ts=7, x0=659197931
P2, tp=7, ts=7, x0=189440773
P1, tp=7, ts=7, x0=566746607, x1=332550878
P1, tp=7, ts=7, x0=521435522, x1=208523542
P1, tp=7, ts=7, x0=898365340, x1=504485040
P2, tp=7, ts=7, x0=752075541
P1, tp=7, ts=7, x0=300701925, x1=869751904
P3, tp=7, ts=7, x0=444542848
P2, tp=7, ts=7, x0=504485040
P1, tp=7, ts=7, x0=636142374, x1=370564003
P0, tp=7, ts=7, x0=367241594
P0, tp=7, ts=7, x0=367241594
P1, tp=7, ts=7, x0=575645881, x1=772985227
P1, tp=7, ts=7, x0=380238356, x1=711815395
P2, tp=7, ts=7, x0=575645881
P0, tp=7, ts=7, x0=809815384
P2, tp=7, ts=7, x0=443786006
P3, tp=7, ts=7, x0=772985227
P2, tp=7, ts=7, x0=237015335
P3, tp=7, ts=7, x0=711815395
P2, tp=7, ts=7, x0=809815384
P0, tp=7, ts=7, x0=714432740
P3, tp=7, ts=7, x0=443786006
P0, tp=7, ts=7, x0=696179508
P3, tp=7, ts=7, x0=714432740
P2, tp=7, ts=7, x0=31950599
P3, tp=7, ts=7, x0=449880464
P3, tp=7, ts=7, x0=835461326
P0, tp=7, ts=7, x0=956143349
P3, tp=7, ts=7, x0=521435522
P3, tp=7, ts=7, x0=951706554
P2, tp=7, ts=7, x0=898365340
P2, tp=7, ts=7, x0=821397077
P2, tp=7, ts=7, x0=498248164
P2, tp=7, ts=7, x0=933912693
P0, tp=7, ts=7, x0=231852668
P3, tp=7, ts=7, x0=772985227
P1, tp=7, ts=7, x0=687599720, x1=462716944
P0, tp=7, ts=7, x0=659197931
P3, tp=7, ts=7, x0=402776858
P2, tp=7, ts=7, x0=380238356
P2, tp=7, ts=7, x0=427527394
P2, tp=7, ts=7, x0=809815384
P3, tp=7, ts=7, x0=38162545
P1, tp=7, ts=7, x0=298621315, x1=380238356
P0, tp=7, ts=7, x0=4422628
P0, tp=7, ts=7, x0=504485040
P0, tp=7, ts=7, x0=201934782
P1, tp=7, ts=7, x0=827760083, x1=482625750
P3, tp=7, ts=7, x0=755129506
P3, tp=7, ts=7, x0=835461326
P0, tp=7, ts=7, x0=247806611
P0, tp=7, ts=7, x0=976008645
P2, tp=7, ts=7, x0=229747845
P3, tp=7, ts=7, x0=11631640
P0, tp=7, ts=7, x0=247806611
P1, tp=7, ts=7, x0=274805406, x1=681764332
P0, tp=7, ts=7, x0=192930643
P0, tp=7, ts=7, x0=402776858
P2, tp=7, ts=7, x0=381554859
P0, tp=7, ts=7, x0=673805507
P2, tp=7, ts=7, x0=937242680
P3, tp=7, ts=7, x0=572270637
P0, tp=7, ts=7, x0=348201101
P0, tp=7, ts=7, x0=399256606
P0, tp=7, ts=7, x0=747068441
P2, tp=7, ts=7, x0=575199771
P1, tp=7, ts=7, x0=574008414, x1=348201101
P3, tp=7, ts=7, x0=231852668
P0, tp=7, ts=7, x0=208523542
P0, tp=7, ts=7, x0=229747845
P1, tp=7, ts=7, x0=747068441, x1=187498055
P1, tp=7, ts=7, x0=192930643, x1=566746607
P3, tp=7, ts=7, x0=835461326
P0, tp=7, ts=7, x0=710640137
P0, tp=7, ts=7, x0=462716944
P1, tp=7, ts=7, x0=192930643, x1=869751904
P1, tp=7, ts=7, x0=370564003, x1=809815384
P3, tp=7, ts=7, x0=92398571
P2, tp=7, ts=7, x0=673805507
P1, tp=7, ts=7, x0=187498055, x1=905206312
P2, tp=7, ts=7, x0=462578321
P2, tp=7, ts=7, x0=376702113
P1, tp=7, ts=7, x0=484790675, x1=208523542
P0, tp=7, ts=7, x0=896711618
P0, tp=7, ts=7, x0=4422628
P0, tp=7, ts=7, x0=370564003
P0, tp=7, ts=7, x0=158719929
P3, tp=7, ts=7, x0=52043129
P0, tp=7, ts=7, x0=376702113
P2, tp=7, ts=7, x0=484790675
P0, tp=7, ts=7, x0=504485040
P1, tp=7, ts=7, x0=951706554, x1=695213184
P0, tp=7, ts=7, x0=462716944
P1, tp=7, ts=7, x0=237015335, x1=426262851
P2, tp=7, ts=7, x0=937242680
P3, tp=7, ts=7, x0=402776858
P1, tp=7, ts=7, x0=696179508, x1=898365340
P3, tp=7, ts=7, x0=687599720
P3, tp=7, ts=7, x0=963393648
P3, tp=7, ts=7, x0=890796740
P1, tp=7, ts=7, x0=739291160, x1=890796740
P0, tp=7, ts=7, x0=956143349
P2, tp=7, ts=7, x0=521435522
P0, tp=7, ts=7, x0=809815384
P2, tp=7, ts=7, x0=890796740
P1, tp=7, ts=7, x0=229747845, x1=208523542
P3, tp=7, ts=7, x0=426262851
P2, tp=7, ts=7, x0=636142374
P2, tp=7, ts=7, x0=237015335
P0, tp=7, ts=7, x0=51298768
P2, tp=7, ts=7, x0=237015335
P3, tp=7, ts=7, x0=367814836
P0, tp=7, ts=7, x0=192930643
P1, tp=7, ts=7, x0=50691269, x1=274805406
P3, tp=7, ts=7, x0=963393648
P2, tp=7, ts=7, x0=187498055
P0, tp=7, ts=7, x0=242093190
P0, tp=7, ts=7, x0=659197931
P1, tp=7, ts=7, x0=504485040, x1=354878282
P0, tp=7, ts=7, x0=841125469
P2, tp=7, ts=7, x0=841125469
P2, tp=7, ts=7, x0=890796740
P0, tp=7, ts=7, x0=158719929
P0, tp=7, ts=7, x0=380238356
P1, tp=7, ts=7, x0=687599720, x1=179274869
P3, tp=7, ts=7, x0=52043129
P2, tp=7, ts=7, x0=443786006
P1, tp=7, ts=7, x0=4422628, x1=38162545
P3, tp=7, ts=7, x0=128371316
P2, tp=7, ts=7, x0=427527394
P1, tp=7, ts=7, x0=521435522, x1=572270637
P3, tp=7, ts=7, x0=890796740
P2, tp=7, ts=7, x0=231852668
P3, tp=7, ts=7, x0=782391813
P2, tp=7, ts=7, x0=298621315
P3, tp=7, ts=7, x0=381554859
P1, tp=7, ts=7, x0=956143349, x1=721878378
P3, tp=7, ts=7, x0=380238356
P2, tp=7, ts=7, x0=370564003
P2, tp=7, ts=7, x0=399256606
P2, tp=7, ts=7, x0=298621315
P1, tp=7, ts=7, x0=658754500, x1=711815395
P1, tp=7, ts=7, x0=402776858, x1=4422628
P0, tp=7, ts=7, x0=332550878
P2, tp=7, ts=7, x0=92398571
P1, tp=7, ts=7, x0=937242680, x1=898365340
P2, tp=7, ts=7, x0=656435858
P3, tp=7, ts=7, x0=763718468
P1, tp=7, ts=7, x0=269440805, x1=827760083
P1, tp=7, ts=7, x0=782391813, x1=247806611
P2, tp=7, ts=7, x0=213028520
P2, tp=7, ts=7, x0=269440805
P3, tp=7, ts=7, x0=158719929
P2, tp=7, ts=7, x0=128371316
P3, tp=7, ts=7, x0=354878282
P0, tp=7, ts=7, x0=656435858
P2, tp=7, ts=7, x0=765811245
P3, tp=7, ts=7, x0=752075541
P1, tp=7, ts=7, x0=763718468, x1=4422628
P3, tp=7, ts=7, x0=376702113
P3, tp=7, ts=7, x0=972241558
P0, tp=7, ts=7, x0=521435522
P1, tp=7, ts=7, x0=714780081, x1=956143349
P0, tp=7, ts=7, x0=444542848
P3, tp=7, ts=7, x0=50691269
P3, tp=7, ts=7, x0=782186587
P3, tp=7, ts=7, x0=898365340
P2, tp=7, ts=7, x0=376702113
P3, tp=7, ts=7, x0=898365340
P2, tp=7, ts=7, x0=86150724
P1, tp=7, ts=7, x0=545692779, x1=688518772
P2, tp=7, ts=7, x0=189440773
P3, tp=7, ts=7, x0=242093190
P2, tp=7, ts=7, x0=367241594
P3, tp=7, ts=7, x0=714780081
P1, tp=7, ts=7, x0=92398571, x1=52043129
P3, tp=7, ts=7, x0=615404021
P0, tp=7, ts=7, x0=963393648
P1, tp=7, ts=7, x0=822678545, x1=51298768
P1, tp=7, ts=7, x0=772985227, x1=737817497
P0, tp=7, ts=7, x0=752075541
P2, tp=7, ts=7, x0=739291160
P0, tp=7, ts=7, x0=696179508
P2, tp=7, ts=7, x0=711815395
P1, tp=7, ts=7, x0=92398571, x1=269440805
P2, tp=7, ts=7, x0=714780081
P0, tp=7, ts=7, x0=937242680
P2, tp=7, ts=7, x0=933912693
P1, tp=7, ts=7, x0=247806611, x1=462716944
P3, tp=7, ts=7, x0=586593153
P1, tp=7, ts=7, x0=242093190, x1=119435197
P3, tp=7, ts=7, x0=128371316
P0, tp=7, ts=7, x0=603988177
P0, tp=7, ts=7, x0=835461326
P2, tp=7, ts=7, x0=714432740
P1, tp=7, ts=7, x0=444542848, x1=976008645
P0, tp=7, ts=7, x0=201119773
P3, tp=7, ts=7, x0=250892749
P3, tp=7, ts=7, x0=504485040
P2, tp=7, ts=7, x0=274805406
P2, tp=7, ts=7, x0=763718468
P0, tp=7, ts=7, x0=426262851
P3, tp=7, ts=7, x0=658754500
P2, tp=7, ts=7, x0=354878282
P2, tp=7, ts=7, x0=933912693
P1, tp=7, ts=7, x0=310156684, x1=976008645
P2, tp=7, ts=7, x0=444542848
P2, tp=7, ts=7, x0=387069668
P1, tp=7, ts=7, x0=586593153, x1=721393634
P3, tp=7, ts=7, x0=367814836
P0, tp=7, ts=7, x0=181207138
P2, tp=7, ts=7, x0=418892856
P1, tp=7, ts=7, x0=426262851, x1=765811245
P1, tp=7, ts=7, x0=300701925, x1=809815384
P1, tp=7, ts=7, x0=822678545, x1=937242680
P3, tp=7, ts=7, x0=737817497
P2, tp=7, ts=7, x0=7717077
P3, tp=7, ts=7, x0=673805507
P1, tp=7, ts=7, x0=934400684, x1=821397077
P2, tp=7, ts=7, x0=237015335
P3, tp=7, ts=7, x0=951706554
P0, tp=7, ts=7, x0=711815395
P3, tp=7, ts=7, x0=835461326
P0, tp=7, ts=7, x0=35950885
P3, tp=7, ts=7, x0=934400684
P2, tp=7, ts=7, x0=695213184
P0, tp=7, ts=7, x0=431533488
P1, tp=7, ts=7, x0=66671062, x1=681764332
P3, tp=7, ts=7, x0=721878378
P0, tp=7, ts=7, x0=119435197
P2, tp=7, ts=7, x0=595688185
P1, tp=7, ts=7, x0=187498055, x1=711815395
P3, tp=7, ts=7, x0=616494935
P2, tp=7, ts=7, x0=332550878
P3, tp=7, ts=7, x0=681764332
P0, tp=7, ts=7, x0=177605669
P0, tp=7, ts=7, x0=426262851
P3, tp=7, ts=7, x0=972241558
P2, tp=7, ts=7, x0=767473799
P2, tp=7, ts=7, x0=763718468
P3, tp=7, ts=7, x0=664918509
P0, tp=7, ts=7, x0=367241594
P0, tp=7, ts=7, x0=659197931
P0, tp=7, ts=7, x0=792718462
P2, tp=7, ts=7, x0=504485040
P2, tp=7, ts=7, x0=187498055
P3, tp=7, ts=7, x0=504485040
P3, tp=7, ts=7, x0=603988177
P3, tp=7, ts=7, x0=480377009
P3, tp=7, ts=7, x0=937242680
P2, tp=7, ts=7, x0=934400684
P2, tp=7, ts=7, x0=755129506
P0, tp=7, ts=7, x0=782186587
P0, tp=7, ts=7, x0=64671997
P0, tp=7, ts=7, x0=504485040
P2, tp=7, ts=7, x0=822678545
P1, tp=7, ts=7, x0=695213184, x1=462716944
P2, tp=7, ts=7, x0=462716944
P0, tp=7, ts=7, x0=274805406
P2, tp=7, ts=7, x0=726788942
P3, tp=7, ts=7, x0=92398571
P2, tp=7, ts=7, x0=376702113
P2, tp=7, ts=7, x0=556594
P2, tp=7, ts=7, x0=782391813
P1, tp=7, ts=7, x0=721878378, x1=933912693
P1, tp=7, ts=7, x0=616494935, x1=482625750
P3, tp=7, ts=7, x0=213028520
P1, tp=7, ts=7, x0=274805406, x1=399256606
P3, tp=7, ts=7, x0=177605669
P1, tp=7, ts=7, x0=782186587, x1=737817497
P0, tp=7, ts=7, x0=482625750
P1, tp=7, ts=7, x0=896711618, x1=681764332
P3, tp=7, ts=7, x0=636142374
P1, tp=7, ts=7, x0=201119773, x1=664918509
P2, tp=7, ts=7, x0=367241594
P2, tp=7, ts=7, x0=229122669
P1, tp=7, ts=7, x0=85177655, x1=66671062
P0, tp=7, ts=7, x0=158719929
P0, tp=7, ts=7, x0=64671997
P1, tp=7, ts=7, x0=737817497, x1=177605669
P2, tp=7, ts=7, x0=482625750
P2, tp=7, ts=7, x0=658754500
P2, tp=7, ts=7, x0=189440773
P0, tp=7, ts=7, x0=153948877
P3, tp=7, ts=7, x0=158719929
P1, tp=7, ts=7, x0=402776858, x1=827760083
P2, tp=7, ts=7, x0=427527394
P0, tp=7, ts=7, x0=835461326
P0, tp=7, ts=7, x0=972241558
P1, tp=7, ts=7, x0=50691269, x1=482625750
P2, tp=7, ts=7, x0=956143349
P2, tp=7, ts=7, x0=444542848
P3, tp=7, ts=7, x0=250892749
P0, tp=7, ts=7, x0=896711618
P2, tp=7, ts=7, x0=402776858
P1, tp=7, ts=7, x0=462716944, x1=201119773
P3, tp=7, ts=7, x0=702894713
P1, tp=7, ts=7, x0=951706554, x1=726788942
P0, tp=7, ts=7, x0=432017238
P3, tp=7, ts=7, x0=809815384
P1, tp=7, ts=7, x0=782186587, x1=572270637
P3, tp=7, ts=7, x0=767473799
P1, tp=7, ts=7, x0=782186587, x1=556594
P0, tp=7, ts=7, x0=545692779
P2, tp=7, ts=7, x0=367241594
P0, tp=7, ts=7, x0=545692779
P0, tp=7, ts=7, x0=66671062
P2, tp=7, ts=7, x0=652736925
P2, tp=7, ts=7, x0=520570224
P0, tp=7, ts=7, x0=482625750
P2, tp=7, ts=7, x0=752075541
P0, tp=7, ts=7, x0=187498055
P3, tp=7, ts=7, x0=782391813
P2, tp=7, ts=7, x0=835461326
P1, tp=7, ts=7, x0=831654635, x1=64671997
P1, tp=7, ts=7, x0=737817497, x1=782186587
P3, tp=7, ts=7, x0=765811245
P0, tp=7, ts=7, x0=737817497
P1, tp=7, ts=7, x0=213028520, x1=993041908
P0, tp=7, ts=7, x0=763718468
P1, tp=7, ts=7, x0=939342317, x1=616494935
P0, tp=7, ts=7, x0=556594
P3, tp=7, ts=7, x0=688518772
P0, tp=7, ts=7, x0=792718462
P1, tp=7, ts=7, x0=380238356, x1=384733233
P2, tp=7, ts=7, x0=431533488
P2, tp=7, ts=7, x0=482625750
P2, tp=7, ts=7, x0=229122669
P1, tp=7, ts=7, x0=589230931, x1=310156684
P2, tp=7, ts=7, x0=4422628
P3, tp=7, ts=7, x0=574008414
P2, tp=7, ts=7, x0=187498055
P2, tp=7, ts=7, x0=242093190
P2, tp=7, ts=7, x0=387069668
P1, tp=7, ts=7, x0=418892856, x1=616494935
P1, tp=7, ts=7, x0=574008414, x1=92398571
P1, tp=7, ts=7, x0=4422628, x1=520570224
P2, tp=7, ts=7, x0=274805406
P1, tp=7, ts=7, x0=271862780, x1=61852130
P1, tp=7, ts=7, x0=972241558, x1=752075541
P1, tp=7, ts=7, x0=520570224, x1=952022390
P1, tp=7, ts=7, x0=939342317, x1=603988177
P3, tp=7, ts=7, x0=51298768
P3, tp=7, ts=7, x0=755129506
P3, tp=7, ts=7, x0=444542848
P2, tp=7, ts=7, x0=993041908
P2, tp=7, ts=7, x0=310156684
P2, tp=7, ts=7, x0=10166326
P2, tp=7, ts=7, x0=737817497
P3, tp=7, ts=7, x0=951706554
P1, tp=7, ts=7, x0=765811245, x1=170624020
P3, tp=7, ts=7, x0=462716944
P2, tp=7, ts=7, x0=11631640
P3, tp=7, ts=7, x0=370564003
P2, tp=7, ts=7, x0=85177655
P1, tp=7, ts=7, x0=831654635, x1=376702113
P1, tp=7, ts=7, x0=64671997, x1=86150724
P0, tp=7, ts=7, x0=247806611
P1, tp=7, ts=7, x0=179274869, x1=504485040
P2, tp=7, ts=7, x0=792718462
P0, tp=7, ts=7, x0=821397077
P2, tp=7, ts=7, x0=556594
P3, tp=7, ts=7, x0=737817497
P3, tp=7, ts=7, x0=462716944
P1, tp=7, ts=7, x0=201119773, x1=652736925
P1, tp=7, ts=7, x0=939342317, x1=242093190
P3, tp=7, ts=7, x0=170624020
P0, tp=7, ts=7, x0=951706554
P2, tp=7, ts=7, x0=387069668
P3, tp=7, ts=7, x0=896711618
P1, tp=7, ts=7, x0=35950885, x1=380238356
P3, tp=7, ts=7, x0=431533488
P2, tp=7, ts=7, x0=636142374
P2, tp=7, ts=7, x0=822678545
P3, tp=7, ts=7, x0=956143349
P2, tp=7, ts=7, x0=993041908
P2, tp=7, ts=7, x0=153948877
P2, tp=7, ts=7, x0=714780081
P3, tp=7, ts=7, x0=64671997
P2, tp=7, ts=7, x0=809815384
P0, tp=7, ts=7, x0=482625750
P0, tp=7, ts=7, x0=835461326
P3, tp=7, ts=7, x0=376702113
P2, tp=7, ts=7, x0=821397077
P3, tp=7, ts=7, x0=616494935
P0, tp=7, ts=7, x0=721878378
P3, tp=7, ts=7, x0=714780081
P2, tp=7, ts=7, x0=702894713
P0, tp=7, ts=7, x0=432017238
P2, tp=7, ts=7, x0=896711618
P0, tp=7, ts=7, x0=726788942
P3, tp=7, ts=7, x0=937242680
P0, tp=7, ts=7, x0=763718468
P2, tp=7, ts=7, x0=673805507
P2, tp=7, ts=7, x0=179274869
P0, tp=7, ts=7, x0=482625750
P2, tp=7, ts=7, x0=498248164
P3, tp=7, ts=7, x0=462716944
P2, tp=7, ts=7, x0=636142374
P1, tp=7, ts=7, x0=849540748, x1=92398571
P0, tp=7, ts=7, x0=972241558
P1, tp=7, ts=7, x0=402776858, x1=934400684
P2, tp=7, ts=7, x0=658754500
P3, tp=7, ts=7, x0=755129506
P3, tp=7, ts=7, x0=615404021
P1, tp=7, ts=7, x0=170624020, x1=51298768
P3, tp=7, ts=7, x0=239708445
P1, tp=7, ts=7, x0=822678545, x1=66671062
P2, tp=7, ts=7, x0=659197931
P1, tp=7, ts=7, x0=480377009, x1=822678545
P1, tp=7, ts=7, x0=92398571, x1=201119773
P0, tp=7, ts=7, x0=50691269
P3, tp=7, ts=7, x0=51298768
P2, tp=7, ts=7, x0=658754500
P0, tp=7, ts=7, x0=153948877
P3, tp=7, ts=7, x0=274805406
P1, tp=7, ts=7, x0=370564003, x1=993041908
P0, tp=7, ts=7, x0=721393634
P2, tp=7, ts=7, x0=544701979
P2, tp=7, ts=7, x0=994839436
P1, tp=7, ts=7, x0=444542848, x1=681764332
P1, tp=7, ts=7, x0=721878378, x1=432017238
P1, tp=7, ts=7, x0=702894713, x1=520570224
P0, tp=7, ts=7, x0=652736925
P0, tp=7, ts=7, x0=721878378
P0, tp=7, ts=7, x0=520570224
P1, tp=7, ts=7, x0=737817497, x1=816704410
P0, tp=7, ts=7, x0=402776858
P1, tp=7, ts=7, x0=831654635, x1=855628474
P0, tp=7, ts=7, x0=993041908
P2, tp=7, ts=7, x0=939342317
P1, tp=7, ts=7, x0=700816526, x1=239708445
P3, tp=7, ts=7, x0=195033435
P0, tp=7, ts=7, x0=616494935
P2, tp=7, ts=7, x0=792718462
P3, tp=7, ts=7, x0=271862780
P0, tp=7, ts=7, x0=426262851
P1, tp=7, ts=7, x0=520570224, x1=816704410
P1, tp=7, ts=7, x0=402776858, x1=821397077
P2, tp=7, ts=7, x0=86150724
P1, tp=7, ts=7, x0=827760083, x1=462716944
P1, tp=7, ts=7, x0=418892856, x1=544701979
P0, tp=7, ts=7, x0=86150724
P3, tp=7, ts=7, x0=781601832
P0, tp=7, ts=7, x0=418892856
P3, tp=7, ts=7, x0=11631640
P0, tp=7, ts=7, x0=208523542
P3, tp=7, ts=7, x0=849540748
P3, tp=7, ts=7, x0=782391813
P3, tp=7, ts=7, x0=792718462
P2, tp=7, ts=7, x0=595688185
P2, tp=7, ts=7, x0=370564003
P2, tp=7, ts=7, x0=153948877
P1, tp=7, ts=7, x0=755129506, x1=367241594
P0, tp=7, ts=7, x0=426262851
P0, tp=7, ts=7, x0=721393634
P0, tp=7, ts=7, x0=384733233
P3, tp=7, ts=7, x0=664918509
P1, tp=7, ts=7, x0=782391813, x1=213028520
P2, tp=7, ts=7, x0=247806611
P1, tp=7, ts=7, x0=896711618, x1=339579934
P2, tp=7, ts=7, x0=752075541
P0, tp=7, ts=7, x0=656435858
P1, tp=7, ts=7, x0=482625750, x1=554526673
P1, tp=7, ts=7, x0=242093190, x1=354878282
P2, tp=7, ts=7, x0=426262851
P1, tp=7, ts=7, x0=821397077, x1=431533488
P1, tp=7, ts=7, x0=855628474, x1=153948877
P3, tp=7, ts=7, x0=688518772
P3, tp=7, ts=7, x0=239708445
P3, tp=7, ts=7, x0=997584197
P2, tp=7, ts=7, x0=10166326
P3, tp=7, ts=7, x0=462716944
P0, tp=7, ts=7, x0=480377009
P0, tp=7, ts=7, x0=554526673
P2, tp=7, ts=7, x0=85177655
P0, tp=7, ts=7, x0=700816526
P1, tp=7, ts=7, x0=835461326, x1=387069668
P3, tp=7, ts=7, x0=35950885
P2, tp=7, ts=7, x0=939342317
P3, tp=7, ts=7, x0=835461326
P0, tp=7, ts=7, x0=896711618
P3, tp=7, ts=7, x0=554526673
P3, tp=7, ts=7, x0=49151050
P3, tp=7, ts=7, x0=714780081
P2, tp=7, ts=7, x0=827760083
P1, tp=7, ts=7, x0=616494935, x1=616494935
P2, tp=7, ts=7, x0=195033435
P1, tp=7, ts=7, x0=208523542, x1=92398571
P2, tp=7, ts=7, x0=556594
P0, tp=7, ts=7, x0=792718462
P0, tp=7, ts=7, x0=556594
P2, tp=7, ts=7, x0=765811245
P0, tp=7, ts=7, x0=489243614
P3, tp=7, ts=7, x0=415232822
P2, tp=7, ts=7, x0=498248164
P1, tp=7, ts=7, x0=384733233, x1=939342317
P2, tp=7, ts=7, x0=767473799
P1, tp=7, ts=7, x0=688518772, x1=10166326
P2, tp=7, ts=7, x0=310156684
P3, tp=7, ts=7, x0=726983517
P2, tp=7, ts=7, x0=688518772
P3, tp=7, ts=7, x0=726983517
P0, tp=7, ts=7, x0=462716944
P3, tp=7, ts=7, x0=544701979
P1, tp=7, ts=7, x0=64671997, x1=370564003
P1, tp=7, ts=7, x0=153948877, x1=855628474
P1, tp=7, ts=7, x0=781601832, x1=652736925
P2, tp=7, ts=7, x0=387069668
P2, tp=7, ts=7, x0=765811245
P3, tp=7, ts=7, x0=520570224
P2, tp=7, ts=7, x0=345030965
P2, tp=7, ts=7, x0=247806611
P3, tp=7, ts=7, x0=700816526
P0, tp=7, ts=7, x0=939342317
P3, tp=7, ts=7, x0=384733233
P0, tp=7, ts=7, x0=993041908
P0, tp=7, ts=7, x0=201119773
P2, tp=7, ts=7, x0=616494935
P1, tp=7, ts=7, x0=835461326, x1=782186587
P2, tp=7, ts=7, x0=345030965
P3, tp=7, ts=7, x0=567850687
P0, tp=7, ts=7, x0=809815384
P0, tp=7, ts=7, x0=332550878
P0, tp=7, ts=7, x0=50691269
P2, tp=7, ts=7, x0=752075541
P2, tp=7, ts=7, x0=997584197
P3, tp=7, ts=7, x0=267935632
P0, tp=7, ts=7, x0=993041908
P1, tp=7, ts=7, x0=700816526, x1=49151050
P2, tp=7, ts=7, x0=242093190
P2, tp=7, ts=7, x0=589230931
P1, tp=7, ts=7, x0=574008414, x1=782186587
P1, tp=7, ts=7, x0=721393634, x1=721393634
P1, tp=7, ts=7, x0=402776858, x1=195033435
P0, tp=7, ts=7, x0=208523542
P2, tp=7, ts=7, x0=415232822
P2, tp=7, ts=7, x0=574008414
P3, tp=7, ts=7, x0=4422628
P1, tp=7, ts=7, x0=267935632, x1=658754500
P2, tp=7, ts=7, x0=603988177
P2, tp=7, ts=7, x0=809815384
P3, tp=7, ts=7, x0=726983517
P1, tp=7, ts=7, x0=681764332, x1=310156684
P0, tp=7, ts=7, x0=844509151
P2, tp=7, ts=7, x0=86150724
P2, tp=7, ts=7, x0=615404021
P3, tp=7, ts=7, x0=239708445
P0, tp=7, ts=7, x0=700816526
P3, tp=7, ts=7, x0=384733233
P0, tp=7, ts=7, x0=239708445
P1, tp=7, ts=7, x0=35950885, x1=767473799
P1, tp=7, ts=7, x0=426262851, x1=993041908
P0, tp=7, ts=7, x0=589230931
P2, tp=7, ts=7, x0=370351049
P2, tp=7, ts=7, x0=681764332
P3, tp=7, ts=7, x0=831654635
P2, tp=7, ts=7, x0=574008414
P1, tp=7, ts=7, x0=781601832, x1=271862780
P0, tp=7, ts=7, x0=652736925
P3, tp=7, ts=7, x0=743456985
P1, tp=7, ts=7, x0=520570224, x1=721393634
P0, tp=7, ts=7, x0=208523542
P3, tp=7, ts=7, x0=462716944
P0, tp=7, ts=7, x0=726983517
P1, tp=7, ts=7, x0=743456985, x1=345030965
P3, tp=7, ts=7, x0=489243614
P2, tp=7, ts=7, x0=556594
P3, tp=7, ts=7, x0=869751904
P1, tp=7, ts=7, x0=554526673, x1=239708445
P0, tp=7, ts=7, x0=370351049
P2, tp=7, ts=7, x0=844509151
P0, tp=7, ts=7, x0=345030965
P3, tp=7, ts=7, x0=170624020
P0, tp=7, ts=7, x0=743456985
P3, tp=7, ts=7, x0=976008645
P0, tp=7, ts=7, x0=271862780
P2, tp=7, ts=7, x0=855628474
P1, tp=7, ts=7, x0=426262851, x1=489243614
P0, tp=7, ts=7, x0=952022390
P2, tp=7, ts=7, x0=10166326
P3, tp=7, ts=7, x0=208523542
P2, tp=7, ts=7, x0=567850687
P2, tp=7, ts=7, x0=520570224
P2, tp=7, ts=7, x0=721878378
P0, tp=7, ts=7, x0=844509151
P1, tp=7, ts=7, x0=726788942, x1=431533488
P3, tp=7, ts=7, x0=757338871
P0, tp=7, ts=7, x0=544701979
P1, tp=7, ts=7, x0=615404021, x1=195033435
P1, tp=7, ts=7, x0=271862780, x1=951706554
P0, tp=7, ts=7, x0=862056810
P2, tp=7, ts=7, x0=603988177
P2, tp=7, ts=7, x0=574008414
P1, tp=7, ts=7, x0=896711618, x1=758602097
P2, tp=7, ts=7, x0=4422628
P0, tp=7, ts=7, x0=656435858
P0, tp=7, ts=7, x0=418892856
P0, tp=7, ts=7, x0=615404021
P2, tp=7, ts=7, x0=402776858
P2, tp=7, ts=7, x0=128371316
P1, tp=7, ts=7, x0=721393634, x1=367241594
P3, tp=7, ts=7, x0=482625750
P3, tp=7, ts=7, x0=463803964
P2, tp=7, ts=7, x0=976008645
P0, tp=7, ts=7, x0=656435858
P2, tp=7, ts=7, x0=664918509
P1, tp=7, ts=7, x0=615404021, x1=572270637
P3, tp=7, ts=7, x0=700816526
P1, tp=7, ts=7, x0=267935632, x1=772985227
P3, tp=7, ts=7, x0=616494935
P1, tp=7, ts=7, x0=128371316, x1=603988177
P3, tp=7, ts=7, x0=574008414
P2, tp=7, ts=7, x0=813586596
P2, tp=7, ts=7, x0=64671997
P3, tp=7, ts=7, x0=849540748
P1, tp=7, ts=7, x0=765811245, x1=603988177
P2, tp=7, ts=7, x0=844509151
P0, tp=7, ts=7, x0=937242680
P0, tp=7, ts=7, x0=700816526
P0, tp=7, ts=7, x0=327646615
P3, tp=7, ts=7, x0=822678545
P1, tp=7, ts=7, x0=201119773, x1=822678545
P1, tp=7, ts=7, x0=489243614, x1=104801715
P1, tp=7, ts=7, x0=993041908, x1=384733233
P1, tp=7, ts=7, x0=726983517, x1=831654635
P2, tp=7, ts=7, x0=827760083
P2, tp=7, ts=7, x0=726788942
P2, tp=7, ts=7, x0=271862780
P3, tp=7, ts=7, x0=422559397
P2, tp=7, ts=7, x0=370351049
P0, tp=7, ts=7, x0=616494935
P3, tp=7, ts=7, x0=61852130
P1, tp=7, ts=7, x0=480377009, x1=523417010
P2, tp=7, ts=7, x0=844509151
P3, tp=7, ts=7, x0=937242680
P3, tp=7, ts=7, x0=327646615
P0, tp=7, ts=7, x0=862056810
P1, tp=7, ts=7, x0=937242680, x1=426262851
P3, tp=7, ts=7, x0=520570224
P2, tp=7, ts=7, x0=831654635
P3, tp=7, ts=7, x0=85177655
P2, tp=7, ts=7, x0=310156684
P1, tp=7, ts=7, x0=480377009, x1=242093190
P2, tp=7, ts=7, x0=339579934
P0, tp=7, ts=7, x0=827760083
P0, tp=7, ts=7, x0=827760083
P3, tp=7, ts=7, x0=181207138
P1, tp=7, ts=7, x0=590344382, x1=758602097
P0, tp=7, ts=7, x0=615404021
P3, tp=7, ts=7, x0=615404021
P2, tp=7, ts=7, x0=721393634
P3, tp=7, ts=7, x0=61852130
P0, tp=7, ts=7, x0=332550878
P0, tp=7, ts=7, x0=781601832
P2, tp=7, ts=7, x0=181207138
P2, tp=7, ts=7, x0=520570224
P1, tp=7, ts=7, x0=869751904, x1=603988177
P2, tp=7, ts=7, x0=370564003
P0, tp=7, ts=7, x0=574008414
P0, tp=7, ts=7, x0=976008645
P2, tp=7, ts=7, x0=972241558
P3, tp=7, ts=7, x0=201119773
P0, tp=7, ts=7, x0=574008414
P1, tp=7, ts=7, x0=327646615, x1=187498055
P3, tp=7, ts=7, x0=758602097
P1, tp=7, ts=7, x0=523417010, x1=104801715
P2, tp=7, ts=7, x0=239708445
P0, tp=7, ts=7, x0=700816526
P1, tp=7, ts=7, x0=656435858, x1=934400684
P2, tp=7, ts=7, x0=345030965
P2, tp=7, ts=7, x0=782186587
P0, tp=7, ts=7, x0=418892856
P1, tp=7, ts=7, x0=287729989, x1=213028520
P1, tp=7, ts=7, x0=523417010, x1=170624020
P3, tp=7, ts=7, x0=835461326
P2, tp=7, ts=7, x0=816704410
P3, tp=7, ts=7, x0=104801715
P1, tp=7, ts=7, x0=952022390, x1=615641913
P2, tp=7, ts=7, x0=688518772
P1, tp=7, ts=7, x0=556594, x1=426262851
P3, tp=7, ts=7, x0=181207138
P2, tp=7, ts=7, x0=726983517
P1, tp=7, ts=7, x0=523417010, x1=267935632
P2, tp=7, ts=7, x0=554526673
P3, tp=7, ts=7, x0=201119773
P0, tp=7, ts=7, x0=104801715
P0, tp=7, ts=7, x0=104801715
P3, tp=7, ts=7, x0=345030965
P3, tp=7, ts=7, x0=721878378
P0, tp=7, ts=7, x0=247806611
P1, tp=7, ts=7, x0=939342317, x1=4422628
P1, tp=7, ts=7, x0=213028520, x1=844509151
P1, tp=7, ts=7, x0=831654635, x1=792718462
P3, tp=7, ts=7, x0=271862780
P3, tp=7, ts=7, x0=489243614
P3, tp=7, ts=7, x0=354878282
P2, tp=7, ts=7, x0=590344382
P0, tp=7, ts=7, x0=287729989
P2, tp=7, ts=7, x0=589230931
P2, tp=7, ts=7, x0=179274869
P0, tp=7, ts=7, x0=688518772
P0, tp=7, ts=7, x0=213028520
P0, tp=7, ts=7, x0=652736925
P3, tp=8, ts=8, x0=66671062
P0, tp=8, ts=8, x0=835461326
P1, tp=8, ts=8, x0=422559397, x1=849540748
P1, tp=8, ts=8, x0=201119773, x1=792718462
P0, tp=8, ts=8, x0=345030965
P1, tp=8, ts=8, x0=937242680, x1=247806611
P3, tp=8, ts=8, x0=128371316
P3, tp=8, ts=8, x0=370564003
P0, tp=8, ts=8, x0=482625750
P1, tp=8, ts=8, x0=170624020, x1=590344382
P3, tp=8, ts=8, x0=658754500
P0, tp=8, ts=8, x0=310156684
P0, tp=8, ts=8, x0=229122669
P0, tp=8, ts=8, x0=181207138
P1, tp=8, ts=8, x0=418892856, x1=616494935
P2, tp=8, ts=8, x0=520570224
P2, tp=8, ts=8, x0=415232822
P0, tp=8, ts=8, x0=365908620
P2, tp=8, ts=8, x0=743456985
P2, tp=8, ts=8, x0=590344382
P1, tp=8, ts=8, x0=849540748, x1=462716944
P2, tp=8, ts=8, x0=589230931
P3, tp=8, ts=8, x0=993041908
P0, tp=8, ts=8, x0=805340070
P3, tp=8, ts=8, x0=844509151
P2, tp=8, ts=8, x0=496702222
P3, tp=8, ts=8, x0=616494935
P0, tp=8, ts=8, x0=247806611
P1, tp=8, ts=8, x0=104801715, x1=179274869
P0, tp=8, ts=8, x0=544701979
P2, tp=8, ts=8, x0=918798986
P3, tp=8, ts=8, x0=765811245
P2, tp=8, ts=8, x0=700816526
P3, tp=8, ts=8, x0=615404021
P2, tp=8, ts=8, x0=765811245
P0, tp=8, ts=8, x0=247619987
P0, tp=8, ts=8, x0=831654635
P2, tp=8, ts=8, x0=743456985
P0, tp=8, ts=8, x0=496702222
P1, tp=8, ts=8, x0=782186587, x1=595688185
P1, tp=8, ts=8, x0=181207138, x1=339579934
P1, tp=8, ts=8, x0=402776858, x1=781601832
P1, tp=8, ts=8, x0=544701979, x1=823920997
P2, tp=8, ts=8, x0=402776858
P1, tp=8, ts=8, x0=782186587, x1=181207138
P2, tp=8, ts=8, x0=688518772
P2, tp=8, ts=8, x0=590344382
P1, tp=8, ts=8, x0=862056810, x1=64671997
P3, tp=8, ts=8, x0=523417010
P3, tp=8, ts=8, x0=35950885
P1, tp=8, ts=8, x0=128371316, x1=767473799
P3, tp=8, ts=8, x0=310156684
P2, tp=8, ts=8, x0=567850687
P2, tp=8, ts=8, x0=862056810
P2, tp=8, ts=8, x0=813586596
P3, tp=8, ts=8, x0=757338871
P1, tp=8, ts=8, x0=960763133, x1=645361776
P3, tp=8, ts=8, x0=179274869
P3, tp=8, ts=8, x0=939342317
P0, tp=8, ts=8, x0=978902358
P2, tp=8, ts=8, x0=603988177
P1, tp=8, ts=8, x0=365908620, x1=634250098
P0, tp=8, ts=8, x0=572270637
P3, tp=8, ts=8, x0=826913284
P0, tp=8, ts=8, x0=128371316
P0, tp=8, ts=8, x0=287729989
P2, tp=8, ts=8, x0=520570224
P3, tp=8, ts=8, x0=153948877
P3, tp=8, ts=8, x0=327646615
P3, tp=8, ts=8, x0=2042543
P0, tp=8, ts=8, x0=463803964
P3, tp=8, ts=8, x0=380238356
P3, tp=8, ts=8, x0=213028520
P1, tp=8, ts=8, x0=489243614, x1=656435858
P2, tp=8, ts=8, x0=384733233
P3, tp=8, ts=8, x0=426262851
P1, tp=8, ts=8, x0=688518772, x1=153948877
P1, tp=8, ts=8, x0=61852130, x1=960763133
P2, tp=8, ts=8, x0=652736925
P2, tp=8, ts=8, x0=757338871
P3, tp=8, ts=8, x0=242093190
P3, tp=8, ts=8, x0=489243614
P1, tp=8, ts=8, x0=564639792, x1=415232822
P1, tp=8, ts=8, x0=339579934, x1=2042543
P1, tp=8, ts=8, x0=972241558, x1=993041908
P3, tp=8, ts=8, x0=743456985
P3, tp=8, ts=8, x0=567850687
P3, tp=8, ts=8, x0=721878378
P0, tp=8, ts=8, x0=721393634
P0, tp=8, ts=8, x0=122493935
P3, tp=8, ts=8, x0=951706554
P3, tp=8, ts=8, x0=934400684
P0, tp=8, ts=8, x0=660178864
P3, tp=8, ts=8, x0=547845444
P2, tp=8, ts=8, x0=267935632
P3, tp=8, ts=8, x0=327646615
P1, tp=8, ts=8, x0=2042543, x1=758602097
P0, tp=8, ts=8, x0=463803964
P2, tp=8, ts=8, x0=862056810
P0, tp=8, ts=8, x0=826144711
P2, tp=8, ts=8, x0=482625750
P2, tp=8, ts=8, x0=556594
P3, tp=8, ts=8, x0=805340070
P1, tp=8, ts=8, x0=49151050, x1=35950885
P2, tp=8, ts=8, x0=726983517
P3, tp=8, ts=8, x0=547845444
P0, tp=8, ts=8, x0=64671997
P2, tp=8, ts=8, x0=128371316
P1, tp=8, ts=8, x0=813586596, x1=370351049
P2, tp=8, ts=8, x0=365908620
P3, tp=8, ts=8, x0=849540748
P1, tp=8, ts=8, x0=496702222, x1=743456985
P0, tp=8, ts=8, x0=85177655
P3, tp=8, ts=8, x0=952022390
P1, tp=8, ts=8, x0=247619987, x1=976008645
P3, tp=8, ts=8, x0=914774884
P0, tp=8, ts=8, x0=816704410
P2, tp=8, ts=8, x0=645361776
P1, tp=8, ts=8, x0=757338871, x1=242093190
P3, tp=8, ts=8, x0=914774884
P0, tp=8, ts=8, x0=595688185
P3, tp=8, ts=8, x0=972241558
P1, tp=8, ts=8, x0=914774884, x1=590344382
P2, tp=8, ts=8, x0=213028520
P0, tp=8, ts=8, x0=664918509
P0, tp=8, ts=8, x0=934400684
P2, tp=8, ts=8, x0=327646615
P0, tp=8, ts=8, x0=489243614
P1, tp=8, ts=8, x0=726788942, x1=122493935
P3, tp=8, ts=8, x0=589230931
P1, tp=8, ts=8, x0=431533488, x1=431533488
P1, tp=8, ts=8, x0=615641913, x1=813586596
P3, tp=8, ts=8, x0=418892856
P0, tp=8, ts=8, x0=934400684
P1, tp=8, ts=8, x0=658754500, x1=726983517
P0, tp=8, ts=8, x0=103640011
P3, tp=8, ts=8, x0=415232822
P1, tp=8, ts=8, x0=181207138, x1=310156684
P1, tp=8, ts=8, x0=380580857, x1=758602097
P0, tp=8, ts=8, x0=700816526
P2, tp=8, ts=8, x0=486403572
P2, tp=8, ts=8, x0=831654635
P1, tp=8, ts=8, x0=914774884, x1=380580857
P1, tp=8, ts=8, x0=767473799, x1=67069358
P1, tp=8, ts=8, x0=994839436, x1=994839436
P1, tp=8, ts=8, x0=997584197, x1=939342317
P0, tp=8, ts=8, x0=972241558
P1, tp=8, ts=8, x0=823620660, x1=603988177
P2, tp=8, ts=8, x0=365908620
P1, tp=8, ts=8, x0=934400684, x1=721878378
P0, tp=8, ts=8, x0=345030965
P3, tp=8, ts=8, x0=590344382
P3, tp=8, ts=8, x0=523417010
P1, tp=8, ts=8, x0=589230931, x1=287729989
P1, tp=8, ts=8, x0=271862780, x1=524133699
P1, tp=8, ts=8, x0=615641913, x1=380580857
P0, tp=8, ts=8, x0=708983332
P2, tp=8, ts=8, x0=310156684
P3, tp=8, ts=8, x0=287729989
P3, tp=8, ts=8, x0=492290108
P2, tp=8, ts=8, x0=952022390
P2, tp=8, ts=8, x0=918798986
P2, tp=8, ts=8, x0=978902358
P1, tp=8, ts=8, x0=918798986, x1=652736925
P1, tp=8, ts=8, x0=993041908, x1=365908620
P0, tp=8, ts=8, x0=213028520
P3, tp=8, ts=8, x0=239708445
P2, tp=8, ts=8, x0=387069668
P1, tp=8, ts=8, x0=339579934, x1=934400684
P1, tp=8, ts=8, x0=49151050, x1=524133699
P1, tp=8, ts=8, x0=934400684, x1=153948877
P3, tp=8, ts=8, x0=384733233
P2, tp=8, ts=8, x0=726788942
P0, tp=8, ts=8, x0=615641913
P2, tp=8, ts=8, x0=496702222
P1, tp=8, ts=8, x0=972241558, x1=370351049
P3, tp=8, ts=8, x0=910434871
P0, tp=8, ts=8, x0=239708445
P1, tp=8, ts=8, x0=595688185, x1=463803964
P3, tp=8, ts=8, x0=195033435
P3, tp=8, ts=8, x0=201119773
P3, tp=8, ts=8, x0=489243614
P0, tp=8, ts=8, x0=31101094
P1, tp=8, ts=8, x0=567850687, x1=27890052
P1, tp=8, ts=8, x0=805340070, x1=781601832
P0, tp=8, ts=8, x0=656435858
P0, tp=8, ts=8, x0=554526673
P3, tp=8, ts=8, x0=141389909
P2, tp=8, ts=8, x0=365908620
P2, tp=8, ts=8, x0=934400684
P2, tp=8, ts=8, x0=567850687
P2, tp=8, ts=8, x0=365908620
P0, tp=8, ts=8, x0=489243614
P3, tp=8, ts=8, x0=267935632
P3, tp=8, ts=8, x0=652736925
P0, tp=8, ts=8, x0=997584197
P3, tp=8, ts=8, x0=49151050
P1, tp=8, ts=8, x0=862056810, x1=700816526
P0, tp=8, ts=8, x0=805340070
P2, tp=8, ts=8, x0=523417010
P2, tp=8, ts=8, x0=813586596
P0, tp=8, ts=8, x0=127402887
P1, tp=8, ts=8, x0=35950885, x1=67069358
P3, tp=8, ts=8, x0=590344382
P2, tp=8, ts=8, x0=453032614
P0, tp=8, ts=8, x0=415232822
P0, tp=8, ts=8, x0=103640011
P1, tp=8, ts=8, x0=271862780, x1=310156684
P2, tp=8, ts=8, x0=781601832
P0, tp=8, ts=8, x0=201119773
P3, tp=8, ts=8, x0=415232822
P3, tp=8, ts=8, x0=813586596
P2, tp=8, ts=8, x0=31101094
P0, tp=8, ts=8, x0=35950885
P0, tp=8, ts=8, x0=370351049
P0, tp=8, ts=8, x0=384733233
P1, tp=8, ts=8, x0=123079245, x1=826144711
P1, tp=8, ts=8, x0=590344382, x1=726788942
P2, tp=8, ts=8, x0=805340070
P3, tp=8, ts=8, x0=486403572
P3, tp=8, ts=8, x0=453032614
P3, tp=8, ts=8, x0=496702222
P0, tp=8, ts=8, x0=85177655
P1, tp=8, ts=8, x0=823620660, x1=27890052
P1, tp=8, ts=8, x0=918798986, x1=141389909
P0, tp=8, ts=8, x0=595688185
P2, tp=8, ts=8, x0=743456985
P0, tp=8, ts=8, x0=31101094
P2, tp=8, ts=8, x0=816704410
P1, tp=8, ts=8, x0=652736925, x1=27890052
P3, tp=8, ts=8, x0=721393634
P1, tp=8, ts=8, x0=49151050, x1=170624020
P2, tp=8, ts=8, x0=100024140
P2, tp=8, ts=8, x0=104801715
P3, tp=8, ts=8, x0=826913284
P2, tp=8, ts=8, x0=813586596
P0, tp=8, ts=8, x0=422559397
P2, tp=8, ts=8, x0=918798986
P1, tp=8, ts=8, x0=590344382, x1=952022390
P3, tp=8, ts=8, x0=182492385
P2, tp=8, ts=8, x0=567850687
P1, tp=8, ts=8, x0=35950885, x1=792718462
P0, tp=8, ts=8, x0=726983517
P0, tp=8, ts=8, x0=758602097
P1, tp=8, ts=8, x0=816704410, x1=767473799
P2, tp=8, ts=8, x0=327646615
P2, tp=8, ts=8, x0=855628474
P1, tp=8, ts=8, x0=123079245, x1=64671997
P3, tp=8, ts=8, x0=939342317
P1, tp=8, ts=8, x0=524133699, x1=239708445
P1, tp=8, ts=8, x0=201119773, x1=339579934
P3, tp=8, ts=8, x0=370351049
P0, tp=8, ts=8, x0=365908620
P3, tp=8, ts=8, x0=415232822
P2, tp=8, ts=8, x0=564639792
P0, tp=8, ts=8, x0=103640011
P3, tp=8, ts=8, x0=387069668
P0, tp=8, ts=8, x0=726788942
P2, tp=8, ts=8, x0=615641913
P2, tp=8, ts=8, x0=910434871
P0, tp=8, ts=8, x0=100024140
P2, tp=8, ts=8, x0=195033435
P2, tp=8, ts=8, x0=182492385
P3, tp=8, ts=8, x0=327646615
P1, tp=8, ts=8, x0=792718462, x1=997584197
P3, tp=8, ts=8, x0=939342317
P2, tp=8, ts=8, x0=759729708
P3, tp=8, ts=8, x0=2042543
P2, tp=8, ts=8, x0=805340070
P0, tp=8, ts=8, x0=523417010
P3, tp=8, ts=8, x0=182492385
P0, tp=8, ts=8, x0=123079245
P3, tp=8, ts=8, x0=67069358
P2, tp=8, ts=8, x0=556594
P1, tp=8, ts=8, x0=767473799, x1=664918509
P1, tp=8, ts=8, x0=310156684, x1=486403572
P2, tp=8, ts=8, x0=267935632
P3, tp=8, ts=8, x0=997584197
P3, tp=8, ts=8, x0=816704410
P3, tp=8, ts=8, x0=418892856
P0, tp=8, ts=8, x0=547615278
P0, tp=8, ts=8, x0=952022390
P2, tp=8, ts=8, x0=182492385
P2, tp=8, ts=8, x0=85177655
P0, tp=8, ts=8, x0=638256551
P0, tp=8, ts=8, x0=813586596
P3, tp=8, ts=8, x0=939342317
P2, tp=8, ts=8, x0=100024140
P3, tp=8, ts=8, x0=247619987
P2, tp=8, ts=8, x0=170624020
P1, tp=8, ts=8, x0=615641913, x1=343051751
P2, tp=8, ts=8, x0=645361776
P3, tp=8, ts=8, x0=826913284
P3, tp=8, ts=8, x0=700816526
P3, tp=8, ts=8, x0=66671062
P2, tp=8, ts=8, x0=195033435
P3, tp=8, ts=8, x0=61852130
P3, tp=8, ts=8, x0=141389909
P2, tp=8, ts=8, x0=849540748
P2, tp=8, ts=8, x0=595688185
P3, tp=8, ts=8, x0=726983517
P1, tp=8, ts=8, x0=589230931, x1=365908620
P3, tp=8, ts=8, x0=182492385
P2, tp=8, ts=8, x0=224173837
P3, tp=8, ts=8, x0=489243614
P1, tp=8, ts=8, x0=726983517, x1=952022390
P0, tp=8, ts=8, x0=767473799
P1, tp=8, ts=8, x0=855628474, x1=376666230
P3, tp=8, ts=8, x0=489243614
P3, tp=8, ts=8, x0=781601832
P1, tp=8, ts=8, x0=823620660, x1=993041908
P0, tp=8, ts=8, x0=792718462
P0, tp=8, ts=8, x0=486403572
P3, tp=8, ts=8, x0=556594
P3, tp=8, ts=8, x0=66671062
P3, tp=8, ts=8, x0=589230931
P1, tp=8, ts=8, x0=934400684, x1=767473799
P0, tp=8, ts=8, x0=855628474
P2, tp=8, ts=8, x0=544701979
P2, tp=8, ts=8, x0=634250098
P1, tp=8, ts=8, x0=826144711, x1=805340070
P3, tp=8, ts=8, x0=726788942
P2, tp=8, ts=8, x0=345030965
P3, tp=8, ts=8, x0=422559397
P2, tp=8, ts=8, x0=849540748
P1, tp=8, ts=8, x0=708983332, x1=918798986
P0, tp=8, ts=8, x0=384733233
P0, tp=8, ts=8, x0=849540748
P3, tp=8, ts=8, x0=994839436
P2, tp=8, ts=8, x0=208944190
P1, tp=8, ts=8, x0=767473799, x1=239708445
P1, tp=8, ts=8, x0=944009299, x1=664918509
P3, tp=8, ts=8, x0=524133699
P1, tp=8, ts=8, x0=123079245, x1=376666230
P2, tp=8, ts=8, x0=589230931
P2, tp=8, ts=8, x0=700816526
P1, tp=8, ts=8, x0=564639792, x1=496702222
P3, tp=8, ts=8, x0=645361776
P2, tp=8, ts=8, x0=31101094
P1, tp=8, ts=8, x0=757338871, x1=757338871
P0, tp=8, ts=8, x0=564639792
P1, tp=8, ts=8, x0=660178864, x1=431533488
P1, tp=8, ts=8, x0=224173837, x1=239708445
P3, tp=8, ts=8, x0=849540748
P1, tp=8, ts=8, x0=652736925, x1=486403572
P3, tp=8, ts=8, x0=855628474
P1, tp=8, ts=8, x0=939342317, x1=544071605
P0, tp=8, ts=8, x0=380580857
P2, tp=8, ts=8, x0=103640011
P2, tp=8, ts=8, x0=994839436
P1, tp=8, ts=8, x0=496702222, x1=415232822
P1, tp=8, ts=8, x0=708983332, x1=122493935
P1, tp=8, ts=8, x0=826144711, x1=564639792
P0, tp=8, ts=8, x0=826144711
P0, tp=8, ts=8, x0=544701979
P1, tp=8, ts=8, x0=204699496, x1=422559397
P0, tp=8, ts=8, x0=652736925
P2, tp=8, ts=8, x0=910434871
P2, tp=8, ts=8, x0=805340070
P0, tp=8, ts=8, x0=532902732
P2, tp=8, ts=8, x0=127402887
P0, tp=8, ts=8, x0=826144711
P0, tp=8, ts=8, x0=564639792
P1, tp=8, ts=8, x0=615641913, x1=554526673
P0, tp=8, ts=8, x0=496702222
P0, tp=8, ts=8, x0=914774884
P3, tp=8, ts=8, x0=26992958
P0, tp=8, ts=8, x0=544701979
P1, tp=8, ts=8, x0=422559397, x1=182492385
P1, tp=8, ts=8, x0=453032614, x1=520570224
P1, tp=8, ts=8, x0=757338871, x1=757338871
P1, tp=8, ts=8, x0=415232822, x1=849540748
P2, tp=8, ts=8, x0=463803964
P0, tp=8, ts=8, x0=208944190
P1, tp=8, ts=8, x0=855628474, x1=179078643
P0, tp=8, ts=8, x0=376666230
P0, tp=8, ts=8, x0=447867249
P1, tp=8, ts=8, x0=447867249, x1=952022390
P0, tp=8, ts=8, x0=645361776
P0, tp=8, ts=8, x0=271862780
P3, tp=8, ts=8, x0=31101094
P1, tp=8, ts=8, x0=918798986, x1=918798986
P0, tp=8, ts=8, x0=987913606
P3, tp=8, ts=8, x0=461171800
P1, tp=8, ts=8, x0=842122800, x1=524133699
P2, tp=8, ts=8, x0=422559397
P3, tp=8, ts=8, x0=141389909
P3, tp=8, ts=8, x0=464973275
P1, tp=8, ts=8, x0=547615278, x1=141389909
P3, tp=8, ts=8, x0=496702222
P1, tp=8, ts=8, x0=816704410, x1=813586596
P1, tp=8, ts=8, x0=952022390, x1=327646615
P3, tp=8, ts=8, x0=813586596
P3, tp=8, ts=8, x0=849540748
P3, tp=8, ts=8, x0=2042543
P3, tp=8, ts=8, x0=327646615
P1, tp=8, ts=8, x0=345030965, x1=492290108
P2, tp=8, ts=8, x0=645361776
P3, tp=8, ts=8, x0=463803964
P1, tp=8, ts=8, x0=182492385, x1=153948877
P3, tp=8, ts=8, x0=179078643
P0, tp=8, ts=8, x0=534236364
P2, tp=8, ts=8, x0=849540748
P1, tp=8, ts=8, x0=772499901, x1=840207541
P2, tp=8, ts=8, x0=615641913
P3, tp=8, ts=8, x0=816704410
P1, tp=8, ts=8, x0=994839436, x1=578110984
P1, tp=8, ts=8, x0=534236364, x1=855628474
P3, tp=8, ts=8, x0=918798986
P2, tp=8, ts=8, x0=67069358
P3, tp=8, ts=8, x0=496702222
P1, tp=8, ts=8, x0=464973275, x1=918798986
P1, tp=8, ts=8, x0=678384546, x1=27890052
P1, tp=8, ts=8, x0=547665196, x1=26992958
P0, tp=8, ts=8, x0=844509151
P2, tp=8, ts=8, x0=486403572
P0, tp=8, ts=8, x0=816704410
P2, tp=8, ts=8, x0=844509151
P3, tp=8, ts=8, x0=5741545
P2, tp=8, ts=8, x0=100024140
P1, tp=8, ts=8, x0=813586596, x1=757338871
P2, tp=8, ts=8, x0=757338871
P0, tp=8, ts=8, x0=662318765
P1, tp=8, ts=8, x0=960763133, x1=662318765
P3, tp=8, ts=8, x0=179078643
P1, tp=8, ts=8, x0=545902714, x1=501588591
P3, tp=8, ts=8, x0=914774884
P0, tp=8, ts=8, x0=380580857
P3, tp=8, ts=8, x0=26992958
P0, tp=8, ts=8, x0=823620660
P2, tp=8, ts=8, x0=555070484
P2, tp=8, ts=8, x0=862056810
P3, tp=8, ts=8, x0=461171800
P3, tp=8, ts=8, x0=461171800
P1, tp=8, ts=8, x0=339579934, x1=208944190
P2, tp=8, ts=8, x0=660178864
P0, tp=8, ts=8, x0=179078643
P2, tp=8, ts=8, x0=524133699
P0, tp=8, ts=8, x0=534236364
P0, tp=8, ts=8, x0=726983517
P1, tp=8, ts=8, x0=5741545, x1=415232822
P1, tp=8, ts=8, x0=501588591, x1=446387390
P1, tp=8, ts=8, x0=343051751, x1=501588591
P2, tp=8, ts=8, x0=826144711
P3, tp=8, ts=8, x0=674041665
P2, tp=8, ts=8, x0=204699496
P2, tp=8, ts=8, x0=678384546
P0, tp=8, ts=8, x0=781601832
P0, tp=8, ts=8, x0=27890052
P2, tp=8, ts=8, x0=461171800
P0, tp=8, ts=8, x0=376666230
P2, tp=8, ts=8, x0=759729708
P3, tp=8, ts=8, x0=781601832
P2, tp=8, ts=8, x0=678384546
P0, tp=8, ts=8, x0=204699496
P1, tp=8, ts=8, x0=370351049, x1=464973275
P0, tp=8, ts=8, x0=492290108
P1, tp=8, ts=8, x0=180731078, x1=638256551
P2, tp=8, ts=8, x0=195033435
P1, tp=8, ts=8, x0=759729708, x1=708983332
P0, tp=8, ts=8, x0=758602097
P2, tp=8, ts=8, x0=453032614
P3, tp=8, ts=8, x0=247619987
P3, tp=8, ts=8, x0=918798986
P2, tp=8, ts=8, x0=994839436
P2, tp=8, ts=8, x0=554526673
P3, tp=8, ts=8, x0=545902714
P1, tp=8, ts=8, x0=100024140, x1=67069358
P3, tp=8, ts=8, x0=855628474
P2, tp=8, ts=8, x0=674041665
P0, tp=8, ts=8, x0=910434871
P2, tp=8, ts=8, x0=195033435
P0, tp=8, ts=8, x0=5741545
P3, tp=8, ts=8, x0=816704410
P3, tp=8, ts=8, x0=489243614
P1, tp=8, ts=8, x0=67069358, x1=590344382
P3, tp=8, ts=8, x0=141389909
P3, tp=8, ts=8, x0=532902732
P3, tp=8, ts=8, x0=726983517
P1, tp=8, ts=8, x0=590344382, x1=376666230
P0, tp=8, ts=8, x0=855628474
P0, tp=8, ts=8, x0=564639792
P3, tp=8, ts=8, x0=660178864
P0, tp=8, ts=8, x0=826144711
P2, tp=8, ts=8, x0=662318765
P1, tp=8, ts=8, x0=951760062, x1=634250098
P1, tp=8, ts=8, x0=345030965, x1=67069358
P0, tp=8, ts=8, x0=104801715
P0, tp=8, ts=8, x0=757338871
P0, tp=8, ts=8, x0=855628474
P1, tp=8, ts=8, x0=547845444, x1=826913284
P3, tp=8, ts=8, x0=523417010
P0, tp=8, ts=8, x0=446387390
P0, tp=8, ts=8, x0=370351049
P0, tp=8, ts=8, x0=524133699
P1, tp=8, ts=8, x0=31101094, x1=645361776
P1, tp=8, ts=8, x0=182492385, x1=708983332
P2, tp=8, ts=8, x0=805340070
P3, tp=8, ts=8, x0=805340070
P1, tp=8, ts=8, x0=700816526, x1=501588591
P0, tp=8, ts=8, x0=5741545
P3, tp=8, ts=8, x0=994839436
P1, tp=8, ts=8, x0=492290108, x1=567850687
P1, tp=8, ts=8, x0=734272740, x1=409121799
P0, tp=8, ts=8, x0=132756131
P3, tp=8, ts=8, x0=486403572
P2, tp=8, ts=8, x0=918798986
P1, tp=8, ts=8, x0=132756131, x1=496702222
P2, tp=8, ts=8, x0=615641913
P2, tp=8, ts=8, x0=743456985
P1, tp=8, ts=8, x0=590344382, x1=204699496
P0, tp=8, ts=8, x0=182492385
P2, tp=8, ts=8, x0=486403572
P3, tp=8, ts=8, x0=365908620
P3, tp=8, ts=8, x0=708983332
P2, tp=8, ts=8, x0=823920997
P2, tp=8, ts=8, x0=826144711
P3, tp=8, ts=8, x0=122493935
P1, tp=8, ts=8, x0=826913284, x1=978902358
P2, tp=8, ts=8, x0=660178864
P2, tp=8, ts=8, x0=182492385
P3, tp=8, ts=8, x0=343051751
P0, tp=8, ts=8, x0=757338871
P2, tp=8, ts=8, x0=578110984
P0, tp=8, ts=8, x0=343051751
P3, tp=8, ts=8, x0=660178864
P2, tp=8, ts=8, x0=486403572
P0, tp=8, ts=8, x0=758602097
P0, tp=8, ts=8, x0=267935632
P3, tp=8, ts=8, x0=27890052
P2, tp=8, ts=8, x0=634250098
P3, tp=8, ts=8, x0=447867249
P2, tp=8, ts=8, x0=759729708
P0, tp=8, ts=8, x0=327646615
P0, tp=8, ts=8, x0=56446158
P0, tp=8, ts=8, x0=577097142
P2, tp=8, ts=8, x0=734272740
P2, tp=8, ts=8, x0=492290108
P0, tp=8, ts=8, x0=56446158
P2, tp=8, ts=8, x0=123079245
P2, tp=8, ts=8, x0=763285467
P2, tp=8, ts=8, x0=283849757
P3, tp=8, ts=8, x0=615641913
P0, tp=8, ts=8, x0=634250098
P3, tp=8, ts=8, x0=918798986
P1, tp=8, ts=8, x0=759729708, x1=757338871
P3, tp=8, ts=8, x0=578110984
P1, tp=8, ts=8, x0=532902732, x1=492290108
P1, tp=8, ts=8, x0=461171800, x1=874580733
P1, tp=8, ts=8, x0=104801715, x1=547665196
P1, tp=8, ts=8, x0=662318765, x1=645361776
P1, tp=8, ts=8, x0=758602097, x1=743456985
P0, tp=8, ts=8, x0=593551701
P3, tp=8, ts=8, x0=196157495
P2, tp=8, ts=8, x0=327646615
P3, tp=8, ts=8, x0=182492385
P3, tp=8, ts=8, x0=743456985
P2, tp=8, ts=8, x0=496702222
P2, tp=8, ts=8, x0=2042543
P0, tp=8, ts=8, x0=67069358
P0, tp=8, ts=8, x0=918798986
P3, tp=8, ts=8, x0=327646615
P2, tp=8, ts=8, x0=103640011
P2, tp=8, ts=8, x0=486403572
P3, tp=8, ts=8, x0=638256551
P3, tp=8, ts=8, x0=726983517
P2, tp=8, ts=8, x0=100024140
P1, tp=8, ts=8, x0=100024140, x1=179078643
P0, tp=8, ts=8, x0=826144711
P3, tp=8, ts=8, x0=726983517
P1, tp=8, ts=8, x0=555070484, x1=67069358
P2, tp=8, ts=8, x0=447867249
P2, tp=8, ts=8, x0=141389909
P2, tp=8, ts=8, x0=532902732
P0, tp=8, ts=8, x0=555070484
P2, tp=8, ts=8, x0=67069358
P0, tp=8, ts=8, x0=593551701
P3, tp=8, ts=8, x0=486403572
P0, tp=8, ts=8, x0=602878090
P0, tp=8, ts=8, x0=602766125
P0, tp=8, ts=8, x0=893495619
P3, tp=8, ts=8, x0=147627260
P2, tp=8, ts=8, x0=501588591
P0, tp=8, ts=8, x0=141389909
P0, tp=8, ts=8, x0=555070484
P3, tp=8, ts=8, x0=224173837
P0, tp=8, ts=8, x0=501588591
P2, tp=8, ts=8, x0=56446158
P2, tp=8, ts=8, x0=662318765
P0, tp=8, ts=8, x0=918798986
P0, tp=8, ts=8, x0=763285467
P2, tp=8, ts=8, x0=72384031
P0, tp=8, ts=8, x0=840207541
P3, tp=8, ts=8, x0=327646615
P0, tp=8, ts=8, x0=147627260
P2, tp=8, ts=8, x0=283849757
P0, tp=8, ts=8, x0=642376088
P3, tp=8, ts=8, x0=327646615
P3, tp=8, ts=8, x0=758602097
P0, tp=8, ts=8, x0=373547313
P1, tp=8, ts=8, x0=71041447, x1=662318765
P0, tp=8, ts=8, x0=577097142
P3, tp=8, ts=8, x0=453032614
P0, tp=8, ts=8, x0=370351049
P0, tp=8, ts=8, x0=823620660
P1, tp=8, ts=8, x0=910434871, x1=823920997
P3, tp=8, ts=8, x0=759729708
P3, tp=8, ts=8, x0=72384031
P3, tp=8, ts=8, x0=708983332
P2, tp=8, ts=8, x0=179078643
P3, tp=8, ts=8, x0=247619987
P3, tp=8, ts=8, x0=545902714
P2, tp=8, ts=8, x0=547615278
P0, tp=8, ts=8, x0=155903923
P3, tp=8, ts=8, x0=638256551
P0, tp=8, ts=8, x0=84442014
P0, tp=8, ts=8, x0=376666230
P2, tp=8, ts=8, x0=26992958
P3, tp=8, ts=8, x0=944009299
P0, tp=8, ts=8, x0=676445570
P1, tp=8, ts=8, x0=463803964, x1=840207541
P2, tp=8, ts=8, x0=26992958
P3, tp=8, ts=8, x0=524133699
P0, tp=8, ts=8, x0=914774884
P2, tp=8, ts=8, x0=547615278
P0, tp=8, ts=8, x0=208944190
P2, tp=8, ts=8, x0=918798986
P2, tp=8, ts=8, x0=71041447
P0, tp=8, ts=8, x0=380580857
P2, tp=8, ts=8, x0=2042543
P1, tp=8, ts=8, x0=141389909, x1=224173837
P0, tp=8, ts=8, x0=247619987
P3, tp=8, ts=8, x0=380580857
P2, tp=8, ts=8, x0=960763133
P3, tp=8, ts=8, x0=805340070
P2, tp=8, ts=8, x0=638256551
P3, tp=8, ts=8, x0=944009299
P0, tp=8, ts=8, x0=247619987
P3, tp=8, ts=8, x0=577097142
P1, tp=8, ts=8, x0=373547313, x1=204699496
P0, tp=8, ts=8, x0=534236364
P0, tp=8, ts=8, x0=759729708
P0, tp=8, ts=8, x0=123079245
P1, tp=8, ts=8, x0=914774884, x1=763285467
P2, tp=8, ts=8, x0=31101094
P3, tp=8, ts=8, x0=823920997
P0, tp=8, ts=8, x0=12242492
P2, tp=8, ts=8, x0=523417010
P3, tp=8, ts=8, x0=158560553
P2, tp=8, ts=8, x0=547665196
P1, tp=8, ts=8, x0=492290108, x1=978902358
P1, tp=8, ts=8, x0=158560553, x1=634250098
P3, tp=8, ts=8, x0=464973275
P0, tp=8, ts=8, x0=951760062
P1, tp=8, ts=8, x0=826144711, x1=763285467
P0, tp=8, ts=8, x0=2042543
P2, tp=8, ts=8, x0=547665196
P0, tp=8, ts=8, x0=463803964
P3, tp=8, ts=8, x0=208944190
P1, tp=8, ts=8, x0=547845444, x1=826913284
P3, tp=8, ts=8, x0=463803964
P2, tp=8, ts=8, x0=893495619
P3, tp=8, ts=8, x0=676445570
P3, tp=8, ts=8, x0=874580733
P2, tp=8, ts=8, x0=826913284
P2, tp=8, ts=8, x0=978902358
P1, tp=8, ts=8, x0=593551701, x1=104801715
P1, tp=8, ts=8, x0=763285467, x1=763285467
P2, tp=8, ts=8, x0=532902732
P0, tp=8, ts=8, x0=422559397
P2, tp=8, ts=8, x0=179078643
P0, tp=8, ts=8, x0=874580733
P1, tp=8, ts=8, x0=615641913, x1=247619987
P0, tp=8, ts=8, x0=84442014
P1, tp=8, ts=8, x0=422559397, x1=27890052
P2, tp=8, ts=8, x0=494890671
P0, tp=8, ts=8, x0=578110984
P1, tp=8, ts=8, x0=578110984, x1=247619987
P2, tp=8, ts=8, x0=795300578
P3, tp=8, ts=8, x0=26992958
P0, tp=8, ts=8, x0=951760062
P2, tp=8, ts=8, x0=547615278
P1, tp=8, ts=8, x0=486403572, x1=918798986
P1, tp=8, ts=8, x0=72384031, x1=182492385
P2, tp=8, ts=8, x0=763285467
P2, tp=8, ts=8, x0=141389909
P1, tp=8, ts=8, x0=918798986, x1=58062291
P0, tp=8, ts=8, x0=496702222
P3, tp=8, ts=8, x0=122493935
P3, tp=8, ts=8, x0=422559397
P1, tp=8, ts=8, x0=179078643, x1=496702222
P1, tp=8, ts=8, x0=772499901, x1=602878090
P1, tp=8, ts=8, x0=662318765, x1=840207541
P1, tp=8, ts=8, x0=25267752, x1=376666230
P3, tp=8, ts=8, x0=545902714
P2, tp=8, ts=8, x0=446387390
P0, tp=8, ts=8, x0=555070484
P0, tp=8, ts=8, x0=501588591
P1, tp=8, ts=8, x0=874580733, x1=84442014
P3, tp=8, ts=8, x0=208944190
P3, tp=8, ts=8, x0=874580733
P0, tp=8, ts=8, x0=944009299
P0, tp=8, ts=8, x0=874580733
P0, tp=8, ts=8, x0=547845444
P3, tp=8, ts=8, x0=826913284
P2, tp=8, ts=8, x0=840207541
P3, tp=8, ts=8, x0=874580733
P2, tp=8, ts=8, x0=25267752
P2, tp=8, ts=8, x0=826913284
P2, tp=8, ts=8, x0=893495619
P0, tp=8, ts=8, x0=523417010
P3, tp=8, ts=8, x0=763285467
P0, tp=8, ts=8, x0=840207541
P3, tp=8, ts=8, x0=127402887
P0, tp=8, ts=8, x0=840207541
P0, tp=8, ts=8, x0=501588591
P0, tp=8, ts=8, x0=26992958
P0, tp=8, ts=8, x0=593551701
P3, tp=8, ts=8, x0=826913284
P2, tp=8, ts=8, x0=547615278
P2, tp=8, ts=8, x0=492290108
P0, tp=8, ts=8, x0=447867249
P2, tp=8, ts=8, x0=2042543
P2, tp=8, ts=8, x0=84442014
P2, tp=8, ts=8, x0=805340070
P1, tp=8, ts=8, x0=523417010, x1=547615278
P0, tp=8, ts=8, x0=638256551
P3, tp=8, ts=8, x0=688034261
P1, tp=8, ts=8, x0=100024140, x1=158560553
P0, tp=8, ts=8, x0=545902714
P1, tp=8, ts=8, x0=577097142, x1=577097142
P1, tp=8, ts=8, x0=547845444, x1=960763133
P3, tp=8, ts=8, x0=376666230
P3, tp=8, ts=8, x0=590344382
P2, tp=8, ts=8, x0=494890671
P1, tp=8, ts=8, x0=25267752, x1=461171800
P1, tp=8, ts=8, x0=433776648, x1=208944190
P3, tp=8, ts=8, x0=602878090
P2, tp=8, ts=8, x0=638256551
P0, tp=8, ts=8, x0=446387390
P2, tp=8, ts=8, x0=826913284
P2, tp=8, ts=8, x0=42311534
P0, tp=8, ts=8, x0=132756131
P1, tp=8, ts=8, x0=496702222, x1=547845444
P2, tp=8, ts=8, x0=141389909
P3, tp=8, ts=8, x0=728512992
P3, tp=8, ts=8, x0=283849757
P0, tp=8, ts=8, x0=960763133
P3, tp=8, ts=8, x0=25267752
P0, tp=8, ts=8, x0=763285467
P0, tp=8, ts=8, x0=960763133
P1, tp=8, ts=8, x0=67069358, x1=496702222
P1, tp=8, ts=8, x0=492290108, x1=26992958
P1, tp=8, ts=8, x0=310436376, x1=634250098
P3, tp=8, ts=8, x0=826144711
P0, tp=8, ts=8, x0=914774884
P0, tp=8, ts=8, x0=26992958
P2, tp=8, ts=8, x0=524133699
P0, tp=8, ts=8, x0=26992958
P0, tp=8, ts=8, x0=805340070
P3, tp=8, ts=8, x0=486403572
P0, tp=8, ts=8, x0=453032614
P3, tp=8, ts=8, x0=874580733
P2, tp=8, ts=8, x0=577097142
P2, tp=8, ts=8, x0=532902732
P1, tp=8, ts=8, x0=208944190, x1=660178864
P2, tp=8, ts=8, x0=728512992
P1, tp=8, ts=8, x0=492290108, x1=910434871
P3, tp=8, ts=8, x0=100024140
P0, tp=8, ts=8, x0=842122800
P0, tp=8, ts=8, x0=634250098
P0, tp=8, ts=8, x0=180731078
P1, tp=8, ts=8, x0=447867249, x1=67069358
P1, tp=8, ts=8, x0=987913606, x1=678384546
P2, tp=8, ts=8, x0=593551701
P3, tp=8, ts=8, x0=593551701
P3, tp=8, ts=8, x0=457535301
P1, tp=8, ts=8, x0=147627260, x1=578110984
P1, tp=8, ts=8, x0=380580857, x1=688034261
P1, tp=8, ts=8, x0=31101094, x1=155903923
P1, tp=8, ts=8, x0=141389909, x1=951760062
P3, tp=8, ts=8, x0=645361776
P0, tp=8, ts=8, x0=127402887
P3, tp=8, ts=8, x0=464973275
P2, tp=8, ts=8, x0=674041665
P0, tp=8, ts=8, x0=914774884
P1, tp=8, ts=8, x0=547615278, x1=678384546
P3, tp=8, ts=8, x0=208944190
P3, tp=8, ts=8, x0=58062291
P3, tp=8, ts=8, x0=918798986
P3, tp=8, ts=8, x0=795300578
P0, tp=8, ts=8, x0=660178864
P2, tp=8, ts=8, x0=874580733
P3, tp=8, ts=8, x0=42311534
P1, tp=8, ts=8, x0=224173837, x1=492290108
P0, tp=8, ts=8, x0=893495619
P1, tp=8, ts=8, x0=486403572, x1=453032614
P0, tp=8, ts=8, x0=457535301
P0, tp=8, ts=8, x0=5741545
P2, tp=8, ts=8, x0=834715146
P0, tp=8, ts=8, x0=834715146
P0, tp=8, ts=8, x0=676445570
P0, tp=8, ts=8, x0=179078643
P2, tp=8, ts=8, x0=132756131
P3, tp=8, ts=8, x0=524133699
P1, tp=8, ts=8, x0=547665196, x1=914774884
P3, tp=8, ts=8, x0=461171800
P3, tp=8, ts=8, x0=446387390
P2, tp=8, ts=8, x0=242032255
P2, tp=8, ts=8, x0=71041447
P2, tp=8, ts=8, x0=547845444
P0, tp=8, ts=8, x0=224173837
P1, tp=8, ts=8, x0=552357329, x1=660178864
P0, tp=8, ts=8, x0=310436376
P2, tp=8, ts=8, x0=577097142
P1, tp=8, ts=8, x0=552357329, x1=492290108
P3, tp=8, ts=8, x0=123079245
P3, tp=8, ts=8, x0=547845444
P3, tp=8, ts=8, x0=987913606
P3, tp=8, ts=8, x0=58062291
P3, tp=8, ts=8, x0=987913606
P1, tp=8, ts=8, x0=763285467, x1=204699496
P3, tp=8, ts=8, x0=593551701
P1, tp=8, ts=8, x0=409121799, x1=674041665
P2, tp=8, ts=8, x0=224173837
P2, tp=8, ts=8, x0=147627260
P3, tp=8, ts=8, x0=167875128
P3, tp=8, ts=8, x0=362221548
P2, tp=8, ts=8, x0=888298418
P3, tp=8, ts=8, x0=591400030
P1, tp=8, ts=8, x0=577097142, x1=772499901
P0, tp=8, ts=8, x0=602878090
P0, tp=8, ts=8, x0=84442014
P1, tp=8, ts=8, x0=589870243, x1=602878090
P2, tp=8, ts=8, x0=564639792
P3, tp=8, ts=8, x0=589870243
P2, tp=8, ts=8, x0=242032255
P0, tp=8, ts=8, x0=602878090
P0, tp=8, ts=8, x0=564639792
P0, tp=8, ts=8, x0=564639792
P3, tp=8, ts=8, x0=826144711
P2, tp=8, ts=8, x0=127402887
P3, tp=8, ts=8, x0=72384031
P2, tp=8, ts=8, x0=547615278
P3, tp=8, ts=8, x0=58062291
P1, tp=8, ts=8, x0=155903923, x1=547665196
P2, tp=8, ts=8, x0=376666230
P2, tp=8, ts=8, x0=888298418
P3, tp=8, ts=8, x0=123079245
P3, tp=8, ts=8, x0=578110984
P1, tp=8, ts=8, x0=494890671, x1=58062291
P3, tp=8, ts=8, x0=123079245
P0, tp=8, ts=8, x0=978301447
P0, tp=8, ts=8, x0=380580857
P1, tp=8, ts=8, x0=708983332, x1=27890052
P2, tp=8, ts=8, x0=179078643
P3, tp=8, ts=8, x0=295992551
P3, tp=8, ts=8, x0=638256551
P0, tp=8, ts=8, x0=766005847
P1, tp=8, ts=8, x0=728849411, x1=978301447
P3, tp=8, ts=8, x0=376666230
P2, tp=8, ts=8, x0=362221548
P1, tp=8, ts=8, x0=638256551, x1=682778204
P2, tp=8, ts=8, x0=362221548
P2, tp=8, ts=8, x0=25267752
P3, tp=8, ts=8, x0=446387390
P1, tp=8, ts=8, x0=888298418, x1=577097142
P1, tp=8, ts=8, x0=182492385, x1=763285467
P0, tp=8, ts=8, x0=544071605
P2, tp=8, ts=8, x0=373547313
P2, tp=8, ts=8, x0=84442014
P2, tp=8, ts=8, x0=602878090
P0, tp=8, ts=8, x0=127402887
P1, tp=8, ts=8, x0=132756131, x1=532902732
P3, tp=8, ts=8, x0=591400030
P0, tp=8, ts=8, x0=204699496
P1, tp=8, ts=8, x0=190931507, x1=944009299
P0, tp=8, ts=8, x0=42311534
P1, tp=8, ts=8, x0=422962173, x1=708983332
P2, tp=8, ts=8, x0=545902714
P1, tp=8, ts=8, x0=155903923, x1=242032255
P1, tp=8, ts=8, x0=857347262, x1=362221548
P0, tp=8, ts=8, x0=910434871
P3, tp=8, ts=8, x0=376666230
P3, tp=8, ts=8, x0=103640011
P0, tp=8, ts=8, x0=457535301
P0, tp=8, ts=8, x0=25267752
P2, tp=8, ts=8, x0=674041665
P0, tp=8, ts=8, x0=862705202
P1, tp=8, ts=8, x0=893495619, x1=772499901
P1, tp=8, ts=8, x0=242032255, x1=224173837
P0, tp=8, ts=8, x0=103640011
P3, tp=8, ts=8, x0=602878090
P2, tp=8, ts=8, x0=283849757
P0, tp=8, ts=8, x0=71041447
P3, tp=8, ts=8, x0=834715146
P2, tp=8, ts=8, x0=904959560
P3, tp=8, ts=8, x0=682778204
P1, tp=8, ts=8, x0=141389909, x1=182492385
P2, tp=8, ts=8, x0=678384546
P1, tp=8, ts=8, x0=534236364, x1=179078643
P2, tp=8, ts=8, x0=862705202
P1, tp=8, ts=8, x0=464973275, x1=823620660
P0, tp=8, ts=8, x0=862705202
P1, tp=8, ts=8, x0=881796676, x1=944009299
P1, tp=8, ts=8, x0=766005847, x1=678384546
P2, tp=8, ts=8, x0=728512992
P2, tp=8, ts=8, x0=398500191
P2, tp=8, ts=8, x0=132756131
P0, tp=8, ts=8, x0=763285467
P3, tp=8, ts=8, x0=978301447
P1, tp=8, ts=8, x0=524133699, x1=772499901
P2, tp=8, ts=8, x0=545902714
P1, tp=8, ts=8, x0=734272740, x1=766005847
P3, tp=8, ts=8, x0=398500191
P0, tp=8, ts=8, x0=591400030
P1, tp=8, ts=8, x0=728512992, x1=283849757
P0, tp=8, ts=8, x0=881796676
P1, tp=8, ts=8, x0=881796676, x1=524133699
P0, tp=8, ts=8, x0=882599041
P3, tp=8, ts=8, x0=409121799
P2, tp=8, ts=8, x0=862705202
P0, tp=8, ts=8, x0=457535301
P0, tp=8, ts=8, x0=310436376
P2, tp=8, ts=8, x0=547665196
P2, tp=8, ts=8, x0=100024140
P2, tp=8, ts=8, x0=376666230
P3, tp=8, ts=8, x0=547615278
P3, tp=8, ts=8, x0=58062291
P0, tp=8, ts=8, x0=376666230
P1, tp=8, ts=8, x0=457535301, x1=893495619
P2, tp=8, ts=8, x0=728849411
P2, tp=8, ts=8, x0=874580733
P0, tp=8, ts=8, x0=728849411
P3, tp=8, ts=8, x0=857347262
P1, tp=8, ts=8, x0=196157495, x1=453032614
P1, tp=8, ts=8, x0=25267752, x1=882599041
P0, tp=8, ts=8, x0=42311534
P1, tp=8, ts=8, x0=446387390, x1=555070484
P2, tp=8, ts=8, x0=295992551
P0, tp=8, ts=8, x0=446387390
P0, tp=8, ts=8, x0=944009299
P2, tp=8, ts=8, x0=26992958
P3, tp=8, ts=8, x0=638256551
P0, tp=8, ts=8, x0=806096339
P0, tp=8, ts=8, x0=987913606
P2, tp=8, ts=8, x0=276542770
P3, tp=8, ts=8, x0=840207541
P1, tp=8, ts=8, x0=447867249, x1=728849411
P3, tp=8, ts=8, x0=677585855
P1, tp=8, ts=8, x0=447867249, x1=397231860
P2, tp=8, ts=8, x0=840207541
P1, tp=8, ts=8, x0=224173837, x1=310436376
P3, tp=8, ts=8, x0=182492385
P3, tp=8, ts=8, x0=806096339
P2, tp=8, ts=8, x0=56446158
P0, tp=8, ts=8, x0=422962173
P3, tp=8, ts=8, x0=759729708
P0, tp=8, ts=8, x0=310436376
P2, tp=8, ts=8, x0=593551701
P2, tp=8, ts=8, x0=56446158
P3, tp=8, ts=8, x0=759729708
P1, tp=8, ts=8, x0=578110984, x1=987913606
P2, tp=8, ts=8, x0=208944190
P0, tp=8, ts=8, x0=167875128
P2, tp=8, ts=8, x0=42311534
P2, tp=8, ts=8, x0=31101094
P2, tp=8, ts=8, x0=311303366
P1, tp=8, ts=8, x0=56446158, x1=734272740
P1, tp=8, ts=8, x0=595528183, x1=182492385
P0, tp=8, ts=8, x0=530157450
P1, tp=8, ts=8, x0=208944190, x1=190931507
P2, tp=8, ts=8, x0=457535301
P1, tp=8, ts=8, x0=461171800, x1=662318765
P1, tp=8, ts=8, x0=589870243, x1=857347262
P0, tp=8, ts=8, x0=447867249
P1, tp=8, ts=8, x0=816016374, x1=58062291
P2, tp=8, ts=8, x0=447867249
P2, tp=8, ts=8, x0=806096339
P0, tp=8, ts=8, x0=874580733
P1, tp=8, ts=8, x0=904959560, x1=422962173
P2, tp=8, ts=8, x0=978301447
P1, tp=8, ts=8, x0=842122800, x1=678384546
P3, tp=8, ts=8, x0=591400030
P2, tp=8, ts=8, x0=453032614
P1, tp=8, ts=8, x0=380265205, x1=167875128
P1, tp=8, ts=8, x0=555070484, x1=638256551
P2, tp=8, ts=8, x0=944009299
P0, tp=8, ts=8, x0=763285467
P1, tp=8, ts=8, x0=5741545, x1=759729708
P2, tp=8, ts=8, x0=590105816
P1, tp=8, ts=8, x0=155903923, x1=303568015
P1, tp=8, ts=8, x0=589870243, x1=494890671
P1, tp=8, ts=8, x0=640445397, x1=678384546
P2, tp=8, ts=8, x0=461171800
P1, tp=8, ts=8, x0=555070484, x1=343051751
P0, tp=8, ts=8, x0=978301447
P3, tp=8, ts=8, x0=79867053
P3, tp=8, ts=8, x0=904959560
P3, tp=8, ts=8, x0=590105816
P2, tp=9, ts=9, x0=158560553
P2, tp=9, ts=9, x0=311303366
P0, tp=9, ts=9, x0=179078643
P2, tp=9, ts=9, x0=295992551
P3, tp=9, ts=9, x0=5072330
P3, tp=9, ts=9, x0=721943022
P1, tp=9, ts=9, x0=642376088, x1=72384031
P2, tp=9, ts=9, x0=642376088
P0, tp=9, ts=9, x0=12242492
P0, tp=9, ts=9, x0=882599041
P1, tp=9, ts=9, x0=530157450, x1=944009299
P3, tp=9, ts=9, x0=534236364
P1, tp=9, ts=9, x0=464973275, x1=944009299
P1, tp=9, ts=9, x0=224173837, x1=874580733
P2, tp=9, ts=9, x0=180731078
P1, tp=9, ts=9, x0=446387390, x1=710501673
P0, tp=9, ts=9, x0=132756131
P3, tp=9, ts=9, x0=982763553
P2, tp=9, ts=9, x0=987913606
P1, tp=9, ts=9, x0=888298418, x1=461171800
P3, tp=9, ts=9, x0=56446158
P1, tp=9, ts=9, x0=698594874, x1=595528183
P0, tp=9, ts=9, x0=642376088
P2, tp=9, ts=9, x0=196157495
P0, tp=9, ts=9, x0=276542770
P3, tp=9, ts=9, x0=79867053
P0, tp=9, ts=9, x0=978301447
P2, tp=9, ts=9, x0=460316739
P0, tp=9, ts=9, x0=642376088
P3, tp=9, ts=9, x0=532902732
P2, tp=9, ts=9, x0=158560553
P0, tp=9, ts=9, x0=545902714
P2, tp=9, ts=9, x0=552357329
P2, tp=9, ts=9, x0=84442014
P3, tp=9, ts=9, x0=12242492
P0, tp=9, ts=9, x0=951760062
P0, tp=9, ts=9, x0=84442014
P3, tp=9, ts=9, x0=565578745
P1, tp=9, ts=9, x0=534236364, x1=283849757
P3, tp=9, ts=9, x0=678384546
P3, tp=9, ts=9, x0=578110984
P0, tp=9, ts=9, x0=591400030
P0, tp=9, ts=9, x0=795300578
P3, tp=9, ts=9, x0=840207541
P1, tp=9, ts=9, x0=72384031, x1=461171800
P0, tp=9, ts=9, x0=577097142
P3, tp=9, ts=9, x0=464973275
P1, tp=9, ts=9, x0=398500191, x1=317512087
P1, tp=9, ts=9, x0=25267752, x1=842122800
P0, tp=9, ts=9, x0=593551701
P0, tp=9, ts=9, x0=167875128
P0, tp=9, ts=9, x0=640445397
P3, tp=9, ts=9, x0=593551701
P1, tp=9, ts=9, x0=79867053, x1=409121799
P3, tp=9, ts=9, x0=380265205
P0, tp=9, ts=9, x0=602878090
P0, tp=9, ts=9, x0=795300578
P2, tp=9, ts=9, x0=951760062
P3, tp=9, ts=9, x0=806096339
P2, tp=9, ts=9, x0=676568007
P2, tp=9, ts=9, x0=303568015
P3, tp=9, ts=9, x0=283849757
P3, tp=9, ts=9, x0=422962173
P1, tp=9, ts=9, x0=602766125, x1=158560553
P3, tp=9, ts=9, x0=12242492
P0, tp=9, ts=9, x0=676568007
P3, tp=9, ts=9, x0=591400030
P3, tp=9, ts=9, x0=589870243
P3, tp=9, ts=9, x0=276542770
P2, tp=9, ts=9, x0=25267752
P3, tp=9, ts=9, x0=982763553
P0, tp=9, ts=9, x0=610877567
P3, tp=9, ts=9, x0=610877567
P0, tp=9, ts=9, x0=734272740
P2, tp=9, ts=9, x0=501588591
P3, tp=9, ts=9, x0=893495619
P1, tp=9, ts=9, x0=862705202, x1=460316739
P1, tp=9, ts=9, x0=678384546, x1=534236364
P2, tp=9, ts=9, x0=447867249
P0, tp=9, ts=9, x0=842122800
P1, tp=9, ts=9, x0=904959560, x1=881796676
P0, tp=9, ts=9, x0=126920741
P0, tp=9, ts=9, x0=772499901
P1, tp=9, ts=9, x0=126920741, x1=158560553
P2, tp=9, ts=9, x0=457535301
P3, tp=9, ts=9, x0=501588591
P3, tp=9, ts=9, x0=464973275
P1, tp=9, ts=9, x0=58062291, x1=688034261
P0, tp=9, ts=9, x0=763285467
P3, tp=9, ts=9, x0=552357329
P1, tp=9, ts=9, x0=676445570, x1=155903923
P3, tp=9, ts=9, x0=816016374
P1, tp=9, ts=9, x0=939086868, x1=589870243
P3, tp=9, ts=9, x0=534236364
P0, tp=9, ts=9, x0=772499901
P1, tp=9, ts=9, x0=373547313, x1=806096339
P0, tp=9, ts=9, x0=795300578
P1, tp=9, ts=9, x0=42311534, x1=373547313
P3, tp=9, ts=9, x0=842122800
P1, tp=9, ts=9, x0=303568015, x1=84442014
P2, tp=9, ts=9, x0=433776648
P0, tp=9, ts=9, x0=662318765
P2, tp=9, ts=9, x0=728512992
P3, tp=9, ts=9, x0=5072330
P0, tp=9, ts=9, x0=190931507
P3, tp=9, ts=9, x0=242032255
P0, tp=9, ts=9, x0=951760062
P0, tp=9, ts=9, x0=158560553
P1, tp=9, ts=9, x0=555070484, x1=494890671
P0, tp=9, ts=9, x0=763285467
P0, tp=9, ts=9, x0=816016374
P0, tp=9, ts=9, x0=25267752
P0, tp=9, ts=9, x0=208156209
P3, tp=9, ts=9, x0=310436376
P0, tp=9, ts=9, x0=25267752
P3, tp=9, ts=9, x0=602878090
P3, tp=9, ts=9, x0=987913606
P1, tp=9, ts=9, x0=255444474, x1=5072330
P1, tp=9, ts=9, x0=354548238, x1=682778204
P0, tp=9, ts=9, x0=460316739
P0, tp=9, ts=9, x0=317512087
P3, tp=9, ts=9, x0=545902714
P2, tp=9, ts=9, x0=398500191
P1, tp=9, ts=9, x0=84442014, x1=494890671
P3, tp=9, ts=9, x0=147627260
P3, tp=9, ts=9, x0=498500167
P2, tp=9, ts=9, x0=547665196
P0, tp=9, ts=9, x0=42311534
P1, tp=9, ts=9, x0=460316739, x1=180731078
P0, tp=9, ts=9, x0=242032255
P3, tp=9, ts=9, x0=728512992
P1, tp=9, ts=9, x0=58062291, x1=499799366
P0, tp=9, ts=9, x0=380265205
P1, tp=9, ts=9, x0=494890671, x1=591400030
P1, tp=9, ts=9, x0=662318765, x1=593551701
P0, tp=9, ts=9, x0=552357329
P2, tp=9, ts=9, x0=311303366
P0, tp=9, ts=9, x0=545902714
P2, tp=9, ts=9, x0=226097377
P3, tp=9, ts=9, x0=5072330
P3, tp=9, ts=9, x0=147627260
P0, tp=9, ts=9, x0=698594874
P2, tp=9, ts=9, x0=534236364
P1, tp=9, ts=9, x0=795300578, x1=833620160
P1, tp=9, ts=9, x0=373547313, x1=613351301
P0, tp=9, ts=9, x0=728512992
P2, tp=9, ts=9, x0=5741545
P2, tp=9, ts=9, x0=677585855
P3, tp=9, ts=9, x0=591400030
P0, tp=9, ts=9, x0=155903923
P2, tp=9, ts=9, x0=446387390
P2, tp=9, ts=9, x0=982763553
P0, tp=9, ts=9, x0=56446158
P3, tp=9, ts=9, x0=530157450
P1, tp=9, ts=9, x0=158560553, x1=547665196
P0, tp=9, ts=9, x0=354548238
P0, tp=9, ts=9, x0=5741545
P2, tp=9, ts=9, x0=398500191
P1, tp=9, ts=9, x0=446387390, x1=295992551
P3, tp=9, ts=9, x0=317512087
P2, tp=9, ts=9, x0=310436376
P1, tp=9, ts=9, x0=72384031, x1=393390495
P3, tp=9, ts=9, x0=728512992
P2, tp=9, ts=9, x0=75858449
P0, tp=9, ts=9, x0=676445570
P0, tp=9, ts=9, x0=12242492
P3, tp=9, ts=9, x0=591400030
P1, tp=9, ts=9, x0=446387390, x1=766005847
P1, tp=9, ts=9, x0=834715146, x1=75858449
P2, tp=9, ts=9, x0=84442014
P2, tp=9, ts=9, x0=602766125
P3, tp=9, ts=9, x0=874580733
P0, tp=9, ts=9, x0=565578745
P2, tp=9, ts=9, x0=978301447
P3, tp=9, ts=9, x0=662318765
P1, tp=9, ts=9, x0=460316739, x1=547665196
P3, tp=9, ts=9, x0=888298418
P3, tp=9, ts=9, x0=610877567
P3, tp=9, ts=9, x0=888298418
P2, tp=9, ts=9, x0=5741545
P1, tp=9, ts=9, x0=311303366, x1=847910387
P1, tp=9, ts=9, x0=904959560, x1=501588591
P0, tp=9, ts=9, x0=398500191
P3, tp=9, ts=9, x0=25267752
P0, tp=9, ts=9, x0=857347262
P1, tp=9, ts=9, x0=728512992, x1=806096339
P0, tp=9, ts=9, x0=833620160
P3, tp=9, ts=9, x0=5741545
P3, tp=9, ts=9, x0=484111673
P3, tp=9, ts=9, x0=155903923
P0, tp=9, ts=9, x0=747365086
P1, tp=9, ts=9, x0=662318765, x1=317512087
P2, tp=9, ts=9, x0=939086868
P0, tp=9, ts=9, x0=888298418
P0, tp=9, ts=9, x0=147627260
P2, tp=9, ts=9, x0=806096339
P1, tp=9, ts=9, x0=457535301, x1=166616719
P2, tp=9, ts=9, x0=155903923
P2, tp=9, ts=9, x0=642376088
P2, tp=9, ts=9, x0=795300578
P3, tp=9, ts=9, x0=881796676
P2, tp=9, ts=9, x0=283849757
P1, tp=9, ts=9, x0=882599041, x1=494890671
P3, tp=9, ts=9, x0=84442014
P3, tp=9, ts=9, x0=834715146
P1, tp=9, ts=9, x0=978301447, x1=542161672
P0, tp=9, ts=9, x0=593551701
P2, tp=9, ts=9, x0=790023925
P2, tp=9, ts=9, x0=132756131
P1, tp=9, ts=9, x0=881796676, x1=610877567
P1, tp=9, ts=9, x0=180731078, x1=677585855
P3, tp=9, ts=9, x0=147627260
P3, tp=9, ts=9, x0=71041447
P0, tp=9, ts=9, x0=460316739
P3, tp=9, ts=9, x0=460316739
P3, tp=9, ts=9, x0=457535301
P0, tp=9, ts=9, x0=158560553
P1, tp=9, ts=9, x0=790023925, x1=577097142
P1, tp=9, ts=9, x0=317512087, x1=226097377
P2, tp=9, ts=9, x0=766005847
P3, tp=9, ts=9, x0=676568007
P1, tp=9, ts=9, x0=540617402, x1=56446158
P2, tp=9, ts=9, x0=593551701
P0, tp=9, ts=9, x0=433776648
P3, tp=9, ts=9, x0=242032255
P3, tp=9, ts=9, x0=190931507
P2, tp=9, ts=9, x0=530157450
P2, tp=9, ts=9, x0=939086868
P1, tp=9, ts=9, x0=147627260, x1=816016374
P0, tp=9, ts=9, x0=226097377
P0, tp=9, ts=9, x0=978301447
P3, tp=9, ts=9, x0=362221548
P3, tp=9, ts=9, x0=155903923
P3, tp=9, ts=9, x0=640445397
P0, tp=9, ts=9, x0=6915445
P3, tp=9, ts=9, x0=317512087
P3, tp=9, ts=9, x0=982763553
P2, tp=9, ts=9, x0=502170321
P1, tp=9, ts=9, x0=595528183, x1=75858449
P3, tp=9, ts=9, x0=882599041
P1, tp=9, ts=9, x0=565578745, x1=72384031
P1, tp=9, ts=9, x0=295992551, x1=530157450
P3, tp=9, ts=9, x0=982763553
P2, tp=9, ts=9, x0=728512992
P2, tp=9, ts=9, x0=147627260
P2, tp=9, ts=9, x0=5072330
P3, tp=9, ts=9, x0=682778204
P1, tp=9, ts=9, x0=978301447, x1=196157495
P0, tp=9, ts=9, x0=267454127
P1, tp=9, ts=9, x0=12242492, x1=602878090
P0, tp=9, ts=9, x0=677585855
P0, tp=9, ts=9, x0=166616719
P2, tp=9, ts=9, x0=978301447
P3, tp=9, ts=9, x0=242032255
P2, tp=9, ts=9, x0=978301447
P2, tp=9, ts=9, x0=167875128
P3, tp=9, ts=9, x0=833620160
P3, tp=9, ts=9, x0=795300578
P3, tp=9, ts=9, x0=75858449
P0, tp=9, ts=9, x0=547586130
P1, tp=9, ts=9, x0=393390495, x1=806096339
P0, tp=9, ts=9, x0=75858449
P3, tp=9, ts=9, x0=484111673
P1, tp=9, ts=9, x0=498500167, x1=591400030
P1, tp=9, ts=9, x0=728512992, x1=126920741
P3, tp=9, ts=9, x0=155903923
P1, tp=9, ts=9, x0=397231860, x1=728849411
P1, tp=9, ts=9, x0=484111673, x1=494890671
P3, tp=9, ts=9, x0=58062291
P0, tp=9, ts=9, x0=25267752
P3, tp=9, ts=9, x0=642376088
P2, tp=9, ts=9, x0=354548238
P0, tp=9, ts=9, x0=397231860
P0, tp=9, ts=9, x0=790023925
P3, tp=9, ts=9, x0=166616719
P3, tp=9, ts=9, x0=741587037
P0, tp=9, ts=9, x0=613351301
P0, tp=9, ts=9, x0=354548238
P0, tp=9, ts=9, x0=721943022
P1, tp=9, ts=9, x0=640445397, x1=728512992
P3, tp=9, ts=9, x0=6915445
P1, tp=9, ts=9, x0=790023925, x1=833620160
P2, tp=9, ts=9, x0=964189489
P3, tp=9, ts=9, x0=747365086
P2, tp=9, ts=9, x0=167875128
P1, tp=9, ts=9, x0=741587037, x1=591400030
P3, tp=9, ts=9, x0=317512087
P3, tp=9, ts=9, x0=155903923
P1, tp=9, ts=9, x0=5072330, x1=882599041
P3, tp=9, ts=9, x0=132756131
P3, tp=9, ts=9, x0=317512087
P1, tp=9, ts=9, x0=5072330, x1=457535301
P2, tp=9, ts=9, x0=72384031
P0, tp=9, ts=9, x0=721943022
P1, tp=9, ts=9, x0=602766125, x1=494890671
P3, tp=9, ts=9, x0=303568015
P1, tp=9, ts=9, x0=862705202, x1=362221548
P3, tp=9, ts=9, x0=42311534
P1, tp=9, ts=9, x0=393390495, x1=499799366
P0, tp=9, ts=9, x0=530157450
P3, tp=9, ts=9, x0=283849757
P3, tp=9, ts=9, x0=590105816
P2, tp=9, ts=9, x0=255444474
P1, tp=9, ts=9, x0=590105816, x1=874580733
P3, tp=9, ts=9, x0=847910387
P0, tp=9, ts=9, x0=79867053
P1, tp=9, ts=9, x0=847910387, x1=303568015
P3, tp=9, ts=9, x0=874580733
P2, tp=9, ts=9, x0=857347262
P3, tp=9, ts=9, x0=602766125
P0, tp=9, ts=9, x0=589870243
P1, tp=9, ts=9, x0=964189489, x1=552357329
P3, tp=9, ts=9, x0=276542770
P1, tp=9, ts=9, x0=847910387, x1=208251083
P2, tp=9, ts=9, x0=665027710
P0, tp=9, ts=9, x0=370647601
P0, tp=9, ts=9, x0=790023925
P2, tp=9, ts=9, x0=126920741
P2, tp=9, ts=9, x0=595528183
P3, tp=9, ts=9, x0=75858449
P3, tp=9, ts=9, x0=208156209
P2, tp=9, ts=9, x0=196157495
P0, tp=9, ts=9, x0=904959560
P3, tp=9, ts=9, x0=295992551
P0, tp=9, ts=9, x0=787956711
P1, tp=9, ts=9, x0=642376088, x1=283849757
P3, tp=9, ts=9, x0=295992551
P2, tp=9, ts=9, x0=398500191
P1, tp=9, ts=9, x0=602878090, x1=795300578
P1, tp=9, ts=9, x0=542161672, x1=362221548
P2, tp=9, ts=9, x0=147627260
P1, tp=9, ts=9, x0=196157495, x1=590105816
P3, tp=9, ts=9, x0=795300578
P2, tp=9, ts=9, x0=721943022
P3, tp=9, ts=9, x0=397231860
P3, tp=9, ts=9, x0=311303366
P1, tp=9, ts=9, x0=276542770, x1=436938468
P3, tp=9, ts=9, x0=422962173
P3, tp=9, ts=9, x0=311303366
P2, tp=9, ts=9, x0=978301447
P2, tp=9, ts=9, x0=787956711
P1, tp=9, ts=9, x0=790023925, x1=393390495
P1, tp=9, ts=9, x0=42311534, x1=795300578
P3, tp=9, ts=9, x0=646025175
P1, tp=9, ts=9, x0=595528183, x1=978301447
P3, tp=9, ts=9, x0=728849411
P2, tp=9, ts=9, x0=484111673
P1, tp=9, ts=9, x0=721943022, x1=834715146
P0, tp=9, ts=9, x0=547586130
P1, tp=9, ts=9, x0=881796676, x1=167875128
P0, tp=9, ts=9, x0=602766125
P0, tp=9, ts=9, x0=303568015
P2, tp=9, ts=9, x0=84442014
P2, tp=9, ts=9, x0=590105816
P1, tp=9, ts=9, x0=646025175, x1=58062291
P2, tp=9, ts=9, x0=728849411
P1, tp=9, ts=9, x0=362221548, x1=688034261
P0, tp=9, ts=9, x0=267454127
P3, tp=9, ts=9, x0=833620160
P1, tp=9, ts=9, x0=79867053, x1=787956711
P2, tp=9, ts=9, x0=698594874
P3, tp=9, ts=9, x0=888298418
P0, tp=9, ts=9, x0=591400030
P2, tp=9, ts=9, x0=192852983
P0, tp=9, ts=9, x0=857347262
P1, tp=9, ts=9, x0=682778204, x1=806096339
P1, tp=9, ts=9, x0=147627260, x1=190931507
P3, tp=9, ts=9, x0=646025175
P3, tp=9, ts=9, x0=226097377
P0, tp=9, ts=9, x0=540617402
P0, tp=9, ts=9, x0=772324848
P2, tp=9, ts=9, x0=806096339
P3, tp=9, ts=9, x0=303568015
P1, tp=9, ts=9, x0=192852983, x1=433776648
P0, tp=9, ts=9, x0=542161672
P3, tp=9, ts=9, x0=542161672
P2, tp=9, ts=9, x0=433776648
P2, tp=9, ts=9, x0=147627260
P0, tp=9, ts=9, x0=72384031
P2, tp=9, ts=9, x0=28819871
P3, tp=9, ts=9, x0=25267752
P3, tp=9, ts=9, x0=849164521
P1, tp=9, ts=9, x0=547586130, x1=613351301
P3, tp=9, ts=9, x0=58062291
P2, tp=9, ts=9, x0=147627260
P2, tp=9, ts=9, x0=42311534
P0, tp=9, ts=9, x0=242032255
P0, tp=9, ts=9, x0=893495619
P3, tp=9, ts=9, x0=79867053
P3, tp=9, ts=9, x0=84442014
P2, tp=9, ts=9, x0=398214030
P3, tp=9, ts=9, x0=190931507
P0, tp=9, ts=9, x0=677585855
P1, tp=9, ts=9, x0=457535301, x1=267454127
P3, tp=9, ts=9, x0=728512992
P0, tp=9, ts=9, x0=787956711
P0, tp=9, ts=9, x0=957551273
P0, tp=9, ts=9, x0=276542770
P1, tp=9, ts=9, x0=49121881, x1=766005847
P0, tp=9, ts=9, x0=624226062
P0, tp=9, ts=9, x0=698594874
P1, tp=9, ts=9, x0=6915445, x1=71957095
P0, tp=9, ts=9, x0=677585855
P3, tp=9, ts=9, x0=790023925
P0, tp=9, ts=9, x0=948082647
P3, tp=9, ts=9, x0=166616719
P2, tp=9, ts=9, x0=772324848
P1, tp=9, ts=9, x0=398500191, x1=688034261
P2, tp=9, ts=9, x0=398500191
P2, tp=9, ts=9, x0=25267752
P1, tp=9, ts=9, x0=12242492, x1=502170321
P2, tp=9, ts=9, x0=75858449
P1, tp=9, ts=9, x0=126920741, x1=310436376
P1, tp=9, ts=9, x0=766005847, x1=208156209
P1, tp=9, ts=9, x0=682778204, x1=311303366
P3, tp=9, ts=9, x0=624226062
P3, tp=9, ts=9, x0=311303366
P1, tp=9, ts=9, x0=982763553, x1=565578745
P2, tp=9, ts=9, x0=393390495
P1, tp=9, ts=9, x0=547586130, x1=373013108
P2, tp=9, ts=9, x0=42311534
P1, tp=9, ts=9, x0=547586130, x1=5072330
P0, tp=9, ts=9, x0=547586130
P2, tp=9, ts=9, x0=208156209
P0, tp=9, ts=9, x0=552357329
P0, tp=9, ts=9, x0=964189489
P3, tp=9, ts=9, x0=433776648
P3, tp=9, ts=9, x0=433776648
P1, tp=9, ts=9, x0=79867053, x1=267454127
P3, tp=9, ts=9, x0=484111673
P3, tp=9, ts=9, x0=613351301
P3, tp=9, ts=9, x0=6915445
P0, tp=9, ts=9, x0=710501673
P1, tp=9, ts=9, x0=790023925, x1=276542770
P3, tp=9, ts=9, x0=857347262
P1, tp=9, ts=9, x0=182591019, x1=978301447
P0, tp=9, ts=9, x0=982763553
P1, tp=9, ts=9, x0=795300578, x1=494890671
P2, tp=9, ts=9, x0=362221548
P1, tp=9, ts=9, x0=362221548, x1=192852983
P0, tp=9, ts=9, x0=192852983
P2, tp=9, ts=9, x0=499799366
P1, tp=9, ts=9, x0=610877567, x1=540617402
P0, tp=9, ts=9, x0=862705202
P3, tp=9, ts=9, x0=30812942
P2, tp=9, ts=9, x0=530157450
P1, tp=9, ts=9, x0=957551273, x1=484111673
P1, tp=9, ts=9, x0=30812942, x1=79867053
P1, tp=9, ts=9, x0=496265552, x1=547586130
P0, tp=9, ts=9, x0=433776648
P0, tp=9, ts=9, x0=6915445
P0, tp=9, ts=9, x0=834715146
P2, tp=9, ts=9, x0=373013108
P3, tp=9, ts=9, x0=847910387
P0, tp=9, ts=9, x0=834715146
P3, tp=9, ts=9, x0=413688358
P2, tp=9, ts=9, x0=218776740
P0, tp=9, ts=9, x0=167875128
P0, tp=9, ts=9, x0=25267752
P2, tp=9, ts=9, x0=131178659
P0, tp=9, ts=9, x0=520734236
P3, tp=9, ts=9, x0=787956711
P1, tp=9, ts=9, x0=888298418, x1=591400030
P3, tp=9, ts=9, x0=520734236
P0, tp=9, ts=9, x0=509290376
P3, tp=9, ts=9, x0=459789883
P1, tp=9, ts=9, x0=459789883, x1=192852983
P2, tp=9, ts=9, x0=502170321
P2, tp=9, ts=9, x0=362221548
P2, tp=9, ts=9, x0=728849411
P1, tp=9, ts=9, x0=772324848, x1=980666952
P3, tp=9, ts=9, x0=849164521
P3, tp=9, ts=9, x0=849164521
P1, tp=9, ts=9, x0=131178659, x1=806096339
P0, tp=9, ts=9, x0=190931507
P2, tp=9, ts=9, x0=833620160
P3, tp=9, ts=9, x0=613351301
P0, tp=9, ts=9, x0=957551273
P1, tp=9, ts=9, x0=208251083, x1=311303366
P3, tp=9, ts=9, x0=806096339
P3, tp=9, ts=9, x0=547586130
P0, tp=9, ts=9, x0=218776740
P3, tp=9, ts=9, x0=766005847
P0, tp=9, ts=9, x0=167875128
P0, tp=9, ts=9, x0=49121881
P2, tp=9, ts=9, x0=509290376
P0, tp=9, ts=9, x0=362221548
P2, tp=9, ts=9, x0=295992551
P0, tp=9, ts=9, x0=665027710
P2, tp=9, ts=9, x0=126920741
P2, tp=9, ts=9, x0=502170321
P0, tp=9, ts=9, x0=552357329
P1, tp=9, ts=9, x0=28819871, x1=267454127
P3, tp=9, ts=9, x0=167875128
P1, tp=9, ts=9, x0=542161672, x1=980666952
P0, tp=9, ts=9, x0=595528183
P1, tp=9, ts=9, x0=242032255, x1=28819871
P0, tp=9, ts=9, x0=741587037
P1, tp=9, ts=9, x0=354548238, x1=459789883
P0, tp=9, ts=9, x0=267454127
P2, tp=9, ts=9, x0=208156209
P1, tp=9, ts=9, x0=5072330, x1=126920741
P0, tp=9, ts=9, x0=255444474
P0, tp=9, ts=9, x0=565578745
P1, tp=9, ts=9, x0=126920741, x1=646025175
P3, tp=9, ts=9, x0=766005847
P2, tp=9, ts=9, x0=542161672
P3, tp=9, ts=9, x0=397231860
P3, tp=9, ts=9, x0=552357329
P3, tp=9, ts=9, x0=373013108
P0, tp=9, ts=9, x0=71957095
P0, tp=9, ts=9, x0=948082647
P3, tp=9, ts=9, x0=677585855
P0, tp=9, ts=9, x0=595528183
P3, tp=9, ts=9, x0=42311534
P3, tp=9, ts=9, x0=42311534
P1, tp=9, ts=9, x0=199794810, x1=741587037
P0, tp=9, ts=9, x0=310436376
P2, tp=9, ts=9, x0=460316739
P2, tp=9, ts=9, x0=710501673
P2, tp=9, ts=9, x0=598603463
P0, tp=9, ts=9, x0=208156209
P0, tp=9, ts=9, x0=834715146
P0, tp=9, ts=9, x0=882599041
P0, tp=9, ts=9, x0=460316739
P2, tp=9, ts=9, x0=370647601
P0, tp=9, ts=9, x0=595528183
P0, tp=9, ts=9, x0=676568007
P1, tp=9, ts=9, x0=881796676, x1=520734236
P2, tp=9, ts=9, x0=590105816
P3, tp=9, ts=9, x0=540617402
P1, tp=9, ts=9, x0=552357329, x1=199794810
P0, tp=9, ts=9, x0=957551273
P1, tp=9, ts=9, x0=393390495, x1=267454127
P2, tp=9, ts=9, x0=540617402
P1, tp=9, ts=9, x0=809260180, x1=710501673
P2, tp=9, ts=9, x0=862705202
P1, tp=9, ts=9, x0=540617402, x1=167875128
P3, tp=9, ts=9, x0=978301447
P0, tp=9, ts=9, x0=397231860
P2, tp=9, ts=9, x0=646025175
P3, tp=9, ts=9, x0=677585855
P2, tp=9, ts=9, x0=589870243
P0, tp=9, ts=9, x0=311303366
P0, tp=9, ts=9, x0=982763553
P2, tp=9, ts=9, x0=182591019
P3, tp=9, ts=9, x0=393390495
P3, tp=9, ts=9, x0=530157450
P0, tp=9, ts=9, x0=787956711
P2, tp=9, ts=9, x0=192852983
P2, tp=9, ts=9, x0=741587037
P2, tp=9, ts=9, x0=393390495
P1, tp=9, ts=9, x0=857347262, x1=741587037
P1, tp=9, ts=9, x0=590105816, x1=79867053
P0, tp=9, ts=9, x0=370647601
P2, tp=9, ts=9, x0=502170321
P0, tp=9, ts=9, x0=166616719
P2, tp=9, ts=9, x0=948082647
P3, tp=9, ts=9, x0=126920741
P1, tp=9, ts=9, x0=255444474, x1=459789883
P2, tp=9, ts=9, x0=182591019
P0, tp=9, ts=9, x0=71957095
P1, tp=9, ts=9, x0=847910387, x1=6915445
P2, tp=9, ts=9, x0=862705202
P0, tp=9, ts=9, x0=646025175
P3, tp=9, ts=9, x0=190931507
P1, tp=9, ts=9, x0=613351301, x1=346360137
P1, tp=9, ts=9, x0=595528183, x1=71957095
P0, tp=9, ts=9, x0=530157450
P0, tp=9, ts=9, x0=66624808
P2, tp=9, ts=9, x0=881796676
P1, tp=9, ts=9, x0=346360137, x1=398214030
P0, tp=9, ts=9, x0=397231860
P1, tp=9, ts=9, x0=747365086, x1=747365086
P2, tp=9, ts=9, x0=565578745
P0, tp=9, ts=9, x0=882599041
P3, tp=9, ts=9, x0=520734236
P3, tp=9, ts=9, x0=980666952
P3, tp=9, ts=9, x0=809260180
P0, tp=9, ts=9, x0=646025175
P1, tp=9, ts=9, x0=532561243, x1=594748054
P0, tp=9, ts=9, x0=79867053
P3, tp=9, ts=9, x0=939086868
P1, tp=9, ts=9, x0=881796676, x1=613351301
P0, tp=9, ts=9, x0=747365086
P2, tp=9, ts=9, x0=460316739
P2, tp=9, ts=9, x0=589870243
P1, tp=9, ts=9, x0=849164521, x1=295992551
P0, tp=9, ts=9, x0=728849411
P0, tp=9, ts=9, x0=682778204
P0, tp=9, ts=9, x0=370647601
P0, tp=9, ts=9, x0=487342127
P1, tp=9, ts=9, x0=882599041, x1=964189489
P0, tp=9, ts=9, x0=665027710
P2, tp=9, ts=9, x0=460316739
P3, tp=9, ts=9, x0=276542770
P0, tp=9, ts=9, x0=334361633
P3, tp=9, ts=9, x0=334361633
P1, tp=9, ts=9, x0=71957095, x1=904959560
P2, tp=9, ts=9, x0=71957095
P3, tp=9, ts=9, x0=393390495
P0, tp=9, ts=9, x0=49121881
P0, tp=9, ts=9, x0=28819871
P3, tp=9, ts=9, x0=957551273
P3, tp=9, ts=9, x0=530157450
P2, tp=9, ts=9, x0=166616719
P3, tp=9, ts=9, x0=640445397
P1, tp=9, ts=9, x0=255444474, x1=460316739
P0, tp=9, ts=9, x0=498500167
P0, tp=9, ts=9, x0=900111287
P0, tp=9, ts=9, x0=406319105
P3, tp=9, ts=9, x0=192852983
P2, tp=9, ts=9, x0=939086868
P1, tp=9, ts=9, x0=598603463, x1=79867053
P2, tp=9, ts=9, x0=393390495
P0, tp=9, ts=9, x0=980666952
P0, tp=9, ts=9, x0=276090558
P2, tp=9, ts=9, x0=199794810
P2, tp=9, ts=9, x0=192852983
P0, tp=9, ts=9, x0=982763553
P0, tp=9, ts=9, x0=982763553
P0, tp=9, ts=9, x0=547586130
P1, tp=9, ts=9, x0=460316739, x1=192852983
P0, tp=9, ts=9, x0=610877567
P0, tp=9, ts=9, x0=373013108
P1, tp=9, ts=9, x0=6915445, x1=276542770
P1, tp=9, ts=9, x0=790023925, x1=547586130
P1, tp=9, ts=9, x0=311303366, x1=49121881
P1, tp=9, ts=9, x0=598603463, x1=682778204
P0, tp=9, ts=9, x0=532561243
P2, tp=9, ts=9, x0=664397662
P3, tp=9, ts=9, x0=131178659
P3, tp=9, ts=9, x0=6915445
P0, tp=9, ts=9, x0=436938468
P0, tp=9, ts=9, x0=509290376
P3, tp=9, ts=9, x0=71957095
P3, tp=9, ts=9, x0=276542770
P1, tp=9, ts=9, x0=881796676, x1=380265205
P2, tp=9, ts=9, x0=499799366
P0, tp=9, ts=9, x0=22164998
P1, tp=9, ts=9, x0=311303366, x1=317512087
P0, tp=9, ts=9, x0=397231860
P0, tp=9, ts=9, x0=964189489
P0, tp=9, ts=9, x0=542161672
P0, tp=9, ts=9, x0=520734236
P1, tp=9, ts=9, x0=182591019, x1=565578745
P1, tp=9, ts=9, x0=679990303, x1=373013108
P1, tp=9, ts=9, x0=710501673, x1=487342127
P1, tp=9, ts=9, x0=847910387, x1=881796676
P3, tp=9, ts=9, x0=809260180
P1, tp=9, ts=9, x0=397231860, x1=190931507
P0, tp=9, ts=9, x0=806096339
P3, tp=9, ts=9, x0=413688358
P2, tp=9, ts=9, x0=833620160
P1, tp=9, ts=9, x0=192852983, x1=900111287
P1, tp=9, ts=9, x0=530157450, x1=276090558
P3, tp=9, ts=9, x0=542161672
P3, tp=9, ts=9, x0=778896774
P1, tp=9, ts=9, x0=341739853, x1=862705202
P1, tp=9, ts=9, x0=939086868, x1=833620160
P0, tp=9, ts=9, x0=980666952
P0, tp=9, ts=9, x0=595528183
P3, tp=9, ts=9, x0=413688358
P3, tp=9, ts=9, x0=790023925
P0, tp=9, ts=9, x0=565578745
P0, tp=9, ts=9, x0=380265205
P0, tp=9, ts=9, x0=881796676
P3, tp=9, ts=9, x0=676568007
P0, tp=9, ts=9, x0=613351301
P2, tp=9, ts=9, x0=676568007
P0, tp=9, ts=9, x0=459789883
P1, tp=9, ts=9, x0=710501673, x1=22164998
P1, tp=9, ts=9, x0=646025175, x1=398500191
P0, tp=9, ts=9, x0=370647601
P0, tp=9, ts=9, x0=857347262
P1, tp=9, ts=9, x0=208156209, x1=833620160
P2, tp=9, ts=9, x0=849164521
P3, tp=9, ts=9, x0=646025175
P0, tp=9, ts=9, x0=530157450
P0, tp=9, ts=9, x0=398214030
P2, tp=9, ts=9, x0=422962173
P2, tp=9, ts=9, x0=904959560
P2, tp=9, ts=9, x0=747365086
P2, tp=9, ts=9, x0=939086868
P2, tp=9, ts=9, x0=565578745
P1, tp=9, ts=9, x0=509290376, x1=460316739
P3, tp=9, ts=9, x0=276090558
P2, tp=9, ts=9, x0=496265552
P3, tp=9, ts=9, x0=317512087
P0, tp=9, ts=9, x0=66624808
P2, tp=9, ts=9, x0=816016374
P0, tp=9, ts=9, x0=698594874
P3, tp=9, ts=9, x0=398214030
P1, tp=9, ts=9, x0=790023925, x1=267454127
P3, tp=9, ts=9, x0=166616719
P1, tp=9, ts=9, x0=857347262, x1=182591019
P0, tp=9, ts=9, x0=131178659
P3, tp=9, ts=9, x0=75858449
P3, tp=9, ts=9, x0=276542770
P0, tp=9, ts=9, x0=436938468
P0, tp=9, ts=9, x0=398214030
P1, tp=9, ts=9, x0=624226062, x1=498500167
P1, tp=9, ts=9, x0=747365086, x1=772324848
P3, tp=9, ts=9, x0=334361633
P1, tp=9, ts=9, x0=380265205, x1=904959560
P2, tp=9, ts=9, x0=881796676
P2, tp=9, ts=9, x0=809260180
P1, tp=9, ts=9, x0=393390495, x1=22164998
P2, tp=9, ts=9, x0=982763553
P0, tp=9, ts=9, x0=810714515
P1, tp=9, ts=9, x0=812701956, x1=276090558
P2, tp=9, ts=9, x0=346360137
P0, tp=9, ts=9, x0=881796676
P0, tp=9, ts=9, x0=665027710
P2, tp=9, ts=9, x0=547586130
P3, tp=9, ts=9, x0=276090558
P1, tp=9, ts=9, x0=498500167, x1=375398502
P3, tp=9, ts=9, x0=502170321
P3, tp=9, ts=9, x0=849164521
P0, tp=9, ts=9, x0=871612014
P1, tp=9, ts=9, x0=646025175, x1=397231860
P0, tp=9, ts=9, x0=498500167
P2, tp=9, ts=9, x0=346360137
P0, tp=9, ts=9, x0=496265552
P2, tp=9, ts=9, x0=871612014
P3, tp=9, ts=9, x0=436938468
P2, tp=9, ts=9, x0=30812942
P1, tp=9, ts=9, x0=847910387, x1=498500167
P1, tp=9, ts=9, x0=276090558, x1=370647601
P1, tp=9, ts=9, x0=226097377, x1=849164521
P1, tp=9, ts=9, x0=975199151, x1=809260180
P2, tp=9, ts=9, x0=303568015
P3, tp=9, ts=9, x0=22164998
P3, tp=9, ts=9, x0=590105816
P0, tp=9, ts=9, x0=120239891
P0, tp=9, ts=9, x0=610877567
P1, tp=9, ts=9, x0=547586130, x1=532561243
P3, tp=9, ts=9, x0=939086868
P2, tp=9, ts=9, x0=218776740
P1, tp=9, ts=9, x0=900111287, x1=199794810
P1, tp=9, ts=9, x0=640445397, x1=598603463
P3, tp=9, ts=9, x0=790023925
P2, tp=9, ts=9, x0=499799366
P1, tp=9, ts=9, x0=120239891, x1=317512087
P2, tp=9, ts=9, x0=710501673
P1, tp=9, ts=9, x0=192852983, x1=157954015
P2, tp=9, ts=9, x0=11500481
P1, tp=9, ts=9, x0=460316739, x1=311303366
P0, tp=9, ts=9, x0=530157450
P0, tp=9, ts=9, x0=547586130
P0, tp=9, ts=9, x0=255444474
P1, tp=9, ts=9, x0=370647601, x1=594748054
P2, tp=9, ts=9, x0=11500481
P3, tp=9, ts=9, x0=338033406
P2, tp=9, ts=9, x0=975199151
P1, tp=9, ts=9, x0=698594874, x1=406319105
P1, tp=9, ts=9, x0=532561243, x1=721943022
P1, tp=9, ts=9, x0=833620160, x1=677585855
P0, tp=9, ts=9, x0=964189489
P3, tp=9, ts=9, x0=334361633
P3, tp=9, ts=9, x0=311303366
P3, tp=9, ts=9, x0=157954015
P3, tp=9, ts=9, x0=540617402
P3, tp=9, ts=9, x0=75858449
P1, tp=9, ts=9, x0=334361633, x1=565578745
P0, tp=9, ts=9, x0=530157450
P0, tp=9, ts=9, x0=980666952
P3, tp=9, ts=9, x0=679990303
P2, tp=9, ts=9, x0=646025175
P0, tp=9, ts=9, x0=964189489
P1, tp=9, ts=9, x0=747365086, x1=778896774
P1, tp=9, ts=9, x0=199794810, x1=787956711
P1, tp=9, ts=9, x0=646025175, x1=847910387
P3, tp=9, ts=9, x0=346360137
P1, tp=9, ts=9, x0=939086868, x1=49121881
P3, tp=9, ts=9, x0=595528183
P2, tp=9, ts=9, x0=721943022
P1, tp=9, ts=9, x0=49121881, x1=871612014
P0, tp=9, ts=9, x0=460316739
P0, tp=9, ts=9, x0=192852983
P1, tp=9, ts=9, x0=613351301, x1=664397662
P1, tp=9, ts=9, x0=598603463, x1=676568007
P0, tp=9, ts=9, x0=546559397
P3, tp=9, ts=9, x0=311303366
P1, tp=9, ts=9, x0=741587037, x1=787956711
P2, tp=9, ts=9, x0=772324848
P0, tp=9, ts=9, x0=530157450
P3, tp=9, ts=9, x0=487342127
P2, tp=9, ts=9, x0=833620160
P2, tp=9, ts=9, x0=812701956
P0, tp=9, ts=9, x0=636211877
P1, tp=9, ts=9, x0=509290376, x1=380265205
P3, tp=9, ts=9, x0=975199151
P2, tp=9, ts=9, x0=957551273
P2, tp=9, ts=9, x0=741587037
P2, tp=9, ts=9, x0=131178659
P3, tp=9, ts=9, x0=853467632
P3, tp=9, ts=9, x0=267454127
P1, tp=9, ts=9, x0=311303366, x1=847910387
P2, tp=9, ts=9, x0=741587037
P2, tp=9, ts=9, x0=957822944
P3, tp=9, ts=9, x0=303568015
P2, tp=9, ts=9, x0=957822944
P2, tp=9, ts=9, x0=71957095
P3, tp=9, ts=9, x0=532561243
P1, tp=9, ts=9, x0=922311462, x1=628408378
P1, tp=9, ts=9, x0=747365086, x1=871612014
P2, tp=9, ts=9, x0=346360137
P3, tp=9, ts=9, x0=853467632
P1, tp=9, ts=9, x0=594748054, x1=816016374
P0, tp=9, ts=9, x0=757206859
P1, tp=9, ts=9, x0=354548238, x1=11500481
P1, tp=9, ts=9, x0=509290376, x1=79867053
P1, tp=9, ts=9, x0=30812942, x1=49121881
P0, tp=9, ts=9, x0=809260180
P2, tp=9, ts=9, x0=833620160
P3, tp=9, ts=9, x0=406319105
P2, tp=9, ts=9, x0=459789883
P2, tp=9, ts=9, x0=499799366
P3, tp=9, ts=9, x0=49121881
P1, tp=9, ts=9, x0=679990303, x1=120239891
P0, tp=9, ts=9, x0=646025175
P3, tp=9, ts=9, x0=199794810
P1, tp=9, ts=9, x0=79867053, x1=498500167
P3, tp=9, ts=9, x0=22164998
P3, tp=9, ts=9, x0=192852983
P0, tp=9, ts=9, x0=628408378
P1, tp=9, ts=9, x0=957551273, x1=218776740
P1, tp=9, ts=9, x0=120239891, x1=354548238
P3, tp=9, ts=9, x0=226097377
P2, tp=9, ts=9, x0=610877567
P2, tp=9, ts=9, x0=370647601
P3, tp=9, ts=9, x0=462979794
P1, tp=9, ts=9, x0=939086868, x1=375398502
P0, tp=9, ts=9, x0=226097377
P2, tp=9, ts=9, x0=849164521
P2, tp=9, ts=9, x0=373013108
P3, tp=9, ts=9, x0=646025175
P1, tp=9, ts=9, x0=948082647, x1=370926989
P0, tp=9, ts=9, x0=741587037
P1, tp=9, ts=9, x0=484111673, x1=809260180
P3, tp=9, ts=9, x0=5072330
P3, tp=9, ts=9, x0=341739853
P3, tp=9, ts=9, x0=532561243
P1, tp=9, ts=9, x0=38675433, x1=957822944
P2, tp=9, ts=9, x0=502170321
P2, tp=9, ts=9, x0=157954015
P0, tp=9, ts=9, x0=192852983
P1, tp=9, ts=9, x0=413688358, x1=30812942
P3, tp=9, ts=9, x0=372373354
P1, tp=9, ts=9, x0=267454127, x1=375398502
P1, tp=9, ts=9, x0=166616719, x1=267454127
P1, tp=9, ts=9, x0=676568007, x1=267454127
P1, tp=9, ts=9, x0=679990303, x1=38675433
P2, tp=9, ts=9, x0=276090558
P0, tp=9, ts=9, x0=624226062
P0, tp=9, ts=9, x0=49121881
P1, tp=9, ts=9, x0=157954015, x1=790023925
P2, tp=9, ts=9, x0=970798799
P0, tp=9, ts=9, x0=338033406
P2, tp=9, ts=9, x0=370647601
P1, tp=9, ts=9, x0=373013108, x1=721943022
P1, tp=9, ts=9, x0=520734236, x1=267454127
P1, tp=9, ts=9, x0=199794810, x1=833620160
P1, tp=9, ts=9, x0=594748054, x1=226097377
P2, tp=9, ts=9, x0=375398502
P2, tp=9, ts=9, x0=334361633
P3, tp=9, ts=9, x0=375398502
P2, tp=9, ts=9, x0=460316739
P3, tp=9, ts=9, x0=679990303
P3, tp=9, ts=9, x0=22164998
P0, tp=9, ts=9, x0=565578745
P3, tp=9, ts=9, x0=790023925
P0, tp=9, ts=9, x0=157954015
P0, tp=9, ts=9, x0=982763553
P3, tp=9, ts=9, x0=338033406
P2, tp=9, ts=9, x0=957822944
P1, tp=9, ts=9, x0=964189489, x1=487342127
P2, tp=9, ts=9, x0=772324848
P0, tp=9, ts=9, x0=812701956
P2, tp=9, ts=9, x0=547586130
P2, tp=9, ts=9, x0=30812942
P3, tp=9, ts=9, x0=509290376
P3, tp=9, ts=9, x0=375398502
P1, tp=9, ts=9, x0=957822944, x1=565578745
P1, tp=9, ts=9, x0=948082647, x1=226097377
P0, tp=9, ts=9, x0=276090558
P2, tp=9, ts=9, x0=772324848
P2, tp=9, ts=9, x0=710501673
P0, tp=9, ts=9, x0=131178659
P3, tp=9, ts=9, x0=801440452
P1, tp=9, ts=9, x0=565578745, x1=29847090
P2, tp=9, ts=9, x0=644944876
P0, tp=9, ts=9, x0=484111673
P3, tp=9, ts=9, x0=679990303
P2, tp=9, ts=9, x0=206092724
P2, tp=9, ts=9, x0=199794810
P2, tp=9, ts=9, x0=809260180
P3, tp=9, ts=9, x0=353375641
P2, tp=9, ts=9, x0=980666952
P0, tp=9, ts=9, x0=206092724
P2, tp=9, ts=9, x0=354548238
P0, tp=9, ts=9, x0=370926989
P0, tp=9, ts=9, x0=413688358
P1, tp=9, ts=9, x0=459789883, x1=226097377
P1, tp=9, ts=9, x0=614282512, x1=757206859
P0, tp=9, ts=9, x0=790023925
P0, tp=9, ts=9, x0=6915445
P1, tp=9, ts=9, x0=22164998, x1=931522374
P0, tp=9, ts=9, x0=206092724
P0, tp=9, ts=9, x0=29847090
P2, tp=9, ts=9, x0=754974279
P2, tp=9, ts=9, x0=598603463
P2, tp=9, ts=9, x0=624226062
P1, tp=9, ts=9, x0=679990303, x1=353375641
P1, tp=9, ts=9, x0=636211877, x1=208251083
P0, tp=9, ts=9, x0=614282512
P2, tp=9, ts=9, x0=665027710
P3, tp=9, ts=9, x0=900111287
P0, tp=9, ts=9, x0=747365086
P2, tp=9, ts=9, x0=833620160
P2, tp=9, ts=9, x0=477582209
P1, tp=9, ts=9, x0=778896774, x1=636211877
P2, tp=9, ts=9, x0=11500481
P0, tp=9, ts=9, x0=6915445
P1, tp=9, ts=9, x0=509290376, x1=833620160
P2, tp=9, ts=9, x0=636211877
P1, tp=9, ts=9, x0=157954015, x1=484111673
P2, tp=9, ts=9, x0=38675433
P2, tp=9, ts=9, x0=131178659
P1, tp=9, ts=9, x0=126920741, x1=502170321
P2, tp=9, ts=9, x0=413688358
P3, tp=9, ts=9, x0=218776740
P0, tp=9, ts=9, x0=192852983
P0, tp=9, ts=9, x0=370647601
P3, tp=9, ts=9, x0=370647601
P3, tp=9, ts=9, x0=22164998
P0, tp=9, ts=9, x0=393390495
P1, tp=9, ts=9, x0=975199151, x1=624226062
P0, tp=9, ts=9, x0=502170321
P0, tp=9, ts=9, x0=206092724
P3, tp=9, ts=9, x0=665027710
P0, tp=9, ts=9, x0=398214030
P2, tp=9, ts=9, x0=812701956
P1, tp=9, ts=9, x0=624226062, x1=665027710
P0, tp=9, ts=9, x0=542161672
P3, tp=9, ts=9, x0=226097377
P2, tp=9, ts=9, x0=199794810
P2, tp=9, ts=9, x0=931522374
P0, tp=9, ts=9, x0=346360137
P0, tp=9, ts=9, x0=459789883
P1, tp=9, ts=9, x0=338033406, x1=71957095
P1, tp=9, ts=9, x0=75858449, x1=594748054
P2, tp=9, ts=9, x0=809260180
P0, tp=9, ts=9, x0=757206859
P3, tp=9, ts=9, x0=520734236
P3, tp=9, ts=9, x0=208156209
P1, tp=9, ts=9, x0=551357508, x1=509290376
P0, tp=9, ts=9, x0=459789883
P1, tp=9, ts=9, x0=192852983, x1=754974279
P2, tp=9, ts=9, x0=980666952
P2, tp=9, ts=9, x0=71591318
P1, tp=9, ts=9, x0=413688358, x1=22164998
P2, tp=9, ts=9, x0=754974279
P0, tp=9, ts=9, x0=787956711
P2, tp=9, ts=9, x0=668900161
P0, tp=9, ts=9, x0=964189489
P1, tp=9, ts=9, x0=38675433, x1=353375641
P2, tp=9, ts=9, x0=11500481
P1, tp=9, ts=9, x0=199794810, x1=598603463
P1, tp=9, ts=9, x0=66624808, x1=499799366
P1, tp=9, ts=9, x0=196820585, x1=847910387
P2, tp=9, ts=9, x0=398214030
P0, tp=9, ts=9, x0=665027710
P3, tp=9, ts=9, x0=120239891
P2, tp=9, ts=9, x0=509290376
P3, tp=9, ts=9, x0=338033406
P2, tp=9, ts=9, x0=970798799
P1, tp=9, ts=9, x0=22164998, x1=477582209
P0, tp=9, ts=9, x0=346360137
P3, tp=9, ts=9, x0=812701956
P0, tp=9, ts=9, x0=338033406
P3, tp=9, ts=9, x0=226097377
P3, tp=9, ts=9, x0=159591444
P1, tp=9, ts=9, x0=809260180, x1=196820585
P2, tp=9, ts=9, x0=847910387
P2, tp=9, ts=9, x0=757206859
P3, tp=9, ts=9, x0=957551273
P0, tp=9, ts=9, x0=484111673
P2, tp=9, ts=9, x0=546559397
P1, tp=9, ts=9, x0=166616719, x1=22164998
P2, tp=9, ts=9, x0=179640226
P2, tp=9, ts=9, x0=83689175
P3, tp=9, ts=9, x0=900111287
P1, tp=9, ts=9, x0=193844235, x1=551357508
P0, tp=9, ts=9, x0=747365086
P0, tp=9, ts=9, x0=741587037
P3, tp=9, ts=9, x0=810714515
P2, tp=9, ts=9, x0=809260180
P0, tp=9, ts=9, x0=812701956
