P1, tp=0, ts=0, x0=569872521, x1=373321178
P0, tp=0, ts=0
P1, tp=0, ts=0, x0=328515787, x1=587230719
P0, tp=0, ts=0
P2, tp=0, ts=0
P1, tp=0, ts=0, x0=559514287, x1=132139073
P1, tp=0, ts=0, x0=263078228, x1=703748452
P3, tp=0, ts=0, x0=70079853
P3, tp=0, ts=0, x0=947669864
P0, tp=0, ts=0
P0, tp=0, ts=0
P0, tp=0, ts=0
P3, tp=0, ts=0, x0=606967315
P2, tp=0, ts=0
P1, tp=0, ts=0, x0=790519442, x1=759454589
P0, tp=0, ts=0
P3, tp=0, ts=0, x0=943366250
P1, tp=0, ts=0, x0=485979946, x1=463275880
P3, tp=0, ts=0, x0=55280525
P1, tp=0, ts=0, x0=393602475, x1=386218870
P2, tp=0, ts=0
P0, tp=0, ts=0
P0, tp=0, ts=0
P3, tp=0, ts=0, x0=544727831
P2, tp=0, ts=0
P1, tp=0, ts=0, x0=196980072, x1=454158356
P0, tp=0, ts=0
P2, tp=0, ts=0
P0, tp=0, ts=0
P2, tp=0, ts=0
P1, tp=0, ts=0, x0=240156530, x1=762707131
P2, tp=0, ts=0
P3, tp=0, ts=0, x0=18709334
P2, tp=0, ts=0
P3, tp=0, ts=0, x0=228331474
P1, tp=0, ts=0, x0=843943083, x1=382513159
P2, tp=0, ts=0
P2, tp=0, ts=0
P1, tp=0, ts=0, x0=105778896, x1=602083814
P3, tp=0, ts=0, x0=136297361
P0, tp=0, ts=0
P1, tp=0, ts=0, x0=73269769, x1=665429171
P3, tp=0, ts=0, x0=332126636
P1, tp=0, ts=0, x0=95075313, x1=5126561
P2, tp=0, ts=0
P0, tp=0, ts=0
P1, tp=0, ts=0, x0=741139708, x1=63979174
P1, tp=0, ts=0, x0=648016028, x1=541053556
P0, tp=0, ts=0
P1, tp=0, ts=0, x0=10932329, x1=919034261
P2, tp=0, ts=0
P3, tp=0, ts=0, x0=543446181
P2, tp=0, ts=0
P0, tp=0, ts=0
P0, tp=0, ts=0
P1, tp=0, ts=0, x0=813891785, x1=941288943
P1, tp=0, ts=0, x0=461807606, x1=901589232
P3, tp=0, ts=0, x0=508738113
P0, tp=0, ts=0
P1, tp=0, ts=0, x0=367736408, x1=844775061
P1, tp=0, ts=0, x0=606113143, x1=263078228
P3, tp=0, ts=0, x0=559514287
P0, tp=0, ts=0
P1, tp=0, ts=0, x0=377301598, x1=55280525
P0, tp=0, ts=0
P0, tp=0, ts=0
P3, tp=0, ts=0, x0=759454589
P1, tp=0, ts=0, x0=843943083, x1=386218870
P3, tp=0, ts=0, x0=240156530
P2, tp=0, ts=0
P3, tp=0, ts=0, x0=373321178
P1, tp=0, ts=0, x0=263078228, x1=919034261
P1, tp=0, ts=0, x0=901589232, x1=544727831
P1, tp=0, ts=0, x0=105778896, x1=18709334
P3, tp=0, ts=0, x0=5126561
P2, tp=0, ts=0
P2, tp=0, ts=0
P2, tp=0, ts=0
P1, tp=0, ts=0, x0=559514287, x1=256810040
P1, tp=0, ts=0, x0=136297361, x1=463275880
P3, tp=0, ts=0, x0=569872521
P1, tp=0, ts=0, x0=70079853, x1=919034261
P1, tp=0, ts=0, x0=386218870, x1=95075313
P0, tp=0, ts=0
P3, tp=0, ts=0, x0=328515787
P3, tp=0, ts=0, x0=813891785
P0, tp=0, ts=0
P2, tp=0, ts=0
P1, tp=0, ts=0, x0=73269769, x1=602083814
P1, tp=0, ts=0, x0=73269769, x1=762707131
P2, tp=0, ts=0
P2, tp=0, ts=0
P0, tp=0, ts=0
P2, tp=0, ts=0
P1, tp=0, ts=0, x0=606967315, x1=23766626
P0, tp=0, ts=0
P2, tp=0, ts=0
P1, tp=0, ts=0, x0=240156530, x1=95075313
P2, tp=0, ts=0
P0, tp=0, ts=0
P0, tp=0, ts=0
P0, tp=0, ts=0
P0, tp=0, ts=0
P2, tp=0, ts=0
P2, tp=0, ts=0
P1, tp=0, ts=0, x0=759454589, x1=328515787
P0, tp=0, ts=0
P2, tp=0, ts=0
P3, tp=0, ts=0, x0=508738113
P1, tp=0, ts=0, x0=256810040, x1=606967315
P1, tp=0, ts=0, x0=485979946, x1=73269769
P1, tp=0, ts=0, x0=762707131, x1=240156530
P3, tp=0, ts=0, x0=196980072
P2, tp=0, ts=0
P1, tp=0, ts=0, x0=569872521, x1=382513159
P0, tp=0, ts=0
P3, tp=0, ts=0, x0=196980072
P2, tp=0, ts=0
P2, tp=0, ts=0
P3, tp=0, ts=0, x0=332126636
P3, tp=0, ts=0, x0=454158356
P3, tp=0, ts=0, x0=393602475
P0, tp=0, ts=0
P0, tp=0, ts=0
P1, tp=0, ts=0, x0=367736408, x1=762707131
P3, tp=0, ts=0, x0=602083814
P2, tp=0, ts=0
P1, tp=0, ts=0, x0=73269769, x1=228331474
P2, tp=0, ts=0
P1, tp=0, ts=0, x0=263078228, x1=508738113
P3, tp=0, ts=0, x0=373321178
P2, tp=0, ts=0
P1, tp=0, ts=0, x0=328515787, x1=703748452
P1, tp=0, ts=0, x0=332126636, x1=382513159
P2, tp=0, ts=0
P0, tp=0, ts=0
P1, tp=0, ts=0, x0=328515787, x1=263078228
P2, tp=0, ts=0
P2, tp=0, ts=0
P2, tp=0, ts=0
P1, tp=0, ts=0, x0=373321178, x1=941288943
P2, tp=0, ts=0
P2, tp=0, ts=0
P1, tp=0, ts=0, x0=813891785, x1=196980072
P1, tp=0, ts=0, x0=73269769, x1=662247677
P3, tp=0, ts=0, x0=332126636
P2, tp=0, ts=0
P2, tp=0, ts=0
P1, tp=0, ts=0, x0=70079853, x1=139116991
P1, tp=0, ts=0, x0=463275880, x1=843943083
P0, tp=0, ts=0
P3, tp=0, ts=0, x0=105778896
P3, tp=0, ts=0, x0=901589232
P0, tp=0, ts=0
P2, tp=0, ts=0
P2, tp=0, ts=0
P1, tp=0, ts=0, x0=751734655, x1=947669864
P1, tp=0, ts=0, x0=665429171, x1=686787631
P1, tp=0, ts=0, x0=373321178, x1=759454589
P3, tp=0, ts=0, x0=648016028
P1, tp=0, ts=0, x0=228331474, x1=790519442
P3, tp=0, ts=0, x0=943366250
P3, tp=0, ts=0, x0=643958897
P0, tp=0, ts=0
P1, tp=0, ts=0, x0=790519442, x1=18709334
P2, tp=0, ts=0
P3, tp=0, ts=0, x0=367736408
P2, tp=0, ts=0
P1, tp=0, ts=0, x0=454158356, x1=790519442
P2, tp=0, ts=0
P3, tp=0, ts=0, x0=901589232
P3, tp=0, ts=0, x0=643958897
P2, tp=0, ts=0
P3, tp=0, ts=0, x0=263078228
P2, tp=0, ts=0
P2, tp=0, ts=0
P0, tp=0, ts=0
P2, tp=0, ts=0
P1, tp=0, ts=0, x0=543446181, x1=857754764
P1, tp=0, ts=0, x0=617548455, x1=328515787
P2, tp=0, ts=0
P1, tp=0, ts=0, x0=73269769, x1=196980072
P2, tp=0, ts=0
P2, tp=0, ts=0
P1, tp=0, ts=0, x0=332126636, x1=703748452
P0, tp=0, ts=0
P2, tp=0, ts=0
P3, tp=0, ts=0, x0=10932329
P1, tp=0, ts=0, x0=703748452, x1=544727831
P0, tp=0, ts=0
P1, tp=0, ts=0, x0=541053556, x1=587230719
P3, tp=0, ts=0, x0=403791106
P0, tp=0, ts=0
P3, tp=0, ts=0, x0=662247677
P1, tp=0, ts=0, x0=759454589, x1=984364160
P0, tp=0, ts=0
P2, tp=0, ts=0
P3, tp=0, ts=0, x0=240156530
P3, tp=0, ts=0, x0=136297361
P1, tp=0, ts=0, x0=759454589, x1=662247677
P2, tp=0, ts=0
P3, tp=0, ts=0, x0=901589232
P0, tp=0, ts=0
P1, tp=0, ts=0, x0=328515787, x1=844775061
P0, tp=0, ts=0
P1, tp=0, ts=0, x0=703748452, x1=240156530
P0, tp=0, ts=0
P2, tp=0, ts=0
P0, tp=0, ts=0
P1, tp=0, ts=0, x0=23766626, x1=758027912
P1, tp=0, ts=0, x0=461807606, x1=943366250
P3, tp=0, ts=0, x0=139116991
P0, tp=0, ts=0
P0, tp=0, ts=0
P2, tp=0, ts=0
P1, tp=0, ts=0, x0=196980072, x1=606967315
P2, tp=0, ts=0
P0, tp=0, ts=0
P0, tp=0, ts=0
P0, tp=0, ts=0
P3, tp=0, ts=0, x0=332126636
P2, tp=0, ts=0
P3, tp=0, ts=0, x0=240156530
P1, tp=0, ts=0, x0=70079853, x1=240156530
P3, tp=0, ts=0, x0=919034261
P0, tp=0, ts=0
P3, tp=0, ts=0, x0=941288943
P2, tp=0, ts=0
P2, tp=0, ts=0
P0, tp=0, ts=0
P0, tp=0, ts=0
P3, tp=0, ts=0, x0=703748452
P3, tp=0, ts=0, x0=587230719
P2, tp=0, ts=0
P1, tp=0, ts=0, x0=5126561, x1=686787631
P3, tp=0, ts=0, x0=136297361
P2, tp=0, ts=0
P1, tp=0, ts=0, x0=263078228, x1=757209921
P3, tp=0, ts=0, x0=256810040
P2, tp=0, ts=0
P0, tp=0, ts=0
P2, tp=0, ts=0
P1, tp=0, ts=0, x0=741139708, x1=433279970
P1, tp=0, ts=0, x0=240156530, x1=662247677
P1, tp=0, ts=0, x0=332126636, x1=759454589
P2, tp=0, ts=0
P0, tp=0, ts=0
P0, tp=0, ts=0
P2, tp=0, ts=0
P0, tp=0, ts=0
P1, tp=0, ts=0, x0=485979946, x1=454158356
P3, tp=0, ts=0, x0=686787631
P1, tp=0, ts=0, x0=95075313, x1=73269769
P3, tp=0, ts=0, x0=210783647
P3, tp=0, ts=0, x0=73269769
P1, tp=0, ts=0, x0=952201501, x1=844775061
P0, tp=0, ts=0
P1, tp=0, ts=0, x0=952201501, x1=132139073
P3, tp=0, ts=0, x0=643958897
P0, tp=0, ts=0
P2, tp=0, ts=0
P1, tp=0, ts=0, x0=741139708, x1=941288943
P1, tp=0, ts=0, x0=812341899, x1=790519442
P3, tp=0, ts=0, x0=617548455
P3, tp=0, ts=0, x0=790519442
P1, tp=0, ts=0, x0=606113143, x1=508738113
P0, tp=0, ts=0
P2, tp=0, ts=0
P2, tp=0, ts=0
P2, tp=0, ts=0
P1, tp=0, ts=0, x0=606113143, x1=55280525
P0, tp=0, ts=0
P0, tp=0, ts=0
P1, tp=0, ts=0, x0=403791106, x1=751734655
P3, tp=0, ts=0, x0=541053556
P0, tp=0, ts=0
P2, tp=0, ts=0
P2, tp=0, ts=0
P2, tp=0, ts=0
P1, tp=0, ts=0, x0=947669864, x1=662247677
P1, tp=0, ts=0, x0=947669864, x1=857754764
P0, tp=0, ts=0
P0, tp=0, ts=0
P1, tp=0, ts=0, x0=588626817, x1=55280525
P0, tp=0, ts=0
P3, tp=0, ts=0, x0=606967315
P2, tp=0, ts=0
P3, tp=0, ts=0, x0=947669864
P1, tp=0, ts=0, x0=633022027, x1=433279970
P1, tp=0, ts=0, x0=132139073, x1=602083814
P1, tp=0, ts=0, x0=555498105, x1=617548455
P0, tp=0, ts=0
P1, tp=0, ts=0, x0=559514287, x1=588626817
P2, tp=0, ts=0
P0, tp=0, ts=0
P0, tp=0, ts=0
P2, tp=0, ts=0
P3, tp=0, ts=0, x0=758027912
P3, tp=0, ts=0, x0=901589232
P1, tp=0, ts=0, x0=543446181, x1=844775061
P3, tp=0, ts=0, x0=751734655
P2, tp=0, ts=0
P3, tp=0, ts=0, x0=943366250
P2, tp=0, ts=0
P2, tp=0, ts=0
P1, tp=0, ts=0, x0=673109887, x1=947669864
P3, tp=0, ts=0, x0=648016028
P1, tp=0, ts=0, x0=386218870, x1=373321178
P1, tp=0, ts=0, x0=132139073, x1=508738113
P1, tp=0, ts=0, x0=758027912, x1=941288943
P2, tp=0, ts=0
P1, tp=0, ts=0, x0=308103836, x1=463275880
P3, tp=0, ts=0, x0=602083814
P0, tp=0, ts=0
P2, tp=0, ts=0
P2, tp=0, ts=0
P2, tp=0, ts=0
P1, tp=0, ts=0, x0=393602475, x1=543446181
P3, tp=0, ts=0, x0=853493634
P3, tp=0, ts=0, x0=843943083
P0, tp=0, ts=0
P2, tp=0, ts=0
P0, tp=0, ts=0
P3, tp=0, ts=0, x0=139116991
P3, tp=0, ts=0, x0=242370524
P1, tp=0, ts=0, x0=63979174, x1=606113143
P3, tp=0, ts=0, x0=377301598
P2, tp=0, ts=0
P0, tp=0, ts=0
P3, tp=0, ts=0, x0=961497110
P1, tp=0, ts=0, x0=606967315, x1=633022027
P2, tp=0, ts=0
P0, tp=0, ts=0
P3, tp=0, ts=0, x0=844775061
P1, tp=0, ts=0, x0=373321178, x1=559514287
P1, tp=0, ts=0, x0=947669864, x1=961497110
P1, tp=0, ts=0, x0=648016028, x1=853493634
P3, tp=0, ts=0, x0=790519442
P2, tp=0, ts=0
P0, tp=0, ts=0
P0, tp=0, ts=0
P0, tp=0, ts=0
P2, tp=0, ts=0
P3, tp=0, ts=0, x0=393602475
P1, tp=0, ts=0, x0=463275880, x1=882648296
P1, tp=0, ts=0, x0=541053556, x1=602083814
P3, tp=0, ts=0, x0=643958897
P1, tp=0, ts=0, x0=95075313, x1=758027912
P3, tp=0, ts=0, x0=813891785
P2, tp=0, ts=0
P1, tp=0, ts=0, x0=602083814, x1=386218870
P3, tp=0, ts=0, x0=703748452
P0, tp=0, ts=0
P3, tp=0, ts=0, x0=367736408
P1, tp=0, ts=0, x0=242370524, x1=633022027
P3, tp=0, ts=0, x0=377301598
P3, tp=0, ts=0, x0=813891785
P3, tp=0, ts=0, x0=386218870
P0, tp=0, ts=0
P0, tp=0, ts=0
P1, tp=0, ts=0, x0=196980072, x1=643958897
P0, tp=0, ts=0
P1, tp=0, ts=0, x0=673109887, x1=588626817
P1, tp=0, ts=0, x0=757209921, x1=901589232
P2, tp=0, ts=0
P0, tp=0, ts=0
P1, tp=0, ts=0, x0=508738113, x1=606967315
P2, tp=0, ts=0
P3, tp=0, ts=0, x0=943366250
P2, tp=0, ts=0
P3, tp=0, ts=0, x0=559514287
P2, tp=0, ts=0
P1, tp=0, ts=0, x0=588626817, x1=947669864
P1, tp=0, ts=0, x0=686787631, x1=947669864
P1, tp=0, ts=0, x0=223005727, x1=559514287
P3, tp=0, ts=0, x0=543446181
P1, tp=0, ts=0, x0=617548455, x1=433487082
P2, tp=0, ts=0
P2, tp=0, ts=0
P3, tp=0, ts=0, x0=762707131
P2, tp=0, ts=0
P2, tp=0, ts=0
P1, tp=0, ts=0, x0=952201501, x1=468484612
P0, tp=0, ts=0
P3, tp=0, ts=0, x0=468484612
P2, tp=0, ts=0
P2, tp=0, ts=0
P1, tp=0, ts=0, x0=559514287, x1=569872521
P3, tp=0, ts=0, x0=686787631
P3, tp=0, ts=0, x0=95075313
P2, tp=0, ts=0
P3, tp=0, ts=0, x0=555498105
P2, tp=0, ts=0
P3, tp=0, ts=0, x0=55280525
P2, tp=0, ts=0
P3, tp=0, ts=0, x0=453684442
P2, tp=0, ts=0
P3, tp=0, ts=0, x0=419048589
P2, tp=0, ts=0
P2, tp=0, ts=0
P0, tp=0, ts=0
P0, tp=0, ts=0
P1, tp=0, ts=0, x0=857754764, x1=139116991
P3, tp=0, ts=0, x0=453684442
P1, tp=0, ts=0, x0=643958897, x1=943366250
P2, tp=0, ts=0
P0, tp=0, ts=0
P1, tp=0, ts=0, x0=485979946, x1=541053556
P0, tp=0, ts=0
P2, tp=0, ts=0
P3, tp=0, ts=0, x0=919034261
P2, tp=0, ts=0
P3, tp=0, ts=0, x0=433279970
P0, tp=0, ts=0
P1, tp=0, ts=0, x0=882648296, x1=633022027
P3, tp=0, ts=0, x0=468484612
P0, tp=0, ts=0
P3, tp=0, ts=0, x0=853493634
P0, tp=0, ts=0
P2, tp=0, ts=0
P2, tp=0, ts=0
P2, tp=0, ts=0
P3, tp=0, ts=0, x0=857754764
P0, tp=0, ts=0
P2, tp=0, ts=0
P3, tp=0, ts=0, x0=308103836
P2, tp=0, ts=0
P1, tp=0, ts=0, x0=643958897, x1=273656113
P3, tp=0, ts=0, x0=377301598
P3, tp=0, ts=0, x0=759454589
P2, tp=0, ts=0
P1, tp=0, ts=0, x0=606113143, x1=10932329
P2, tp=0, ts=0
P1, tp=0, ts=0, x0=228331474, x1=263078228
P3, tp=0, ts=0, x0=686787631
P2, tp=0, ts=0
P0, tp=0, ts=0
P1, tp=0, ts=0, x0=132139073, x1=328515787
P2, tp=0, ts=0
P3, tp=0, ts=0, x0=308103836
P0, tp=0, ts=0
P0, tp=0, ts=0
P3, tp=0, ts=0, x0=941288943
P2, tp=0, ts=0
P1, tp=0, ts=0, x0=984364160, x1=171063712
P0, tp=0, ts=0
P1, tp=0, ts=0, x0=95075313, x1=758027912
P3, tp=0, ts=0, x0=500447516
P0, tp=0, ts=0
P3, tp=0, ts=0, x0=941288943
P3, tp=0, ts=0, x0=759454589
P1, tp=0, ts=0, x0=741139708, x1=228331474
P0, tp=0, ts=0
P0, tp=0, ts=0
P0, tp=0, ts=0
P3, tp=0, ts=0, x0=302645796
P3, tp=0, ts=0, x0=105778896
P3, tp=0, ts=0, x0=464930593
P0, tp=0, ts=0
P1, tp=0, ts=0, x0=5126561, x1=433279970
P3, tp=0, ts=0, x0=464930593
P0, tp=0, ts=0
P1, tp=0, ts=0, x0=1094701, x1=952201501
P0, tp=0, ts=0
P3, tp=0, ts=0, x0=461807606
P1, tp=0, ts=0, x0=273656113, x1=273656113
P2, tp=0, ts=0
P0, tp=0, ts=0
P2, tp=0, ts=0
P0, tp=0, ts=0
P2, tp=0, ts=0
P3, tp=0, ts=0, x0=813891785
P1, tp=0, ts=0, x0=63979174, x1=703104996
P3, tp=0, ts=0, x0=882648296
P3, tp=0, ts=0, x0=967534496
P1, tp=0, ts=0, x0=569872521, x1=943366250
P1, tp=0, ts=0, x0=10932329, x1=587230719
P0, tp=0, ts=0
P0, tp=0, ts=0
P1, tp=0, ts=0, x0=240735579, x1=242370524
P2, tp=0, ts=0
P0, tp=0, ts=0
P1, tp=0, ts=0, x0=393602475, x1=210783647
P0, tp=0, ts=0
P0, tp=0, ts=0
P3, tp=0, ts=0, x0=812341899
P1, tp=0, ts=0, x0=464930593, x1=762707131
P2, tp=0, ts=0
P1, tp=0, ts=0, x0=606967315, x1=228331474
P2, tp=0, ts=0
P1, tp=0, ts=0, x0=606113143, x1=703104996
P2, tp=0, ts=0
P2, tp=0, ts=0
P2, tp=0, ts=0
P2, tp=0, ts=0
P0, tp=0, ts=0
P3, tp=0, ts=0, x0=857754764
P1, tp=0, ts=0, x0=183838547, x1=587230719
P3, tp=0, ts=0, x0=136297361
P3, tp=0, ts=0, x0=759454589
P0, tp=0, ts=0
P1, tp=0, ts=0, x0=629115626, x1=453684442
P0, tp=0, ts=0
P0, tp=0, ts=0
P1, tp=0, ts=0, x0=919034261, x1=673109887
P3, tp=0, ts=0, x0=857754764
P3, tp=0, ts=0, x0=508738113
P0, tp=0, ts=0
P0, tp=0, ts=0
P2, tp=0, ts=0
P1, tp=0, ts=0, x0=757209921, x1=629115626
P3, tp=0, ts=0, x0=673109887
P0, tp=0, ts=0
P2, tp=0, ts=0
P1, tp=0, ts=0, x0=686787631, x1=602083814
P3, tp=0, ts=0, x0=485979946
P1, tp=0, ts=0, x0=606967315, x1=36012099
P1, tp=0, ts=0, x0=367736408, x1=196980072
P2, tp=0, ts=0
P1, tp=0, ts=0, x0=210783647, x1=559514287
P3, tp=0, ts=0, x0=367736408
P0, tp=0, ts=0
P2, tp=0, ts=0
P2, tp=0, ts=0
P0, tp=0, ts=0
P3, tp=0, ts=0, x0=240156530
P3, tp=0, ts=0, x0=901589232
P3, tp=0, ts=0, x0=273656113
P1, tp=0, ts=0, x0=741139708, x1=500447516
P2, tp=0, ts=0
P3, tp=0, ts=0, x0=383700687
P0, tp=0, ts=0
P3, tp=0, ts=0, x0=1094701
P2, tp=0, ts=0
P3, tp=0, ts=0, x0=454158356
P3, tp=0, ts=0, x0=95075313
P3, tp=0, ts=0, x0=302645796
P1, tp=0, ts=0, x0=136297361, x1=183838547
P3, tp=0, ts=0, x0=382513159
P3, tp=0, ts=0, x0=629115626
P2, tp=0, ts=0
P3, tp=0, ts=0, x0=813891785
P3, tp=0, ts=0, x0=132139073
P1, tp=0, ts=0, x0=959206315, x1=941288943
P1, tp=0, ts=0, x0=1094701, x1=629115626
P1, tp=0, ts=0, x0=171063712, x1=943366250
P0, tp=0, ts=0
P1, tp=0, ts=0, x0=643958897, x1=70079853
P3, tp=0, ts=0, x0=602083814
P1, tp=0, ts=0, x0=23766626, x1=543446181
P0, tp=0, ts=0
P2, tp=0, ts=0
P0, tp=0, ts=0
P2, tp=0, ts=0
P3, tp=0, ts=0, x0=302645796
P2, tp=0, ts=0
P3, tp=0, ts=0, x0=541053556
P1, tp=0, ts=0, x0=662247677, x1=751734655
P2, tp=0, ts=0
P3, tp=0, ts=0, x0=703748452
P2, tp=0, ts=0
P2, tp=0, ts=0
P1, tp=0, ts=0, x0=1094701, x1=757209921
P3, tp=0, ts=0, x0=844775061
P2, tp=0, ts=0
P3, tp=0, ts=0, x0=136297361
P0, tp=0, ts=0
P1, tp=0, ts=0, x0=942252593, x1=952201501
P3, tp=0, ts=0, x0=242370524
P2, tp=0, ts=0
P0, tp=0, ts=0
P1, tp=0, ts=0, x0=375139833, x1=853493634
P2, tp=0, ts=0
P0, tp=0, ts=0
P0, tp=0, ts=0
P2, tp=0, ts=0
P3, tp=0, ts=0, x0=751734655
P3, tp=0, ts=0, x0=240156530
P2, tp=0, ts=0
P1, tp=0, ts=0, x0=454158356, x1=629115626
P2, tp=0, ts=0
P0, tp=0, ts=0
P0, tp=0, ts=0
P0, tp=0, ts=0
P0, tp=0, ts=0
P3, tp=0, ts=0, x0=377301598
P0, tp=0, ts=0
P2, tp=0, ts=0
P2, tp=0, ts=0
P2, tp=0, ts=0
P1, tp=0, ts=0, x0=433279970, x1=332126636
P0, tp=0, ts=0
P3, tp=0, ts=0, x0=790519442
P1, tp=0, ts=0, x0=377301598, x1=105778896
P0, tp=0, ts=0
P2, tp=0, ts=0
P1, tp=0, ts=0, x0=485979946, x1=393602475
P0, tp=0, ts=0
P1, tp=0, ts=0, x0=151325452, x1=790519442
P3, tp=0, ts=0, x0=461807606
P2, tp=0, ts=0
P0, tp=0, ts=0
P2, tp=0, ts=0
P0, tp=0, ts=0
P2, tp=0, ts=0
P3, tp=0, ts=0, x0=508738113
P2, tp=0, ts=0
P3, tp=0, ts=0, x0=741139708
P1, tp=0, ts=0, x0=263078228, x1=454158356
P2, tp=0, ts=0
P1, tp=0, ts=0, x0=373321178, x1=419048589
P2, tp=0, ts=0
P1, tp=0, ts=0, x0=626199108, x1=485979946
P0, tp=0, ts=0
P1, tp=0, ts=0, x0=308103836, x1=822765760
P1, tp=0, ts=0, x0=105778896, x1=555498105
P2, tp=0, ts=0
P2, tp=0, ts=0
P0, tp=0, ts=0
P1, tp=0, ts=0, x0=223005727, x1=829977396
P1, tp=0, ts=0, x0=302645796, x1=882648296
P3, tp=0, ts=0, x0=617548455
P0, tp=0, ts=0
P1, tp=0, ts=0, x0=393602475, x1=95075313
P3, tp=0, ts=0, x0=843943083
P2, tp=0, ts=0
P3, tp=0, ts=0, x0=559514287
P2, tp=0, ts=0
P3, tp=0, ts=0, x0=919034261
P0, tp=0, ts=0
P3, tp=0, ts=0, x0=822765760
P2, tp=0, ts=0
P1, tp=0, ts=0, x0=263078228, x1=393602475
P1, tp=0, ts=0, x0=941288943, x1=171063712
P3, tp=0, ts=0, x0=485979946
P0, tp=0, ts=0
P2, tp=0, ts=0
P3, tp=0, ts=0, x0=901589232
P0, tp=0, ts=0
P1, tp=0, ts=0, x0=959206315, x1=73269769
P2, tp=0, ts=0
P0, tp=0, ts=0
P2, tp=0, ts=0
P1, tp=0, ts=0, x0=606113143, x1=132139073
P2, tp=0, ts=0
P0, tp=0, ts=0
P0, tp=0, ts=0
P1, tp=0, ts=0, x0=461807606, x1=36012099
P1, tp=0, ts=0, x0=952201501, x1=136297361
P2, tp=0, ts=0
P1, tp=0, ts=0, x0=665429171, x1=952201501
P0, tp=0, ts=0
P0, tp=0, ts=0
P2, tp=0, ts=0
P1, tp=0, ts=0, x0=485979946, x1=508738113
P0, tp=0, ts=0
P1, tp=0, ts=0, x0=308103836, x1=758027912
P1, tp=0, ts=0, x0=832761777, x1=302645796
P1, tp=0, ts=0, x0=703748452, x1=853493634
P2, tp=0, ts=0
P3, tp=0, ts=0, x0=813891785
P3, tp=0, ts=0, x0=453684442
P2, tp=0, ts=0
P3, tp=0, ts=0, x0=751734655
P3, tp=0, ts=0, x0=36012099
P3, tp=0, ts=0, x0=543446181
P1, tp=0, ts=0, x0=541053556, x1=500447516
P0, tp=0, ts=0
P0, tp=0, ts=0
P3, tp=0, ts=0, x0=643958897
P3, tp=0, ts=0, x0=273656113
P3, tp=0, ts=0, x0=196980072
P0, tp=0, ts=0
P2, tp=0, ts=0
P1, tp=0, ts=0, x0=132139073, x1=617548455
P3, tp=0, ts=0, x0=375139833
P3, tp=0, ts=0, x0=403791106
P1, tp=0, ts=0, x0=332126636, x1=263078228
P1, tp=0, ts=0, x0=665429171, x1=13974331
P3, tp=0, ts=0, x0=240735579
P2, tp=0, ts=0
P1, tp=0, ts=0, x0=922166512, x1=758027912
P1, tp=0, ts=0, x0=382513159, x1=375139833
P0, tp=0, ts=0
P3, tp=0, ts=0, x0=703104996
P1, tp=0, ts=0, x0=843943083, x1=943366250
P3, tp=0, ts=0, x0=464930593
P0, tp=0, ts=0
P2, tp=0, ts=0
P1, tp=0, ts=0, x0=464930593, x1=648016028
P2, tp=0, ts=0
P1, tp=0, ts=0, x0=762707131, x1=393602475
P3, tp=0, ts=0, x0=65585272
P3, tp=0, ts=0, x0=759454589
P3, tp=0, ts=0, x0=588626817
P1, tp=0, ts=0, x0=453684442, x1=822765760
P2, tp=0, ts=0
P2, tp=0, ts=0
P0, tp=0, ts=0
P1, tp=0, ts=0, x0=273656113, x1=544727831
P1, tp=0, ts=0, x0=433279970, x1=196980072
P2, tp=0, ts=0
P1, tp=0, ts=0, x0=228331474, x1=332126636
P0, tp=0, ts=0
P3, tp=0, ts=0, x0=882648296
P2, tp=0, ts=0
P2, tp=0, ts=0
P0, tp=0, ts=0
P3, tp=0, ts=0, x0=922166512
P2, tp=0, ts=0
P0, tp=0, ts=0
P3, tp=0, ts=0, x0=384243421
P0, tp=0, ts=0
P1, tp=0, ts=0, x0=453684442, x1=686787631
P3, tp=0, ts=0, x0=393602475
P3, tp=0, ts=0, x0=541053556
P3, tp=0, ts=0, x0=485979946
P3, tp=0, ts=0, x0=287337523
P0, tp=0, ts=0
P0, tp=0, ts=0
P2, tp=0, ts=0
P0, tp=0, ts=0
P2, tp=0, ts=0
P2, tp=0, ts=0
P3, tp=0, ts=0, x0=382513159
P1, tp=0, ts=0, x0=588626817, x1=1094701
P1, tp=0, ts=0, x0=942252593, x1=759454589
P1, tp=0, ts=0, x0=882648296, x1=393602475
P1, tp=0, ts=0, x0=759454589, x1=543446181
P1, tp=0, ts=0, x0=967534496, x1=73269769
P1, tp=0, ts=0, x0=383700687, x1=508738113
P2, tp=0, ts=0
P0, tp=0, ts=0
P3, tp=0, ts=0, x0=105778896
P1, tp=0, ts=0, x0=10932329, x1=240735579
P1, tp=0, ts=0, x0=151325452, x1=302645796
P3, tp=0, ts=0, x0=383700687
P2, tp=0, ts=0
P0, tp=0, ts=0
P1, tp=0, ts=0, x0=403791106, x1=242370524
P2, tp=0, ts=0
P1, tp=0, ts=0, x0=242370524, x1=757209921
P0, tp=0, ts=0
P3, tp=0, ts=0, x0=633022027
P0, tp=0, ts=0
P0, tp=0, ts=0
P0, tp=0, ts=0
P2, tp=0, ts=0
P2, tp=0, ts=0
P2, tp=0, ts=0
P3, tp=0, ts=0, x0=757209921
P2, tp=0, ts=0
P1, tp=0, ts=0, x0=757209921, x1=648016028
P2, tp=0, ts=0
P3, tp=0, ts=0, x0=555498105
P3, tp=0, ts=0, x0=377301598
P3, tp=0, ts=0, x0=10932329
P2, tp=0, ts=0
P3, tp=0, ts=0, x0=901589232
P1, tp=0, ts=0, x0=308103836, x1=464930593
P2, tp=0, ts=0
P2, tp=0, ts=0
P3, tp=0, ts=0, x0=629115626
P1, tp=0, ts=0, x0=433487082, x1=959206315
P2, tp=0, ts=0
P2, tp=0, ts=0
P0, tp=0, ts=0
P0, tp=0, ts=0
P0, tp=0, ts=0
P2, tp=0, ts=0
P2, tp=0, ts=0
P2, tp=0, ts=0
P1, tp=0, ts=0, x0=5126561, x1=240156530
P2, tp=0, ts=0
P0, tp=0, ts=0
P0, tp=0, ts=0
P3, tp=0, ts=0, x0=302645796
P1, tp=0, ts=0, x0=882648296, x1=228331474
P1, tp=0, ts=0, x0=73269769, x1=500447516
P0, tp=0, ts=0
P0, tp=0, ts=0
P0, tp=0, ts=0
P0, tp=0, ts=0
P1, tp=0, ts=0, x0=762707131, x1=18709334
P2, tp=0, ts=0
P1, tp=0, ts=0, x0=922166512, x1=812341899
P2, tp=0, ts=0
P0, tp=0, ts=0
P1, tp=0, ts=0, x0=256810040, x1=662247677
P0, tp=0, ts=0
P1, tp=0, ts=0, x0=751734655, x1=617548455
P3, tp=0, ts=0, x0=13974331
P2, tp=0, ts=0
P2, tp=0, ts=0
P1, tp=0, ts=0, x0=308103836, x1=273656113
P0, tp=0, ts=0
P2, tp=0, ts=0
P0, tp=0, ts=0
P2, tp=0, ts=0
P3, tp=0, ts=0, x0=543446181
P2, tp=0, ts=0
P2, tp=0, ts=0
P3, tp=0, ts=0, x0=105778896
P0, tp=0, ts=0
P2, tp=0, ts=0
P3, tp=0, ts=0, x0=813891785
P3, tp=0, ts=0, x0=853493634
P1, tp=0, ts=0, x0=171063712, x1=383700687
P3, tp=0, ts=0, x0=242370524
P0, tp=0, ts=0
P3, tp=0, ts=0, x0=139116991
P0, tp=0, ts=0
P2, tp=0, ts=0
P3, tp=0, ts=0, x0=643958897
P1, tp=0, ts=0, x0=240735579, x1=375139833
P0, tp=0, ts=0
P1, tp=0, ts=0, x0=606967315, x1=967534496
P3, tp=0, ts=0, x0=500447516
P3, tp=0, ts=0, x0=393602475
P2, tp=0, ts=0
P1, tp=0, ts=0, x0=662247677, x1=464930593
P2, tp=0, ts=0
P2, tp=0, ts=0
P1, tp=0, ts=0, x0=403791106, x1=943366250
P2, tp=0, ts=0
P2, tp=0, ts=0
P2, tp=0, ts=0
P0, tp=0, ts=0
P0, tp=0, ts=0
P0, tp=0, ts=0
P1, tp=0, ts=0, x0=943366250, x1=882648296
P0, tp=0, ts=0
P1, tp=0, ts=0, x0=500447516, x1=662247677
P2, tp=0, ts=0
P2, tp=0, ts=0
P2, tp=0, ts=0
P3, tp=0, ts=0, x0=846303794
P2, tp=0, ts=0
P1, tp=0, ts=0, x0=859290031, x1=846303794
P2, tp=0, ts=0
P3, tp=0, ts=0, x0=959206315
P0, tp=0, ts=0
P0, tp=0, ts=0
P3, tp=0, ts=0, x0=543446181
P1, tp=0, ts=0, x0=151325452, x1=55280525
P2, tp=0, ts=0
P2, tp=0, ts=0
P0, tp=0, ts=0
P2, tp=0, ts=0
P2, tp=0, ts=0
P2, tp=0, ts=0
P2, tp=0, ts=0
P3, tp=0, ts=0, x0=588626817
P3, tp=0, ts=0, x0=473237444
P1, tp=0, ts=0, x0=943366250, x1=36419522
P1, tp=0, ts=0, x0=10932329, x1=629115626
P2, tp=0, ts=0
P1, tp=0, ts=0, x0=829977396, x1=844775061
P0, tp=0, ts=0
P3, tp=0, ts=0, x0=332126636
P3, tp=0, ts=0, x0=240156530
P3, tp=0, ts=0, x0=741139708
P3, tp=0, ts=0, x0=967534496
P2, tp=0, ts=0
P0, tp=0, ts=0
P2, tp=0, ts=0
P0, tp=0, ts=0
P1, tp=0, ts=0, x0=541053556, x1=941288943
P1, tp=0, ts=0, x0=919034261, x1=514548213
P0, tp=0, ts=0
P1, tp=0, ts=0, x0=544727831, x1=832761777
P3, tp=0, ts=0, x0=273656113
P0, tp=0, ts=0
P0, tp=0, ts=0
P0, tp=0, ts=0
P1, tp=0, ts=0, x0=10932329, x1=588626817
P3, tp=0, ts=0, x0=741139708
P3, tp=0, ts=0, x0=461807606
P3, tp=0, ts=0, x0=662247677
P3, tp=0, ts=0, x0=73269769
P3, tp=0, ts=0, x0=602083814
P0, tp=0, ts=0
P3, tp=0, ts=0, x0=367736408
P3, tp=0, ts=0, x0=643958897
P3, tp=0, ts=0, x0=63979174
P1, tp=0, ts=0, x0=55280525, x1=758027912
P2, tp=0, ts=0
P3, tp=0, ts=0, x0=139116991
P1, tp=0, ts=0, x0=813891785, x1=961497110
P1, tp=0, ts=0, x0=665429171, x1=665429171
P0, tp=0, ts=0
P3, tp=0, ts=0, x0=843943083
P0, tp=0, ts=0
P3, tp=0, ts=0, x0=228331474
P2, tp=0, ts=0
P0, tp=0, ts=0
P2, tp=0, ts=0
P1, tp=0, ts=0, x0=853493634, x1=302645796
P1, tp=0, ts=0, x0=468484612, x1=891823365
P1, tp=0, ts=0, x0=183838547, x1=383700687
P2, tp=0, ts=0
P0, tp=0, ts=0
P1, tp=0, ts=0, x0=543446181, x1=984364160
P0, tp=0, ts=0
P3, tp=0, ts=0, x0=500447516
P3, tp=0, ts=0, x0=829977396
P2, tp=0, ts=0
P3, tp=0, ts=0, x0=648016028
P2, tp=0, ts=0
P1, tp=0, ts=0, x0=741139708, x1=228331474
P1, tp=0, ts=0, x0=891823365, x1=604760530
P2, tp=0, ts=0
P3, tp=0, ts=0, x0=533458709
P0, tp=0, ts=0
P1, tp=0, ts=0, x0=673109887, x1=403791106
P0, tp=0, ts=0
P3, tp=0, ts=0, x0=500447516
P3, tp=0, ts=0, x0=544727831
P1, tp=0, ts=0, x0=941288943, x1=846303794
P3, tp=0, ts=0, x0=633022027
P0, tp=0, ts=0
P3, tp=0, ts=0, x0=258571183
P1, tp=0, ts=0, x0=812341899, x1=36012099
P3, tp=0, ts=0, x0=514548213
P1, tp=0, ts=0, x0=832761777, x1=751734655
P0, tp=0, ts=0
P2, tp=0, ts=0
P3, tp=0, ts=0, x0=882648296
P2, tp=0, ts=0
P0, tp=0, ts=0
P3, tp=0, ts=0, x0=919034261
P1, tp=0, ts=0, x0=967534496, x1=36419522
P0, tp=0, ts=0
P3, tp=0, ts=0, x0=673109887
P2, tp=0, ts=0
P0, tp=0, ts=0
P0, tp=0, ts=0
P1, tp=0, ts=0, x0=73269769, x1=461807606
P1, tp=0, ts=0, x0=367736408, x1=196980072
P2, tp=0, ts=0
P1, tp=0, ts=0, x0=648016028, x1=604760530
P3, tp=0, ts=0, x0=223005727
P0, tp=0, ts=0
P3, tp=0, ts=0, x0=1094701
P1, tp=0, ts=0, x0=331266200, x1=382513159
P2, tp=0, ts=0
P2, tp=0, ts=0
P0, tp=0, ts=0
P3, tp=0, ts=0, x0=846303794
P2, tp=0, ts=0
P0, tp=0, ts=0
P0, tp=0, ts=0
P2, tp=0, ts=0
P2, tp=0, ts=0
P1, tp=0, ts=0, x0=832761777, x1=604760530
P0, tp=0, ts=0
P2, tp=0, ts=0
P1, tp=0, ts=0, x0=454158356, x1=703104996
P0, tp=0, ts=0
P0, tp=0, ts=0
P3, tp=0, ts=0, x0=541053556
P0, tp=0, ts=0
P1, tp=0, ts=0, x0=741139708, x1=967534496
P2, tp=0, ts=0
P3, tp=0, ts=0, x0=240156530
P1, tp=0, ts=0, x0=240156530, x1=331266200
P1, tp=0, ts=0, x0=377301598, x1=367736408
P2, tp=0, ts=0
P2, tp=0, ts=0
P0, tp=0, ts=0
P1, tp=0, ts=0, x0=941288943, x1=859290031
P3, tp=0, ts=0, x0=859290031
P3, tp=0, ts=0, x0=23766626
P1, tp=0, ts=0, x0=812341899, x1=210783647
P3, tp=0, ts=0, x0=690209791
P0, tp=0, ts=0
P0, tp=0, ts=0
P1, tp=0, ts=0, x0=111882559, x1=762707131
P2, tp=0, ts=0
P3, tp=0, ts=0, x0=952201501
P3, tp=0, ts=0, x0=210783647
P0, tp=0, ts=0
P2, tp=0, ts=0
P2, tp=0, ts=0
P0, tp=0, ts=0
P0, tp=0, ts=0
P2, tp=0, ts=0
P1, tp=0, ts=0, x0=665429171, x1=63979174
P2, tp=0, ts=0
P0, tp=0, ts=0
P3, tp=0, ts=0, x0=967534496
P1, tp=0, ts=0, x0=302645796, x1=648016028
P3, tp=0, ts=0, x0=367736408
P0, tp=0, ts=0
P1, tp=0, ts=0, x0=942252593, x1=942252593
P2, tp=0, ts=0
P2, tp=0, ts=0
P3, tp=0, ts=0, x0=11948039
P2, tp=0, ts=0
P1, tp=0, ts=0, x0=942252593, x1=665429171
P0, tp=1, ts=1
P2, tp=1, ts=1
P1, tp=1, ts=1, x0=375139833, x1=63979174
P1, tp=1, ts=1, x0=63979174, x1=665429171
P0, tp=1, ts=1
P1, tp=1, ts=1, x0=73269769, x1=63979174
P2, tp=1, ts=1
P0, tp=1, ts=1
P2, tp=1, ts=1
P0, tp=1, ts=1
P1, tp=1, ts=1, x0=375139833, x1=171063712
P1, tp=1, ts=1, x0=588626817, x1=648016028
P3, tp=1, ts=1, x0=95075313
P1, tp=1, ts=1, x0=857754764, x1=419048589
P0, tp=1, ts=1
P1, tp=1, ts=1, x0=500447516, x1=242370524
P3, tp=1, ts=1, x0=857754764
P2, tp=1, ts=1
P2, tp=1, ts=1
P1, tp=1, ts=1, x0=468484612, x1=433487082
P2, tp=1, ts=1
P0, tp=1, ts=1
P2, tp=1, ts=1
P0, tp=1, ts=1
P0, tp=1, ts=1
P0, tp=1, ts=1
P0, tp=1, ts=1
P2, tp=1, ts=1
P1, tp=1, ts=1, x0=5126561, x1=139116991
P1, tp=1, ts=1, x0=223005727, x1=375139833
P3, tp=1, ts=1, x0=629115626
P1, tp=1, ts=1, x0=29697140, x1=287337523
P2, tp=1, ts=1
P1, tp=1, ts=1, x0=673109887, x1=5126561
P3, tp=1, ts=1, x0=500447516
P2, tp=1, ts=1
P2, tp=1, ts=1
P1, tp=1, ts=1, x0=555498105, x1=602083814
P2, tp=1, ts=1
P2, tp=1, ts=1
P0, tp=1, ts=1
P2, tp=1, ts=1
P3, tp=1, ts=1, x0=433487082
P3, tp=1, ts=1, x0=829977396
P3, tp=1, ts=1, x0=183838547
P2, tp=1, ts=1
P1, tp=1, ts=1, x0=673109887, x1=703104996
P3, tp=1, ts=1, x0=648016028
P1, tp=1, ts=1, x0=367736408, x1=23766626
P0, tp=1, ts=1
P2, tp=1, ts=1
P1, tp=1, ts=1, x0=240735579, x1=617548455
P3, tp=1, ts=1, x0=308103836
P1, tp=1, ts=1, x0=941288943, x1=508738113
P0, tp=1, ts=1
P2, tp=1, ts=1
P2, tp=1, ts=1
P0, tp=1, ts=1
P0, tp=1, ts=1
P1, tp=1, ts=1, x0=500447516, x1=919034261
P1, tp=1, ts=1, x0=686787631, x1=433487082
P2, tp=1, ts=1
P1, tp=1, ts=1, x0=648016028, x1=36012099
P0, tp=1, ts=1
P1, tp=1, ts=1, x0=151325452, x1=967534496
P2, tp=1, ts=1
P0, tp=1, ts=1
P3, tp=1, ts=1, x0=242370524
P1, tp=1, ts=1, x0=829977396, x1=464930593
P0, tp=1, ts=1
P1, tp=1, ts=1, x0=617548455, x1=846303794
P0, tp=1, ts=1
P2, tp=1, ts=1
P1, tp=1, ts=1, x0=361839242, x1=63979174
P3, tp=1, ts=1, x0=922166512
P2, tp=1, ts=1
P0, tp=1, ts=1
P3, tp=1, ts=1, x0=367736408
P2, tp=1, ts=1
P1, tp=1, ts=1, x0=256810040, x1=602083814
P0, tp=1, ts=1
P1, tp=1, ts=1, x0=5126561, x1=543446181
P2, tp=1, ts=1
P1, tp=1, ts=1, x0=642402964, x1=751734655
P2, tp=1, ts=1
P3, tp=1, ts=1, x0=758027912
P2, tp=1, ts=1
P0, tp=1, ts=1
P3, tp=1, ts=1, x0=751734655
P1, tp=1, ts=1, x0=95075313, x1=642402964
P2, tp=1, ts=1
P1, tp=1, ts=1, x0=1094701, x1=403791106
P1, tp=1, ts=1, x0=183838547, x1=11948039
P2, tp=1, ts=1
P0, tp=1, ts=1
P1, tp=1, ts=1, x0=137992865, x1=891823365
P1, tp=1, ts=1, x0=95075313, x1=139116991
P1, tp=1, ts=1, x0=210783647, x1=629115626
P2, tp=1, ts=1
P1, tp=1, ts=1, x0=223005727, x1=543446181
P1, tp=1, ts=1, x0=377301598, x1=369833068
P1, tp=1, ts=1, x0=377301598, x1=403791106
P3, tp=1, ts=1, x0=844775061
P1, tp=1, ts=1, x0=844775061, x1=891823365
P0, tp=1, ts=1
P2, tp=1, ts=1
P1, tp=1, ts=1, x0=751734655, x1=210783647
P2, tp=1, ts=1
P2, tp=1, ts=1
P3, tp=1, ts=1, x0=588626817
P0, tp=1, ts=1
P1, tp=1, ts=1, x0=65585272, x1=629115626
P2, tp=1, ts=1
P0, tp=1, ts=1
P0, tp=1, ts=1
P0, tp=1, ts=1
P3, tp=1, ts=1, x0=813891785
P2, tp=1, ts=1
P0, tp=1, ts=1
P0, tp=1, ts=1
P3, tp=1, ts=1, x0=903421800
P0, tp=1, ts=1
P3, tp=1, ts=1, x0=29002103
P1, tp=1, ts=1, x0=29697140, x1=461807606
P2, tp=1, ts=1
P0, tp=1, ts=1
P2, tp=1, ts=1
P0, tp=1, ts=1
P3, tp=1, ts=1, x0=901589232
P3, tp=1, ts=1, x0=673109887
P1, tp=1, ts=1, x0=882648296, x1=433279970
P0, tp=1, ts=1
P1, tp=1, ts=1, x0=384243421, x1=23766626
P1, tp=1, ts=1, x0=822765760, x1=136297361
P3, tp=1, ts=1, x0=690209791
P0, tp=1, ts=1
P2, tp=1, ts=1
P1, tp=1, ts=1, x0=903421800, x1=433279970
P3, tp=1, ts=1, x0=10932329
P1, tp=1, ts=1, x0=901589232, x1=433487082
P1, tp=1, ts=1, x0=901589232, x1=844775061
P0, tp=1, ts=1
P0, tp=1, ts=1
P2, tp=1, ts=1
P0, tp=1, ts=1
P3, tp=1, ts=1, x0=533458709
P2, tp=1, ts=1
P2, tp=1, ts=1
P0, tp=1, ts=1
P1, tp=1, ts=1, x0=891823365, x1=367736408
P3, tp=1, ts=1, x0=73363563
P1, tp=1, ts=1, x0=183838547, x1=10932329
P3, tp=1, ts=1, x0=686787631
P1, tp=1, ts=1, x0=606113143, x1=941288943
P2, tp=1, ts=1
P2, tp=1, ts=1
P2, tp=1, ts=1
P2, tp=1, ts=1
P0, tp=1, ts=1
P1, tp=1, ts=1, x0=349100025, x1=832761777
P3, tp=1, ts=1, x0=514548213
P1, tp=1, ts=1, x0=901589232, x1=859290031
P2, tp=1, ts=1
P0, tp=1, ts=1
P1, tp=1, ts=1, x0=874465000, x1=508738113
P0, tp=1, ts=1
P2, tp=1, ts=1
P0, tp=1, ts=1
P3, tp=1, ts=1, x0=922949071
P1, tp=1, ts=1, x0=555498105, x1=256810040
P1, tp=1, ts=1, x0=5126561, x1=857754764
P0, tp=1, ts=1
P0, tp=1, ts=1
P2, tp=1, ts=1
P2, tp=1, ts=1
P1, tp=1, ts=1, x0=853493634, x1=853493634
P0, tp=1, ts=1
P2, tp=1, ts=1
P1, tp=1, ts=1, x0=240735579, x1=751734655
P3, tp=1, ts=1, x0=361839242
P1, tp=1, ts=1, x0=384243421, x1=617548455
P0, tp=1, ts=1
P0, tp=1, ts=1
P2, tp=1, ts=1
P0, tp=1, ts=1
P0, tp=1, ts=1
P3, tp=1, ts=1, x0=377301598
P3, tp=1, ts=1, x0=361839242
P2, tp=1, ts=1
P2, tp=1, ts=1
P0, tp=1, ts=1
P2, tp=1, ts=1
P0, tp=1, ts=1
P0, tp=1, ts=1
P0, tp=1, ts=1
P1, tp=1, ts=1, x0=369833068, x1=859290031
P1, tp=1, ts=1, x0=990406599, x1=65585272
P2, tp=1, ts=1
P3, tp=1, ts=1, x0=922949071
P3, tp=1, ts=1, x0=419048589
P3, tp=1, ts=1, x0=29697140
P1, tp=1, ts=1, x0=967534496, x1=673109887
P0, tp=1, ts=1
P3, tp=1, ts=1, x0=242370524
P1, tp=1, ts=1, x0=137992865, x1=314982384
P1, tp=1, ts=1, x0=543446181, x1=65585272
P0, tp=1, ts=1
P3, tp=1, ts=1, x0=223005727
P3, tp=1, ts=1, x0=369833068
P3, tp=1, ts=1, x0=383700687
P2, tp=1, ts=1
P0, tp=1, ts=1
P0, tp=1, ts=1
P1, tp=1, ts=1, x0=919034261, x1=433487082
P3, tp=1, ts=1, x0=859290031
P2, tp=1, ts=1
P1, tp=1, ts=1, x0=690209791, x1=990406599
P0, tp=1, ts=1
P1, tp=1, ts=1, x0=63979174, x1=11948039
P0, tp=1, ts=1
P1, tp=1, ts=1, x0=11948039, x1=857754764
P1, tp=1, ts=1, x0=433279970, x1=629115626
P1, tp=1, ts=1, x0=533458709, x1=757209921
P1, tp=1, ts=1, x0=65585272, x1=952201501
P2, tp=1, ts=1
P3, tp=1, ts=1, x0=857754764
P3, tp=1, ts=1, x0=859290031
P1, tp=1, ts=1, x0=741139708, x1=604760530
P3, tp=1, ts=1, x0=508738113
P3, tp=1, ts=1, x0=629115626
P0, tp=1, ts=1
P1, tp=1, ts=1, x0=588626817, x1=853493634
P2, tp=1, ts=1
P2, tp=1, ts=1
P3, tp=1, ts=1, x0=952201501
P1, tp=1, ts=1, x0=73363563, x1=468484612
P2, tp=1, ts=1
P0, tp=1, ts=1
P3, tp=1, ts=1, x0=751734655
P2, tp=1, ts=1
P3, tp=1, ts=1, x0=302645796
P0, tp=1, ts=1
P3, tp=1, ts=1, x0=500447516
P0, tp=1, ts=1
P0, tp=1, ts=1
P1, tp=1, ts=1, x0=673109887, x1=23766626
P3, tp=1, ts=1, x0=287337523
P2, tp=1, ts=1
P0, tp=1, ts=1
P1, tp=1, ts=1, x0=703104996, x1=1094701
P2, tp=1, ts=1
P0, tp=1, ts=1
P0, tp=1, ts=1
P2, tp=1, ts=1
P0, tp=1, ts=1
P0, tp=1, ts=1
P3, tp=1, ts=1, x0=240735579
P1, tp=1, ts=1, x0=377301598, x1=967534496
P1, tp=1, ts=1, x0=857754764, x1=857754764
P1, tp=1, ts=1, x0=648016028, x1=223005727
P2, tp=1, ts=1
P0, tp=1, ts=1
P3, tp=1, ts=1, x0=383700687
P0, tp=1, ts=1
P1, tp=1, ts=1, x0=588626817, x1=302645796
P3, tp=1, ts=1, x0=63979174
P3, tp=1, ts=1, x0=349100025
P3, tp=1, ts=1, x0=171063712
P2, tp=1, ts=1
P1, tp=1, ts=1, x0=643958897, x1=541053556
P2, tp=1, ts=1
P2, tp=1, ts=1
P2, tp=1, ts=1
P1, tp=1, ts=1, x0=846303794, x1=703104996
P2, tp=1, ts=1
P1, tp=1, ts=1, x0=508738113, x1=384243421
P1, tp=1, ts=1, x0=812341899, x1=541053556
P2, tp=1, ts=1
P3, tp=1, ts=1, x0=308103836
P3, tp=1, ts=1, x0=922949071
P2, tp=1, ts=1
P3, tp=1, ts=1, x0=540011444
P3, tp=1, ts=1, x0=258571183
P1, tp=1, ts=1, x0=822765760, x1=491488954
P3, tp=1, ts=1, x0=137992865
P3, tp=1, ts=1, x0=844775061
P0, tp=1, ts=1
P3, tp=1, ts=1, x0=331266200
P2, tp=1, ts=1
P1, tp=1, ts=1, x0=533458709, x1=822765760
P0, tp=1, ts=1
P1, tp=1, ts=1, x0=959206315, x1=240735579
P0, tp=1, ts=1
P1, tp=1, ts=1, x0=769575720, x1=703104996
P2, tp=1, ts=1
P2, tp=1, ts=1
P2, tp=1, ts=1
P0, tp=1, ts=1
P3, tp=1, ts=1, x0=812341899
P0, tp=1, ts=1
P0, tp=1, ts=1
P3, tp=1, ts=1, x0=308103836
P0, tp=1, ts=1
P3, tp=1, ts=1, x0=540011444
P0, tp=1, ts=1
P1, tp=1, ts=1, x0=844775061, x1=919034261
P0, tp=1, ts=1
P2, tp=1, ts=1
P1, tp=1, ts=1, x0=822765760, x1=942252593
P3, tp=1, ts=1, x0=903421800
P1, tp=1, ts=1, x0=901589232, x1=378028440
P1, tp=1, ts=1, x0=491488954, x1=836858184
P0, tp=1, ts=1
P3, tp=1, ts=1, x0=990406599
P1, tp=1, ts=1, x0=686787631, x1=349100025
P1, tp=1, ts=1, x0=378028440, x1=703104996
P1, tp=1, ts=1, x0=588626817, x1=384243421
P0, tp=1, ts=1
P3, tp=1, ts=1, x0=533458709
P1, tp=1, ts=1, x0=36419522, x1=36012099
P1, tp=1, ts=1, x0=874465000, x1=941288943
P0, tp=1, ts=1
P0, tp=1, ts=1
P0, tp=1, ts=1
P2, tp=1, ts=1
P0, tp=1, ts=1
P0, tp=1, ts=1
P3, tp=1, ts=1, x0=349100025
P1, tp=1, ts=1, x0=903421800, x1=836858184
P2, tp=1, ts=1
P2, tp=1, ts=1
P0, tp=1, ts=1
P1, tp=1, ts=1, x0=240735579, x1=331266200
P3, tp=1, ts=1, x0=853493634
P0, tp=1, ts=1
P2, tp=1, ts=1
P0, tp=1, ts=1
P2, tp=1, ts=1
P3, tp=1, ts=1, x0=23766626
P2, tp=1, ts=1
P0, tp=1, ts=1
P3, tp=1, ts=1, x0=144306508
P0, tp=1, ts=1
P3, tp=1, ts=1, x0=349100025
P1, tp=1, ts=1, x0=941288943, x1=952201501
P1, tp=1, ts=1, x0=642402964, x1=844775061
P1, tp=1, ts=1, x0=29002103, x1=922949071
P1, tp=1, ts=1, x0=433487082, x1=804290433
P0, tp=1, ts=1
P0, tp=1, ts=1
P1, tp=1, ts=1, x0=636105593, x1=984364160
P1, tp=1, ts=1, x0=36012099, x1=375139833
P3, tp=1, ts=1, x0=287337523
P1, tp=1, ts=1, x0=367082317, x1=384243421
P3, tp=1, ts=1, x0=302645796
P3, tp=1, ts=1, x0=874465000
P3, tp=1, ts=1, x0=461807606
P3, tp=1, ts=1, x0=308103836
P3, tp=1, ts=1, x0=804290433
P3, tp=1, ts=1, x0=636105593
P3, tp=1, ts=1, x0=673109887
P1, tp=1, ts=1, x0=853493634, x1=690209791
P0, tp=1, ts=1
P3, tp=1, ts=1, x0=846303794
P3, tp=1, ts=1, x0=36419522
P3, tp=1, ts=1, x0=940829925
P3, tp=1, ts=1, x0=636105593
P3, tp=1, ts=1, x0=690209791
P1, tp=1, ts=1, x0=139116991, x1=859290031
P0, tp=1, ts=1
P3, tp=1, ts=1, x0=349100025
P0, tp=1, ts=1
P1, tp=1, ts=1, x0=617548455, x1=604760530
P1, tp=1, ts=1, x0=655358986, x1=383700687
P3, tp=1, ts=1, x0=361839242
P2, tp=1, ts=1
P1, tp=1, ts=1, x0=36419522, x1=1094701
P2, tp=1, ts=1
P0, tp=1, ts=1
P2, tp=1, ts=1
P1, tp=1, ts=1, x0=13974331, x1=514548213
P1, tp=1, ts=1, x0=369833068, x1=533458709
P3, tp=1, ts=1, x0=533814955
P3, tp=1, ts=1, x0=967534496
P2, tp=1, ts=1
P0, tp=1, ts=1
P1, tp=1, ts=1, x0=308103836, x1=874465000
P0, tp=1, ts=1
P3, tp=1, ts=1, x0=836858184
P1, tp=1, ts=1, x0=959206315, x1=491488954
P2, tp=1, ts=1
P0, tp=1, ts=1
P0, tp=1, ts=1
P2, tp=1, ts=1
P3, tp=1, ts=1, x0=633022027
P2, tp=1, ts=1
P3, tp=1, ts=1, x0=812341899
P1, tp=1, ts=1, x0=540011444, x1=183838547
P0, tp=1, ts=1
P2, tp=1, ts=1
P0, tp=1, ts=1
P3, tp=1, ts=1, x0=636105593
P0, tp=1, ts=1
P1, tp=1, ts=1, x0=11948039, x1=491488954
P3, tp=1, ts=1, x0=891823365
P0, tp=1, ts=1
P0, tp=1, ts=1
P3, tp=1, ts=1, x0=769575720
P1, tp=1, ts=1, x0=223005727, x1=375139833
P1, tp=1, ts=1, x0=952201501, x1=277349066
P2, tp=1, ts=1
P2, tp=1, ts=1
P0, tp=1, ts=1
P3, tp=1, ts=1, x0=832761777
P3, tp=1, ts=1, x0=940829925
P2, tp=1, ts=1
P1, tp=1, ts=1, x0=13974331, x1=822765760
P1, tp=1, ts=1, x0=769575720, x1=331266200
P2, tp=1, ts=1
P1, tp=1, ts=1, x0=383700687, x1=383700687
P0, tp=1, ts=1
P0, tp=1, ts=1
P0, tp=1, ts=1
P1, tp=1, ts=1, x0=829977396, x1=273656113
P0, tp=1, ts=1
P0, tp=1, ts=1
P1, tp=1, ts=1, x0=375139833, x1=377301598
P3, tp=1, ts=1, x0=491488954
P3, tp=1, ts=1, x0=533458709
P2, tp=1, ts=1
P3, tp=1, ts=1, x0=349100025
P2, tp=1, ts=1
P1, tp=1, ts=1, x0=633022027, x1=491488954
P3, tp=1, ts=1, x0=617548455
P0, tp=1, ts=1
P3, tp=1, ts=1, x0=500447516
P0, tp=1, ts=1
P1, tp=1, ts=1, x0=34216644, x1=23766626
P2, tp=1, ts=1
P3, tp=1, ts=1, x0=111882559
P2, tp=1, ts=1
P3, tp=1, ts=1, x0=281208801
P1, tp=1, ts=1, x0=859290031, x1=673109887
P3, tp=1, ts=1, x0=171063712
P2, tp=1, ts=1
P0, tp=1, ts=1
P0, tp=1, ts=1
P0, tp=1, ts=1
P2, tp=1, ts=1
P0, tp=1, ts=1
P1, tp=1, ts=1, x0=468484612, x1=29002103
P0, tp=1, ts=1
P3, tp=1, ts=1, x0=882648296
P3, tp=1, ts=1, x0=846303794
P0, tp=1, ts=1
P2, tp=1, ts=1
P0, tp=1, ts=1
P3, tp=1, ts=1, x0=959206315
P0, tp=1, ts=1
P1, tp=1, ts=1, x0=171063712, x1=419048589
P2, tp=1, ts=1
P1, tp=1, ts=1, x0=942252593, x1=433487082
P2, tp=1, ts=1
P3, tp=1, ts=1, x0=588626817
P1, tp=1, ts=1, x0=655358986, x1=13974331
P1, tp=1, ts=1, x0=822765760, x1=242370524
P1, tp=1, ts=1, x0=629115626, x1=349100025
P1, tp=1, ts=1, x0=655358986, x1=36419522
P2, tp=1, ts=1
P0, tp=1, ts=1
P2, tp=1, ts=1
P2, tp=1, ts=1
P0, tp=1, ts=1
P2, tp=1, ts=1
P3, tp=1, ts=1, x0=626199108
P2, tp=1, ts=1
P2, tp=1, ts=1
P3, tp=1, ts=1, x0=491488954
P0, tp=1, ts=1
P2, tp=1, ts=1
P0, tp=1, ts=1
P3, tp=1, ts=1, x0=967534496
P0, tp=1, ts=1
P3, tp=1, ts=1, x0=78783683
P0, tp=1, ts=1
P3, tp=1, ts=1, x0=378028440
P2, tp=1, ts=1
P3, tp=1, ts=1, x0=846052324
P2, tp=1, ts=1
P3, tp=1, ts=1, x0=822765760
P0, tp=1, ts=1
P2, tp=1, ts=1
P2, tp=1, ts=1
P2, tp=1, ts=1
P1, tp=1, ts=1, x0=629115626, x1=473237444
P2, tp=1, ts=1
P1, tp=1, ts=1, x0=859290031, x1=464930593
P3, tp=1, ts=1, x0=903421800
P0, tp=1, ts=1
P2, tp=1, ts=1
P2, tp=1, ts=1
P3, tp=1, ts=1, x0=629115626
P2, tp=1, ts=1
P1, tp=1, ts=1, x0=967534496, x1=551695068
P2, tp=1, ts=1
P1, tp=1, ts=1, x0=491488954, x1=491488954
P3, tp=1, ts=1, x0=846052324
P2, tp=1, ts=1
P0, tp=1, ts=1
P2, tp=1, ts=1
P2, tp=1, ts=1
P1, tp=1, ts=1, x0=655358986, x1=961497110
P0, tp=1, ts=1
P1, tp=1, ts=1, x0=533814955, x1=78783683
P0, tp=1, ts=1
P0, tp=1, ts=1
P3, tp=1, ts=1, x0=690209791
P3, tp=1, ts=1, x0=703104996
P0, tp=1, ts=1
P2, tp=1, ts=1
P3, tp=1, ts=1, x0=13974331
P0, tp=1, ts=1
P1, tp=1, ts=1, x0=836858184, x1=77867102
P2, tp=1, ts=1
P3, tp=1, ts=1, x0=367082317
P1, tp=1, ts=1, x0=636105593, x1=859290031
P0, tp=1, ts=1
P1, tp=1, ts=1, x0=349100025, x1=433487082
P0, tp=1, ts=1
P3, tp=1, ts=1, x0=287337523
P1, tp=1, ts=1, x0=111882559, x1=372304439
P2, tp=1, ts=1
P2, tp=1, ts=1
P0, tp=1, ts=1
P0, tp=1, ts=1
P3, tp=1, ts=1, x0=673109887
P0, tp=1, ts=1
P3, tp=1, ts=1, x0=814564738
P3, tp=1, ts=1, x0=78783683
P3, tp=1, ts=1, x0=617548455
P3, tp=1, ts=1, x0=287337523
P0, tp=1, ts=1
P0, tp=1, ts=1
P3, tp=1, ts=1, x0=302645796
P0, tp=1, ts=1
P2, tp=1, ts=1
P1, tp=1, ts=1, x0=865149973, x1=473237444
P0, tp=1, ts=1
P0, tp=1, ts=1
P2, tp=1, ts=1
P1, tp=1, ts=1, x0=419048589, x1=647888196
P3, tp=1, ts=1, x0=223005727
P3, tp=1, ts=1, x0=273656113
P2, tp=1, ts=1
P0, tp=1, ts=1
P3, tp=1, ts=1, x0=183838547
P3, tp=1, ts=1, x0=540011444
P2, tp=1, ts=1
P0, tp=1, ts=1
P1, tp=1, ts=1, x0=690209791, x1=859290031
P2, tp=1, ts=1
P2, tp=1, ts=1
P2, tp=1, ts=1
P1, tp=1, ts=1, x0=111882559, x1=144306508
P1, tp=1, ts=1, x0=643958897, x1=846303794
P1, tp=1, ts=1, x0=308775951, x1=874465000
P1, tp=1, ts=1, x0=822765760, x1=433279970
P3, tp=1, ts=1, x0=959206315
P2, tp=1, ts=1
P3, tp=1, ts=1, x0=137992865
P0, tp=1, ts=1
P0, tp=1, ts=1
P3, tp=1, ts=1, x0=540011444
P2, tp=1, ts=1
P2, tp=1, ts=1
P2, tp=1, ts=1
P3, tp=1, ts=1, x0=210783647
P2, tp=1, ts=1
P0, tp=1, ts=1
P3, tp=1, ts=1, x0=655358986
P2, tp=1, ts=1
P3, tp=1, ts=1, x0=433279970
P1, tp=1, ts=1, x0=533458709, x1=1094701
P3, tp=1, ts=1, x0=804290433
P3, tp=1, ts=1, x0=151325452
P0, tp=1, ts=1
P3, tp=1, ts=1, x0=367082317
P0, tp=1, ts=1
P1, tp=1, ts=1, x0=398881811, x1=367082317
P3, tp=1, ts=1, x0=367082317
P3, tp=1, ts=1, x0=369833068
P0, tp=1, ts=1
P3, tp=1, ts=1, x0=464930593
P0, tp=1, ts=1
P1, tp=1, ts=1, x0=757209921, x1=514548213
P0, tp=1, ts=1
P3, tp=1, ts=1, x0=703104996
P0, tp=1, ts=1
P0, tp=1, ts=1
P0, tp=1, ts=1
P3, tp=1, ts=1, x0=111882559
P1, tp=1, ts=1, x0=473237444, x1=473237444
P1, tp=1, ts=1, x0=919358086, x1=516765512
P2, tp=1, ts=1
P2, tp=1, ts=1
P2, tp=1, ts=1
P0, tp=1, ts=1
P2, tp=1, ts=1
P1, tp=1, ts=1, x0=53293739, x1=464930593
P1, tp=1, ts=1, x0=56996216, x1=832761777
P0, tp=1, ts=1
P1, tp=1, ts=1, x0=555498105, x1=757209921
P0, tp=1, ts=1
P3, tp=1, ts=1, x0=633022027
P3, tp=1, ts=1, x0=419048589
P3, tp=1, ts=1, x0=375139833
P1, tp=1, ts=1, x0=812341899, x1=34216644
P1, tp=1, ts=1, x0=367082317, x1=11948039
P1, tp=1, ts=1, x0=846303794, x1=822765760
P0, tp=1, ts=1
P2, tp=1, ts=1
P1, tp=1, ts=1, x0=846052324, x1=742997661
P2, tp=1, ts=1
P0, tp=1, ts=1
P2, tp=1, ts=1
P3, tp=1, ts=1, x0=163061217
P2, tp=1, ts=1
P1, tp=1, ts=1, x0=633022027, x1=29697140
P0, tp=1, ts=1
P2, tp=1, ts=1
P0, tp=1, ts=1
P0, tp=1, ts=1
P3, tp=1, ts=1, x0=540011444
P0, tp=1, ts=1
P1, tp=1, ts=1, x0=240735579, x1=144306508
P3, tp=1, ts=1, x0=555498105
P0, tp=1, ts=1
P2, tp=1, ts=1
P1, tp=1, ts=1, x0=77867102, x1=961497110
P3, tp=1, ts=1, x0=473237444
P3, tp=1, ts=1, x0=882648296
P1, tp=1, ts=1, x0=647888196, x1=891823365
P1, tp=1, ts=1, x0=36419522, x1=865149973
P0, tp=1, ts=1
P2, tp=1, ts=1
P0, tp=1, ts=1
P3, tp=1, ts=1, x0=1094701
P1, tp=1, ts=1, x0=940829925, x1=111882559
P2, tp=1, ts=1
P2, tp=1, ts=1
P0, tp=1, ts=1
P0, tp=1, ts=1
P3, tp=1, ts=1, x0=812341899
P0, tp=1, ts=1
P2, tp=1, ts=1
P3, tp=1, ts=1, x0=629115626
P0, tp=1, ts=1
P1, tp=1, ts=1, x0=832761777, x1=922166512
P0, tp=1, ts=1
P3, tp=1, ts=1, x0=846052324
P1, tp=1, ts=1, x0=372304439, x1=372304439
P2, tp=1, ts=1
P3, tp=1, ts=1, x0=308103836
P2, tp=1, ts=1
P2, tp=1, ts=1
P1, tp=1, ts=1, x0=882648296, x1=540011444
P3, tp=1, ts=1, x0=489159876
P3, tp=1, ts=1, x0=812341899
P3, tp=1, ts=1, x0=314982384
P1, tp=1, ts=1, x0=372304439, x1=619094323
P2, tp=1, ts=1
P3, tp=1, ts=1, x0=287337523
P1, tp=1, ts=1, x0=144306508, x1=171063712
P2, tp=1, ts=1
P3, tp=1, ts=1, x0=163061217
P3, tp=1, ts=1, x0=633022027
P2, tp=1, ts=1
P3, tp=1, ts=1, x0=990406599
P2, tp=1, ts=1
P2, tp=1, ts=1
P2, tp=1, ts=1
P3, tp=1, ts=1, x0=308103836
P1, tp=1, ts=1, x0=491488954, x1=213970894
P0, tp=1, ts=1
P2, tp=1, ts=1
P1, tp=1, ts=1, x0=922949071, x1=642402964
P3, tp=1, ts=1, x0=223005727
P0, tp=1, ts=1
P0, tp=1, ts=1
P3, tp=1, ts=1, x0=227066681
P1, tp=1, ts=1, x0=846052324, x1=853493634
P2, tp=1, ts=1
P3, tp=1, ts=1, x0=852937355
P0, tp=1, ts=1
P1, tp=1, ts=1, x0=859290031, x1=903421800
P3, tp=1, ts=1, x0=240735579
P3, tp=1, ts=1, x0=122874324
P2, tp=1, ts=1
P3, tp=1, ts=1, x0=383700687
P1, tp=1, ts=1, x0=942252593, x1=814564738
P0, tp=1, ts=1
P1, tp=1, ts=1, x0=846052324, x1=34216644
P3, tp=1, ts=1, x0=940829925
P3, tp=1, ts=1, x0=277349066
P1, tp=1, ts=1, x0=918172626, x1=499520769
P1, tp=1, ts=1, x0=619094323, x1=78783683
P3, tp=1, ts=1, x0=227066681
P2, tp=1, ts=1
P2, tp=1, ts=1
P1, tp=1, ts=1, x0=281208801, x1=290156642
P2, tp=1, ts=1
P0, tp=1, ts=1
P0, tp=1, ts=1
P3, tp=1, ts=1, x0=122874324
P1, tp=1, ts=1, x0=903421800, x1=258571183
P3, tp=1, ts=1, x0=273656113
P1, tp=1, ts=1, x0=977132019, x1=73363563
P2, tp=1, ts=1
P1, tp=1, ts=1, x0=464930593, x1=914498573
P3, tp=1, ts=1, x0=171063712
P1, tp=1, ts=1, x0=378028440, x1=290156642
P0, tp=1, ts=1
P0, tp=1, ts=1
P2, tp=1, ts=1
P3, tp=1, ts=1, x0=489159876
P1, tp=1, ts=1, x0=163061217, x1=604760530
P0, tp=1, ts=1
P3, tp=1, ts=1, x0=655358986
P3, tp=1, ts=1, x0=804290433
P2, tp=1, ts=1
P0, tp=1, ts=1
P1, tp=1, ts=1, x0=287337523, x1=636105593
P3, tp=1, ts=1, x0=13974331
P0, tp=1, ts=1
P3, tp=1, ts=1, x0=29697140
P3, tp=1, ts=1, x0=846052324
P3, tp=1, ts=1, x0=14884036
P1, tp=1, ts=1, x0=227066681, x1=258571183
P1, tp=1, ts=1, x0=489159876, x1=551695068
P3, tp=1, ts=1, x0=36012099
P0, tp=1, ts=1
P3, tp=1, ts=1, x0=636105593
P2, tp=1, ts=1
P1, tp=1, ts=1, x0=655358986, x1=884519888
P3, tp=1, ts=1, x0=361839242
P2, tp=1, ts=1
P2, tp=1, ts=1
P2, tp=1, ts=1
P2, tp=1, ts=1
P1, tp=1, ts=1, x0=287337523, x1=56996216
P3, tp=1, ts=1, x0=677028439
P0, tp=1, ts=1
P1, tp=1, ts=1, x0=419048589, x1=36012099
P3, tp=1, ts=1, x0=34216644
P0, tp=1, ts=1
P0, tp=1, ts=1
P2, tp=1, ts=1
P0, tp=1, ts=1
P1, tp=1, ts=1, x0=468484612, x1=1094701
P0, tp=1, ts=1
P1, tp=1, ts=1, x0=1094701, x1=942252593
P1, tp=1, ts=1, x0=874465000, x1=922166512
P2, tp=1, ts=1
P3, tp=1, ts=1, x0=489159876
P0, tp=1, ts=1
P2, tp=1, ts=1
P0, tp=1, ts=1
P3, tp=1, ts=1, x0=859290031
P3, tp=1, ts=1, x0=499919615
P1, tp=1, ts=1, x0=846052324, x1=804290433
P1, tp=1, ts=1, x0=677028439, x1=922166512
P3, tp=1, ts=1, x0=940829925
P0, tp=1, ts=1
P0, tp=1, ts=1
P3, tp=1, ts=1, x0=14884036
P0, tp=1, ts=1
P0, tp=1, ts=1
P1, tp=1, ts=1, x0=832761777, x1=884519888
P2, tp=1, ts=1
P0, tp=1, ts=1
P0, tp=1, ts=1
P2, tp=1, ts=1
P2, tp=1, ts=1
P0, tp=1, ts=1
P0, tp=1, ts=1
P2, tp=1, ts=1
P0, tp=1, ts=1
P1, tp=1, ts=1, x0=533814955, x1=14884036
P0, tp=1, ts=1
P0, tp=1, ts=1
P2, tp=1, ts=1
P2, tp=1, ts=1
P1, tp=1, ts=1, x0=814564738, x1=533814955
P1, tp=1, ts=1, x0=499520769, x1=959206315
P0, tp=1, ts=1
P0, tp=1, ts=1
P1, tp=1, ts=1, x0=703104996, x1=369833068
P2, tp=1, ts=1
P2, tp=1, ts=1
P2, tp=1, ts=1
P0, tp=1, ts=1
P1, tp=1, ts=1, x0=836524570, x1=13974331
P2, tp=1, ts=1
P0, tp=1, ts=1
P2, tp=1, ts=1
P1, tp=1, ts=1, x0=655358986, x1=171063712
P0, tp=1, ts=1
P3, tp=1, ts=1, x0=499919615
P0, tp=1, ts=1
P1, tp=1, ts=1, x0=500447516, x1=94191527
P2, tp=1, ts=1
P0, tp=1, ts=1
P3, tp=1, ts=1, x0=967534496
P0, tp=1, ts=1
P3, tp=1, ts=1, x0=804290433
P3, tp=1, ts=1, x0=533458709
P1, tp=1, ts=1, x0=369833068, x1=533458709
P1, tp=1, ts=1, x0=859290031, x1=361839242
P3, tp=1, ts=1, x0=302645796
P1, tp=1, ts=1, x0=302645796, x1=516765512
P0, tp=1, ts=1
P1, tp=1, ts=1, x0=281208801, x1=171063712
P2, tp=1, ts=1
P2, tp=1, ts=1
P3, tp=1, ts=1, x0=163061217
P0, tp=1, ts=1
P2, tp=1, ts=1
P0, tp=1, ts=1
P2, tp=1, ts=1
P2, tp=1, ts=1
P2, tp=1, ts=1
P0, tp=1, ts=1
P0, tp=1, ts=1
P3, tp=1, ts=1, x0=516765512
P3, tp=1, ts=1, x0=367082317
P2, tp=1, ts=1
P1, tp=1, ts=1, x0=922166512, x1=491488954
P3, tp=1, ts=1, x0=514548213
P3, tp=1, ts=1, x0=240735579
P2, tp=1, ts=1
P2, tp=1, ts=1
P2, tp=1, ts=1
P2, tp=1, ts=1
P1, tp=1, ts=1, x0=375139833, x1=919358086
P3, tp=1, ts=1, x0=287337523
P3, tp=1, ts=1, x0=922949071
P2, tp=1, ts=1
P0, tp=1, ts=1
P1, tp=1, ts=1, x0=29002103, x1=554701366
P2, tp=1, ts=1
P2, tp=1, ts=1
P1, tp=1, ts=1, x0=516765512, x1=56996216
P1, tp=1, ts=1, x0=361839242, x1=700653903
P1, tp=1, ts=1, x0=865149973, x1=314982384
P2, tp=1, ts=1
P2, tp=1, ts=1
P2, tp=1, ts=1
P2, tp=1, ts=1
P2, tp=1, ts=1
P2, tp=1, ts=1
P2, tp=1, ts=1
P3, tp=1, ts=1, x0=137992865
P3, tp=1, ts=1, x0=918172626
P0, tp=1, ts=1
P1, tp=1, ts=1, x0=884519888, x1=865149973
P1, tp=1, ts=1, x0=804290433, x1=94191527
P0, tp=1, ts=1
P1, tp=1, ts=1, x0=619094323, x1=258571183
P1, tp=1, ts=1, x0=533814955, x1=782747705
P0, tp=1, ts=1
P2, tp=1, ts=1
P2, tp=1, ts=1
P0, tp=1, ts=1
P0, tp=1, ts=1
P2, tp=1, ts=1
P3, tp=1, ts=1, x0=499919615
P3, tp=1, ts=1, x0=829977396
P1, tp=1, ts=1, x0=137992865, x1=655924144
P0, tp=1, ts=1
P2, tp=1, ts=1
P2, tp=1, ts=1
P2, tp=1, ts=1
P1, tp=1, ts=1, x0=36012099, x1=287337523
P3, tp=1, ts=1, x0=940829925
P1, tp=1, ts=1, x0=36012099, x1=378028440
P2, tp=1, ts=1
P3, tp=1, ts=1, x0=367062533
P0, tp=1, ts=1
P0, tp=1, ts=1
P2, tp=1, ts=1
P1, tp=1, ts=1, x0=551695068, x1=922949071
P1, tp=1, ts=1, x0=308775951, x1=308775951
P3, tp=1, ts=1, x0=378028440
P0, tp=1, ts=1
P1, tp=1, ts=1, x0=551695068, x1=308775951
P3, tp=1, ts=1, x0=383700687
P3, tp=1, ts=1, x0=742997661
P3, tp=1, ts=1, x0=34216644
P2, tp=1, ts=1
P2, tp=1, ts=1
P3, tp=1, ts=1, x0=524049753
P3, tp=1, ts=1, x0=829977396
P2, tp=1, ts=1
P1, tp=1, ts=1, x0=183838547, x1=372304439
P2, tp=1, ts=1
P3, tp=1, ts=1, x0=782747705
P1, tp=1, ts=1, x0=290156642, x1=846303794
P2, tp=1, ts=1
P2, tp=1, ts=1
P3, tp=1, ts=1, x0=891823365
P0, tp=1, ts=1
P1, tp=1, ts=1, x0=636105593, x1=865149973
P2, tp=1, ts=1
P2, tp=1, ts=1
P1, tp=1, ts=1, x0=207965030, x1=281208801
P3, tp=1, ts=1, x0=922949071
P2, tp=1, ts=1
P1, tp=1, ts=1, x0=822765760, x1=56996216
P3, tp=1, ts=1, x0=382459427
P2, tp=1, ts=1
P1, tp=1, ts=1, x0=604760530, x1=836524570
P3, tp=1, ts=1, x0=281208801
P0, tp=1, ts=1
P2, tp=1, ts=1
P0, tp=1, ts=1
P1, tp=1, ts=1, x0=240735579, x1=372304439
P2, tp=1, ts=1
P0, tp=1, ts=1
P3, tp=1, ts=1, x0=859290031
P2, tp=1, ts=1
P1, tp=1, ts=1, x0=94191527, x1=593991400
P2, tp=1, ts=1
P1, tp=1, ts=1, x0=690209791, x1=976062358
P1, tp=1, ts=1, x0=94191527, x1=832761777
P2, tp=1, ts=1
P3, tp=1, ts=1, x0=29002103
P0, tp=1, ts=1
P1, tp=1, ts=1, x0=533458709, x1=533458709
P1, tp=1, ts=1, x0=382459427, x1=990406599
P0, tp=1, ts=1
P2, tp=1, ts=1
P2, tp=1, ts=1
P0, tp=1, ts=1
P3, tp=1, ts=1, x0=36419522
P2, tp=1, ts=1
P1, tp=1, ts=1, x0=499520769, x1=449778620
P1, tp=1, ts=1, x0=626199108, x1=449778620
P3, tp=1, ts=1, x0=891823365
P1, tp=1, ts=1, x0=494963617, x1=859290031
P3, tp=1, ts=1, x0=903421800
P0, tp=1, ts=1
P0, tp=1, ts=1
P3, tp=1, ts=1, x0=375139833
P0, tp=1, ts=1
P0, tp=1, ts=1
P1, tp=1, ts=1, x0=846303794, x1=619094323
P3, tp=1, ts=1, x0=942252593
P2, tp=1, ts=1
P2, tp=1, ts=1
P3, tp=1, ts=1, x0=942252593
P0, tp=1, ts=1
P1, tp=1, ts=1, x0=11948039, x1=14917224
P3, tp=1, ts=1, x0=655358986
P0, tp=1, ts=1
P3, tp=1, ts=1, x0=959206315
P0, tp=1, ts=1
P3, tp=1, ts=1, x0=367082317
P3, tp=1, ts=1, x0=836524570
P1, tp=1, ts=1, x0=449778620, x1=677028439
P1, tp=1, ts=1, x0=688675544, x1=36419522
P3, tp=1, ts=1, x0=524049753
P0, tp=1, ts=1
P3, tp=1, ts=1, x0=859290031
P0, tp=1, ts=1
P3, tp=1, ts=1, x0=372304439
P3, tp=1, ts=1, x0=846303794
P0, tp=1, ts=1
P0, tp=1, ts=1
P2, tp=1, ts=1
P2, tp=1, ts=1
P1, tp=1, ts=1, x0=229332431, x1=852937355
P0, tp=1, ts=1
P3, tp=1, ts=1, x0=314982384
P2, tp=1, ts=1
P3, tp=1, ts=1, x0=647888196
P2, tp=1, ts=1
P3, tp=1, ts=1, x0=977132019
P2, tp=1, ts=1
P3, tp=1, ts=1, x0=361839242
P0, tp=1, ts=1
P0, tp=1, ts=1
P2, tp=1, ts=1
P3, tp=1, ts=1, x0=865149973
P1, tp=1, ts=1, x0=647888196, x1=34216644
P0, tp=1, ts=1
P2, tp=1, ts=1
P1, tp=1, ts=1, x0=690209791, x1=258571183
P2, tp=1, ts=1
P1, tp=1, ts=1, x0=742997661, x1=314982384
P2, tp=1, ts=1
P2, tp=2, ts=2
P3, tp=2, ts=2, x0=604760530
P0, tp=2, ts=2
P1, tp=2, ts=2, x0=449778620, x1=34216644
P1, tp=2, ts=2, x0=891823365, x1=78783683
P2, tp=2, ts=2
P3, tp=2, ts=2, x0=636105593
P1, tp=2, ts=2, x0=540011444, x1=700653903
P1, tp=2, ts=2, x0=499919615, x1=447033727
P2, tp=2, ts=2
P0, tp=2, ts=2
P1, tp=2, ts=2, x0=829977396, x1=372304439
P3, tp=2, ts=2, x0=846052324
P3, tp=2, ts=2, x0=287337523
P3, tp=2, ts=2, x0=14917224
P3, tp=2, ts=2, x0=531025210
P2, tp=2, ts=2
P1, tp=2, ts=2, x0=372304439, x1=36419522
P3, tp=2, ts=2, x0=836858184
P0, tp=2, ts=2
P1, tp=2, ts=2, x0=499919615, x1=447033727
P2, tp=2, ts=2
P0, tp=2, ts=2
P3, tp=2, ts=2, x0=846303794
P1, tp=2, ts=2, x0=655358986, x1=514548213
P1, tp=2, ts=2, x0=859290031, x1=94191527
P2, tp=2, ts=2
P3, tp=2, ts=2, x0=829977396
P3, tp=2, ts=2, x0=281208801
P3, tp=2, ts=2, x0=742997661
P2, tp=2, ts=2
P0, tp=2, ts=2
P2, tp=2, ts=2
P3, tp=2, ts=2, x0=367062533
P1, tp=2, ts=2, x0=78783683, x1=29002103
P2, tp=2, ts=2
P0, tp=2, ts=2
P0, tp=2, ts=2
P0, tp=2, ts=2
P1, tp=2, ts=2, x0=846303794, x1=207965030
P3, tp=2, ts=2, x0=281208801
P2, tp=2, ts=2
P0, tp=2, ts=2
P3, tp=2, ts=2, x0=990406599
P1, tp=2, ts=2, x0=836524570, x1=865149973
P2, tp=2, ts=2
P1, tp=2, ts=2, x0=977132019, x1=829977396
P0, tp=2, ts=2
P1, tp=2, ts=2, x0=11948039, x1=207965030
P0, tp=2, ts=2
P3, tp=2, ts=2, x0=56996216
P2, tp=2, ts=2
P0, tp=2, ts=2
P3, tp=2, ts=2, x0=331266200
P3, tp=2, ts=2, x0=540011444
P2, tp=2, ts=2
P2, tp=2, ts=2
P0, tp=2, ts=2
P3, tp=2, ts=2, x0=367082317
P2, tp=2, ts=2
P0, tp=2, ts=2
P3, tp=2, ts=2, x0=473237444
P3, tp=2, ts=2, x0=77867102
P2, tp=2, ts=2
P0, tp=2, ts=2
P3, tp=2, ts=2, x0=65585272
P1, tp=2, ts=2, x0=782747705, x1=144306508
P2, tp=2, ts=2
P2, tp=2, ts=2
P0, tp=2, ts=2
P2, tp=2, ts=2
P3, tp=2, ts=2, x0=977132019
P0, tp=2, ts=2
P2, tp=2, ts=2
P0, tp=2, ts=2
P2, tp=2, ts=2
P2, tp=2, ts=2
P0, tp=2, ts=2
P0, tp=2, ts=2
P1, tp=2, ts=2, x0=919358086, x1=852937355
P1, tp=2, ts=2, x0=903421800, x1=551695068
P0, tp=2, ts=2
P0, tp=2, ts=2
P2, tp=2, ts=2
P3, tp=2, ts=2, x0=361839242
P3, tp=2, ts=2, x0=688675544
P1, tp=2, ts=2, x0=367082317, x1=918172626
P2, tp=2, ts=2
P2, tp=2, ts=2
P1, tp=2, ts=2, x0=782747705, x1=277349066
P0, tp=2, ts=2
P2, tp=2, ts=2
P0, tp=2, ts=2
P3, tp=2, ts=2, x0=742997661
P2, tp=2, ts=2
P1, tp=2, ts=2, x0=647888196, x1=655924144
P3, tp=2, ts=2, x0=361839242
P3, tp=2, ts=2, x0=976062358
P2, tp=2, ts=2
P3, tp=2, ts=2, x0=886151951
P2, tp=2, ts=2
P1, tp=2, ts=2, x0=813149273, x1=382459427
P2, tp=2, ts=2
P2, tp=2, ts=2
P3, tp=2, ts=2, x0=677028439
P2, tp=2, ts=2
P1, tp=2, ts=2, x0=540011444, x1=540011444
P0, tp=2, ts=2
P2, tp=2, ts=2
P2, tp=2, ts=2
P1, tp=2, ts=2, x0=690209791, x1=846303794
P1, tp=2, ts=2, x0=122874324, x1=919358086
P2, tp=2, ts=2
P2, tp=2, ts=2
P3, tp=2, ts=2, x0=258571183
P1, tp=2, ts=2, x0=874465000, x1=287337523
P3, tp=2, ts=2, x0=859290031
P2, tp=2, ts=2
P0, tp=2, ts=2
P2, tp=2, ts=2
P1, tp=2, ts=2, x0=859290031, x1=524049753
P2, tp=2, ts=2
P0, tp=2, ts=2
P0, tp=2, ts=2
P2, tp=2, ts=2
P2, tp=2, ts=2
P3, tp=2, ts=2, x0=846052324
P1, tp=2, ts=2, x0=281208801, x1=94191527
P0, tp=2, ts=2
P0, tp=2, ts=2
P3, tp=2, ts=2, x0=34216644
P0, tp=2, ts=2
P2, tp=2, ts=2
P2, tp=2, ts=2
P3, tp=2, ts=2, x0=410379847
P2, tp=2, ts=2
P3, tp=2, ts=2, x0=491488954
P1, tp=2, ts=2, x0=290156642, x1=94191527
P3, tp=2, ts=2, x0=384243421
P0, tp=2, ts=2
P1, tp=2, ts=2, x0=310706839, x1=361839242
P2, tp=2, ts=2
P0, tp=2, ts=2
P1, tp=2, ts=2, x0=277349066, x1=94191527
P2, tp=2, ts=2
P2, tp=2, ts=2
P0, tp=2, ts=2
P0, tp=2, ts=2
P0, tp=2, ts=2
P3, tp=2, ts=2, x0=499919615
P1, tp=2, ts=2, x0=852937355, x1=473237444
P1, tp=2, ts=2, x0=499520769, x1=846052324
P3, tp=2, ts=2, x0=769575720
P1, tp=2, ts=2, x0=281208801, x1=287337523
P0, tp=2, ts=2
P1, tp=2, ts=2, x0=977132019, x1=852937355
P3, tp=2, ts=2, x0=499520769
P3, tp=2, ts=2, x0=769575720
P1, tp=2, ts=2, x0=78783683, x1=852937355
P0, tp=2, ts=2
P3, tp=2, ts=2, x0=111882559
P2, tp=2, ts=2
P3, tp=2, ts=2, x0=742997661
P1, tp=2, ts=2, x0=835151261, x1=976062358
P0, tp=2, ts=2
P3, tp=2, ts=2, x0=742997661
P1, tp=2, ts=2, x0=287337523, x1=518614260
P3, tp=2, ts=2, x0=865149973
P2, tp=2, ts=2
P3, tp=2, ts=2, x0=524049753
P3, tp=2, ts=2, x0=690209791
P1, tp=2, ts=2, x0=742997661, x1=886151951
P2, tp=2, ts=2
P3, tp=2, ts=2, x0=34216644
P1, tp=2, ts=2, x0=384243421, x1=499520769
P0, tp=2, ts=2
P1, tp=2, ts=2, x0=410379847, x1=277349066
P2, tp=2, ts=2
P0, tp=2, ts=2
P0, tp=2, ts=2
P3, tp=2, ts=2, x0=836162962
P2, tp=2, ts=2
P2, tp=2, ts=2
P3, tp=2, ts=2, x0=976062358
P3, tp=2, ts=2, x0=516765512
P3, tp=2, ts=2, x0=836858184
P2, tp=2, ts=2
P3, tp=2, ts=2, x0=36419522
P2, tp=2, ts=2
P0, tp=2, ts=2
P3, tp=2, ts=2, x0=281208801
P0, tp=2, ts=2
P0, tp=2, ts=2
P0, tp=2, ts=2
P0, tp=2, ts=2
P2, tp=2, ts=2
P1, tp=2, ts=2, x0=700653903, x1=660157434
P2, tp=2, ts=2
P1, tp=2, ts=2, x0=604760530, x1=742997661
P2, tp=2, ts=2
P3, tp=2, ts=2, x0=14884036
P0, tp=2, ts=2
P1, tp=2, ts=2, x0=137992865, x1=398881811
P0, tp=2, ts=2
P0, tp=2, ts=2
P1, tp=2, ts=2, x0=782747705, x1=874465000
P3, tp=2, ts=2, x0=94191527
P2, tp=2, ts=2
P2, tp=2, ts=2
P1, tp=2, ts=2, x0=137992865, x1=846052324
P1, tp=2, ts=2, x0=14884036, x1=489159876
P2, tp=2, ts=2
P1, tp=2, ts=2, x0=570655941, x1=122874324
P0, tp=2, ts=2
P3, tp=2, ts=2, x0=540011444
P3, tp=2, ts=2, x0=874465000
P0, tp=2, ts=2
P0, tp=2, ts=2
P2, tp=2, ts=2
P3, tp=2, ts=2, x0=372304439
P1, tp=2, ts=2, x0=213970894, x1=874465000
P3, tp=2, ts=2, x0=804290433
P2, tp=2, ts=2
P0, tp=2, ts=2
P2, tp=2, ts=2
P0, tp=2, ts=2
P3, tp=2, ts=2, x0=782747705
P2, tp=2, ts=2
P2, tp=2, ts=2
P2, tp=2, ts=2
P2, tp=2, ts=2
P3, tp=2, ts=2, x0=940829925
P3, tp=2, ts=2, x0=813149273
P0, tp=2, ts=2
P1, tp=2, ts=2, x0=213970894, x1=516765512
P2, tp=2, ts=2
P3, tp=2, ts=2, x0=122874324
P1, tp=2, ts=2, x0=29697140, x1=349100025
P3, tp=2, ts=2, x0=769575720
P1, tp=2, ts=2, x0=540011444, x1=540011444
P3, tp=2, ts=2, x0=144306508
P0, tp=2, ts=2
P3, tp=2, ts=2, x0=647888196
P2, tp=2, ts=2
P1, tp=2, ts=2, x0=473237444, x1=804290433
P0, tp=2, ts=2
P3, tp=2, ts=2, x0=56996216
P1, tp=2, ts=2, x0=919358086, x1=604760530
P3, tp=2, ts=2, x0=14917224
P3, tp=2, ts=2, x0=73363563
P0, tp=2, ts=2
P1, tp=2, ts=2, x0=36419522, x1=53293739
P0, tp=2, ts=2
P1, tp=2, ts=2, x0=903421800, x1=14884036
P0, tp=2, ts=2
P0, tp=2, ts=2
P1, tp=2, ts=2, x0=533814955, x1=331266200
P0, tp=2, ts=2
P2, tp=2, ts=2
P0, tp=2, ts=2
P1, tp=2, ts=2, x0=94191527, x1=308775951
P2, tp=2, ts=2
P2, tp=2, ts=2
P1, tp=2, ts=2, x0=36419522, x1=903421800
P3, tp=2, ts=2, x0=449778620
P3, tp=2, ts=2, x0=816192593
P1, tp=2, ts=2, x0=593991400, x1=258571183
P2, tp=2, ts=2
P1, tp=2, ts=2, x0=367082317, x1=144306508
P0, tp=2, ts=2
P2, tp=2, ts=2
P2, tp=2, ts=2
P0, tp=2, ts=2
P1, tp=2, ts=2, x0=700653903, x1=852937355
P3, tp=2, ts=2, x0=378028440
P0, tp=2, ts=2
P3, tp=2, ts=2, x0=859290031
P2, tp=2, ts=2
P3, tp=2, ts=2, x0=531025210
P2, tp=2, ts=2
P0, tp=2, ts=2
P0, tp=2, ts=2
P1, tp=2, ts=2, x0=314982384, x1=886151951
P2, tp=2, ts=2
P0, tp=2, ts=2
P0, tp=2, ts=2
P1, tp=2, ts=2, x0=518614260, x1=647888196
P3, tp=2, ts=2, x0=213970894
P2, tp=2, ts=2
P2, tp=2, ts=2
P2, tp=2, ts=2
P0, tp=2, ts=2
P2, tp=2, ts=2
P3, tp=2, ts=2, x0=804290433
P3, tp=2, ts=2, x0=836524570
P0, tp=2, ts=2
P1, tp=2, ts=2, x0=379060307, x1=491488954
P3, tp=2, ts=2, x0=690209791
P0, tp=2, ts=2
P2, tp=2, ts=2
P2, tp=2, ts=2
P0, tp=2, ts=2
P1, tp=2, ts=2, x0=447033727, x1=846052324
P0, tp=2, ts=2
P2, tp=2, ts=2
P3, tp=2, ts=2, x0=836858184
P2, tp=2, ts=2
P0, tp=2, ts=2
P2, tp=2, ts=2
P2, tp=2, ts=2
P2, tp=2, ts=2
P2, tp=2, ts=2
P3, tp=2, ts=2, x0=587814251
P1, tp=2, ts=2, x0=94191527, x1=442194634
P1, tp=2, ts=2, x0=604760530, x1=410379847
P2, tp=2, ts=2
P2, tp=2, ts=2
P2, tp=2, ts=2
P2, tp=2, ts=2
P1, tp=2, ts=2, x0=288896971, x1=990406599
P1, tp=2, ts=2, x0=499919615, x1=865149973
P3, tp=2, ts=2, x0=163061217
P3, tp=2, ts=2, x0=891823365
P0, tp=2, ts=2
P2, tp=2, ts=2
P0, tp=2, ts=2
P1, tp=2, ts=2, x0=903421800, x1=242232605
P2, tp=2, ts=2
P2, tp=2, ts=2
P3, tp=2, ts=2, x0=604760530
P2, tp=2, ts=2
P2, tp=2, ts=2
P2, tp=2, ts=2
P0, tp=2, ts=2
P0, tp=2, ts=2
P0, tp=2, ts=2
P1, tp=2, ts=2, x0=914498573, x1=379060307
P3, tp=2, ts=2, x0=229332431
P0, tp=2, ts=2
P0, tp=2, ts=2
P1, tp=2, ts=2, x0=742997661, x1=655358986
P1, tp=2, ts=2, x0=398881811, x1=34216644
P3, tp=2, ts=2, x0=489159876
P3, tp=2, ts=2, x0=560240386
P3, tp=2, ts=2, x0=521237446
P2, tp=2, ts=2
P2, tp=2, ts=2
P3, tp=2, ts=2, x0=227066681
P2, tp=2, ts=2
P1, tp=2, ts=2, x0=660157434, x1=111882559
P1, tp=2, ts=2, x0=813149273, x1=990406599
P2, tp=2, ts=2
P1, tp=2, ts=2, x0=499520769, x1=499520769
P0, tp=2, ts=2
P1, tp=2, ts=2, x0=11948039, x1=750970743
P3, tp=2, ts=2, x0=521237446
P2, tp=2, ts=2
P0, tp=2, ts=2
P2, tp=2, ts=2
P3, tp=2, ts=2, x0=372304439
P1, tp=2, ts=2, x0=619094323, x1=375036726
P3, tp=2, ts=2, x0=379060307
P1, tp=2, ts=2, x0=865149973, x1=809014425
P3, tp=2, ts=2, x0=903421800
P2, tp=2, ts=2
P0, tp=2, ts=2
P3, tp=2, ts=2, x0=852937355
P0, tp=2, ts=2
P2, tp=2, ts=2
P1, tp=2, ts=2, x0=516765512, x1=34216644
P3, tp=2, ts=2, x0=524049753
P3, tp=2, ts=2, x0=494963617
P2, tp=2, ts=2
P3, tp=2, ts=2, x0=435046155
P3, tp=2, ts=2, x0=540011444
P3, tp=2, ts=2, x0=570655941
P0, tp=2, ts=2
P1, tp=2, ts=2, x0=804290433, x1=494963617
P2, tp=2, ts=2
P2, tp=2, ts=2
P0, tp=2, ts=2
P2, tp=2, ts=2
P3, tp=2, ts=2, x0=29002103
P3, tp=2, ts=2, x0=449967910
P2, tp=2, ts=2
P3, tp=2, ts=2, x0=281208801
P3, tp=2, ts=2, x0=543992888
P0, tp=2, ts=2
P0, tp=2, ts=2
P1, tp=2, ts=2, x0=846052324, x1=642402964
P2, tp=2, ts=2
P2, tp=2, ts=2
P0, tp=2, ts=2
P2, tp=2, ts=2
P2, tp=2, ts=2
P3, tp=2, ts=2, x0=14917224
P1, tp=2, ts=2, x0=133795120, x1=57919239
P1, tp=2, ts=2, x0=398881811, x1=300874371
P1, tp=2, ts=2, x0=207965030, x1=308775951
P0, tp=2, ts=2
P2, tp=2, ts=2
P3, tp=2, ts=2, x0=636105593
P0, tp=2, ts=2
P1, tp=2, ts=2, x0=308775951, x1=836858184
P0, tp=2, ts=2
P0, tp=2, ts=2
P3, tp=2, ts=2, x0=636105593
P2, tp=2, ts=2
P1, tp=2, ts=2, x0=551695068, x1=587814251
P2, tp=2, ts=2
P3, tp=2, ts=2, x0=540011444
P2, tp=2, ts=2
P1, tp=2, ts=2, x0=73363563, x1=34216644
P1, tp=2, ts=2, x0=570655941, x1=813149273
P0, tp=2, ts=2
P3, tp=2, ts=2, x0=678285908
P0, tp=2, ts=2
P0, tp=2, ts=2
P3, tp=2, ts=2, x0=619094323
P3, tp=2, ts=2, x0=836858184
P1, tp=2, ts=2, x0=398881811, x1=449778620
P3, tp=2, ts=2, x0=378028440
P0, tp=2, ts=2
P3, tp=2, ts=2, x0=449967910
P3, tp=2, ts=2, x0=239298198
P0, tp=2, ts=2
P1, tp=2, ts=2, x0=77867102, x1=372304439
P3, tp=2, ts=2, x0=836858184
P2, tp=2, ts=2
P3, tp=2, ts=2, x0=77867102
P3, tp=2, ts=2, x0=382459427
P3, tp=2, ts=2, x0=300874371
P0, tp=2, ts=2
P2, tp=2, ts=2
P0, tp=2, ts=2
P1, tp=2, ts=2, x0=398881811, x1=425279847
P3, tp=2, ts=2, x0=53293739
P2, tp=2, ts=2
P1, tp=2, ts=2, x0=53293739, x1=836858184
P1, tp=2, ts=2, x0=990406599, x1=227066681
P1, tp=2, ts=2, x0=655924144, x1=449778620
P2, tp=2, ts=2
P1, tp=2, ts=2, x0=122874324, x1=350135839
P0, tp=2, ts=2
P0, tp=2, ts=2
P2, tp=2, ts=2
P2, tp=2, ts=2
P3, tp=2, ts=2, x0=700653903
P1, tp=2, ts=2, x0=570655941, x1=524049753
P3, tp=2, ts=2, x0=281208801
P3, tp=2, ts=2, x0=144306508
P0, tp=2, ts=2
P2, tp=2, ts=2
P3, tp=2, ts=2, x0=865149973
P2, tp=2, ts=2
P0, tp=2, ts=2
P1, tp=2, ts=2, x0=533814955, x1=554701366
P0, tp=2, ts=2
P3, tp=2, ts=2, x0=922949071
P0, tp=2, ts=2
P1, tp=2, ts=2, x0=884519888, x1=367062533
P1, tp=2, ts=2, x0=410379847, x1=593991400
P0, tp=2, ts=2
P3, tp=2, ts=2, x0=227066681
P3, tp=2, ts=2, x0=14884036
P0, tp=2, ts=2
P3, tp=2, ts=2, x0=213970894
P0, tp=2, ts=2
P2, tp=2, ts=2
P2, tp=2, ts=2
P0, tp=2, ts=2
P1, tp=2, ts=2, x0=587814251, x1=367062533
P2, tp=2, ts=2
P3, tp=2, ts=2, x0=442194634
P3, tp=2, ts=2, x0=593991400
P2, tp=2, ts=2
P1, tp=2, ts=2, x0=472517426, x1=750970743
P0, tp=2, ts=2
P2, tp=2, ts=2
P0, tp=2, ts=2
P3, tp=2, ts=2, x0=918172626
P3, tp=2, ts=2, x0=511362766
P2, tp=2, ts=2
P2, tp=2, ts=2
P1, tp=2, ts=2, x0=499919615, x1=555530616
P2, tp=2, ts=2
P0, tp=2, ts=2
P2, tp=2, ts=2
P0, tp=2, ts=2
P0, tp=2, ts=2
P2, tp=2, ts=2
P2, tp=2, ts=2
P0, tp=2, ts=2
P0, tp=2, ts=2
P0, tp=2, ts=2
P0, tp=2, ts=2
P1, tp=2, ts=2, x0=398881811, x1=213970894
P3, tp=2, ts=2, x0=242232605
P1, tp=2, ts=2, x0=133795120, x1=308775951
P0, tp=2, ts=2
P3, tp=2, ts=2, x0=521237446
P2, tp=2, ts=2
P1, tp=2, ts=2, x0=655358986, x1=700653903
P2, tp=2, ts=2
P0, tp=2, ts=2
P0, tp=2, ts=2
P3, tp=2, ts=2, x0=442194634
P1, tp=2, ts=2, x0=511362766, x1=678285908
P1, tp=2, ts=2, x0=990406599, x1=43353433
P1, tp=2, ts=2, x0=555530616, x1=379060307
P3, tp=2, ts=2, x0=435046155
P1, tp=2, ts=2, x0=809014425, x1=678285908
P0, tp=2, ts=2
P2, tp=2, ts=2
P1, tp=2, ts=2, x0=540011444, x1=449778620
P0, tp=2, ts=2
P0, tp=2, ts=2
P3, tp=2, ts=2, x0=788343862
P0, tp=2, ts=2
P1, tp=2, ts=2, x0=551695068, x1=359782881
P3, tp=2, ts=2, x0=382459427
P1, tp=2, ts=2, x0=350135839, x1=543992888
P3, tp=2, ts=2, x0=379060307
P2, tp=2, ts=2
P2, tp=2, ts=2
P2, tp=2, ts=2
P2, tp=2, ts=2
P0, tp=2, ts=2
P2, tp=2, ts=2
P0, tp=2, ts=2
P1, tp=2, ts=2, x0=350135839, x1=425279847
P2, tp=2, ts=2
P2, tp=2, ts=2
P0, tp=2, ts=2
P2, tp=2, ts=2
P0, tp=2, ts=2
P3, tp=2, ts=2, x0=472517426
P1, tp=2, ts=2, x0=940829925, x1=919358086
P1, tp=2, ts=2, x0=133795120, x1=677028439
P2, tp=2, ts=2
P2, tp=2, ts=2
P1, tp=2, ts=2, x0=14917224, x1=977132019
P2, tp=2, ts=2
P2, tp=2, ts=2
P1, tp=2, ts=2, x0=977132019, x1=367062533
P0, tp=2, ts=2
P1, tp=2, ts=2, x0=350135839, x1=494963617
P3, tp=2, ts=2, x0=742997661
P2, tp=2, ts=2
P0, tp=2, ts=2
P3, tp=2, ts=2, x0=816192593
P3, tp=2, ts=2, x0=587814251
P2, tp=2, ts=2
P3, tp=2, ts=2, x0=655358986
P1, tp=2, ts=2, x0=442194634, x1=678285908
P2, tp=2, ts=2
P2, tp=2, ts=2
P3, tp=2, ts=2, x0=163061217
P0, tp=2, ts=2
P2, tp=2, ts=2
P3, tp=2, ts=2, x0=800699294
P0, tp=2, ts=2
P2, tp=2, ts=2
P1, tp=2, ts=2, x0=94191527, x1=367082317
P1, tp=2, ts=2, x0=886151951, x1=133795120
P2, tp=2, ts=2
P0, tp=2, ts=2
P1, tp=2, ts=2, x0=700653903, x1=678285908
P3, tp=2, ts=2, x0=372304439
P3, tp=2, ts=2, x0=375036726
P1, tp=2, ts=2, x0=443552734, x1=144306508
P2, tp=2, ts=2
P0, tp=2, ts=2
P1, tp=2, ts=2, x0=531025210, x1=435046155
P2, tp=2, ts=2
P1, tp=2, ts=2, x0=800699294, x1=688675544
P2, tp=2, ts=2
P1, tp=2, ts=2, x0=350135839, x1=442194634
P2, tp=2, ts=2
P1, tp=2, ts=2, x0=700653903, x1=242232605
P3, tp=2, ts=2, x0=373298134
P1, tp=2, ts=2, x0=555530616, x1=94191527
P2, tp=2, ts=2
P3, tp=2, ts=2, x0=494963617
P1, tp=2, ts=2, x0=919358086, x1=562062224
P0, tp=2, ts=2
P1, tp=2, ts=2, x0=77867102, x1=382459427
P3, tp=2, ts=2, x0=788343862
P3, tp=2, ts=2, x0=58472454
P3, tp=2, ts=2, x0=688675544
P0, tp=2, ts=2
P3, tp=2, ts=2, x0=918172626
P0, tp=2, ts=2
P3, tp=2, ts=2, x0=865149973
P3, tp=2, ts=2, x0=53293739
P2, tp=2, ts=2
P1, tp=2, ts=2, x0=560240386, x1=472517426
P1, tp=2, ts=2, x0=398881811, x1=521237446
P2, tp=2, ts=2
P3, tp=2, ts=2, x0=382459427
P1, tp=2, ts=2, x0=310706839, x1=655358986
P3, tp=2, ts=2, x0=852937355
P2, tp=2, ts=2
P0, tp=2, ts=2
P1, tp=2, ts=2, x0=852937355, x1=56996216
P1, tp=2, ts=2, x0=308775951, x1=636105593
P0, tp=2, ts=2
P3, tp=2, ts=2, x0=914498573
P3, tp=2, ts=2, x0=239298198
P3, tp=2, ts=2, x0=163061217
P3, tp=2, ts=2, x0=14884036
P0, tp=2, ts=2
P2, tp=2, ts=2
P0, tp=2, ts=2
P1, tp=2, ts=2, x0=373298134, x1=288896971
P3, tp=2, ts=2, x0=715723205
P2, tp=2, ts=2
P1, tp=2, ts=2, x0=58472454, x1=373298134
P0, tp=2, ts=2
P0, tp=2, ts=2
P1, tp=2, ts=2, x0=836162962, x1=14917224
P1, tp=2, ts=2, x0=647888196, x1=153064521
P2, tp=2, ts=2
P2, tp=2, ts=2
P0, tp=2, ts=2
P3, tp=2, ts=2, x0=277349066
P0, tp=2, ts=2
P2, tp=2, ts=2
P0, tp=2, ts=2
P3, tp=2, ts=2, x0=229332431
P3, tp=2, ts=2, x0=521237446
P3, tp=2, ts=2, x0=627939908
P1, tp=2, ts=2, x0=521237446, x1=655924144
P1, tp=2, ts=2, x0=288896971, x1=435046155
P1, tp=2, ts=2, x0=499520769, x1=655358986
P1, tp=2, ts=2, x0=554701366, x1=442194634
P0, tp=2, ts=2
P2, tp=2, ts=2
P3, tp=2, ts=2, x0=375036726
P1, tp=2, ts=2, x0=518614260, x1=449967910
P3, tp=2, ts=2, x0=865149973
P1, tp=2, ts=2, x0=300874371, x1=153064521
P1, tp=2, ts=2, x0=814564738, x1=782747705
P3, tp=2, ts=2, x0=494963617
P2, tp=2, ts=2
P2, tp=2, ts=2
P1, tp=2, ts=2, x0=788343862, x1=928016206
P3, tp=2, ts=2, x0=619094323
P3, tp=2, ts=2, x0=207965030
P0, tp=2, ts=2
P2, tp=2, ts=2
P2, tp=2, ts=2
P2, tp=2, ts=2
P0, tp=2, ts=2
P2, tp=2, ts=2
P3, tp=2, ts=2, x0=554701366
P0, tp=2, ts=2
P3, tp=2, ts=2, x0=401476346
P1, tp=2, ts=2, x0=77867102, x1=531025210
P2, tp=2, ts=2
P2, tp=2, ts=2
P0, tp=2, ts=2
P0, tp=2, ts=2
P3, tp=2, ts=2, x0=524049753
P3, tp=2, ts=2, x0=449778620
P1, tp=2, ts=2, x0=627939908, x1=593991400
P0, tp=2, ts=2
P2, tp=2, ts=2
P0, tp=2, ts=2
P3, tp=2, ts=2, x0=543992888
P2, tp=2, ts=2
P0, tp=2, ts=2
P1, tp=2, ts=2, x0=133795120, x1=367062533
P1, tp=2, ts=2, x0=928016206, x1=976062358
P2, tp=2, ts=2
P1, tp=2, ts=2, x0=660157434, x1=379060307
P0, tp=2, ts=2
P1, tp=2, ts=2, x0=133795120, x1=242232605
P0, tp=2, ts=2
P2, tp=2, ts=2
P2, tp=2, ts=2
P0, tp=2, ts=2
P3, tp=2, ts=2, x0=382459427
P1, tp=2, ts=2, x0=677028439, x1=43353433
P2, tp=2, ts=2
P3, tp=2, ts=2, x0=521237446
P1, tp=2, ts=2, x0=57919239, x1=521237446
P0, tp=2, ts=2
P2, tp=2, ts=2
P0, tp=2, ts=2
P2, tp=2, ts=2
P2, tp=2, ts=2
P0, tp=2, ts=2
P2, tp=2, ts=2
P0, tp=2, ts=2
P3, tp=2, ts=2, x0=443552734
P3, tp=2, ts=2, x0=531025210
P3, tp=2, ts=2, x0=290156642
P3, tp=2, ts=2, x0=485435588
P3, tp=2, ts=2, x0=398881811
P2, tp=2, ts=2
P2, tp=2, ts=2
P1, tp=2, ts=2, x0=531025210, x1=809014425
P0, tp=2, ts=2
P1, tp=2, ts=2, x0=619094323, x1=758722199
P2, tp=2, ts=2
P2, tp=2, ts=2
P1, tp=2, ts=2, x0=410379847, x1=919358086
P2, tp=2, ts=2
P1, tp=2, ts=2, x0=489159876, x1=886151951
P0, tp=2, ts=2
P2, tp=2, ts=2
P0, tp=2, ts=2
P2, tp=2, ts=2
P2, tp=2, ts=2
P0, tp=2, ts=2
P2, tp=2, ts=2
P2, tp=2, ts=2
P3, tp=2, ts=2, x0=914421722
P2, tp=2, ts=2
P2, tp=2, ts=2
P2, tp=2, ts=2
P1, tp=2, ts=2, x0=229332431, x1=443552734
P0, tp=2, ts=2
P1, tp=2, ts=2, x0=58472454, x1=688675544
P3, tp=2, ts=2, x0=813149273
P3, tp=2, ts=2, x0=587814251
P2, tp=2, ts=2
P2, tp=2, ts=2
P2, tp=2, ts=2
P0, tp=2, ts=2
P1, tp=2, ts=2, x0=419963345, x1=782747705
P0, tp=2, ts=2
P3, tp=2, ts=2, x0=419963345
P0, tp=2, ts=2
P1, tp=2, ts=2, x0=213970894, x1=401476346
P0, tp=2, ts=2
P1, tp=2, ts=2, x0=410379847, x1=587814251
P3, tp=2, ts=2, x0=521237446
P1, tp=2, ts=2, x0=814564738, x1=547689030
P2, tp=2, ts=2
P2, tp=2, ts=2
P3, tp=2, ts=2, x0=375036726
P3, tp=2, ts=2, x0=918172626
P1, tp=2, ts=2, x0=809014425, x1=704032238
P0, tp=2, ts=2
P2, tp=2, ts=2
P1, tp=2, ts=2, x0=207965030, x1=788343862
P1, tp=2, ts=2, x0=918172626, x1=58472454
P0, tp=2, ts=2
P0, tp=2, ts=2
P0, tp=2, ts=2
P3, tp=2, ts=2, x0=835151261
P2, tp=2, ts=2
P2, tp=2, ts=2
P1, tp=2, ts=2, x0=410379847, x1=715723205
P2, tp=2, ts=2
P0, tp=2, ts=2
P1, tp=2, ts=2, x0=788343862, x1=375036726
P3, tp=2, ts=2, x0=94191527
P2, tp=2, ts=2
P0, tp=2, ts=2
P1, tp=2, ts=2, x0=660157434, x1=43353433
P2, tp=2, ts=2
P3, tp=2, ts=2, x0=524049753
P2, tp=2, ts=2
P0, tp=2, ts=2
P3, tp=2, ts=2, x0=359782881
P2, tp=2, ts=2
P0, tp=2, ts=2
P0, tp=2, ts=2
P2, tp=2, ts=2
P0, tp=2, ts=2
P3, tp=2, ts=2, x0=516765512
P1, tp=2, ts=2, x0=375036726, x1=688675544
P1, tp=2, ts=2, x0=704032238, x1=379060307
P0, tp=2, ts=2
P0, tp=2, ts=2
P1, tp=2, ts=2, x0=835151261, x1=419963345
P0, tp=2, ts=2
P1, tp=2, ts=2, x0=56996216, x1=14884036
P3, tp=2, ts=2, x0=700653903
P3, tp=2, ts=2, x0=677028439
P1, tp=2, ts=2, x0=543992888, x1=367062533
P2, tp=2, ts=2
P1, tp=2, ts=2, x0=547689030, x1=511362766
P1, tp=2, ts=2, x0=431733222, x1=647888196
P1, tp=2, ts=2, x0=419963345, x1=375036726
P2, tp=2, ts=2
P0, tp=2, ts=2
P2, tp=2, ts=2
P3, tp=2, ts=2, x0=570655941
P2, tp=2, ts=2
P2, tp=2, ts=2
P2, tp=2, ts=2
P1, tp=2, ts=2, x0=516765512, x1=976062358
P0, tp=2, ts=2
P1, tp=2, ts=2, x0=435046155, x1=778896462
P3, tp=2, ts=2, x0=229332431
P2, tp=2, ts=2
P0, tp=2, ts=2
P0, tp=2, ts=2
P0, tp=2, ts=2
P0, tp=2, ts=2
P3, tp=2, ts=2, x0=107287293
P3, tp=2, ts=2, x0=554701366
P3, tp=2, ts=2, x0=918172626
P1, tp=2, ts=2, x0=431733222, x1=836162962
P1, tp=2, ts=2, x0=562062224, x1=239298198
P3, tp=2, ts=2, x0=382459427
P3, tp=2, ts=2, x0=531025210
P0, tp=2, ts=2
P0, tp=2, ts=2
P2, tp=2, ts=2
P1, tp=2, ts=2, x0=229332431, x1=107287293
P2, tp=2, ts=2
P2, tp=2, ts=2
P0, tp=2, ts=2
P1, tp=2, ts=2, x0=560240386, x1=271364576
P1, tp=2, ts=2, x0=688675544, x1=359782881
P2, tp=2, ts=2
P3, tp=2, ts=2, x0=345065294
P1, tp=2, ts=2, x0=397440397, x1=570655941
P2, tp=2, ts=2
P0, tp=2, ts=2
P0, tp=2, ts=2
P3, tp=2, ts=2, x0=700653903
P2, tp=2, ts=2
P2, tp=2, ts=2
P0, tp=2, ts=2
P2, tp=2, ts=2
P2, tp=2, ts=2
P1, tp=2, ts=2, x0=547689030, x1=518614260
P1, tp=2, ts=2, x0=688675544, x1=511362766
P0, tp=2, ts=2
P0, tp=2, ts=2
P3, tp=2, ts=2, x0=359782881
P3, tp=2, ts=2, x0=655924144
P1, tp=2, ts=2, x0=122874324, x1=700653903
P2, tp=2, ts=2
P2, tp=2, ts=2
P2, tp=2, ts=2
P3, tp=2, ts=2, x0=485435588
P2, tp=2, ts=2
P1, tp=2, ts=2, x0=242232605, x1=442194634
P3, tp=2, ts=2, x0=554701366
P1, tp=2, ts=2, x0=758722199, x1=499919615
P0, tp=2, ts=2
P2, tp=2, ts=2
P2, tp=2, ts=2
P3, tp=2, ts=2, x0=918172626
P2, tp=2, ts=2
P2, tp=2, ts=2
P1, tp=2, ts=2, x0=494963617, x1=53293739
P1, tp=2, ts=2, x0=715723205, x1=373298134
P1, tp=2, ts=2, x0=431733222, x1=207965030
P3, tp=2, ts=2, x0=499520769
P0, tp=2, ts=2
P1, tp=2, ts=2, x0=511362766, x1=518614260
P2, tp=2, ts=2
P1, tp=2, ts=2, x0=688675544, x1=401476346
P2, tp=2, ts=2
P1, tp=2, ts=2, x0=919358086, x1=788343862
P1, tp=2, ts=2, x0=554701366, x1=704032238
P2, tp=2, ts=2
P2, tp=2, ts=2
P3, tp=2, ts=2, x0=345065294
P2, tp=2, ts=2
P3, tp=2, ts=2, x0=419963345
P1, tp=2, ts=2, x0=375767226, x1=14917224
P1, tp=2, ts=2, x0=678285908, x1=373298134
P3, tp=2, ts=2, x0=499919615
P0, tp=2, ts=2
P3, tp=2, ts=2, x0=373298134
P3, tp=2, ts=2, x0=852937355
P3, tp=2, ts=2, x0=660157434
P1, tp=2, ts=2, x0=382459427, x1=593991400
P3, tp=2, ts=2, x0=390831443
P0, tp=2, ts=2
P2, tp=2, ts=2
P2, tp=2, ts=2
P0, tp=2, ts=2
P1, tp=2, ts=2, x0=570655941, x1=813149273
P1, tp=2, ts=2, x0=242232605, x1=520025109
P3, tp=2, ts=2, x0=688675544
P2, tp=2, ts=2
P3, tp=2, ts=2, x0=213970894
P2, tp=2, ts=2
P1, tp=2, ts=2, x0=570655941, x1=835151261
P0, tp=2, ts=2
P0, tp=2, ts=2
P2, tp=2, ts=2
P1, tp=2, ts=2, x0=660157434, x1=554701366
P3, tp=2, ts=2, x0=914421722
P1, tp=2, ts=2, x0=499520769, x1=813149273
P3, tp=2, ts=2, x0=447033727
P3, tp=2, ts=2, x0=511362766
P3, tp=2, ts=2, x0=715723205
P0, tp=2, ts=2
P2, tp=2, ts=2
P2, tp=2, ts=2
P3, tp=2, ts=2, x0=750970743
P1, tp=2, ts=2, x0=836162962, x1=207965030
P2, tp=2, ts=2
P0, tp=2, ts=2
P0, tp=2, ts=2
P0, tp=2, ts=2
P1, tp=2, ts=2, x0=107287293, x1=836524570
P2, tp=2, ts=2
P3, tp=2, ts=2, x0=750970743
P1, tp=2, ts=2, x0=543931490, x1=310706839
P2, tp=2, ts=2
P2, tp=2, ts=2
P1, tp=2, ts=2, x0=570655941, x1=570655941
P2, tp=2, ts=2
P0, tp=2, ts=2
P1, tp=2, ts=2, x0=593991400, x1=836524570
P1, tp=2, ts=2, x0=336182131, x1=205508342
P1, tp=2, ts=2, x0=704032238, x1=447033727
P1, tp=2, ts=2, x0=133795120, x1=382459427
P3, tp=2, ts=2, x0=435046155
P2, tp=2, ts=2
P3, tp=2, ts=2, x0=242232605
P3, tp=2, ts=2, x0=742997661
P2, tp=2, ts=2
P3, tp=2, ts=2, x0=358020821
P1, tp=2, ts=2, x0=619094323, x1=442194634
P3, tp=2, ts=2, x0=677028439
P2, tp=2, ts=2
P2, tp=2, ts=2
P2, tp=2, ts=2
P3, tp=2, ts=2, x0=379060307
P2, tp=2, ts=2
P0, tp=2, ts=2
P0, tp=2, ts=2
P1, tp=2, ts=2, x0=350135839, x1=704032238
P2, tp=2, ts=2
P2, tp=2, ts=2
P0, tp=2, ts=2
P1, tp=2, ts=2, x0=350135839, x1=835151261
P1, tp=2, ts=2, x0=782747705, x1=310706839
P2, tp=2, ts=2
P3, tp=2, ts=2, x0=809014425
P1, tp=2, ts=2, x0=689395199, x1=689395199
P3, tp=2, ts=2, x0=704032238
P0, tp=2, ts=2
P1, tp=2, ts=2, x0=518614260, x1=288896971
P3, tp=2, ts=2, x0=485982654
P1, tp=2, ts=2, x0=914421722, x1=660157434
P3, tp=2, ts=2, x0=122874324
P1, tp=2, ts=2, x0=555530616, x1=655924144
P1, tp=2, ts=2, x0=715723205, x1=179241364
P0, tp=2, ts=2
P3, tp=2, ts=2, x0=382459427
P1, tp=2, ts=2, x0=195219644, x1=809014425
P3, tp=2, ts=2, x0=758722199
P1, tp=2, ts=2, x0=499520769, x1=107287293
P1, tp=2, ts=2, x0=816192593, x1=914498573
P3, tp=2, ts=2, x0=358020821
P0, tp=2, ts=2
P1, tp=2, ts=2, x0=207965030, x1=358020821
P1, tp=2, ts=2, x0=179241364, x1=287234369
P3, tp=2, ts=2, x0=375036726
P0, tp=2, ts=2
P3, tp=2, ts=2, x0=562062224
P2, tp=2, ts=2
P3, tp=2, ts=2, x0=14884036
P2, tp=2, ts=2
P2, tp=2, ts=2
P2, tp=2, ts=2
P0, tp=2, ts=2
P3, tp=2, ts=2, x0=288896971
P3, tp=2, ts=2, x0=242232605
P1, tp=2, ts=2, x0=286136032, x1=900700466
P1, tp=2, ts=2, x0=359782881, x1=914498573
P1, tp=2, ts=2, x0=835151261, x1=655924144
P1, tp=2, ts=2, x0=531025210, x1=435046155
P1, tp=2, ts=2, x0=700653903, x1=353081573
P0, tp=2, ts=2
P2, tp=2, ts=2
P3, tp=2, ts=2, x0=678285908
P1, tp=2, ts=2, x0=304455931, x1=723499295
P0, tp=2, ts=2
P2, tp=2, ts=2
P2, tp=2, ts=2
P1, tp=2, ts=2, x0=286136032, x1=914498573
P1, tp=2, ts=2, x0=836524570, x1=655924144
P1, tp=2, ts=2, x0=900700466, x1=205508342
P1, tp=2, ts=2, x0=587814251, x1=442194634
P0, tp=2, ts=2
P1, tp=2, ts=2, x0=419963345, x1=287234369
P0, tp=2, ts=2
P3, tp=2, ts=2, x0=57919239
P3, tp=2, ts=2, x0=107287293
P2, tp=2, ts=2
P0, tp=2, ts=2
P0, tp=2, ts=2
P3, tp=2, ts=2, x0=511362766
P3, tp=2, ts=2, x0=554701366
P0, tp=2, ts=2
P2, tp=3, ts=3
P3, tp=3, ts=3, x0=242232605
P3, tp=3, ts=3, x0=367062533
P0, tp=3, ts=3
P0, tp=3, ts=3
P1, tp=3, ts=3, x0=900700466, x1=715723205
P0, tp=3, ts=3
P1, tp=3, ts=3, x0=543992888, x1=207965030
P2, tp=3, ts=3
P3, tp=3, ts=3, x0=229332431
P3, tp=3, ts=3, x0=555530616
P1, tp=3, ts=3, x0=543931490, x1=447033727
P1, tp=3, ts=3, x0=884519888, x1=179241364
P3, tp=3, ts=3, x0=276056805
P1, tp=3, ts=3, x0=560240386, x1=689395199
P0, tp=3, ts=3
P1, tp=3, ts=3, x0=207965030, x1=14917224
P3, tp=3, ts=3, x0=442194634
P0, tp=3, ts=3
P0, tp=3, ts=3
P0, tp=3, ts=3
P3, tp=3, ts=3, x0=132232845
P0, tp=3, ts=3
P2, tp=3, ts=3
P2, tp=3, ts=3
P2, tp=3, ts=3
P2, tp=3, ts=3
P1, tp=3, ts=3, x0=195219644, x1=591812553
P3, tp=3, ts=3, x0=350135839
P2, tp=3, ts=3
P2, tp=3, ts=3
P3, tp=3, ts=3, x0=449778620
P0, tp=3, ts=3
P0, tp=3, ts=3
P3, tp=3, ts=3, x0=914421722
P3, tp=3, ts=3, x0=678285908
P3, tp=3, ts=3, x0=499919615
P0, tp=3, ts=3
P1, tp=3, ts=3, x0=57919239, x1=300874371
P2, tp=3, ts=3
P0, tp=3, ts=3
P3, tp=3, ts=3, x0=229332431
P1, tp=3, ts=3, x0=884519888, x1=205508342
P3, tp=3, ts=3, x0=358020821
P2, tp=3, ts=3
P1, tp=3, ts=3, x0=531025210, x1=704032238
P3, tp=3, ts=3, x0=94191527
P1, tp=3, ts=3, x0=836162962, x1=813149273
P1, tp=3, ts=3, x0=94191527, x1=390831443
P0, tp=3, ts=3
P3, tp=3, ts=3, x0=774869215
P2, tp=3, ts=3
P3, tp=3, ts=3, x0=788343862
P0, tp=3, ts=3
P3, tp=3, ts=3, x0=133795120
P1, tp=3, ts=3, x0=836162962, x1=358020821
P1, tp=3, ts=3, x0=688675544, x1=287234369
P2, tp=3, ts=3
P3, tp=3, ts=3, x0=531025210
P1, tp=3, ts=3, x0=379060307, x1=813149273
P3, tp=3, ts=3, x0=58472454
P2, tp=3, ts=3
P2, tp=3, ts=3
P0, tp=3, ts=3
P1, tp=3, ts=3, x0=425279847, x1=788343862
P2, tp=3, ts=3
P1, tp=3, ts=3, x0=447033727, x1=758722199
P3, tp=3, ts=3, x0=895050005
P3, tp=3, ts=3, x0=288896971
P1, tp=3, ts=3, x0=778896462, x1=485982654
P3, tp=3, ts=3, x0=153064521
P0, tp=3, ts=3
P2, tp=3, ts=3
P3, tp=3, ts=3, x0=518614260
P1, tp=3, ts=3, x0=696837071, x1=778896462
P2, tp=3, ts=3
P2, tp=3, ts=3
P1, tp=3, ts=3, x0=750970743, x1=195219644
P3, tp=3, ts=3, x0=153064521
P0, tp=3, ts=3
P3, tp=3, ts=3, x0=345065294
P2, tp=3, ts=3
P0, tp=3, ts=3
P2, tp=3, ts=3
P1, tp=3, ts=3, x0=560240386, x1=592114432
P3, tp=3, ts=3, x0=696837071
P0, tp=3, ts=3
P1, tp=3, ts=3, x0=627939908, x1=592114432
P1, tp=3, ts=3, x0=397440397, x1=158721549
P1, tp=3, ts=3, x0=476130386, x1=195219644
P0, tp=3, ts=3
P1, tp=3, ts=3, x0=914421722, x1=425279847
P0, tp=3, ts=3
P2, tp=3, ts=3
P2, tp=3, ts=3
P1, tp=3, ts=3, x0=593991400, x1=511362766
P1, tp=3, ts=3, x0=359782881, x1=300874371
P3, tp=3, ts=3, x0=390831443
P0, tp=3, ts=3
P0, tp=3, ts=3
P2, tp=3, ts=3
P1, tp=3, ts=3, x0=271364576, x1=935615518
P3, tp=3, ts=3, x0=524049753
P2, tp=3, ts=3
P3, tp=3, ts=3, x0=431733222
P3, tp=3, ts=3, x0=133795120
P0, tp=3, ts=3
P0, tp=3, ts=3
P1, tp=3, ts=3, x0=276056805, x1=397440397
P1, tp=3, ts=3, x0=287234369, x1=696837071
P1, tp=3, ts=3, x0=158721549, x1=543931490
P3, tp=3, ts=3, x0=485982654
P3, tp=3, ts=3, x0=562062224
P1, tp=3, ts=3, x0=591812553, x1=229332431
P1, tp=3, ts=3, x0=43353433, x1=419963345
P3, tp=3, ts=3, x0=367062533
P2, tp=3, ts=3
P3, tp=3, ts=3, x0=587814251
P2, tp=3, ts=3
P0, tp=3, ts=3
P3, tp=3, ts=3, x0=760858168
P2, tp=3, ts=3
P0, tp=3, ts=3
P0, tp=3, ts=3
P1, tp=3, ts=3, x0=485982654, x1=688675544
P3, tp=3, ts=3, x0=288896971
P1, tp=3, ts=3, x0=900700466, x1=521237446
P2, tp=3, ts=3
P1, tp=3, ts=3, x0=531025210, x1=678285908
P1, tp=3, ts=3, x0=375767226, x1=347227054
P0, tp=3, ts=3
P2, tp=3, ts=3
P1, tp=3, ts=3, x0=547689030, x1=890468341
P3, tp=3, ts=3, x0=449967910
P1, tp=3, ts=3, x0=895050005, x1=419963345
P2, tp=3, ts=3
P2, tp=3, ts=3
P0, tp=3, ts=3
P2, tp=3, ts=3
P2, tp=3, ts=3
P1, tp=3, ts=3, x0=299183796, x1=288896971
P1, tp=3, ts=3, x0=345065294, x1=555530616
P3, tp=3, ts=3, x0=476130386
P3, tp=3, ts=3, x0=336182131
P3, tp=3, ts=3, x0=890468341
P0, tp=3, ts=3
P3, tp=3, ts=3, x0=195219644
P1, tp=3, ts=3, x0=810626819, x1=132232845
P1, tp=3, ts=3, x0=778896462, x1=419963345
P1, tp=3, ts=3, x0=133795120, x1=688675544
P2, tp=3, ts=3
P1, tp=3, ts=3, x0=300874371, x1=778896462
P1, tp=3, ts=3, x0=521237446, x1=287234369
P2, tp=3, ts=3
P1, tp=3, ts=3, x0=153064521, x1=543931490
P2, tp=3, ts=3
P1, tp=3, ts=3, x0=660157434, x1=287234369
P3, tp=3, ts=3, x0=816192593
P2, tp=3, ts=3
P3, tp=3, ts=3, x0=286136032
P1, tp=3, ts=3, x0=678285908, x1=788343862
P0, tp=3, ts=3
P1, tp=3, ts=3, x0=660157434, x1=347227054
P1, tp=3, ts=3, x0=288896971, x1=543992888
P2, tp=3, ts=3
P0, tp=3, ts=3
P0, tp=3, ts=3
P2, tp=3, ts=3
P3, tp=3, ts=3, x0=271364576
P3, tp=3, ts=3, x0=43353433
P3, tp=3, ts=3, x0=336182131
P0, tp=3, ts=3
P2, tp=3, ts=3
P0, tp=3, ts=3
P2, tp=3, ts=3
P1, tp=3, ts=3, x0=900700466, x1=57919239
P2, tp=3, ts=3
P0, tp=3, ts=3
P2, tp=3, ts=3
P2, tp=3, ts=3
P3, tp=3, ts=3, x0=543992888
P0, tp=3, ts=3
P0, tp=3, ts=3
P3, tp=3, ts=3, x0=900700466
P1, tp=3, ts=3, x0=425279847, x1=800699294
P2, tp=3, ts=3
P0, tp=3, ts=3
P3, tp=3, ts=3, x0=401476346
P2, tp=3, ts=3
P1, tp=3, ts=3, x0=195219644, x1=401476346
P2, tp=3, ts=3
P1, tp=3, ts=3, x0=195219644, x1=57919239
P2, tp=3, ts=3
P0, tp=3, ts=3
P1, tp=3, ts=3, x0=518614260, x1=310706839
P0, tp=3, ts=3
P0, tp=3, ts=3
P0, tp=3, ts=3
P1, tp=3, ts=3, x0=914421722, x1=382459427
P2, tp=3, ts=3
P0, tp=3, ts=3
P2, tp=3, ts=3
P2, tp=3, ts=3
P0, tp=3, ts=3
P3, tp=3, ts=3, x0=229332431
P2, tp=3, ts=3
P0, tp=3, ts=3
P0, tp=3, ts=3
P3, tp=3, ts=3, x0=774869215
P1, tp=3, ts=3, x0=521237446, x1=373298134
P3, tp=3, ts=3, x0=809014425
P2, tp=3, ts=3
P2, tp=3, ts=3
P2, tp=3, ts=3
P3, tp=3, ts=3, x0=447033727
P0, tp=3, ts=3
P1, tp=3, ts=3, x0=835151261, x1=242232605
P2, tp=3, ts=3
P0, tp=3, ts=3
P0, tp=3, ts=3
P1, tp=3, ts=3, x0=375036726, x1=449967910
P0, tp=3, ts=3
P3, tp=3, ts=3, x0=276056805
P0, tp=3, ts=3
P3, tp=3, ts=3, x0=239298198
P0, tp=3, ts=3
P1, tp=3, ts=3, x0=587814251, x1=981708921
P2, tp=3, ts=3
P3, tp=3, ts=3, x0=435046155
P2, tp=3, ts=3
P0, tp=3, ts=3
P1, tp=3, ts=3, x0=390831443, x1=973098385
P2, tp=3, ts=3
P0, tp=3, ts=3
P2, tp=3, ts=3
P0, tp=3, ts=3
P2, tp=3, ts=3
P3, tp=3, ts=3, x0=973098385
P1, tp=3, ts=3, x0=560240386, x1=689395199
P3, tp=3, ts=3, x0=135805058
P3, tp=3, ts=3, x0=666069912
P3, tp=3, ts=3, x0=107287293
P1, tp=3, ts=3, x0=678285908, x1=132232845
P2, tp=3, ts=3
P1, tp=3, ts=3, x0=774869215, x1=229332431
P1, tp=3, ts=3, x0=133795120, x1=287234369
P1, tp=3, ts=3, x0=287234369, x1=14917224
P1, tp=3, ts=3, x0=696837071, x1=665794784
P3, tp=3, ts=3, x0=390831443
P3, tp=3, ts=3, x0=587814251
P2, tp=3, ts=3
P3, tp=3, ts=3, x0=135805058
P3, tp=3, ts=3, x0=758722199
P1, tp=3, ts=3, x0=704032238, x1=890468341
P2, tp=3, ts=3
P1, tp=3, ts=3, x0=310706839, x1=449967910
P3, tp=3, ts=3, x0=591812553
P2, tp=3, ts=3
P2, tp=3, ts=3
P2, tp=3, ts=3
P1, tp=3, ts=3, x0=886151951, x1=472517426
P1, tp=3, ts=3, x0=401476346, x1=447033727
P3, tp=3, ts=3, x0=43353433
P3, tp=3, ts=3, x0=973098385
P0, tp=3, ts=3
P1, tp=3, ts=3, x0=205508342, x1=562062224
P2, tp=3, ts=3
P1, tp=3, ts=3, x0=531025210, x1=717187128
P3, tp=3, ts=3, x0=810626819
P1, tp=3, ts=3, x0=350135839, x1=239298198
P0, tp=3, ts=3
P0, tp=3, ts=3
P2, tp=3, ts=3
P3, tp=3, ts=3, x0=205508342
P3, tp=3, ts=3, x0=447033727
P2, tp=3, ts=3
P3, tp=3, ts=3, x0=132232845
P3, tp=3, ts=3, x0=555530616
P0, tp=3, ts=3
P3, tp=3, ts=3, x0=900700466
P3, tp=3, ts=3, x0=288896971
P0, tp=3, ts=3
P0, tp=3, ts=3
P1, tp=3, ts=3, x0=379060307, x1=521237446
P2, tp=3, ts=3
P3, tp=3, ts=3, x0=923843939
P1, tp=3, ts=3, x0=809014425, x1=401476346
P0, tp=3, ts=3
P3, tp=3, ts=3, x0=57919239
P1, tp=3, ts=3, x0=70262972, x1=70262972
P1, tp=3, ts=3, x0=665794784, x1=543931490
P0, tp=3, ts=3
P3, tp=3, ts=3, x0=410379847
P2, tp=3, ts=3
P1, tp=3, ts=3, x0=375767226, x1=723499295
P3, tp=3, ts=3, x0=704032238
P1, tp=3, ts=3, x0=287234369, x1=816192593
P2, tp=3, ts=3
P1, tp=3, ts=3, x0=191353083, x1=636201402
P2, tp=3, ts=3
P0, tp=3, ts=3
P3, tp=3, ts=3, x0=70262972
P1, tp=3, ts=3, x0=485982654, x1=800699294
P3, tp=3, ts=3, x0=299183796
P0, tp=3, ts=3
P0, tp=3, ts=3
P2, tp=3, ts=3
P2, tp=3, ts=3
P3, tp=3, ts=3, x0=973098385
P3, tp=3, ts=3, x0=304455931
P1, tp=3, ts=3, x0=696837071, x1=443552734
P3, tp=3, ts=3, x0=435046155
P0, tp=3, ts=3
P1, tp=3, ts=3, x0=829467575, x1=425279847
P1, tp=3, ts=3, x0=836162962, x1=835151261
P0, tp=3, ts=3
P2, tp=3, ts=3
P3, tp=3, ts=3, x0=973098385
P0, tp=3, ts=3
P2, tp=3, ts=3
P2, tp=3, ts=3
P2, tp=3, ts=3
P3, tp=3, ts=3, x0=591812553
P1, tp=3, ts=3, x0=158721549, x1=666069912
P0, tp=3, ts=3
P1, tp=3, ts=3, x0=419963345, x1=375036726
P2, tp=3, ts=3
P1, tp=3, ts=3, x0=427917125, x1=392989320
P0, tp=3, ts=3
P2, tp=3, ts=3
P2, tp=3, ts=3
P0, tp=3, ts=3
P1, tp=3, ts=3, x0=717187128, x1=310706839
P0, tp=3, ts=3
P2, tp=3, ts=3
P2, tp=3, ts=3
P3, tp=3, ts=3, x0=520025109
P3, tp=3, ts=3, x0=587814251
P0, tp=3, ts=3
P1, tp=3, ts=3, x0=778896462, x1=431733222
P3, tp=3, ts=3, x0=511362766
P1, tp=3, ts=3, x0=345065294, x1=158721549
P2, tp=3, ts=3
P2, tp=3, ts=3
P1, tp=3, ts=3, x0=153064521, x1=518614260
P0, tp=3, ts=3
P2, tp=3, ts=3
P3, tp=3, ts=3, x0=689395199
P3, tp=3, ts=3, x0=928016206
P2, tp=3, ts=3
P3, tp=3, ts=3, x0=58472454
P0, tp=3, ts=3
P3, tp=3, ts=3, x0=365775564
P3, tp=3, ts=3, x0=485435588
P3, tp=3, ts=3, x0=107287293
P2, tp=3, ts=3
P1, tp=3, ts=3, x0=543931490, x1=665794784
P0, tp=3, ts=3
P0, tp=3, ts=3
P2, tp=3, ts=3
P0, tp=3, ts=3
P2, tp=3, ts=3
P2, tp=3, ts=3
P2, tp=3, ts=3
P3, tp=3, ts=3, x0=401476346
P1, tp=3, ts=3, x0=276056805, x1=981708921
P3, tp=3, ts=3, x0=935615518
P1, tp=3, ts=3, x0=397440397, x1=114375686
P1, tp=3, ts=3, x0=375767226, x1=592114432
P1, tp=3, ts=3, x0=678285908, x1=895050005
P2, tp=3, ts=3
P0, tp=3, ts=3
P1, tp=3, ts=3, x0=570655941, x1=397440397
P1, tp=3, ts=3, x0=195219644, x1=286136032
P2, tp=3, ts=3
P2, tp=3, ts=3
P0, tp=3, ts=3
P0, tp=3, ts=3
P2, tp=3, ts=3
P1, tp=3, ts=3, x0=717187128, x1=900700466
P1, tp=3, ts=3, x0=666069912, x1=107287293
P3, tp=3, ts=3, x0=397440397
P3, tp=3, ts=3, x0=476130386
P3, tp=3, ts=3, x0=981708921
P1, tp=3, ts=3, x0=373298134, x1=689395199
P2, tp=3, ts=3
P0, tp=3, ts=3
P2, tp=3, ts=3
P1, tp=3, ts=3, x0=359782881, x1=195219644
P1, tp=3, ts=3, x0=520025109, x1=862126338
P2, tp=3, ts=3
P0, tp=3, ts=3
P2, tp=3, ts=3
P3, tp=3, ts=3, x0=829467575
P0, tp=3, ts=3
P0, tp=3, ts=3
P3, tp=3, ts=3, x0=242232605
P1, tp=3, ts=3, x0=379060307, x1=431733222
P3, tp=3, ts=3, x0=757887469
P0, tp=3, ts=3
P3, tp=3, ts=3, x0=107287293
P0, tp=3, ts=3
P0, tp=3, ts=3
P2, tp=3, ts=3
P3, tp=3, ts=3, x0=591812553
P2, tp=3, ts=3
P0, tp=3, ts=3
P3, tp=3, ts=3, x0=788343862
P3, tp=3, ts=3, x0=288896971
P3, tp=3, ts=3, x0=570655941
P0, tp=3, ts=3
P3, tp=3, ts=3, x0=365775564
P0, tp=3, ts=3
P0, tp=3, ts=3
P3, tp=3, ts=3, x0=678285908
P3, tp=3, ts=3, x0=153064521
P1, tp=3, ts=3, x0=300874371, x1=750970743
P0, tp=3, ts=3
P1, tp=3, ts=3, x0=862126338, x1=520025109
P3, tp=3, ts=3, x0=70262972
P3, tp=3, ts=3, x0=696837071
P1, tp=3, ts=3, x0=774869215, x1=543992888
P0, tp=3, ts=3
P3, tp=3, ts=3, x0=800699294
P0, tp=3, ts=3
P0, tp=3, ts=3
P2, tp=3, ts=3
P0, tp=3, ts=3
P2, tp=3, ts=3
P1, tp=3, ts=3, x0=392989320, x1=696837071
P1, tp=3, ts=3, x0=666069912, x1=359782881
P1, tp=3, ts=3, x0=242232605, x1=153064521
P3, tp=3, ts=3, x0=660157434
P2, tp=3, ts=3
P2, tp=3, ts=3
P3, tp=3, ts=3, x0=520025109
P2, tp=3, ts=3
P2, tp=3, ts=3
P3, tp=3, ts=3, x0=715723205
P3, tp=3, ts=3, x0=350135839
P0, tp=3, ts=3
P1, tp=3, ts=3, x0=375767226, x1=592114432
P0, tp=3, ts=3
P0, tp=3, ts=3
P2, tp=3, ts=3
P1, tp=3, ts=3, x0=379060307, x1=358020821
P3, tp=3, ts=3, x0=900700466
P2, tp=3, ts=3
P3, tp=3, ts=3, x0=435046155
P0, tp=3, ts=3
P2, tp=3, ts=3
P0, tp=3, ts=3
P3, tp=3, ts=3, x0=678285908
P3, tp=3, ts=3, x0=788343862
P3, tp=3, ts=3, x0=690945555
P3, tp=3, ts=3, x0=242232605
P1, tp=3, ts=3, x0=156465141, x1=678285908
P1, tp=3, ts=3, x0=375036726, x1=449967910
P2, tp=3, ts=3
P1, tp=3, ts=3, x0=914421722, x1=760858168
P0, tp=3, ts=3
P2, tp=3, ts=3
P0, tp=3, ts=3
P1, tp=3, ts=3, x0=195219644, x1=359782881
P1, tp=3, ts=3, x0=900700466, x1=365775564
P1, tp=3, ts=3, x0=547689030, x1=555530616
P3, tp=3, ts=3, x0=627939908
P3, tp=3, ts=3, x0=431733222
P0, tp=3, ts=3
P1, tp=3, ts=3, x0=717187128, x1=158721549
P2, tp=3, ts=3
P0, tp=3, ts=3
P3, tp=3, ts=3, x0=350135839
P2, tp=3, ts=3
P2, tp=3, ts=3
P2, tp=3, ts=3
P3, tp=3, ts=3, x0=678285908
P3, tp=3, ts=3, x0=666069912
P3, tp=3, ts=3, x0=800699294
P2, tp=3, ts=3
P0, tp=3, ts=3
P2, tp=3, ts=3
P0, tp=3, ts=3
P1, tp=3, ts=3, x0=560240386, x1=359782881
P3, tp=3, ts=3, x0=149194555
P0, tp=3, ts=3
P1, tp=3, ts=3, x0=288896971, x1=195219644
P2, tp=3, ts=3
P2, tp=3, ts=3
P2, tp=3, ts=3
P1, tp=3, ts=3, x0=750970743, x1=304455931
P1, tp=3, ts=3, x0=774869215, x1=973098385
P0, tp=3, ts=3
P0, tp=3, ts=3
P1, tp=3, ts=3, x0=449967910, x1=97101423
P0, tp=3, ts=3
P3, tp=3, ts=3, x0=758722199
P2, tp=3, ts=3
P0, tp=3, ts=3
P0, tp=3, ts=3
P0, tp=3, ts=3
P2, tp=3, ts=3
P0, tp=3, ts=3
P0, tp=3, ts=3
P0, tp=3, ts=3
P2, tp=3, ts=3
P3, tp=3, ts=3, x0=560240386
P1, tp=3, ts=3, x0=359782881, x1=521237446
P1, tp=3, ts=3, x0=981708921, x1=431733222
P3, tp=3, ts=3, x0=347227054
P2, tp=3, ts=3
P2, tp=3, ts=3
P2, tp=3, ts=3
P1, tp=3, ts=3, x0=592114432, x1=555530616
P1, tp=3, ts=3, x0=587814251, x1=788343862
P2, tp=3, ts=3
P2, tp=3, ts=3
P0, tp=3, ts=3
P1, tp=3, ts=3, x0=715723205, x1=4784336
P1, tp=3, ts=3, x0=288896971, x1=431733222
P3, tp=3, ts=3, x0=855124591
P1, tp=3, ts=3, x0=964125546, x1=419963345
P3, tp=3, ts=3, x0=485982654
P1, tp=3, ts=3, x0=829467575, x1=547689030
P0, tp=3, ts=3
P2, tp=3, ts=3
P0, tp=3, ts=3
P0, tp=3, ts=3
P2, tp=3, ts=3
P1, tp=3, ts=3, x0=935615518, x1=205508342
P0, tp=3, ts=3
P2, tp=3, ts=3
P3, tp=3, ts=3, x0=153064521
P0, tp=3, ts=3
P0, tp=3, ts=3
P2, tp=3, ts=3
P0, tp=3, ts=3
P0, tp=3, ts=3
P2, tp=3, ts=3
P3, tp=3, ts=3, x0=55627669
P2, tp=3, ts=3
P3, tp=3, ts=3, x0=191353083
P0, tp=3, ts=3
P3, tp=3, ts=3, x0=485435588
P1, tp=3, ts=3, x0=384177193, x1=704032238
P2, tp=3, ts=3
P0, tp=3, ts=3
P1, tp=3, ts=3, x0=425279847, x1=689395199
P0, tp=3, ts=3
P1, tp=3, ts=3, x0=4784336, x1=472517426
P1, tp=3, ts=3, x0=345065294, x1=419963345
P3, tp=3, ts=3, x0=592114432
P3, tp=3, ts=3, x0=286136032
P1, tp=3, ts=3, x0=485435588, x1=43353433
P1, tp=3, ts=3, x0=895050005, x1=4784336
P1, tp=3, ts=3, x0=829467575, x1=287234369
P1, tp=3, ts=3, x0=135805058, x1=723499295
P1, tp=3, ts=3, x0=107287293, x1=704032238
P3, tp=3, ts=3, x0=591812553
P2, tp=3, ts=3
P3, tp=3, ts=3, x0=375036726
P0, tp=3, ts=3
P2, tp=3, ts=3
P1, tp=3, ts=3, x0=158721549, x1=153064521
P2, tp=3, ts=3
P0, tp=3, ts=3
P1, tp=3, ts=3, x0=345065294, x1=543992888
P2, tp=3, ts=3
P2, tp=3, ts=3
P1, tp=3, ts=3, x0=485435588, x1=760858168
P3, tp=3, ts=3, x0=636201402
P3, tp=3, ts=3, x0=401476346
P0, tp=3, ts=3
P0, tp=3, ts=3
P3, tp=3, ts=3, x0=723499295
P2, tp=3, ts=3
P3, tp=3, ts=3, x0=895050005
P3, tp=3, ts=3, x0=665794784
P2, tp=3, ts=3
P3, tp=3, ts=3, x0=840851095
P2, tp=3, ts=3
P3, tp=3, ts=3, x0=678285908
P1, tp=3, ts=3, x0=4784336, x1=476130386
P3, tp=3, ts=3, x0=678285908
P1, tp=3, ts=3, x0=627939908, x1=345065294
P1, tp=3, ts=3, x0=555530616, x1=350135839
P0, tp=3, ts=3
P2, tp=3, ts=3
P3, tp=3, ts=3, x0=800699294
P1, tp=3, ts=3, x0=70262972, x1=114375686
P2, tp=3, ts=3
P2, tp=3, ts=3
P0, tp=3, ts=3
P3, tp=3, ts=3, x0=353081573
P2, tp=3, ts=3
P0, tp=3, ts=3
P1, tp=3, ts=3, x0=107287293, x1=779278546
P3, tp=3, ts=3, x0=135805058
P0, tp=3, ts=3
P0, tp=3, ts=3
P3, tp=3, ts=3, x0=690945555
P1, tp=3, ts=3, x0=800699294, x1=810626819
P3, tp=3, ts=3, x0=155548109
P2, tp=3, ts=3
P3, tp=3, ts=3, x0=390831443
P3, tp=3, ts=3, x0=627939908
P1, tp=3, ts=3, x0=43353433, x1=55627669
P1, tp=3, ts=3, x0=55627669, x1=133795120
P2, tp=3, ts=3
P0, tp=3, ts=3
P2, tp=3, ts=3
P1, tp=3, ts=3, x0=133795120, x1=350135839
P2, tp=3, ts=3
P3, tp=3, ts=3, x0=384177193
P1, tp=3, ts=3, x0=97101423, x1=690945555
P2, tp=3, ts=3
P2, tp=3, ts=3
P0, tp=3, ts=3
P1, tp=3, ts=3, x0=392989320, x1=717187128
P1, tp=3, ts=3, x0=336182131, x1=861545272
P0, tp=3, ts=3
P0, tp=3, ts=3
P3, tp=3, ts=3, x0=928016206
P3, tp=3, ts=3, x0=358020821
P2, tp=3, ts=3
P1, tp=3, ts=3, x0=914421722, x1=358020821
P1, tp=3, ts=3, x0=401476346, x1=829467575
P3, tp=3, ts=3, x0=900700466
P1, tp=3, ts=3, x0=286136032, x1=555530616
P0, tp=3, ts=3
P3, tp=3, ts=3, x0=135805058
P2, tp=3, ts=3
P2, tp=3, ts=3
P0, tp=3, ts=3
P2, tp=3, ts=3
P2, tp=3, ts=3
P0, tp=3, ts=3
P0, tp=3, ts=3
P2, tp=3, ts=3
P1, tp=3, ts=3, x0=292911051, x1=485435588
P1, tp=3, ts=3, x0=855124591, x1=179241364
P2, tp=3, ts=3
P3, tp=3, ts=3, x0=384177193
P2, tp=3, ts=3
P2, tp=3, ts=3
P2, tp=3, ts=3
P3, tp=3, ts=3, x0=365775564
P0, tp=3, ts=3
P3, tp=3, ts=3, x0=132232845
P0, tp=3, ts=3
P2, tp=3, ts=3
P2, tp=3, ts=3
P2, tp=3, ts=3
P2, tp=3, ts=3
P3, tp=3, ts=3, x0=713711806
P0, tp=3, ts=3
P1, tp=3, ts=3, x0=562062224, x1=715723205
P0, tp=3, ts=3
P3, tp=3, ts=3, x0=286136032
P0, tp=3, ts=3
P2, tp=3, ts=3
P1, tp=3, ts=3, x0=425279847, x1=520025109
P0, tp=3, ts=3
P3, tp=3, ts=3, x0=419963345
P3, tp=3, ts=3, x0=914421722
P3, tp=3, ts=3, x0=555530616
P1, tp=3, ts=3, x0=304455931, x1=757887469
P1, tp=3, ts=3, x0=778896462, x1=829467575
P2, tp=3, ts=3
P3, tp=3, ts=3, x0=774869215
P3, tp=3, ts=3, x0=714335726
P3, tp=3, ts=3, x0=757887469
P2, tp=3, ts=3
P1, tp=3, ts=3, x0=373298134, x1=149194555
P2, tp=3, ts=3
P0, tp=3, ts=3
P3, tp=3, ts=3, x0=359782881
P2, tp=3, ts=3
P2, tp=3, ts=3
P1, tp=3, ts=3, x0=81025596, x1=443552734
P3, tp=3, ts=3, x0=591812553
P3, tp=3, ts=3, x0=829467575
P3, tp=3, ts=3, x0=401476346
P0, tp=3, ts=3
P3, tp=3, ts=3, x0=401476346
P0, tp=3, ts=3
P3, tp=3, ts=3, x0=973098385
P1, tp=3, ts=3, x0=431733222, x1=336182131
P0, tp=3, ts=3
P0, tp=3, ts=3
P2, tp=3, ts=3
P0, tp=3, ts=3
P1, tp=3, ts=3, x0=351453074, x1=678285908
P3, tp=3, ts=3, x0=665794784
P3, tp=3, ts=3, x0=358020821
P3, tp=3, ts=3, x0=543931490
P1, tp=3, ts=3, x0=543683985, x1=193656790
P0, tp=3, ts=3
P3, tp=3, ts=3, x0=981708921
P0, tp=3, ts=3
P3, tp=3, ts=3, x0=890468341
P3, tp=3, ts=3, x0=179241364
P1, tp=3, ts=3, x0=788343862, x1=193656790
P2, tp=3, ts=3
P1, tp=3, ts=3, x0=345065294, x1=345065294
P2, tp=3, ts=3
P3, tp=3, ts=3, x0=287234369
P0, tp=3, ts=3
P2, tp=3, ts=3
P2, tp=3, ts=3
P3, tp=3, ts=3, x0=689395199
P1, tp=3, ts=3, x0=895050005, x1=696837071
P1, tp=3, ts=3, x0=778896462, x1=757887469
P1, tp=3, ts=3, x0=292911051, x1=520025109
P2, tp=3, ts=3
P1, tp=3, ts=3, x0=973098385, x1=665794784
P1, tp=3, ts=3, x0=81025596, x1=375767226
P2, tp=3, ts=3
P1, tp=3, ts=3, x0=995310227, x1=547689030
P3, tp=3, ts=3, x0=935615518
P2, tp=3, ts=3
P3, tp=3, ts=3, x0=547689030
P0, tp=3, ts=3
P0, tp=3, ts=3
P1, tp=3, ts=3, x0=195219644, x1=271364576
P2, tp=3, ts=3
P0, tp=3, ts=3
P0, tp=3, ts=3
P3, tp=3, ts=3, x0=801509552
P0, tp=3, ts=3
P2, tp=3, ts=3
P2, tp=3, ts=3
P2, tp=3, ts=3
P2, tp=3, ts=3
P0, tp=3, ts=3
P3, tp=3, ts=3, x0=981708921
P2, tp=3, ts=3
P2, tp=3, ts=3
P1, tp=3, ts=3, x0=135805058, x1=627939908
P3, tp=3, ts=3, x0=758722199
P1, tp=3, ts=3, x0=800699294, x1=169709190
P1, tp=3, ts=3, x0=555530616, x1=443552734
P1, tp=3, ts=3, x0=774869215, x1=555530616
P0, tp=3, ts=3
P0, tp=3, ts=3
P3, tp=3, ts=3, x0=158721549
P0, tp=3, ts=3
P3, tp=3, ts=3, x0=800699294
P0, tp=3, ts=3
P3, tp=3, ts=3, x0=390831443
P1, tp=3, ts=3, x0=704032238, x1=520025109
P1, tp=3, ts=3, x0=964125546, x1=664393022
P0, tp=3, ts=3
P1, tp=3, ts=3, x0=788343862, x1=779278546
P3, tp=3, ts=3, x0=313561148
P0, tp=3, ts=3
P2, tp=3, ts=3
P2, tp=3, ts=3
P0, tp=3, ts=3
P1, tp=3, ts=3, x0=713711806, x1=297443443
P2, tp=3, ts=3
P3, tp=3, ts=3, x0=313561148
P0, tp=3, ts=3
P1, tp=3, ts=3, x0=543683985, x1=696837071
P2, tp=3, ts=3
P0, tp=3, ts=3
P1, tp=3, ts=3, x0=114375686, x1=543683985
P0, tp=3, ts=3
P3, tp=3, ts=3, x0=964125546
P3, tp=3, ts=3, x0=717187128
P1, tp=3, ts=3, x0=153064521, x1=973098385
P2, tp=3, ts=3
P2, tp=3, ts=3
P3, tp=3, ts=3, x0=358020821
P3, tp=3, ts=3, x0=715723205
P2, tp=3, ts=3
P2, tp=3, ts=3
P2, tp=3, ts=3
P0, tp=3, ts=3
P2, tp=3, ts=3
P1, tp=3, ts=3, x0=397440397, x1=757887469
P0, tp=3, ts=3
P2, tp=3, ts=3
P1, tp=3, ts=3, x0=794071699, x1=810626819
P0, tp=3, ts=3
P0, tp=3, ts=3
P1, tp=3, ts=3, x0=476130386, x1=923843939
P1, tp=3, ts=3, x0=485435588, x1=918223692
P2, tp=3, ts=3
P1, tp=3, ts=3, x0=778896462, x1=895050005
P1, tp=3, ts=3, x0=485435588, x1=923843939
P3, tp=3, ts=3, x0=774869215
P1, tp=3, ts=3, x0=717187128, x1=347227054
P0, tp=3, ts=3
P2, tp=3, ts=3
P1, tp=3, ts=3, x0=666069912, x1=666069912
P2, tp=3, ts=3
P2, tp=3, ts=3
P1, tp=3, ts=3, x0=547689030, x1=840851095
P3, tp=3, ts=3, x0=401476346
P2, tp=3, ts=3
P2, tp=3, ts=3
P3, tp=3, ts=3, x0=895050005
P2, tp=3, ts=3
P0, tp=3, ts=3
P0, tp=3, ts=3
P2, tp=3, ts=3
P3, tp=3, ts=3, x0=195219644
P1, tp=3, ts=3, x0=359782881, x1=664393022
P3, tp=3, ts=3, x0=779278546
P1, tp=3, ts=3, x0=90917380, x1=4784336
P3, tp=3, ts=3, x0=193656790
P0, tp=3, ts=3
P2, tp=3, ts=3
P1, tp=3, ts=3, x0=375767226, x1=304455931
P0, tp=3, ts=3
P1, tp=3, ts=3, x0=751739590, x1=58472454
P1, tp=3, ts=3, x0=476130386, x1=299183796
P3, tp=3, ts=3, x0=375767226
P3, tp=3, ts=3, x0=353081573
P1, tp=3, ts=3, x0=70262972, x1=286136032
P3, tp=3, ts=3, x0=520025109
P0, tp=3, ts=3
P1, tp=3, ts=3, x0=427917125, x1=905418107
P1, tp=3, ts=3, x0=132232845, x1=153064521
P0, tp=3, ts=3
P1, tp=3, ts=3, x0=299183796, x1=855879721
P0, tp=3, ts=3
P3, tp=3, ts=3, x0=107287293
P0, tp=3, ts=3
P1, tp=3, ts=3, x0=696837071, x1=70262972
P2, tp=3, ts=3
P2, tp=3, ts=3
P3, tp=3, ts=3, x0=935615518
P1, tp=3, ts=3, x0=158721549, x1=665794784
P0, tp=3, ts=3
P2, tp=3, ts=3
P0, tp=3, ts=3
P1, tp=3, ts=3, x0=153064521, x1=276056805
P2, tp=3, ts=3
P1, tp=3, ts=3, x0=861545272, x1=276056805
P3, tp=3, ts=3, x0=914421722
P3, tp=3, ts=3, x0=431733222
P3, tp=3, ts=3, x0=774869215
P2, tp=3, ts=3
P1, tp=3, ts=3, x0=427917125, x1=543931490
P1, tp=3, ts=3, x0=702955027, x1=149194555
P0, tp=3, ts=3
P2, tp=3, ts=3
P3, tp=3, ts=3, x0=801509552
P3, tp=3, ts=3, x0=299183796
P3, tp=3, ts=3, x0=995310227
P1, tp=3, ts=3, x0=191353083, x1=627939908
P3, tp=3, ts=3, x0=702955027
P3, tp=3, ts=3, x0=135805058
P3, tp=3, ts=3, x0=313561148
P0, tp=3, ts=3
P1, tp=3, ts=3, x0=713711806, x1=58472454
P2, tp=3, ts=3
P0, tp=3, ts=3
P2, tp=3, ts=3
P2, tp=3, ts=3
P2, tp=3, ts=3
P1, tp=3, ts=3, x0=193656790, x1=397440397
P2, tp=3, ts=3
P3, tp=3, ts=3, x0=890468341
P1, tp=3, ts=3, x0=905418107, x1=543931490
P3, tp=3, ts=3, x0=890468341
P0, tp=3, ts=3
P2, tp=3, ts=3
P2, tp=3, ts=3
P2, tp=3, ts=3
P3, tp=3, ts=3, x0=895050005
P3, tp=3, ts=3, x0=322282226
P3, tp=3, ts=3, x0=690945555
P2, tp=3, ts=3
P3, tp=3, ts=3, x0=384177193
P2, tp=3, ts=3
P1, tp=3, ts=3, x0=135805058, x1=179241364
P3, tp=3, ts=3, x0=419963345
P1, tp=3, ts=3, x0=132232845, x1=774869215
P0, tp=3, ts=3
P3, tp=3, ts=3, x0=81025596
P0, tp=3, ts=3
P0, tp=3, ts=3
P3, tp=3, ts=3, x0=801509552
P3, tp=3, ts=3, x0=485982654
P0, tp=3, ts=3
P2, tp=3, ts=3
P3, tp=3, ts=3, x0=592114432
P3, tp=3, ts=3, x0=191353083
P2, tp=3, ts=3
P3, tp=3, ts=3, x0=304455931
P0, tp=3, ts=3
P0, tp=3, ts=3
P1, tp=3, ts=3, x0=153064521, x1=384177193
P0, tp=3, ts=3
P1, tp=3, ts=3, x0=922192765, x1=351453074
P0, tp=3, ts=3
P1, tp=3, ts=3, x0=419963345, x1=341761146
P1, tp=3, ts=3, x0=704032238, x1=760858168
P3, tp=3, ts=3, x0=905418107
P0, tp=3, ts=3
P1, tp=3, ts=3, x0=918223692, x1=347227054
P1, tp=3, ts=3, x0=717187128, x1=713579292
P1, tp=3, ts=3, x0=345065294, x1=779278546
P0, tp=3, ts=3
P2, tp=3, ts=3
P3, tp=3, ts=3, x0=384177193
P3, tp=3, ts=3, x0=664393022
P2, tp=3, ts=3
P0, tp=3, ts=3
P2, tp=3, ts=3
P1, tp=3, ts=3, x0=351453074, x1=547689030
P1, tp=3, ts=3, x0=794071699, x1=156465141
P3, tp=3, ts=3, x0=547689030
P3, tp=3, ts=3, x0=358020821
P1, tp=3, ts=3, x0=713579292, x1=384177193
P1, tp=3, ts=3, x0=155548109, x1=317058386
P3, tp=3, ts=3, x0=70262972
P3, tp=3, ts=3, x0=476130386
P0, tp=3, ts=3
P0, tp=3, ts=3
P3, tp=3, ts=3, x0=690945555
P2, tp=3, ts=3
P3, tp=3, ts=3, x0=855879721
P0, tp=3, ts=3
P3, tp=3, ts=3, x0=778896462
P0, tp=3, ts=3
P1, tp=3, ts=3, x0=155548109, x1=664393022
P2, tp=3, ts=3
P2, tp=3, ts=3
P1, tp=3, ts=3, x0=982149770, x1=711454865
P1, tp=3, ts=3, x0=169709190, x1=713579292
P2, tp=3, ts=3
P0, tp=3, ts=3
P2, tp=3, ts=3
P3, tp=3, ts=3, x0=905418107
P3, tp=3, ts=3, x0=689395199
P0, tp=3, ts=3
P0, tp=3, ts=3
P1, tp=3, ts=3, x0=900700466, x1=778896462
P3, tp=3, ts=3, x0=704032238
P1, tp=3, ts=3, x0=702955027, x1=427917125
P0, tp=3, ts=3
P1, tp=3, ts=3, x0=895050005, x1=666069912
P3, tp=3, ts=3, x0=713711806
P2, tp=3, ts=3
P1, tp=3, ts=3, x0=855124591, x1=336182131
P2, tp=3, ts=3
P0, tp=3, ts=3
P3, tp=3, ts=3, x0=778896462
P1, tp=3, ts=3, x0=476130386, x1=70262972
P0, tp=3, ts=3
P3, tp=3, ts=3, x0=149194555
P2, tp=3, ts=3
P2, tp=3, ts=3
P3, tp=3, ts=3, x0=713579292
P2, tp=3, ts=3
P2, tp=3, ts=3
P0, tp=3, ts=3
P2, tp=3, ts=3
P0, tp=3, ts=3
P2, tp=3, ts=3
P1, tp=3, ts=3, x0=322282226, x1=723499295
P3, tp=3, ts=3, x0=751739590
P3, tp=3, ts=3, x0=353081573
P2, tp=3, ts=3
P1, tp=3, ts=3, x0=193656790, x1=107287293
P2, tp=3, ts=3
P3, tp=3, ts=3, x0=829467575
P0, tp=3, ts=3
P3, tp=3, ts=3, x0=107287293
P0, tp=3, ts=3
P0, tp=3, ts=3
P3, tp=3, ts=3, x0=760858168
P3, tp=3, ts=3, x0=271330754
P3, tp=3, ts=3, x0=351453074
P1, tp=3, ts=3, x0=923843939, x1=390831443
P0, tp=3, ts=3
P3, tp=3, ts=3, x0=918223692
P0, tp=3, ts=3
P0, tp=3, ts=3
P2, tp=3, ts=3
P1, tp=3, ts=3, x0=276056805, x1=143147677
P1, tp=3, ts=3, x0=297443443, x1=862126338
P1, tp=3, ts=3, x0=304455931, x1=713579292
P3, tp=3, ts=3, x0=905418107
P0, tp=3, ts=3
P1, tp=3, ts=3, x0=810626819, x1=862126338
P2, tp=3, ts=3
P3, tp=3, ts=3, x0=778896462
P0, tp=3, ts=3
P1, tp=3, ts=3, x0=690945555, x1=935615518
P2, tp=3, ts=3
P2, tp=3, ts=3
P3, tp=3, ts=3, x0=156465141
P3, tp=3, ts=3, x0=829467575
P2, tp=3, ts=3
P3, tp=3, ts=3, x0=175245603
P0, tp=4, ts=4
P0, tp=4, ts=4
P2, tp=4, ts=4
P2, tp=4, ts=4
P2, tp=4, ts=4
P0, tp=4, ts=4
P1, tp=4, ts=4, x0=431733222, x1=353081573
P3, tp=4, ts=4, x0=543931490
P0, tp=4, ts=4
P1, tp=4, ts=4, x0=794071699, x1=143147677
P2, tp=4, ts=4
P0, tp=4, ts=4
P0, tp=4, ts=4
P0, tp=4, ts=4
P0, tp=4, ts=4
P0, tp=4, ts=4
P2, tp=4, ts=4
P0, tp=4, ts=4
P0, tp=4, ts=4
P3, tp=4, ts=4, x0=895050005
P2, tp=4, ts=4
P1, tp=4, ts=4, x0=702955027, x1=107287293
P2, tp=4, ts=4
P3, tp=4, ts=4, x0=286136032
P0, tp=4, ts=4
P2, tp=4, ts=4
P0, tp=4, ts=4
P3, tp=4, ts=4, x0=973098385
P0, tp=4, ts=4
P2, tp=4, ts=4
P0, tp=4, ts=4
P0, tp=4, ts=4
P2, tp=4, ts=4
P0, tp=4, ts=4
P1, tp=4, ts=4, x0=351453074, x1=981708921
P1, tp=4, ts=4, x0=615072235, x1=390831443
P0, tp=4, ts=4
P3, tp=4, ts=4, x0=690945555
P2, tp=4, ts=4
P2, tp=4, ts=4
P2, tp=4, ts=4
P3, tp=4, ts=4, x0=158721549
P0, tp=4, ts=4
P2, tp=4, ts=4
P0, tp=4, ts=4
P1, tp=4, ts=4, x0=982149770, x1=778896462
P0, tp=4, ts=4
P1, tp=4, ts=4, x0=774869215, x1=711454865
P2, tp=4, ts=4
P2, tp=4, ts=4
P3, tp=4, ts=4, x0=794071699
P3, tp=4, ts=4, x0=365775564
P0, tp=4, ts=4
P1, tp=4, ts=4, x0=299183796, x1=313561148
P1, tp=4, ts=4, x0=636201402, x1=922192765
P3, tp=4, ts=4, x0=665794784
P1, tp=4, ts=4, x0=286136032, x1=375767226
P1, tp=4, ts=4, x0=982149770, x1=702955027
P1, tp=4, ts=4, x0=392989320, x1=829467575
P0, tp=4, ts=4
P0, tp=4, ts=4
P2, tp=4, ts=4
P3, tp=4, ts=4, x0=107287293
P1, tp=4, ts=4, x0=299183796, x1=723499295
P0, tp=4, ts=4
P1, tp=4, ts=4, x0=427917125, x1=149194555
P2, tp=4, ts=4
P1, tp=4, ts=4, x0=476130386, x1=384177193
P2, tp=4, ts=4
P2, tp=4, ts=4
P2, tp=4, ts=4
P0, tp=4, ts=4
P0, tp=4, ts=4
P0, tp=4, ts=4
P0, tp=4, ts=4
P0, tp=4, ts=4
P0, tp=4, ts=4
P2, tp=4, ts=4
P3, tp=4, ts=4, x0=175245603
P0, tp=4, ts=4
P2, tp=4, ts=4
P2, tp=4, ts=4
P0, tp=4, ts=4
P3, tp=4, ts=4, x0=292911051
P3, tp=4, ts=4, x0=155548109
P3, tp=4, ts=4, x0=973098385
P2, tp=4, ts=4
P1, tp=4, ts=4, x0=375767226, x1=801509552
P3, tp=4, ts=4, x0=543683985
P0, tp=4, ts=4
P0, tp=4, ts=4
P0, tp=4, ts=4
P0, tp=4, ts=4
P1, tp=4, ts=4, x0=829467575, x1=973098385
P1, tp=4, ts=4, x0=665794784, x1=543683985
P3, tp=4, ts=4, x0=786026892
P2, tp=4, ts=4
P3, tp=4, ts=4, x0=70262972
P1, tp=4, ts=4, x0=855879721, x1=973098385
P3, tp=4, ts=4, x0=840851095
P2, tp=4, ts=4
P2, tp=4, ts=4
P1, tp=4, ts=4, x0=760858168, x1=713579292
P3, tp=4, ts=4, x0=935615518
P3, tp=4, ts=4, x0=918223692
P1, tp=4, ts=4, x0=768676076, x1=890468341
P1, tp=4, ts=4, x0=286136032, x1=794071699
P2, tp=4, ts=4
P3, tp=4, ts=4, x0=935615518
P3, tp=4, ts=4, x0=397440397
P2, tp=4, ts=4
P1, tp=4, ts=4, x0=922192765, x1=592178228
P2, tp=4, ts=4
P3, tp=4, ts=4, x0=690945555
P2, tp=4, ts=4
P3, tp=4, ts=4, x0=636201402
P2, tp=4, ts=4
P1, tp=4, ts=4, x0=905418107, x1=786026892
P2, tp=4, ts=4
P2, tp=4, ts=4
P2, tp=4, ts=4
P2, tp=4, ts=4
P2, tp=4, ts=4
P1, tp=4, ts=4, x0=292911051, x1=666069912
P1, tp=4, ts=4, x0=981708921, x1=458749650
P2, tp=4, ts=4
P1, tp=4, ts=4, x0=702955027, x1=794071699
P1, tp=4, ts=4, x0=760858168, x1=664393022
P2, tp=4, ts=4
P0, tp=4, ts=4
P1, tp=4, ts=4, x0=97101423, x1=292911051
P0, tp=4, ts=4
P3, tp=4, ts=4, x0=90917380
P0, tp=4, ts=4
P1, tp=4, ts=4, x0=890468341, x1=982149770
P3, tp=4, ts=4, x0=143147677
P0, tp=4, ts=4
P1, tp=4, ts=4, x0=365775564, x1=4784336
P0, tp=4, ts=4
P1, tp=4, ts=4, x0=592178228, x1=70262972
P3, tp=4, ts=4, x0=476130386
P1, tp=4, ts=4, x0=322282226, x1=336182131
P0, tp=4, ts=4
P0, tp=4, ts=4
P1, tp=4, ts=4, x0=304455931, x1=70262972
P3, tp=4, ts=4, x0=862126338
P2, tp=4, ts=4
P3, tp=4, ts=4, x0=193656790
P0, tp=4, ts=4
P1, tp=4, ts=4, x0=205508342, x1=271364576
P1, tp=4, ts=4, x0=442273573, x1=898932244
P2, tp=4, ts=4
P3, tp=4, ts=4, x0=935615518
P2, tp=4, ts=4
P0, tp=4, ts=4
P1, tp=4, ts=4, x0=711454865, x1=918223692
P1, tp=4, ts=4, x0=191353083, x1=760858168
P2, tp=4, ts=4
P2, tp=4, ts=4
P2, tp=4, ts=4
P1, tp=4, ts=4, x0=964125546, x1=392989320
P2, tp=4, ts=4
P1, tp=4, ts=4, x0=322282226, x1=532672023
P2, tp=4, ts=4
P1, tp=4, ts=4, x0=981708921, x1=978093450
P3, tp=4, ts=4, x0=774869215
P3, tp=4, ts=4, x0=485982654
P3, tp=4, ts=4, x0=476130386
P0, tp=4, ts=4
P2, tp=4, ts=4
P2, tp=4, ts=4
P0, tp=4, ts=4
P1, tp=4, ts=4, x0=794071699, x1=304455931
P1, tp=4, ts=4, x0=794071699, x1=666069912
P1, tp=4, ts=4, x0=713579292, x1=458749650
P3, tp=4, ts=4, x0=666069912
P0, tp=4, ts=4
P2, tp=4, ts=4
P3, tp=4, ts=4, x0=923843939
P2, tp=4, ts=4
P2, tp=4, ts=4
P3, tp=4, ts=4, x0=276056805
P3, tp=4, ts=4, x0=713711806
P1, tp=4, ts=4, x0=351453074, x1=840851095
P3, tp=4, ts=4, x0=26433886
P1, tp=4, ts=4, x0=591812553, x1=981708921
P0, tp=4, ts=4
P1, tp=4, ts=4, x0=768676076, x1=995310227
P0, tp=4, ts=4
P3, tp=4, ts=4, x0=284883598
P3, tp=4, ts=4, x0=973098385
P2, tp=4, ts=4
P1, tp=4, ts=4, x0=895050005, x1=696837071
P0, tp=4, ts=4
P2, tp=4, ts=4
P3, tp=4, ts=4, x0=782347722
P0, tp=4, ts=4
P2, tp=4, ts=4
P2, tp=4, ts=4
P3, tp=4, ts=4, x0=485982654
P0, tp=4, ts=4
P1, tp=4, ts=4, x0=751739590, x1=898932244
P1, tp=4, ts=4, x0=4784336, x1=855124591
P2, tp=4, ts=4
P0, tp=4, ts=4
P2, tp=4, ts=4
P0, tp=4, ts=4
P1, tp=4, ts=4, x0=714335726, x1=156465141
P3, tp=4, ts=4, x0=322282226
P1, tp=4, ts=4, x0=664393022, x1=664393022
P1, tp=4, ts=4, x0=384177193, x1=900700466
P1, tp=4, ts=4, x0=543683985, x1=981708921
P2, tp=4, ts=4
P1, tp=4, ts=4, x0=982149770, x1=458749650
P2, tp=4, ts=4
P1, tp=4, ts=4, x0=900700466, x1=774869215
P1, tp=4, ts=4, x0=760858168, x1=855879721
P2, tp=4, ts=4
P3, tp=4, ts=4, x0=191353083
P2, tp=4, ts=4
P1, tp=4, ts=4, x0=399274317, x1=317058386
P0, tp=4, ts=4
P2, tp=4, ts=4
P1, tp=4, ts=4, x0=427917125, x1=751739590
P2, tp=4, ts=4
P3, tp=4, ts=4, x0=392989320
P0, tp=4, ts=4
P3, tp=4, ts=4, x0=313561148
P3, tp=4, ts=4, x0=374141174
P0, tp=4, ts=4
P3, tp=4, ts=4, x0=399274317
P0, tp=4, ts=4
P2, tp=4, ts=4
P2, tp=4, ts=4
P1, tp=4, ts=4, x0=615072235, x1=114375686
P2, tp=4, ts=4
P2, tp=4, ts=4
P1, tp=4, ts=4, x0=751739590, x1=711454865
P0, tp=4, ts=4
P3, tp=4, ts=4, x0=287234369
P1, tp=4, ts=4, x0=290015491, x1=895050005
P1, tp=4, ts=4, x0=26433886, x1=898932244
P3, tp=4, ts=4, x0=297443443
P3, tp=4, ts=4, x0=149194555
P2, tp=4, ts=4
P1, tp=4, ts=4, x0=427917125, x1=286136032
P2, tp=4, ts=4
P0, tp=4, ts=4
P1, tp=4, ts=4, x0=981708921, x1=476130386
P0, tp=4, ts=4
P0, tp=4, ts=4
P1, tp=4, ts=4, x0=179241364, x1=905418107
P3, tp=4, ts=4, x0=760858168
P3, tp=4, ts=4, x0=175245603
P0, tp=4, ts=4
P2, tp=4, ts=4
P3, tp=4, ts=4, x0=717187128
P0, tp=4, ts=4
P3, tp=4, ts=4, x0=287234369
P1, tp=4, ts=4, x0=714335726, x1=427917125
P1, tp=4, ts=4, x0=714335726, x1=711454865
P2, tp=4, ts=4
P2, tp=4, ts=4
P3, tp=4, ts=4, x0=982149770
P0, tp=4, ts=4
P0, tp=4, ts=4
P2, tp=4, ts=4
P1, tp=4, ts=4, x0=532672023, x1=713711806
P0, tp=4, ts=4
P3, tp=4, ts=4, x0=751739590
P2, tp=4, ts=4
P2, tp=4, ts=4
P3, tp=4, ts=4, x0=347227054
P1, tp=4, ts=4, x0=158721549, x1=905418107
P0, tp=4, ts=4
P1, tp=4, ts=4, x0=191353083, x1=822219488
P2, tp=4, ts=4
P2, tp=4, ts=4
P1, tp=4, ts=4, x0=17971017, x1=900700466
P0, tp=4, ts=4
P0, tp=4, ts=4
P1, tp=4, ts=4, x0=855124591, x1=717187128
P3, tp=4, ts=4, x0=861545272
P2, tp=4, ts=4
P2, tp=4, ts=4
P1, tp=4, ts=4, x0=427917125, x1=392989320
P1, tp=4, ts=4, x0=179241364, x1=713711806
P2, tp=4, ts=4
P1, tp=4, ts=4, x0=664244898, x1=810626819
P0, tp=4, ts=4
P3, tp=4, ts=4, x0=26433886
P2, tp=4, ts=4
P2, tp=4, ts=4
P3, tp=4, ts=4, x0=861545272
P3, tp=4, ts=4, x0=760858168
P3, tp=4, ts=4, x0=664244898
P0, tp=4, ts=4
P1, tp=4, ts=4, x0=26433886, x1=918223692
P3, tp=4, ts=4, x0=351453074
P0, tp=4, ts=4
P0, tp=4, ts=4
P1, tp=4, ts=4, x0=723499295, x1=299183796
P3, tp=4, ts=4, x0=973098385
P0, tp=4, ts=4
P1, tp=4, ts=4, x0=476130386, x1=322282226
P0, tp=4, ts=4
P3, tp=4, ts=4, x0=195219644
P1, tp=4, ts=4, x0=760858168, x1=341761146
P0, tp=4, ts=4
P2, tp=4, ts=4
P1, tp=4, ts=4, x0=439967705, x1=702955027
P0, tp=4, ts=4
P2, tp=4, ts=4
P0, tp=4, ts=4
P0, tp=4, ts=4
P2, tp=4, ts=4
P1, tp=4, ts=4, x0=810626819, x1=17971017
P0, tp=4, ts=4
P0, tp=4, ts=4
P1, tp=4, ts=4, x0=981708921, x1=713711806
P0, tp=4, ts=4
P3, tp=4, ts=4, x0=786026892
P1, tp=4, ts=4, x0=829467575, x1=17971017
P0, tp=4, ts=4
P0, tp=4, ts=4
P1, tp=4, ts=4, x0=399274317, x1=964125546
P3, tp=4, ts=4, x0=774869215
P2, tp=4, ts=4
P0, tp=4, ts=4
P1, tp=4, ts=4, x0=175245603, x1=384177193
P2, tp=4, ts=4
P3, tp=4, ts=4, x0=982149770
P2, tp=4, ts=4
P3, tp=4, ts=4, x0=741366095
P1, tp=4, ts=4, x0=271330754, x1=810626819
P1, tp=4, ts=4, x0=427917125, x1=317058386
P0, tp=4, ts=4
P3, tp=4, ts=4, x0=191353083
P3, tp=4, ts=4, x0=284883598
P3, tp=4, ts=4, x0=70262972
P3, tp=4, ts=4, x0=592114432
P1, tp=4, ts=4, x0=989717022, x1=114375686
P0, tp=4, ts=4
P3, tp=4, ts=4, x0=763512129
P0, tp=4, ts=4
P3, tp=4, ts=4, x0=516597723
P2, tp=4, ts=4
P0, tp=4, ts=4
P2, tp=4, ts=4
P0, tp=4, ts=4
P0, tp=4, ts=4
P0, tp=4, ts=4
P1, tp=4, ts=4, x0=696837071, x1=284883598
P0, tp=4, ts=4
P1, tp=4, ts=4, x0=499267842, x1=604560841
P1, tp=4, ts=4, x0=193656790, x1=763512129
P2, tp=4, ts=4
P1, tp=4, ts=4, x0=713579292, x1=801509552
P2, tp=4, ts=4
P1, tp=4, ts=4, x0=636201402, x1=964125546
P1, tp=4, ts=4, x0=149194555, x1=155548109
P3, tp=4, ts=4, x0=175245603
P0, tp=4, ts=4
P2, tp=4, ts=4
P2, tp=4, ts=4
P3, tp=4, ts=4, x0=801509552
P1, tp=4, ts=4, x0=506382430, x1=90917380
P3, tp=4, ts=4, x0=702955027
P3, tp=4, ts=4, x0=499267842
P2, tp=4, ts=4
P3, tp=4, ts=4, x0=158721549
P1, tp=4, ts=4, x0=763512129, x1=706281422
P2, tp=4, ts=4
P3, tp=4, ts=4, x0=458749650
P1, tp=4, ts=4, x0=221601032, x1=782347722
P2, tp=4, ts=4
P0, tp=4, ts=4
P0, tp=4, ts=4
P0, tp=4, ts=4
P1, tp=4, ts=4, x0=155548109, x1=365775564
P1, tp=4, ts=4, x0=143147677, x1=779278546
P2, tp=4, ts=4
P2, tp=4, ts=4
P2, tp=4, ts=4
P0, tp=4, ts=4
P2, tp=4, ts=4
P0, tp=4, ts=4
P2, tp=4, ts=4
P1, tp=4, ts=4, x0=521629767, x1=392989320
P2, tp=4, ts=4
P2, tp=4, ts=4
P2, tp=4, ts=4
P3, tp=4, ts=4, x0=829467575
P1, tp=4, ts=4, x0=543683985, x1=757887469
P0, tp=4, ts=4
P1, tp=4, ts=4, x0=341761146, x1=741366095
P3, tp=4, ts=4, x0=17971017
P0, tp=4, ts=4
P2, tp=4, ts=4
P2, tp=4, ts=4
P1, tp=4, ts=4, x0=299183796, x1=714335726
P2, tp=4, ts=4
P3, tp=4, ts=4, x0=290015491
P1, tp=4, ts=4, x0=836770281, x1=801509552
P2, tp=4, ts=4
P1, tp=4, ts=4, x0=615072235, x1=918223692
P2, tp=4, ts=4
P3, tp=4, ts=4, x0=923843939
P1, tp=4, ts=4, x0=476130386, x1=713711806
P2, tp=4, ts=4
P2, tp=4, ts=4
P3, tp=4, ts=4, x0=713579292
P3, tp=4, ts=4, x0=341761146
P0, tp=4, ts=4
P1, tp=4, ts=4, x0=55627669, x1=760858168
P3, tp=4, ts=4, x0=855879721
P3, tp=4, ts=4, x0=862126338
P1, tp=4, ts=4, x0=365775564, x1=532672023
P1, tp=4, ts=4, x0=995310227, x1=137855321
P0, tp=4, ts=4
P2, tp=4, ts=4
P0, tp=4, ts=4
P2, tp=4, ts=4
P2, tp=4, ts=4
P0, tp=4, ts=4
P2, tp=4, ts=4
P2, tp=4, ts=4
P2, tp=4, ts=4
P3, tp=4, ts=4, x0=935615518
P0, tp=4, ts=4
P0, tp=4, ts=4
P1, tp=4, ts=4, x0=106310220, x1=768676076
P2, tp=4, ts=4
P2, tp=4, ts=4
P2, tp=4, ts=4
P2, tp=4, ts=4
P1, tp=4, ts=4, x0=855124591, x1=516597723
P2, tp=4, ts=4
P0, tp=4, ts=4
P2, tp=4, ts=4
P3, tp=4, ts=4, x0=292911051
P0, tp=4, ts=4
P0, tp=4, ts=4
P2, tp=4, ts=4
P3, tp=4, ts=4, x0=26433886
P2, tp=4, ts=4
P1, tp=4, ts=4, x0=521629767, x1=299183796
P1, tp=4, ts=4, x0=347227054, x1=706281422
P2, tp=4, ts=4
P1, tp=4, ts=4, x0=506382430, x1=714335726
P1, tp=4, ts=4, x0=682904797, x1=898932244
P2, tp=4, ts=4
P2, tp=4, ts=4
P0, tp=4, ts=4
P2, tp=4, ts=4
P0, tp=4, ts=4
P3, tp=4, ts=4, x0=135805058
P1, tp=4, ts=4, x0=374141174, x1=4784336
P0, tp=4, ts=4
P2, tp=4, ts=4
P0, tp=4, ts=4
P2, tp=4, ts=4
P0, tp=4, ts=4
P3, tp=4, ts=4, x0=665794784
P2, tp=4, ts=4
P0, tp=4, ts=4
P2, tp=4, ts=4
P2, tp=4, ts=4
P0, tp=4, ts=4
P2, tp=4, ts=4
P3, tp=4, ts=4, x0=855879721
P3, tp=4, ts=4, x0=155548109
P0, tp=4, ts=4
P3, tp=4, ts=4, x0=741366095
P2, tp=4, ts=4
P1, tp=4, ts=4, x0=155548109, x1=283691082
P3, tp=4, ts=4, x0=690945555
P2, tp=4, ts=4
P3, tp=4, ts=4, x0=543683985
P1, tp=4, ts=4, x0=106310220, x1=297443443
P1, tp=4, ts=4, x0=664393022, x1=271330754
P2, tp=4, ts=4
P3, tp=4, ts=4, x0=995310227
P0, tp=4, ts=4
P1, tp=4, ts=4, x0=666069912, x1=890468341
P0, tp=4, ts=4
P2, tp=4, ts=4
P1, tp=4, ts=4, x0=191353083, x1=801509552
P3, tp=4, ts=4, x0=384177193
P0, tp=4, ts=4
P3, tp=4, ts=4, x0=506382430
P2, tp=4, ts=4
P3, tp=4, ts=4, x0=890468341
P0, tp=4, ts=4
P1, tp=4, ts=4, x0=155548109, x1=801509552
P0, tp=4, ts=4
P2, tp=4, ts=4
P0, tp=4, ts=4
P1, tp=4, ts=4, x0=615072235, x1=317058386
P1, tp=4, ts=4, x0=351453074, x1=690945555
P0, tp=4, ts=4
P1, tp=4, ts=4, x0=114375686, x1=169709190
P2, tp=4, ts=4
P3, tp=4, ts=4, x0=964125546
P3, tp=4, ts=4, x0=26433886
P2, tp=4, ts=4
P3, tp=4, ts=4, x0=840851095
P3, tp=4, ts=4, x0=218214545
P2, tp=4, ts=4
P2, tp=4, ts=4
P0, tp=4, ts=4
P2, tp=4, ts=4
P3, tp=4, ts=4, x0=801509552
P0, tp=4, ts=4
P2, tp=4, ts=4
P2, tp=4, ts=4
P0, tp=4, ts=4
P0, tp=4, ts=4
P0, tp=4, ts=4
P2, tp=4, ts=4
P2, tp=4, ts=4
P3, tp=4, ts=4, x0=836770281
P2, tp=4, ts=4
P1, tp=4, ts=4, x0=779278546, x1=70262972
P1, tp=4, ts=4, x0=905418107, x1=341761146
P0, tp=4, ts=4
P2, tp=4, ts=4
P3, tp=4, ts=4, x0=922192765
P3, tp=4, ts=4, x0=810626819
P2, tp=4, ts=4
P2, tp=4, ts=4
P1, tp=4, ts=4, x0=97101423, x1=175245603
P3, tp=4, ts=4, x0=570285474
P3, tp=4, ts=4, x0=271330754
P1, tp=4, ts=4, x0=143147677, x1=751739590
P2, tp=4, ts=4
P0, tp=4, ts=4
P0, tp=4, ts=4
P2, tp=4, ts=4
P0, tp=4, ts=4
P2, tp=4, ts=4
P0, tp=4, ts=4
P2, tp=4, ts=4
P0, tp=4, ts=4
P2, tp=4, ts=4
P2, tp=4, ts=4
P2, tp=4, ts=4
P3, tp=4, ts=4, x0=822219488
P3, tp=4, ts=4, x0=989717022
P0, tp=4, ts=4
P2, tp=4, ts=4
P1, tp=4, ts=4, x0=810626819, x1=384177193
P0, tp=4, ts=4
P0, tp=4, ts=4
P2, tp=4, ts=4
P1, tp=4, ts=4, x0=713711806, x1=982149770
P2, tp=4, ts=4
P0, tp=4, ts=4
P1, tp=4, ts=4, x0=55627669, x1=506382430
P0, tp=4, ts=4
P2, tp=4, ts=4
P0, tp=4, ts=4
P2, tp=4, ts=4
P2, tp=4, ts=4
P2, tp=4, ts=4
P0, tp=4, ts=4
P0, tp=4, ts=4
P1, tp=4, ts=4, x0=97101423, x1=664244898
P1, tp=4, ts=4, x0=592178228, x1=922192765
P0, tp=4, ts=4
P2, tp=4, ts=4
P3, tp=4, ts=4, x0=840851095
P1, tp=4, ts=4, x0=290015491, x1=989717022
P3, tp=4, ts=4, x0=713711806
P0, tp=4, ts=4
P0, tp=4, ts=4
P0, tp=4, ts=4
P3, tp=4, ts=4, x0=143147677
P1, tp=4, ts=4, x0=922192765, x1=90917380
P2, tp=4, ts=4
P1, tp=4, ts=4, x0=175245603, x1=982149770
P2, tp=4, ts=4
P1, tp=4, ts=4, x0=831624436, x1=114375686
P3, tp=4, ts=4, x0=801509552
P2, tp=4, ts=4
P1, tp=4, ts=4, x0=17971017, x1=143147677
P2, tp=4, ts=4
P0, tp=4, ts=4
P2, tp=4, ts=4
P1, tp=4, ts=4, x0=964125546, x1=253158667
P1, tp=4, ts=4, x0=918223692, x1=543683985
P1, tp=4, ts=4, x0=114375686, x1=516597723
P3, tp=4, ts=4, x0=666069912
P1, tp=4, ts=4, x0=664393022, x1=898932244
P1, tp=4, ts=4, x0=175245603, x1=399274317
P1, tp=4, ts=4, x0=981708921, x1=636201402
P0, tp=4, ts=4
P2, tp=4, ts=4
P3, tp=4, ts=4, x0=137855321
P3, tp=4, ts=4, x0=706281422
P0, tp=4, ts=4
P1, tp=4, ts=4, x0=741366095, x1=284883598
P1, tp=4, ts=4, x0=711454865, x1=137855321
P1, tp=4, ts=4, x0=713711806, x1=829467575
P2, tp=4, ts=4
P2, tp=4, ts=4
P0, tp=4, ts=4
P1, tp=4, ts=4, x0=384177193, x1=341761146
P2, tp=4, ts=4
P0, tp=4, ts=4
P2, tp=4, ts=4
P0, tp=4, ts=4
P2, tp=4, ts=4
P0, tp=4, ts=4
P3, tp=4, ts=4, x0=706281422
P0, tp=4, ts=4
P1, tp=4, ts=4, x0=135805058, x1=218214545
P3, tp=4, ts=4, x0=384177193
P3, tp=4, ts=4, x0=592178228
P0, tp=4, ts=4
P3, tp=4, ts=4, x0=995310227
P1, tp=4, ts=4, x0=801509552, x1=290015491
P3, tp=4, ts=4, x0=918223692
P2, tp=4, ts=4
P1, tp=4, ts=4, x0=829467575, x1=713579292
P3, tp=4, ts=4, x0=801509552
P2, tp=4, ts=4
P1, tp=4, ts=4, x0=427917125, x1=711454865
P3, tp=4, ts=4, x0=143147677
P0, tp=4, ts=4
P2, tp=4, ts=4
P3, tp=4, ts=4, x0=253158667
P3, tp=4, ts=4, x0=905418107
P1, tp=4, ts=4, x0=317058386, x1=571211854
P2, tp=4, ts=4
P0, tp=4, ts=4
P2, tp=4, ts=4
P2, tp=4, ts=4
P0, tp=4, ts=4
P3, tp=4, ts=4, x0=439967705
P0, tp=4, ts=4
P1, tp=4, ts=4, x0=636201402, x1=253158667
P3, tp=4, ts=4, x0=973098385
P2, tp=4, ts=4
P3, tp=4, ts=4, x0=768676076
P2, tp=4, ts=4
P0, tp=4, ts=4
P1, tp=4, ts=4, x0=801509552, x1=576429670
P2, tp=4, ts=4
P1, tp=4, ts=4, x0=714335726, x1=690945555
P3, tp=4, ts=4, x0=106310220
P1, tp=4, ts=4, x0=664393022, x1=898932244
P0, tp=4, ts=4
P1, tp=4, ts=4, x0=543683985, x1=4784336
P2, tp=4, ts=4
P0, tp=4, ts=4
P3, tp=4, ts=4, x0=292911051
P2, tp=4, ts=4
P1, tp=4, ts=4, x0=592178228, x1=351453074
P0, tp=4, ts=4
P0, tp=4, ts=4
P1, tp=4, ts=4, x0=516597723, x1=175245603
P1, tp=4, ts=4, x0=221601032, x1=615072235
P1, tp=4, ts=4, x0=427917125, x1=831624436
P3, tp=4, ts=4, x0=439967705
P2, tp=4, ts=4
P2, tp=4, ts=4
P2, tp=4, ts=4
P0, tp=4, ts=4
P0, tp=4, ts=4
P1, tp=4, ts=4, x0=392989320, x1=862126338
P1, tp=4, ts=4, x0=604560841, x1=713579292
P3, tp=4, ts=4, x0=570285474
P0, tp=4, ts=4
P2, tp=4, ts=4
P3, tp=4, ts=4, x0=271330754
P1, tp=4, ts=4, x0=543683985, x1=923843939
P0, tp=4, ts=4
P2, tp=4, ts=4
P1, tp=4, ts=4, x0=922192765, x1=922192765
P1, tp=4, ts=4, x0=290015491, x1=801509552
P1, tp=4, ts=4, x0=283691082, x1=253158667
P0, tp=4, ts=4
P0, tp=4, ts=4
P3, tp=4, ts=4, x0=923843939
P0, tp=4, ts=4
P2, tp=4, ts=4
P3, tp=4, ts=4, x0=543683985
P3, tp=4, ts=4, x0=898932244
P3, tp=4, ts=4, x0=678583550
P0, tp=4, ts=4
P2, tp=4, ts=4
P0, tp=4, ts=4
P2, tp=4, ts=4
P0, tp=4, ts=4
P0, tp=4, ts=4
P3, tp=4, ts=4, x0=241608244
P2, tp=4, ts=4
P0, tp=4, ts=4
P1, tp=4, ts=4, x0=365775564, x1=241608244
P1, tp=4, ts=4, x0=801509552, x1=829467575
P3, tp=4, ts=4, x0=26433886
P0, tp=4, ts=4
P2, tp=4, ts=4
P3, tp=4, ts=4, x0=786026892
P1, tp=4, ts=4, x0=70262972, x1=576429670
P2, tp=4, ts=4
P0, tp=4, ts=4
P2, tp=4, ts=4
P2, tp=4, ts=4
P0, tp=4, ts=4
P0, tp=4, ts=4
P2, tp=4, ts=4
P1, tp=4, ts=4, x0=665794784, x1=995310227
P1, tp=4, ts=4, x0=506382430, x1=313561148
P2, tp=4, ts=4
P3, tp=4, ts=4, x0=994447149
P1, tp=4, ts=4, x0=218214545, x1=779278546
P1, tp=4, ts=4, x0=458749650, x1=17971017
P2, tp=4, ts=4
P3, tp=4, ts=4, x0=714531378
P1, tp=4, ts=4, x0=598436321, x1=592178228
P1, tp=4, ts=4, x0=782347722, x1=4784336
P3, tp=4, ts=4, x0=253158667
P3, tp=4, ts=4, x0=427917125
P1, tp=4, ts=4, x0=90917380, x1=995310227
P1, tp=4, ts=4, x0=862126338, x1=442273573
P1, tp=4, ts=4, x0=779278546, x1=713711806
P0, tp=4, ts=4
P1, tp=4, ts=4, x0=169709190, x1=801509552
P2, tp=4, ts=4
P0, tp=4, ts=4
P2, tp=4, ts=4
P1, tp=4, ts=4, x0=717187128, x1=329512743
P1, tp=4, ts=4, x0=783659908, x1=711454865
P1, tp=4, ts=4, x0=97101423, x1=768676076
P1, tp=4, ts=4, x0=831624436, x1=156465141
P0, tp=4, ts=4
P3, tp=4, ts=4, x0=384177193
P2, tp=4, ts=4
P1, tp=4, ts=4, x0=143147677, x1=81025596
P1, tp=4, ts=4, x0=292911051, x1=636201402
P0, tp=4, ts=4
P3, tp=4, ts=4, x0=829467575
P2, tp=4, ts=4
P2, tp=4, ts=4
P0, tp=4, ts=4
P2, tp=4, ts=4
P0, tp=4, ts=4
P1, tp=4, ts=4, x0=615072235, x1=126482799
P2, tp=4, ts=4
P2, tp=4, ts=4
P3, tp=4, ts=4, x0=81025596
P3, tp=4, ts=4, x0=840851095
P3, tp=4, ts=4, x0=905418107
P0, tp=4, ts=4
P3, tp=4, ts=4, x0=861545272
P3, tp=4, ts=4, x0=193656790
P2, tp=4, ts=4
P0, tp=4, ts=4
P0, tp=4, ts=4
P1, tp=4, ts=4, x0=571211854, x1=905418107
P0, tp=4, ts=4
P2, tp=4, ts=4
P0, tp=4, ts=4
P1, tp=4, ts=4, x0=592178228, x1=822219488
P1, tp=4, ts=4, x0=763512129, x1=499267842
P2, tp=4, ts=4
P1, tp=4, ts=4, x0=702955027, x1=169709190
P2, tp=4, ts=4
P3, tp=4, ts=4, x0=458749650
P2, tp=4, ts=4
P3, tp=4, ts=4, x0=840851095
P3, tp=4, ts=4, x0=297443443
P0, tp=4, ts=4
P2, tp=4, ts=4
P1, tp=4, ts=4, x0=241608244, x1=126482799
P0, tp=4, ts=4
P0, tp=4, ts=4
P1, tp=4, ts=4, x0=978093450, x1=26433886
P2, tp=4, ts=4
P3, tp=4, ts=4, x0=169709190
P1, tp=4, ts=4, x0=271330754, x1=706281422
P3, tp=4, ts=4, x0=351453074
P1, tp=4, ts=4, x0=801509552, x1=527902242
P3, tp=4, ts=4, x0=241608244
P3, tp=4, ts=4, x0=527902242
P3, tp=4, ts=4, x0=978093450
P1, tp=4, ts=4, x0=768676076, x1=779278546
P1, tp=4, ts=4, x0=374141174, x1=768676076
P0, tp=4, ts=4
P2, tp=4, ts=4
P2, tp=4, ts=4
P0, tp=4, ts=4
P2, tp=4, ts=4
P2, tp=4, ts=4
P2, tp=4, ts=4
P2, tp=4, ts=4
P0, tp=4, ts=4
P0, tp=4, ts=4
P1, tp=4, ts=4, x0=499267842, x1=964125546
P1, tp=4, ts=4, x0=26433886, x1=392989320
P2, tp=4, ts=4
P0, tp=4, ts=4
P2, tp=4, ts=4
P2, tp=4, ts=4
P0, tp=4, ts=4
P1, tp=4, ts=4, x0=499267842, x1=143147677
P2, tp=4, ts=4
P3, tp=4, ts=4, x0=741366095
P0, tp=4, ts=4
P0, tp=4, ts=4
P1, tp=4, ts=4, x0=615072235, x1=198565719
P3, tp=4, ts=4, x0=329512743
P1, tp=4, ts=4, x0=831624436, x1=506382430
P0, tp=4, ts=4
P0, tp=4, ts=4
P0, tp=4, ts=4
P1, tp=4, ts=4, x0=922192765, x1=598436321
P0, tp=4, ts=4
P2, tp=4, ts=4
P1, tp=4, ts=4, x0=592178228, x1=399274317
P1, tp=4, ts=4, x0=193656790, x1=922192765
P1, tp=4, ts=4, x0=175245603, x1=763512129
P0, tp=4, ts=4
P2, tp=4, ts=4
P2, tp=4, ts=4
P0, tp=4, ts=4
P3, tp=4, ts=4, x0=615072235
P2, tp=4, ts=4
P2, tp=4, ts=4
P2, tp=4, ts=4
P1, tp=4, ts=4, x0=855879721, x1=861545272
P0, tp=4, ts=4
P2, tp=4, ts=4
P1, tp=4, ts=4, x0=939198952, x1=918223692
P3, tp=4, ts=4, x0=241608244
P1, tp=4, ts=4, x0=351453074, x1=779278546
P1, tp=4, ts=4, x0=690945555, x1=628453384
P2, tp=4, ts=4
P1, tp=4, ts=4, x0=149194555, x1=521629767
P3, tp=4, ts=4, x0=598436321
P0, tp=4, ts=4
P1, tp=4, ts=4, x0=576429670, x1=351453074
P1, tp=4, ts=4, x0=824472041, x1=399274317
P1, tp=4, ts=4, x0=532672023, x1=153488987
P1, tp=4, ts=4, x0=862126338, x1=690945555
P2, tp=4, ts=4
P3, tp=4, ts=4, x0=779278546
P1, tp=4, ts=4, x0=779278546, x1=198565719
P0, tp=4, ts=4
P1, tp=4, ts=4, x0=253158667, x1=741366095
P2, tp=4, ts=4
P1, tp=4, ts=4, x0=374141174, x1=855124591
P1, tp=4, ts=4, x0=527902242, x1=317058386
P0, tp=4, ts=4
P0, tp=4, ts=4
P3, tp=4, ts=4, x0=779278546
P0, tp=4, ts=4
P3, tp=4, ts=4, x0=779278546
P0, tp=4, ts=4
P0, tp=4, ts=4
P2, tp=4, ts=4
P3, tp=4, ts=4, x0=786026892
P2, tp=4, ts=4
P2, tp=4, ts=4
P1, tp=4, ts=4, x0=978093450, x1=822219488
P3, tp=4, ts=4, x0=855879721
P0, tp=4, ts=4
P1, tp=4, ts=4, x0=592178228, x1=281460280
P2, tp=4, ts=4
P3, tp=4, ts=4, x0=993926176
P1, tp=4, ts=4, x0=322282226, x1=711454865
P2, tp=4, ts=4
P2, tp=4, ts=4
P2, tp=4, ts=4
P3, tp=4, ts=4, x0=922192765
P3, tp=4, ts=4, x0=351453074
P1, tp=4, ts=4, x0=664393022, x1=711454865
P0, tp=4, ts=4
P1, tp=4, ts=4, x0=918223692, x1=783659908
P2, tp=4, ts=4
P3, tp=4, ts=4, x0=939198952
P2, tp=4, ts=4
P3, tp=4, ts=4, x0=599208056
P0, tp=4, ts=4
P0, tp=4, ts=4
P1, tp=4, ts=4, x0=126482799, x1=351453074
P1, tp=4, ts=4, x0=840851095, x1=714335726
P0, tp=4, ts=4
P3, tp=4, ts=4, x0=982149770
P1, tp=4, ts=4, x0=879171845, x1=879171845
P0, tp=4, ts=4
P3, tp=4, ts=4, x0=317058386
P0, tp=4, ts=4
P0, tp=4, ts=4
P3, tp=4, ts=4, x0=271330754
P1, tp=4, ts=4, x0=599208056, x1=315387163
P1, tp=4, ts=4, x0=281460280, x1=153488987
P1, tp=4, ts=4, x0=994447149, x1=4784336
P0, tp=4, ts=4
P1, tp=4, ts=4, x0=106310220, x1=516597723
P1, tp=4, ts=4, x0=284883598, x1=283691082
P3, tp=4, ts=4, x0=978093450
P3, tp=4, ts=4, x0=137855321
P3, tp=4, ts=4, x0=989717022
P1, tp=4, ts=4, x0=989717022, x1=794071699
P0, tp=4, ts=4
P1, tp=4, ts=4, x0=297443443, x1=442273573
P0, tp=4, ts=4
P1, tp=4, ts=4, x0=439967705, x1=599208056
P1, tp=4, ts=4, x0=713711806, x1=782347722
P1, tp=4, ts=4, x0=714335726, x1=458749650
P1, tp=4, ts=4, x0=706281422, x1=499267842
P3, tp=4, ts=4, x0=840851095
P0, tp=4, ts=4
P2, tp=4, ts=4
P0, tp=4, ts=4
P1, tp=4, ts=4, x0=193656790, x1=922192765
P1, tp=4, ts=4, x0=855124591, x1=351453074
P1, tp=4, ts=4, x0=840851095, x1=664393022
P1, tp=4, ts=4, x0=855879721, x1=682904797
P2, tp=4, ts=4
P2, tp=4, ts=4
P0, tp=4, ts=4
P3, tp=4, ts=4, x0=55627669
P0, tp=4, ts=4
P1, tp=4, ts=4, x0=81025596, x1=26433886
P1, tp=4, ts=4, x0=678780265, x1=763512129
P2, tp=4, ts=4
P0, tp=4, ts=4
P2, tp=4, ts=4
P2, tp=4, ts=4
P0, tp=4, ts=4
P1, tp=4, ts=4, x0=794071699, x1=241608244
P0, tp=4, ts=4
P3, tp=4, ts=4, x0=143147677
P0, tp=4, ts=4
P2, tp=4, ts=4
P2, tp=4, ts=4
P1, tp=4, ts=4, x0=831624436, x1=831624436
P1, tp=4, ts=4, x0=805572368, x1=220895260
P0, tp=4, ts=4
P2, tp=4, ts=4
P3, tp=4, ts=4, x0=822219488
P3, tp=4, ts=4, x0=532672023
P1, tp=4, ts=4, x0=175245603, x1=351453074
P0, tp=4, ts=4
P2, tp=4, ts=4
P2, tp=4, ts=4
P0, tp=4, ts=4
P2, tp=4, ts=4
P0, tp=4, ts=4
P3, tp=4, ts=4, x0=516597723
P3, tp=4, ts=4, x0=706281422
P1, tp=4, ts=4, x0=576429670, x1=570285474
P1, tp=4, ts=4, x0=521629767, x1=193656790
P0, tp=4, ts=4
P0, tp=4, ts=4
P0, tp=4, ts=4
P3, tp=4, ts=4, x0=855879721
P0, tp=4, ts=4
P2, tp=4, ts=4
P3, tp=4, ts=4, x0=989717022
P1, tp=4, ts=4, x0=458749650, x1=763512129
P1, tp=4, ts=4, x0=394765550, x1=828273723
P2, tp=4, ts=4
P3, tp=4, ts=4, x0=982149770
P0, tp=4, ts=4
P3, tp=4, ts=4, x0=26433886
P3, tp=4, ts=4, x0=751739590
P3, tp=4, ts=4, x0=706281422
P3, tp=4, ts=4, x0=81025596
P0, tp=4, ts=4
P0, tp=4, ts=4
P0, tp=4, ts=4
P0, tp=4, ts=4
P1, tp=4, ts=4, x0=198565719, x1=532672023
P2, tp=4, ts=4
P1, tp=4, ts=4, x0=317058386, x1=664244898
P3, tp=4, ts=4, x0=55627669
P1, tp=4, ts=4, x0=989717022, x1=758616499
P3, tp=4, ts=4, x0=682904797
P3, tp=4, ts=4, x0=283691082
P0, tp=4, ts=4
P3, tp=4, ts=4, x0=126482799
P0, tp=4, ts=4
P2, tp=4, ts=4
P1, tp=4, ts=4, x0=241608244, x1=993926176
P3, tp=4, ts=4, x0=959232710
P2, tp=4, ts=4
P0, tp=4, ts=4
P0, tp=4, ts=4
P3, tp=4, ts=4, x0=253158667
P3, tp=4, ts=4, x0=458749650
P1, tp=4, ts=4, x0=169709190, x1=193656790
P0, tp=4, ts=4
P1, tp=4, ts=4, x0=714531378, x1=678583550
P3, tp=4, ts=4, x0=713579292
P2, tp=4, ts=4
P2, tp=5, ts=5
P2, tp=5, ts=5
P3, tp=5, ts=5, x0=137855321
P3, tp=5, ts=5, x0=786026892
P0, tp=5, ts=5
P3, tp=5, ts=5, x0=378418207
P3, tp=5, ts=5, x0=801509552
P3, tp=5, ts=5, x0=696288128
P2, tp=5, ts=5
P1, tp=5, ts=5, x0=106310220, x1=805572368
P3, tp=5, ts=5, x0=782347722
P2, tp=5, ts=5
P1, tp=5, ts=5, x0=297443443, x1=378418207
P3, tp=5, ts=5, x0=374141174
P0, tp=5, ts=5
P0, tp=5, ts=5
P1, tp=5, ts=5, x0=918223692, x1=262628136
P3, tp=5, ts=5, x0=599208056
P3, tp=5, ts=5, x0=767372659
P0, tp=5, ts=5
P3, tp=5, ts=5, x0=196919919
P1, tp=5, ts=5, x0=506382430, x1=805572368
P2, tp=5, ts=5
P3, tp=5, ts=5, x0=678583550
P1, tp=5, ts=5, x0=315387163, x1=918223692
P2, tp=5, ts=5
P0, tp=5, ts=5
P2, tp=5, ts=5
P2, tp=5, ts=5
P1, tp=5, ts=5, x0=373087683, x1=284883598
P2, tp=5, ts=5
P1, tp=5, ts=5, x0=262628136, x1=394765550
P3, tp=5, ts=5, x0=994573408
P3, tp=5, ts=5, x0=783659908
P0, tp=5, ts=5
P1, tp=5, ts=5, x0=532672023, x1=283691082
P2, tp=5, ts=5
P0, tp=5, ts=5
P3, tp=5, ts=5, x0=97872481
P3, tp=5, ts=5, x0=290015491
P3, tp=5, ts=5, x0=922192765
P3, tp=5, ts=5, x0=782347722
P0, tp=5, ts=5
P3, tp=5, ts=5, x0=758616499
P2, tp=5, ts=5
P1, tp=5, ts=5, x0=836770281, x1=905418107
P3, tp=5, ts=5, x0=836770281
P0, tp=5, ts=5
P1, tp=5, ts=5, x0=592178228, x1=351453074
P0, tp=5, ts=5
P1, tp=5, ts=5, x0=271330754, x1=592178228
P3, tp=5, ts=5, x0=358764715
P0, tp=5, ts=5
P3, tp=5, ts=5, x0=324604825
P2, tp=5, ts=5
P0, tp=5, ts=5
P3, tp=5, ts=5, x0=978093450
P3, tp=5, ts=5, x0=741366095
P1, tp=5, ts=5, x0=324604825, x1=978093450
P0, tp=5, ts=5
P1, tp=5, ts=5, x0=922192765, x1=682904797
P2, tp=5, ts=5
P3, tp=5, ts=5, x0=871328432
P0, tp=5, ts=5
P3, tp=5, ts=5, x0=922192765
P1, tp=5, ts=5, x0=374141174, x1=982149770
P0, tp=5, ts=5
P2, tp=5, ts=5
P1, tp=5, ts=5, x0=284883598, x1=153488987
P0, tp=5, ts=5
P2, tp=5, ts=5
P0, tp=5, ts=5
P3, tp=5, ts=5, x0=297443443
P3, tp=5, ts=5, x0=978093450
P0, tp=5, ts=5
P2, tp=5, ts=5
P0, tp=5, ts=5
P0, tp=5, ts=5
P0, tp=5, ts=5
P2, tp=5, ts=5
P2, tp=5, ts=5
P1, tp=5, ts=5, x0=322282226, x1=137855321
P3, tp=5, ts=5, x0=527902242
P3, tp=5, ts=5, x0=499267842
P3, tp=5, ts=5, x0=922192765
P3, tp=5, ts=5, x0=421759463
P2, tp=5, ts=5
P1, tp=5, ts=5, x0=828273723, x1=714531378
P1, tp=5, ts=5, x0=763512129, x1=373087683
P1, tp=5, ts=5, x0=373087683, x1=855879721
P0, tp=5, ts=5
P2, tp=5, ts=5
P2, tp=5, ts=5
P3, tp=5, ts=5, x0=922192765
P2, tp=5, ts=5
P3, tp=5, ts=5, x0=153488987
P1, tp=5, ts=5, x0=313561148, x1=315387163
P1, tp=5, ts=5, x0=824472041, x1=317058386
P3, tp=5, ts=5, x0=241608244
P0, tp=5, ts=5
P2, tp=5, ts=5
P2, tp=5, ts=5
P2, tp=5, ts=5
P3, tp=5, ts=5, x0=458749650
P3, tp=5, ts=5, x0=313561148
P3, tp=5, ts=5, x0=922192765
P2, tp=5, ts=5
P1, tp=5, ts=5, x0=751739590, x1=221601032
P2, tp=5, ts=5
P0, tp=5, ts=5
P0, tp=5, ts=5
P3, tp=5, ts=5, x0=297443443
P2, tp=5, ts=5
P3, tp=5, ts=5, x0=270242083
P2, tp=5, ts=5
P2, tp=5, ts=5
P1, tp=5, ts=5, x0=822219488, x1=763512129
P0, tp=5, ts=5
P0, tp=5, ts=5
P2, tp=5, ts=5
P0, tp=5, ts=5
P3, tp=5, ts=5, x0=768676076
P0, tp=5, ts=5
P0, tp=5, ts=5
P2, tp=5, ts=5
P0, tp=5, ts=5
P0, tp=5, ts=5
P3, tp=5, ts=5, x0=604560841
P0, tp=5, ts=5
P1, tp=5, ts=5, x0=205233360, x1=993926176
P3, tp=5, ts=5, x0=516597723
P2, tp=5, ts=5
P2, tp=5, ts=5
P2, tp=5, ts=5
P3, tp=5, ts=5, x0=283691082
P0, tp=5, ts=5
P1, tp=5, ts=5, x0=787782137, x1=828273723
P0, tp=5, ts=5
P2, tp=5, ts=5
P0, tp=5, ts=5
P3, tp=5, ts=5, x0=324604825
P1, tp=5, ts=5, x0=205233360, x1=342531013
P0, tp=5, ts=5
P1, tp=5, ts=5, x0=527902242, x1=281460280
P0, tp=5, ts=5
P2, tp=5, ts=5
P1, tp=5, ts=5, x0=281460280, x1=604560841
P3, tp=5, ts=5, x0=62949616
P3, tp=5, ts=5, x0=615072235
P1, tp=5, ts=5, x0=106310220, x1=458749650
P2, tp=5, ts=5
P2, tp=5, ts=5
P1, tp=5, ts=5, x0=532672023, x1=682904797
P2, tp=5, ts=5
P0, tp=5, ts=5
P3, tp=5, ts=5, x0=62949616
P3, tp=5, ts=5, x0=270242083
P1, tp=5, ts=5, x0=284883598, x1=97872481
P2, tp=5, ts=5
P2, tp=5, ts=5
P2, tp=5, ts=5
P0, tp=5, ts=5
P1, tp=5, ts=5, x0=400885143, x1=506382430
P2, tp=5, ts=5
P3, tp=5, ts=5, x0=994573408
P3, tp=5, ts=5, x0=598436321
P2, tp=5, ts=5
P2, tp=5, ts=5
P3, tp=5, ts=5, x0=615072235
P2, tp=5, ts=5
P1, tp=5, ts=5, x0=879171845, x1=198565719
P1, tp=5, ts=5, x0=262628136, x1=196919919
P0, tp=5, ts=5
P1, tp=5, ts=5, x0=787782137, x1=879171845
P1, tp=5, ts=5, x0=570285474, x1=421759463
P2, tp=5, ts=5
P2, tp=5, ts=5
P0, tp=5, ts=5
P1, tp=5, ts=5, x0=421759463, x1=782347722
P1, tp=5, ts=5, x0=62949616, x1=615072235
P1, tp=5, ts=5, x0=394765550, x1=831624436
P0, tp=5, ts=5
P3, tp=5, ts=5, x0=439967705
P3, tp=5, ts=5, x0=751739590
P0, tp=5, ts=5
P0, tp=5, ts=5
P1, tp=5, ts=5, x0=400885143, x1=324604825
P3, tp=5, ts=5, x0=871328432
P0, tp=5, ts=5
P1, tp=5, ts=5, x0=822219488, x1=221601032
P1, tp=5, ts=5, x0=628453384, x1=205233360
P2, tp=5, ts=5
P3, tp=5, ts=5, x0=786026892
P2, tp=5, ts=5
P3, tp=5, ts=5, x0=592178228
P3, tp=5, ts=5, x0=399274317
P2, tp=5, ts=5
P0, tp=5, ts=5
P2, tp=5, ts=5
P2, tp=5, ts=5
P1, tp=5, ts=5, x0=782347722, x1=615072235
P2, tp=5, ts=5
P0, tp=5, ts=5
P0, tp=5, ts=5
P1, tp=5, ts=5, x0=702955027, x1=959232710
P3, tp=5, ts=5, x0=994447149
P3, tp=5, ts=5, x0=871988861
P3, tp=5, ts=5, x0=978093450
P3, tp=5, ts=5, x0=571211854
P1, tp=5, ts=5, x0=706281422, x1=90917380
P0, tp=5, ts=5
P1, tp=5, ts=5, x0=989717022, x1=768676076
P0, tp=5, ts=5
P3, tp=5, ts=5, x0=978093450
P2, tp=5, ts=5
P3, tp=5, ts=5, x0=527902242
P3, tp=5, ts=5, x0=571211854
P0, tp=5, ts=5
P1, tp=5, ts=5, x0=570285474, x1=831624436
P1, tp=5, ts=5, x0=898932244, x1=831624436
P0, tp=5, ts=5
P0, tp=5, ts=5
P1, tp=5, ts=5, x0=175245603, x1=253158667
P1, tp=5, ts=5, x0=26433886, x1=714531378
P2, tp=5, ts=5
P0, tp=5, ts=5
P2, tp=5, ts=5
P2, tp=5, ts=5
P2, tp=5, ts=5
P1, tp=5, ts=5, x0=751739590, x1=329512743
P0, tp=5, ts=5
P2, tp=5, ts=5
P1, tp=5, ts=5, x0=374141174, x1=786026892
P3, tp=5, ts=5, x0=855879721
P0, tp=5, ts=5
P2, tp=5, ts=5
P0, tp=5, ts=5
P3, tp=5, ts=5, x0=831624436
P3, tp=5, ts=5, x0=341761146
P2, tp=5, ts=5
P1, tp=5, ts=5, x0=751739590, x1=205053976
P1, tp=5, ts=5, x0=521629767, x1=317058386
P1, tp=5, ts=5, x0=678780265, x1=373087683
P0, tp=5, ts=5
P2, tp=5, ts=5
P0, tp=5, ts=5
P0, tp=5, ts=5
P0, tp=5, ts=5
P0, tp=5, ts=5
P3, tp=5, ts=5, x0=763512129
P0, tp=5, ts=5
P0, tp=5, ts=5
P0, tp=5, ts=5
P1, tp=5, ts=5, x0=137855321, x1=146525744
P1, tp=5, ts=5, x0=400885143, x1=570285474
P1, tp=5, ts=5, x0=241608244, x1=758616499
P3, tp=5, ts=5, x0=399274317
P3, tp=5, ts=5, x0=664244898
P0, tp=5, ts=5
P0, tp=5, ts=5
P3, tp=5, ts=5, x0=628453384
P3, tp=5, ts=5, x0=787782137
P3, tp=5, ts=5, x0=993926176
P1, tp=5, ts=5, x0=615072235, x1=499267842
P2, tp=5, ts=5
P1, tp=5, ts=5, x0=106310220, x1=205053976
P2, tp=5, ts=5
P2, tp=5, ts=5
P0, tp=5, ts=5
P0, tp=5, ts=5
P2, tp=5, ts=5
P2, tp=5, ts=5
P3, tp=5, ts=5, x0=26433886
P0, tp=5, ts=5
P0, tp=5, ts=5
P0, tp=5, ts=5
P1, tp=5, ts=5, x0=678780265, x1=290015491
P1, tp=5, ts=5, x0=822219488, x1=205233360
P0, tp=5, ts=5
P2, tp=5, ts=5
P0, tp=5, ts=5
P3, tp=5, ts=5, x0=284883598
P3, tp=5, ts=5, x0=284883598
P3, tp=5, ts=5, x0=782347722
P1, tp=5, ts=5, x0=499267842, x1=713579292
P0, tp=5, ts=5
P0, tp=5, ts=5
P2, tp=5, ts=5
P1, tp=5, ts=5, x0=615072235, x1=378418207
P3, tp=5, ts=5, x0=439967705
P3, tp=5, ts=5, x0=358764715
P1, tp=5, ts=5, x0=994573408, x1=394765550
P3, tp=5, ts=5, x0=713579292
P3, tp=5, ts=5, x0=871988861
P1, tp=5, ts=5, x0=315387163, x1=706281422
P2, tp=5, ts=5
P1, tp=5, ts=5, x0=696288128, x1=126482799
P2, tp=5, ts=5
P3, tp=5, ts=5, x0=270242083
P1, tp=5, ts=5, x0=220895260, x1=786026892
P1, tp=5, ts=5, x0=805572368, x1=570285474
P0, tp=5, ts=5
P3, tp=5, ts=5, x0=822219488
P0, tp=5, ts=5
P3, tp=5, ts=5, x0=205233360
P3, tp=5, ts=5, x0=499267842
P0, tp=5, ts=5
P0, tp=5, ts=5
P1, tp=5, ts=5, x0=516597723, x1=394765550
P3, tp=5, ts=5, x0=714531378
P2, tp=5, ts=5
P2, tp=5, ts=5
P3, tp=5, ts=5, x0=421759463
P3, tp=5, ts=5, x0=768676076
P3, tp=5, ts=5, x0=506382430
P3, tp=5, ts=5, x0=241608244
P1, tp=5, ts=5, x0=341761146, x1=358764715
P1, tp=5, ts=5, x0=137855321, x1=205233360
P1, tp=5, ts=5, x0=959232710, x1=713579292
P3, tp=5, ts=5, x0=218214545
P3, tp=5, ts=5, x0=439967705
P0, tp=5, ts=5
P0, tp=5, ts=5
P1, tp=5, ts=5, x0=828273723, x1=97872481
P3, tp=5, ts=5, x0=378418207
P3, tp=5, ts=5, x0=137855321
P3, tp=5, ts=5, x0=126482799
P2, tp=5, ts=5
P0, tp=5, ts=5
P2, tp=5, ts=5
P0, tp=5, ts=5
P1, tp=5, ts=5, x0=604560841, x1=283691082
P1, tp=5, ts=5, x0=571211854, x1=871988861
P0, tp=5, ts=5
P0, tp=5, ts=5
P2, tp=5, ts=5
P0, tp=5, ts=5
P3, tp=5, ts=5, x0=993926176
P3, tp=5, ts=5, x0=521629767
P3, tp=5, ts=5, x0=126482799
P3, tp=5, ts=5, x0=324604825
P3, tp=5, ts=5, x0=521629767
P1, tp=5, ts=5, x0=570285474, x1=879171845
P1, tp=5, ts=5, x0=696288128, x1=126482799
P3, tp=5, ts=5, x0=442273573
P1, tp=5, ts=5, x0=506382430, x1=205053976
P1, tp=5, ts=5, x0=993926176, x1=439967705
P3, tp=5, ts=5, x0=758616499
P2, tp=5, ts=5
P2, tp=5, ts=5
P2, tp=5, ts=5
P0, tp=5, ts=5
P3, tp=5, ts=5, x0=768676076
P3, tp=5, ts=5, x0=137855321
P3, tp=5, ts=5, x0=442273573
P3, tp=5, ts=5, x0=317058386
P3, tp=5, ts=5, x0=358764715
P1, tp=5, ts=5, x0=678583550, x1=17971017
P0, tp=5, ts=5
P2, tp=5, ts=5
P0, tp=5, ts=5
P3, tp=5, ts=5, x0=959232710
P2, tp=5, ts=5
P2, tp=5, ts=5
P2, tp=5, ts=5
P2, tp=5, ts=5
P3, tp=5, ts=5, x0=329512743
P3, tp=5, ts=5, x0=664244898
P3, tp=5, ts=5, x0=153488987
P0, tp=5, ts=5
P0, tp=5, ts=5
P2, tp=5, ts=5
P0, tp=5, ts=5
P2, tp=5, ts=5
P3, tp=5, ts=5, x0=669942889
P2, tp=5, ts=5
P2, tp=5, ts=5
P1, tp=5, ts=5, x0=322389486, x1=758616499
P0, tp=5, ts=5
P1, tp=5, ts=5, x0=570285474, x1=17971017
P3, tp=5, ts=5, x0=378418207
P1, tp=5, ts=5, x0=220895260, x1=592178228
P1, tp=5, ts=5, x0=342531013, x1=521629767
P3, tp=5, ts=5, x0=939198952
P2, tp=5, ts=5
P0, tp=5, ts=5
P2, tp=5, ts=5
P1, tp=5, ts=5, x0=713579292, x1=205233360
P0, tp=5, ts=5
P2, tp=5, ts=5
P0, tp=5, ts=5
P3, tp=5, ts=5, x0=978093450
P1, tp=5, ts=5, x0=281460280, x1=878015212
P2, tp=5, ts=5
P2, tp=5, ts=5
P0, tp=5, ts=5
P0, tp=5, ts=5
P3, tp=5, ts=5, x0=939198952
P2, tp=5, ts=5
P0, tp=5, ts=5
P0, tp=5, ts=5
P3, tp=5, ts=5, x0=126482799
P1, tp=5, ts=5, x0=253158667, x1=290015491
P1, tp=5, ts=5, x0=532672023, x1=898932244
P1, tp=5, ts=5, x0=527902242, x1=17971017
P0, tp=5, ts=5
P0, tp=5, ts=5
P1, tp=5, ts=5, x0=205053976, x1=768676076
P2, tp=5, ts=5
P0, tp=5, ts=5
P1, tp=5, ts=5, x0=993926176, x1=822219488
P1, tp=5, ts=5, x0=221601032, x1=516597723
P1, tp=5, ts=5, x0=711454865, x1=458749650
P0, tp=5, ts=5
P3, tp=5, ts=5, x0=714531378
P0, tp=5, ts=5
P3, tp=5, ts=5, x0=706281422
P0, tp=5, ts=5
P3, tp=5, ts=5, x0=315387163
P0, tp=5, ts=5
P3, tp=5, ts=5, x0=26433886
P2, tp=5, ts=5
P1, tp=5, ts=5, x0=342531013, x1=696288128
P1, tp=5, ts=5, x0=822219488, x1=283691082
P1, tp=5, ts=5, x0=871328432, x1=322389486
P3, tp=5, ts=5, x0=106310220
P3, tp=5, ts=5, x0=787782137
P1, tp=5, ts=5, x0=711454865, x1=599208056
P1, tp=5, ts=5, x0=205233360, x1=221601032
P1, tp=5, ts=5, x0=871988861, x1=218214545
P1, tp=5, ts=5, x0=758616499, x1=205233360
P3, tp=5, ts=5, x0=262628136
P3, tp=5, ts=5, x0=421759463
P1, tp=5, ts=5, x0=556534690, x1=619878586
P0, tp=5, ts=5
P3, tp=5, ts=5, x0=205053976
P3, tp=5, ts=5, x0=218214545
P2, tp=5, ts=5
P0, tp=5, ts=5
P3, tp=5, ts=5, x0=982149770
P1, tp=5, ts=5, x0=959232710, x1=512115179
P2, tp=5, ts=5
P2, tp=5, ts=5
P1, tp=5, ts=5, x0=878015212, x1=290015491
P2, tp=5, ts=5
P1, tp=5, ts=5, x0=599208056, x1=342531013
P0, tp=5, ts=5
P1, tp=5, ts=5, x0=782347722, x1=982149770
P1, tp=5, ts=5, x0=598436321, x1=648980091
P0, tp=5, ts=5
P2, tp=5, ts=5
P1, tp=5, ts=5, x0=97872481, x1=598436321
P3, tp=5, ts=5, x0=669942889
P2, tp=5, ts=5
P1, tp=5, ts=5, x0=62949616, x1=373087683
P1, tp=5, ts=5, x0=281460280, x1=324604825
P0, tp=5, ts=5
P1, tp=5, ts=5, x0=993926176, x1=570285474
P0, tp=5, ts=5
P0, tp=5, ts=5
P3, tp=5, ts=5, x0=512115179
P1, tp=5, ts=5, x0=782347722, x1=939198952
P3, tp=5, ts=5, x0=758616499
P1, tp=5, ts=5, x0=146525744, x1=871328432
P1, tp=5, ts=5, x0=146525744, x1=17971017
P1, tp=5, ts=5, x0=442273573, x1=317058386
P2, tp=5, ts=5
P2, tp=5, ts=5
P1, tp=5, ts=5, x0=870850333, x1=706281422
P1, tp=5, ts=5, x0=400885143, x1=439967705
P1, tp=5, ts=5, x0=879171845, x1=767372659
P0, tp=5, ts=5
P3, tp=5, ts=5, x0=322389486
P1, tp=5, ts=5, x0=871988861, x1=824472041
P0, tp=5, ts=5
P1, tp=5, ts=5, x0=599208056, x1=106310220
P1, tp=5, ts=5, x0=283691082, x1=284883598
P0, tp=5, ts=5
P1, tp=5, ts=5, x0=682904797, x1=126482799
P0, tp=5, ts=5
P1, tp=5, ts=5, x0=506382430, x1=527902242
P2, tp=5, ts=5
P0, tp=5, ts=5
P0, tp=5, ts=5
P0, tp=5, ts=5
P3, tp=5, ts=5, x0=459655874
P2, tp=5, ts=5
P1, tp=5, ts=5, x0=592178228, x1=205053976
P3, tp=5, ts=5, x0=786026892
P0, tp=5, ts=5
P2, tp=5, ts=5
P0, tp=5, ts=5
P3, tp=5, ts=5, x0=218214545
P0, tp=5, ts=5
P3, tp=5, ts=5, x0=62949616
P3, tp=5, ts=5, x0=682904797
P3, tp=5, ts=5, x0=678780265
P1, tp=5, ts=5, x0=284883598, x1=241608244
P1, tp=5, ts=5, x0=741366095, x1=741366095
P3, tp=5, ts=5, x0=696288128
P2, tp=5, ts=5
P2, tp=5, ts=5
P0, tp=5, ts=5
P1, tp=5, ts=5, x0=399274317, x1=604560841
P1, tp=5, ts=5, x0=218214545, x1=678780265
P3, tp=5, ts=5, x0=696288128
P3, tp=5, ts=5, x0=619878586
P3, tp=5, ts=5, x0=758616499
P1, tp=5, ts=5, x0=205053976, x1=399274317
P2, tp=5, ts=5
P3, tp=5, ts=5, x0=442273573
P0, tp=5, ts=5
P3, tp=5, ts=5, x0=571211854
P1, tp=5, ts=5, x0=786026892, x1=146525744
P3, tp=5, ts=5, x0=329512743
P1, tp=5, ts=5, x0=506382430, x1=458749650
P3, tp=5, ts=5, x0=978093450
P0, tp=5, ts=5
P3, tp=5, ts=5, x0=439967705
P3, tp=5, ts=5, x0=271330754
P3, tp=5, ts=5, x0=373087683
P1, tp=5, ts=5, x0=628453384, x1=959232710
P0, tp=5, ts=5
P2, tp=5, ts=5
P0, tp=5, ts=5
P3, tp=5, ts=5, x0=458749650
P0, tp=5, ts=5
P2, tp=5, ts=5
P1, tp=5, ts=5, x0=143147677, x1=628453384
P1, tp=5, ts=5, x0=26433886, x1=599208056
P3, tp=5, ts=5, x0=270242083
P3, tp=5, ts=5, x0=879171845
P2, tp=5, ts=5
P1, tp=5, ts=5, x0=17971017, x1=106310220
P0, tp=5, ts=5
P2, tp=5, ts=5
P1, tp=5, ts=5, x0=283691082, x1=628453384
P2, tp=5, ts=5
P2, tp=5, ts=5
P2, tp=5, ts=5
P2, tp=5, ts=5
P2, tp=5, ts=5
P2, tp=5, ts=5
P0, tp=5, ts=5
P1, tp=5, ts=5, x0=499267842, x1=782347722
P3, tp=5, ts=5, x0=871988861
P1, tp=5, ts=5, x0=111014918, x1=315387163
P0, tp=5, ts=5
P2, tp=5, ts=5
P2, tp=5, ts=5
P3, tp=5, ts=5, x0=664244898
P2, tp=5, ts=5
P3, tp=5, ts=5, x0=576429670
P1, tp=5, ts=5, x0=993926176, x1=281460280
P1, tp=5, ts=5, x0=785516389, x1=290015491
P2, tp=5, ts=5
P0, tp=5, ts=5
P0, tp=5, ts=5
P2, tp=5, ts=5
P0, tp=5, ts=5
P3, tp=5, ts=5, x0=939198952
P2, tp=5, ts=5
P3, tp=5, ts=5, x0=871328432
P0, tp=5, ts=5
P2, tp=5, ts=5
P3, tp=5, ts=5, x0=196919919
P1, tp=5, ts=5, x0=490126166, x1=994573408
P0, tp=5, ts=5
P1, tp=5, ts=5, x0=458749650, x1=97872481
P1, tp=5, ts=5, x0=767372659, x1=342531013
P1, tp=5, ts=5, x0=898932244, x1=706281422
P3, tp=5, ts=5, x0=221601032
P0, tp=5, ts=5
P1, tp=5, ts=5, x0=599208056, x1=146525744
P1, tp=5, ts=5, x0=669942889, x1=490126166
P0, tp=5, ts=5
P1, tp=5, ts=5, x0=111014918, x1=281460280
P3, tp=5, ts=5, x0=126482799
P2, tp=5, ts=5
P0, tp=5, ts=5
P3, tp=5, ts=5, x0=664244898
P1, tp=5, ts=5, x0=324604825, x1=622193866
P1, tp=5, ts=5, x0=458749650, x1=400885143
P0, tp=5, ts=5
P3, tp=5, ts=5, x0=411401212
P2, tp=5, ts=5
P1, tp=5, ts=5, x0=241608244, x1=619878586
P2, tp=5, ts=5
P3, tp=5, ts=5, x0=664244898
P3, tp=5, ts=5, x0=262628136
P2, tp=5, ts=5
P0, tp=5, ts=5
P3, tp=5, ts=5, x0=768676076
P0, tp=5, ts=5
P1, tp=5, ts=5, x0=871988861, x1=706281422
P0, tp=5, ts=5
P2, tp=5, ts=5
P1, tp=5, ts=5, x0=270242083, x1=329512743
P0, tp=5, ts=5
P0, tp=5, ts=5
P0, tp=5, ts=5
P1, tp=5, ts=5, x0=831624436, x1=871328432
P1, tp=5, ts=5, x0=678583550, x1=685853111
P0, tp=5, ts=5
P2, tp=5, ts=5
P2, tp=5, ts=5
P3, tp=5, ts=5, x0=220895260
P1, tp=5, ts=5, x0=648980091, x1=221601032
P1, tp=5, ts=5, x0=782347722, x1=822219488
P0, tp=5, ts=5
P2, tp=5, ts=5
P3, tp=5, ts=5, x0=126482799
P2, tp=5, ts=5
P1, tp=5, ts=5, x0=783659908, x1=270242083
P3, tp=5, ts=5, x0=411401212
P2, tp=5, ts=5
P1, tp=5, ts=5, x0=421759463, x1=678780265
P0, tp=5, ts=5
P0, tp=5, ts=5
P1, tp=5, ts=5, x0=315387163, x1=538077878
P1, tp=5, ts=5, x0=458749650, x1=994573408
P3, tp=5, ts=5, x0=959232710
P2, tp=5, ts=5
P1, tp=5, ts=5, x0=342531013, x1=974356170
P0, tp=5, ts=5
P1, tp=5, ts=5, x0=824472041, x1=458749650
P2, tp=5, ts=5
P0, tp=5, ts=5
P1, tp=5, ts=5, x0=782347722, x1=604560841
P0, tp=5, ts=5
P2, tp=5, ts=5
P3, tp=5, ts=5, x0=714531378
P3, tp=5, ts=5, x0=879171845
P1, tp=5, ts=5, x0=598436321, x1=373087683
P2, tp=5, ts=5
P1, tp=5, ts=5, x0=205233360, x1=994447149
P0, tp=5, ts=5
P3, tp=5, ts=5, x0=538077878
P0, tp=5, ts=5
P2, tp=5, ts=5
P0, tp=5, ts=5
P0, tp=5, ts=5
P3, tp=5, ts=5, x0=22095674
P3, tp=5, ts=5, x0=198565719
P3, tp=5, ts=5, x0=678780265
P0, tp=5, ts=5
P0, tp=5, ts=5
P2, tp=5, ts=5
P0, tp=5, ts=5
P0, tp=5, ts=5
P3, tp=5, ts=5, x0=281460280
P2, tp=5, ts=5
P3, tp=5, ts=5, x0=871988861
P0, tp=5, ts=5
P0, tp=5, ts=5
P1, tp=5, ts=5, x0=281460280, x1=253158667
P2, tp=5, ts=5
P3, tp=5, ts=5, x0=570285474
P1, tp=5, ts=5, x0=146525744, x1=678583550
P2, tp=5, ts=5
P0, tp=5, ts=5
P1, tp=5, ts=5, x0=544952570, x1=26433886
P3, tp=5, ts=5, x0=576429670
P2, tp=5, ts=5
P1, tp=5, ts=5, x0=342531013, x1=622193866
P2, tp=5, ts=5
P3, tp=5, ts=5, x0=329512743
P0, tp=5, ts=5
P3, tp=5, ts=5, x0=81391188
P0, tp=5, ts=5
P0, tp=5, ts=5
P3, tp=5, ts=5, x0=879171845
P2, tp=5, ts=5
P2, tp=5, ts=5
P0, tp=5, ts=5
P0, tp=5, ts=5
P0, tp=5, ts=5
P1, tp=5, ts=5, x0=685853111, x1=871328432
P0, tp=5, ts=5
P1, tp=5, ts=5, x0=664244898, x1=682904797
P3, tp=5, ts=5, x0=439967705
P3, tp=5, ts=5, x0=394765550
P2, tp=5, ts=5
P1, tp=5, ts=5, x0=828273723, x1=871988861
P0, tp=5, ts=5
P2, tp=5, ts=5
P1, tp=5, ts=5, x0=290015491, x1=506382430
P0, tp=5, ts=5
P2, tp=5, ts=5
P1, tp=5, ts=5, x0=628453384, x1=800087051
P1, tp=5, ts=5, x0=767372659, x1=516597723
P1, tp=5, ts=5, x0=135008159, x1=871988861
P1, tp=5, ts=5, x0=324604825, x1=855083177
P0, tp=5, ts=5
P3, tp=5, ts=5, x0=153488987
P2, tp=5, ts=5
P2, tp=5, ts=5
P2, tp=5, ts=5
P1, tp=5, ts=5, x0=506382430, x1=971204661
P1, tp=5, ts=5, x0=146525744, x1=800087051
P3, tp=5, ts=5, x0=283691082
P2, tp=5, ts=5
P1, tp=5, ts=5, x0=782347722, x1=696288128
P0, tp=5, ts=5
P2, tp=5, ts=5
P2, tp=5, ts=5
P3, tp=5, ts=5, x0=399274317
P3, tp=5, ts=5, x0=490126166
P0, tp=5, ts=5
P1, tp=5, ts=5, x0=394765550, x1=758616499
P0, tp=5, ts=5
P1, tp=5, ts=5, x0=544952570, x1=570285474
P3, tp=5, ts=5, x0=399274317
P1, tp=5, ts=5, x0=855083177, x1=706281422
P3, tp=5, ts=5, x0=262628136
P1, tp=5, ts=5, x0=329512743, x1=682904797
P2, tp=5, ts=5
P0, tp=5, ts=5
P3, tp=5, ts=5, x0=628453384
P1, tp=5, ts=5, x0=879171845, x1=81391188
P1, tp=5, ts=5, x0=648980091, x1=855083177
P0, tp=5, ts=5
P1, tp=5, ts=5, x0=993926176, x1=394765550
P0, tp=5, ts=5
P1, tp=5, ts=5, x0=878015212, x1=628517659
P1, tp=5, ts=5, x0=959232710, x1=669942889
P1, tp=5, ts=5, x0=62949616, x1=270242083
P3, tp=5, ts=5, x0=785516389
P0, tp=5, ts=5
P1, tp=5, ts=5, x0=783659908, x1=939198952
P3, tp=5, ts=5, x0=974356170
P0, tp=5, ts=5
P2, tp=5, ts=5
P3, tp=5, ts=5, x0=329512743
P1, tp=5, ts=5, x0=205053976, x1=878015212
P1, tp=5, ts=5, x0=378418207, x1=939198952
P1, tp=5, ts=5, x0=855083177, x1=682904797
P0, tp=5, ts=5
P3, tp=5, ts=5, x0=974356170
P1, tp=5, ts=5, x0=373087683, x1=324604825
P1, tp=5, ts=5, x0=262628136, x1=994447149
P1, tp=5, ts=5, x0=499267842, x1=544952570
P3, tp=5, ts=5, x0=669942889
P3, tp=5, ts=5, x0=775448190
P3, tp=5, ts=5, x0=198565719
P1, tp=5, ts=5, x0=878015212, x1=831624436
P0, tp=5, ts=5
P2, tp=5, ts=5
P3, tp=5, ts=5, x0=358764715
P0, tp=5, ts=5
P0, tp=5, ts=5
P0, tp=5, ts=5
P1, tp=5, ts=5, x0=804175966, x1=499267842
P2, tp=5, ts=5
P0, tp=5, ts=5
P0, tp=5, ts=5
P3, tp=5, ts=5, x0=81391188
P0, tp=5, ts=5
P3, tp=5, ts=5, x0=62949616
P2, tp=5, ts=5
P3, tp=5, ts=5, x0=628453384
P3, tp=5, ts=5, x0=281460280
P1, tp=5, ts=5, x0=629998525, x1=62949616
P1, tp=5, ts=5, x0=342531013, x1=571598936
P1, tp=5, ts=5, x0=439967705, x1=31712170
P2, tp=5, ts=5
P3, tp=5, ts=5, x0=521629767
P2, tp=5, ts=5
P0, tp=5, ts=5
P2, tp=5, ts=5
P2, tp=5, ts=5
P2, tp=5, ts=5
P3, tp=5, ts=5, x0=678583550
P3, tp=5, ts=5, x0=994447149
P1, tp=5, ts=5, x0=62949616, x1=758616499
P3, tp=5, ts=5, x0=97872481
P0, tp=5, ts=5
P2, tp=5, ts=5
P2, tp=5, ts=5
P0, tp=5, ts=5
P0, tp=5, ts=5
P0, tp=5, ts=5
P1, tp=5, ts=5, x0=993926176, x1=804175966
P3, tp=5, ts=5, x0=714531378
P2, tp=5, ts=5
P1, tp=5, ts=5, x0=706281422, x1=604560841
P3, tp=5, ts=5, x0=783659908
P2, tp=5, ts=5
P3, tp=5, ts=5, x0=205053976
P0, tp=5, ts=5
P0, tp=5, ts=5
P2, tp=5, ts=5
P3, tp=5, ts=5, x0=411401212
P3, tp=5, ts=5, x0=97872481
P0, tp=5, ts=5
P3, tp=5, ts=5, x0=824472041
P1, tp=5, ts=5, x0=994573408, x1=871328432
P1, tp=5, ts=5, x0=939198952, x1=599208056
P2, tp=5, ts=5
P0, tp=5, ts=5
P0, tp=5, ts=5
P2, tp=5, ts=5
P2, tp=5, ts=5
P3, tp=5, ts=5, x0=490126166
P0, tp=5, ts=5
P0, tp=5, ts=5
P1, tp=5, ts=5, x0=81391188, x1=576429670
P2, tp=5, ts=5
P1, tp=5, ts=5, x0=135008159, x1=544952570
P0, tp=5, ts=5
P3, tp=5, ts=5, x0=378418207
P3, tp=5, ts=5, x0=628517659
P3, tp=5, ts=5, x0=443006041
P0, tp=5, ts=5
P1, tp=5, ts=5, x0=443006041, x1=974356170
P3, tp=5, ts=5, x0=989717022
P1, tp=5, ts=5, x0=584799007, x1=598436321
P3, tp=5, ts=5, x0=443006041
P0, tp=5, ts=5
P3, tp=5, ts=5, x0=599208056
P1, tp=5, ts=5, x0=902196242, x1=570285474
P3, tp=5, ts=5, x0=939198952
P2, tp=5, ts=5
P1, tp=5, ts=5, x0=604560841, x1=604560841
P0, tp=5, ts=5
P3, tp=5, ts=5, x0=959232710
P0, tp=5, ts=5
P0, tp=5, ts=5
P0, tp=5, ts=5
P2, tp=5, ts=5
P0, tp=5, ts=5
P1, tp=5, ts=5, x0=878015212, x1=490126166
P2, tp=5, ts=5
P2, tp=5, ts=5
P0, tp=5, ts=5
P3, tp=5, ts=5, x0=241608244
P0, tp=5, ts=5
P3, tp=5, ts=5, x0=241608244
P0, tp=5, ts=5
P3, tp=5, ts=5, x0=358764715
P3, tp=5, ts=5, x0=153488987
P0, tp=5, ts=5
P1, tp=5, ts=5, x0=358764715, x1=205233360
P3, tp=5, ts=5, x0=436859522
P2, tp=5, ts=5
P1, tp=5, ts=5, x0=459655874, x1=629998525
P3, tp=5, ts=5, x0=538077878
P0, tp=5, ts=5
P1, tp=5, ts=5, x0=153488987, x1=785516389
P1, tp=5, ts=5, x0=994573408, x1=218792971
P1, tp=5, ts=5, x0=218214545, x1=260419518
P0, tp=5, ts=5
P3, tp=5, ts=5, x0=570285474
P0, tp=5, ts=5
P1, tp=5, ts=5, x0=669942889, x1=714531378
P0, tp=5, ts=5
P0, tp=5, ts=5
P0, tp=5, ts=5
P0, tp=5, ts=5
P2, tp=5, ts=5
P2, tp=5, ts=5
P1, tp=5, ts=5, x0=800087051, x1=260419518
P2, tp=5, ts=5
P0, tp=5, ts=5
P1, tp=5, ts=5, x0=221601032, x1=828273723
P3, tp=5, ts=5, x0=836770281
P2, tp=5, ts=5
P3, tp=5, ts=5, x0=678780265
P3, tp=5, ts=5, x0=994573408
P0, tp=5, ts=5
P0, tp=5, ts=5
P3, tp=5, ts=5, x0=400885143
P3, tp=5, ts=5, x0=443006041
P0, tp=5, ts=5
P2, tp=5, ts=5
P1, tp=5, ts=5, x0=187187076, x1=394765550
P1, tp=5, ts=5, x0=628517659, x1=229605487
P0, tp=5, ts=5
P3, tp=5, ts=5, x0=281460280
P2, tp=5, ts=5
P1, tp=5, ts=5, x0=831624436, x1=855083177
P1, tp=5, ts=5, x0=196919919, x1=939198952
P2, tp=5, ts=5
P0, tp=5, ts=5
P0, tp=5, ts=5
P2, tp=5, ts=5
P2, tp=5, ts=5
P3, tp=5, ts=5, x0=329512743
P3, tp=5, ts=5, x0=622193866
P1, tp=5, ts=5, x0=576429670, x1=706281422
P3, tp=5, ts=5, x0=804175966
P3, tp=5, ts=5, x0=110736238
P2, tp=5, ts=5
P3, tp=5, ts=5, x0=622193866
P3, tp=5, ts=5, x0=436859522
P3, tp=5, ts=5, x0=110736238
P0, tp=5, ts=5
P3, tp=5, ts=5, x0=628453384
P3, tp=5, ts=5, x0=329512743
P2, tp=5, ts=5
P3, tp=5, ts=5, x0=527902242
P3, tp=5, ts=5, x0=893234148
P2, tp=5, ts=5
P2, tp=5, ts=5
P2, tp=5, ts=5
P3, tp=5, ts=5, x0=31712170
P1, tp=5, ts=5, x0=629998525, x1=106310220
P2, tp=5, ts=5
P1, tp=5, ts=5, x0=329512743, x1=831624436
P1, tp=5, ts=5, x0=22095674, x1=568315041
P1, tp=5, ts=5, x0=871988861, x1=324604825
P0, tp=5, ts=5
P1, tp=5, ts=5, x0=205233360, x1=81391188
P1, tp=5, ts=5, x0=678583550, x1=443006041
P0, tp=5, ts=5
P3, tp=5, ts=5, x0=584799007
P3, tp=5, ts=5, x0=971204661
P0, tp=5, ts=5
P2, tp=5, ts=5
P1, tp=5, ts=5, x0=394765550, x1=220895260
P0, tp=5, ts=5
P1, tp=5, ts=5, x0=557620776, x1=939198952
P0, tp=5, ts=5
P2, tp=5, ts=5
P2, tp=5, ts=5
P2, tp=5, ts=5
P3, tp=5, ts=5, x0=570285474
P0, tp=5, ts=5
P3, tp=5, ts=5, x0=960197595
P3, tp=5, ts=5, x0=557620776
P3, tp=5, ts=5, x0=322389486
P2, tp=5, ts=5
P2, tp=5, ts=5
P2, tp=5, ts=5
P3, tp=5, ts=5, x0=775448190
P3, tp=5, ts=5, x0=421759463
P3, tp=5, ts=5, x0=685853111
P0, tp=5, ts=5
P2, tp=5, ts=5
P3, tp=5, ts=5, x0=241608244
P1, tp=5, ts=5, x0=878015212, x1=576429670
P0, tp=5, ts=5
P0, tp=5, ts=5
P1, tp=5, ts=5, x0=855083177, x1=959232710
P1, tp=5, ts=5, x0=599940945, x1=220895260
P0, tp=5, ts=5
P2, tp=5, ts=5
P1, tp=5, ts=5, x0=895944523, x1=696288128
P2, tp=5, ts=5
P2, tp=5, ts=5
P1, tp=5, ts=5, x0=994447149, x1=436859522
P3, tp=5, ts=5, x0=205233360
P2, tp=5, ts=5
P0, tp=5, ts=5
P2, tp=5, ts=5
P0, tp=5, ts=5
P2, tp=5, ts=5
P0, tp=5, ts=5
P1, tp=5, ts=5, x0=568315041, x1=443006041
P0, tp=5, ts=5
P2, tp=5, ts=5
P3, tp=5, ts=5, x0=787782137
P2, tp=5, ts=5
P0, tp=5, ts=5
P2, tp=5, ts=5
P0, tp=5, ts=5
P3, tp=5, ts=5, x0=804175966
P1, tp=5, ts=5, x0=628453384, x1=205233360
P3, tp=5, ts=5, x0=879171845
P3, tp=5, ts=5, x0=669942889
P2, tp=5, ts=5
P2, tp=5, ts=5
P1, tp=5, ts=5, x0=329512743, x1=436859522
P0, tp=5, ts=5
P0, tp=5, ts=5
P0, tp=5, ts=5
P3, tp=5, ts=5, x0=696288128
P1, tp=5, ts=5, x0=490126166, x1=400885143
P1, tp=5, ts=5, x0=358764715, x1=400885143
P1, tp=5, ts=5, x0=994573408, x1=22095674
P3, tp=5, ts=5, x0=253158667
P2, tp=5, ts=5
P3, tp=5, ts=5, x0=832791977
P3, tp=5, ts=5, x0=38065289
P3, tp=5, ts=5, x0=893128751
P1, tp=5, ts=5, x0=959232710, x1=993926176
P1, tp=5, ts=5, x0=229605487, x1=669942889
P0, tp=5, ts=5
P2, tp=5, ts=5
P0, tp=5, ts=5
P1, tp=5, ts=5, x0=669942889, x1=325560851
P0, tp=5, ts=5
P0, tp=5, ts=5
P2, tp=5, ts=5
P3, tp=5, ts=5, x0=421759463
P1, tp=5, ts=5, x0=146525744, x1=544952570
P3, tp=5, ts=5, x0=896656003
P0, tp=5, ts=5
P2, tp=5, ts=5
P2, tp=5, ts=5
P2, tp=6, ts=6
P0, tp=6, ts=6
P1, tp=6, ts=6, x0=855083177, x1=135008159
P2, tp=6, ts=6
P2, tp=6, ts=6
P0, tp=6, ts=6
P2, tp=6, ts=6
P2, tp=6, ts=6
P2, tp=6, ts=6
P2, tp=6, ts=6
P2, tp=6, ts=6
P3, tp=6, ts=6, x0=902196242
P1, tp=6, ts=6, x0=678583550, x1=315387163
P3, tp=6, ts=6, x0=832791977
P3, tp=6, ts=6, x0=878015212
P1, tp=6, ts=6, x0=994573408, x1=196919919
P2, tp=6, ts=6
P1, tp=6, ts=6, x0=870850333, x1=298560966
P3, tp=6, ts=6, x0=6415984
P1, tp=6, ts=6, x0=628517659, x1=198565719
P1, tp=6, ts=6, x0=824472041, x1=846649726
P3, tp=6, ts=6, x0=648980091
P0, tp=6, ts=6
P3, tp=6, ts=6, x0=568315041
P1, tp=6, ts=6, x0=994573408, x1=325560851
P0, tp=6, ts=6
P3, tp=6, ts=6, x0=358764715
P2, tp=6, ts=6
P3, tp=6, ts=6, x0=482297242
P0, tp=6, ts=6
P2, tp=6, ts=6
P1, tp=6, ts=6, x0=571598936, x1=568315041
P2, tp=6, ts=6
P1, tp=6, ts=6, x0=598436321, x1=218792971
P1, tp=6, ts=6, x0=871328432, x1=220895260
P0, tp=6, ts=6
P1, tp=6, ts=6, x0=994447149, x1=482297242
P0, tp=6, ts=6
P3, tp=6, ts=6, x0=557620776
P1, tp=6, ts=6, x0=939198952, x1=855083177
P1, tp=6, ts=6, x0=556534690, x1=241608244
P1, tp=6, ts=6, x0=628453384, x1=262628136
P2, tp=6, ts=6
P3, tp=6, ts=6, x0=824472041
P1, tp=6, ts=6, x0=783659908, x1=599940945
P2, tp=6, ts=6
P1, tp=6, ts=6, x0=196919919, x1=556534690
P1, tp=6, ts=6, x0=629998525, x1=893128751
P1, tp=6, ts=6, x0=373087683, x1=97872481
P1, tp=6, ts=6, x0=557620776, x1=571598936
P3, tp=6, ts=6, x0=994447149
P2, tp=6, ts=6
P1, tp=6, ts=6, x0=315387163, x1=378418207
P0, tp=6, ts=6
P2, tp=6, ts=6
P0, tp=6, ts=6
P3, tp=6, ts=6, x0=939198952
P1, tp=6, ts=6, x0=696288128, x1=879171845
P2, tp=6, ts=6
P3, tp=6, ts=6, x0=544952570
P2, tp=6, ts=6
P2, tp=6, ts=6
P3, tp=6, ts=6, x0=648980091
P0, tp=6, ts=6
P3, tp=6, ts=6, x0=443006041
P0, tp=6, ts=6
P3, tp=6, ts=6, x0=81391188
P0, tp=6, ts=6
P2, tp=6, ts=6
P2, tp=6, ts=6
P3, tp=6, ts=6, x0=557620776
P2, tp=6, ts=6
P2, tp=6, ts=6
P2, tp=6, ts=6
P1, tp=6, ts=6, x0=584799007, x1=22095674
P2, tp=6, ts=6
P2, tp=6, ts=6
P2, tp=6, ts=6
P1, tp=6, ts=6, x0=270242083, x1=544952570
P1, tp=6, ts=6, x0=828273723, x1=135008159
P2, tp=6, ts=6
P1, tp=6, ts=6, x0=824472041, x1=775448190
P3, tp=6, ts=6, x0=260419518
P1, tp=6, ts=6, x0=324604825, x1=805572368
P0, tp=6, ts=6
P2, tp=6, ts=6
P1, tp=6, ts=6, x0=619878586, x1=22095674
P1, tp=6, ts=6, x0=648980091, x1=994573408
P3, tp=6, ts=6, x0=800087051
P3, tp=6, ts=6, x0=62949616
P3, tp=6, ts=6, x0=378418207
P3, tp=6, ts=6, x0=512115179
P2, tp=6, ts=6
P1, tp=6, ts=6, x0=62949616, x1=373087683
P3, tp=6, ts=6, x0=482297242
P1, tp=6, ts=6, x0=62949616, x1=785516389
P3, tp=6, ts=6, x0=443006041
P2, tp=6, ts=6
P1, tp=6, ts=6, x0=758616499, x1=568315041
P3, tp=6, ts=6, x0=871988861
P0, tp=6, ts=6
P2, tp=6, ts=6
P0, tp=6, ts=6
P3, tp=6, ts=6, x0=861159218
P0, tp=6, ts=6
P1, tp=6, ts=6, x0=262628136, x1=196919919
P1, tp=6, ts=6, x0=628517659, x1=678977599
P1, tp=6, ts=6, x0=804175966, x1=855083177
P2, tp=6, ts=6
P3, tp=6, ts=6, x0=870850333
P0, tp=6, ts=6
P1, tp=6, ts=6, x0=878015212, x1=490126166
P3, tp=6, ts=6, x0=436859522
P1, tp=6, ts=6, x0=879171845, x1=648980091
P0, tp=6, ts=6
P2, tp=6, ts=6
P0, tp=6, ts=6
P2, tp=6, ts=6
P2, tp=6, ts=6
P2, tp=6, ts=6
P3, tp=6, ts=6, x0=260038037
P0, tp=6, ts=6
P3, tp=6, ts=6, x0=895944523
P2, tp=6, ts=6
P3, tp=6, ts=6, x0=260038037
P0, tp=6, ts=6
P1, tp=6, ts=6, x0=400885143, x1=628517659
P2, tp=6, ts=6
P1, tp=6, ts=6, x0=273509818, x1=38065289
P3, tp=6, ts=6, x0=855083177
P2, tp=6, ts=6
P0, tp=6, ts=6
P3, tp=6, ts=6, x0=828273723
P3, tp=6, ts=6, x0=187187076
P0, tp=6, ts=6
P1, tp=6, ts=6, x0=260038037, x1=870850333
P3, tp=6, ts=6, x0=69140036
P1, tp=6, ts=6, x0=19634274, x1=878015212
P3, tp=6, ts=6, x0=270242083
P3, tp=6, ts=6, x0=322389486
P3, tp=6, ts=6, x0=974356170
P2, tp=6, ts=6
P1, tp=6, ts=6, x0=544952570, x1=38065289
P2, tp=6, ts=6
P0, tp=6, ts=6
P1, tp=6, ts=6, x0=828273723, x1=187187076
P0, tp=6, ts=6
P2, tp=6, ts=6
P2, tp=6, ts=6
P0, tp=6, ts=6
P2, tp=6, ts=6
P1, tp=6, ts=6, x0=38065289, x1=696288128
P0, tp=6, ts=6
P1, tp=6, ts=6, x0=538077878, x1=81391188
P3, tp=6, ts=6, x0=898652501
P0, tp=6, ts=6
P1, tp=6, ts=6, x0=205233360, x1=878015212
P1, tp=6, ts=6, x0=599208056, x1=135008159
P1, tp=6, ts=6, x0=324604825, x1=538077878
P1, tp=6, ts=6, x0=568315041, x1=871328432
P3, tp=6, ts=6, x0=758616499
P0, tp=6, ts=6
P3, tp=6, ts=6, x0=400885143
P3, tp=6, ts=6, x0=544952570
P0, tp=6, ts=6
P3, tp=6, ts=6, x0=332184314
P2, tp=6, ts=6
P1, tp=6, ts=6, x0=443006041, x1=436859522
P3, tp=6, ts=6, x0=369947661
P1, tp=6, ts=6, x0=832791977, x1=512115179
P3, tp=6, ts=6, x0=758616499
P2, tp=6, ts=6
P1, tp=6, ts=6, x0=959232710, x1=281460280
P0, tp=6, ts=6
P0, tp=6, ts=6
P0, tp=6, ts=6
P1, tp=6, ts=6, x0=628453384, x1=584799007
P0, tp=6, ts=6
P2, tp=6, ts=6
P1, tp=6, ts=6, x0=800087051, x1=97872481
P2, tp=6, ts=6
P2, tp=6, ts=6
P2, tp=6, ts=6
P3, tp=6, ts=6, x0=678977599
P0, tp=6, ts=6
P3, tp=6, ts=6, x0=229605487
P3, tp=6, ts=6, x0=394765550
P3, tp=6, ts=6, x0=628517659
P0, tp=6, ts=6
P0, tp=6, ts=6
P1, tp=6, ts=6, x0=322389486, x1=153488987
P0, tp=6, ts=6
P0, tp=6, ts=6
P0, tp=6, ts=6
P1, tp=6, ts=6, x0=378418207, x1=153488987
P3, tp=6, ts=6, x0=798467068
P3, tp=6, ts=6, x0=804175966
P2, tp=6, ts=6
P1, tp=6, ts=6, x0=512115179, x1=599208056
P3, tp=6, ts=6, x0=968466900
P3, tp=6, ts=6, x0=971204661
P2, tp=6, ts=6
P1, tp=6, ts=6, x0=355157195, x1=270242083
P1, tp=6, ts=6, x0=135008159, x1=111014918
P0, tp=6, ts=6
P2, tp=6, ts=6
P2, tp=6, ts=6
P2, tp=6, ts=6
P1, tp=6, ts=6, x0=394765550, x1=19634274
P3, tp=6, ts=6, x0=805572368
P0, tp=6, ts=6
P3, tp=6, ts=6, x0=205233360
P0, tp=6, ts=6
P1, tp=6, ts=6, x0=959840046, x1=262628136
P3, tp=6, ts=6, x0=270242083
P2, tp=6, ts=6
P1, tp=6, ts=6, x0=974356170, x1=6415984
P0, tp=6, ts=6
P3, tp=6, ts=6, x0=804175966
P3, tp=6, ts=6, x0=544952570
P1, tp=6, ts=6, x0=571598936, x1=135008159
P0, tp=6, ts=6
P1, tp=6, ts=6, x0=584799007, x1=762018434
P1, tp=6, ts=6, x0=557620776, x1=762018434
P1, tp=6, ts=6, x0=568315041, x1=459655874
P1, tp=6, ts=6, x0=373087683, x1=893128751
P2, tp=6, ts=6
P3, tp=6, ts=6, x0=81391188
P1, tp=6, ts=6, x0=512115179, x1=855083177
P3, tp=6, ts=6, x0=374635915
P1, tp=6, ts=6, x0=374635915, x1=31712170
P0, tp=6, ts=6
P2, tp=6, ts=6
P0, tp=6, ts=6
P2, tp=6, ts=6
P0, tp=6, ts=6
P1, tp=6, ts=6, x0=599208056, x1=111014918
P1, tp=6, ts=6, x0=218792971, x1=62949616
P0, tp=6, ts=6
P2, tp=6, ts=6
P3, tp=6, ts=6, x0=207002179
P1, tp=6, ts=6, x0=69140036, x1=994573408
P2, tp=6, ts=6
P2, tp=6, ts=6
P0, tp=6, ts=6
P2, tp=6, ts=6
P2, tp=6, ts=6
P2, tp=6, ts=6
P3, tp=6, ts=6, x0=828273723
P0, tp=6, ts=6
P0, tp=6, ts=6
P2, tp=6, ts=6
P2, tp=6, ts=6
P3, tp=6, ts=6, x0=832791977
P2, tp=6, ts=6
P2, tp=6, ts=6
P2, tp=6, ts=6
P2, tp=6, ts=6
P3, tp=6, ts=6, x0=902196242
P3, tp=6, ts=6, x0=355157195
P2, tp=6, ts=6
P3, tp=6, ts=6, x0=111014918
P2, tp=6, ts=6
P2, tp=6, ts=6
P0, tp=6, ts=6
P2, tp=6, ts=6
P1, tp=6, ts=6, x0=544952570, x1=846649726
P1, tp=6, ts=6, x0=110736238, x1=262628136
P1, tp=6, ts=6, x0=443006041, x1=69140036
P2, tp=6, ts=6
P1, tp=6, ts=6, x0=800087051, x1=355157195
P0, tp=6, ts=6
P1, tp=6, ts=6, x0=298560966, x1=878015212
P2, tp=6, ts=6
P2, tp=6, ts=6
P0, tp=6, ts=6
P1, tp=6, ts=6, x0=668723619, x1=443006041
P3, tp=6, ts=6, x0=315387163
P0, tp=6, ts=6
P1, tp=6, ts=6, x0=767372659, x1=81391188
P1, tp=6, ts=6, x0=146525744, x1=19634274
P2, tp=6, ts=6
P1, tp=6, ts=6, x0=798467068, x1=187187076
P2, tp=6, ts=6
P0, tp=6, ts=6
P2, tp=6, ts=6
P0, tp=6, ts=6
P3, tp=6, ts=6, x0=400885143
P2, tp=6, ts=6
P3, tp=6, ts=6, x0=619878586
P3, tp=6, ts=6, x0=400885143
P3, tp=6, ts=6, x0=902196242
P2, tp=6, ts=6
P3, tp=6, ts=6, x0=629998525
P0, tp=6, ts=6
P1, tp=6, ts=6, x0=146525744, x1=358764715
P1, tp=6, ts=6, x0=512115179, x1=358764715
P3, tp=6, ts=6, x0=959840046
P1, tp=6, ts=6, x0=619878586, x1=871988861
P1, tp=6, ts=6, x0=512115179, x1=374635915
P3, tp=6, ts=6, x0=849010376
P0, tp=6, ts=6
P0, tp=6, ts=6
P3, tp=6, ts=6, x0=374635915
P0, tp=6, ts=6
P2, tp=6, ts=6
P1, tp=6, ts=6, x0=762018434, x1=110736238
P2, tp=6, ts=6
P2, tp=6, ts=6
P2, tp=6, ts=6
P1, tp=6, ts=6, x0=554368371, x1=6415984
P0, tp=6, ts=6
P3, tp=6, ts=6, x0=554368371
P1, tp=6, ts=6, x0=355157195, x1=31712170
P2, tp=6, ts=6
P0, tp=6, ts=6
P3, tp=6, ts=6, x0=373087683
P1, tp=6, ts=6, x0=69140036, x1=648365780
P3, tp=6, ts=6, x0=218792971
P0, tp=6, ts=6
P2, tp=6, ts=6
P3, tp=6, ts=6, x0=767372659
P2, tp=6, ts=6
P3, tp=6, ts=6, x0=893128751
P3, tp=6, ts=6, x0=394765550
P1, tp=6, ts=6, x0=775448190, x1=286514879
P1, tp=6, ts=6, x0=828273723, x1=69140036
P2, tp=6, ts=6
P2, tp=6, ts=6
P0, tp=6, ts=6
P0, tp=6, ts=6
P3, tp=6, ts=6, x0=994573408
P3, tp=6, ts=6, x0=584799007
P0, tp=6, ts=6
P1, tp=6, ts=6, x0=544952570, x1=895944523
P2, tp=6, ts=6
P3, tp=6, ts=6, x0=135008159
P1, tp=6, ts=6, x0=298560966, x1=648980091
P3, tp=6, ts=6, x0=619878586
P3, tp=6, ts=6, x0=775448190
P2, tp=6, ts=6
P1, tp=6, ts=6, x0=125622291, x1=829637607
P3, tp=6, ts=6, x0=97872481
P1, tp=6, ts=6, x0=436859522, x1=642966774
P2, tp=6, ts=6
P0, tp=6, ts=6
P3, tp=6, ts=6, x0=959232710
P1, tp=6, ts=6, x0=849010376, x1=31712170
P0, tp=6, ts=6
P0, tp=6, ts=6
P3, tp=6, ts=6, x0=628517659
P2, tp=6, ts=6
P3, tp=6, ts=6, x0=832791977
P3, tp=6, ts=6, x0=584799007
P2, tp=6, ts=6
P1, tp=6, ts=6, x0=229605487, x1=207002179
P1, tp=6, ts=6, x0=871520134, x1=871988861
P3, tp=6, ts=6, x0=829637607
P3, tp=6, ts=6, x0=342531013
P3, tp=6, ts=6, x0=994573408
P0, tp=6, ts=6
P3, tp=6, ts=6, x0=870850333
P3, tp=6, ts=6, x0=648365780
P2, tp=6, ts=6
P1, tp=6, ts=6, x0=229605487, x1=971204661
P2, tp=6, ts=6
P1, tp=6, ts=6, x0=622193866, x1=870850333
P1, tp=6, ts=6, x0=229605487, x1=62949616
P0, tp=6, ts=6
P2, tp=6, ts=6
P3, tp=6, ts=6, x0=512115179
P2, tp=6, ts=6
P0, tp=6, ts=6
P3, tp=6, ts=6, x0=421796939
P0, tp=6, ts=6
P0, tp=6, ts=6
P0, tp=6, ts=6
P3, tp=6, ts=6, x0=325560851
P0, tp=6, ts=6
P0, tp=6, ts=6
P3, tp=6, ts=6, x0=205053976
P2, tp=6, ts=6
P1, tp=6, ts=6, x0=135008159, x1=459655874
P0, tp=6, ts=6
P1, tp=6, ts=6, x0=783380479, x1=688256334
P3, tp=6, ts=6, x0=544952570
P3, tp=6, ts=6, x0=971204661
P3, tp=6, ts=6, x0=896656003
P1, tp=6, ts=6, x0=629998525, x1=369947661
P0, tp=6, ts=6
P1, tp=6, ts=6, x0=871328432, x1=332184314
P1, tp=6, ts=6, x0=787782137, x1=236202006
P2, tp=6, ts=6
P3, tp=6, ts=6, x0=354765721
P2, tp=6, ts=6
P0, tp=6, ts=6
P1, tp=6, ts=6, x0=688256334, x1=685853111
P3, tp=6, ts=6, x0=974356170
P2, tp=6, ts=6
P2, tp=6, ts=6
P2, tp=6, ts=6
P1, tp=6, ts=6, x0=436859522, x1=373087683
P1, tp=6, ts=6, x0=324604825, x1=568315041
P0, tp=6, ts=6
P2, tp=6, ts=6
P3, tp=6, ts=6, x0=6430302
P0, tp=6, ts=6
P0, tp=6, ts=6
P0, tp=6, ts=6
P3, tp=6, ts=6, x0=669942889
P3, tp=6, ts=6, x0=229605487
P2, tp=6, ts=6
P0, tp=6, ts=6
P0, tp=6, ts=6
P0, tp=6, ts=6
P3, tp=6, ts=6, x0=135008159
P1, tp=6, ts=6, x0=648365780, x1=832791977
P0, tp=6, ts=6
P1, tp=6, ts=6, x0=584799007, x1=669942889
P0, tp=6, ts=6
P0, tp=6, ts=6
P0, tp=6, ts=6
P3, tp=6, ts=6, x0=260419518
P2, tp=6, ts=6
P2, tp=6, ts=6
P0, tp=6, ts=6
P0, tp=6, ts=6
P3, tp=6, ts=6, x0=6415984
P0, tp=6, ts=6
P0, tp=6, ts=6
P1, tp=6, ts=6, x0=324604825, x1=893128751
P2, tp=6, ts=6
P2, tp=6, ts=6
P2, tp=6, ts=6
P0, tp=6, ts=6
P3, tp=6, ts=6, x0=762018434
P1, tp=6, ts=6, x0=571598936, x1=38065289
P1, tp=6, ts=6, x0=871988861, x1=286514879
P2, tp=6, ts=6
P0, tp=6, ts=6
P3, tp=6, ts=6, x0=832791977
P1, tp=6, ts=6, x0=871520134, x1=322389486
P3, tp=6, ts=6, x0=81391188
P2, tp=6, ts=6
P3, tp=6, ts=6, x0=832791977
P1, tp=6, ts=6, x0=236202006, x1=354765721
P2, tp=6, ts=6
P1, tp=6, ts=6, x0=6415984, x1=342483095
P2, tp=6, ts=6
P2, tp=6, ts=6
P2, tp=6, ts=6
P0, tp=6, ts=6
P2, tp=6, ts=6
P0, tp=6, ts=6
P3, tp=6, ts=6, x0=960197595
P2, tp=6, ts=6
P3, tp=6, ts=6, x0=482297242
P2, tp=6, ts=6
P0, tp=6, ts=6
P0, tp=6, ts=6
P1, tp=6, ts=6, x0=355157195, x1=146525744
P3, tp=6, ts=6, x0=829637607
P0, tp=6, ts=6
P0, tp=6, ts=6
P3, tp=6, ts=6, x0=377181535
P3, tp=6, ts=6, x0=369947661
P0, tp=6, ts=6
P1, tp=6, ts=6, x0=898652501, x1=642966774
P0, tp=6, ts=6
P3, tp=6, ts=6, x0=487261941
P3, tp=6, ts=6, x0=628517659
P0, tp=6, ts=6
P1, tp=6, ts=6, x0=594189553, x1=871988861
P1, tp=6, ts=6, x0=902196242, x1=374635915
P0, tp=6, ts=6
P3, tp=6, ts=6, x0=261252512
P1, tp=6, ts=6, x0=538077878, x1=849010376
P2, tp=6, ts=6
P0, tp=6, ts=6
P2, tp=6, ts=6
P2, tp=6, ts=6
P0, tp=6, ts=6
P3, tp=6, ts=6, x0=111014918
P2, tp=6, ts=6
P3, tp=6, ts=6, x0=369947661
P2, tp=6, ts=6
P1, tp=6, ts=6, x0=568315041, x1=207002179
P2, tp=6, ts=6
P3, tp=6, ts=6, x0=512115179
P3, tp=6, ts=6, x0=711341966
P2, tp=6, ts=6
P3, tp=6, ts=6, x0=261252512
P2, tp=6, ts=6
P3, tp=6, ts=6, x0=966303282
P2, tp=6, ts=6
P1, tp=6, ts=6, x0=855083177, x1=902196242
P3, tp=6, ts=6, x0=286514879
P3, tp=6, ts=6, x0=207002179
P1, tp=6, ts=6, x0=870850333, x1=19634274
P3, tp=6, ts=6, x0=298560966
P1, tp=6, ts=6, x0=785516389, x1=411401212
P0, tp=6, ts=6
P3, tp=6, ts=6, x0=871988861
P0, tp=6, ts=6
P3, tp=6, ts=6, x0=135008159
P1, tp=6, ts=6, x0=599940945, x1=849010376
P2, tp=6, ts=6
P0, tp=6, ts=6
P3, tp=6, ts=6, x0=861159218
P0, tp=6, ts=6
P2, tp=6, ts=6
P1, tp=6, ts=6, x0=832791977, x1=512115179
P3, tp=6, ts=6, x0=286514879
P1, tp=6, ts=6, x0=69140036, x1=135008159
P1, tp=6, ts=6, x0=800087051, x1=637499217
P1, tp=6, ts=6, x0=193706648, x1=648365780
P2, tp=6, ts=6
P1, tp=6, ts=6, x0=342483095, x1=688256334
P0, tp=6, ts=6
P3, tp=6, ts=6, x0=273509818
P2, tp=6, ts=6
P2, tp=6, ts=6
P2, tp=6, ts=6
P2, tp=6, ts=6
P3, tp=6, ts=6, x0=861159218
P0, tp=6, ts=6
P2, tp=6, ts=6
P1, tp=6, ts=6, x0=39715806, x1=861159218
P0, tp=6, ts=6
P3, tp=6, ts=6, x0=332184314
P0, tp=6, ts=6
P3, tp=6, ts=6, x0=971204661
P3, tp=6, ts=6, x0=443006041
P0, tp=6, ts=6
P3, tp=6, ts=6, x0=785516389
P0, tp=6, ts=6
P2, tp=6, ts=6
P3, tp=6, ts=6, x0=39715806
P0, tp=6, ts=6
P0, tp=6, ts=6
P3, tp=6, ts=6, x0=871520134
P2, tp=6, ts=6
P3, tp=6, ts=6, x0=355157195
P1, tp=6, ts=6, x0=260038037, x1=377181535
P3, tp=6, ts=6, x0=19634274
P2, tp=6, ts=6
P2, tp=6, ts=6
P2, tp=6, ts=6
P3, tp=6, ts=6, x0=568315041
P3, tp=6, ts=6, x0=974356170
P2, tp=6, ts=6
P3, tp=6, ts=6, x0=400885143
P0, tp=6, ts=6
P1, tp=6, ts=6, x0=443006041, x1=974356170
P2, tp=6, ts=6
P2, tp=6, ts=6
P0, tp=6, ts=6
P0, tp=6, ts=6
P0, tp=6, ts=6
P0, tp=6, ts=6
P0, tp=6, ts=6
P2, tp=6, ts=6
P2, tp=6, ts=6
P1, tp=6, ts=6, x0=960197595, x1=648365780
P1, tp=6, ts=6, x0=6415984, x1=556534690
P1, tp=6, ts=6, x0=762018434, x1=261252512
P0, tp=6, ts=6
P0, tp=6, ts=6
P3, tp=6, ts=6, x0=832791977
P2, tp=6, ts=6
P2, tp=6, ts=6
P1, tp=6, ts=6, x0=111014918, x1=421796939
P3, tp=6, ts=6, x0=193706648
P1, tp=6, ts=6, x0=273509818, x1=685853111
P3, tp=6, ts=6, x0=987768407
P1, tp=6, ts=6, x0=832791977, x1=568315041
P3, tp=6, ts=6, x0=38065289
P2, tp=6, ts=6
P1, tp=6, ts=6, x0=861159218, x1=775448190
P2, tp=6, ts=6
P2, tp=6, ts=6
P1, tp=6, ts=6, x0=968466900, x1=193706648
P1, tp=6, ts=6, x0=893128751, x1=443006041
P0, tp=6, ts=6
P0, tp=6, ts=6
P1, tp=6, ts=6, x0=609244565, x1=31712170
P2, tp=6, ts=6
P1, tp=6, ts=6, x0=849010376, x1=987768407
P3, tp=6, ts=6, x0=39715806
P3, tp=6, ts=6, x0=782588046
P0, tp=6, ts=6
P0, tp=6, ts=6
P2, tp=6, ts=6
P1, tp=6, ts=6, x0=609244565, x1=609244565
P3, tp=6, ts=6, x0=421796939
P0, tp=6, ts=6
P0, tp=6, ts=6
P1, tp=6, ts=6, x0=22095674, x1=987768407
P2, tp=6, ts=6
P0, tp=6, ts=6
P1, tp=6, ts=6, x0=273509818, x1=152111715
P1, tp=6, ts=6, x0=480240985, x1=421796939
P3, tp=6, ts=6, x0=152111715
P0, tp=6, ts=6
P3, tp=6, ts=6, x0=974356170
P1, tp=6, ts=6, x0=147778092, x1=557620776
P2, tp=6, ts=6
P2, tp=6, ts=6
P0, tp=6, ts=6
P3, tp=6, ts=6, x0=135008159
P3, tp=6, ts=6, x0=783380479
P1, tp=6, ts=6, x0=628517659, x1=261252512
P1, tp=6, ts=6, x0=817047335, x1=762018434
P1, tp=6, ts=6, x0=775448190, x1=736230287
P1, tp=6, ts=6, x0=19634274, x1=974356170
P2, tp=6, ts=6
P1, tp=6, ts=6, x0=443006041, x1=554368371
P1, tp=6, ts=6, x0=685853111, x1=490126166
P2, tp=6, ts=6
P2, tp=6, ts=6
P2, tp=6, ts=6
P0, tp=6, ts=6
P0, tp=6, ts=6
P0, tp=6, ts=6
P1, tp=6, ts=6, x0=898652501, x1=846649726
P2, tp=6, ts=6
P1, tp=6, ts=6, x0=81391188, x1=236202006
P3, tp=6, ts=6, x0=354765721
P2, tp=6, ts=6
P0, tp=6, ts=6
P1, tp=6, ts=6, x0=125622291, x1=260419518
P0, tp=6, ts=6
P1, tp=6, ts=6, x0=557620776, x1=260419518
P0, tp=6, ts=6
P1, tp=6, ts=6, x0=125622291, x1=38065289
P0, tp=6, ts=6
P3, tp=6, ts=6, x0=260038037
P3, tp=6, ts=6, x0=251136611
P0, tp=6, ts=6
P0, tp=6, ts=6
P3, tp=6, ts=6, x0=490126166
P0, tp=6, ts=6
P2, tp=6, ts=6
P2, tp=6, ts=6
P2, tp=6, ts=6
P3, tp=6, ts=6, x0=711341966
P2, tp=6, ts=6
P2, tp=6, ts=6
P3, tp=6, ts=6, x0=286514879
P2, tp=6, ts=6
P2, tp=6, ts=6
P3, tp=6, ts=6, x0=538077878
P2, tp=6, ts=6
P0, tp=6, ts=6
P3, tp=6, ts=6, x0=421796939
P1, tp=6, ts=6, x0=871520134, x1=38065289
P2, tp=6, ts=6
P2, tp=6, ts=6
P0, tp=6, ts=6
P2, tp=6, ts=6
P2, tp=6, ts=6
P1, tp=6, ts=6, x0=648980091, x1=855083177
P3, tp=6, ts=6, x0=364297204
P2, tp=6, ts=6
P2, tp=6, ts=6
P2, tp=6, ts=6
P2, tp=6, ts=6
P1, tp=6, ts=6, x0=829637607, x1=286514879
P2, tp=6, ts=6
P1, tp=6, ts=6, x0=193706648, x1=554368371
P2, tp=6, ts=6
P1, tp=6, ts=6, x0=286514879, x1=480240985
P3, tp=6, ts=6, x0=325560851
P2, tp=6, ts=6
P1, tp=6, ts=6, x0=898652501, x1=861159218
P0, tp=6, ts=6
P2, tp=6, ts=6
P0, tp=6, ts=6
P3, tp=6, ts=6, x0=487261941
P0, tp=6, ts=6
P0, tp=6, ts=6
P0, tp=6, ts=6
P2, tp=6, ts=6
P2, tp=6, ts=6
P3, tp=6, ts=6, x0=785516389
P2, tp=6, ts=6
P0, tp=6, ts=6
P2, tp=6, ts=6
P1, tp=6, ts=6, x0=896656003, x1=775448190
P1, tp=6, ts=6, x0=893234148, x1=568315041
P3, tp=6, ts=6, x0=832791977
P3, tp=6, ts=6, x0=125622291
P2, tp=6, ts=6
P0, tp=6, ts=6
P0, tp=6, ts=6
P1, tp=6, ts=6, x0=193706648, x1=628517659
P0, tp=6, ts=6
P0, tp=6, ts=6
P2, tp=6, ts=6
P3, tp=6, ts=6, x0=378025987
P1, tp=6, ts=6, x0=136918708, x1=436859522
P3, tp=6, ts=6, x0=19634274
P2, tp=6, ts=6
P1, tp=6, ts=6, x0=599940945, x1=871520134
P0, tp=6, ts=6
P3, tp=6, ts=6, x0=568315041
P3, tp=6, ts=6, x0=557620776
P1, tp=6, ts=6, x0=893128751, x1=355157195
P0, tp=6, ts=6
P2, tp=6, ts=6
P3, tp=6, ts=6, x0=974356170
P0, tp=6, ts=6
P1, tp=6, ts=6, x0=628517659, x1=229605487
P3, tp=6, ts=6, x0=187187076
P1, tp=6, ts=6, x0=111014918, x1=39715806
P3, tp=6, ts=6, x0=711341966
P3, tp=6, ts=6, x0=354765721
P1, tp=6, ts=6, x0=538077878, x1=411401212
P3, tp=6, ts=6, x0=736230287
P3, tp=6, ts=6, x0=960197595
P3, tp=6, ts=6, x0=6430302
P1, tp=6, ts=6, x0=229605487, x1=688569762
P1, tp=6, ts=6, x0=603797089, x1=855083177
P0, tp=6, ts=6
P3, tp=6, ts=6, x0=261252512
P1, tp=6, ts=6, x0=893128751, x1=971204661
P0, tp=6, ts=6
P3, tp=6, ts=6, x0=893234148
P0, tp=6, ts=6
P0, tp=6, ts=6
P1, tp=6, ts=6, x0=861159218, x1=325560851
P2, tp=6, ts=6
P0, tp=6, ts=6
P0, tp=6, ts=6
P0, tp=6, ts=6
P0, tp=6, ts=6
P1, tp=6, ts=6, x0=557620776, x1=325560851
P0, tp=6, ts=6
P0, tp=6, ts=6
P0, tp=6, ts=6
P0, tp=6, ts=6
P2, tp=6, ts=6
P1, tp=6, ts=6, x0=436859522, x1=971204661
P0, tp=6, ts=6
P1, tp=6, ts=6, x0=369947661, x1=6415984
P0, tp=6, ts=6
P2, tp=6, ts=6
P3, tp=6, ts=6, x0=642966774
P1, tp=6, ts=6, x0=721663097, x1=609244565
P2, tp=6, ts=6
P3, tp=6, ts=6, x0=971204661
P1, tp=6, ts=6, x0=688256334, x1=855083177
P1, tp=6, ts=6, x0=736230287, x1=648365780
P2, tp=6, ts=6
P3, tp=6, ts=6, x0=152111715
P3, tp=6, ts=6, x0=9458546
P1, tp=6, ts=6, x0=147778092, x1=487261941
P0, tp=6, ts=6
P3, tp=6, ts=6, x0=571598936
P1, tp=6, ts=6, x0=648365780, x1=782588046
P3, tp=6, ts=6, x0=260038037
P2, tp=6, ts=6
P1, tp=6, ts=6, x0=377181535, x1=628517659
P0, tp=6, ts=6
P0, tp=6, ts=6
P2, tp=6, ts=6
P0, tp=6, ts=6
P3, tp=6, ts=6, x0=152111715
P3, tp=6, ts=6, x0=38065289
P0, tp=6, ts=6
P3, tp=6, ts=6, x0=775448190
P1, tp=6, ts=6, x0=480240985, x1=628517659
P0, tp=6, ts=6
P3, tp=6, ts=6, x0=871520134
P2, tp=6, ts=6
P0, tp=6, ts=6
P3, tp=6, ts=6, x0=846649726
P0, tp=6, ts=6
P2, tp=6, ts=6
P3, tp=6, ts=6, x0=855083177
P2, tp=6, ts=6
P3, tp=6, ts=6, x0=861159218
P3, tp=6, ts=6, x0=136918708
P1, tp=6, ts=6, x0=374635915, x1=895944523
P1, tp=6, ts=6, x0=332184314, x1=668723619
P2, tp=6, ts=6
P2, tp=6, ts=6
P2, tp=6, ts=6
P0, tp=6, ts=6
P3, tp=6, ts=6, x0=19634274
P2, tp=6, ts=6
P1, tp=6, ts=6, x0=990229554, x1=19634274
P3, tp=6, ts=6, x0=378025987
P0, tp=6, ts=6
P2, tp=6, ts=6
P1, tp=6, ts=6, x0=959840046, x1=568315041
P3, tp=6, ts=6, x0=147778092
P3, tp=6, ts=6, x0=568315041
P3, tp=6, ts=6, x0=236202006
P0, tp=6, ts=6
P0, tp=6, ts=6
P0, tp=6, ts=6
P2, tp=6, ts=6
P3, tp=6, ts=6, x0=439055059
P3, tp=6, ts=6, x0=893128751
P3, tp=6, ts=6, x0=817047335
P3, tp=6, ts=6, x0=446162547
P0, tp=6, ts=6
P3, tp=6, ts=6, x0=6415984
P1, tp=6, ts=6, x0=207002179, x1=793955134
P3, tp=6, ts=6, x0=187187076
P1, tp=6, ts=6, x0=568315041, x1=768747209
P3, tp=6, ts=6, x0=480240985
P0, tp=6, ts=6
P1, tp=6, ts=6, x0=584799007, x1=832791977
P3, tp=6, ts=6, x0=966303282
P0, tp=6, ts=6
P2, tp=6, ts=6
P0, tp=6, ts=6
P3, tp=6, ts=6, x0=421796939
P3, tp=6, ts=6, x0=804175966
P2, tp=6, ts=6
P3, tp=6, ts=6, x0=736230287
P2, tp=6, ts=6
P3, tp=6, ts=6, x0=800087051
P2, tp=6, ts=6
P1, tp=6, ts=6, x0=571598936, x1=487261941
P0, tp=6, ts=6
P3, tp=6, ts=6, x0=775448190
P3, tp=6, ts=6, x0=571598936
P0, tp=6, ts=6
P0, tp=6, ts=6
P0, tp=6, ts=6
P1, tp=6, ts=6, x0=982080583, x1=721243929
P0, tp=6, ts=6
P3, tp=6, ts=6, x0=443006041
P3, tp=6, ts=6, x0=38065289
P1, tp=6, ts=6, x0=637499217, x1=218792971
P3, tp=6, ts=6, x0=959840046
P2, tp=6, ts=6
P0, tp=6, ts=6
P0, tp=6, ts=6
P0, tp=6, ts=6
P1, tp=6, ts=6, x0=436859522, x1=623394804
P3, tp=6, ts=6, x0=599940945
P3, tp=6, ts=6, x0=775448190
P3, tp=6, ts=6, x0=648365780
P1, tp=6, ts=6, x0=637499217, x1=893128751
P2, tp=6, ts=6
P2, tp=6, ts=6
P3, tp=6, ts=6, x0=711341966
P1, tp=6, ts=6, x0=568315041, x1=351192341
P1, tp=6, ts=6, x0=374635915, x1=599940945
P3, tp=6, ts=6, x0=678977599
P3, tp=6, ts=6, x0=374635915
P3, tp=6, ts=6, x0=648365780
P3, tp=6, ts=6, x0=19634274
P3, tp=6, ts=6, x0=377181535
P3, tp=6, ts=6, x0=525876842
P2, tp=6, ts=6
P3, tp=6, ts=6, x0=436859522
P3, tp=6, ts=6, x0=147778092
P3, tp=6, ts=6, x0=804175966
P1, tp=6, ts=6, x0=446162547, x1=298560966
P0, tp=6, ts=6
P3, tp=6, ts=6, x0=782588046
P2, tp=6, ts=6
P3, tp=6, ts=6, x0=355157195
P2, tp=6, ts=6
P1, tp=6, ts=6, x0=550284623, x1=829637607
P2, tp=6, ts=6
P2, tp=6, ts=6
P2, tp=6, ts=6
P1, tp=6, ts=6, x0=971204661, x1=599940945
P1, tp=6, ts=6, x0=525876842, x1=648365780
P2, tp=6, ts=6
P0, tp=6, ts=6
P2, tp=6, ts=6
P1, tp=6, ts=6, x0=768747209, x1=443006041
P0, tp=6, ts=6
P1, tp=6, ts=6, x0=568315041, x1=637499217
P3, tp=6, ts=6, x0=768747209
P0, tp=6, ts=6
P1, tp=6, ts=6, x0=550284623, x1=971204661
P1, tp=6, ts=6, x0=849010376, x1=688256334
P0, tp=6, ts=6
P1, tp=6, ts=6, x0=599940945, x1=971204661
P1, tp=6, ts=6, x0=893234148, x1=736230287
P1, tp=6, ts=6, x0=896656003, x1=236202006
P0, tp=6, ts=6
P1, tp=6, ts=6, x0=795788526, x1=554368371
P2, tp=6, ts=6
P0, tp=6, ts=6
P1, tp=6, ts=6, x0=762018434, x1=902196242
P0, tp=6, ts=6
P0, tp=6, ts=6
P3, tp=6, ts=6, x0=193706648
P1, tp=6, ts=6, x0=960197595, x1=651352390
P3, tp=6, ts=6, x0=817047335
P2, tp=6, ts=6
P1, tp=6, ts=6, x0=286514879, x1=354765721
P0, tp=6, ts=6
P1, tp=6, ts=6, x0=9458546, x1=832791977
P0, tp=6, ts=6
P0, tp=6, ts=6
P2, tp=6, ts=6
P3, tp=6, ts=6, x0=39715806
P1, tp=6, ts=6, x0=898652501, x1=721663097
P2, tp=6, ts=6
P2, tp=6, ts=6
P3, tp=6, ts=6, x0=6430302
P3, tp=6, ts=6, x0=599940945
P1, tp=6, ts=6, x0=193706648, x1=69140036
P3, tp=6, ts=6, x0=762018434
P3, tp=6, ts=6, x0=351192341
P3, tp=6, ts=6, x0=762018434
P3, tp=6, ts=6, x0=982080583
P3, tp=6, ts=6, x0=342483095
P3, tp=6, ts=6, x0=960197595
P0, tp=6, ts=6
P1, tp=6, ts=6, x0=571598936, x1=721663097
P0, tp=6, ts=6
P3, tp=6, ts=6, x0=550284623
P0, tp=6, ts=6
P2, tp=6, ts=6
P3, tp=6, ts=6, x0=721243929
P3, tp=6, ts=6, x0=804175966
P2, tp=6, ts=6
P2, tp=6, ts=6
P3, tp=6, ts=6, x0=482297242
P2, tp=6, ts=6
P3, tp=6, ts=6, x0=275897331
P2, tp=6, ts=6
P2, tp=6, ts=6
P0, tp=6, ts=6
P2, tp=6, ts=6
P2, tp=6, ts=6
P0, tp=6, ts=6
P2, tp=6, ts=6
P3, tp=6, ts=6, x0=987768407
P0, tp=6, ts=6
P1, tp=6, ts=6, x0=436859522, x1=875745578
P2, tp=6, ts=6
P3, tp=6, ts=6, x0=487261941
P3, tp=6, ts=6, x0=155339606
P1, tp=6, ts=6, x0=966303282, x1=768747209
P1, tp=6, ts=6, x0=136918708, x1=9458546
P2, tp=6, ts=6
P2, tp=6, ts=6
P3, tp=6, ts=6, x0=298560966
P1, tp=6, ts=6, x0=69140036, x1=783380479
P3, tp=6, ts=6, x0=554368371
P0, tp=6, ts=6
P1, tp=6, ts=6, x0=286514879, x1=6415984
P3, tp=6, ts=6, x0=6430302
P1, tp=6, ts=6, x0=637499217, x1=798467068
P1, tp=6, ts=6, x0=668723619, x1=6430302
P3, tp=6, ts=6, x0=354765721
P0, tp=6, ts=6
P2, tp=6, ts=6
P2, tp=6, ts=6
P3, tp=6, ts=6, x0=832791977
P1, tp=6, ts=6, x0=355157195, x1=6415984
P0, tp=6, ts=6
P2, tp=6, ts=6
P1, tp=6, ts=6, x0=571598936, x1=615745028
P0, tp=6, ts=6
P0, tp=6, ts=6
P2, tp=6, ts=6
P0, tp=6, ts=6
P3, tp=6, ts=6, x0=990229554
P2, tp=6, ts=6
P3, tp=6, ts=6, x0=251136611
P2, tp=6, ts=6
P3, tp=6, ts=6, x0=31712170
P0, tp=6, ts=6
P0, tp=6, ts=6
P0, tp=6, ts=6
P1, tp=6, ts=6, x0=871520134, x1=668723619
P2, tp=6, ts=6
P1, tp=6, ts=6, x0=982080583, x1=332184314
P3, tp=6, ts=6, x0=136918708
P2, tp=6, ts=6
P2, tp=6, ts=6
P1, tp=6, ts=6, x0=793955134, x1=446162547
P1, tp=6, ts=6, x0=642966774, x1=987768407
P1, tp=6, ts=6, x0=325560851, x1=286514879
P1, tp=6, ts=6, x0=793955134, x1=654874248
P3, tp=6, ts=6, x0=369947661
P1, tp=6, ts=6, x0=369947661, x1=229605487
P3, tp=6, ts=6, x0=982080583
P1, tp=6, ts=6, x0=721243929, x1=286514879
P3, tp=6, ts=6, x0=987768407
P2, tp=6, ts=6
P1, tp=6, ts=6, x0=110736238, x1=152111715
P3, tp=6, ts=6, x0=88988497
P3, tp=6, ts=6, x0=990229554
P1, tp=6, ts=6, x0=38065289, x1=19634274
P2, tp=6, ts=6
P3, tp=6, ts=6, x0=353048448
P0, tp=7, ts=7
P0, tp=7, ts=7
P2, tp=7, ts=7
P2, tp=7, ts=7
P2, tp=7, ts=7
P1, tp=7, ts=7, x0=550284623, x1=637499217
P1, tp=7, ts=7, x0=584799007, x1=354765721
P1, tp=7, ts=7, x0=125622291, x1=654874248
P1, tp=7, ts=7, x0=218792971, x1=817047335
P2, tp=7, ts=7
P3, tp=7, ts=7, x0=603797089
P2, tp=7, ts=7
P0, tp=7, ts=7
P0, tp=7, ts=7
P3, tp=7, ts=7, x0=6415984
P1, tp=7, ts=7, x0=353048448, x1=9458546
P2, tp=7, ts=7
P0, tp=7, ts=7
P1, tp=7, ts=7, x0=207002179, x1=915035320
P2, tp=7, ts=7
P0, tp=7, ts=7
P0, tp=7, ts=7
P3, tp=7, ts=7, x0=609244565
P0, tp=7, ts=7
P1, tp=7, ts=7, x0=136918708, x1=832791977
P0, tp=7, ts=7
P2, tp=7, ts=7
P0, tp=7, ts=7
P2, tp=7, ts=7
P1, tp=7, ts=7, x0=136918708, x1=721243929
P1, tp=7, ts=7, x0=275897331, x1=557620776
P3, tp=7, ts=7, x0=762018434
P3, tp=7, ts=7, x0=378025987
P2, tp=7, ts=7
P1, tp=7, ts=7, x0=273509818, x1=688569762
P0, tp=7, ts=7
P1, tp=7, ts=7, x0=125622291, x1=421796939
P3, tp=7, ts=7, x0=990229554
P2, tp=7, ts=7
P1, tp=7, ts=7, x0=125622291, x1=152111715
P3, tp=7, ts=7, x0=436859522
P3, tp=7, ts=7, x0=487261941
P2, tp=7, ts=7
P0, tp=7, ts=7
P0, tp=7, ts=7
P0, tp=7, ts=7
P2, tp=7, ts=7
P0, tp=7, ts=7
P1, tp=7, ts=7, x0=875745578, x1=364297204
P1, tp=7, ts=7, x0=187187076, x1=364297204
P3, tp=7, ts=7, x0=88988497
P1, tp=7, ts=7, x0=594189553, x1=795788526
P0, tp=7, ts=7
P1, tp=7, ts=7, x0=355157195, x1=440736764
P1, tp=7, ts=7, x0=480240985, x1=637499217
P3, tp=7, ts=7, x0=275897331
P1, tp=7, ts=7, x0=609244565, x1=374635915
P2, tp=7, ts=7
P1, tp=7, ts=7, x0=378025987, x1=351192341
P0, tp=7, ts=7
P3, tp=7, ts=7, x0=525273246
P0, tp=7, ts=7
P3, tp=7, ts=7, x0=557620776
P2, tp=7, ts=7
P3, tp=7, ts=7, x0=351192341
P1, tp=7, ts=7, x0=557620776, x1=762018434
P2, tp=7, ts=7
P1, tp=7, ts=7, x0=354765721, x1=152111715
P2, tp=7, ts=7
P2, tp=7, ts=7
P3, tp=7, ts=7, x0=525876842
P0, tp=7, ts=7
P2, tp=7, ts=7
P3, tp=7, ts=7, x0=286514879
P0, tp=7, ts=7
P3, tp=7, ts=7, x0=286514879
P0, tp=7, ts=7
P0, tp=7, ts=7
P0, tp=7, ts=7
P2, tp=7, ts=7
P2, tp=7, ts=7
P3, tp=7, ts=7, x0=355157195
P1, tp=7, ts=7, x0=959840046, x1=594189553
P1, tp=7, ts=7, x0=229605487, x1=846649726
P1, tp=7, ts=7, x0=609244565, x1=762018434
P0, tp=7, ts=7
P1, tp=7, ts=7, x0=369947661, x1=135667386
P1, tp=7, ts=7, x0=439055059, x1=226466265
P2, tp=7, ts=7
P3, tp=7, ts=7, x0=875745578
P2, tp=7, ts=7
P2, tp=7, ts=7
P2, tp=7, ts=7
P2, tp=7, ts=7
P1, tp=7, ts=7, x0=378025987, x1=678977599
P1, tp=7, ts=7, x0=69140036, x1=829637607
P3, tp=7, ts=7, x0=642966774
P3, tp=7, ts=7, x0=482297242
P3, tp=7, ts=7, x0=550284623
P2, tp=7, ts=7
P0, tp=7, ts=7
P3, tp=7, ts=7, x0=19634274
P1, tp=7, ts=7, x0=525273246, x1=989450625
P3, tp=7, ts=7, x0=668723619
P0, tp=7, ts=7
P1, tp=7, ts=7, x0=637499217, x1=74624411
P2, tp=7, ts=7
P3, tp=7, ts=7, x0=236202006
P2, tp=7, ts=7
P2, tp=7, ts=7
P3, tp=7, ts=7, x0=609244565
P1, tp=7, ts=7, x0=875745578, x1=793955134
P3, tp=7, ts=7, x0=374635915
P3, tp=7, ts=7, x0=832791977
P2, tp=7, ts=7
P2, tp=7, ts=7
P3, tp=7, ts=7, x0=74624411
P2, tp=7, ts=7
P3, tp=7, ts=7, x0=325560851
P1, tp=7, ts=7, x0=637499217, x1=795788526
P2, tp=7, ts=7
P3, tp=7, ts=7, x0=155339606
P1, tp=7, ts=7, x0=623394804, x1=895944523
P2, tp=7, ts=7
P1, tp=7, ts=7, x0=648365780, x1=554368371
P1, tp=7, ts=7, x0=615745028, x1=254649224
P3, tp=7, ts=7, x0=260038037
P1, tp=7, ts=7, x0=316521978, x1=721243929
P2, tp=7, ts=7
P3, tp=7, ts=7, x0=896656003
P0, tp=7, ts=7
P0, tp=7, ts=7
P1, tp=7, ts=7, x0=260038037, x1=74624411
P3, tp=7, ts=7, x0=207002179
P3, tp=7, ts=7, x0=594189553
P0, tp=7, ts=7
P0, tp=7, ts=7
P3, tp=7, ts=7, x0=782588046
P2, tp=7, ts=7
P0, tp=7, ts=7
P0, tp=7, ts=7
P1, tp=7, ts=7, x0=990229554, x1=982080583
P3, tp=7, ts=7, x0=236202006
P2, tp=7, ts=7
P0, tp=7, ts=7
P2, tp=7, ts=7
P0, tp=7, ts=7
P1, tp=7, ts=7, x0=226466265, x1=325560851
P3, tp=7, ts=7, x0=898652501
P2, tp=7, ts=7
P1, tp=7, ts=7, x0=966303282, x1=603797089
P1, tp=7, ts=7, x0=959840046, x1=487261941
P1, tp=7, ts=7, x0=286514879, x1=642966774
P3, tp=7, ts=7, x0=623394804
P2, tp=7, ts=7
P1, tp=7, ts=7, x0=446162547, x1=623394804
P1, tp=7, ts=7, x0=619011997, x1=298560966
P3, tp=7, ts=7, x0=557620776
P1, tp=7, ts=7, x0=6430302, x1=9458546
P2, tp=7, ts=7
P1, tp=7, ts=7, x0=599940945, x1=599940945
P1, tp=7, ts=7, x0=736230287, x1=135667386
P1, tp=7, ts=7, x0=550284623, x1=987768407
P1, tp=7, ts=7, x0=351192341, x1=793955134
P0, tp=7, ts=7
P3, tp=7, ts=7, x0=125622291
P1, tp=7, ts=7, x0=353048448, x1=782588046
P3, tp=7, ts=7, x0=487261941
P3, tp=7, ts=7, x0=440736764
P2, tp=7, ts=7
P0, tp=7, ts=7
P2, tp=7, ts=7
P3, tp=7, ts=7, x0=193706648
P2, tp=7, ts=7
P0, tp=7, ts=7
P3, tp=7, ts=7, x0=648365780
P0, tp=7, ts=7
P1, tp=7, ts=7, x0=623394804, x1=286514879
P0, tp=7, ts=7
P3, tp=7, ts=7, x0=688569762
P2, tp=7, ts=7
P2, tp=7, ts=7
P1, tp=7, ts=7, x0=966303282, x1=236202006
P3, tp=7, ts=7, x0=806218387
P0, tp=7, ts=7
P0, tp=7, ts=7
P2, tp=7, ts=7
P1, tp=7, ts=7, x0=736230287, x1=550284623
P1, tp=7, ts=7, x0=377181535, x1=762018434
P0, tp=7, ts=7
P0, tp=7, ts=7
P2, tp=7, ts=7
P1, tp=7, ts=7, x0=6415984, x1=6415984
P2, tp=7, ts=7
P0, tp=7, ts=7
P1, tp=7, ts=7, x0=88988497, x1=525876842
P2, tp=7, ts=7
P2, tp=7, ts=7
P3, tp=7, ts=7, x0=798467068
P3, tp=7, ts=7, x0=377181535
P1, tp=7, ts=7, x0=721663097, x1=783380479
P0, tp=7, ts=7
P0, tp=7, ts=7
P1, tp=7, ts=7, x0=286514879, x1=721663097
P1, tp=7, ts=7, x0=440736764, x1=817047335
P2, tp=7, ts=7
P0, tp=7, ts=7
P0, tp=7, ts=7
P0, tp=7, ts=7
P0, tp=7, ts=7
P0, tp=7, ts=7
P1, tp=7, ts=7, x0=26454236, x1=407639747
P3, tp=7, ts=7, x0=768747209
P2, tp=7, ts=7
P1, tp=7, ts=7, x0=789142657, x1=997403862
P0, tp=7, ts=7
P0, tp=7, ts=7
P3, tp=7, ts=7, x0=351192341
P0, tp=7, ts=7
P2, tp=7, ts=7
P0, tp=7, ts=7
P3, tp=7, ts=7, x0=846649726
P3, tp=7, ts=7, x0=69140036
P2, tp=7, ts=7
P0, tp=7, ts=7
P2, tp=7, ts=7
P3, tp=7, ts=7, x0=817047335
P0, tp=7, ts=7
P3, tp=7, ts=7, x0=668723619
P2, tp=7, ts=7
P1, tp=7, ts=7, x0=369947661, x1=525876842
P3, tp=7, ts=7, x0=817047335
P2, tp=7, ts=7
P1, tp=7, ts=7, x0=678977599, x1=286514879
P3, tp=7, ts=7, x0=224906571
P0, tp=7, ts=7
P1, tp=7, ts=7, x0=135667386, x1=623394804
P1, tp=7, ts=7, x0=19634274, x1=915035320
P0, tp=7, ts=7
P0, tp=7, ts=7
P3, tp=7, ts=7, x0=990229554
P2, tp=7, ts=7
P2, tp=7, ts=7
P2, tp=7, ts=7
P3, tp=7, ts=7, x0=637499217
P2, tp=7, ts=7
P2, tp=7, ts=7
P3, tp=7, ts=7, x0=136918708
P3, tp=7, ts=7, x0=152907210
P3, tp=7, ts=7, x0=793955134
P3, tp=7, ts=7, x0=9458546
P1, tp=7, ts=7, x0=762018434, x1=525273246
P0, tp=7, ts=7
P2, tp=7, ts=7
P0, tp=7, ts=7
P1, tp=7, ts=7, x0=505708687, x1=550284623
P3, tp=7, ts=7, x0=354765721
P1, tp=7, ts=7, x0=505708687, x1=411428405
P0, tp=7, ts=7
P0, tp=7, ts=7
P3, tp=7, ts=7, x0=688569762
P3, tp=7, ts=7, x0=711341966
P0, tp=7, ts=7
P1, tp=7, ts=7, x0=721663097, x1=637499217
P0, tp=7, ts=7
P2, tp=7, ts=7
P1, tp=7, ts=7, x0=226466265, x1=480240985
P3, tp=7, ts=7, x0=421796939
P0, tp=7, ts=7
P1, tp=7, ts=7, x0=648365780, x1=642378428
P1, tp=7, ts=7, x0=846649726, x1=829637607
P3, tp=7, ts=7, x0=88988497
P1, tp=7, ts=7, x0=6430302, x1=623394804
P2, tp=7, ts=7
P0, tp=7, ts=7
P3, tp=7, ts=7, x0=702625064
P3, tp=7, ts=7, x0=783380479
P1, tp=7, ts=7, x0=795788526, x1=806218387
P3, tp=7, ts=7, x0=377181535
P3, tp=7, ts=7, x0=898652501
P1, tp=7, ts=7, x0=886671045, x1=793955134
P1, tp=7, ts=7, x0=615745028, x1=88988497
P1, tp=7, ts=7, x0=6430302, x1=224906571
P3, tp=7, ts=7, x0=505708687
P3, tp=7, ts=7, x0=505708687
P0, tp=7, ts=7
P1, tp=7, ts=7, x0=273509818, x1=525273246
P3, tp=7, ts=7, x0=378025987
P1, tp=7, ts=7, x0=668723619, x1=966303282
P0, tp=7, ts=7
P1, tp=7, ts=7, x0=678977599, x1=525273246
P3, tp=7, ts=7, x0=981720470
P2, tp=7, ts=7
P2, tp=7, ts=7
P2, tp=7, ts=7
P1, tp=7, ts=7, x0=968466900, x1=236202006
P1, tp=7, ts=7, x0=793955134, x1=9458546
P1, tp=7, ts=7, x0=989450625, x1=968466900
P0, tp=7, ts=7
P3, tp=7, ts=7, x0=966303282
P1, tp=7, ts=7, x0=74624411, x1=798467068
P3, tp=7, ts=7, x0=721663097
P3, tp=7, ts=7, x0=849010376
P2, tp=7, ts=7
P1, tp=7, ts=7, x0=364297204, x1=982080583
P0, tp=7, ts=7
P0, tp=7, ts=7
P1, tp=7, ts=7, x0=39715806, x1=849010376
P3, tp=7, ts=7, x0=688256334
P1, tp=7, ts=7, x0=626788532, x1=736230287
P1, tp=7, ts=7, x0=332184314, x1=316521978
P1, tp=7, ts=7, x0=411428405, x1=793955134
P0, tp=7, ts=7
P2, tp=7, ts=7
P1, tp=7, ts=7, x0=721243929, x1=377181535
P2, tp=7, ts=7
P2, tp=7, ts=7
P2, tp=7, ts=7
P0, tp=7, ts=7
P3, tp=7, ts=7, x0=377181535
P1, tp=7, ts=7, x0=374635915, x1=575821514
P3, tp=7, ts=7, x0=374635915
P0, tp=7, ts=7
P2, tp=7, ts=7
P3, tp=7, ts=7, x0=152907210
P2, tp=7, ts=7
P0, tp=7, ts=7
P1, tp=7, ts=7, x0=9458546, x1=615745028
P1, tp=7, ts=7, x0=147778092, x1=446162547
P3, tp=7, ts=7, x0=147778092
P1, tp=7, ts=7, x0=609244565, x1=273509818
P0, tp=7, ts=7
P2, tp=7, ts=7
P1, tp=7, ts=7, x0=886671045, x1=782588046
P0, tp=7, ts=7
P1, tp=7, ts=7, x0=668723619, x1=688569762
P3, tp=7, ts=7, x0=218292555
P0, tp=7, ts=7
P2, tp=7, ts=7
P0, tp=7, ts=7
P1, tp=7, ts=7, x0=702625064, x1=378025987
P3, tp=7, ts=7, x0=550284623
P3, tp=7, ts=7, x0=26454236
P1, tp=7, ts=7, x0=702625064, x1=236202006
P2, tp=7, ts=7
P0, tp=7, ts=7
P2, tp=7, ts=7
P1, tp=7, ts=7, x0=793955134, x1=136918708
P3, tp=7, ts=7, x0=768747209
P1, tp=7, ts=7, x0=782588046, x1=69140036
P3, tp=7, ts=7, x0=193706648
P2, tp=7, ts=7
P1, tp=7, ts=7, x0=981720470, x1=135667386
P0, tp=7, ts=7
P1, tp=7, ts=7, x0=440736764, x1=355157195
P2, tp=7, ts=7
P3, tp=7, ts=7, x0=768747209
P1, tp=7, ts=7, x0=39715806, x1=39715806
P3, tp=7, ts=7, x0=782588046
P2, tp=7, ts=7
P2, tp=7, ts=7
P0, tp=7, ts=7
P0, tp=7, ts=7
P0, tp=7, ts=7
P0, tp=7, ts=7
P0, tp=7, ts=7
P1, tp=7, ts=7, x0=88988497, x1=550284623
P0, tp=7, ts=7
P1, tp=7, ts=7, x0=525876842, x1=642966774
P3, tp=7, ts=7, x0=886671045
P0, tp=7, ts=7
P2, tp=7, ts=7
P1, tp=7, ts=7, x0=6430302, x1=554368371
P1, tp=7, ts=7, x0=286514879, x1=43237217
P1, tp=7, ts=7, x0=251136611, x1=74624411
P1, tp=7, ts=7, x0=446162547, x1=871415145
P3, tp=7, ts=7, x0=575821514
P0, tp=7, ts=7
P1, tp=7, ts=7, x0=135667386, x1=702625064
P3, tp=7, ts=7, x0=898652501
P0, tp=7, ts=7
P3, tp=7, ts=7, x0=654874248
P0, tp=7, ts=7
P3, tp=7, ts=7, x0=207002179
P3, tp=7, ts=7, x0=351192341
P3, tp=7, ts=7, x0=693030564
P1, tp=7, ts=7, x0=177186927, x1=594189553
P3, tp=7, ts=7, x0=355157195
P1, tp=7, ts=7, x0=407639747, x1=795788526
P2, tp=7, ts=7
P2, tp=7, ts=7
P0, tp=7, ts=7
P1, tp=7, ts=7, x0=354765721, x1=642378428
P3, tp=7, ts=7, x0=74624411
P3, tp=7, ts=7, x0=989450625
P3, tp=7, ts=7, x0=369947661
P2, tp=7, ts=7
P3, tp=7, ts=7, x0=966303282
P1, tp=7, ts=7, x0=668723619, x1=226466265
P0, tp=7, ts=7
P3, tp=7, ts=7, x0=688256334
P0, tp=7, ts=7
P3, tp=7, ts=7, x0=615745028
P3, tp=7, ts=7, x0=354765721
P2, tp=7, ts=7
P1, tp=7, ts=7, x0=525876842, x1=61958117
P1, tp=7, ts=7, x0=6430302, x1=793955134
P1, tp=7, ts=7, x0=987768407, x1=575821514
P1, tp=7, ts=7, x0=795788526, x1=207002179
P0, tp=7, ts=7
P1, tp=7, ts=7, x0=575821514, x1=378025987
P3, tp=7, ts=7, x0=135667386
P3, tp=7, ts=7, x0=959840046
P3, tp=7, ts=7, x0=147778092
P2, tp=7, ts=7
P2, tp=7, ts=7
P1, tp=7, ts=7, x0=736230287, x1=135667386
P2, tp=7, ts=7
P0, tp=7, ts=7
P2, tp=7, ts=7
P2, tp=7, ts=7
P0, tp=7, ts=7
P0, tp=7, ts=7
P2, tp=7, ts=7
P3, tp=7, ts=7, x0=177186927
P0, tp=7, ts=7
P3, tp=7, ts=7, x0=177186927
P3, tp=7, ts=7, x0=525876842
P1, tp=7, ts=7, x0=411428405, x1=782588046
P2, tp=7, ts=7
P3, tp=7, ts=7, x0=177186927
P1, tp=7, ts=7, x0=459378328, x1=806218387
P1, tp=7, ts=7, x0=339497191, x1=152111715
P3, tp=7, ts=7, x0=9458546
P3, tp=7, ts=7, x0=106778167
P2, tp=7, ts=7
P3, tp=7, ts=7, x0=736203974
P3, tp=7, ts=7, x0=446162547
P3, tp=7, ts=7, x0=61958117
P1, tp=7, ts=7, x0=989450625, x1=364297204
P1, tp=7, ts=7, x0=575821514, x1=817047335
P0, tp=7, ts=7
P2, tp=7, ts=7
P0, tp=7, ts=7
P3, tp=7, ts=7, x0=177186927
P0, tp=7, ts=7
P3, tp=7, ts=7, x0=364297204
P1, tp=7, ts=7, x0=374635915, x1=43237217
P1, tp=7, ts=7, x0=817047335, x1=654874248
P3, tp=7, ts=7, x0=688569762
P3, tp=7, ts=7, x0=525876842
P2, tp=7, ts=7
P1, tp=7, ts=7, x0=817047335, x1=871520134
P0, tp=7, ts=7
P0, tp=7, ts=7
P3, tp=7, ts=7, x0=997403862
P2, tp=7, ts=7
P0, tp=7, ts=7
P0, tp=7, ts=7
P3, tp=7, ts=7, x0=966303282
P0, tp=7, ts=7
P1, tp=7, ts=7, x0=339497191, x1=829637607
P3, tp=7, ts=7, x0=982080583
P2, tp=7, ts=7
P3, tp=7, ts=7, x0=987768407
P3, tp=7, ts=7, x0=377181535
P3, tp=7, ts=7, x0=364297204
P3, tp=7, ts=7, x0=642966774
P0, tp=7, ts=7
P2, tp=7, ts=7
P2, tp=7, ts=7
P3, tp=7, ts=7, x0=135667386
P0, tp=7, ts=7
P0, tp=7, ts=7
P2, tp=7, ts=7
P0, tp=7, ts=7
P3, tp=7, ts=7, x0=637499217
P3, tp=7, ts=7, x0=251136611
P2, tp=7, ts=7
P3, tp=7, ts=7, x0=688256334
P3, tp=7, ts=7, x0=886671045
P2, tp=7, ts=7
P0, tp=7, ts=7
P3, tp=7, ts=7, x0=982080583
P0, tp=7, ts=7
P2, tp=7, ts=7
P0, tp=7, ts=7
P0, tp=7, ts=7
P1, tp=7, ts=7, x0=252022855, x1=286514879
P2, tp=7, ts=7
P3, tp=7, ts=7, x0=411428405
P3, tp=7, ts=7, x0=609244565
P0, tp=7, ts=7
P2, tp=7, ts=7
P3, tp=7, ts=7, x0=88988497
P0, tp=7, ts=7
P3, tp=7, ts=7, x0=793955134
P2, tp=7, ts=7
P0, tp=7, ts=7
P1, tp=7, ts=7, x0=623394804, x1=668723619
P2, tp=7, ts=7
P1, tp=7, ts=7, x0=353048448, x1=623394804
P2, tp=7, ts=7
P1, tp=7, ts=7, x0=251136611, x1=793955134
P3, tp=7, ts=7, x0=342483095
P1, tp=7, ts=7, x0=525876842, x1=316521978
P0, tp=7, ts=7
P0, tp=7, ts=7
P2, tp=7, ts=7
P0, tp=7, ts=7
P0, tp=7, ts=7
P1, tp=7, ts=7, x0=407639747, x1=702625064
P0, tp=7, ts=7
P2, tp=7, ts=7
P2, tp=7, ts=7
P0, tp=7, ts=7
P0, tp=7, ts=7
P2, tp=7, ts=7
P3, tp=7, ts=7, x0=9458546
P3, tp=7, ts=7, x0=353048448
P2, tp=7, ts=7
P0, tp=7, ts=7
P3, tp=7, ts=7, x0=43237217
P3, tp=7, ts=7, x0=789142657
P3, tp=7, ts=7, x0=374635915
P1, tp=7, ts=7, x0=721663097, x1=106778167
P3, tp=7, ts=7, x0=990229554
P0, tp=7, ts=7
P2, tp=7, ts=7
P3, tp=7, ts=7, x0=615745028
P2, tp=7, ts=7
P2, tp=7, ts=7
P2, tp=7, ts=7
P0, tp=7, ts=7
P2, tp=7, ts=7
P1, tp=7, ts=7, x0=106778167, x1=135667386
P2, tp=7, ts=7
P3, tp=7, ts=7, x0=470452467
P2, tp=7, ts=7
P0, tp=7, ts=7
P1, tp=7, ts=7, x0=817047335, x1=106778167
P3, tp=7, ts=7, x0=668723619
P0, tp=7, ts=7
P1, tp=7, ts=7, x0=525876842, x1=316521978
P1, tp=7, ts=7, x0=711341966, x1=525876842
P1, tp=7, ts=7, x0=987768407, x1=603797089
P0, tp=7, ts=7
P0, tp=7, ts=7
P0, tp=7, ts=7
P1, tp=7, ts=7, x0=342483095, x1=429994021
P1, tp=7, ts=7, x0=364297204, x1=261252512
P2, tp=7, ts=7
P0, tp=7, ts=7
P3, tp=7, ts=7, x0=603797089
P0, tp=7, ts=7
P0, tp=7, ts=7
P2, tp=7, ts=7
P0, tp=7, ts=7
P2, tp=7, ts=7
P2, tp=7, ts=7
P0, tp=7, ts=7
P3, tp=7, ts=7, x0=152907210
P2, tp=7, ts=7
P0, tp=7, ts=7
P0, tp=7, ts=7
P3, tp=7, ts=7, x0=688256334
P0, tp=7, ts=7
P2, tp=7, ts=7
P3, tp=7, ts=7, x0=407639747
P1, tp=7, ts=7, x0=915035320, x1=439055059
P1, tp=7, ts=7, x0=364297204, x1=365942047
P0, tp=7, ts=7
P2, tp=7, ts=7
P0, tp=7, ts=7
P2, tp=7, ts=7
P3, tp=7, ts=7, x0=591364332
P0, tp=7, ts=7
P1, tp=7, ts=7, x0=637499217, x1=654874248
P1, tp=7, ts=7, x0=147778092, x1=711341966
P0, tp=7, ts=7
P0, tp=7, ts=7
P2, tp=7, ts=7
P2, tp=7, ts=7
P3, tp=7, ts=7, x0=156359488
P3, tp=7, ts=7, x0=156359488
P1, tp=7, ts=7, x0=886671045, x1=711341966
P0, tp=7, ts=7
P1, tp=7, ts=7, x0=252022855, x1=615745028
P3, tp=7, ts=7, x0=261252512
P2, tp=7, ts=7
P2, tp=7, ts=7
P2, tp=7, ts=7
P1, tp=7, ts=7, x0=6430302, x1=709641777
P2, tp=7, ts=7
P3, tp=7, ts=7, x0=603797089
P1, tp=7, ts=7, x0=829637607, x1=651352390
P3, tp=7, ts=7, x0=275897331
P2, tp=7, ts=7
P2, tp=7, ts=7
P0, tp=7, ts=7
P0, tp=7, ts=7
P2, tp=7, ts=7
P3, tp=7, ts=7, x0=106778167
P2, tp=7, ts=7
P1, tp=7, ts=7, x0=351192341, x1=871415145
P0, tp=7, ts=7
P0, tp=7, ts=7
P0, tp=7, ts=7
P0, tp=7, ts=7
P0, tp=7, ts=7
P1, tp=7, ts=7, x0=693030564, x1=829637607
P2, tp=7, ts=7
P2, tp=7, ts=7
P2, tp=7, ts=7
P2, tp=7, ts=7
P2, tp=7, ts=7
P3, tp=7, ts=7, x0=177186927
P1, tp=7, ts=7, x0=923048838, x1=688256334
P0, tp=7, ts=7
P2, tp=7, ts=7
P3, tp=7, ts=7, x0=106778167
P0, tp=7, ts=7
P0, tp=7, ts=7
P0, tp=7, ts=7
P3, tp=7, ts=7, x0=637499217
P1, tp=7, ts=7, x0=147778092, x1=591364332
P3, tp=7, ts=7, x0=342483095
P3, tp=7, ts=7, x0=871415145
P0, tp=7, ts=7
P2, tp=7, ts=7
P1, tp=7, ts=7, x0=6430302, x1=651352390
P0, tp=7, ts=7
P1, tp=7, ts=7, x0=623394804, x1=768747209
P0, tp=7, ts=7
P3, tp=7, ts=7, x0=224906571
P1, tp=7, ts=7, x0=693030564, x1=923048838
P0, tp=7, ts=7
P1, tp=7, ts=7, x0=286514879, x1=440736764
P0, tp=7, ts=7
P0, tp=7, ts=7
P2, tp=7, ts=7
P1, tp=7, ts=7, x0=829637607, x1=70844238
P2, tp=7, ts=7
P3, tp=7, ts=7, x0=147778092
P1, tp=7, ts=7, x0=316521978, x1=251136611
P3, tp=7, ts=7, x0=26454236
P1, tp=7, ts=7, x0=997403862, x1=721663097
P0, tp=7, ts=7
P2, tp=7, ts=7
P3, tp=7, ts=7, x0=702625064
P3, tp=7, ts=7, x0=480240985
P1, tp=7, ts=7, x0=170124953, x1=354765721
P1, tp=7, ts=7, x0=224906571, x1=217165976
P2, tp=7, ts=7
P2, tp=7, ts=7
P0, tp=7, ts=7
P3, tp=7, ts=7, x0=334636178
P2, tp=7, ts=7
P1, tp=7, ts=7, x0=619011997, x1=505708687
P0, tp=7, ts=7
P1, tp=7, ts=7, x0=559577864, x1=339497191
P1, tp=7, ts=7, x0=721243929, x1=236202006
P1, tp=7, ts=7, x0=152111715, x1=254649224
P0, tp=7, ts=7
P3, tp=7, ts=7, x0=378025987
P2, tp=7, ts=7
P3, tp=7, ts=7, x0=525273246
P0, tp=7, ts=7
P0, tp=7, ts=7
P1, tp=7, ts=7, x0=768747209, x1=688569762
P1, tp=7, ts=7, x0=915035320, x1=654874248
P3, tp=7, ts=7, x0=224906571
P2, tp=7, ts=7
P2, tp=7, ts=7
P2, tp=7, ts=7
P3, tp=7, ts=7, x0=513647090
P2, tp=7, ts=7
P0, tp=7, ts=7
P3, tp=7, ts=7, x0=446162547
P3, tp=7, ts=7, x0=559577864
P2, tp=7, ts=7
P3, tp=7, ts=7, x0=152907210
P0, tp=7, ts=7
P2, tp=7, ts=7
P1, tp=7, ts=7, x0=26454236, x1=353048448
P1, tp=7, ts=7, x0=459378328, x1=407639747
P3, tp=7, ts=7, x0=711341966
P3, tp=7, ts=7, x0=711341966
P3, tp=7, ts=7, x0=609244565
P2, tp=7, ts=7
P3, tp=7, ts=7, x0=282094763
P0, tp=7, ts=7
P3, tp=7, ts=7, x0=106778167
P0, tp=7, ts=7
P3, tp=7, ts=7, x0=795788526
P2, tp=7, ts=7
P1, tp=7, ts=7, x0=623394804, x1=987768407
P2, tp=7, ts=7
P3, tp=7, ts=7, x0=61958117
P0, tp=7, ts=7
P1, tp=7, ts=7, x0=354765721, x1=875745578
P3, tp=7, ts=7, x0=251136611
P2, tp=7, ts=7
P0, tp=7, ts=7
P0, tp=7, ts=7
P3, tp=7, ts=7, x0=782588046
P3, tp=7, ts=7, x0=106778167
P1, tp=7, ts=7, x0=721243929, x1=74624411
P3, tp=7, ts=7, x0=693030564
P1, tp=7, ts=7, x0=236202006, x1=923048838
P3, tp=7, ts=7, x0=575821514
P2, tp=7, ts=7
P0, tp=7, ts=7
P1, tp=7, ts=7, x0=275897331, x1=334636178
P2, tp=7, ts=7
P3, tp=7, ts=7, x0=595369293
P0, tp=7, ts=7
P1, tp=7, ts=7, x0=513647090, x1=236202006
P2, tp=7, ts=7
P3, tp=7, ts=7, x0=365942047
P2, tp=7, ts=7
P0, tp=7, ts=7
P1, tp=7, ts=7, x0=480240985, x1=7242916
P1, tp=7, ts=7, x0=871415145, x1=806218387
P0, tp=7, ts=7
P1, tp=7, ts=7, x0=217165976, x1=525273246
P1, tp=7, ts=7, x0=135667386, x1=575821514
P0, tp=7, ts=7
P2, tp=7, ts=7
P0, tp=7, ts=7
P0, tp=7, ts=7
P0, tp=7, ts=7
P1, tp=7, ts=7, x0=152907210, x1=693030564
P1, tp=7, ts=7, x0=177186927, x1=74624411
P2, tp=7, ts=7
P3, tp=7, ts=7, x0=505708687
P3, tp=7, ts=7, x0=354765721
P3, tp=7, ts=7, x0=107111693
P2, tp=7, ts=7
P3, tp=7, ts=7, x0=603797089
P2, tp=7, ts=7
P0, tp=7, ts=7
P0, tp=7, ts=7
P0, tp=7, ts=7
P1, tp=7, ts=7, x0=693030564, x1=252022855
P0, tp=7, ts=7
P2, tp=7, ts=7
P2, tp=7, ts=7
P3, tp=7, ts=7, x0=550284623
P1, tp=7, ts=7, x0=224906571, x1=806218387
P0, tp=7, ts=7
P0, tp=7, ts=7
P1, tp=7, ts=7, x0=429994021, x1=623394804
P1, tp=7, ts=7, x0=283024524, x1=505708687
P2, tp=7, ts=7
P2, tp=7, ts=7
P1, tp=7, ts=7, x0=623394804, x1=721663097
P2, tp=7, ts=7
P1, tp=7, ts=7, x0=702625064, x1=875745578
P2, tp=7, ts=7
P1, tp=7, ts=7, x0=795788526, x1=218292555
P0, tp=7, ts=7
P0, tp=7, ts=7
P0, tp=7, ts=7
P2, tp=7, ts=7
P0, tp=7, ts=7
P3, tp=7, ts=7, x0=106778167
P0, tp=7, ts=7
P0, tp=7, ts=7
P3, tp=7, ts=7, x0=8537553
P1, tp=7, ts=7, x0=806218387, x1=626788532
P2, tp=7, ts=7
P1, tp=7, ts=7, x0=107111693, x1=411428405
P1, tp=7, ts=7, x0=170124953, x1=147778092
P1, tp=7, ts=7, x0=603797089, x1=768747209
P2, tp=7, ts=7
P2, tp=7, ts=7
P0, tp=7, ts=7
P1, tp=7, ts=7, x0=736230287, x1=915035320
P0, tp=7, ts=7
P3, tp=7, ts=7, x0=615745028
P2, tp=7, ts=7
P0, tp=7, ts=7
P2, tp=7, ts=7
P0, tp=7, ts=7
P1, tp=7, ts=7, x0=316521978, x1=793955134
P3, tp=7, ts=7, x0=251136611
P0, tp=7, ts=7
P2, tp=7, ts=7
P1, tp=7, ts=7, x0=789142657, x1=135667386
P0, tp=7, ts=7
P1, tp=7, ts=7, x0=177186927, x1=654874248
P1, tp=7, ts=7, x0=625476605, x1=487261941
P2, tp=7, ts=7
P1, tp=7, ts=7, x0=440736764, x1=782588046
P0, tp=7, ts=7
P2, tp=7, ts=7
P3, tp=7, ts=7, x0=351192341
P3, tp=7, ts=7, x0=623394804
P3, tp=7, ts=7, x0=1641114
P0, tp=7, ts=7
P2, tp=7, ts=7
P1, tp=7, ts=7, x0=446162547, x1=147778092
P2, tp=7, ts=7
P2, tp=7, ts=7
P0, tp=7, ts=7
P2, tp=7, ts=7
P0, tp=7, ts=7
P0, tp=7, ts=7
P0, tp=7, ts=7
P2, tp=7, ts=7
P3, tp=7, ts=7, x0=654874248
P1, tp=7, ts=7, x0=226466265, x1=254649224
P3, tp=7, ts=7, x0=990229554
P2, tp=7, ts=7
P3, tp=7, ts=7, x0=480240985
P0, tp=7, ts=7
P2, tp=7, ts=7
P1, tp=7, ts=7, x0=806218387, x1=651352390
P3, tp=7, ts=7, x0=378025987
P2, tp=7, ts=7
P1, tp=7, ts=7, x0=224906571, x1=147778092
P3, tp=7, ts=7, x0=513647090
P1, tp=7, ts=7, x0=378025987, x1=997403862
P1, tp=7, ts=7, x0=736230287, x1=619011997
P1, tp=7, ts=7, x0=261252512, x1=283024524
P2, tp=7, ts=7
P0, tp=7, ts=7
P2, tp=7, ts=7
P1, tp=7, ts=7, x0=789142657, x1=378025987
P1, tp=7, ts=7, x0=411428405, x1=261252512
P0, tp=7, ts=7
P0, tp=7, ts=7
P1, tp=7, ts=7, x0=559577864, x1=623394804
P1, tp=7, ts=7, x0=688569762, x1=283024524
P2, tp=7, ts=7
P0, tp=7, ts=7
P2, tp=7, ts=7
P0, tp=7, ts=7
P3, tp=7, ts=7, x0=251136611
P0, tp=7, ts=7
P1, tp=7, ts=7, x0=26454236, x1=768747209
P3, tp=7, ts=7, x0=997403862
P2, tp=7, ts=7
P2, tp=7, ts=7
P0, tp=7, ts=7
P2, tp=7, ts=7
P1, tp=7, ts=7, x0=982080583, x1=702625064
P2, tp=7, ts=7
P0, tp=7, ts=7
P3, tp=7, ts=7, x0=1641114
P0, tp=7, ts=7
P2, tp=7, ts=7
P2, tp=7, ts=7
P0, tp=7, ts=7
P2, tp=7, ts=7
P3, tp=7, ts=7, x0=88988497
P3, tp=7, ts=7, x0=156359488
P3, tp=7, ts=7, x0=7242916
P1, tp=7, ts=7, x0=136918708, x1=74624411
P0, tp=7, ts=7
P2, tp=7, ts=7
P0, tp=7, ts=7
P1, tp=7, ts=7, x0=365942047, x1=177186927
P1, tp=7, ts=7, x0=334199285, x1=982080583
P1, tp=7, ts=7, x0=152111715, x1=407639747
P0, tp=7, ts=7
P0, tp=7, ts=7
P1, tp=7, ts=7, x0=623394804, x1=454311334
P1, tp=7, ts=7, x0=177186927, x1=136252704
P1, tp=7, ts=7, x0=26454236, x1=224906571
P0, tp=7, ts=7
P0, tp=7, ts=7
P2, tp=7, ts=7
P0, tp=7, ts=7
P0, tp=7, ts=7
P1, tp=7, ts=7, x0=213655767, x1=782588046
P2, tp=7, ts=7
P1, tp=7, ts=7, x0=886671045, x1=525876842
P1, tp=7, ts=7, x0=967373649, x1=525876842
P0, tp=7, ts=7
P0, tp=7, ts=7
P2, tp=7, ts=7
P1, tp=7, ts=7, x0=251136611, x1=411428405
P0, tp=7, ts=7
P0, tp=7, ts=7
P0, tp=7, ts=7
P0, tp=7, ts=7
P3, tp=7, ts=7, x0=218292555
P2, tp=7, ts=7
P2, tp=7, ts=7
P0, tp=7, ts=7
P2, tp=7, ts=7
P1, tp=7, ts=7, x0=43237217, x1=923048838
P0, tp=7, ts=7
P0, tp=7, ts=7
P2, tp=7, ts=7
P2, tp=7, ts=7
P2, tp=7, ts=7
P1, tp=7, ts=7, x0=501684859, x1=615745028
P2, tp=7, ts=7
P1, tp=7, ts=7, x0=454311334, x1=459378328
P0, tp=7, ts=7
P1, tp=7, ts=7, x0=251136611, x1=806218387
P3, tp=7, ts=7, x0=88988497
P3, tp=7, ts=7, x0=654874248
P0, tp=7, ts=7
P2, tp=7, ts=7
P1, tp=7, ts=7, x0=61958117, x1=767889452
P1, tp=7, ts=7, x0=353048448, x1=177186927
P0, tp=7, ts=7
P0, tp=7, ts=7
P2, tp=7, ts=7
P0, tp=7, ts=7
P0, tp=7, ts=7
P0, tp=7, ts=7
P3, tp=7, ts=7, x0=252022855
P3, tp=7, ts=7, x0=339497191
P1, tp=7, ts=7, x0=107111693, x1=136252704
P0, tp=7, ts=7
P0, tp=7, ts=7
P3, tp=7, ts=7, x0=226466265
P3, tp=7, ts=7, x0=70844238
P0, tp=7, ts=7
P1, tp=7, ts=7, x0=886671045, x1=709641777
P0, tp=7, ts=7
P1, tp=7, ts=7, x0=559577864, x1=506607601
P0, tp=7, ts=7
P2, tp=7, ts=7
P0, tp=7, ts=7
P0, tp=7, ts=7
P2, tp=7, ts=7
P3, tp=7, ts=7, x0=334199285
P2, tp=7, ts=7
P2, tp=7, ts=7
P3, tp=7, ts=7, x0=817047335
P0, tp=7, ts=7
P2, tp=7, ts=7
P2, tp=7, ts=7
P0, tp=7, ts=7
P0, tp=7, ts=7
P2, tp=7, ts=7
P0, tp=7, ts=7
P1, tp=7, ts=7, x0=997403862, x1=353048448
P0, tp=7, ts=7
P1, tp=7, ts=7, x0=603797089, x1=688569762
P2, tp=7, ts=7
P1, tp=7, ts=7, x0=316521978, x1=817047335
P3, tp=7, ts=7, x0=875745578
P3, tp=7, ts=7, x0=875745578
P1, tp=7, ts=7, x0=789142657, x1=525273246
P0, tp=7, ts=7
P2, tp=7, ts=7
P1, tp=7, ts=7, x0=133569080, x1=575821514
P2, tp=7, ts=7
P2, tp=7, ts=7
P0, tp=7, ts=7
P2, tp=7, ts=7
P2, tp=7, ts=7
P2, tp=7, ts=7
P2, tp=7, ts=7
P3, tp=7, ts=7, x0=251136611
P3, tp=7, ts=7, x0=61958117
P0, tp=7, ts=7
P0, tp=7, ts=7
P0, tp=7, ts=7
P3, tp=7, ts=7, x0=177186927
P2, tp=7, ts=7
P0, tp=7, ts=7
P0, tp=7, ts=7
P1, tp=7, ts=7, x0=407639747, x1=74624411
P2, tp=7, ts=7
P3, tp=7, ts=7, x0=871415145
P2, tp=7, ts=7
P2, tp=7, ts=7
P3, tp=7, ts=7, x0=817047335
P3, tp=7, ts=7, x0=147778092
P3, tp=7, ts=7, x0=224906571
P2, tp=7, ts=7
P0, tp=7, ts=7
P3, tp=7, ts=7, x0=967373649
P3, tp=7, ts=7, x0=768747209
P0, tp=7, ts=7
P1, tp=7, ts=7, x0=915035320, x1=981720470
P0, tp=7, ts=7
P2, tp=7, ts=7
P3, tp=7, ts=7, x0=155967104
P0, tp=7, ts=7
P3, tp=7, ts=7, x0=217165976
P0, tp=7, ts=7
P0, tp=7, ts=7
P1, tp=7, ts=7, x0=275897331, x1=177186927
P1, tp=7, ts=7, x0=1641114, x1=334199285
P2, tp=7, ts=7
P1, tp=7, ts=7, x0=135667386, x1=136918708
P2, tp=7, ts=7
P2, tp=7, ts=7
P2, tp=7, ts=7
P3, tp=7, ts=7, x0=904188454
P0, tp=7, ts=7
P2, tp=8, ts=8
P0, tp=8, ts=8
P3, tp=8, ts=8, x0=364297204
P1, tp=8, ts=8, x0=693030564, x1=459378328
P3, tp=8, ts=8, x0=339497191
P2, tp=8, ts=8
P0, tp=8, ts=8
P3, tp=8, ts=8, x0=693030564
P3, tp=8, ts=8, x0=411428405
P2, tp=8, ts=8
P1, tp=8, ts=8, x0=226466265, x1=446162547
P0, tp=8, ts=8
P0, tp=8, ts=8
P3, tp=8, ts=8, x0=693030564
P3, tp=8, ts=8, x0=465994483
P1, tp=8, ts=8, x0=254649224, x1=378025987
P2, tp=8, ts=8
P1, tp=8, ts=8, x0=623394804, x1=282094763
P0, tp=8, ts=8
P1, tp=8, ts=8, x0=252022855, x1=736230287
P1, tp=8, ts=8, x0=334199285, x1=736230287
P2, tp=8, ts=8
P0, tp=8, ts=8
P0, tp=8, ts=8
P1, tp=8, ts=8, x0=9458546, x1=107111693
P1, tp=8, ts=8, x0=736230287, x1=470452467
P2, tp=8, ts=8
P2, tp=8, ts=8
P1, tp=8, ts=8, x0=997403862, x1=886671045
P0, tp=8, ts=8
P1, tp=8, ts=8, x0=654874248, x1=43237217
P0, tp=8, ts=8
P2, tp=8, ts=8
P0, tp=8, ts=8
P1, tp=8, ts=8, x0=339497191, x1=936007018
P2, tp=8, ts=8
P0, tp=8, ts=8
P3, tp=8, ts=8, x0=133569080
P2, tp=8, ts=8
P2, tp=8, ts=8
P0, tp=8, ts=8
P2, tp=8, ts=8
P2, tp=8, ts=8
P0, tp=8, ts=8
P0, tp=8, ts=8
P1, tp=8, ts=8, x0=411428405, x1=795788526
P0, tp=8, ts=8
P3, tp=8, ts=8, x0=625476605
P2, tp=8, ts=8
P1, tp=8, ts=8, x0=334199285, x1=513647090
P2, tp=8, ts=8
P3, tp=8, ts=8, x0=575821514
P1, tp=8, ts=8, x0=767889452, x1=470452467
P0, tp=8, ts=8
P1, tp=8, ts=8, x0=981720470, x1=557929790
P2, tp=8, ts=8
P3, tp=8, ts=8, x0=793955134
P0, tp=8, ts=8
P2, tp=8, ts=8
P1, tp=8, ts=8, x0=736230287, x1=218292555
P0, tp=8, ts=8
P2, tp=8, ts=8
P0, tp=8, ts=8
P0, tp=8, ts=8
P3, tp=8, ts=8, x0=128228522
P0, tp=8, ts=8
P3, tp=8, ts=8, x0=136252704
P1, tp=8, ts=8, x0=446162547, x1=218292555
P0, tp=8, ts=8
P2, tp=8, ts=8
P2, tp=8, ts=8
P0, tp=8, ts=8
P1, tp=8, ts=8, x0=152907210, x1=525273246
P3, tp=8, ts=8, x0=135667386
P1, tp=8, ts=8, x0=893893293, x1=688569762
P0, tp=8, ts=8
P3, tp=8, ts=8, x0=997403862
P1, tp=8, ts=8, x0=505708687, x1=454311334
P1, tp=8, ts=8, x0=254649224, x1=990229554
P1, tp=8, ts=8, x0=135667386, x1=795788526
P0, tp=8, ts=8
P3, tp=8, ts=8, x0=789142657
P2, tp=8, ts=8
P1, tp=8, ts=8, x0=213655767, x1=61958117
P1, tp=8, ts=8, x0=334199285, x1=617109892
P3, tp=8, ts=8, x0=9458546
P0, tp=8, ts=8
P2, tp=8, ts=8
P1, tp=8, ts=8, x0=88988497, x1=904188454
P2, tp=8, ts=8
P1, tp=8, ts=8, x0=904188454, x1=557929790
P1, tp=8, ts=8, x0=136252704, x1=177186927
P2, tp=8, ts=8
P2, tp=8, ts=8
P2, tp=8, ts=8
P0, tp=8, ts=8
P1, tp=8, ts=8, x0=7242916, x1=550284623
P0, tp=8, ts=8
P1, tp=8, ts=8, x0=411428405, x1=218292555
P0, tp=8, ts=8
P3, tp=8, ts=8, x0=446162547
P3, tp=8, ts=8, x0=626788532
P3, tp=8, ts=8, x0=465994483
P0, tp=8, ts=8
P0, tp=8, ts=8
P1, tp=8, ts=8, x0=152907210, x1=806218387
P1, tp=8, ts=8, x0=440736764, x1=392432443
P3, tp=8, ts=8, x0=981720470
P0, tp=8, ts=8
P3, tp=8, ts=8, x0=470452467
P2, tp=8, ts=8
P0, tp=8, ts=8
P3, tp=8, ts=8, x0=651352390
P0, tp=8, ts=8
P1, tp=8, ts=8, x0=761806304, x1=997403862
P1, tp=8, ts=8, x0=334636178, x1=764925690
P1, tp=8, ts=8, x0=513647090, x1=446162547
P1, tp=8, ts=8, x0=344440560, x1=316521978
P3, tp=8, ts=8, x0=470452467
P0, tp=8, ts=8
P1, tp=8, ts=8, x0=702625064, x1=133569080
P2, tp=8, ts=8
P0, tp=8, ts=8
P3, tp=8, ts=8, x0=344440560
P1, tp=8, ts=8, x0=407639747, x1=623394804
P3, tp=8, ts=8, x0=107111693
P3, tp=8, ts=8, x0=155967104
P2, tp=8, ts=8
P3, tp=8, ts=8, x0=935501997
P2, tp=8, ts=8
P1, tp=8, ts=8, x0=429994021, x1=702625064
P0, tp=8, ts=8
P0, tp=8, ts=8
P0, tp=8, ts=8
P2, tp=8, ts=8
P2, tp=8, ts=8
P2, tp=8, ts=8
P0, tp=8, ts=8
P0, tp=8, ts=8
P2, tp=8, ts=8
P2, tp=8, ts=8
P1, tp=8, ts=8, x0=595369293, x1=128228522
P0, tp=8, ts=8
P2, tp=8, ts=8
P1, tp=8, ts=8, x0=7242916, x1=893893293
P1, tp=8, ts=8, x0=764925690, x1=8537553
P0, tp=8, ts=8
P1, tp=8, ts=8, x0=61958117, x1=693030564
P3, tp=8, ts=8, x0=702625064
P2, tp=8, ts=8
P0, tp=8, ts=8
P0, tp=8, ts=8
P1, tp=8, ts=8, x0=990229554, x1=904188454
P3, tp=8, ts=8, x0=135667386
P1, tp=8, ts=8, x0=702625064, x1=283024524
P1, tp=8, ts=8, x0=61958117, x1=9458546
P1, tp=8, ts=8, x0=218292555, x1=144399779
P2, tp=8, ts=8
P3, tp=8, ts=8, x0=981720470
P2, tp=8, ts=8
P0, tp=8, ts=8
P3, tp=8, ts=8, x0=224906571
P3, tp=8, ts=8, x0=967373649
P1, tp=8, ts=8, x0=8537553, x1=525273246
P0, tp=8, ts=8
P3, tp=8, ts=8, x0=525273246
P3, tp=8, ts=8, x0=136252704
P3, tp=8, ts=8, x0=886671045
P1, tp=8, ts=8, x0=316521978, x1=559577864
P1, tp=8, ts=8, x0=23511654, x1=623394804
P0, tp=8, ts=8
P2, tp=8, ts=8
P2, tp=8, ts=8
P3, tp=8, ts=8, x0=440736764
P1, tp=8, ts=8, x0=107111693, x1=897285471
P3, tp=8, ts=8, x0=989450625
P1, tp=8, ts=8, x0=70844238, x1=615745028
P0, tp=8, ts=8
P3, tp=8, ts=8, x0=575821514
P1, tp=8, ts=8, x0=761806304, x1=446162547
P1, tp=8, ts=8, x0=316521978, x1=217165976
P1, tp=8, ts=8, x0=501684859, x1=440736764
P1, tp=8, ts=8, x0=170124953, x1=252022855
P0, tp=8, ts=8
P2, tp=8, ts=8
P1, tp=8, ts=8, x0=407639747, x1=316521978
P3, tp=8, ts=8, x0=440736764
P1, tp=8, ts=8, x0=429994021, x1=501684859
P0, tp=8, ts=8
P2, tp=8, ts=8
P1, tp=8, ts=8, x0=989450625, x1=217165976
P3, tp=8, ts=8, x0=642378428
P3, tp=8, ts=8, x0=283024524
P3, tp=8, ts=8, x0=875745578
P3, tp=8, ts=8, x0=133569080
P3, tp=8, ts=8, x0=339497191
P2, tp=8, ts=8
P0, tp=8, ts=8
P1, tp=8, ts=8, x0=501684859, x1=1641114
P1, tp=8, ts=8, x0=181739991, x1=768747209
P0, tp=8, ts=8
P3, tp=8, ts=8, x0=454311334
P0, tp=8, ts=8
P2, tp=8, ts=8
P3, tp=8, ts=8, x0=181739991
P2, tp=8, ts=8
P2, tp=8, ts=8
P3, tp=8, ts=8, x0=793955134
P3, tp=8, ts=8, x0=23511654
P1, tp=8, ts=8, x0=483598698, x1=407639747
P1, tp=8, ts=8, x0=789142657, x1=156359488
P1, tp=8, ts=8, x0=254649224, x1=392432443
P1, tp=8, ts=8, x0=282094763, x1=392432443
P2, tp=8, ts=8
P3, tp=8, ts=8, x0=897285471
P0, tp=8, ts=8
P0, tp=8, ts=8
P0, tp=8, ts=8
P3, tp=8, ts=8, x0=43237217
P1, tp=8, ts=8, x0=935501997, x1=736203974
P1, tp=8, ts=8, x0=70844238, x1=454311334
P0, tp=8, ts=8
P2, tp=8, ts=8
P1, tp=8, ts=8, x0=651352390, x1=789142657
P1, tp=8, ts=8, x0=282094763, x1=591602694
P0, tp=8, ts=8
P3, tp=8, ts=8, x0=392432443
P3, tp=8, ts=8, x0=983436499
P0, tp=8, ts=8
P0, tp=8, ts=8
P3, tp=8, ts=8, x0=217165976
P1, tp=8, ts=8, x0=997403862, x1=392432443
P2, tp=8, ts=8
P2, tp=8, ts=8
P0, tp=8, ts=8
P0, tp=8, ts=8
P2, tp=8, ts=8
P0, tp=8, ts=8
P3, tp=8, ts=8, x0=155967104
P3, tp=8, ts=8, x0=452790618
P3, tp=8, ts=8, x0=74624411
P2, tp=8, ts=8
P1, tp=8, ts=8, x0=57653800, x1=654874248
P0, tp=8, ts=8
P0, tp=8, ts=8
P1, tp=8, ts=8, x0=924324086, x1=316521978
P1, tp=8, ts=8, x0=459378328, x1=407639747
P2, tp=8, ts=8
P2, tp=8, ts=8
P1, tp=8, ts=8, x0=224906571, x1=764925690
P0, tp=8, ts=8
P2, tp=8, ts=8
P3, tp=8, ts=8, x0=155967104
P3, tp=8, ts=8, x0=431414394
P0, tp=8, ts=8
P3, tp=8, ts=8, x0=4169698
P1, tp=8, ts=8, x0=70844238, x1=617109892
P3, tp=8, ts=8, x0=479414963
P3, tp=8, ts=8, x0=642378428
P2, tp=8, ts=8
P1, tp=8, ts=8, x0=806218387, x1=557929790
P0, tp=8, ts=8
P0, tp=8, ts=8
P3, tp=8, ts=8, x0=106778167
P3, tp=8, ts=8, x0=4169698
P1, tp=8, ts=8, x0=923048838, x1=275897331
P2, tp=8, ts=8
P2, tp=8, ts=8
P2, tp=8, ts=8
P2, tp=8, ts=8
P2, tp=8, ts=8
P1, tp=8, ts=8, x0=316521978, x1=144399779
P3, tp=8, ts=8, x0=709641777
P1, tp=8, ts=8, x0=217165976, x1=548419584
P1, tp=8, ts=8, x0=608500021, x1=177186927
P0, tp=8, ts=8
P0, tp=8, ts=8
P1, tp=8, ts=8, x0=625476605, x1=399355728
P2, tp=8, ts=8
P1, tp=8, ts=8, x0=282094763, x1=626788532
P1, tp=8, ts=8, x0=591602694, x1=155967104
P2, tp=8, ts=8
P1, tp=8, ts=8, x0=559577864, x1=136252704
P3, tp=8, ts=8, x0=392432443
P1, tp=8, ts=8, x0=311077215, x1=218292555
P1, tp=8, ts=8, x0=226466265, x1=654874248
P2, tp=8, ts=8
P0, tp=8, ts=8
P1, tp=8, ts=8, x0=353048448, x1=4169698
P1, tp=8, ts=8, x0=924324086, x1=559577864
P1, tp=8, ts=8, x0=981720470, x1=459378328
P1, tp=8, ts=8, x0=575821514, x1=177186927
P3, tp=8, ts=8, x0=571619243
P3, tp=8, ts=8, x0=392432443
P1, tp=8, ts=8, x0=70844238, x1=136252704
P0, tp=8, ts=8
P1, tp=8, ts=8, x0=128228522, x1=218292555
P0, tp=8, ts=8
P2, tp=8, ts=8
P3, tp=8, ts=8, x0=981720470
P3, tp=8, ts=8, x0=144104258
P0, tp=8, ts=8
P2, tp=8, ts=8
P1, tp=8, ts=8, x0=152907210, x1=440736764
P0, tp=8, ts=8
P0, tp=8, ts=8
P1, tp=8, ts=8, x0=440736764, x1=135667386
P2, tp=8, ts=8
P0, tp=8, ts=8
P0, tp=8, ts=8
P3, tp=8, ts=8, x0=26454236
P1, tp=8, ts=8, x0=915035320, x1=26454236
P2, tp=8, ts=8
P0, tp=8, ts=8
P0, tp=8, ts=8
P3, tp=8, ts=8, x0=989450625
P3, tp=8, ts=8, x0=7242916
P2, tp=8, ts=8
P0, tp=8, ts=8
P3, tp=8, ts=8, x0=617109892
P0, tp=8, ts=8
P2, tp=8, ts=8
P3, tp=8, ts=8, x0=613979073
P1, tp=8, ts=8, x0=334636178, x1=501684859
P1, tp=8, ts=8, x0=575821514, x1=392432443
P0, tp=8, ts=8
P0, tp=8, ts=8
P2, tp=8, ts=8
P0, tp=8, ts=8
P1, tp=8, ts=8, x0=608500021, x1=440736764
P3, tp=8, ts=8, x0=571619243
P1, tp=8, ts=8, x0=392432443, x1=548419584
P2, tp=8, ts=8
P2, tp=8, ts=8
P2, tp=8, ts=8
P2, tp=8, ts=8
P3, tp=8, ts=8, x0=626788532
P1, tp=8, ts=8, x0=500383292, x1=915035320
P1, tp=8, ts=8, x0=106778167, x1=626788532
P3, tp=8, ts=8, x0=74624411
P3, tp=8, ts=8, x0=470452467
P0, tp=8, ts=8
P0, tp=8, ts=8
P3, tp=8, ts=8, x0=155967104
P2, tp=8, ts=8
P0, tp=8, ts=8
P0, tp=8, ts=8
P2, tp=8, ts=8
P1, tp=8, ts=8, x0=57653800, x1=152907210
P3, tp=8, ts=8, x0=107111693
P2, tp=8, ts=8
P0, tp=8, ts=8
P0, tp=8, ts=8
P0, tp=8, ts=8
P3, tp=8, ts=8, x0=399355728
P3, tp=8, ts=8, x0=693030564
P2, tp=8, ts=8
P0, tp=8, ts=8
P3, tp=8, ts=8, x0=365942047
P3, tp=8, ts=8, x0=626788532
P1, tp=8, ts=8, x0=135667386, x1=767889452
P2, tp=8, ts=8
P2, tp=8, ts=8
P3, tp=8, ts=8, x0=575821514
P2, tp=8, ts=8
P3, tp=8, ts=8, x0=465994483
P3, tp=8, ts=8, x0=559577864
P1, tp=8, ts=8, x0=535143151, x1=470452467
P2, tp=8, ts=8
P0, tp=8, ts=8
P0, tp=8, ts=8
P3, tp=8, ts=8, x0=8537553
P2, tp=8, ts=8
P3, tp=8, ts=8, x0=923048838
P1, tp=8, ts=8, x0=411428405, x1=702625064
P0, tp=8, ts=8
P2, tp=8, ts=8
P2, tp=8, ts=8
P2, tp=8, ts=8
P0, tp=8, ts=8
P1, tp=8, ts=8, x0=530343416, x1=981720470
P1, tp=8, ts=8, x0=7242916, x1=155967104
P2, tp=8, ts=8
P3, tp=8, ts=8, x0=365942047
P1, tp=8, ts=8, x0=283024524, x1=459192419
P0, tp=8, ts=8
P0, tp=8, ts=8
P1, tp=8, ts=8, x0=43237217, x1=316521978
P0, tp=8, ts=8
P1, tp=8, ts=8, x0=459192419, x1=407639747
P3, tp=8, ts=8, x0=990081632
P2, tp=8, ts=8
P0, tp=8, ts=8
P2, tp=8, ts=8
P1, tp=8, ts=8, x0=470452467, x1=642378428
P1, tp=8, ts=8, x0=506607601, x1=483598698
P2, tp=8, ts=8
P3, tp=8, ts=8, x0=736203974
P2, tp=8, ts=8
P2, tp=8, ts=8
P2, tp=8, ts=8
P2, tp=8, ts=8
P3, tp=8, ts=8, x0=399355728
P1, tp=8, ts=8, x0=344440560, x1=128228522
P0, tp=8, ts=8
P0, tp=8, ts=8
P2, tp=8, ts=8
P3, tp=8, ts=8, x0=43237217
P0, tp=8, ts=8
P2, tp=8, ts=8
P1, tp=8, ts=8, x0=893893293, x1=989450625
P2, tp=8, ts=8
P0, tp=8, ts=8
P3, tp=8, ts=8, x0=26454236
P2, tp=8, ts=8
P1, tp=8, ts=8, x0=7242916, x1=365942047
P1, tp=8, ts=8, x0=990081632, x1=432064988
P1, tp=8, ts=8, x0=316521978, x1=74624411
P3, tp=8, ts=8, x0=26454236
P1, tp=8, ts=8, x0=595369293, x1=400188003
P3, tp=8, ts=8, x0=479414963
P0, tp=8, ts=8
P2, tp=8, ts=8
P3, tp=8, ts=8, x0=152907210
P3, tp=8, ts=8, x0=311077215
P3, tp=8, ts=8, x0=506607601
P3, tp=8, ts=8, x0=693030564
P0, tp=8, ts=8
P1, tp=8, ts=8, x0=936007018, x1=924324086
P2, tp=8, ts=8
P2, tp=8, ts=8
P1, tp=8, ts=8, x0=283024524, x1=935501997
P0, tp=8, ts=8
P2, tp=8, ts=8
P3, tp=8, ts=8, x0=761806304
P1, tp=8, ts=8, x0=501684859, x1=893893293
P1, tp=8, ts=8, x0=43237217, x1=133569080
P2, tp=8, ts=8
P1, tp=8, ts=8, x0=595369293, x1=185292178
P0, tp=8, ts=8
P1, tp=8, ts=8, x0=924324086, x1=267627622
P0, tp=8, ts=8
P3, tp=8, ts=8, x0=1641114
P2, tp=8, ts=8
P2, tp=8, ts=8
P0, tp=8, ts=8
P2, tp=8, ts=8
P2, tp=8, ts=8
P3, tp=8, ts=8, x0=311077215
P1, tp=8, ts=8, x0=152907210, x1=431414394
P2, tp=8, ts=8
P2, tp=8, ts=8
P3, tp=8, ts=8, x0=247600319
P2, tp=8, ts=8
P0, tp=8, ts=8
P3, tp=8, ts=8, x0=245009023
P1, tp=8, ts=8, x0=283024524, x1=429994021
P0, tp=8, ts=8
P0, tp=8, ts=8
P0, tp=8, ts=8
P0, tp=8, ts=8
P3, tp=8, ts=8, x0=411428405
P0, tp=8, ts=8
P1, tp=8, ts=8, x0=935501997, x1=334199285
P2, tp=8, ts=8
P1, tp=8, ts=8, x0=479414963, x1=923048838
P3, tp=8, ts=8, x0=133165140
P1, tp=8, ts=8, x0=904188454, x1=789142657
P3, tp=8, ts=8, x0=156359488
P1, tp=8, ts=8, x0=981720470, x1=245009023
P2, tp=8, ts=8
P1, tp=8, ts=8, x0=23511654, x1=904188454
P0, tp=8, ts=8
P0, tp=8, ts=8
P3, tp=8, ts=8, x0=886671045
P2, tp=8, ts=8
P1, tp=8, ts=8, x0=479414963, x1=923048838
P0, tp=8, ts=8
P0, tp=8, ts=8
P0, tp=8, ts=8
P3, tp=8, ts=8, x0=608500021
P3, tp=8, ts=8, x0=90521981
P2, tp=8, ts=8
P1, tp=8, ts=8, x0=897285471, x1=923048838
P1, tp=8, ts=8, x0=267627622, x1=625476605
P0, tp=8, ts=8
P0, tp=8, ts=8
P2, tp=8, ts=8
P2, tp=8, ts=8
P1, tp=8, ts=8, x0=467517983, x1=924324086
P3, tp=8, ts=8, x0=227503296
P2, tp=8, ts=8
P3, tp=8, ts=8, x0=411428405
P1, tp=8, ts=8, x0=736203974, x1=272933059
P3, tp=8, ts=8, x0=500383292
P1, tp=8, ts=8, x0=449880464, x1=399355728
P0, tp=8, ts=8
P0, tp=8, ts=8
P0, tp=8, ts=8
P1, tp=8, ts=8, x0=449880464, x1=465994483
P1, tp=8, ts=8, x0=185292178, x1=513647090
P1, tp=8, ts=8, x0=454311334, x1=272933059
P1, tp=8, ts=8, x0=575821514, x1=185292178
P2, tp=8, ts=8
P0, tp=8, ts=8
P3, tp=8, ts=8, x0=31950599
P1, tp=8, ts=8, x0=411428405, x1=156359488
P1, tp=8, ts=8, x0=871415145, x1=156359488
P1, tp=8, ts=8, x0=282094763, x1=462578321
P3, tp=8, ts=8, x0=192930643
P3, tp=8, ts=8, x0=247600319
P1, tp=8, ts=8, x0=605766328, x1=841125469
P0, tp=8, ts=8
P2, tp=8, ts=8
P2, tp=8, ts=8
P1, tp=8, ts=8, x0=282094763, x1=365942047
P3, tp=8, ts=8, x0=871415145
P3, tp=8, ts=8, x0=192930643
P0, tp=8, ts=8
P3, tp=8, ts=8, x0=871415145
P2, tp=8, ts=8
P1, tp=8, ts=8, x0=1641114, x1=311077215
P3, tp=8, ts=8, x0=459192419
P2, tp=8, ts=8
P1, tp=8, ts=8, x0=462578321, x1=687599720
P2, tp=8, ts=8
P3, tp=8, ts=8, x0=575645881
P2, tp=8, ts=8
P2, tp=8, ts=8
P0, tp=8, ts=8
P3, tp=8, ts=8, x0=465994483
P3, tp=8, ts=8, x0=608500021
P3, tp=8, ts=8, x0=530343416
P1, tp=8, ts=8, x0=344440560, x1=571619243
P1, tp=8, ts=8, x0=462578321, x1=443786006
P2, tp=8, ts=8
P2, tp=8, ts=8
P2, tp=8, ts=8
P3, tp=8, ts=8, x0=557929790
P1, tp=8, ts=8, x0=245009023, x1=213655767
P1, tp=8, ts=8, x0=245009023, x1=1641114
P0, tp=8, ts=8
P3, tp=8, ts=8, x0=282094763
P0, tp=8, ts=8
P3, tp=8, ts=8, x0=334636178
P3, tp=8, ts=8, x0=465994483
P3, tp=8, ts=8, x0=282094763
P3, tp=8, ts=8, x0=70844238
P0, tp=8, ts=8
P0, tp=8, ts=8
P2, tp=8, ts=8
P1, tp=8, ts=8, x0=924324086, x1=871415145
P1, tp=8, ts=8, x0=156359488, x1=575821514
P2, tp=8, ts=8
P0, tp=8, ts=8
P2, tp=8, ts=8
P2, tp=8, ts=8
P0, tp=8, ts=8
P2, tp=8, ts=8
P0, tp=8, ts=8
P1, tp=8, ts=8, x0=311077215, x1=133165140
P0, tp=8, ts=8
P1, tp=8, ts=8, x0=133165140, x1=571619243
P2, tp=8, ts=8
P3, tp=8, ts=8, x0=575821514
P3, tp=8, ts=8, x0=144104258
P2, tp=8, ts=8
P1, tp=8, ts=8, x0=923048838, x1=311077215
P2, tp=8, ts=8
P3, tp=8, ts=8, x0=736203974
P1, tp=8, ts=8, x0=613979073, x1=767889452
P1, tp=8, ts=8, x0=365942047, x1=535143151
P1, tp=8, ts=8, x0=245009023, x1=106778167
P2, tp=8, ts=8
P0, tp=8, ts=8
P2, tp=8, ts=8
P1, tp=8, ts=8, x0=459192419, x1=298621315
P0, tp=8, ts=8
P1, tp=8, ts=8, x0=454311334, x1=311077215
P0, tp=8, ts=8
P1, tp=8, ts=8, x0=459192419, x1=459192419
P3, tp=8, ts=8, x0=1641114
P0, tp=8, ts=8
P0, tp=8, ts=8
P3, tp=8, ts=8, x0=530343416
P0, tp=8, ts=8
P1, tp=8, ts=8, x0=983436499, x1=344440560
P1, tp=8, ts=8, x0=156359488, x1=432064988
P1, tp=8, ts=8, x0=465994483, x1=739291160
P2, tp=8, ts=8
P0, tp=8, ts=8
P1, tp=8, ts=8, x0=465994483, x1=454311334
P0, tp=8, ts=8
P2, tp=8, ts=8
P1, tp=8, ts=8, x0=247600319, x1=227503296
P1, tp=8, ts=8, x0=591602694, x1=298621315
P0, tp=8, ts=8
P2, tp=8, ts=8
P1, tp=8, ts=8, x0=608500021, x1=566746607
P0, tp=8, ts=8
P3, tp=8, ts=8, x0=470452467
P1, tp=8, ts=8, x0=767889452, x1=871415145
P3, tp=8, ts=8, x0=736203974
P1, tp=8, ts=8, x0=344440560, x1=90521981
P0, tp=8, ts=8
P3, tp=8, ts=8, x0=871415145
P1, tp=8, ts=8, x0=734963543, x1=392432443
P1, tp=8, ts=8, x0=252022855, x1=935501997
P0, tp=8, ts=8
P2, tp=8, ts=8
P3, tp=8, ts=8, x0=535143151
P2, tp=8, ts=8
P3, tp=8, ts=8, x0=625476605
P2, tp=8, ts=8
P1, tp=8, ts=8, x0=591364332, x1=107111693
P2, tp=8, ts=8
P1, tp=8, ts=8, x0=591364332, x1=155967104
P1, tp=8, ts=8, x0=605766328, x1=709641777
P3, tp=8, ts=8, x0=185292178
P1, tp=8, ts=8, x0=736203974, x1=462578321
P1, tp=8, ts=8, x0=501684859, x1=155967104
P2, tp=8, ts=8
P1, tp=8, ts=8, x0=465994483, x1=283024524
P0, tp=8, ts=8
P2, tp=8, ts=8
P3, tp=8, ts=8, x0=566746607
P2, tp=8, ts=8
P2, tp=8, ts=8
P2, tp=8, ts=8
P1, tp=8, ts=8, x0=734963543, x1=252022855
P2, tp=8, ts=8
P1, tp=8, ts=8, x0=334199285, x1=625476605
P0, tp=8, ts=8
P3, tp=8, ts=8, x0=400188003
P3, tp=8, ts=8, x0=114064038
P3, tp=8, ts=8, x0=298621315
P0, tp=8, ts=8
P0, tp=8, ts=8
P2, tp=8, ts=8
P1, tp=8, ts=8, x0=7242916, x1=617109892
P3, tp=8, ts=8, x0=736203974
P3, tp=8, ts=8, x0=591364332
P0, tp=8, ts=8
P0, tp=8, ts=8
P0, tp=8, ts=8
P0, tp=8, ts=8
P3, tp=8, ts=8, x0=467517983
P1, tp=8, ts=8, x0=459192419, x1=70844238
P1, tp=8, ts=8, x0=764925690, x1=459378328
P3, tp=8, ts=8, x0=881401427
P1, tp=8, ts=8, x0=898365340, x1=923048838
P3, tp=8, ts=8, x0=535143151
P1, tp=8, ts=8, x0=923048838, x1=114064038
P3, tp=8, ts=8, x0=144399779
P0, tp=8, ts=8
P2, tp=8, ts=8
P1, tp=8, ts=8, x0=443786006, x1=608500021
P3, tp=8, ts=8, x0=591364332
P3, tp=8, ts=8, x0=924324086
P2, tp=8, ts=8
P0, tp=8, ts=8
P0, tp=8, ts=8
P1, tp=8, ts=8, x0=154075157, x1=272933059
P3, tp=8, ts=8, x0=739291160
P3, tp=8, ts=8, x0=734963543
P0, tp=8, ts=8
P1, tp=8, ts=8, x0=893893293, x1=192930643
P3, tp=8, ts=8, x0=465994483
P3, tp=8, ts=8, x0=454311334
P0, tp=8, ts=8
P0, tp=8, ts=8
P3, tp=8, ts=8, x0=348201101
P1, tp=8, ts=8, x0=459192419, x1=881401427
P3, tp=8, ts=8, x0=761806304
P3, tp=8, ts=8, x0=70844238
P1, tp=8, ts=8, x0=7242916, x1=70844238
P1, tp=8, ts=8, x0=185292178, x1=709641777
P1, tp=8, ts=8, x0=282094763, x1=106778167
P0, tp=8, ts=8
P2, tp=8, ts=8
P1, tp=8, ts=8, x0=530343416, x1=591364332
P2, tp=8, ts=8
P2, tp=8, ts=8
P2, tp=8, ts=8
P1, tp=8, ts=8, x0=479414963, x1=696179508
P1, tp=8, ts=8, x0=454311334, x1=185292178
P0, tp=8, ts=8
P2, tp=8, ts=8
P3, tp=8, ts=8, x0=399355728
P2, tp=8, ts=8
P2, tp=8, ts=8
P1, tp=8, ts=8, x0=23511654, x1=595369293
P0, tp=8, ts=8
P2, tp=8, ts=8
P0, tp=8, ts=8
P1, tp=8, ts=8, x0=465994483, x1=247600319
P1, tp=8, ts=8, x0=213655767, x1=348201101
P0, tp=8, ts=8
P3, tp=8, ts=8, x0=625476605
P1, tp=8, ts=8, x0=608500021, x1=154075157
P1, tp=8, ts=8, x0=736203974, x1=213655767
P0, tp=8, ts=8
P0, tp=8, ts=8
P3, tp=8, ts=8, x0=269440805
P2, tp=8, ts=8
P0, tp=8, ts=8
P0, tp=8, ts=8
P2, tp=8, ts=8
P2, tp=8, ts=8
P0, tp=8, ts=8
P0, tp=8, ts=8
P2, tp=8, ts=8
P2, tp=8, ts=8
P3, tp=8, ts=8, x0=192930643
P2, tp=8, ts=8
P0, tp=8, ts=8
P3, tp=8, ts=8, x0=90521981
P2, tp=8, ts=8
P2, tp=8, ts=8
P1, tp=8, ts=8, x0=155967104, x1=483598698
P2, tp=8, ts=8
P2, tp=8, ts=8
P0, tp=8, ts=8
P3, tp=8, ts=8, x0=170124953
P2, tp=8, ts=8
P3, tp=8, ts=8, x0=344440560
P3, tp=8, ts=8, x0=470452467
P1, tp=8, ts=8, x0=687599720, x1=467517983
P0, tp=8, ts=8
P0, tp=8, ts=8
P1, tp=8, ts=8, x0=144104258, x1=192930643
P3, tp=8, ts=8, x0=213655767
P0, tp=8, ts=8
P1, tp=8, ts=8, x0=696179508, x1=924324086
P3, tp=8, ts=8, x0=591602694
P1, tp=8, ts=8, x0=156359488, x1=739291160
P3, tp=8, ts=8, x0=467517983
P0, tp=8, ts=8
P2, tp=8, ts=8
P0, tp=8, ts=8
P2, tp=8, ts=8
P2, tp=8, ts=8
P0, tp=8, ts=8
P2, tp=8, ts=8
P2, tp=8, ts=8
P1, tp=8, ts=8, x0=462578321, x1=119435197
P3, tp=8, ts=8, x0=459192419
P1, tp=8, ts=8, x0=31950599, x1=237015335
P1, tp=8, ts=8, x0=38162545, x1=90521981
P3, tp=8, ts=8, x0=272933059
P1, tp=8, ts=8, x0=70844238, x1=201934782
P3, tp=8, ts=8, x0=530343416
P3, tp=8, ts=8, x0=181739991
P0, tp=8, ts=8
P1, tp=8, ts=8, x0=4169698, x1=70844238
P3, tp=8, ts=8, x0=764925690
P0, tp=8, ts=8
P2, tp=8, ts=8
P0, tp=8, ts=8
P1, tp=8, ts=8, x0=709641777, x1=23511654
P0, tp=8, ts=8
P0, tp=8, ts=8
P0, tp=8, ts=8
P2, tp=8, ts=8
P2, tp=8, ts=8
P2, tp=8, ts=8
P3, tp=8, ts=8, x0=300701925
P3, tp=8, ts=8, x0=711815395
P2, tp=8, ts=8
P0, tp=8, ts=8
P1, tp=8, ts=8, x0=114064038, x1=283024524
P2, tp=8, ts=8
P1, tp=8, ts=8, x0=4169698, x1=923048838
P0, tp=8, ts=8
P1, tp=8, ts=8, x0=591602694, x1=454311334
P1, tp=8, ts=8, x0=591602694, x1=575645881
P0, tp=8, ts=8
P2, tp=8, ts=8
P3, tp=8, ts=8, x0=282094763
P0, tp=8, ts=8
P3, tp=8, ts=8, x0=114543374
P3, tp=8, ts=8, x0=990081632
P2, tp=8, ts=8
P0, tp=8, ts=8
P3, tp=8, ts=8, x0=625476605
P2, tp=8, ts=8
P3, tp=8, ts=8, x0=133569080
P1, tp=8, ts=8, x0=575645881, x1=483598698
P3, tp=8, ts=8, x0=107111693
P0, tp=8, ts=8
P1, tp=8, ts=8, x0=107111693, x1=990081632
P0, tp=8, ts=8
P2, tp=8, ts=8
P1, tp=8, ts=8, x0=967373649, x1=334636178
P2, tp=8, ts=8
P3, tp=8, ts=8, x0=227503296
P3, tp=8, ts=8, x0=144399779
P0, tp=8, ts=8
P3, tp=8, ts=8, x0=443786006
P2, tp=8, ts=8
P1, tp=8, ts=8, x0=696179508, x1=625476605
P3, tp=8, ts=8, x0=898365340
P3, tp=8, ts=8, x0=247600319
P2, tp=8, ts=8
P3, tp=8, ts=8, x0=185292178
P3, tp=8, ts=8, x0=31950599
P3, tp=8, ts=8, x0=711815395
P3, tp=8, ts=8, x0=344138838
P2, tp=8, ts=8
P1, tp=8, ts=8, x0=926127956, x1=926127956
P1, tp=8, ts=8, x0=432064988, x1=595369293
P2, tp=8, ts=8
P3, tp=8, ts=8, x0=114064038
P1, tp=8, ts=8, x0=90521981, x1=90521981
P0, tp=8, ts=8
P0, tp=8, ts=8
P3, tp=8, ts=8, x0=608500021
P3, tp=8, ts=8, x0=459192419
P1, tp=8, ts=8, x0=7242916, x1=237015335
P0, tp=8, ts=8
P2, tp=8, ts=8
P1, tp=8, ts=8, x0=170124953, x1=128228522
P2, tp=8, ts=8
P1, tp=8, ts=8, x0=739291160, x1=267627622
P1, tp=8, ts=8, x0=128228522, x1=506607601
P0, tp=8, ts=8
P2, tp=8, ts=8
P0, tp=8, ts=8
P1, tp=8, ts=8, x0=334636178, x1=761806304
P3, tp=8, ts=8, x0=157547610
P0, tp=8, ts=8
P2, tp=8, ts=8
P3, tp=8, ts=8, x0=936007018
P0, tp=8, ts=8
P1, tp=8, ts=8, x0=136252704, x1=399355728
P2, tp=8, ts=8
P1, tp=8, ts=8, x0=420958464, x1=114064038
P2, tp=8, ts=8
P3, tp=8, ts=8, x0=392432443
P1, tp=8, ts=8, x0=128228522, x1=443786006
P0, tp=8, ts=8
P3, tp=8, ts=8, x0=881401427
P0, tp=8, ts=8
P1, tp=8, ts=8, x0=687599720, x1=227503296
P3, tp=8, ts=8, x0=687599720
P0, tp=8, ts=8
P2, tp=8, ts=8
P1, tp=8, ts=8, x0=613979073, x1=613979073
P0, tp=8, ts=8
P0, tp=8, ts=8
P0, tp=8, ts=8
P1, tp=8, ts=8, x0=595369293, x1=107111693
P0, tp=8, ts=8
P3, tp=8, ts=8, x0=144399779
P1, tp=8, ts=8, x0=501684859, x1=272933059
P3, tp=8, ts=8, x0=926127956
P1, tp=8, ts=8, x0=4169698, x1=245009023
P0, tp=8, ts=8
P0, tp=8, ts=8
P2, tp=8, ts=8
P0, tp=8, ts=8
P2, tp=8, ts=8
P2, tp=8, ts=8
P3, tp=8, ts=8, x0=432064988
P0, tp=8, ts=8
P2, tp=8, ts=8
P1, tp=8, ts=8, x0=133569080, x1=348201101
P0, tp=8, ts=8
P3, tp=8, ts=8, x0=613979073
P1, tp=8, ts=8, x0=608500021, x1=399355728
P3, tp=8, ts=8, x0=431414394
P1, tp=8, ts=8, x0=392432443, x1=595369293
P0, tp=8, ts=8
P3, tp=8, ts=8, x0=392432443
P1, tp=8, ts=8, x0=344138838, x1=334199285
P3, tp=8, ts=8, x0=90521981
P0, tp=8, ts=8
P3, tp=8, ts=8, x0=154075157
P1, tp=8, ts=8, x0=344440560, x1=967373649
P2, tp=8, ts=8
P0, tp=8, ts=8
P2, tp=8, ts=8
P1, tp=8, ts=8, x0=432064988, x1=399256606
P1, tp=8, ts=8, x0=711815395, x1=571619243
P0, tp=8, ts=8
P0, tp=8, ts=8
P3, tp=8, ts=8, x0=739291160
P1, tp=8, ts=8, x0=431414394, x1=893893293
P0, tp=8, ts=8
P1, tp=8, ts=8, x0=348201101, x1=227503296
P0, tp=8, ts=8
P2, tp=8, ts=8
P3, tp=8, ts=8, x0=506607601
P1, tp=8, ts=8, x0=454311334, x1=431414394
P1, tp=8, ts=8, x0=711815395, x1=605766328
P2, tp=8, ts=8
P2, tp=8, ts=8
P0, tp=8, ts=8
P2, tp=8, ts=8
P3, tp=8, ts=8, x0=506607601
P3, tp=8, ts=8, x0=107111693
P1, tp=8, ts=8, x0=155967104, x1=8537553
P0, tp=8, ts=8
P2, tp=8, ts=8
P3, tp=8, ts=8, x0=57653800
P1, tp=8, ts=8, x0=557929790, x1=399256606
P2, tp=8, ts=8
P0, tp=8, ts=8
P0, tp=8, ts=8
P0, tp=8, ts=8
P0, tp=8, ts=8
P3, tp=8, ts=8, x0=687599720
P0, tp=8, ts=8
P3, tp=8, ts=8, x0=967373649
P3, tp=8, ts=8, x0=344440560
P2, tp=8, ts=8
P0, tp=8, ts=8
P3, tp=8, ts=8, x0=904188454
P3, tp=8, ts=8, x0=608500021
P3, tp=8, ts=8, x0=420958464
P2, tp=8, ts=8
P3, tp=8, ts=8, x0=990081632
P2, tp=8, ts=8
P0, tp=8, ts=8
P1, tp=8, ts=8, x0=936007018, x1=465994483
P1, tp=8, ts=8, x0=7242916, x1=392432443
P1, tp=8, ts=8, x0=136252704, x1=144104258
P2, tp=8, ts=8
P2, tp=8, ts=8
P0, tp=8, ts=8
P2, tp=8, ts=8
P3, tp=8, ts=8, x0=897285471
P2, tp=8, ts=8
P1, tp=8, ts=8, x0=924324086, x1=283024524
P3, tp=8, ts=8, x0=154075157
P1, tp=8, ts=8, x0=432064988, x1=298621315
P3, tp=8, ts=8, x0=272933059
P2, tp=8, ts=8
P2, tp=8, ts=8
P2, tp=8, ts=8
P1, tp=8, ts=8, x0=300701925, x1=57653800
P3, tp=8, ts=8, x0=841125469
P3, tp=8, ts=8, x0=154075157
P2, tp=8, ts=8
P2, tp=8, ts=8
P1, tp=8, ts=8, x0=747068441, x1=747068441
P3, tp=8, ts=8, x0=608500021
P3, tp=8, ts=8, x0=185292178
P0, tp=8, ts=8
P1, tp=8, ts=8, x0=112895561, x1=57653800
P0, tp=8, ts=8
P0, tp=8, ts=8
P1, tp=8, ts=8, x0=595369293, x1=185292178
P0, tp=8, ts=8
P2, tp=8, ts=8
P2, tp=8, ts=8
P0, tp=8, ts=8
P3, tp=8, ts=8, x0=154075157
P0, tp=8, ts=8
P2, tp=8, ts=8
P2, tp=8, ts=8
P2, tp=8, ts=8
P2, tp=8, ts=8
P2, tp=8, ts=8
P2, tp=8, ts=8
P2, tp=8, ts=8
P3, tp=8, ts=8, x0=334199285
P2, tp=8, ts=8
P3, tp=8, ts=8, x0=462578321
P2, tp=8, ts=8
P3, tp=8, ts=8, x0=272933059
P0, tp=8, ts=8
P3, tp=8, ts=8, x0=399256606
P0, tp=8, ts=8
P0, tp=8, ts=8
P2, tp=8, ts=8
P2, tp=8, ts=8
P3, tp=8, ts=8, x0=767889452
P1, tp=8, ts=8, x0=897285471, x1=283024524
P2, tp=8, ts=8
P1, tp=8, ts=8, x0=465994483, x1=107111693
P0, tp=8, ts=8
P3, tp=8, ts=8, x0=734963543
P0, tp=8, ts=8
P0, tp=8, ts=8
P2, tp=8, ts=8
P2, tp=8, ts=8
P1, tp=8, ts=8, x0=300701925, x1=557929790
P0, tp=8, ts=8
P2, tp=8, ts=8
P3, tp=8, ts=8, x0=245009023
P3, tp=8, ts=8, x0=107111693
P3, tp=8, ts=8, x0=935501997
P1, tp=8, ts=8, x0=747068441, x1=605766328
P0, tp=8, ts=8
P0, tp=8, ts=8
P0, tp=8, ts=8
P3, tp=8, ts=8, x0=575645881
P2, tp=8, ts=8
P0, tp=8, ts=8
P3, tp=9, ts=9, x0=467517983
P1, tp=9, ts=9, x0=133165140, x1=283024524
P0, tp=9, ts=9
P2, tp=9, ts=9
P0, tp=9, ts=9
P2, tp=9, ts=9
P2, tp=9, ts=9
P0, tp=9, ts=9
P1, tp=9, ts=9, x0=144399779, x1=38162545
P1, tp=9, ts=9, x0=967373649, x1=605766328
P0, tp=9, ts=9
P3, tp=9, ts=9, x0=479414963
P2, tp=9, ts=9
P2, tp=9, ts=9
P3, tp=9, ts=9, x0=144104258
P3, tp=9, ts=9, x0=893893293
P0, tp=9, ts=9
P1, tp=9, ts=9, x0=112895561, x1=23511654
P0, tp=9, ts=9
P2, tp=9, ts=9
P1, tp=9, ts=9, x0=114064038, x1=452790618
P0, tp=9, ts=9
P2, tp=9, ts=9
P1, tp=9, ts=9, x0=300701925, x1=548419584
P0, tp=9, ts=9
P2, tp=9, ts=9
P2, tp=9, ts=9
P0, tp=9, ts=9
P2, tp=9, ts=9
P0, tp=9, ts=9
P3, tp=9, ts=9, x0=317625599
P2, tp=9, ts=9
P2, tp=9, ts=9
P0, tp=9, ts=9
P2, tp=9, ts=9
P1, tp=9, ts=9, x0=893893293, x1=114543374
P0, tp=9, ts=9
P3, tp=9, ts=9, x0=300701925
P2, tp=9, ts=9
P0, tp=9, ts=9
P2, tp=9, ts=9
P1, tp=9, ts=9, x0=348970867, x1=399256606
P2, tp=9, ts=9
P1, tp=9, ts=9, x0=452790618, x1=605766328
P1, tp=9, ts=9, x0=23511654, x1=400188003
P2, tp=9, ts=9
P0, tp=9, ts=9
P2, tp=9, ts=9
P0, tp=9, ts=9
P3, tp=9, ts=9, x0=23511654
P3, tp=9, ts=9, x0=237015335
P3, tp=9, ts=9, x0=90521981
P0, tp=9, ts=9
P2, tp=9, ts=9
P3, tp=9, ts=9, x0=443786006
P0, tp=9, ts=9
P2, tp=9, ts=9
P1, tp=9, ts=9, x0=155967104, x1=924324086
P3, tp=9, ts=9, x0=311077215
P0, tp=9, ts=9
P3, tp=9, ts=9, x0=350833544
P1, tp=9, ts=9, x0=350833544, x1=300701925
P3, tp=9, ts=9, x0=144399779
P1, tp=9, ts=9, x0=452790618, x1=213655767
P2, tp=9, ts=9
P0, tp=9, ts=9
P0, tp=9, ts=9
P2, tp=9, ts=9
P0, tp=9, ts=9
P3, tp=9, ts=9, x0=605766328
P3, tp=9, ts=9, x0=344440560
P0, tp=9, ts=9
P0, tp=9, ts=9
P3, tp=9, ts=9, x0=133569080
P2, tp=9, ts=9
P0, tp=9, ts=9
P0, tp=9, ts=9
P1, tp=9, ts=9, x0=107111693, x1=158719929
P0, tp=9, ts=9
P0, tp=9, ts=9
P3, tp=9, ts=9, x0=432064988
P1, tp=9, ts=9, x0=7717077, x1=739291160
P2, tp=9, ts=9
P2, tp=9, ts=9
P0, tp=9, ts=9
P2, tp=9, ts=9
P2, tp=9, ts=9
P3, tp=9, ts=9, x0=42634425
P0, tp=9, ts=9
P0, tp=9, ts=9
P3, tp=9, ts=9, x0=898365340
P2, tp=9, ts=9
P1, tp=9, ts=9, x0=334199285, x1=575645881
P2, tp=9, ts=9
P3, tp=9, ts=9, x0=4169698
P0, tp=9, ts=9
P3, tp=9, ts=9, x0=904188454
P1, tp=9, ts=9, x0=747068441, x1=897285471
P2, tp=9, ts=9
P3, tp=9, ts=9, x0=298621315
P1, tp=9, ts=9, x0=155967104, x1=317625599
P0, tp=9, ts=9
P2, tp=9, ts=9
P3, tp=9, ts=9, x0=449880464
P3, tp=9, ts=9, x0=755129506
P3, tp=9, ts=9, x0=133569080
P2, tp=9, ts=9
P1, tp=9, ts=9, x0=144399779, x1=881401427
P1, tp=9, ts=9, x0=967373649, x1=155967104
P0, tp=9, ts=9
P2, tp=9, ts=9
P0, tp=9, ts=9
P2, tp=9, ts=9
P2, tp=9, ts=9
P3, tp=9, ts=9, x0=158719929
P0, tp=9, ts=9
P0, tp=9, ts=9
P0, tp=9, ts=9
P3, tp=9, ts=9, x0=136252704
P2, tp=9, ts=9
P0, tp=9, ts=9
P1, tp=9, ts=9, x0=566746607, x1=7717077
P3, tp=9, ts=9, x0=465994483
P3, tp=9, ts=9, x0=990081632
P1, tp=9, ts=9, x0=90521981, x1=317625599
P2, tp=9, ts=9
P3, tp=9, ts=9, x0=764925690
P2, tp=9, ts=9
P1, tp=9, ts=9, x0=181739991, x1=90521981
P1, tp=9, ts=9, x0=684086643, x1=420958464
P1, tp=9, ts=9, x0=613979073, x1=841125469
P2, tp=9, ts=9
P3, tp=9, ts=9, x0=298621315
P3, tp=9, ts=9, x0=23511654
P1, tp=9, ts=9, x0=591602694, x1=983436499
P3, tp=9, ts=9, x0=57653800
P2, tp=9, ts=9
P1, tp=9, ts=9, x0=575645881, x1=133569080
P0, tp=9, ts=9
P0, tp=9, ts=9
P3, tp=9, ts=9, x0=128228522
P3, tp=9, ts=9, x0=90521981
P3, tp=9, ts=9, x0=300701925
P3, tp=9, ts=9, x0=936007018
P0, tp=9, ts=9
P1, tp=9, ts=9, x0=935501997, x1=893893293
P3, tp=9, ts=9, x0=42634425
P2, tp=9, ts=9
P2, tp=9, ts=9
P2, tp=9, ts=9
P0, tp=9, ts=9
P2, tp=9, ts=9
P1, tp=9, ts=9, x0=501684859, x1=684086643
P0, tp=9, ts=9
P3, tp=9, ts=9, x0=42634425
P0, tp=9, ts=9
P0, tp=9, ts=9
P1, tp=9, ts=9, x0=535143151, x1=114064038
P0, tp=9, ts=9
P1, tp=9, ts=9, x0=627375426, x1=462578321
P1, tp=9, ts=9, x0=696179508, x1=467517983
P0, tp=9, ts=9
P2, tp=9, ts=9
P2, tp=9, ts=9
P3, tp=9, ts=9, x0=575645881
P3, tp=9, ts=9, x0=192930643
P1, tp=9, ts=9, x0=990081632, x1=990081632
P3, tp=9, ts=9, x0=154075157
P1, tp=9, ts=9, x0=114543374, x1=155967104
P3, tp=9, ts=9, x0=185292178
P3, tp=9, ts=9, x0=452790618
P3, tp=9, ts=9, x0=298621315
P2, tp=9, ts=9
P0, tp=9, ts=9
P1, tp=9, ts=9, x0=956143349, x1=348970867
P3, tp=9, ts=9, x0=201934782
P1, tp=9, ts=9, x0=881401427, x1=272933059
P0, tp=9, ts=9
P3, tp=9, ts=9, x0=23511654
P3, tp=9, ts=9, x0=936007018
P2, tp=9, ts=9
P2, tp=9, ts=9
P0, tp=9, ts=9
P3, tp=9, ts=9, x0=530343416
P3, tp=9, ts=9, x0=893893293
P1, tp=9, ts=9, x0=659197931, x1=535143151
P1, tp=9, ts=9, x0=566746607, x1=821397077
P1, tp=9, ts=9, x0=617109892, x1=112895561
P0, tp=9, ts=9
P2, tp=9, ts=9
P1, tp=9, ts=9, x0=114543374, x1=904188454
P1, tp=9, ts=9, x0=714780081, x1=247600319
P3, tp=9, ts=9, x0=990081632
P2, tp=9, ts=9
P1, tp=9, ts=9, x0=267627622, x1=617109892
P2, tp=9, ts=9
P0, tp=9, ts=9
P1, tp=9, ts=9, x0=144399779, x1=272933059
P0, tp=9, ts=9
P1, tp=9, ts=9, x0=506607601, x1=501684859
P1, tp=9, ts=9, x0=747068441, x1=904188454
P2, tp=9, ts=9
P1, tp=9, ts=9, x0=227503296, x1=4169698
P0, tp=9, ts=9
P0, tp=9, ts=9
P1, tp=9, ts=9, x0=119435197, x1=119435197
P2, tp=9, ts=9
P2, tp=9, ts=9
P2, tp=9, ts=9
P1, tp=9, ts=9, x0=31950599, x1=344138838
P3, tp=9, ts=9, x0=926127956
P2, tp=9, ts=9
P1, tp=9, ts=9, x0=185292178, x1=898365340
P1, tp=9, ts=9, x0=714780081, x1=739291160
P0, tp=9, ts=9
P3, tp=9, ts=9, x0=926127956
P1, tp=9, ts=9, x0=192930643, x1=90521981
P0, tp=9, ts=9
P2, tp=9, ts=9
P1, tp=9, ts=9, x0=269440805, x1=11631640
P3, tp=9, ts=9, x0=755129506
P0, tp=9, ts=9
P3, tp=9, ts=9, x0=613979073
P2, tp=9, ts=9
P3, tp=9, ts=9, x0=42634425
P2, tp=9, ts=9
P3, tp=9, ts=9, x0=881401427
P3, tp=9, ts=9, x0=548419584
P0, tp=9, ts=9
P2, tp=9, ts=9
P1, tp=9, ts=9, x0=201934782, x1=841125469
P1, tp=9, ts=9, x0=237015335, x1=696179508
P3, tp=9, ts=9, x0=809815384
P1, tp=9, ts=9, x0=181739991, x1=673805507
P1, tp=9, ts=9, x0=38162545, x1=227503296
P3, tp=9, ts=9, x0=739291160
P1, tp=9, ts=9, x0=747068441, x1=192930643
P3, tp=9, ts=9, x0=483598698
P0, tp=9, ts=9
P2, tp=9, ts=9
P0, tp=9, ts=9
P1, tp=9, ts=9, x0=400188003, x1=898365340
P1, tp=9, ts=9, x0=144399779, x1=298621315
P2, tp=9, ts=9
P1, tp=9, ts=9, x0=761806304, x1=956143349
P3, tp=9, ts=9, x0=627375426
P2, tp=9, ts=9
P1, tp=9, ts=9, x0=623074554, x1=932614293
P1, tp=9, ts=9, x0=317625599, x1=617109892
P0, tp=9, ts=9
P2, tp=9, ts=9
P0, tp=9, ts=9
P1, tp=9, ts=9, x0=311077215, x1=897285471
P1, tp=9, ts=9, x0=467517983, x1=739291160
P1, tp=9, ts=9, x0=192930643, x1=557929790
P0, tp=9, ts=9
P1, tp=9, ts=9, x0=432064988, x1=4169698
P3, tp=9, ts=9, x0=608500021
P0, tp=9, ts=9
P3, tp=9, ts=9, x0=192930643
P3, tp=9, ts=9, x0=112895561
P3, tp=9, ts=9, x0=119435197
P2, tp=9, ts=9
P1, tp=9, ts=9, x0=755129506, x1=932614293
P1, tp=9, ts=9, x0=348970867, x1=696179508
P2, tp=9, ts=9
P1, tp=9, ts=9, x0=936007018, x1=128228522
P2, tp=9, ts=9
P2, tp=9, ts=9
P2, tp=9, ts=9
P1, tp=9, ts=9, x0=479414963, x1=841125469
P3, tp=9, ts=9, x0=444542848
P2, tp=9, ts=9
P0, tp=9, ts=9
P2, tp=9, ts=9
P1, tp=9, ts=9, x0=881401427, x1=269440805
P2, tp=9, ts=9
P1, tp=9, ts=9, x0=311077215, x1=399256606
P1, tp=9, ts=9, x0=898365340, x1=462578321
P3, tp=9, ts=9, x0=897285471
P2, tp=9, ts=9
P3, tp=9, ts=9, x0=821397077
P1, tp=9, ts=9, x0=245009023, x1=4169698
P0, tp=9, ts=9
P0, tp=9, ts=9
P2, tp=9, ts=9
P0, tp=9, ts=9
P1, tp=9, ts=9, x0=575645881, x1=548419584
P1, tp=9, ts=9, x0=821397077, x1=399256606
P3, tp=9, ts=9, x0=821397077
P2, tp=9, ts=9
P0, tp=9, ts=9
P0, tp=9, ts=9
P3, tp=9, ts=9, x0=734963543
P0, tp=9, ts=9
P1, tp=9, ts=9, x0=7717077, x1=755129506
P0, tp=9, ts=9
P3, tp=9, ts=9, x0=684086643
P3, tp=9, ts=9, x0=772985227
P3, tp=9, ts=9, x0=924324086
P1, tp=9, ts=9, x0=452790618, x1=245009023
P0, tp=9, ts=9
P0, tp=9, ts=9
P2, tp=9, ts=9
P1, tp=9, ts=9, x0=432064988, x1=764925690
P1, tp=9, ts=9, x0=344138838, x1=133165140
P1, tp=9, ts=9, x0=575645881, x1=42634425
P3, tp=9, ts=9, x0=317625599
P2, tp=9, ts=9
P3, tp=9, ts=9, x0=452790618
P2, tp=9, ts=9
P1, tp=9, ts=9, x0=710935671, x1=185292178
P0, tp=9, ts=9
P1, tp=9, ts=9, x0=418512554, x1=392432443
P1, tp=9, ts=9, x0=38162545, x1=479414963
P3, tp=9, ts=9, x0=623074554
P0, tp=9, ts=9
P3, tp=9, ts=9, x0=889426579
P0, tp=9, ts=9
P1, tp=9, ts=9, x0=114543374, x1=926127956
P0, tp=9, ts=9
P0, tp=9, ts=9
P2, tp=9, ts=9
P3, tp=9, ts=9, x0=623074554
P3, tp=9, ts=9, x0=659197931
P3, tp=9, ts=9, x0=841125469
P3, tp=9, ts=9, x0=612746923
P0, tp=9, ts=9
P0, tp=9, ts=9
P3, tp=9, ts=9, x0=158719929
P1, tp=9, ts=9, x0=761806304, x1=348201101
P2, tp=9, ts=9
P2, tp=9, ts=9
P1, tp=9, ts=9, x0=367241594, x1=566746607
P1, tp=9, ts=9, x0=367241594, x1=623074554
P1, tp=9, ts=9, x0=42634425, x1=245009023
P0, tp=9, ts=9
P2, tp=9, ts=9
P0, tp=9, ts=9
P1, tp=9, ts=9, x0=298621315, x1=462578321
P0, tp=9, ts=9
P1, tp=9, ts=9, x0=821397077, x1=443786006
P3, tp=9, ts=9, x0=747068441
P3, tp=9, ts=9, x0=990081632
P0, tp=9, ts=9
P1, tp=9, ts=9, x0=449880464, x1=154075157
P0, tp=9, ts=9
P1, tp=9, ts=9, x0=990081632, x1=449880464
P3, tp=9, ts=9, x0=92398571
P2, tp=9, ts=9
P0, tp=9, ts=9
P3, tp=9, ts=9, x0=168980624
P1, tp=9, ts=9, x0=809815384, x1=48705562
P3, tp=9, ts=9, x0=432064988
P0, tp=9, ts=9
P0, tp=9, ts=9
P0, tp=9, ts=9
P0, tp=9, ts=9
P0, tp=9, ts=9
P3, tp=9, ts=9, x0=548419584
P0, tp=9, ts=9
P0, tp=9, ts=9
P3, tp=9, ts=9, x0=187498055
P2, tp=9, ts=9
P2, tp=9, ts=9
P3, tp=9, ts=9, x0=245009023
P2, tp=9, ts=9
P0, tp=9, ts=9
P2, tp=9, ts=9
P1, tp=9, ts=9, x0=659197931, x1=747068441
P3, tp=9, ts=9, x0=483598698
P3, tp=9, ts=9, x0=608500021
P3, tp=9, ts=9, x0=696179508
P0, tp=9, ts=9
P3, tp=9, ts=9, x0=459192419
P1, tp=9, ts=9, x0=181739991, x1=734963543
P1, tp=9, ts=9, x0=218080949, x1=711815395
P0, tp=9, ts=9
P3, tp=9, ts=9, x0=687599720
P3, tp=9, ts=9, x0=500383292
P0, tp=9, ts=9
P2, tp=9, ts=9
P2, tp=9, ts=9
P0, tp=9, ts=9
P1, tp=9, ts=9, x0=400188003, x1=237015335
P0, tp=9, ts=9
P0, tp=9, ts=9
P0, tp=9, ts=9
P3, tp=9, ts=9, x0=4169698
P1, tp=9, ts=9, x0=896711618, x1=613979073
P2, tp=9, ts=9
P1, tp=9, ts=9, x0=896711618, x1=133165140
P2, tp=9, ts=9
P3, tp=9, ts=9, x0=659197931
P3, tp=9, ts=9, x0=591602694
P2, tp=9, ts=9
P3, tp=9, ts=9, x0=740736543
P3, tp=9, ts=9, x0=370564003
P0, tp=9, ts=9
P0, tp=9, ts=9
P1, tp=9, ts=9, x0=821397077, x1=623074554
P0, tp=9, ts=9
P0, tp=9, ts=9
P1, tp=9, ts=9, x0=48705562, x1=623074554
P2, tp=9, ts=9
P0, tp=9, ts=9
P3, tp=9, ts=9, x0=431414394
P3, tp=9, ts=9, x0=332550878
P1, tp=9, ts=9, x0=348201101, x1=687599720
P0, tp=9, ts=9
P0, tp=9, ts=9
P3, tp=9, ts=9, x0=881401427
P0, tp=9, ts=9
P0, tp=9, ts=9
P2, tp=9, ts=9
P2, tp=9, ts=9
P3, tp=9, ts=9, x0=535143151
P3, tp=9, ts=9, x0=710935671
P3, tp=9, ts=9, x0=192930643
P3, tp=9, ts=9, x0=298621315
P2, tp=9, ts=9
P0, tp=9, ts=9
P3, tp=9, ts=9, x0=932614293
P0, tp=9, ts=9
P2, tp=9, ts=9
P2, tp=9, ts=9
P2, tp=9, ts=9
P3, tp=9, ts=9, x0=659197931
P2, tp=9, ts=9
P3, tp=9, ts=9, x0=739291160
P3, tp=9, ts=9, x0=616494935
P2, tp=9, ts=9
P0, tp=9, ts=9
P3, tp=9, ts=9, x0=112895561
P1, tp=9, ts=9, x0=687599720, x1=444542848
P1, tp=9, ts=9, x0=575645881, x1=317625599
P3, tp=9, ts=9, x0=185292178
P2, tp=9, ts=9
P1, tp=9, ts=9, x0=575645881, x1=932614293
P0, tp=9, ts=9
P0, tp=9, ts=9
P3, tp=9, ts=9, x0=479414963
P2, tp=9, ts=9
P1, tp=9, ts=9, x0=575645881, x1=317625599
P1, tp=9, ts=9, x0=535143151, x1=157547610
P2, tp=9, ts=9
P0, tp=9, ts=9
P2, tp=9, ts=9
P1, tp=9, ts=9, x0=418512554, x1=402776858
P3, tp=9, ts=9, x0=673805507
P1, tp=9, ts=9, x0=881401427, x1=432064988
P2, tp=9, ts=9
P0, tp=9, ts=9
P1, tp=9, ts=9, x0=728784872, x1=714780081
P0, tp=9, ts=9
P2, tp=9, ts=9
P1, tp=9, ts=9, x0=187498055, x1=612746923
P3, tp=9, ts=9, x0=616494935
P2, tp=9, ts=9
P2, tp=9, ts=9
P1, tp=9, ts=9, x0=956143349, x1=459192419
P1, tp=9, ts=9, x0=739291160, x1=420958464
P1, tp=9, ts=9, x0=881401427, x1=881401427
P0, tp=9, ts=9
P0, tp=9, ts=9
P0, tp=9, ts=9
P3, tp=9, ts=9, x0=443786006
P0, tp=9, ts=9
P0, tp=9, ts=9
P2, tp=9, ts=9
P0, tp=9, ts=9
P2, tp=9, ts=9
P3, tp=9, ts=9, x0=566746607
P1, tp=9, ts=9, x0=530343416, x1=144104258
P0, tp=9, ts=9
P0, tp=9, ts=9
P2, tp=9, ts=9
P2, tp=9, ts=9
P1, tp=9, ts=9, x0=612746923, x1=400188003
P1, tp=9, ts=9, x0=575645881, x1=613979073
P2, tp=9, ts=9
P2, tp=9, ts=9
P0, tp=9, ts=9
P1, tp=9, ts=9, x0=168980624, x1=728784872
P0, tp=9, ts=9
P2, tp=9, ts=9
P3, tp=9, ts=9, x0=92398571
P1, tp=9, ts=9, x0=480377009, x1=298621315
P0, tp=9, ts=9
P0, tp=9, ts=9
P2, tp=9, ts=9
P1, tp=9, ts=9, x0=710935671, x1=896711618
P3, tp=9, ts=9, x0=112895561
P1, tp=9, ts=9, x0=443786006, x1=714780081
P1, tp=9, ts=9, x0=370564003, x1=57653800
P2, tp=9, ts=9
P0, tp=9, ts=9
P3, tp=9, ts=9, x0=400188003
P0, tp=9, ts=9
P2, tp=9, ts=9
P2, tp=9, ts=9
P3, tp=9, ts=9, x0=443786006
P3, tp=9, ts=9, x0=530343416
P3, tp=9, ts=9, x0=48705562
P0, tp=9, ts=9
P1, tp=9, ts=9, x0=687599720, x1=158719929
P0, tp=9, ts=9
P1, tp=9, ts=9, x0=317625599, x1=480377009
P2, tp=9, ts=9
P3, tp=9, ts=9, x0=114543374
P2, tp=9, ts=9
P2, tp=9, ts=9
P3, tp=9, ts=9, x0=500383292
P2, tp=9, ts=9
P3, tp=9, ts=9, x0=267627622
P3, tp=9, ts=9, x0=467517983
P0, tp=9, ts=9
P0, tp=9, ts=9
P0, tp=9, ts=9
P3, tp=9, ts=9, x0=154075157
P0, tp=9, ts=9
P3, tp=9, ts=9, x0=714780081
P2, tp=9, ts=9
P2, tp=9, ts=9
P0, tp=9, ts=9
P2, tp=9, ts=9
P3, tp=9, ts=9, x0=431414394
P1, tp=9, ts=9, x0=201934782, x1=300701925
P3, tp=9, ts=9, x0=530343416
P2, tp=9, ts=9
P3, tp=9, ts=9, x0=399256606
P3, tp=9, ts=9, x0=31950599
P0, tp=9, ts=9
P0, tp=9, ts=9
P3, tp=9, ts=9, x0=612746923
P1, tp=9, ts=9, x0=990081632, x1=350833544
P3, tp=9, ts=9, x0=444542848
P2, tp=9, ts=9
P3, tp=9, ts=9, x0=4169698
P3, tp=9, ts=9, x0=710935671
P1, tp=9, ts=9, x0=399256606, x1=535143151
P0, tp=9, ts=9
P2, tp=9, ts=9
P3, tp=9, ts=9, x0=158719929
P3, tp=9, ts=9, x0=951706554
P2, tp=9, ts=9
P2, tp=9, ts=9
P2, tp=9, ts=9
P1, tp=9, ts=9, x0=48705562, x1=144104258
P2, tp=9, ts=9
P2, tp=9, ts=9
P0, tp=9, ts=9
P1, tp=9, ts=9, x0=605766328, x1=530343416
P1, tp=9, ts=9, x0=237015335, x1=462716944
P0, tp=9, ts=9
P2, tp=9, ts=9
P3, tp=9, ts=9, x0=462578321
P2, tp=9, ts=9
P2, tp=9, ts=9
P2, tp=9, ts=9
P0, tp=9, ts=9
P2, tp=9, ts=9
P2, tp=9, ts=9
P3, tp=9, ts=9, x0=627375426
P1, tp=9, ts=9, x0=114543374, x1=687599720
P0, tp=9, ts=9
P2, tp=9, ts=9
P0, tp=9, ts=9
P1, tp=9, ts=9, x0=990081632, x1=956143349
P1, tp=9, ts=9, x0=827760083, x1=482625750
P3, tp=9, ts=9, x0=402776858
P3, tp=9, ts=9, x0=575645881
P0, tp=9, ts=9
P0, tp=9, ts=9
P2, tp=9, ts=9
P0, tp=9, ts=9
P1, tp=9, ts=9, x0=841125469, x1=247600319
P2, tp=9, ts=9
P3, tp=9, ts=9, x0=595090153
P0, tp=9, ts=9
P0, tp=9, ts=9
P1, tp=9, ts=9, x0=218080949, x1=990081632
P0, tp=9, ts=9
P3, tp=9, ts=9, x0=881401427
P2, tp=9, ts=9
P2, tp=9, ts=9
P2, tp=9, ts=9
P0, tp=9, ts=9
P2, tp=9, ts=9
P2, tp=9, ts=9
P1, tp=9, ts=9, x0=449880464, x1=728784872
P1, tp=9, ts=9, x0=734963543, x1=348970867
P0, tp=9, ts=9
P1, tp=9, ts=9, x0=932614293, x1=612746923
P2, tp=9, ts=9
P3, tp=9, ts=9, x0=31950599
P0, tp=9, ts=9
P1, tp=9, ts=9, x0=114064038, x1=42634425
P0, tp=9, ts=9
P3, tp=9, ts=9, x0=608500021
P3, tp=9, ts=9, x0=889426579
P3, tp=9, ts=9, x0=267627622
P1, tp=9, ts=9, x0=348201101, x1=926127956
P3, tp=9, ts=9, x0=575645881
P0, tp=9, ts=9
P0, tp=9, ts=9
P0, tp=9, ts=9
P2, tp=9, ts=9
P1, tp=9, ts=9, x0=348201101, x1=185292178
P1, tp=9, ts=9, x0=467517983, x1=399355728
P3, tp=9, ts=9, x0=432064988
P2, tp=9, ts=9
P3, tp=9, ts=9, x0=163410501
P2, tp=9, ts=9
P2, tp=9, ts=9
P3, tp=9, ts=9, x0=673805507
P0, tp=9, ts=9
P1, tp=9, ts=9, x0=711815395, x1=535143151
P0, tp=9, ts=9
P0, tp=9, ts=9
P0, tp=9, ts=9
P3, tp=9, ts=9, x0=926127956
P1, tp=9, ts=9, x0=218080949, x1=896711618
P3, tp=9, ts=9, x0=157547610
P0, tp=9, ts=9
P0, tp=9, ts=9
P2, tp=9, ts=9
P3, tp=9, ts=9, x0=269440805
P2, tp=9, ts=9
P1, tp=9, ts=9, x0=443786006, x1=889426579
P0, tp=9, ts=9
P1, tp=9, ts=9, x0=158719929, x1=684086643
P3, tp=9, ts=9, x0=114064038
P2, tp=9, ts=9
P3, tp=9, ts=9, x0=399256606
P2, tp=9, ts=9
P1, tp=9, ts=9, x0=350833544, x1=317625599
P3, tp=9, ts=9, x0=237015335
P3, tp=9, ts=9, x0=420958464
P3, tp=9, ts=9, x0=932614293
P1, tp=9, ts=9, x0=344138838, x1=932614293
P0, tp=9, ts=9
P0, tp=9, ts=9
P2, tp=9, ts=9
P1, tp=9, ts=9, x0=605766328, x1=399355728
P2, tp=9, ts=9
P0, tp=9, ts=9
P1, tp=9, ts=9, x0=201934782, x1=535143151
P3, tp=9, ts=9, x0=898365340
P2, tp=9, ts=9
P2, tp=9, ts=9
P2, tp=9, ts=9
P2, tp=9, ts=9
P0, tp=9, ts=9
P2, tp=9, ts=9
P2, tp=9, ts=9
P3, tp=9, ts=9, x0=595090153
P2, tp=9, ts=9
P0, tp=9, ts=9
P2, tp=9, ts=9
P1, tp=9, ts=9, x0=163410501, x1=218080949
P3, tp=9, ts=9, x0=420958464
P2, tp=9, ts=9
P1, tp=9, ts=9, x0=881401427, x1=242093190
P0, tp=9, ts=9
P0, tp=9, ts=9
P1, tp=9, ts=9, x0=480377009, x1=354878282
P0, tp=9, ts=9
P0, tp=9, ts=9
P2, tp=9, ts=9
P0, tp=9, ts=9
P2, tp=9, ts=9
P3, tp=9, ts=9, x0=247600319
P1, tp=9, ts=9, x0=956143349, x1=687599720
P1, tp=9, ts=9, x0=237015335, x1=179274869
P3, tp=9, ts=9, x0=157547610
P2, tp=9, ts=9
P1, tp=9, ts=9, x0=443786006, x1=192930643
P3, tp=9, ts=9, x0=467517983
P0, tp=9, ts=9
P2, tp=9, ts=9
P2, tp=9, ts=9
P1, tp=9, ts=9, x0=623074554, x1=158719929
P3, tp=9, ts=9, x0=896711618
P2, tp=9, ts=9
P2, tp=9, ts=9
P1, tp=9, ts=9, x0=185292178, x1=482625750
P2, tp=9, ts=9
P1, tp=9, ts=9, x0=158719929, x1=168980624
P1, tp=9, ts=9, x0=951706554, x1=721878378
P3, tp=9, ts=9, x0=687599720
P2, tp=9, ts=9
P1, tp=9, ts=9, x0=348201101, x1=710935671
P2, tp=9, ts=9
P3, tp=9, ts=9, x0=951706554
P2, tp=9, ts=9
P3, tp=9, ts=9, x0=821397077
P1, tp=9, ts=9, x0=462578321, x1=192930643
P0, tp=9, ts=9
P3, tp=9, ts=9, x0=605766328
P1, tp=9, ts=9, x0=480377009, x1=881401427
P1, tp=9, ts=9, x0=444542848, x1=656435858
P3, tp=9, ts=9, x0=187498055
P1, tp=9, ts=9, x0=7717077, x1=739291160
P1, tp=9, ts=9, x0=482625750, x1=734963543
P2, tp=9, ts=9
P3, tp=9, ts=9, x0=734963543
P2, tp=9, ts=9
P1, tp=9, ts=9, x0=92398571, x1=896711618
P2, tp=9, ts=9
P0, tp=9, ts=9
P3, tp=9, ts=9, x0=348201101
P0, tp=9, ts=9
P1, tp=9, ts=9, x0=245009023, x1=449880464
P3, tp=9, ts=9, x0=400188003
P1, tp=9, ts=9, x0=187498055, x1=192930643
P3, tp=9, ts=9, x0=245009023
P3, tp=9, ts=9, x0=972241558
P0, tp=9, ts=9
P2, tp=9, ts=9
P1, tp=9, ts=9, x0=595090153, x1=951706554
P0, tp=9, ts=9
P3, tp=9, ts=9, x0=708633412
P3, tp=9, ts=9, x0=269440805
P3, tp=9, ts=9, x0=317625599
P2, tp=9, ts=9
P3, tp=9, ts=9, x0=187498055
P1, tp=9, ts=9, x0=31950599, x1=721878378
P1, tp=9, ts=9, x0=367241594, x1=688518772
P2, tp=9, ts=9
P1, tp=9, ts=9, x0=354878282, x1=154075157
P2, tp=9, ts=9
P1, tp=9, ts=9, x0=772985227, x1=595090153
P1, tp=9, ts=9, x0=432064988, x1=157547610
P3, tp=9, ts=9, x0=227503296
P0, tp=9, ts=9
P1, tp=9, ts=9, x0=696179508, x1=90521981
P1, tp=9, ts=9, x0=714780081, x1=530343416
P3, tp=9, ts=9, x0=612746923
P0, tp=9, ts=9
P2, tp=9, ts=9
P0, tp=9, ts=9
P0, tp=9, ts=9
P0, tp=9, ts=9
P2, tp=9, ts=9
P0, tp=9, ts=9
P1, tp=9, ts=9, x0=432064988, x1=7717077
P2, tp=9, ts=9
P1, tp=9, ts=9, x0=656435858, x1=881401427
P2, tp=9, ts=9
P1, tp=9, ts=9, x0=841125469, x1=734963543
P3, tp=9, ts=9, x0=332850846
P1, tp=9, ts=9, x0=154075157, x1=755129506
P3, tp=9, ts=9, x0=269440805
P0, tp=9, ts=9
P0, tp=9, ts=9
P1, tp=9, ts=9, x0=748052066, x1=575645881
P3, tp=9, ts=9, x0=687599720
P3, tp=9, ts=9, x0=114064038
P0, tp=9, ts=9
P1, tp=9, ts=9, x0=566746607, x1=267627622
P3, tp=9, ts=9, x0=154075157
P2, tp=9, ts=9
P2, tp=9, ts=9
P1, tp=9, ts=9, x0=687599720, x1=187498055
P0, tp=9, ts=9
P3, tp=9, ts=9, x0=673805507
P0, tp=9, ts=9
P2, tp=9, ts=9
P2, tp=9, ts=9
P2, tp=9, ts=9
P0, tp=9, ts=9
P1, tp=9, ts=9, x0=310156684, x1=114064038
P2, tp=9, ts=9
P0, tp=9, ts=9
P2, tp=9, ts=9
P2, tp=9, ts=9
P0, tp=9, ts=9
P1, tp=9, ts=9, x0=809815384, x1=721393634
P3, tp=9, ts=9, x0=747068441
P0, tp=9, ts=9
P0, tp=9, ts=9
P0, tp=9, ts=9
P2, tp=9, ts=9
P3, tp=9, ts=9, x0=827760083
P1, tp=9, ts=9, x0=898365340, x1=449880464
P1, tp=9, ts=9, x0=659197931, x1=354878282
P1, tp=9, ts=9, x0=90521981, x1=881401427
P3, tp=9, ts=9, x0=332550878
P2, tp=9, ts=9
P3, tp=9, ts=9, x0=399256606
P0, tp=9, ts=9
P1, tp=9, ts=9, x0=934400684, x1=827760083
P2, tp=9, ts=9
P2, tp=9, ts=9
P3, tp=9, ts=9, x0=443786006
P0, tp=9, ts=9
P3, tp=9, ts=9, x0=772985227
P3, tp=9, ts=9, x0=114064038
P2, tp=9, ts=9
P1, tp=9, ts=9, x0=267627622, x1=317625599
P2, tp=9, ts=9
P2, tp=9, ts=9
P0, tp=9, ts=9
P3, tp=9, ts=9, x0=344138838
P1, tp=9, ts=9, x0=66671062, x1=310156684
P3, tp=9, ts=9, x0=119435197
P0, tp=9, ts=9
P2, tp=9, ts=9
P2, tp=9, ts=9
P3, tp=9, ts=9, x0=627375426
P3, tp=9, ts=9, x0=627375426
P1, tp=9, ts=9, x0=267627622, x1=821397077
P3, tp=9, ts=9, x0=31950599
P2, tp=9, ts=9
P1, tp=9, ts=9, x0=114543374, x1=310156684
P0, tp=9, ts=9
P3, tp=9, ts=9, x0=467517983
P0, tp=9, ts=9
P3, tp=9, ts=9, x0=300701925
P2, tp=9, ts=9
P1, tp=9, ts=9, x0=367241594, x1=370564003
P0, tp=9, ts=9
P3, tp=9, ts=9, x0=664918509
P0, tp=9, ts=9
P0, tp=9, ts=9
P0, tp=9, ts=9
P0, tp=9, ts=9
P0, tp=9, ts=9
P1, tp=9, ts=9, x0=462578321, x1=866592039
P2, tp=9, ts=9
P2, tp=9, ts=9
P3, tp=9, ts=9, x0=480377009
P3, tp=9, ts=9, x0=344138838
P3, tp=9, ts=9, x0=605766328
P3, tp=9, ts=9, x0=881401427
P2, tp=9, ts=9
P0, tp=9, ts=9
P2, tp=9, ts=9
P1, tp=9, ts=9, x0=659197931, x1=711815395
P0, tp=9, ts=9
P0, tp=9, ts=9
P1, tp=9, ts=9, x0=462578321, x1=480377009
P2, tp=9, ts=9
P2, tp=9, ts=9
P1, tp=9, ts=9, x0=889426579, x1=298621315
P2, tp=9, ts=9
P2, tp=9, ts=9
P0, tp=9, ts=9
P0, tp=9, ts=9
P2, tp=9, ts=9
P0, tp=9, ts=9
P3, tp=9, ts=9, x0=168980624
P2, tp=9, ts=9
P2, tp=9, ts=9
P3, tp=9, ts=9, x0=90521981
P0, tp=9, ts=9
P1, tp=9, ts=9, x0=201934782, x1=482625750
P1, tp=9, ts=9, x0=119435197, x1=11631640
P1, tp=9, ts=9, x0=31950599, x1=566746607
P3, tp=9, ts=9, x0=201934782
P1, tp=9, ts=9, x0=218080949, x1=710935671
P3, tp=9, ts=9, x0=673805507
P1, tp=9, ts=9, x0=711815395, x1=332550878
P0, tp=9, ts=9
P3, tp=9, ts=9, x0=370564003
P1, tp=9, ts=9, x0=310156684, x1=300701925
P2, tp=9, ts=9
P1, tp=9, ts=9, x0=926127956, x1=755129506
P2, tp=9, ts=9
P1, tp=9, ts=9, x0=747068441, x1=229122669
P1, tp=9, ts=9, x0=85177655, x1=158719929
P0, tp=9, ts=9
P1, tp=9, ts=9, x0=605766328, x1=627375426
P1, tp=9, ts=9, x0=332550878, x1=673805507
P2, tp=9, ts=9
P2, tp=9, ts=9
P2, tp=9, ts=9
P2, tp=9, ts=9
P2, tp=9, ts=9
P2, tp=9, ts=9
P0, tp=9, ts=9
P3, tp=9, ts=9, x0=298621315
P3, tp=9, ts=9, x0=896711618
P1, tp=9, ts=9, x0=462578321, x1=739291160
P2, tp=9, ts=9
P2, tp=9, ts=9
P0, tp=9, ts=9
P3, tp=9, ts=9, x0=972999477
P1, tp=9, ts=9, x0=163410501, x1=566746607
P2, tp=9, ts=9
P1, tp=9, ts=9, x0=308581288, x1=218080949
P0, tp=9, ts=9
P0, tp=9, ts=9
P2, tp=9, ts=9
P2, tp=9, ts=9
P0, tp=9, ts=9
P1, tp=9, ts=9, x0=298621315, x1=926127956
P3, tp=9, ts=9, x0=728784872
P1, tp=9, ts=9, x0=443786006, x1=956143349
P0, tp=9, ts=9
P3, tp=9, ts=9, x0=269440805
P0, tp=9, ts=9
P1, tp=9, ts=9, x0=711815395, x1=841125469
P3, tp=9, ts=9, x0=42634425
P1, tp=9, ts=9, x0=711815395, x1=659197931
P0, tp=9, ts=9
P0, tp=9, ts=9
P2, tp=9, ts=9
P3, tp=9, ts=9, x0=66671062
P0, tp=9, ts=9
P0, tp=9, ts=9
P1, tp=9, ts=9, x0=242093190, x1=652736925
P2, tp=9, ts=9
P2, tp=9, ts=9
P2, tp=9, ts=9
P0, tp=9, ts=9
P0, tp=9, ts=9
P2, tp=9, ts=9
P2, tp=9, ts=9
P0, tp=9, ts=9
P2, tp=9, ts=9
P3, tp=9, ts=9, x0=482625750
P2, tp=9, ts=9
P1, tp=9, ts=9, x0=595090153, x1=831654635
P1, tp=9, ts=9, x0=179274869, x1=332550878
P0, tp=9, ts=9
P3, tp=9, ts=9, x0=449880464
P0, tp=9, ts=9
P0, tp=9, ts=9
P1, tp=9, ts=9, x0=201934782, x1=993041908
P0, tp=9, ts=9
P2, tp=9, ts=9
P1, tp=9, ts=9, x0=939342317, x1=939342317
P0, tp=9, ts=9
P0, tp=9, ts=9
P3, tp=9, ts=9, x0=114543374
P0, tp=9, ts=9
P1, tp=9, ts=9, x0=48705562, x1=687599720
P0, tp=9, ts=9
P0, tp=9, ts=9
P2, tp=9, ts=9
P3, tp=9, ts=9, x0=809815384
P2, tp=9, ts=9
P2, tp=9, ts=9
P0, tp=9, ts=9
P1, tp=9, ts=9, x0=589230931, x1=157547610
P2, tp=9, ts=9
P2, tp=9, ts=9
P3, tp=9, ts=9, x0=866592039
P2, tp=9, ts=9
P3, tp=9, ts=9, x0=710935671
P1, tp=9, ts=9, x0=841125469, x1=420958464
P1, tp=9, ts=9, x0=112895561, x1=939342317
P1, tp=9, ts=9, x0=866592039, x1=721393634
P1, tp=9, ts=9, x0=192930643, x1=673805507
P2, tp=9, ts=9
P3, tp=9, ts=9, x0=934400684
P3, tp=9, ts=9, x0=956143349
P2, tp=9, ts=9
P1, tp=9, ts=9, x0=317625599, x1=300701925
P3, tp=9, ts=9, x0=831654635
P2, tp=9, ts=9
P1, tp=9, ts=9, x0=748052066, x1=623074554
P1, tp=9, ts=9, x0=444542848, x1=344138838
P3, tp=9, ts=9, x0=48705562
P3, tp=9, ts=9, x0=402776858
P3, tp=9, ts=9, x0=708633412
P2, tp=9, ts=9
P1, tp=9, ts=9, x0=386888403, x1=747068441
P0, tp=9, ts=9
P2, tp=9, ts=9
P2, tp=9, ts=9
P3, tp=9, ts=9, x0=443786006
P1, tp=9, ts=9, x0=993041908, x1=170624020
P3, tp=9, ts=9, x0=298621315
P2, tp=9, ts=9
P0, tp=9, ts=9
P3, tp=9, ts=9, x0=308581288
P2, tp=9, ts=9
P1, tp=9, ts=9, x0=163410501, x1=623074554
P0, tp=9, ts=9
P1, tp=9, ts=9, x0=627375426, x1=721878378
P0, tp=9, ts=9
P0, tp=9, ts=9
P1, tp=9, ts=9, x0=696179508, x1=480377009
P2, tp=9, ts=9
P2, tp=9, ts=9
P0, tp=9, ts=9
P3, tp=9, ts=9, x0=806431899
P3, tp=9, ts=9, x0=332550878
P3, tp=9, ts=9, x0=298621315
P1, tp=9, ts=9, x0=926127956, x1=809815384
P1, tp=9, ts=9, x0=444542848, x1=154075157
P3, tp=9, ts=9, x0=367241594
P0, tp=9, ts=9
P1, tp=9, ts=9, x0=332550878, x1=420958464
P3, tp=9, ts=9, x0=85177655
P1, tp=9, ts=9, x0=348970867, x1=687599720
P3, tp=9, ts=9, x0=350833544
