P1, tp=0, ts=0, x0=569872521
P3, tp=0, ts=0, x0=373321178
P0, tp=0, ts=0
P1, tp=0, ts=0, x0=328515787
P1, tp=0, ts=0, x0=355617325
P2, tp=0, ts=0, x0=24488068, x1=559514287
P0, tp=0, ts=0
P1, tp=0, ts=0, x0=263078228
P1, tp=0, ts=0, x0=724120811
P1, tp=0, ts=0, x0=782304503
P3, tp=0, ts=0, x0=192577637
P0, tp=0, ts=0
P0, tp=0, ts=0
P3, tp=0, ts=0, x0=606967315
P2, tp=0, ts=0, x0=642553759, x1=790519442
P3, tp=0, ts=0, x0=81676142
P3, tp=0, ts=0, x0=943366250
P1, tp=0, ts=0, x0=485979946
P0, tp=0, ts=0
P3, tp=0, ts=0, x0=55280525
P1, tp=0, ts=0, x0=393602475
P0, tp=0, ts=0
P2, tp=0, ts=0, x0=37375084, x1=107019939
P3, tp=0, ts=0, x0=544727831
P2, tp=0, ts=0, x0=811960572, x1=196980072
P0, tp=0, ts=0
P0, tp=0, ts=0
P2, tp=0, ts=0, x0=16373219, x1=583930965
P1, tp=0, ts=0, x0=240156530
P3, tp=0, ts=0, x0=220272179
P3, tp=0, ts=0, x0=18709334
P2, tp=0, ts=0, x0=228331474, x1=973945504
P3, tp=0, ts=0, x0=382513159
P2, tp=0, ts=0, x0=118069191, x1=722268122
P3, tp=0, ts=0, x0=105778896
P2, tp=0, ts=0, x0=136297361, x1=248774096
P1, tp=0, ts=0, x0=73269769
P1, tp=0, ts=0, x0=686995935
P2, tp=0, ts=0, x0=666082975, x1=95075313
P0, tp=0, ts=0
P2, tp=0, ts=0, x0=351151922, x1=661315407
P1, tp=0, ts=0, x0=63979174
P1, tp=0, ts=0, x0=648016028
P2, tp=0, ts=0, x0=380855812, x1=912462831
P1, tp=0, ts=0, x0=919034261
P2, tp=0, ts=0, x0=543446181, x1=220762761
P0, tp=0, ts=0
P0, tp=0, ts=0
P1, tp=0, ts=0, x0=813891785
P3, tp=0, ts=0, x0=950610789
P2, tp=0, ts=0, x0=136297361, x1=642553759
P0, tp=0, ts=0
P0, tp=0, ts=0
P1, tp=0, ts=0, x0=105778896
P3, tp=0, ts=0, x0=648016028
P1, tp=0, ts=0, x0=950610789
P2, tp=0, ts=0, x0=263078228, x1=544727831
P0, tp=0, ts=0
P0, tp=0, ts=0
P1, tp=0, ts=0, x0=377301598
P2, tp=0, ts=0, x0=919034261, x1=661315407
P3, tp=0, ts=0, x0=790519442
P1, tp=0, ts=0, x0=220272179
P3, tp=0, ts=0, x0=382513159
P2, tp=0, ts=0, x0=105778896, x1=382513159
P0, tp=0, ts=0
P1, tp=0, ts=0, x0=263078228
P2, tp=0, ts=0, x0=263078228, x1=919034261
P0, tp=0, ts=0
P1, tp=0, ts=0, x0=228331474
P0, tp=0, ts=0
P3, tp=0, ts=0, x0=248774096
P2, tp=0, ts=0, x0=485979946, x1=686995935
P1, tp=0, ts=0, x0=24488068
P0, tp=0, ts=0
P0, tp=0, ts=0
P1, tp=0, ts=0, x0=686995935
P0, tp=0, ts=0
P3, tp=0, ts=0, x0=830089305
P3, tp=0, ts=0, x0=661315407
P1, tp=0, ts=0, x0=37375084
P2, tp=0, ts=0, x0=661315407, x1=485979946
P3, tp=0, ts=0, x0=63979174
P2, tp=0, ts=0, x0=220272179, x1=95075313
P1, tp=0, ts=0, x0=118069191
P3, tp=0, ts=0, x0=192577637
P2, tp=0, ts=0, x0=16373219, x1=63979174
P2, tp=0, ts=0, x0=355617325, x1=912462831
P1, tp=0, ts=0, x0=606967315
P2, tp=0, ts=0, x0=606967315, x1=248774096
P2, tp=0, ts=0, x0=81676142, x1=985896814
P2, tp=0, ts=0, x0=724120811, x1=355617325
P0, tp=0, ts=0
P0, tp=0, ts=0
P2, tp=0, ts=0, x0=107019939, x1=722268122
P1, tp=0, ts=0, x0=328515787
P0, tp=0, ts=0
P2, tp=0, ts=0, x0=328515787, x1=543446181
P1, tp=0, ts=0, x0=830089305
P2, tp=0, ts=0, x0=63979174, x1=943366250
P2, tp=0, ts=0, x0=912462831, x1=16373219
P3, tp=0, ts=0, x0=880892020
P2, tp=0, ts=0, x0=606967315, x1=583930965
P3, tp=0, ts=0, x0=724120811
P3, tp=0, ts=0, x0=277420835
P2, tp=0, ts=0, x0=722268122, x1=543446181
P3, tp=0, ts=0, x0=686995935
P3, tp=0, ts=0, x0=105778896
P0, tp=0, ts=0
P0, tp=0, ts=0
P1, tp=0, ts=0, x0=73269769
P0, tp=0, ts=0
P3, tp=0, ts=0, x0=985896814
P2, tp=0, ts=0, x0=55280525, x1=277420835
P1, tp=0, ts=0, x0=559514287
P1, tp=0, ts=0, x0=37375084
P1, tp=0, ts=0, x0=355617325
P2, tp=0, ts=0, x0=196980072, x1=648016028
P2, tp=0, ts=0, x0=192577637, x1=543446181
P3, tp=0, ts=0, x0=118069191
P2, tp=0, ts=0, x0=782304503, x1=63979174
P0, tp=0, ts=0
P0, tp=0, ts=0
P2, tp=0, ts=0, x0=240156530, x1=666082975
P1, tp=0, ts=0, x0=118069191
P2, tp=0, ts=0, x0=559514287, x1=355617325
P1, tp=0, ts=0, x0=811960572
P3, tp=0, ts=0, x0=642553759
P0, tp=0, ts=0
P0, tp=0, ts=0
P1, tp=0, ts=0, x0=220272179
P0, tp=0, ts=0
P2, tp=0, ts=0, x0=73269769, x1=118069191
P1, tp=0, ts=0, x0=37375084
P2, tp=0, ts=0, x0=24488068, x1=485979946
P3, tp=0, ts=0, x0=192577637
P3, tp=0, ts=0, x0=228331474
P3, tp=0, ts=0, x0=919034261
P0, tp=0, ts=0
P2, tp=0, ts=0, x0=196980072, x1=373321178
P3, tp=0, ts=0, x0=118069191
P0, tp=0, ts=0
P1, tp=0, ts=0, x0=351151922
P0, tp=0, ts=0
P3, tp=0, ts=0, x0=985896814
P0, tp=0, ts=0
P0, tp=0, ts=0
P3, tp=0, ts=0, x0=666082975
P1, tp=0, ts=0, x0=277420835
P0, tp=0, ts=0
P3, tp=0, ts=0, x0=830089305
P3, tp=0, ts=0, x0=105778896
P3, tp=0, ts=0, x0=377301598
P0, tp=0, ts=0
P1, tp=0, ts=0, x0=985896814
P2, tp=0, ts=0, x0=95075313, x1=912462831
P2, tp=0, ts=0, x0=63979174, x1=724120811
P1, tp=0, ts=0, x0=107019939
P2, tp=0, ts=0, x0=105778896, x1=328515787
P3, tp=0, ts=0, x0=544727831
P2, tp=0, ts=0, x0=919034261, x1=943366250
P2, tp=0, ts=0, x0=498408919, x1=880892020
P1, tp=0, ts=0, x0=790519442
P0, tp=0, ts=0
P1, tp=0, ts=0, x0=37375084
P0, tp=0, ts=0
P3, tp=0, ts=0, x0=192577637
P2, tp=0, ts=0, x0=943366250, x1=220762761
P3, tp=0, ts=0, x0=81676142
P2, tp=0, ts=0, x0=136297361, x1=18709334
P1, tp=0, ts=0, x0=355617325
P2, tp=0, ts=0, x0=943366250, x1=950610789
P1, tp=0, ts=0, x0=393602475
P0, tp=0, ts=0
P0, tp=0, ts=0
P1, tp=0, ts=0, x0=118069191
P1, tp=0, ts=0, x0=648016028
P2, tp=0, ts=0, x0=722268122, x1=196980072
P3, tp=0, ts=0, x0=73269769
P1, tp=0, ts=0, x0=382513159
P2, tp=0, ts=0, x0=377301598, x1=583930965
P2, tp=0, ts=0, x0=248774096, x1=196980072
P3, tp=0, ts=0, x0=55280525
P1, tp=0, ts=0, x0=331436174
P2, tp=0, ts=0, x0=331436174, x1=147742959
P1, tp=0, ts=0, x0=176404599
P0, tp=0, ts=0
P1, tp=0, ts=0, x0=811960572
P2, tp=0, ts=0, x0=240156530, x1=229017227
P1, tp=0, ts=0, x0=543446181
P1, tp=0, ts=0, x0=544727831
P1, tp=0, ts=0, x0=63979174
P0, tp=0, ts=0
P3, tp=0, ts=0, x0=328515787
P0, tp=0, ts=0
P0, tp=0, ts=0
P2, tp=0, ts=0, x0=919034261, x1=73269769
P0, tp=0, ts=0
P2, tp=0, ts=0, x0=107019939, x1=393602475
P0, tp=0, ts=0
P3, tp=0, ts=0, x0=351151922
P2, tp=0, ts=0, x0=196980072, x1=880892020
P1, tp=0, ts=0, x0=724120811
P1, tp=0, ts=0, x0=583930965
P1, tp=0, ts=0, x0=229017227
P3, tp=0, ts=0, x0=328515787
P2, tp=0, ts=0, x0=240156530, x1=724120811
P0, tp=0, ts=0
P3, tp=0, ts=0, x0=569872521
P3, tp=0, ts=0, x0=666082975
P2, tp=0, ts=0, x0=569872521, x1=404895094
P3, tp=0, ts=0, x0=569872521
P2, tp=0, ts=0, x0=136297361, x1=220272179
P0, tp=0, ts=0
P3, tp=0, ts=0, x0=147742959
P0, tp=0, ts=0
P2, tp=0, ts=0, x0=373321178, x1=16373219
P1, tp=0, ts=0, x0=880892020
P1, tp=0, ts=0, x0=176404599
P1, tp=0, ts=0, x0=373321178
P0, tp=0, ts=0
P1, tp=0, ts=0, x0=782304503
P1, tp=0, ts=0, x0=790519442
P0, tp=0, ts=0
P0, tp=0, ts=0
P2, tp=0, ts=0, x0=373321178, x1=393602475
P2, tp=0, ts=0, x0=382513159, x1=55280525
P0, tp=0, ts=0
P1, tp=0, ts=0, x0=73269769
P1, tp=0, ts=0, x0=382513159
P1, tp=0, ts=0, x0=724120811
P0, tp=0, ts=0
P3, tp=0, ts=0, x0=73269769
P1, tp=0, ts=0, x0=136297361
P1, tp=0, ts=0, x0=264717231
P1, tp=0, ts=0, x0=811960572
P1, tp=0, ts=0, x0=248774096
P3, tp=0, ts=0, x0=37375084
P2, tp=0, ts=0, x0=404895094, x1=569872521
P3, tp=0, ts=0, x0=377301598
P0, tp=0, ts=0
P3, tp=0, ts=0, x0=24488068
P3, tp=0, ts=0, x0=24488068
P3, tp=0, ts=0, x0=24488068
P1, tp=0, ts=0, x0=331436174
P3, tp=0, ts=0, x0=328515787
P2, tp=0, ts=0, x0=985896814, x1=912462831
P1, tp=0, ts=0, x0=973945504
P1, tp=0, ts=0, x0=118069191
P0, tp=0, ts=0
P1, tp=0, ts=0, x0=583518684
P3, tp=0, ts=0, x0=830089305
P0, tp=0, ts=0
P2, tp=0, ts=0, x0=176404599, x1=666082975
P1, tp=0, ts=0, x0=950610789
P3, tp=0, ts=0, x0=81676142
P3, tp=0, ts=0, x0=373321178
P0, tp=0, ts=0
P0, tp=0, ts=0
P1, tp=0, ts=0, x0=661315407
P2, tp=0, ts=0, x0=277420835, x1=912462831
P3, tp=0, ts=0, x0=790519442
P2, tp=0, ts=0, x0=912462831, x1=229017227
P1, tp=0, ts=0, x0=583930965
P1, tp=0, ts=0, x0=722268122
P1, tp=0, ts=0, x0=380855812
P2, tp=0, ts=0, x0=107019939, x1=880892020
P2, tp=0, ts=0, x0=498408919, x1=890625569
P2, tp=0, ts=0, x0=985896814, x1=393602475
P0, tp=0, ts=0
P0, tp=0, ts=0
P2, tp=0, ts=0, x0=264717231, x1=485979946
P3, tp=0, ts=0, x0=880892020
P1, tp=0, ts=0, x0=136297361
P1, tp=0, ts=0, x0=544727831
P3, tp=0, ts=0, x0=498408919
P3, tp=0, ts=0, x0=81676142
P2, tp=0, ts=0, x0=867732629, x1=95075313
P3, tp=0, ts=0, x0=559514287
P3, tp=0, ts=0, x0=95075313
P1, tp=0, ts=0, x0=950610789
P3, tp=0, ts=0, x0=263078228
P2, tp=0, ts=0, x0=220762761, x1=229017227
P2, tp=0, ts=0, x0=811960572, x1=380855812
P1, tp=0, ts=0, x0=264717231
P0, tp=0, ts=0
P0, tp=0, ts=0
P3, tp=0, ts=0, x0=328515787
P0, tp=0, ts=0
P2, tp=0, ts=0, x0=147742959, x1=136297361
P1, tp=0, ts=0, x0=176404599
P1, tp=0, ts=0, x0=147742959
P0, tp=0, ts=0
P1, tp=0, ts=0, x0=559514287
P2, tp=0, ts=0, x0=130329910, x1=331436174
P3, tp=0, ts=0, x0=328515787
P3, tp=0, ts=0, x0=377301598
P0, tp=0, ts=0
P1, tp=0, ts=0, x0=18709334
P0, tp=0, ts=0
P3, tp=0, ts=0, x0=485979946
P2, tp=0, ts=0, x0=24488068, x1=642553759
P2, tp=0, ts=0, x0=943366250, x1=147742959
P0, tp=0, ts=0
P1, tp=0, ts=0, x0=18709334
P0, tp=0, ts=0
P3, tp=0, ts=0, x0=18709334
P1, tp=0, ts=0, x0=642553759
P1, tp=0, ts=0, x0=118069191
P2, tp=0, ts=0, x0=380855812, x1=192577637
P3, tp=0, ts=0, x0=919034261
P3, tp=0, ts=0, x0=16373219
P2, tp=0, ts=0, x0=686995935, x1=130329910
P0, tp=0, ts=0
P2, tp=0, ts=0, x0=661315407, x1=240156530
P1, tp=0, ts=0, x0=985896814
P1, tp=0, ts=0, x0=950610789
P1, tp=0, ts=0, x0=147742959
P1, tp=0, ts=0, x0=176404599
P1, tp=0, ts=0, x0=16373219
P1, tp=0, ts=0, x0=229017227
P3, tp=0, ts=0, x0=445252199
P1, tp=0, ts=0, x0=912462831
P2, tp=0, ts=0, x0=74160210, x1=642553759
P3, tp=0, ts=0, x0=583518684
P1, tp=0, ts=0, x0=642553759
P2, tp=0, ts=0, x0=885988650, x1=985896814
P0, tp=0, ts=0
P3, tp=0, ts=0, x0=263078228
P0, tp=0, ts=0
P0, tp=0, ts=0
P1, tp=0, ts=0, x0=281999085
P0, tp=0, ts=0
P1, tp=0, ts=0, x0=880892020
P3, tp=0, ts=0, x0=782304503
P1, tp=0, ts=0, x0=380855812
P2, tp=0, ts=0, x0=176404599, x1=606967315
P0, tp=0, ts=0
P2, tp=0, ts=0, x0=207434443, x1=118069191
P1, tp=0, ts=0, x0=220762761
P1, tp=0, ts=0, x0=220272179
P2, tp=0, ts=0, x0=606967315, x1=382513159
P0, tp=0, ts=0
P1, tp=0, ts=0, x0=950610789
P0, tp=0, ts=0
P2, tp=0, ts=0, x0=574399154, x1=885988650
P1, tp=0, ts=0, x0=355617325
P2, tp=0, ts=0, x0=943366250, x1=73269769
P3, tp=0, ts=0, x0=686995935
P2, tp=0, ts=0, x0=813891785, x1=229017227
P2, tp=0, ts=0, x0=813891785, x1=830089305
P0, tp=0, ts=0
P3, tp=0, ts=0, x0=380855812
P2, tp=0, ts=0, x0=606967315, x1=686995935
P3, tp=0, ts=0, x0=73269769
P3, tp=0, ts=0, x0=130329910
P3, tp=0, ts=0, x0=648016028
P2, tp=0, ts=0, x0=355617325, x1=264717231
P2, tp=0, ts=0, x0=830089305, x1=724120811
P2, tp=0, ts=0, x0=277420835, x1=228331474
P2, tp=0, ts=0, x0=176404599, x1=263078228
P2, tp=0, ts=0, x0=382513159, x1=648016028
P2, tp=0, ts=0, x0=192577637, x1=373321178
P1, tp=0, ts=0, x0=648016028
P2, tp=0, ts=0, x0=229017227, x1=445252199
P1, tp=0, ts=0, x0=105778896
P1, tp=0, ts=0, x0=147742959
P0, tp=0, ts=0
P1, tp=0, ts=0, x0=583518684
P2, tp=0, ts=0, x0=220762761, x1=393602475
P3, tp=0, ts=0, x0=950610789
P2, tp=0, ts=0, x0=813891785, x1=24488068
P0, tp=0, ts=0
P1, tp=0, ts=0, x0=943366250
P0, tp=0, ts=0
P3, tp=0, ts=0, x0=281999085
P0, tp=0, ts=0
P3, tp=0, ts=0, x0=118069191
P0, tp=0, ts=0
P2, tp=0, ts=0, x0=495100256, x1=37375084
P2, tp=0, ts=0, x0=351151922, x1=331436174
P3, tp=0, ts=0, x0=16373219
P2, tp=0, ts=0, x0=277420835, x1=606967315
P1, tp=0, ts=0, x0=377301598
P3, tp=0, ts=0, x0=74160210
P3, tp=0, ts=0, x0=229017227
P2, tp=0, ts=0, x0=973945504, x1=661315407
P2, tp=0, ts=0, x0=118069191, x1=853573725
P2, tp=0, ts=0, x0=37375084, x1=404895094
P2, tp=0, ts=0, x0=24488068, x1=495100256
P1, tp=0, ts=0, x0=569872521
P2, tp=0, ts=0, x0=547759378, x1=55280525
P0, tp=0, ts=0
P3, tp=0, ts=0, x0=853573725
P2, tp=0, ts=0, x0=192577637, x1=666082975
P0, tp=0, ts=0
P2, tp=0, ts=0, x0=18709334, x1=973945504
P3, tp=0, ts=0, x0=583518684
P3, tp=0, ts=0, x0=547759378
P2, tp=0, ts=0, x0=782304503, x1=277420835
P1, tp=0, ts=0, x0=196980072
P1, tp=0, ts=0, x0=263078228
P3, tp=0, ts=0, x0=813891785
P0, tp=0, ts=0
P0, tp=0, ts=0
P0, tp=0, ts=0
P3, tp=0, ts=0, x0=302645796
P3, tp=0, ts=0, x0=404895094
P3, tp=0, ts=0, x0=393602475
P0, tp=0, ts=0
P0, tp=0, ts=0
P1, tp=0, ts=0, x0=485979946
P0, tp=0, ts=0
P3, tp=0, ts=0, x0=254821830
P1, tp=0, ts=0, x0=404895094
P1, tp=0, ts=0, x0=404895094
P0, tp=0, ts=0
P3, tp=0, ts=0, x0=811960572
P1, tp=0, ts=0, x0=943366250
P1, tp=0, ts=0, x0=105778896
P0, tp=0, ts=0
P2, tp=0, ts=0, x0=813891785, x1=24488068
P3, tp=0, ts=0, x0=6926887
P3, tp=0, ts=0, x0=331436174
P3, tp=0, ts=0, x0=661315407
P3, tp=0, ts=0, x0=830089305
P1, tp=0, ts=0, x0=220762761
P1, tp=0, ts=0, x0=240156530
P0, tp=0, ts=0
P1, tp=0, ts=0, x0=790519442
P2, tp=0, ts=0, x0=569872521, x1=263078228
P1, tp=0, ts=0, x0=404895094
P2, tp=0, ts=0, x0=479181615, x1=136297361
P1, tp=0, ts=0, x0=722268122
P2, tp=0, ts=0, x0=782304503, x1=373321178
P3, tp=0, ts=0, x0=635277759
P3, tp=0, ts=0, x0=973945504
P2, tp=0, ts=0, x0=107019939, x1=147742959
P0, tp=0, ts=0
P2, tp=0, ts=0, x0=559514287, x1=722268122
P3, tp=0, ts=0, x0=6926887
P2, tp=0, ts=0, x0=811960572, x1=55280525
P0, tp=0, ts=0
P3, tp=0, ts=0, x0=985896814
P1, tp=0, ts=0, x0=606967315
P2, tp=0, ts=0, x0=328515787, x1=890625569
P3, tp=0, ts=0, x0=55280525
P3, tp=0, ts=0, x0=16373219
P1, tp=0, ts=0, x0=686995935
P3, tp=0, ts=0, x0=334961931
P0, tp=0, ts=0
P1, tp=0, ts=0, x0=328515787
P0, tp=0, ts=0
P3, tp=0, ts=0, x0=135045751
P0, tp=0, ts=0
P0, tp=0, ts=0
P2, tp=0, ts=0, x0=935381368, x1=985896814
P3, tp=0, ts=0, x0=722268122
P0, tp=0, ts=0
P2, tp=0, ts=0, x0=229017227, x1=404895094
P3, tp=0, ts=0, x0=254821830
P3, tp=0, ts=0, x0=264717231
P0, tp=0, ts=0
P2, tp=0, ts=0, x0=334961931, x1=724120811
P0, tp=0, ts=0
P0, tp=0, ts=0
P2, tp=0, ts=0, x0=373321178, x1=254821830
P3, tp=0, ts=0, x0=196980072
P0, tp=0, ts=0
P0, tp=0, ts=0
P2, tp=0, ts=0, x0=813891785, x1=485979946
P3, tp=0, ts=0, x0=264717231
P3, tp=0, ts=0, x0=373321178
P3, tp=0, ts=0, x0=574399154
P1, tp=0, ts=0, x0=830089305
P0, tp=0, ts=0
P2, tp=0, ts=0, x0=393602475, x1=136297361
P0, tp=0, ts=0
P0, tp=0, ts=0
P3, tp=0, ts=0, x0=722268122
P2, tp=0, ts=0, x0=355617325, x1=950610789
P3, tp=0, ts=0, x0=355617325
P3, tp=0, ts=0, x0=220762761
P1, tp=0, ts=0, x0=830089305
P3, tp=0, ts=0, x0=73269769
P3, tp=0, ts=0, x0=935381368
P3, tp=0, ts=0, x0=544727831
P3, tp=0, ts=0, x0=943366250
P3, tp=0, ts=0, x0=281999085
P1, tp=0, ts=0, x0=331436174
P1, tp=0, ts=0, x0=498408919
P1, tp=0, ts=0, x0=637024053
P1, tp=0, ts=0, x0=263078228
P0, tp=0, ts=0
P0, tp=0, ts=0
P1, tp=0, ts=0, x0=380855812
P2, tp=0, ts=0, x0=913687805, x1=790519442
P0, tp=0, ts=0
P0, tp=0, ts=0
P0, tp=0, ts=0
P2, tp=0, ts=0, x0=355617325, x1=373321178
P3, tp=0, ts=0, x0=853573725
P2, tp=0, ts=0, x0=302645796, x1=485979946
P1, tp=0, ts=0, x0=130329910
P0, tp=0, ts=0
P2, tp=0, ts=0, x0=382513159, x1=247196207
P2, tp=0, ts=0, x0=722268122, x1=382513159
P1, tp=0, ts=0, x0=328515787
P0, tp=0, ts=0
P2, tp=0, ts=0, x0=382513159, x1=73269769
P0, tp=0, ts=0
P1, tp=0, ts=0, x0=228331474
P1, tp=0, ts=0, x0=81676142
P3, tp=0, ts=0, x0=6926887
P2, tp=0, ts=0, x0=74160210, x1=642553759
P0, tp=0, ts=0
P2, tp=0, ts=0, x0=880892020, x1=950610789
P0, tp=0, ts=0
P0, tp=0, ts=0
P2, tp=0, ts=0, x0=373321178, x1=382513159
P3, tp=0, ts=0, x0=16373219
P2, tp=0, ts=0, x0=606967315, x1=950610789
P0, tp=0, ts=0
P2, tp=0, ts=0, x0=574399154, x1=63979174
P0, tp=0, ts=0
P0, tp=0, ts=0
P3, tp=0, ts=0, x0=813891785
P0, tp=0, ts=0
P2, tp=0, ts=0, x0=105778896, x1=328515787
P1, tp=0, ts=0, x0=351151922
P1, tp=0, ts=0, x0=973945504
P3, tp=0, ts=0, x0=606967315
P1, tp=0, ts=0, x0=229017227
P3, tp=0, ts=0, x0=885988650
P2, tp=0, ts=0, x0=16373219, x1=220272179
P0, tp=0, ts=0
P0, tp=0, ts=0
P1, tp=0, ts=0, x0=569872521
P2, tp=0, ts=0, x0=18709334, x1=583930965
P3, tp=0, ts=0, x0=334961931
P0, tp=0, ts=0
P2, tp=0, ts=0, x0=220272179, x1=724120811
P3, tp=0, ts=0, x0=95075313
P2, tp=0, ts=0, x0=666082975, x1=724120811
P1, tp=0, ts=0, x0=985896814
P0, tp=0, ts=0
P2, tp=0, ts=0, x0=147742959, x1=583518684
P0, tp=0, ts=0
P2, tp=0, ts=0, x0=867732629, x1=220272179
P1, tp=0, ts=0, x0=202148014
P1, tp=0, ts=0, x0=943366250
P0, tp=0, ts=0
P1, tp=0, ts=0, x0=569872521
P3, tp=0, ts=0, x0=351151922
P2, tp=0, ts=0, x0=63979174, x1=302645796
P1, tp=0, ts=0, x0=24488068
P0, tp=0, ts=0
P1, tp=0, ts=0, x0=583930965
P2, tp=0, ts=0, x0=691195013, x1=334961931
P0, tp=0, ts=0
P1, tp=0, ts=0, x0=853573725
P0, tp=0, ts=0
P3, tp=0, ts=0, x0=642553759
P2, tp=0, ts=0, x0=583930965, x1=813891785
P2, tp=0, ts=0, x0=135045751, x1=973945504
P0, tp=0, ts=0
P3, tp=0, ts=0, x0=55280525
P2, tp=0, ts=0, x0=635277759, x1=105778896
P1, tp=0, ts=0, x0=606967315
P1, tp=0, ts=0, x0=867020110
P0, tp=0, ts=0
P0, tp=0, ts=0
P2, tp=0, ts=0, x0=867020110, x1=912462831
P0, tp=0, ts=0
P1, tp=0, ts=0, x0=724120811
P0, tp=0, ts=0
P2, tp=0, ts=0, x0=302645796, x1=220272179
P1, tp=0, ts=0, x0=331436174
P1, tp=0, ts=0, x0=220272179
P0, tp=0, ts=0
P0, tp=0, ts=0
P1, tp=0, ts=0, x0=851260981
P1, tp=0, ts=0, x0=697360971
P2, tp=0, ts=0, x0=583930965, x1=254821830
P2, tp=0, ts=0, x0=544727831, x1=37375084
P2, tp=0, ts=0, x0=355617325, x1=666082975
P0, tp=0, ts=0
P0, tp=0, ts=0
P1, tp=0, ts=0, x0=55280525
P1, tp=0, ts=0, x0=635277759
P0, tp=0, ts=0
P1, tp=0, ts=0, x0=247196207
P1, tp=0, ts=0, x0=404895094
P2, tp=0, ts=0, x0=196980072, x1=377301598
P2, tp=0, ts=0, x0=867732629, x1=6926887
P2, tp=0, ts=0, x0=583518684, x1=935381368
P3, tp=0, ts=0, x0=351151922
P3, tp=0, ts=0, x0=355617325
P1, tp=0, ts=0, x0=192577637
P0, tp=0, ts=0
P0, tp=0, ts=0
P0, tp=0, ts=0
P3, tp=0, ts=0, x0=147742959
P3, tp=0, ts=0, x0=220272179
P3, tp=0, ts=0, x0=544727831
P0, tp=0, ts=0
P2, tp=0, ts=0, x0=851260981, x1=661315407
P2, tp=0, ts=0, x0=574399154, x1=543446181
P3, tp=0, ts=0, x0=913687805
P1, tp=0, ts=0, x0=377301598
P2, tp=0, ts=0, x0=81676142, x1=722268122
P2, tp=0, ts=0, x0=240156530, x1=63979174
P1, tp=0, ts=0, x0=830089305
P1, tp=0, ts=0, x0=107019939
P3, tp=0, ts=0, x0=331436174
P1, tp=0, ts=0, x0=790519442
P3, tp=0, ts=0, x0=107019939
P3, tp=0, ts=0, x0=544727831
P1, tp=0, ts=0, x0=642553759
P2, tp=0, ts=0, x0=830089305, x1=130329910
P0, tp=0, ts=0
P2, tp=0, ts=0, x0=890625569, x1=912462831
P2, tp=0, ts=0, x0=107019939, x1=697360971
P1, tp=0, ts=0, x0=543446181
P3, tp=0, ts=0, x0=95075313
P0, tp=0, ts=0
P3, tp=0, ts=0, x0=574399154
P3, tp=0, ts=0, x0=382513159
P1, tp=0, ts=0, x0=202148014
P1, tp=0, ts=0, x0=302645796
P2, tp=0, ts=0, x0=547759378, x1=81676142
P0, tp=0, ts=0
P2, tp=0, ts=0, x0=853573725, x1=483981300
P1, tp=0, ts=0, x0=63979174
P0, tp=0, ts=0
P0, tp=0, ts=0
P3, tp=0, ts=0, x0=574399154
P2, tp=0, ts=0, x0=782304503, x1=37375084
P3, tp=0, ts=0, x0=6926887
P2, tp=0, ts=0, x0=483981300, x1=192577637
P1, tp=0, ts=0, x0=445252199
P0, tp=0, ts=0
P1, tp=0, ts=0, x0=176404599
P1, tp=0, ts=0, x0=413203510
P3, tp=0, ts=0, x0=759920825
P3, tp=0, ts=0, x0=483981300
P2, tp=0, ts=0, x0=686995935, x1=254821830
P0, tp=0, ts=0
P2, tp=0, ts=0, x0=248774096, x1=263078228
P2, tp=0, ts=0, x0=574399154, x1=248774096
P1, tp=0, ts=0, x0=498408919
P3, tp=0, ts=0, x0=782304503
P1, tp=0, ts=0, x0=686995935
P1, tp=0, ts=0, x0=674665120
P1, tp=0, ts=0, x0=196980072
P1, tp=0, ts=0, x0=498408919
P1, tp=0, ts=0, x0=404895094
P1, tp=0, ts=0, x0=81676142
P2, tp=0, ts=0, x0=118069191, x1=648016028
P3, tp=0, ts=0, x0=778829854
P1, tp=0, ts=0, x0=302645796
P1, tp=0, ts=0, x0=945624959
P3, tp=0, ts=0, x0=691195013
P2, tp=0, ts=0, x0=192577637, x1=207434443
P0, tp=0, ts=0
P1, tp=0, ts=0, x0=220272179
P1, tp=0, ts=0, x0=547759378
P2, tp=0, ts=0, x0=697360971, x1=991072560
P0, tp=0, ts=0
P0, tp=0, ts=0
P0, tp=0, ts=0
P2, tp=0, ts=0, x0=135045751, x1=220272179
P3, tp=0, ts=0, x0=691195013
P2, tp=0, ts=0, x0=328515787, x1=377301598
P2, tp=0, ts=0, x0=559514287, x1=192577637
P1, tp=0, ts=0, x0=247196207
P0, tp=0, ts=0
P3, tp=0, ts=0, x0=885988650
P2, tp=0, ts=0, x0=924281823, x1=495100256
P2, tp=0, ts=0, x0=328515787, x1=37375084
P3, tp=0, ts=0, x0=413203510
P1, tp=0, ts=0, x0=479181615
P3, tp=0, ts=0, x0=691195013
P2, tp=0, ts=0, x0=945624959, x1=402602993
P2, tp=0, ts=0, x0=183126695, x1=355617325
P3, tp=0, ts=0, x0=196980072
P2, tp=0, ts=0, x0=211859559, x1=176404599
P3, tp=0, ts=0, x0=853573725
P0, tp=0, ts=0
P3, tp=0, ts=0, x0=228331474
P3, tp=0, ts=0, x0=913687805
P0, tp=0, ts=0
P0, tp=0, ts=0
P0, tp=0, ts=0
P0, tp=0, ts=0
P1, tp=0, ts=0, x0=16373219
P1, tp=0, ts=0, x0=759042727
P0, tp=0, ts=0
P1, tp=0, ts=0, x0=635277759
P0, tp=0, ts=0
P1, tp=0, ts=0, x0=830089305
P1, tp=0, ts=0, x0=867020110
P1, tp=0, ts=0, x0=498408919
P3, tp=0, ts=0, x0=945624959
P3, tp=0, ts=0, x0=686995935
P2, tp=0, ts=0, x0=831623960, x1=483981300
P2, tp=0, ts=0, x0=935381368, x1=697360971
P3, tp=0, ts=0, x0=63979174
P2, tp=0, ts=0, x0=851260981, x1=851260981
P2, tp=0, ts=0, x0=413203510, x1=606967315
P3, tp=0, ts=0, x0=648016028
P3, tp=0, ts=0, x0=853573725
P1, tp=0, ts=0, x0=637024053
P3, tp=0, ts=0, x0=74160210
P1, tp=0, ts=0, x0=479181615
P3, tp=0, ts=0, x0=277420835
P0, tp=0, ts=0
P2, tp=0, ts=0, x0=950610789, x1=147742959
P1, tp=0, ts=0, x0=697360971
P3, tp=0, ts=0, x0=404895094
P1, tp=0, ts=0, x0=606967315
P2, tp=0, ts=0, x0=724120811, x1=913687805
P3, tp=0, ts=0, x0=393602475
P2, tp=0, ts=0, x0=105778896, x1=880892020
P3, tp=0, ts=0, x0=790519442
P2, tp=0, ts=0, x0=544727831, x1=404895094
P3, tp=0, ts=0, x0=483981300
P2, tp=0, ts=0, x0=393602475, x1=666082975
P0, tp=0, ts=0
P0, tp=0, ts=0
P1, tp=0, ts=0, x0=81676142
P3, tp=0, ts=0, x0=6926887
P1, tp=0, ts=0, x0=913687805
P1, tp=0, ts=0, x0=559514287
P2, tp=0, ts=0, x0=485979946, x1=666082975
P2, tp=0, ts=0, x0=498408919, x1=574399154
P1, tp=0, ts=0, x0=859290031
P3, tp=0, ts=0, x0=240156530
P3, tp=0, ts=0, x0=778829854
P0, tp=0, ts=0
P0, tp=0, ts=0
P3, tp=0, ts=0, x0=63979174
P1, tp=0, ts=0, x0=924281823
P2, tp=0, ts=0, x0=592455190, x1=991072560
P2, tp=0, ts=0, x0=691195013, x1=973945504
P2, tp=0, ts=0, x0=176404599, x1=885988650
P3, tp=0, ts=0, x0=473237444
P1, tp=0, ts=0, x0=81676142
P1, tp=0, ts=0, x0=867020110
P1, tp=0, ts=0, x0=351151922
P1, tp=0, ts=0, x0=498408919
P1, tp=0, ts=0, x0=211859559
P3, tp=0, ts=0, x0=247196207
P3, tp=0, ts=0, x0=105778896
P3, tp=0, ts=0, x0=196980072
P3, tp=0, ts=0, x0=73269769
P3, tp=0, ts=0, x0=851260981
P2, tp=0, ts=0, x0=885988650, x1=445252199
P0, tp=0, ts=0
P1, tp=0, ts=0, x0=95075313
P3, tp=0, ts=0, x0=373000334
P3, tp=0, ts=0, x0=277420835
P0, tp=0, ts=0
P1, tp=0, ts=0, x0=107019939
P3, tp=0, ts=0, x0=885988650
P0, tp=0, ts=0
P0, tp=0, ts=0
P0, tp=0, ts=0
P0, tp=0, ts=0
P1, tp=0, ts=0, x0=351151922
P3, tp=0, ts=0, x0=648016028
P3, tp=0, ts=0, x0=63979174
P3, tp=0, ts=0, x0=919034261
P3, tp=0, ts=0, x0=223465452
P3, tp=0, ts=0, x0=973945504
P0, tp=0, ts=0
P3, tp=0, ts=0, x0=220762761
P3, tp=0, ts=0, x0=147742959
P3, tp=0, ts=0, x0=686995935
P1, tp=0, ts=0, x0=55280525
P3, tp=0, ts=0, x0=404895094
P3, tp=0, ts=0, x0=277420835
P1, tp=0, ts=0, x0=648016028
P2, tp=0, ts=0, x0=485979946, x1=722268122
P3, tp=0, ts=0, x0=666082975
P3, tp=0, ts=0, x0=220272179
P0, tp=0, ts=0
P3, tp=0, ts=0, x0=240156530
P2, tp=0, ts=0, x0=813891785, x1=934255303
P2, tp=0, ts=0, x0=247196207, x1=813891785
P0, tp=0, ts=0
P3, tp=0, ts=0, x0=135045751
P1, tp=0, ts=0, x0=483981300
P2, tp=0, ts=0, x0=945624959, x1=220272179
P1, tp=0, ts=0, x0=63979174
P0, tp=0, ts=0
P0, tp=0, ts=0
P3, tp=0, ts=0, x0=913687805
P3, tp=0, ts=0, x0=211859559
P2, tp=0, ts=0, x0=661315407, x1=666082975
P2, tp=0, ts=0, x0=231932094, x1=240156530
P1, tp=0, ts=0, x0=943366250
P1, tp=0, ts=0, x0=223465452
P2, tp=0, ts=0, x0=105778896, x1=277420835
P3, tp=0, ts=0, x0=73269769
P0, tp=0, ts=0
P1, tp=0, ts=0, x0=574399154
P1, tp=0, ts=0, x0=277420835
P3, tp=0, ts=0, x0=913687805
P3, tp=0, ts=0, x0=107019939
P1, tp=0, ts=0, x0=380855812
P1, tp=0, ts=0, x0=859702507
P0, tp=0, ts=0
P3, tp=0, ts=0, x0=258571183
P1, tp=0, ts=0, x0=74160210
P2, tp=0, ts=0, x0=935381368, x1=258571183
P1, tp=0, ts=0, x0=759042727
P1, tp=0, ts=0, x0=18709334
P2, tp=0, ts=0, x0=759920825, x1=254821830
P2, tp=0, ts=0, x0=945624959, x1=867020110
P3, tp=0, ts=0, x0=377301598
P0, tp=0, ts=0
P2, tp=0, ts=0, x0=136297361, x1=722268122
P3, tp=0, ts=0, x0=135045751
P0, tp=0, ts=0
P0, tp=0, ts=0
P1, tp=0, ts=0, x0=118069191
P3, tp=0, ts=0, x0=382513159
P0, tp=0, ts=0
P1, tp=0, ts=0, x0=264717231
P1, tp=0, ts=0, x0=666082975
P3, tp=0, ts=0, x0=130329910
P0, tp=0, ts=0
P0, tp=0, ts=0
P3, tp=0, ts=0, x0=691195013
P1, tp=0, ts=0, x0=331266200
P2, tp=0, ts=0, x0=95075313, x1=851260981
P0, tp=0, ts=0
P3, tp=0, ts=0, x0=223465452
P2, tp=0, ts=0, x0=483981300, x1=136297361
P2, tp=0, ts=0, x0=691195013, x1=686995935
P2, tp=0, ts=0, x0=485979946, x1=130329910
P2, tp=0, ts=0, x0=18709334, x1=811960572
P2, tp=0, ts=0, x0=6926887, x1=16373219
P3, tp=0, ts=0, x0=95075313
P0, tp=0, ts=0
P1, tp=0, ts=0, x0=73269769
P3, tp=0, ts=0, x0=830089305
P3, tp=0, ts=0, x0=196980072
P1, tp=0, ts=0, x0=196980072
P1, tp=0, ts=0, x0=183126695
P1, tp=0, ts=0, x0=220762761
P2, tp=0, ts=0, x0=136297361, x1=135045751
P1, tp=0, ts=0, x0=380855812
P1, tp=0, ts=0, x0=107019939
P3, tp=0, ts=0, x0=277420835
P0, tp=0, ts=0
P1, tp=0, ts=0, x0=74160210
P3, tp=0, ts=0, x0=351151922
P0, tp=0, ts=0
P1, tp=0, ts=0, x0=211859559
P0, tp=0, ts=0
P1, tp=0, ts=0, x0=111882559
P3, tp=0, ts=0, x0=223465452
P3, tp=0, ts=0, x0=445252199
P3, tp=0, ts=0, x0=130329910
P0, tp=0, ts=0
P2, tp=0, ts=0, x0=859702507, x1=495100256
P0, tp=0, ts=0
P2, tp=0, ts=0, x0=991072560, x1=722268122
P0, tp=0, ts=0
P2, tp=0, ts=0, x0=950610789, x1=985896814
P1, tp=0, ts=0, x0=281999085
P1, tp=0, ts=0, x0=666082975
P3, tp=0, ts=0, x0=220762761
P0, tp=0, ts=0
P1, tp=0, ts=0, x0=945624959
P0, tp=0, ts=0
P2, tp=0, ts=0, x0=373000334, x1=648016028
P3, tp=0, ts=0, x0=402602993
P2, tp=0, ts=0, x0=176404599, x1=945624959
P3, tp=0, ts=0, x0=380855812
P2, tp=0, ts=0, x0=985896814, x1=991072560
P3, tp=0, ts=0, x0=18709334
P1, tp=0, ts=0, x0=722268122
P0, tp=0, ts=0
P1, tp=0, ts=0, x0=118069191
P1, tp=0, ts=0, x0=331266200
P0, tp=0, ts=0
P2, tp=0, ts=0, x0=859290031, x1=231932094
P0, tp=0, ts=0
P3, tp=0, ts=0, x0=382513159
P2, tp=0, ts=0, x0=666082975, x1=302635539
P1, tp=0, ts=0, x0=176404599
P0, tp=0, ts=0
P0, tp=0, ts=0
P1, tp=0, ts=0, x0=913687805
P2, tp=0, ts=0, x0=373000334, x1=176404599
P2, tp=0, ts=0, x0=919034261, x1=592455190
P2, tp=0, ts=0, x0=479181615, x1=202410300
P2, tp=0, ts=0, x0=853573725, x1=722268122
P0, tp=0, ts=0
P0, tp=0, ts=0
P2, tp=0, ts=0, x0=202410300, x1=248774096
P1, tp=0, ts=0, x0=37375084
P1, tp=0, ts=0, x0=991072560
P3, tp=0, ts=0, x0=413203510
P1, tp=0, ts=0, x0=29697140
P1, tp=0, ts=0, x0=473237444
P1, tp=0, ts=0, x0=574399154
P0, tp=0, ts=0
P3, tp=0, ts=0, x0=913687805
P2, tp=0, ts=0, x0=63979174, x1=373000334
P1, tp=0, ts=0, x0=973945504
P2, tp=0, ts=0, x0=18709334, x1=18709334
P2, tp=0, ts=0, x0=445252199, x1=479181615
P3, tp=0, ts=0, x0=211859559
P3, tp=0, ts=0, x0=483981300
P2, tp=0, ts=0, x0=176404599, x1=574399154
P1, tp=0, ts=0, x0=867020110
P2, tp=0, ts=0, x0=648016028, x1=220762761
P0, tp=0, ts=0
P0, tp=0, ts=0
P2, tp=0, ts=0, x0=661315407, x1=697360971
P0, tp=0, ts=0
P3, tp=0, ts=0, x0=495100256
P1, tp=0, ts=0, x0=380855812
P1, tp=0, ts=0, x0=545396997
P2, tp=0, ts=0, x0=411857858, x1=18709334
P0, tp=0, ts=0
P2, tp=0, ts=0, x0=867020110, x1=331436174
P1, tp=0, ts=0, x0=136297361
P1, tp=0, ts=0, x0=666082975
P1, tp=0, ts=0, x0=351151922
P1, tp=0, ts=0, x0=924281823
P2, tp=0, ts=0, x0=945624959, x1=229017227
P3, tp=0, ts=0, x0=547759378
P1, tp=0, ts=0, x0=211859559
P2, tp=0, ts=0, x0=950610789, x1=6926887
P1, tp=0, ts=0, x0=223465452
P0, tp=0, ts=0
P2, tp=0, ts=0, x0=913687805, x1=361839242
P2, tp=0, ts=0, x0=402602993, x1=859290031
P2, tp=0, ts=0, x0=913687805, x1=445252199
P1, tp=0, ts=0, x0=136297361
P1, tp=0, ts=0, x0=830089305
P3, tp=0, ts=0, x0=380855812
P1, tp=0, ts=0, x0=248774096
P3, tp=0, ts=0, x0=229017227
P1, tp=0, ts=0, x0=642402964
P2, tp=0, ts=0, x0=831623960, x1=547759378
P3, tp=0, ts=0, x0=545396997
P0, tp=0, ts=0
P3, tp=0, ts=0, x0=498408919
P1, tp=0, ts=0, x0=136297361
P2, tp=0, ts=0, x0=637024053, x1=635277759
P3, tp=0, ts=0, x0=404895094
P1, tp=0, ts=0, x0=483981300
P1, tp=0, ts=0, x0=127471373
P1, tp=0, ts=0, x0=137992865
P2, tp=0, ts=0, x0=710720380, x1=277420835
P1, tp=0, ts=0, x0=130329910
P1, tp=0, ts=0, x0=483981300
P1, tp=0, ts=0, x0=6926887
P1, tp=0, ts=0, x0=574399154
P1, tp=0, ts=0, x0=369833068
P1, tp=0, ts=0, x0=377301598
P0, tp=0, ts=0
P3, tp=0, ts=0, x0=813891785
P1, tp=0, ts=0, x0=813891785
P3, tp=0, ts=0, x0=74160210
P2, tp=0, ts=0, x0=258571183, x1=498408919
P2, tp=0, ts=0, x0=642402964, x1=302645796
P3, tp=0, ts=0, x0=885988650
P0, tp=0, ts=0
P1, tp=0, ts=0, x0=592455190
P3, tp=0, ts=0, x0=264717231
P0, tp=0, ts=0
P0, tp=0, ts=0
P0, tp=0, ts=0
P3, tp=0, ts=0, x0=648016028
P2, tp=0, ts=0, x0=6926887, x1=661315407
P3, tp=0, ts=0, x0=903421800
P0, tp=0, ts=0
P3, tp=0, ts=0, x0=29002103
P1, tp=0, ts=0, x0=642402964
P2, tp=0, ts=0, x0=583518684, x1=136297361
P2, tp=0, ts=0, x0=793960407, x1=919034261
P3, tp=0, ts=0, x0=574399154
P1, tp=0, ts=0, x0=254821830
P2, tp=0, ts=0, x0=831623960, x1=890625569
P2, tp=0, ts=0, x0=985896814, x1=813891785
P0, tp=0, ts=0
P1, tp=0, ts=0, x0=642402964
P2, tp=0, ts=0, x0=880892020, x1=361839242
P1, tp=0, ts=0, x0=903421800
P1, tp=0, ts=0, x0=220762761
P0, tp=0, ts=0
P1, tp=0, ts=0, x0=919034261
P3, tp=0, ts=0, x0=859702507
P1, tp=1, ts=1, x0=813891785
P0, tp=1, ts=1
P0, tp=1, ts=1
P2, tp=1, ts=1, x0=402602993, x1=331436174
P0, tp=1, ts=1
P2, tp=1, ts=1, x0=136297361, x1=95075313
P1, tp=1, ts=1, x0=331266200
P2, tp=1, ts=1, x0=774078690, x1=402602993
P1, tp=1, ts=1, x0=483981300
P0, tp=1, ts=1
P3, tp=1, ts=1, x0=331436174
P1, tp=1, ts=1, x0=950610789
P3, tp=1, ts=1, x0=831623960
P2, tp=1, ts=1, x0=880892020, x1=380855812
P0, tp=1, ts=1
P1, tp=1, ts=1, x0=349100025
P1, tp=1, ts=1, x0=247196207
P0, tp=1, ts=1
P1, tp=1, ts=1, x0=919034261
P1, tp=1, ts=1, x0=9044
P1, tp=1, ts=1, x0=874465000
P1, tp=1, ts=1, x0=583518684
P2, tp=1, ts=1, x0=411857858, x1=880892020
P2, tp=1, ts=1, x0=498408919, x1=666082975
P0, tp=1, ts=1
P0, tp=1, ts=1
P1, tp=1, ts=1, x0=248774096
P2, tp=1, ts=1, x0=985896814, x1=759920825
P2, tp=1, ts=1, x0=831623960, x1=74160210
P3, tp=1, ts=1, x0=853573725
P0, tp=1, ts=1
P2, tp=1, ts=1, x0=404895094, x1=697360971
P3, tp=1, ts=1, x0=135045751
P1, tp=1, ts=1, x0=331436174
P0, tp=1, ts=1
P1, tp=1, ts=1, x0=648016028
P0, tp=1, ts=1
P2, tp=1, ts=1, x0=686995935, x1=583518684
P3, tp=1, ts=1, x0=377301598
P3, tp=1, ts=1, x0=127471373
P2, tp=1, ts=1, x0=136297361, x1=945624959
P2, tp=1, ts=1, x0=224093314, x1=95075313
P1, tp=1, ts=1, x0=369833068
P0, tp=1, ts=1
P1, tp=1, ts=1, x0=990406599
P2, tp=1, ts=1, x0=127471373, x1=592455190
P1, tp=1, ts=1, x0=183126695
P1, tp=1, ts=1, x0=778829854
P3, tp=1, ts=1, x0=759042727
P1, tp=1, ts=1, x0=574399154
P0, tp=1, ts=1
P3, tp=1, ts=1, x0=547759378
P1, tp=1, ts=1, x0=710720380
P0, tp=1, ts=1
P3, tp=1, ts=1, x0=111882559
P1, tp=1, ts=1, x0=63979174
P0, tp=1, ts=1
P0, tp=1, ts=1
P3, tp=1, ts=1, x0=6926887
P3, tp=1, ts=1, x0=369833068
P3, tp=1, ts=1, x0=674665120
P2, tp=1, ts=1, x0=402602993, x1=373000334
P1, tp=1, ts=1, x0=661315407
P3, tp=1, ts=1, x0=853573725
P0, tp=1, ts=1
P2, tp=1, ts=1, x0=853573725, x1=545396997
P0, tp=1, ts=1
P0, tp=1, ts=1
P1, tp=1, ts=1, x0=686995935
P1, tp=1, ts=1, x0=583518684
P1, tp=1, ts=1, x0=361839242
P0, tp=1, ts=1
P1, tp=1, ts=1, x0=867732629
P2, tp=1, ts=1, x0=950610789, x1=302635539
P3, tp=1, ts=1, x0=380855812
P0, tp=1, ts=1
P3, tp=1, ts=1, x0=990406599
P3, tp=1, ts=1, x0=176404599
P3, tp=1, ts=1, x0=934255303
P1, tp=1, ts=1, x0=73269769
P2, tp=1, ts=1, x0=543446181, x1=543446181
P3, tp=1, ts=1, x0=413203510
P0, tp=1, ts=1
P1, tp=1, ts=1, x0=885988650
P1, tp=1, ts=1, x0=547759378
P2, tp=1, ts=1, x0=445252199, x1=445252199
P1, tp=1, ts=1, x0=793960407
P1, tp=1, ts=1, x0=29002103
P0, tp=1, ts=1
P3, tp=1, ts=1, x0=498408919
P2, tp=1, ts=1, x0=373000334, x1=247196207
P0, tp=1, ts=1
P3, tp=1, ts=1, x0=913687805
P0, tp=1, ts=1
P0, tp=1, ts=1
P1, tp=1, ts=1, x0=574399154
P2, tp=1, ts=1, x0=903421800, x1=373000334
P2, tp=1, ts=1, x0=9044, x1=774078690
P0, tp=1, ts=1
P1, tp=1, ts=1, x0=351151922
P0, tp=1, ts=1
P0, tp=1, ts=1
P2, tp=1, ts=1, x0=924281823, x1=545396997
P3, tp=1, ts=1, x0=697360971
P1, tp=1, ts=1, x0=377301598
P2, tp=1, ts=1, x0=13819891, x1=176404599
P1, tp=1, ts=1, x0=666082975
P3, tp=1, ts=1, x0=778829854
P0, tp=1, ts=1
P3, tp=1, ts=1, x0=674665120
P0, tp=1, ts=1
P1, tp=1, ts=1, x0=885988650
P3, tp=1, ts=1, x0=990406599
P3, tp=1, ts=1, x0=859702507
P2, tp=1, ts=1, x0=890625569, x1=637024053
P2, tp=1, ts=1, x0=137992865, x1=147742959
P0, tp=1, ts=1
P2, tp=1, ts=1, x0=691195013, x1=985896814
P1, tp=1, ts=1, x0=223465452
P2, tp=1, ts=1, x0=859702507, x1=545396997
P1, tp=1, ts=1, x0=473237444
P1, tp=1, ts=1, x0=74160210
P3, tp=1, ts=1, x0=919034261
P3, tp=1, ts=1, x0=495100256
P3, tp=1, ts=1, x0=9044
P2, tp=1, ts=1, x0=111882559, x1=540011444
P3, tp=1, ts=1, x0=202410300
P1, tp=1, ts=1, x0=183126695
P3, tp=1, ts=1, x0=543446181
P3, tp=1, ts=1, x0=710720380
P3, tp=1, ts=1, x0=813891785
P0, tp=1, ts=1
P3, tp=1, ts=1, x0=29697140
P2, tp=1, ts=1, x0=853573725, x1=302635539
P1, tp=1, ts=1, x0=991072560
P1, tp=1, ts=1, x0=778829854
P1, tp=1, ts=1, x0=759042727
P1, tp=1, ts=1, x0=769575720
P0, tp=1, ts=1
P2, tp=1, ts=1, x0=231932094, x1=813891785
P0, tp=1, ts=1
P3, tp=1, ts=1, x0=74160210
P0, tp=1, ts=1
P0, tp=1, ts=1
P3, tp=1, ts=1, x0=495100256
P0, tp=1, ts=1
P3, tp=1, ts=1, x0=990406599
P0, tp=1, ts=1
P1, tp=1, ts=1, x0=813891785
P1, tp=1, ts=1, x0=13819891
P2, tp=1, ts=1, x0=583518684, x1=183126695
P0, tp=1, ts=1
P3, tp=1, ts=1, x0=903421800
P1, tp=1, ts=1, x0=919034261
P3, tp=1, ts=1, x0=281999085
P1, tp=1, ts=1, x0=13819891
P1, tp=1, ts=1, x0=440579536
P3, tp=1, ts=1, x0=874465000
P1, tp=1, ts=1, x0=331436174
P0, tp=1, ts=1
P1, tp=1, ts=1, x0=769575720
P3, tp=1, ts=1, x0=361839242
P3, tp=1, ts=1, x0=473237444
P0, tp=1, ts=1
P3, tp=1, ts=1, x0=302635539
P1, tp=1, ts=1, x0=859702507
P2, tp=1, ts=1, x0=357794322, x1=380855812
P0, tp=1, ts=1
P0, tp=1, ts=1
P0, tp=1, ts=1
P2, tp=1, ts=1, x0=913687805, x1=830089305
P3, tp=1, ts=1, x0=774078690
P1, tp=1, ts=1, x0=903421800
P2, tp=1, ts=1, x0=361839242, x1=6926887
P0, tp=1, ts=1
P1, tp=1, ts=1, x0=697360971
P0, tp=1, ts=1
P3, tp=1, ts=1, x0=853573725
P0, tp=1, ts=1
P2, tp=1, ts=1, x0=710720380, x1=633153590
P2, tp=1, ts=1, x0=759920825, x1=74160210
P3, tp=1, ts=1, x0=144306508
P0, tp=1, ts=1
P3, tp=1, ts=1, x0=774078690
P1, tp=1, ts=1, x0=380855812
P3, tp=1, ts=1, x0=258571183
P2, tp=1, ts=1, x0=813891785, x1=867732629
P0, tp=1, ts=1
P0, tp=1, ts=1
P1, tp=1, ts=1, x0=479181615
P1, tp=1, ts=1, x0=913687805
P0, tp=1, ts=1
P0, tp=1, ts=1
P1, tp=1, ts=1, x0=636105593
P1, tp=1, ts=1, x0=130329910
P3, tp=1, ts=1, x0=991072560
P3, tp=1, ts=1, x0=373000334
P1, tp=1, ts=1, x0=367082317
P0, tp=1, ts=1
P3, tp=1, ts=1, x0=247196207
P3, tp=1, ts=1, x0=349100025
P3, tp=1, ts=1, x0=912462831
P3, tp=1, ts=1, x0=495100256
P3, tp=1, ts=1, x0=633153590
P3, tp=1, ts=1, x0=144306508
P3, tp=1, ts=1, x0=574399154
P1, tp=1, ts=1, x0=853573725
P2, tp=1, ts=1, x0=264717231, x1=583518684
P0, tp=1, ts=1
P3, tp=1, ts=1, x0=859702507
P3, tp=1, ts=1, x0=940829925
P3, tp=1, ts=1, x0=144306508
P3, tp=1, ts=1, x0=545396997
P1, tp=1, ts=1, x0=277420835
P3, tp=1, ts=1, x0=413203510
P3, tp=1, ts=1, x0=774078690
P0, tp=1, ts=1
P1, tp=1, ts=1, x0=229017227
P0, tp=1, ts=1
P1, tp=1, ts=1, x0=655358986
P1, tp=1, ts=1, x0=9044
P2, tp=1, ts=1, x0=349100025, x1=220762761
P1, tp=1, ts=1, x0=691195013
P2, tp=1, ts=1, x0=903421800, x1=709611043
P1, tp=1, ts=1, x0=258571183
P1, tp=1, ts=1, x0=369833068
P3, tp=1, ts=1, x0=220762761
P0, tp=1, ts=1
P0, tp=1, ts=1
P3, tp=1, ts=1, x0=851260981
P2, tp=1, ts=1, x0=851260981, x1=137992865
P0, tp=1, ts=1
P0, tp=1, ts=1
P0, tp=1, ts=1
P3, tp=1, ts=1, x0=440579536
P1, tp=1, ts=1, x0=778829854
P1, tp=1, ts=1, x0=127471373
P0, tp=1, ts=1
P0, tp=1, ts=1
P2, tp=1, ts=1, x0=223745878, x1=769575720
P3, tp=1, ts=1, x0=74160210
P1, tp=1, ts=1, x0=990406599
P2, tp=1, ts=1, x0=229017227, x1=691195013
P0, tp=1, ts=1
P3, tp=1, ts=1, x0=144306508
P0, tp=1, ts=1
P1, tp=1, ts=1, x0=361839242
P0, tp=1, ts=1
P3, tp=1, ts=1, x0=331266200
P0, tp=1, ts=1
P0, tp=1, ts=1
P3, tp=1, ts=1, x0=540011444
P1, tp=1, ts=1, x0=6926887
P1, tp=1, ts=1, x0=903421800
P3, tp=1, ts=1, x0=277349066
P2, tp=1, ts=1, x0=413203510, x1=655358986
P3, tp=1, ts=1, x0=759042727
P3, tp=1, ts=1, x0=367082317
P2, tp=1, ts=1, x0=440597854, x1=183126695
P1, tp=1, ts=1, x0=540011444
P3, tp=1, ts=1, x0=655358986
P1, tp=1, ts=1, x0=674665120
P3, tp=1, ts=1, x0=460781810
P0, tp=1, ts=1
P1, tp=1, ts=1, x0=211859559
P1, tp=1, ts=1, x0=127471373
P0, tp=1, ts=1
P1, tp=1, ts=1, x0=991072560
P0, tp=1, ts=1
P3, tp=1, ts=1, x0=13819891
P3, tp=1, ts=1, x0=302635539
P2, tp=1, ts=1, x0=802859921, x1=29697140
P1, tp=1, ts=1, x0=281999085
P0, tp=1, ts=1
P3, tp=1, ts=1, x0=229017227
P0, tp=1, ts=1
P3, tp=1, ts=1, x0=913687805
P0, tp=1, ts=1
P1, tp=1, ts=1, x0=34216644
P0, tp=1, ts=1
P2, tp=1, ts=1, x0=574663892, x1=413203510
P3, tp=1, ts=1, x0=281208801
P1, tp=1, ts=1, x0=934255303
P3, tp=1, ts=1, x0=23838
P2, tp=1, ts=1, x0=183126695, x1=202410300
P0, tp=1, ts=1
P2, tp=1, ts=1, x0=207434443, x1=759920825
P2, tp=1, ts=1, x0=29002103, x1=127471373
P3, tp=1, ts=1, x0=254821830
P3, tp=1, ts=1, x0=223465452
P0, tp=1, ts=1
P2, tp=1, ts=1, x0=635277759, x1=281999085
P1, tp=1, ts=1, x0=945624959
P1, tp=1, ts=1, x0=637024053
P3, tp=1, ts=1, x0=373000334
P1, tp=1, ts=1, x0=945624959
P0, tp=1, ts=1
P2, tp=1, ts=1, x0=547759378, x1=885988650
P1, tp=1, ts=1, x0=940829925
P1, tp=1, ts=1, x0=658848271
P3, tp=1, ts=1, x0=658848271
P2, tp=1, ts=1, x0=774078690, x1=851260981
P3, tp=1, ts=1, x0=859702507
P2, tp=1, ts=1, x0=349100025, x1=258571183
P2, tp=1, ts=1, x0=547759378, x1=945624959
P3, tp=1, ts=1, x0=402602993
P2, tp=1, ts=1, x0=74160210, x1=851260981
P3, tp=1, ts=1, x0=709611043
P2, tp=1, ts=1, x0=635277759, x1=483981300
P1, tp=1, ts=1, x0=361839242
P3, tp=1, ts=1, x0=78783683
P0, tp=1, ts=1
P3, tp=1, ts=1, x0=769575720
P2, tp=1, ts=1, x0=445252199, x1=846052324
P2, tp=1, ts=1, x0=302645796, x1=183126695
P0, tp=1, ts=1
P2, tp=1, ts=1, x0=473237444, x1=851260981
P1, tp=1, ts=1, x0=413203510
P1, tp=1, ts=1, x0=592455190
P1, tp=1, ts=1, x0=934255303
P1, tp=1, ts=1, x0=357794322
P0, tp=1, ts=1
P0, tp=1, ts=1
P2, tp=1, ts=1, x0=709611043, x1=697360971
P3, tp=1, ts=1, x0=144306508
P1, tp=1, ts=1, x0=851260981
P2, tp=1, ts=1, x0=759920825, x1=247196207
P1, tp=1, ts=1, x0=13819891
P2, tp=1, ts=1, x0=231932094, x1=460781810
P2, tp=1, ts=1, x0=29697140, x1=247196207
P2, tp=1, ts=1, x0=495100256, x1=940829925
P0, tp=1, ts=1
P0, tp=1, ts=1
P1, tp=1, ts=1, x0=655358986
P3, tp=1, ts=1, x0=934255303
P0, tp=1, ts=1
P3, tp=1, ts=1, x0=545396997
P3, tp=1, ts=1, x0=867020110
P0, tp=1, ts=1
P2, tp=1, ts=1, x0=440579536, x1=831623960
P0, tp=1, ts=1
P1, tp=1, ts=1, x0=440579536
P1, tp=1, ts=1, x0=223745878
P2, tp=1, ts=1, x0=457379983, x1=334961931
P1, tp=1, ts=1, x0=934255303
P0, tp=1, ts=1
P1, tp=1, ts=1, x0=774078690
P1, tp=1, ts=1, x0=906255630
P1, tp=1, ts=1, x0=281208801
P1, tp=1, ts=1, x0=372304439
P2, tp=1, ts=1, x0=831623960, x1=769575720
P0, tp=1, ts=1
P3, tp=1, ts=1, x0=574399154
P0, tp=1, ts=1
P3, tp=1, ts=1, x0=814564738
P3, tp=1, ts=1, x0=440597854
P3, tp=1, ts=1, x0=457379983
P3, tp=1, ts=1, x0=373000334
P0, tp=1, ts=1
P0, tp=1, ts=1
P3, tp=1, ts=1, x0=247196207
P0, tp=1, ts=1
P2, tp=1, ts=1, x0=991072560, x1=865149973
P2, tp=1, ts=1, x0=367082317, x1=637024053
P2, tp=1, ts=1, x0=924281823, x1=135045751
P1, tp=1, ts=1, x0=445252199
P3, tp=1, ts=1, x0=6926887
P3, tp=1, ts=1, x0=935381368
P2, tp=1, ts=1, x0=334961931, x1=853573725
P3, tp=1, ts=1, x0=859702507
P2, tp=1, ts=1, x0=540011444, x1=127471373
P1, tp=1, ts=1, x0=545396997
P0, tp=1, ts=1
P2, tp=1, ts=1, x0=29002103, x1=769575720
P1, tp=1, ts=1, x0=411857858
P0, tp=1, ts=1
P1, tp=1, ts=1, x0=78783683
P2, tp=1, ts=1, x0=869550133, x1=13819891
P2, tp=1, ts=1, x0=831623960, x1=183126695
P1, tp=1, ts=1, x0=691195013
P1, tp=1, ts=1, x0=281208801
P3, tp=1, ts=1, x0=710720380
P0, tp=1, ts=1
P0, tp=1, ts=1
P3, tp=1, ts=1, x0=990406599
P2, tp=1, ts=1, x0=369833068, x1=759920825
P3, tp=1, ts=1, x0=130329910
P2, tp=1, ts=1, x0=9044, x1=906255630
P0, tp=1, ts=1
P2, tp=1, ts=1, x0=465832210, x1=545396997
P1, tp=1, ts=1, x0=691195013
P3, tp=1, ts=1, x0=633153590
P3, tp=1, ts=1, x0=924281823
P0, tp=1, ts=1
P3, tp=1, ts=1, x0=636105593
P0, tp=1, ts=1
P1, tp=1, ts=1, x0=398881811
P1, tp=1, ts=1, x0=540211513
P3, tp=1, ts=1, x0=369833068
P0, tp=1, ts=1
P3, tp=1, ts=1, x0=202148014
P0, tp=1, ts=1
P1, tp=1, ts=1, x0=865149973
P0, tp=1, ts=1
P0, tp=1, ts=1
P3, tp=1, ts=1, x0=867020110
P0, tp=1, ts=1
P0, tp=1, ts=1
P0, tp=1, ts=1
P3, tp=1, ts=1, x0=411857858
P1, tp=1, ts=1, x0=231932094
P1, tp=1, ts=1, x0=111882559
P3, tp=1, ts=1, x0=592455190
P3, tp=1, ts=1, x0=516765512
P2, tp=1, ts=1, x0=402602993, x1=302635539
P0, tp=1, ts=1
P2, tp=1, ts=1, x0=440597854, x1=53293739
P0, tp=1, ts=1
P1, tp=1, ts=1, x0=56996216
P3, tp=1, ts=1, x0=642402964
P1, tp=1, ts=1, x0=56996216
P2, tp=1, ts=1, x0=183126695, x1=223465452
P0, tp=1, ts=1
P3, tp=1, ts=1, x0=135045751
P3, tp=1, ts=1, x0=991072560
P1, tp=1, ts=1, x0=540211513
P2, tp=1, ts=1, x0=231932094, x1=636105593
P2, tp=1, ts=1, x0=29697140, x1=223465452
P2, tp=1, ts=1, x0=697360971, x1=802859921
P1, tp=1, ts=1, x0=460781810
P3, tp=1, ts=1, x0=516765512
P2, tp=1, ts=1, x0=465832210, x1=135045751
P3, tp=1, ts=1, x0=163061217
P2, tp=1, ts=1, x0=144306508, x1=53293739
P2, tp=1, ts=1, x0=691195013, x1=759042727
P0, tp=1, ts=1
P0, tp=1, ts=1
P3, tp=1, ts=1, x0=990406599
P0, tp=1, ts=1
P1, tp=1, ts=1, x0=697360971
P1, tp=1, ts=1, x0=258571183
P0, tp=1, ts=1
P0, tp=1, ts=1
P2, tp=1, ts=1, x0=642402964, x1=34216644
P0, tp=1, ts=1
P3, tp=1, ts=1, x0=231932094
P3, tp=1, ts=1, x0=254821830
P1, tp=1, ts=1, x0=658848271
P2, tp=1, ts=1, x0=924281823, x1=859702507
P0, tp=1, ts=1
P0, tp=1, ts=1
P2, tp=1, ts=1, x0=642402964, x1=56996216
P0, tp=1, ts=1
P1, tp=1, ts=1, x0=367082317
P2, tp=1, ts=1, x0=859290031, x1=247196207
P0, tp=1, ts=1
P0, tp=1, ts=1
P3, tp=1, ts=1, x0=540211513
P0, tp=1, ts=1
P2, tp=1, ts=1, x0=34216644, x1=413203510
P0, tp=1, ts=1
P1, tp=1, ts=1, x0=759042727
P2, tp=1, ts=1, x0=913687805, x1=659936786
P1, tp=1, ts=1, x0=574663892
P1, tp=1, ts=1, x0=540211513
P3, tp=1, ts=1, x0=659936786
P2, tp=1, ts=1, x0=793960407, x1=460781810
P2, tp=1, ts=1, x0=990406599, x1=793960407
P0, tp=1, ts=1
P2, tp=1, ts=1, x0=853573725, x1=540211513
P3, tp=1, ts=1, x0=224093314
P1, tp=1, ts=1, x0=574663892
P0, tp=1, ts=1
P1, tp=1, ts=1, x0=440579536
P3, tp=1, ts=1, x0=373000334
P1, tp=1, ts=1, x0=357794322
P3, tp=1, ts=1, x0=865149973
P3, tp=1, ts=1, x0=869550133
P3, tp=1, ts=1, x0=53293739
P2, tp=1, ts=1, x0=56996216, x1=874465000
P2, tp=1, ts=1, x0=254821830, x1=402602993
P3, tp=1, ts=1, x0=659936786
P1, tp=1, ts=1, x0=13819891
P3, tp=1, ts=1, x0=479181615
P0, tp=1, ts=1
P2, tp=1, ts=1, x0=411857858, x1=9044
P3, tp=1, ts=1, x0=367082317
P2, tp=1, ts=1, x0=369833068, x1=281208801
P3, tp=1, ts=1, x0=227066681
P1, tp=1, ts=1, x0=460781810
P1, tp=1, ts=1, x0=223745878
P3, tp=1, ts=1, x0=852937355
P0, tp=1, ts=1
P1, tp=1, ts=1, x0=934255303
P1, tp=1, ts=1, x0=440579536
P2, tp=1, ts=1, x0=906255630, x1=122874324
P2, tp=1, ts=1, x0=349100025, x1=674665120
P1, tp=1, ts=1, x0=945624959
P1, tp=1, ts=1, x0=655358986
P1, tp=1, ts=1, x0=460781810
P3, tp=1, ts=1, x0=334961931
P0, tp=1, ts=1
P3, tp=1, ts=1, x0=709611043
P1, tp=1, ts=1, x0=918172626
P2, tp=1, ts=1, x0=258571183, x1=759920825
P2, tp=1, ts=1, x0=440597854, x1=223465452
P1, tp=1, ts=1, x0=183126695
P2, tp=1, ts=1, x0=756337731, x1=290156642
P2, tp=1, ts=1, x0=545396997, x1=642402964
P3, tp=1, ts=1, x0=56996216
P1, tp=1, ts=1, x0=903421800
P1, tp=1, ts=1, x0=223745878
P2, tp=1, ts=1, x0=778829854, x1=977132019
P3, tp=1, ts=1, x0=710720380
P1, tp=1, ts=1, x0=202148014
P0, tp=1, ts=1
P1, tp=1, ts=1, x0=637024053
P3, tp=1, ts=1, x0=369833068
P1, tp=1, ts=1, x0=227066681
P0, tp=1, ts=1
P0, tp=1, ts=1
P2, tp=1, ts=1, x0=990406599, x1=465832210
P1, tp=1, ts=1, x0=869550133
P3, tp=1, ts=1, x0=637024053
P3, tp=1, ts=1, x0=940829925
P3, tp=1, ts=1, x0=633153590
P2, tp=1, ts=1, x0=202410300, x1=769575720
P1, tp=1, ts=1, x0=144306508
P3, tp=1, ts=1, x0=831623960
P0, tp=1, ts=1
P3, tp=1, ts=1, x0=642402964
P3, tp=1, ts=1, x0=460781810
P3, tp=1, ts=1, x0=14884036
P1, tp=1, ts=1, x0=516765512
P2, tp=1, ts=1, x0=684603222, x1=802859921
P3, tp=1, ts=1, x0=759920825
P0, tp=1, ts=1
P3, tp=1, ts=1, x0=144306508
P2, tp=1, ts=1, x0=759920825, x1=940829925
P0, tp=1, ts=1
P1, tp=1, ts=1, x0=637024053
P1, tp=1, ts=1, x0=636105593
P2, tp=1, ts=1, x0=29002103, x1=223465452
P1, tp=1, ts=1, x0=373000334
P3, tp=1, ts=1, x0=874465000
P2, tp=1, ts=1, x0=990406599, x1=224093314
P1, tp=1, ts=1, x0=684603222
P1, tp=1, ts=1, x0=331266200
P3, tp=1, ts=1, x0=778829854
P0, tp=1, ts=1
P2, tp=1, ts=1, x0=684603222, x1=14884036
P3, tp=1, ts=1, x0=691195013
P0, tp=1, ts=1
P1, tp=1, ts=1, x0=691195013
P0, tp=1, ts=1
P1, tp=1, ts=1, x0=349100025
P1, tp=1, ts=1, x0=290156642
P3, tp=1, ts=1, x0=465832210
P0, tp=1, ts=1
P2, tp=1, ts=1, x0=411857858, x1=227066681
P1, tp=1, ts=1, x0=481385687
P0, tp=1, ts=1
P1, tp=1, ts=1, x0=460781810
P0, tp=1, ts=1
P1, tp=1, ts=1, x0=290156642
P1, tp=1, ts=1, x0=224093314
P3, tp=1, ts=1, x0=913687805
P0, tp=1, ts=1
P3, tp=1, ts=1, x0=918172626
P0, tp=1, ts=1
P0, tp=1, ts=1
P1, tp=1, ts=1, x0=759042727
P3, tp=1, ts=1, x0=574663892
P0, tp=1, ts=1
P0, tp=1, ts=1
P2, tp=1, ts=1, x0=247196207, x1=913687805
P0, tp=1, ts=1
P2, tp=1, ts=1, x0=793960407, x1=202148014
P3, tp=1, ts=1, x0=918172626
P0, tp=1, ts=1
P0, tp=1, ts=1
P2, tp=1, ts=1, x0=802859921, x1=697360971
P3, tp=1, ts=1, x0=655358986
P1, tp=1, ts=1, x0=659936786
P3, tp=1, ts=1, x0=769575720
P0, tp=1, ts=1
P1, tp=1, ts=1, x0=867020110
P3, tp=1, ts=1, x0=793960407
P2, tp=1, ts=1, x0=769575720, x1=802859921
P1, tp=1, ts=1, x0=836524570
P1, tp=1, ts=1, x0=940829925
P0, tp=1, ts=1
P2, tp=1, ts=1, x0=319143138, x1=836524570
P0, tp=1, ts=1
P3, tp=1, ts=1, x0=977132019
P0, tp=1, ts=1
P1, tp=1, ts=1, x0=319143138
P0, tp=1, ts=1
P0, tp=1, ts=1
P2, tp=1, ts=1, x0=465832210, x1=945624959
P3, tp=1, ts=1, x0=903421800
P3, tp=1, ts=1, x0=633153590
P3, tp=1, ts=1, x0=302635539
P1, tp=1, ts=1, x0=369833068
P3, tp=1, ts=1, x0=56996216
P0, tp=1, ts=1
P2, tp=1, ts=1, x0=691195013, x1=247196207
P1, tp=1, ts=1, x0=247196207
P2, tp=1, ts=1, x0=945624959, x1=903421800
P1, tp=1, ts=1, x0=836524570
P2, tp=1, ts=1, x0=223745878, x1=990406599
P1, tp=1, ts=1, x0=223745878
P2, tp=1, ts=1, x0=277349066, x1=846052324
P2, tp=1, ts=1, x0=697360971, x1=592455190
P0, tp=1, ts=1
P3, tp=1, ts=1, x0=906255630
P3, tp=1, ts=1, x0=636105593
P2, tp=1, ts=1, x0=413203510, x1=859290031
P3, tp=1, ts=1, x0=13819891
P1, tp=1, ts=1, x0=411857858
P0, tp=1, ts=1
P2, tp=1, ts=1, x0=540011444, x1=227066681
P2, tp=1, ts=1, x0=227066681, x1=991072560
P2, tp=1, ts=1, x0=934255303, x1=373000334
P3, tp=1, ts=1, x0=9044
P2, tp=1, ts=1, x0=977132019, x1=293612122
P0, tp=1, ts=1
P2, tp=1, ts=1, x0=242831894, x1=658848271
P1, tp=1, ts=1, x0=814564738
P1, tp=1, ts=1, x0=127471373
P2, tp=1, ts=1, x0=13819891, x1=869550133
P2, tp=1, ts=1, x0=224093314, x1=29697140
P2, tp=1, ts=1, x0=691195013, x1=368303704
P2, tp=1, ts=1, x0=945624959, x1=460781810
P3, tp=1, ts=1, x0=769575720
P3, tp=1, ts=1, x0=144306508
P1, tp=1, ts=1, x0=756337731
P1, tp=1, ts=1, x0=479058835
P1, tp=1, ts=1, x0=709611043
P1, tp=1, ts=1, x0=398881811
P0, tp=1, ts=1
P1, tp=1, ts=1, x0=655358986
P1, tp=1, ts=1, x0=211859559
P1, tp=1, ts=1, x0=202410300
P2, tp=1, ts=1, x0=778829854, x1=211859559
P0, tp=1, ts=1
P2, tp=1, ts=1, x0=851260981, x1=977132019
P3, tp=1, ts=1, x0=211859559
P1, tp=1, ts=1, x0=710720380
P1, tp=1, ts=1, x0=846052324
P0, tp=1, ts=1
P2, tp=1, ts=1, x0=144306508, x1=227066681
P1, tp=1, ts=1, x0=759920825
P2, tp=1, ts=1, x0=224093314, x1=367082317
P1, tp=1, ts=1, x0=759920825
P0, tp=1, ts=1
P2, tp=1, ts=1, x0=710720380, x1=367062533
P0, tp=1, ts=1
P0, tp=1, ts=1
P2, tp=1, ts=1, x0=349100025, x1=802859921
P3, tp=1, ts=1, x0=224093314
P0, tp=1, ts=1
P0, tp=1, ts=1
P3, tp=1, ts=1, x0=769575720
P0, tp=1, ts=1
P1, tp=1, ts=1, x0=802859921
P1, tp=1, ts=1, x0=642402964
P1, tp=1, ts=1, x0=831623960
P0, tp=1, ts=1
P3, tp=1, ts=1, x0=223745878
P2, tp=1, ts=1, x0=793960407, x1=874465000
P0, tp=1, ts=1
P3, tp=1, ts=1, x0=906748705
P1, tp=1, ts=1, x0=759042727
P1, tp=1, ts=1, x0=483981300
P2, tp=1, ts=1, x0=877001206, x1=13819891
P2, tp=1, ts=1, x0=223465452, x1=759042727
P2, tp=1, ts=1, x0=23764225, x1=769575720
P1, tp=1, ts=1, x0=144306508
P3, tp=1, ts=1, x0=368303704
P2, tp=1, ts=1, x0=906748705, x1=207965030
P0, tp=1, ts=1
P3, tp=1, ts=1, x0=9044
P2, tp=1, ts=1, x0=684603222, x1=183126695
P2, tp=1, ts=1, x0=859290031, x1=382459427
P2, tp=1, ts=1, x0=814564738, x1=111882559
P1, tp=1, ts=1, x0=465832210
P0, tp=1, ts=1
P0, tp=1, ts=1
P2, tp=1, ts=1, x0=367062533, x1=367082317
P1, tp=1, ts=1, x0=574663892
P2, tp=1, ts=1, x0=990406599, x1=592455190
P1, tp=1, ts=1, x0=23764225
P1, tp=1, ts=1, x0=684603222
P2, tp=1, ts=1, x0=991072560, x1=903421800
P1, tp=1, ts=1, x0=545396997
P3, tp=1, ts=1, x0=976062358
P1, tp=1, ts=1, x0=684603222
P1, tp=1, ts=1, x0=440597854
P3, tp=1, ts=1, x0=29002103
P0, tp=1, ts=1
P1, tp=1, ts=1, x0=302635539
P2, tp=1, ts=1, x0=223745878, x1=367062533
P2, tp=1, ts=1, x0=242831894, x1=483212117
P0, tp=1, ts=1
P3, tp=1, ts=1, x0=859702507
P2, tp=1, ts=1, x0=852937355, x1=659936786
P3, tp=1, ts=1, x0=163061217
P1, tp=1, ts=1, x0=402602993
P0, tp=1, ts=1
P3, tp=1, ts=1, x0=331266200
P1, tp=1, ts=1, x0=494963617
P3, tp=1, ts=1, x0=440597854
P1, tp=1, ts=1, x0=23764225
P0, tp=1, ts=1
P3, tp=1, ts=1, x0=494963617
P0, tp=1, ts=1
P0, tp=1, ts=1
P1, tp=1, ts=1, x0=223465452
P1, tp=1, ts=1, x0=906255630
P2, tp=1, ts=1, x0=874465000, x1=53293739
P3, tp=1, ts=1, x0=483212117
P0, tp=1, ts=1
P1, tp=1, ts=1, x0=361839242
P2, tp=1, ts=1, x0=655358986, x1=372304439
P1, tp=1, ts=1, x0=516765512
P3, tp=1, ts=1, x0=976062358
P0, tp=1, ts=1
P3, tp=1, ts=1, x0=636105593
P3, tp=1, ts=1, x0=14884036
P1, tp=1, ts=1, x0=23764225
P2, tp=1, ts=1, x0=655358986, x1=688675544
P1, tp=1, ts=1, x0=494963617
P2, tp=1, ts=1, x0=242831894, x1=516765512
P2, tp=1, ts=1, x0=368303704, x1=906748705
P3, tp=1, ts=1, x0=127471373
P2, tp=1, ts=1, x0=393040144, x1=440579536
P2, tp=1, ts=1, x0=368303704, x1=229332431
P3, tp=1, ts=1, x0=137992865
P3, tp=1, ts=1, x0=224093314
P2, tp=1, ts=1, x0=802859921, x1=658848271
P2, tp=1, ts=1, x0=435941031, x1=769575720
P3, tp=1, ts=1, x0=127471373
P0, tp=1, ts=1
P0, tp=1, ts=1
P2, tp=1, ts=1, x0=435941031, x1=23838
P1, tp=1, ts=1, x0=658848271
P2, tp=1, ts=1, x0=535642503, x1=319143138
P2, tp=1, ts=1, x0=202410300, x1=724934364
P3, tp=1, ts=1, x0=224093314
P2, tp=1, ts=1, x0=78783683, x1=137992865
P1, tp=1, ts=1, x0=859702507
P1, tp=1, ts=1, x0=23764225
P1, tp=1, ts=1, x0=319143138
P1, tp=1, ts=1, x0=440597854
P2, tp=1, ts=1, x0=940829925, x1=144306508
P1, tp=1, ts=1, x0=990406599
P2, tp=1, ts=1, x0=231932094, x1=977132019
P1, tp=1, ts=1, x0=494963617
P2, tp=1, ts=1, x0=540211513, x1=642402964
P0, tp=1, ts=1
P3, tp=1, ts=1, x0=64324883
P3, tp=1, ts=1, x0=373000334
P3, tp=1, ts=1, x0=382459427
P3, tp=1, ts=1, x0=531025210
P2, tp=1, ts=1, x0=368303704, x1=574663892
P1, tp=1, ts=1, x0=319143138
P1, tp=1, ts=1, x0=802859921
P1, tp=1, ts=1, x0=977132019
P2, tp=1, ts=1, x0=34216644, x1=516765512
P3, tp=1, ts=1, x0=223465452
P1, tp=1, ts=1, x0=940829925
P0, tp=1, ts=1
P1, tp=1, ts=1, x0=934255303
P3, tp=1, ts=1, x0=736716730
P3, tp=1, ts=1, x0=633153590
P0, tp=1, ts=1
P3, tp=1, ts=1, x0=865149973
P2, tp=1, ts=1, x0=688675544, x1=531025210
P3, tp=1, ts=1, x0=242831894
P1, tp=1, ts=1, x0=440597854
P2, tp=1, ts=1, x0=481385687, x1=258571183
P0, tp=1, ts=1
P0, tp=1, ts=1
P1, tp=1, ts=1, x0=223465452
P3, tp=1, ts=1, x0=227066681
P0, tp=1, ts=1
P2, tp=1, ts=1, x0=369833068, x1=231932094
P0, tp=1, ts=1
P1, tp=1, ts=1, x0=14884036
P2, tp=1, ts=1, x0=918172626, x1=874465000
P3, tp=1, ts=1, x0=435941031
P0, tp=1, ts=1
P1, tp=1, ts=1, x0=361839242
P1, tp=1, ts=1, x0=940829925
P3, tp=1, ts=1, x0=814564738
P2, tp=1, ts=1, x0=977132019, x1=494963617
P1, tp=1, ts=1, x0=516765512
P0, tp=1, ts=1
P2, tp=1, ts=1, x0=440597854, x1=479058835
P3, tp=1, ts=1, x0=636105593
P2, tp=1, ts=1, x0=545396997, x1=735685034
P3, tp=1, ts=1, x0=34216644
P2, tp=1, ts=1, x0=684603222, x1=242831894
P0, tp=1, ts=1
P1, tp=1, ts=1, x0=319143138
P3, tp=1, ts=1, x0=361839242
P2, tp=1, ts=1, x0=401764149, x1=688675544
P0, tp=1, ts=1
P0, tp=1, ts=1
P2, tp=1, ts=1, x0=460781810, x1=34216644
P2, tp=1, ts=1, x0=14884036, x1=852937355
P1, tp=1, ts=1, x0=457379983
P0, tp=1, ts=1
P1, tp=1, ts=1, x0=903421800
P1, tp=1, ts=1, x0=655358986
P0, tp=1, ts=1
P2, tp=1, ts=1, x0=865149973, x1=127471373
P3, tp=1, ts=1, x0=976062358
P1, tp=1, ts=1, x0=636105593
P1, tp=1, ts=1, x0=774078690
P2, tp=1, ts=1, x0=357794322, x1=319143138
P0, tp=1, ts=1
P0, tp=1, ts=1
P2, tp=1, ts=1, x0=290156642, x1=367082317
P3, tp=1, ts=1, x0=976062358
P1, tp=1, ts=1, x0=658848271
P1, tp=1, ts=1, x0=207965030
P3, tp=1, ts=1, x0=393040144
P2, tp=1, ts=1, x0=976062358, x1=440597854
P0, tp=1, ts=1
P3, tp=1, ts=1, x0=976062358
P1, tp=1, ts=1, x0=813149273
P2, tp=1, ts=1, x0=574663892, x1=750808985
P3, tp=1, ts=1, x0=440579536
P1, tp=1, ts=1, x0=990406599
P2, tp=1, ts=1, x0=144306508, x1=655358986
P2, tp=1, ts=1, x0=846052324, x1=545396997
P0, tp=1, ts=1
P1, tp=1, ts=1, x0=56996216
P0, tp=1, ts=1
P2, tp=1, ts=1, x0=29697140, x1=636105593
P2, tp=1, ts=1, x0=78783683, x1=349100025
P0, tp=1, ts=1
P3, tp=1, ts=1, x0=813149273
P2, tp=1, ts=1, x0=769575720, x1=258571183
P1, tp=1, ts=1, x0=813149273
P1, tp=1, ts=1, x0=319143138
P0, tp=1, ts=1
P0, tp=1, ts=1
P2, tp=1, ts=1, x0=56996216, x1=290156642
P1, tp=1, ts=1, x0=64324883
P2, tp=1, ts=1, x0=684603222, x1=483212117
P0, tp=1, ts=1
P3, tp=1, ts=1, x0=223745878
P0, tp=1, ts=1
P2, tp=1, ts=1, x0=304424824, x1=684603222
P2, tp=1, ts=1, x0=319143138, x1=13819891
P1, tp=1, ts=1, x0=227066681
P0, tp=1, ts=1
P3, tp=1, ts=1, x0=736716730
P0, tp=1, ts=1
P1, tp=1, ts=1, x0=310706839
P0, tp=1, ts=1
P2, tp=1, ts=1, x0=852937355, x1=846052324
P1, tp=1, ts=1, x0=684603222
P2, tp=1, ts=1, x0=424235885, x1=535642503
P0, tp=1, ts=1
P3, tp=1, ts=1, x0=977132019
P1, tp=1, ts=1, x0=53293739
P3, tp=1, ts=1, x0=290156642
P1, tp=1, ts=1, x0=460781810
P3, tp=1, ts=1, x0=540011444
P1, tp=1, ts=1, x0=277349066
P2, tp=1, ts=1, x0=750808985, x1=874465000
P1, tp=1, ts=1, x0=53293739
P3, tp=1, ts=1, x0=659936786
P3, tp=1, ts=1, x0=540011444
P1, tp=1, ts=1, x0=440597854
P0, tp=1, ts=1
P0, tp=1, ts=1
P3, tp=1, ts=1, x0=411857858
P2, tp=1, ts=1, x0=481385687, x1=865149973
P1, tp=1, ts=1, x0=835151261
P2, tp=1, ts=1, x0=494963617, x1=35347792
P1, tp=1, ts=1, x0=735685034
P0, tp=1, ts=1
P3, tp=1, ts=1, x0=457379983
P3, tp=1, ts=1, x0=23838
P2, tp=1, ts=1, x0=769575720, x1=368303704
P3, tp=1, ts=1, x0=545396997
P1, tp=1, ts=1, x0=865149973
P3, tp=1, ts=1, x0=903421800
P3, tp=1, ts=1, x0=223745878
P1, tp=1, ts=1, x0=736716730
P3, tp=1, ts=1, x0=774078690
P1, tp=1, ts=1, x0=435941031
P0, tp=1, ts=1
P2, tp=1, ts=1, x0=227066681, x1=852937355
P3, tp=1, ts=1, x0=836162962
P2, tp=1, ts=1, x0=163061217, x1=813149273
P2, tp=1, ts=1, x0=53293739, x1=906255630
P3, tp=1, ts=1, x0=440579536
P2, tp=1, ts=1, x0=64324883, x1=304424824
P2, tp=1, ts=1, x0=35347792, x1=293612122
P0, tp=1, ts=1
P0, tp=1, ts=1
P0, tp=1, ts=1
P0, tp=1, ts=1
P0, tp=1, ts=1
P2, tp=1, ts=1, x0=688675544, x1=836524570
P0, tp=1, ts=1
P1, tp=1, ts=1, x0=290156642
P1, tp=1, ts=1, x0=835151261
P2, tp=1, ts=1, x0=813149273, x1=684603222
P2, tp=1, ts=1, x0=310706839, x1=440597854
P3, tp=1, ts=1, x0=846052324
P0, tp=1, ts=1
P0, tp=1, ts=1
P1, tp=1, ts=1, x0=319143138
P2, tp=1, ts=1, x0=411857858, x1=684603222
P2, tp=1, ts=1, x0=361839242, x1=29002103
P2, tp=1, ts=1, x0=460781810, x1=865149973
P0, tp=1, ts=1
P2, tp=1, ts=1, x0=23838, x1=940829925
P2, tp=1, ts=1, x0=658848271, x1=56996216
P0, tp=1, ts=1
P3, tp=1, ts=1, x0=990406599
P3, tp=1, ts=1, x0=349100025
P0, tp=1, ts=1
P0, tp=1, ts=1
P2, tp=1, ts=1, x0=310706839, x1=574663892
P1, tp=1, ts=1, x0=540211513
P1, tp=1, ts=1, x0=214098173
P2, tp=1, ts=1, x0=540211513, x1=229332431
P0, tp=1, ts=1
P3, tp=1, ts=1, x0=319143138
P2, tp=1, ts=1, x0=516765512, x1=457379983
P2, tp=1, ts=1, x0=977132019, x1=367082317
P3, tp=1, ts=1, x0=229332431
P0, tp=1, ts=1
P1, tp=1, ts=1, x0=540211513
P2, tp=1, ts=1, x0=846052324, x1=633153590
P1, tp=1, ts=1, x0=846052324
P3, tp=1, ts=1, x0=774078690
P3, tp=1, ts=1, x0=540011444
P1, tp=1, ts=1, x0=990406599
P3, tp=1, ts=1, x0=424235885
P0, tp=1, ts=1
P0, tp=1, ts=1
P3, tp=1, ts=1, x0=658848271
P2, tp=1, ts=1, x0=9044, x1=750808985
P0, tp=1, ts=1
P0, tp=1, ts=1
P3, tp=1, ts=1, x0=814564738
P1, tp=1, ts=1, x0=457379983
P1, tp=1, ts=1, x0=53293739
P3, tp=1, ts=1, x0=869550133
P0, tp=1, ts=1
P0, tp=1, ts=1
P1, tp=1, ts=1, x0=304424824
P1, tp=1, ts=1, x0=207965030
P1, tp=1, ts=1, x0=903421800
P0, tp=1, ts=1
P0, tp=1, ts=1
P0, tp=1, ts=1
P1, tp=1, ts=1, x0=655358986
P0, tp=1, ts=1
P0, tp=1, ts=1
P2, tp=1, ts=1, x0=401764149, x1=369833068
P1, tp=1, ts=1, x0=78783683
P2, tp=1, ts=1, x0=535642503, x1=214098173
P3, tp=1, ts=1, x0=903421800
P3, tp=1, ts=1, x0=23764225
P3, tp=1, ts=1, x0=816192593
P1, tp=1, ts=1, x0=906748705
P2, tp=1, ts=1, x0=144306508, x1=865149973
P3, tp=1, ts=1, x0=357794322
P0, tp=1, ts=1
P2, tp=1, ts=1, x0=242831894, x1=659936786
P1, tp=1, ts=1, x0=836524570
P0, tp=1, ts=1
P3, tp=1, ts=1, x0=769575720
P0, tp=1, ts=1
P3, tp=1, ts=1, x0=813149273
P2, tp=1, ts=1, x0=137992865, x1=688675544
P2, tp=1, ts=1, x0=73096920, x1=866152570
P1, tp=1, ts=1, x0=836162962
P0, tp=1, ts=1
P0, tp=1, ts=1
P1, tp=1, ts=1, x0=64324883
P3, tp=1, ts=1, x0=633153590
P0, tp=1, ts=1
P2, tp=1, ts=1, x0=457379983, x1=633153590
P0, tp=1, ts=1
P2, tp=1, ts=1, x0=869550133, x1=633153590
P3, tp=1, ts=1, x0=14884036
P0, tp=1, ts=1
P1, tp=1, ts=1, x0=379060307
P0, tp=1, ts=1
P3, tp=2, ts=2, x0=816192593
P0, tp=2, ts=2
P2, tp=2, ts=2, x0=516765512, x1=793960407
P1, tp=2, ts=2, x0=494963617
P3, tp=2, ts=2, x0=304424824
P2, tp=2, ts=2, x0=35347792, x1=440579536
P2, tp=2, ts=2, x0=769575720, x1=903421800
P2, tp=2, ts=2, x0=735685034, x1=801579932
P3, tp=2, ts=2, x0=494963617
P1, tp=2, ts=2, x0=684603222
P3, tp=2, ts=2, x0=440597854
P1, tp=2, ts=2, x0=835151261
P3, tp=2, ts=2, x0=918172626
P2, tp=2, ts=2, x0=633153590, x1=78783683
P1, tp=2, ts=2, x0=288896971
P1, tp=2, ts=2, x0=655358986
P1, tp=2, ts=2, x0=23838
P3, tp=2, ts=2, x0=869550133
P3, tp=2, ts=2, x0=424235885
P0, tp=2, ts=2
P2, tp=2, ts=2, x0=357794322, x1=23838
P0, tp=2, ts=2
P0, tp=2, ts=2
P2, tp=2, ts=2, x0=23764225, x1=319143138
P3, tp=2, ts=2, x0=835151261
P2, tp=2, ts=2, x0=977132019, x1=398881811
P0, tp=2, ts=2
P0, tp=2, ts=2
P0, tp=2, ts=2
P1, tp=2, ts=2, x0=122874324
P1, tp=2, ts=2, x0=814564738
P3, tp=2, ts=2, x0=29002103
P0, tp=2, ts=2
P1, tp=2, ts=2, x0=865149973
P3, tp=2, ts=2, x0=393040144
P2, tp=2, ts=2, x0=223745878, x1=516765512
P2, tp=2, ts=2, x0=769575720, x1=560240386
P3, tp=2, ts=2, x0=521237446
P2, tp=2, ts=2, x0=393040144, x1=709611043
P3, tp=2, ts=2, x0=64324883
P1, tp=2, ts=2, x0=736716730
P0, tp=2, ts=2
P1, tp=2, ts=2, x0=229332431
P3, tp=2, ts=2, x0=23764225
P1, tp=2, ts=2, x0=659936786
P3, tp=2, ts=2, x0=736716730
P1, tp=2, ts=2, x0=866152570
P0, tp=2, ts=2
P3, tp=2, ts=2, x0=214098173
P0, tp=2, ts=2
P2, tp=2, ts=2, x0=242831894, x1=658848271
P3, tp=2, ts=2, x0=574663892
P1, tp=2, ts=2, x0=398881811
P0, tp=2, ts=2
P2, tp=2, ts=2, x0=304424824, x1=813149273
P1, tp=2, ts=2, x0=23838
P3, tp=2, ts=2, x0=29002103
P3, tp=2, ts=2, x0=903421800
P2, tp=2, ts=2, x0=684864064, x1=53293739
P0, tp=2, ts=2
P2, tp=2, ts=2, x0=801579932, x1=906255630
P0, tp=2, ts=2
P3, tp=2, ts=2, x0=368303704
P3, tp=2, ts=2, x0=207965030
P2, tp=2, ts=2, x0=540011444, x1=435046155
P3, tp=2, ts=2, x0=990406599
P3, tp=2, ts=2, x0=735685034
P0, tp=2, ts=2
P1, tp=2, ts=2, x0=633153590
P3, tp=2, ts=2, x0=224093314
P2, tp=2, ts=2, x0=288896971, x1=277349066
P3, tp=2, ts=2, x0=435046155
P3, tp=2, ts=2, x0=449967910
P2, tp=2, ts=2, x0=393040144, x1=277349066
P3, tp=2, ts=2, x0=543992888
P0, tp=2, ts=2
P0, tp=2, ts=2
P1, tp=2, ts=2, x0=460781810
P2, tp=2, ts=2, x0=535642503, x1=479058835
P0, tp=2, ts=2
P2, tp=2, ts=2, x0=976062358, x1=465832210
P1, tp=2, ts=2, x0=906255630
P2, tp=2, ts=2, x0=277349066, x1=57919239
P1, tp=2, ts=2, x0=846052324
P2, tp=2, ts=2, x0=696704502, x1=479058835
P3, tp=2, ts=2, x0=14884036
P2, tp=2, ts=2, x0=540211513, x1=144306508
P0, tp=2, ts=2
P1, tp=2, ts=2, x0=78783683
P0, tp=2, ts=2
P0, tp=2, ts=2
P0, tp=2, ts=2
P3, tp=2, ts=2, x0=144306508
P2, tp=2, ts=2, x0=684864064, x1=802859921
P1, tp=2, ts=2, x0=14884036
P3, tp=2, ts=2, x0=990406599
P2, tp=2, ts=2, x0=481385687, x1=449967910
P3, tp=2, ts=2, x0=78783683
P1, tp=2, ts=2, x0=229332431
P0, tp=2, ts=2
P3, tp=2, ts=2, x0=678285908
P0, tp=2, ts=2
P0, tp=2, ts=2
P3, tp=2, ts=2, x0=398881811
P3, tp=2, ts=2, x0=440579536
P1, tp=2, ts=2, x0=846052324
P0, tp=2, ts=2
P3, tp=2, ts=2, x0=769575720
P0, tp=2, ts=2
P3, tp=2, ts=2, x0=866152570
P3, tp=2, ts=2, x0=239298198
P0, tp=2, ts=2
P1, tp=2, ts=2, x0=34216644
P0, tp=2, ts=2
P3, tp=2, ts=2, x0=440579536
P2, tp=2, ts=2, x0=976062358, x1=34216644
P3, tp=2, ts=2, x0=367062533
P3, tp=2, ts=2, x0=560240386
P0, tp=2, ts=2
P2, tp=2, ts=2, x0=531025210, x1=357794322
P3, tp=2, ts=2, x0=425279847
P3, tp=2, ts=2, x0=372304439
P2, tp=2, ts=2, x0=816192593, x1=372304439
P0, tp=2, ts=2
P1, tp=2, ts=2, x0=678285908
P2, tp=2, ts=2, x0=34216644, x1=293612122
P0, tp=2, ts=2
P2, tp=2, ts=2, x0=242831894, x1=56996216
P3, tp=2, ts=2, x0=88956117
P0, tp=2, ts=2
P2, tp=2, ts=2, x0=724934364, x1=454567728
P1, tp=2, ts=2, x0=735685034
P2, tp=2, ts=2, x0=456539164, x1=78783683
P2, tp=2, ts=2, x0=494963617, x1=457379983
P3, tp=2, ts=2, x0=23838
P2, tp=2, ts=2, x0=122874324, x1=535642503
P2, tp=2, ts=2, x0=481385687, x1=357794322
P3, tp=2, ts=2, x0=696704502
P0, tp=2, ts=2
P1, tp=2, ts=2, x0=756337731
P2, tp=2, ts=2, x0=756337731, x1=435941031
P2, tp=2, ts=2, x0=836162962, x1=440597854
P3, tp=2, ts=2, x0=655358986
P3, tp=2, ts=2, x0=814564738
P3, tp=2, ts=2, x0=540211513
P0, tp=2, ts=2
P2, tp=2, ts=2, x0=976062358, x1=918172626
P1, tp=2, ts=2, x0=750808985
P3, tp=2, ts=2, x0=521237446
P3, tp=2, ts=2, x0=304424824
P3, tp=2, ts=2, x0=906748705
P2, tp=2, ts=2, x0=724934364, x1=472517426
P0, tp=2, ts=2
P0, tp=2, ts=2
P2, tp=2, ts=2, x0=227066681, x1=686188530
P3, tp=2, ts=2, x0=511362766
P2, tp=2, ts=2, x0=460781810, x1=531025210
P1, tp=2, ts=2, x0=555530616
P2, tp=2, ts=2, x0=78783683, x1=435046155
P0, tp=2, ts=2
P0, tp=2, ts=2
P2, tp=2, ts=2, x0=483212117, x1=238575907
P0, tp=2, ts=2
P0, tp=2, ts=2
P1, tp=2, ts=2, x0=846052324
P2, tp=2, ts=2, x0=543992888, x1=424235885
P1, tp=2, ts=2, x0=801579932
P0, tp=2, ts=2
P0, tp=2, ts=2
P3, tp=2, ts=2, x0=35347792
P2, tp=2, ts=2, x0=424235885, x1=940829925
P0, tp=2, ts=2
P2, tp=2, ts=2, x0=735685034, x1=655358986
P3, tp=2, ts=2, x0=304424824
P1, tp=2, ts=2, x0=57919239
P3, tp=2, ts=2, x0=304424824
P2, tp=2, ts=2, x0=43353433, x1=435046155
P3, tp=2, ts=2, x0=813149273
P3, tp=2, ts=2, x0=73096920
P1, tp=2, ts=2, x0=816192593
P1, tp=2, ts=2, x0=540211513
P2, tp=2, ts=2, x0=686188530, x1=425279847
P0, tp=2, ts=2
P0, tp=2, ts=2
P0, tp=2, ts=2
P3, tp=2, ts=2, x0=788343862
P0, tp=2, ts=2
P1, tp=2, ts=2, x0=802859921
P1, tp=2, ts=2, x0=560240386
P3, tp=2, ts=2, x0=367062533
P1, tp=2, ts=2, x0=449967910
P2, tp=2, ts=2, x0=709611043, x1=813149273
P2, tp=2, ts=2, x0=35347792, x1=481385687
P2, tp=2, ts=2, x0=229332431, x1=574663892
P0, tp=2, ts=2
P1, tp=2, ts=2, x0=449967910
P0, tp=2, ts=2
P2, tp=2, ts=2, x0=35347792, x1=35347792
P2, tp=2, ts=2, x0=457379983, x1=454567728
P0, tp=2, ts=2
P1, tp=2, ts=2, x0=43353433
P1, tp=2, ts=2, x0=454567728
P0, tp=2, ts=2
P1, tp=2, ts=2, x0=835151261
P2, tp=2, ts=2, x0=227066681, x1=382459427
P0, tp=2, ts=2
P2, tp=2, ts=2, x0=818013939, x1=852937355
P3, tp=2, ts=2, x0=456539164
P1, tp=2, ts=2, x0=449967910
P3, tp=2, ts=2, x0=906748705
P0, tp=2, ts=2
P2, tp=2, ts=2, x0=239298198, x1=866152570
P3, tp=2, ts=2, x0=977132019
P1, tp=2, ts=2, x0=814564738
P3, tp=2, ts=2, x0=788343862
P1, tp=2, ts=2, x0=304424824
P0, tp=2, ts=2
P2, tp=2, ts=2, x0=304424824, x1=425279847
P1, tp=2, ts=2, x0=35347792
P2, tp=2, ts=2, x0=481385687, x1=800699294
P0, tp=2, ts=2
P2, tp=2, ts=2, x0=688675544, x1=684603222
P1, tp=2, ts=2, x0=865149973
P0, tp=2, ts=2
P1, tp=2, ts=2, x0=382459427
P0, tp=2, ts=2
P1, tp=2, ts=2, x0=836524570
P0, tp=2, ts=2
P3, tp=2, ts=2, x0=574663892
P3, tp=2, ts=2, x0=214098173
P1, tp=2, ts=2, x0=443552734
P1, tp=2, ts=2, x0=398881811
P0, tp=2, ts=2
P1, tp=2, ts=2, x0=688675544
P2, tp=2, ts=2, x0=310706839, x1=227066681
P2, tp=2, ts=2, x0=976062358, x1=846052324
P1, tp=2, ts=2, x0=449967910
P2, tp=2, ts=2, x0=658848271, x1=443552734
P1, tp=2, ts=2, x0=424235885
P3, tp=2, ts=2, x0=373298134
P1, tp=2, ts=2, x0=696704502
P1, tp=2, ts=2, x0=869550133
P3, tp=2, ts=2, x0=207965030
P1, tp=2, ts=2, x0=457379983
P0, tp=2, ts=2
P1, tp=2, ts=2, x0=836767585
P0, tp=2, ts=2
P3, tp=2, ts=2, x0=976062358
P1, tp=2, ts=2, x0=367062533
P0, tp=2, ts=2
P0, tp=2, ts=2
P3, tp=2, ts=2, x0=976062358
P0, tp=2, ts=2
P3, tp=2, ts=2, x0=163061217
P0, tp=2, ts=2
P3, tp=2, ts=2, x0=23838
P3, tp=2, ts=2, x0=372304439
P2, tp=2, ts=2, x0=516765512, x1=835151261
P3, tp=2, ts=2, x0=696704502
P3, tp=2, ts=2, x0=35347792
P2, tp=2, ts=2, x0=56996216, x1=367062533
P1, tp=2, ts=2, x0=535642503
P3, tp=2, ts=2, x0=465832210
P0, tp=2, ts=2
P2, tp=2, ts=2, x0=735685034, x1=472517426
P1, tp=2, ts=2, x0=814564738
P1, tp=2, ts=2, x0=78783683
P3, tp=2, ts=2, x0=122874324
P3, tp=2, ts=2, x0=122874324
P3, tp=2, ts=2, x0=684864064
P3, tp=2, ts=2, x0=869550133
P3, tp=2, ts=2, x0=918172626
P0, tp=2, ts=2
P2, tp=2, ts=2, x0=78783683, x1=818013939
P1, tp=2, ts=2, x0=310706839
P3, tp=2, ts=2, x0=715723205
P2, tp=2, ts=2, x0=511362766, x1=686188530
P2, tp=2, ts=2, x0=23838, x1=724934364
P1, tp=2, ts=2, x0=531025210
P3, tp=2, ts=2, x0=801579932
P1, tp=2, ts=2, x0=153064521
P2, tp=2, ts=2, x0=836767585, x1=483212117
P3, tp=2, ts=2, x0=800699294
P0, tp=2, ts=2
P2, tp=2, ts=2, x0=835151261, x1=64324883
P3, tp=2, ts=2, x0=435046155
P3, tp=2, ts=2, x0=53293739
P3, tp=2, ts=2, x0=696704502
P1, tp=2, ts=2, x0=35347792
P1, tp=2, ts=2, x0=816192593
P0, tp=2, ts=2
P0, tp=2, ts=2
P1, tp=2, ts=2, x0=659936786
P2, tp=2, ts=2, x0=736716730, x1=481385687
P2, tp=2, ts=2, x0=472517426, x1=543992888
P3, tp=2, ts=2, x0=214098173
P1, tp=2, ts=2, x0=64324883
P3, tp=2, ts=2, x0=450224269
P1, tp=2, ts=2, x0=560240386
P2, tp=2, ts=2, x0=227066681, x1=281208801
P0, tp=2, ts=2
P3, tp=2, ts=2, x0=207965030
P2, tp=2, ts=2, x0=214098173, x1=398881811
P0, tp=2, ts=2
P0, tp=2, ts=2
P3, tp=2, ts=2, x0=78783683
P0, tp=2, ts=2
P3, tp=2, ts=2, x0=479058835
P0, tp=2, ts=2
P2, tp=2, ts=2, x0=293612122, x1=227066681
P0, tp=2, ts=2
P2, tp=2, ts=2, x0=853248313, x1=976062358
P3, tp=2, ts=2, x0=401476346
P1, tp=2, ts=2, x0=450224269
P1, tp=2, ts=2, x0=866152570
P2, tp=2, ts=2, x0=456539164, x1=28123380
P3, tp=2, ts=2, x0=23764225
P1, tp=2, ts=2, x0=238575907
P1, tp=2, ts=2, x0=435941031
P2, tp=2, ts=2, x0=379060307, x1=750808985
P0, tp=2, ts=2
P2, tp=2, ts=2, x0=814564738, x1=816192593
P0, tp=2, ts=2
P2, tp=2, ts=2, x0=788343862, x1=43353433
P0, tp=2, ts=2
P2, tp=2, ts=2, x0=836767585, x1=736716730
P3, tp=2, ts=2, x0=724934364
P1, tp=2, ts=2, x0=801579932
P3, tp=2, ts=2, x0=530272142
P2, tp=2, ts=2, x0=877001206, x1=56996216
P0, tp=2, ts=2
P1, tp=2, ts=2, x0=290156642
P1, tp=2, ts=2, x0=242831894
P3, tp=2, ts=2, x0=35347792
P1, tp=2, ts=2, x0=288896971
P1, tp=2, ts=2, x0=540211513
P2, tp=2, ts=2, x0=540211513, x1=163061217
P2, tp=2, ts=2, x0=457379983, x1=450224269
P0, tp=2, ts=2
P3, tp=2, ts=2, x0=454567728
P3, tp=2, ts=2, x0=688675544
P3, tp=2, ts=2, x0=227066681
P3, tp=2, ts=2, x0=485435588
P3, tp=2, ts=2, x0=846052324
P2, tp=2, ts=2, x0=836767585, x1=425279847
P0, tp=2, ts=2
P0, tp=2, ts=2
P0, tp=2, ts=2
P1, tp=2, ts=2, x0=398881811
P3, tp=2, ts=2, x0=450224269
P1, tp=2, ts=2, x0=35347792
P2, tp=2, ts=2, x0=813149273, x1=435941031
P2, tp=2, ts=2, x0=788343862, x1=800699294
P3, tp=2, ts=2, x0=393040144
P0, tp=2, ts=2
P2, tp=2, ts=2, x0=511362766, x1=292801224
P0, tp=2, ts=2
P2, tp=2, ts=2, x0=64324883, x1=443552734
P1, tp=2, ts=2, x0=457379983
P1, tp=2, ts=2, x0=43353433
P2, tp=2, ts=2, x0=678285908, x1=153064521
P1, tp=2, ts=2, x0=454567728
P0, tp=2, ts=2
P1, tp=2, ts=2, x0=686188530
P0, tp=2, ts=2
P3, tp=2, ts=2, x0=229332431
P3, tp=2, ts=2, x0=750808985
P2, tp=2, ts=2, x0=906748705, x1=686188530
P0, tp=2, ts=2
P1, tp=2, ts=2, x0=419963345
P3, tp=2, ts=2, x0=911008021
P2, tp=2, ts=2, x0=227066681, x1=163061217
P1, tp=2, ts=2, x0=788343862
P0, tp=2, ts=2
P1, tp=2, ts=2, x0=435941031
P1, tp=2, ts=2, x0=372304439
P3, tp=2, ts=2, x0=401764149
P2, tp=2, ts=2, x0=547689030, x1=479058835
P2, tp=2, ts=2, x0=538206939, x1=479058835
P0, tp=2, ts=2
P1, tp=2, ts=2, x0=816192593
P1, tp=2, ts=2, x0=293612122
P0, tp=2, ts=2
P2, tp=2, ts=2, x0=122874324, x1=479058835
P2, tp=2, ts=2, x0=659936786, x1=163061217
P1, tp=2, ts=2, x0=852937355
P0, tp=2, ts=2
P0, tp=2, ts=2
P3, tp=2, ts=2, x0=724934364
P2, tp=2, ts=2, x0=538206939, x1=382459427
P2, tp=2, ts=2, x0=511362766, x1=293612122
P0, tp=2, ts=2
P1, tp=2, ts=2, x0=239298198
P1, tp=2, ts=2, x0=859563436
P2, tp=2, ts=2, x0=398881811, x1=292801224
P0, tp=2, ts=2
P1, tp=2, ts=2, x0=23764225
P3, tp=2, ts=2, x0=368303704
P2, tp=2, ts=2, x0=398881811, x1=679824419
P2, tp=2, ts=2, x0=227066681, x1=511362766
P2, tp=2, ts=2, x0=73096920, x1=207965030
P2, tp=2, ts=2, x0=153064521, x1=214098173
P0, tp=2, ts=2
P1, tp=2, ts=2, x0=715723205
P0, tp=2, ts=2
P0, tp=2, ts=2
P0, tp=2, ts=2
P1, tp=2, ts=2, x0=724934364
P2, tp=2, ts=2, x0=454567728, x1=540211513
P0, tp=2, ts=2
P3, tp=2, ts=2, x0=547689030
P3, tp=2, ts=2, x0=288896971
P2, tp=2, ts=2, x0=547689030, x1=379060307
P2, tp=2, ts=2, x0=35347792, x1=735685034
P0, tp=2, ts=2
P0, tp=2, ts=2
P1, tp=2, ts=2, x0=431733222
P0, tp=2, ts=2
P1, tp=2, ts=2, x0=373298134
P0, tp=2, ts=2
P2, tp=2, ts=2, x0=425279847, x1=43353433
P3, tp=2, ts=2, x0=735685034
P2, tp=2, ts=2, x0=239298198, x1=53293739
P1, tp=2, ts=2, x0=911008021
P0, tp=2, ts=2
P0, tp=2, ts=2
P1, tp=2, ts=2, x0=73096920
P0, tp=2, ts=2
P3, tp=2, ts=2, x0=877001206
P1, tp=2, ts=2, x0=555530616
P0, tp=2, ts=2
P0, tp=2, ts=2
P0, tp=2, ts=2
P0, tp=2, ts=2
P3, tp=2, ts=2, x0=107287293
P3, tp=2, ts=2, x0=481385687
P3, tp=2, ts=2, x0=163061217
P1, tp=2, ts=2, x0=153064521
P0, tp=2, ts=2
P1, tp=2, ts=2, x0=472517426
P2, tp=2, ts=2, x0=836524570, x1=367062533
P3, tp=2, ts=2, x0=688675544
P0, tp=2, ts=2
P0, tp=2, ts=2
P2, tp=2, ts=2, x0=756337731, x1=483212117
P3, tp=2, ts=2, x0=239298198
P2, tp=2, ts=2, x0=419963345, x1=865139453
P1, tp=2, ts=2, x0=49970588
P2, tp=2, ts=2, x0=425279847, x1=555530616
P3, tp=2, ts=2, x0=345065294
P1, tp=2, ts=2, x0=397440397
P0, tp=2, ts=2
P2, tp=2, ts=2, x0=122874324, x1=773414477
P1, tp=2, ts=2, x0=816192593
P2, tp=2, ts=2, x0=304424824, x1=836767585
P2, tp=2, ts=2, x0=443552734, x1=836767585
P0, tp=2, ts=2
P1, tp=2, ts=2, x0=976062358
P0, tp=2, ts=2
P0, tp=2, ts=2
P0, tp=2, ts=2
P3, tp=2, ts=2, x0=425279847
P3, tp=2, ts=2, x0=293612122
P1, tp=2, ts=2, x0=397440397
P1, tp=2, ts=2, x0=73096920
P2, tp=2, ts=2, x0=521237446, x1=456539164
P1, tp=2, ts=2, x0=485435588
P1, tp=2, ts=2, x0=424235885
P3, tp=2, ts=2, x0=483212117
P1, tp=2, ts=2, x0=288896971
P2, tp=2, ts=2, x0=977132019, x1=800699294
P2, tp=2, ts=2, x0=543992888, x1=293612122
P0, tp=2, ts=2
P2, tp=2, ts=2, x0=560240386, x1=49970588
P0, tp=2, ts=2
P3, tp=2, ts=2, x0=349069954
P0, tp=2, ts=2
P1, tp=2, ts=2, x0=153064521
P3, tp=2, ts=2, x0=242006158
P0, tp=2, ts=2
P1, tp=2, ts=2, x0=57919239
P1, tp=2, ts=2, x0=659735246
P0, tp=2, ts=2
P1, tp=2, ts=2, x0=107287293
P1, tp=2, ts=2, x0=419963345
P0, tp=2, ts=2
P1, tp=2, ts=2, x0=481385687
P2, tp=2, ts=2, x0=756337731, x1=479058835
P3, tp=2, ts=2, x0=28123380
P2, tp=2, ts=2, x0=977132019, x1=373298134
P1, tp=2, ts=2, x0=375767226
P1, tp=2, ts=2, x0=817499930
P2, tp=2, ts=2, x0=450224269, x1=977132019
P0, tp=2, ts=2
P3, tp=2, ts=2, x0=456539164
P3, tp=2, ts=2, x0=345065294
P3, tp=2, ts=2, x0=736716730
P1, tp=2, ts=2, x0=367062533
P0, tp=2, ts=2
P3, tp=2, ts=2, x0=390831443
P0, tp=2, ts=2
P2, tp=2, ts=2, x0=800699294, x1=419963345
P1, tp=2, ts=2, x0=735685034
P0, tp=2, ts=2
P1, tp=2, ts=2, x0=424235885
P0, tp=2, ts=2
P2, tp=2, ts=2, x0=153064521, x1=976062358
P2, tp=2, ts=2, x0=481385687, x1=865139453
P2, tp=2, ts=2, x0=678285908, x1=735685034
P1, tp=2, ts=2, x0=367062533
P0, tp=2, ts=2
P2, tp=2, ts=2, x0=288896971, x1=736716730
P0, tp=2, ts=2
P3, tp=2, ts=2, x0=443552734
P1, tp=2, ts=2, x0=349069954
P3, tp=2, ts=2, x0=538206939
P0, tp=2, ts=2
P3, tp=2, ts=2, x0=57919239
P3, tp=2, ts=2, x0=511362766
P0, tp=2, ts=2
P2, tp=2, ts=2, x0=449967910, x1=107287293
P1, tp=2, ts=2, x0=122211783
P2, tp=2, ts=2, x0=560240386, x1=481385687
P0, tp=2, ts=2
P0, tp=2, ts=2
P1, tp=2, ts=2, x0=853248313
P2, tp=2, ts=2, x0=375767226, x1=73096920
P3, tp=2, ts=2, x0=688675544
P2, tp=2, ts=2, x0=817499930, x1=535642503
P2, tp=2, ts=2, x0=390831443, x1=373298134
P0, tp=2, ts=2
P0, tp=2, ts=2
P2, tp=2, ts=2, x0=483212117, x1=472517426
P1, tp=2, ts=2, x0=14884036
P1, tp=2, ts=2, x0=336182131
P3, tp=2, ts=2, x0=28123380
P1, tp=2, ts=2, x0=715723205
P1, tp=2, ts=2, x0=865139453
P3, tp=2, ts=2, x0=367062533
P3, tp=2, ts=2, x0=73096920
P2, tp=2, ts=2, x0=336182131, x1=424235885
P3, tp=2, ts=2, x0=859563436
P2, tp=2, ts=2, x0=122211783, x1=358020821
P1, tp=2, ts=2, x0=107287293
P0, tp=2, ts=2
P3, tp=2, ts=2, x0=122211783
P2, tp=2, ts=2, x0=580594376, x1=401764149
P0, tp=2, ts=2
P2, tp=2, ts=2, x0=368303704, x1=304424824
P1, tp=2, ts=2, x0=449967910
P2, tp=2, ts=2, x0=293612122, x1=435941031
P0, tp=2, ts=2
P1, tp=2, ts=2, x0=449967910
P2, tp=2, ts=2, x0=57919239, x1=319143138
P0, tp=2, ts=2
P2, tp=2, ts=2, x0=345065294, x1=816192593
P1, tp=2, ts=2, x0=689395199
P2, tp=2, ts=2, x0=456539164, x1=715723205
P0, tp=2, ts=2
P1, tp=2, ts=2, x0=64324883
P2, tp=2, ts=2, x0=817569936, x1=304424824
P1, tp=2, ts=2, x0=443552734
P3, tp=2, ts=2, x0=82146286
P1, tp=2, ts=2, x0=696704502
P2, tp=2, ts=2, x0=443552734, x1=511362766
P1, tp=2, ts=2, x0=736716730
P0, tp=2, ts=2
P3, tp=2, ts=2, x0=367062533
P1, tp=2, ts=2, x0=195219644
P3, tp=2, ts=2, x0=50340100
P1, tp=2, ts=2, x0=349069954
P3, tp=2, ts=2, x0=435941031
P2, tp=2, ts=2, x0=375767226, x1=813149273
P0, tp=2, ts=2
P0, tp=2, ts=2
P1, tp=2, ts=2, x0=479058835
P2, tp=2, ts=2, x0=393040144, x1=107287293
P2, tp=2, ts=2, x0=535642503, x1=390831443
P1, tp=2, ts=2, x0=818013939
P3, tp=2, ts=2, x0=472517426
P2, tp=2, ts=2, x0=345065294, x1=817499930
P2, tp=2, ts=2, x0=543992888, x1=435941031
P0, tp=2, ts=2
P3, tp=2, ts=2, x0=310706839
P3, tp=2, ts=2, x0=424235885
P1, tp=2, ts=2, x0=286136032
P2, tp=2, ts=2, x0=865139453, x1=122211783
P2, tp=2, ts=2, x0=375767226, x1=450224269
P0, tp=2, ts=2
P2, tp=2, ts=2, x0=274133801, x1=73096920
P1, tp=2, ts=2, x0=817569936
P1, tp=2, ts=2, x0=401764149
P0, tp=2, ts=2
P2, tp=2, ts=2, x0=153064521, x1=521237446
P1, tp=2, ts=2, x0=304455931
P0, tp=2, ts=2
P1, tp=2, ts=2, x0=715723205
P2, tp=2, ts=2, x0=242006158, x1=242006158
P1, tp=2, ts=2, x0=375767226
P1, tp=2, ts=2, x0=358020821
P1, tp=2, ts=2, x0=274133801
P1, tp=2, ts=2, x0=538206939
P1, tp=2, ts=2, x0=750808985
P2, tp=2, ts=2, x0=456539164, x1=818013939
P2, tp=2, ts=2, x0=49970588, x1=336182131
P3, tp=2, ts=2, x0=288896971
P3, tp=2, ts=2, x0=853248313
P2, tp=2, ts=2, x0=906748705, x1=82146286
P3, tp=2, ts=2, x0=57919239
P3, tp=2, ts=2, x0=689395199
P0, tp=2, ts=2
P2, tp=2, ts=2, x0=865139453, x1=424235885
P3, tp=2, ts=2, x0=50340100
P0, tp=2, ts=2
P0, tp=2, ts=2
P1, tp=2, ts=2, x0=397440397
P1, tp=2, ts=2, x0=345065294
P1, tp=2, ts=2, x0=379060307
P3, tp=2, ts=2, x0=393040144
P3, tp=2, ts=2, x0=483212117
P3, tp=2, ts=2, x0=696704502
P1, tp=2, ts=2, x0=911008021
P3, tp=2, ts=2, x0=419963345
P1, tp=2, ts=2, x0=107287293
P3, tp=2, ts=2, x0=276056805
P1, tp=2, ts=2, x0=835151261
P1, tp=2, ts=2, x0=560240386
P1, tp=2, ts=2, x0=274133801
P2, tp=2, ts=2, x0=304455931, x1=304424824
P0, tp=2, ts=2
P0, tp=2, ts=2
P0, tp=2, ts=2
P3, tp=2, ts=2, x0=132232845
P0, tp=2, ts=2
P2, tp=2, ts=2, x0=195219644, x1=678285908
P2, tp=2, ts=2, x0=390831443, x1=865139453
P3, tp=2, ts=2, x0=345065294
P3, tp=2, ts=2, x0=449967910
P2, tp=2, ts=2, x0=373298134, x1=336182131
P1, tp=2, ts=2, x0=836162962
P0, tp=2, ts=2
P3, tp=2, ts=2, x0=443552734
P3, tp=2, ts=2, x0=521237446
P3, tp=2, ts=2, x0=336182131
P0, tp=2, ts=2
P1, tp=2, ts=2, x0=288896971
P3, tp=2, ts=2, x0=107287293
P0, tp=2, ts=2
P3, tp=2, ts=2, x0=483212117
P1, tp=2, ts=2, x0=390831443
P0, tp=2, ts=2
P3, tp=2, ts=2, x0=859563436
P2, tp=2, ts=2, x0=435941031, x1=688675544
P1, tp=2, ts=2, x0=911008021
P0, tp=2, ts=2
P1, tp=2, ts=2, x0=531025210
P0, tp=2, ts=2
P1, tp=2, ts=2, x0=580594376
P2, tp=2, ts=2, x0=688675544, x1=304455931
P2, tp=2, ts=2, x0=580594376, x1=373298134
P3, tp=2, ts=2, x0=239298198
P0, tp=2, ts=2
P3, tp=2, ts=2, x0=801579932
P1, tp=2, ts=2, x0=531025210
P3, tp=2, ts=2, x0=425279847
P2, tp=2, ts=2, x0=49970588, x1=521237446
P3, tp=2, ts=2, x0=688675544
P1, tp=2, ts=2, x0=813149273
P2, tp=2, ts=2, x0=531025210, x1=686188530
P2, tp=2, ts=2, x0=678285908, x1=659735246
P1, tp=2, ts=2, x0=435046155
P1, tp=2, ts=2, x0=379060307
P1, tp=2, ts=2, x0=494963617
P0, tp=2, ts=2
P3, tp=2, ts=2, x0=895050005
P3, tp=2, ts=2, x0=310706839
P1, tp=2, ts=2, x0=450224269
P3, tp=2, ts=2, x0=688675544
P3, tp=2, ts=2, x0=238575907
P2, tp=2, ts=2, x0=443552734, x1=64324883
P1, tp=2, ts=2, x0=696837071
P2, tp=2, ts=2, x0=817569936, x1=835151261
P1, tp=2, ts=2, x0=836162962
P1, tp=2, ts=2, x0=88956117
P2, tp=2, ts=2, x0=485435588, x1=379060307
P1, tp=2, ts=2, x0=865139453
P0, tp=2, ts=2
P2, tp=2, ts=2, x0=107287293, x1=835151261
P1, tp=2, ts=2, x0=435046155
P3, tp=2, ts=2, x0=336182131
P0, tp=2, ts=2
P1, tp=2, ts=2, x0=238575907
P0, tp=2, ts=2
P1, tp=2, ts=2, x0=530272142
P3, tp=2, ts=2, x0=976062358
P1, tp=2, ts=2, x0=476130386
P2, tp=2, ts=2, x0=304424824, x1=696837071
P2, tp=2, ts=2, x0=435046155, x1=678285908
P2, tp=2, ts=2, x0=547689030, x1=896337574
P1, tp=2, ts=2, x0=425279847
P0, tp=2, ts=2
P3, tp=2, ts=2, x0=292801224
P0, tp=2, ts=2
P0, tp=2, ts=2
P2, tp=2, ts=2, x0=689395199, x1=401476346
P3, tp=2, ts=2, x0=397440397
P3, tp=2, ts=2, x0=286136032
P2, tp=2, ts=2, x0=276056805, x1=153064521
P3, tp=2, ts=2, x0=801579932
P0, tp=2, ts=2
P0, tp=2, ts=2
P1, tp=2, ts=2, x0=659735246
P0, tp=2, ts=2
P1, tp=2, ts=2, x0=49970588
P3, tp=2, ts=2, x0=424235885
P3, tp=2, ts=2, x0=911008021
P3, tp=2, ts=2, x0=431733222
P3, tp=2, ts=2, x0=472517426
P1, tp=2, ts=2, x0=817499930
P1, tp=2, ts=2, x0=472517426
P0, tp=2, ts=2
P3, tp=2, ts=2, x0=274133801
P1, tp=2, ts=2, x0=896337574
P3, tp=2, ts=2, x0=750808985
P2, tp=2, ts=2, x0=750808985, x1=7269934
P1, tp=2, ts=2, x0=73096920
P0, tp=2, ts=2
P0, tp=2, ts=2
P1, tp=2, ts=2, x0=431733222
P0, tp=2, ts=2
P3, tp=2, ts=2, x0=310706839
P1, tp=2, ts=2, x0=397440397
P1, tp=2, ts=2, x0=853248313
P1, tp=2, ts=2, x0=688675544
P3, tp=2, ts=2, x0=511362766
P2, tp=2, ts=2, x0=347227054, x1=375767226
P2, tp=2, ts=2, x0=375767226, x1=836767585
P2, tp=2, ts=2, x0=425279847, x1=274133801
P0, tp=2, ts=2
P1, tp=2, ts=2, x0=122211783
P2, tp=2, ts=2, x0=895050005, x1=535642503
P0, tp=2, ts=2
P2, tp=2, ts=2, x0=817569936, x1=345065294
P2, tp=2, ts=2, x0=530272142, x1=310706839
P1, tp=2, ts=2, x0=28123380
P3, tp=2, ts=2, x0=153064521
P3, tp=2, ts=2, x0=57919239
P1, tp=2, ts=2, x0=82146286
P0, tp=2, ts=2
P0, tp=2, ts=2
P3, tp=2, ts=2, x0=865139453
P1, tp=2, ts=2, x0=810626819
P0, tp=2, ts=2
P1, tp=2, ts=2, x0=450224269
P0, tp=2, ts=2
P1, tp=2, ts=2, x0=801579932
P1, tp=2, ts=2, x0=859563436
P1, tp=2, ts=2, x0=560240386
P2, tp=2, ts=2, x0=393040144, x1=35347792
P3, tp=2, ts=2, x0=50340100
P1, tp=2, ts=2, x0=555530616
P2, tp=2, ts=2, x0=288896971, x1=835151261
P3, tp=2, ts=2, x0=49970588
P3, tp=2, ts=2, x0=401764149
P2, tp=2, ts=2, x0=28123380, x1=345065294
P1, tp=2, ts=2, x0=521237446
P1, tp=2, ts=2, x0=153064521
P1, tp=2, ts=2, x0=736716730
P1, tp=2, ts=2, x0=865139453
P1, tp=2, ts=2, x0=379060307
P2, tp=2, ts=2, x0=242006158, x1=397440397
P2, tp=2, ts=2, x0=292801224, x1=401476346
P3, tp=2, ts=2, x0=678285908
P3, tp=2, ts=2, x0=547689030
P0, tp=2, ts=2
P2, tp=2, ts=2, x0=107287293, x1=788343862
P1, tp=2, ts=2, x0=397440397
P1, tp=2, ts=2, x0=736716730
P0, tp=2, ts=2
P2, tp=2, ts=2, x0=689395199, x1=678285908
P0, tp=2, ts=2
P0, tp=2, ts=2
P0, tp=2, ts=2
P3, tp=2, ts=2, x0=397440397
P1, tp=2, ts=2, x0=435046155
P0, tp=2, ts=2
P2, tp=2, ts=2, x0=304455931, x1=358020821
P1, tp=2, ts=2, x0=304424824
P1, tp=2, ts=2, x0=865139453
P3, tp=2, ts=2, x0=896337574
P1, tp=2, ts=2, x0=865139453
P3, tp=2, ts=2, x0=521237446
P0, tp=2, ts=2
P1, tp=2, ts=2, x0=64324883
P2, tp=2, ts=2, x0=535642503, x1=450224269
P0, tp=2, ts=2
P1, tp=2, ts=2, x0=443552734
P2, tp=2, ts=2, x0=472517426, x1=292801224
P2, tp=2, ts=2, x0=431733222, x1=689395199
P3, tp=2, ts=2, x0=7269934
P2, tp=2, ts=2, x0=390661313, x1=424235885
P0, tp=2, ts=2
P1, tp=2, ts=2, x0=35347792
P2, tp=2, ts=2, x0=347227054, x1=816192593
P2, tp=2, ts=2, x0=801579932, x1=736716730
P3, tp=2, ts=2, x0=347227054
P0, tp=2, ts=2
P1, tp=2, ts=2, x0=724934364
P0, tp=2, ts=2
P2, tp=2, ts=2, x0=454567728, x1=286136032
P1, tp=2, ts=2, x0=214098173
P3, tp=2, ts=2, x0=276056805
P3, tp=2, ts=2, x0=659735246
P0, tp=2, ts=2
P3, tp=2, ts=2, x0=684864064
P0, tp=2, ts=2
P1, tp=2, ts=2, x0=750808985
P0, tp=2, ts=2
P3, tp=2, ts=2, x0=866152570
P3, tp=2, ts=2, x0=73096920
P2, tp=2, ts=2, x0=801579932, x1=242006158
P3, tp=2, ts=2, x0=973098385
P2, tp=2, ts=2, x0=310706839, x1=107287293
P0, tp=2, ts=2
P2, tp=2, ts=2, x0=865139453, x1=276056805
P1, tp=2, ts=2, x0=835151261
P2, tp=2, ts=2, x0=336182131, x1=135805058
P3, tp=2, ts=2, x0=666069912
P3, tp=2, ts=2, x0=853248313
P1, tp=2, ts=2, x0=521237446
P2, tp=2, ts=2, x0=304424824, x1=696837071
P1, tp=2, ts=2, x0=7269934
P1, tp=2, ts=2, x0=801579932
P1, tp=2, ts=2, x0=476130386
P3, tp=2, ts=2, x0=476130386
P1, tp=2, ts=2, x0=336182131
P3, tp=2, ts=2, x0=288896971
P3, tp=2, ts=2, x0=292801224
P3, tp=2, ts=2, x0=750808985
P2, tp=2, ts=2, x0=801579932, x1=132232845
P3, tp=2, ts=2, x0=800699294
P1, tp=2, ts=2, x0=715723205
P2, tp=2, ts=2, x0=50340100, x1=239298198
P3, tp=2, ts=2, x0=866152570
P3, tp=2, ts=2, x0=817499930
P2, tp=2, ts=2, x0=580594376, x1=64324883
P1, tp=2, ts=2, x0=390661313
P0, tp=2, ts=2
P1, tp=2, ts=2, x0=788343862
P2, tp=2, ts=2, x0=576906215, x1=304455931
P3, tp=2, ts=2, x0=304424824
P1, tp=2, ts=2, x0=538206939
P0, tp=2, ts=2
P2, tp=2, ts=2, x0=689934696, x1=717187128
P3, tp=2, ts=2, x0=274133801
P1, tp=2, ts=2, x0=449967910
P2, tp=2, ts=2, x0=390661313, x1=424235885
P2, tp=2, ts=2, x0=425279847, x1=538206939
P3, tp=2, ts=2, x0=347227054
P2, tp=2, ts=2, x0=816192593, x1=375767226
P3, tp=2, ts=2, x0=696704502
P0, tp=2, ts=2
P3, tp=2, ts=2, x0=397440397
P3, tp=2, ts=2, x0=310706839
P0, tp=2, ts=2
P0, tp=2, ts=2
P1, tp=2, ts=2, x0=813149273
P1, tp=2, ts=2, x0=485435588
P3, tp=2, ts=2, x0=923843939
P1, tp=2, ts=2, x0=816192593
P3, tp=2, ts=2, x0=88956117
P3, tp=2, ts=2, x0=288896971
P1, tp=2, ts=2, x0=70262972
P1, tp=2, ts=2, x0=717187128
P2, tp=2, ts=2, x0=911008021, x1=390831443
P3, tp=2, ts=2, x0=135805058
P2, tp=2, ts=2, x0=686188530, x1=485435588
P2, tp=2, ts=2, x0=274133801, x1=715723205
P1, tp=2, ts=2, x0=49970588
P3, tp=2, ts=2, x0=817569936
P1, tp=2, ts=2, x0=191353083
P2, tp=2, ts=2, x0=816192593, x1=154312090
P3, tp=2, ts=2, x0=7269934
P1, tp=2, ts=2, x0=431733222
P1, tp=2, ts=2, x0=214098173
P1, tp=2, ts=2, x0=424235885
P0, tp=2, ts=2
P2, tp=2, ts=2, x0=390661313, x1=135805058
P2, tp=2, ts=2, x0=880523698, x1=336182131
P2, tp=2, ts=2, x0=688669994, x1=450224269
P1, tp=2, ts=2, x0=829467575
P2, tp=2, ts=2, x0=164718677, x1=576906215
P0, tp=2, ts=2
P2, tp=2, ts=2, x0=801579932, x1=276056805
P0, tp=2, ts=2
P2, tp=2, ts=2, x0=153064521, x1=7269934
P3, tp=2, ts=2, x0=817499930
P1, tp=2, ts=2, x0=580594376
P1, tp=2, ts=2, x0=472517426
P1, tp=2, ts=2, x0=373298134
P0, tp=2, ts=2
P2, tp=2, ts=2, x0=836162962, x1=427917125
P2, tp=2, ts=2, x0=454567728, x1=401476346
P2, tp=2, ts=2, x0=179577391, x1=345065294
P2, tp=2, ts=2, x0=666069912, x1=336182131
P2, tp=2, ts=2, x0=195219644, x1=816192593
P0, tp=2, ts=2
P3, tp=2, ts=2, x0=880523698
P0, tp=2, ts=2
P1, tp=2, ts=2, x0=450224269
P0, tp=2, ts=2
P3, tp=2, ts=2, x0=57919239
P1, tp=2, ts=2, x0=28123380
P1, tp=2, ts=2, x0=923843939
P2, tp=2, ts=2, x0=923843939, x1=555530616
P1, tp=2, ts=2, x0=419963345
P2, tp=2, ts=2, x0=122211783, x1=679824419
P3, tp=2, ts=2, x0=43353433
P2, tp=2, ts=2, x0=836767585, x1=686188530
P0, tp=2, ts=2
P3, tp=2, ts=2, x0=365775564
P3, tp=2, ts=2, x0=818013939
P3, tp=2, ts=2, x0=853248313
P2, tp=2, ts=2, x0=73096920, x1=911008021
P3, tp=2, ts=2, x0=242006158
P0, tp=2, ts=2
P2, tp=2, ts=2, x0=431733222, x1=292801224
P2, tp=2, ts=2, x0=800699294, x1=82146286
P1, tp=2, ts=2, x0=802939665
P3, tp=2, ts=2, x0=57919239
P3, tp=2, ts=2, x0=390661313
P0, tp=2, ts=2
P1, tp=2, ts=2, x0=431733222
P1, tp=2, ts=2, x0=485435588
P3, tp=2, ts=2, x0=276056805
P3, tp=2, ts=2, x0=122211783
P2, tp=2, ts=2, x0=580594376, x1=390831443
P3, tp=2, ts=2, x0=530272142
P1, tp=2, ts=2, x0=865139453
P1, tp=2, ts=2, x0=435046155
P2, tp=2, ts=2, x0=528002546, x1=511362766
P1, tp=2, ts=2, x0=476130386
P3, tp=2, ts=2, x0=781549095
P3, tp=2, ts=2, x0=431733222
P3, tp=2, ts=2, x0=401476346
P3, tp=2, ts=2, x0=817569936
P3, tp=2, ts=2, x0=686188530
P2, tp=2, ts=2, x0=679824419, x1=547689030
P0, tp=2, ts=2
P2, tp=2, ts=2, x0=154312090, x1=425279847
P3, tp=2, ts=2, x0=859563436
P2, tp=2, ts=2, x0=862126338, x1=443552734
P0, tp=2, ts=2
P2, tp=2, ts=2, x0=94793001, x1=829467575
P0, tp=2, ts=2
P3, tp=2, ts=2, x0=164718677
P1, tp=2, ts=2, x0=154312090
P3, tp=2, ts=2, x0=472517426
P0, tp=2, ts=2
P3, tp=2, ts=2, x0=88956117
P3, tp=2, ts=2, x0=853248313
P0, tp=2, ts=2
P0, tp=2, ts=2
P2, tp=2, ts=2, x0=431733222, x1=817499930
P2, tp=2, ts=2, x0=443552734, x1=717187128
P1, tp=2, ts=2, x0=401476346
P0, tp=2, ts=2
P3, tp=2, ts=2, x0=70262972
P0, tp=2, ts=2
P3, tp=2, ts=2, x0=666069912
P0, tp=2, ts=2
P0, tp=2, ts=2
P3, tp=2, ts=2, x0=521237446
P3, tp=2, ts=2, x0=555530616
P1, tp=2, ts=2, x0=560240386
P2, tp=2, ts=2, x0=5943, x1=689934696
P3, tp=2, ts=2, x0=88956117
P0, tp=2, ts=2
P3, tp=2, ts=2, x0=336182131
P1, tp=2, ts=2, x0=390831443
P2, tp=2, ts=2, x0=336182131, x1=862126338
P2, tp=2, ts=2, x0=865139453, x1=57919239
P2, tp=2, ts=2, x0=686188530, x1=276056805
P1, tp=2, ts=2, x0=135805058
P1, tp=2, ts=2, x0=431733222
P2, tp=2, ts=2, x0=425279847, x1=454567728
P2, tp=2, ts=2, x0=555530616, x1=485435588
P1, tp=2, ts=2, x0=239298198
P2, tp=2, ts=2, x0=431733222, x1=419963345
P2, tp=2, ts=2, x0=543992888, x1=530272142
P3, tp=2, ts=2, x0=547689030
P0, tp=2, ts=2
P0, tp=2, ts=2
P1, tp=2, ts=2, x0=485435588
P0, tp=2, ts=2
P0, tp=2, ts=2
P0, tp=2, ts=2
P2, tp=2, ts=2, x0=239298198, x1=154312090
P3, tp=2, ts=2, x0=580594376
P2, tp=2, ts=2, x0=239298198, x1=576906215
P2, tp=3, ts=3, x0=689395199, x1=773414477
P0, tp=3, ts=3
P3, tp=3, ts=3, x0=521237446
P3, tp=3, ts=3, x0=239298198
P3, tp=3, ts=3, x0=690945555
P3, tp=3, ts=3, x0=164718677
P1, tp=3, ts=3, x0=156465141
P0, tp=3, ts=3
P1, tp=3, ts=3, x0=802939665
P1, tp=3, ts=3, x0=820313487
P0, tp=3, ts=3
P2, tp=3, ts=3, x0=122211783, x1=696837071
P0, tp=3, ts=3
P1, tp=3, ts=3, x0=865139453
P3, tp=3, ts=3, x0=454567728
P1, tp=3, ts=3, x0=666069912
P1, tp=3, ts=3, x0=836767585
P2, tp=3, ts=3, x0=401476346, x1=238575907
P3, tp=3, ts=3, x0=153064521
P0, tp=3, ts=3
P1, tp=3, ts=3, x0=476130386
P2, tp=3, ts=3, x0=435046155, x1=153064521
P3, tp=3, ts=3, x0=449967910
P2, tp=3, ts=3, x0=686188530, x1=336182131
P3, tp=3, ts=3, x0=820313487
P3, tp=3, ts=3, x0=895050005
P3, tp=3, ts=3, x0=88956117
P2, tp=3, ts=3, x0=365775564, x1=43353433
P0, tp=3, ts=3
P1, tp=3, ts=3, x0=427917125
P3, tp=3, ts=3, x0=82146286
P2, tp=3, ts=3, x0=154312090, x1=686188530
P1, tp=3, ts=3, x0=829467575
P1, tp=3, ts=3, x0=818013939
P2, tp=3, ts=3, x0=435046155, x1=820313487
P3, tp=3, ts=3, x0=349069954
P1, tp=3, ts=3, x0=390831443
P0, tp=3, ts=3
P0, tp=3, ts=3
P0, tp=3, ts=3
P1, tp=3, ts=3, x0=862126338
P0, tp=3, ts=3
P3, tp=3, ts=3, x0=5943
P0, tp=3, ts=3
P0, tp=3, ts=3
P3, tp=3, ts=3, x0=800699294
P2, tp=3, ts=3, x0=853248313, x1=357483501
P2, tp=3, ts=3, x0=689395199, x1=547689030
P0, tp=3, ts=3
P2, tp=3, ts=3, x0=70262972, x1=427917125
P1, tp=3, ts=3, x0=425279847
P0, tp=3, ts=3
P1, tp=3, ts=3, x0=304455931
P0, tp=3, ts=3
P3, tp=3, ts=3, x0=195219644
P2, tp=3, ts=3, x0=686188530, x1=817499930
P1, tp=3, ts=3, x0=358020821
P2, tp=3, ts=3, x0=349069954, x1=880523698
P0, tp=3, ts=3
P2, tp=3, ts=3, x0=405424725, x1=865139453
P0, tp=3, ts=3
P1, tp=3, ts=3, x0=427917125
P1, tp=3, ts=3, x0=829467575
P0, tp=3, ts=3
P3, tp=3, ts=3, x0=855124591
P1, tp=3, ts=3, x0=964125546
P2, tp=3, ts=3, x0=859563436, x1=431733222
P1, tp=3, ts=3, x0=390661313
P2, tp=3, ts=3, x0=195219644, x1=800699294
P0, tp=3, ts=3
P0, tp=3, ts=3
P2, tp=3, ts=3, x0=689395199, x1=817569936
P1, tp=3, ts=3, x0=820313487
P2, tp=3, ts=3, x0=973098385, x1=555530616
P0, tp=3, ts=3
P0, tp=3, ts=3
P2, tp=3, ts=3, x0=419963345, x1=154312090
P2, tp=3, ts=3, x0=715723205, x1=55627669
P2, tp=3, ts=3, x0=397440397, x1=347227054
P0, tp=3, ts=3
P3, tp=3, ts=3, x0=818013939
P1, tp=3, ts=3, x0=384177193
P2, tp=3, ts=3, x0=679824419, x1=347227054
P1, tp=3, ts=3, x0=405424725
P1, tp=3, ts=3, x0=347227054
P1, tp=3, ts=3, x0=880523698
P3, tp=3, ts=3, x0=865139453
P1, tp=3, ts=3, x0=373298134
P3, tp=3, ts=3, x0=358020821
P3, tp=3, ts=3, x0=345065294
P1, tp=3, ts=3, x0=818013939
P3, tp=3, ts=3, x0=164718677
P2, tp=3, ts=3, x0=880523698, x1=347227054
P0, tp=3, ts=3
P1, tp=3, ts=3, x0=82146286
P2, tp=3, ts=3, x0=242006158, x1=304455931
P3, tp=3, ts=3, x0=715723205
P3, tp=3, ts=3, x0=817499930
P2, tp=3, ts=3, x0=773414477, x1=802939665
P0, tp=3, ts=3
P2, tp=3, ts=3, x0=274133801, x1=580594376
P3, tp=3, ts=3, x0=292801224
P0, tp=3, ts=3
P1, tp=3, ts=3, x0=28123380
P1, tp=3, ts=3, x0=195219644
P2, tp=3, ts=3, x0=55627669, x1=818013939
P0, tp=3, ts=3
P3, tp=3, ts=3, x0=810626819
P3, tp=3, ts=3, x0=788343862
P0, tp=3, ts=3
P0, tp=3, ts=3
P3, tp=3, ts=3, x0=242006158
P2, tp=3, ts=3, x0=861618486, x1=347227054
P2, tp=3, ts=3, x0=365775564, x1=679824419
P3, tp=3, ts=3, x0=880523698
P2, tp=3, ts=3, x0=555530616, x1=820313487
P1, tp=3, ts=3, x0=880523698
P0, tp=3, ts=3
P3, tp=3, ts=3, x0=820313487
P1, tp=3, ts=3, x0=238575907
P1, tp=3, ts=3, x0=28123380
P0, tp=3, ts=3
P3, tp=3, ts=3, x0=865139453
P2, tp=3, ts=3, x0=152108441, x1=659735246
P0, tp=3, ts=3
P3, tp=3, ts=3, x0=286136032
P2, tp=3, ts=3, x0=94793001, x1=481711494
P0, tp=3, ts=3
P1, tp=3, ts=3, x0=853248313
P1, tp=3, ts=3, x0=836767585
P3, tp=3, ts=3, x0=132232845
P0, tp=3, ts=3
P0, tp=3, ts=3
P3, tp=3, ts=3, x0=923843939
P1, tp=3, ts=3, x0=88956117
P0, tp=3, ts=3
P3, tp=3, ts=3, x0=155548109
P2, tp=3, ts=3, x0=797865727, x1=195219644
P2, tp=3, ts=3, x0=472517426, x1=861618486
P1, tp=3, ts=3, x0=430070623
P1, tp=3, ts=3, x0=397440397
P0, tp=3, ts=3
P2, tp=3, ts=3, x0=810626819, x1=5943
P2, tp=3, ts=3, x0=810626819, x1=345065294
P0, tp=3, ts=3
P1, tp=3, ts=3, x0=154312090
P0, tp=3, ts=3
P2, tp=3, ts=3, x0=43353433, x1=818013939
P1, tp=3, ts=3, x0=135805058
P1, tp=3, ts=3, x0=810626819
P3, tp=3, ts=3, x0=861545272
P0, tp=3, ts=3
P0, tp=3, ts=3
P3, tp=3, ts=3, x0=43353433
P3, tp=3, ts=3, x0=859563436
P2, tp=3, ts=3, x0=911008021, x1=443552734
P3, tp=3, ts=3, x0=191353083
P0, tp=3, ts=3
P1, tp=3, ts=3, x0=405424725
P2, tp=3, ts=3, x0=49970588, x1=345065294
P2, tp=3, ts=3, x0=555530616, x1=405424725
P3, tp=3, ts=3, x0=430070623
P2, tp=3, ts=3, x0=322941355, x1=405424725
P0, tp=3, ts=3
P0, tp=3, ts=3
P2, tp=3, ts=3, x0=800699294, x1=292911051
P3, tp=3, ts=3, x0=690945555
P0, tp=3, ts=3
P3, tp=3, ts=3, x0=419963345
P3, tp=3, ts=3, x0=427917125
P2, tp=3, ts=3, x0=405424725, x1=911008021
P3, tp=3, ts=3, x0=666069912
P0, tp=3, ts=3
P3, tp=3, ts=3, x0=375767226
P0, tp=3, ts=3
P2, tp=3, ts=3, x0=274133801, x1=49970588
P2, tp=3, ts=3, x0=713711806, x1=797865727
P1, tp=3, ts=3, x0=861545272
P1, tp=3, ts=3, x0=164718677
P3, tp=3, ts=3, x0=345065294
P0, tp=3, ts=3
P2, tp=3, ts=3, x0=853248313, x1=405424725
P3, tp=3, ts=3, x0=485435588
P3, tp=3, ts=3, x0=373298134
P3, tp=3, ts=3, x0=443552734
P3, tp=3, ts=3, x0=384177193
P1, tp=3, ts=3, x0=349069954
P3, tp=3, ts=3, x0=781549095
P0, tp=3, ts=3
P3, tp=3, ts=3, x0=689934696
P3, tp=3, ts=3, x0=390831443
P3, tp=3, ts=3, x0=714335726
P3, tp=3, ts=3, x0=717187128
P2, tp=3, ts=3, x0=443552734, x1=430070623
P0, tp=3, ts=3
P2, tp=3, ts=3, x0=50340100, x1=443552734
P2, tp=3, ts=3, x0=55627669, x1=580594376
P1, tp=3, ts=3, x0=81025596
P0, tp=3, ts=3
P3, tp=3, ts=3, x0=817499930
P3, tp=3, ts=3, x0=390661313
P3, tp=3, ts=3, x0=788343862
P0, tp=3, ts=3
P3, tp=3, ts=3, x0=788343862
P0, tp=3, ts=3
P3, tp=3, ts=3, x0=276056805
P1, tp=3, ts=3, x0=153064521
P1, tp=3, ts=3, x0=405424725
P0, tp=3, ts=3
P2, tp=3, ts=3, x0=431733222, x1=481711494
P1, tp=3, ts=3, x0=410054227
P3, tp=3, ts=3, x0=696837071
P3, tp=3, ts=3, x0=859563436
P3, tp=3, ts=3, x0=911008021
P1, tp=3, ts=3, x0=543683985
P2, tp=3, ts=3, x0=195219644, x1=132232845
P3, tp=3, ts=3, x0=304455931
P0, tp=3, ts=3
P3, tp=3, ts=3, x0=50340100
P3, tp=3, ts=3, x0=107287293
P1, tp=3, ts=3, x0=152108441
P2, tp=3, ts=3, x0=773414477, x1=179577391
P2, tp=3, ts=3, x0=28123380, x1=292801224
P3, tp=3, ts=3, x0=49970588
P0, tp=3, ts=3
P2, tp=3, ts=3, x0=292801224, x1=679824419
P0, tp=3, ts=3
P1, tp=3, ts=3, x0=122211783
P1, tp=3, ts=3, x0=713711806
P1, tp=3, ts=3, x0=717187128
P1, tp=3, ts=3, x0=781549095
P2, tp=3, ts=3, x0=132232845, x1=690945555
P3, tp=3, ts=3, x0=696837071
P1, tp=3, ts=3, x0=5943
P3, tp=3, ts=3, x0=242006158
P1, tp=3, ts=3, x0=995310227
P1, tp=3, ts=3, x0=70262972
P3, tp=3, ts=3, x0=26860460
P0, tp=3, ts=3
P1, tp=3, ts=3, x0=865139453
P2, tp=3, ts=3, x0=28123380, x1=397220999
P3, tp=3, ts=3, x0=801509552
P0, tp=3, ts=3
P2, tp=3, ts=3, x0=526134650, x1=153064521
P0, tp=3, ts=3
P3, tp=3, ts=3, x0=304455931
P2, tp=3, ts=3, x0=195219644, x1=530272142
P0, tp=3, ts=3
P1, tp=3, ts=3, x0=401476346
P0, tp=3, ts=3
P1, tp=3, ts=3, x0=155548109
P0, tp=3, ts=3
P0, tp=3, ts=3
P1, tp=3, ts=3, x0=384177193
P2, tp=3, ts=3, x0=82146286, x1=390831443
P2, tp=3, ts=3, x0=688669994, x1=688669994
P3, tp=3, ts=3, x0=580594376
P0, tp=3, ts=3
P3, tp=3, ts=3, x0=155548109
P0, tp=3, ts=3
P3, tp=3, ts=3, x0=292801224
P1, tp=3, ts=3, x0=526134650
P1, tp=3, ts=3, x0=160723572
P3, tp=3, ts=3, x0=358020821
P0, tp=3, ts=3
P1, tp=3, ts=3, x0=152108441
P3, tp=3, ts=3, x0=690945555
P3, tp=3, ts=3, x0=5943
P0, tp=3, ts=3
P2, tp=3, ts=3, x0=155548109, x1=384177193
P1, tp=3, ts=3, x0=862126338
P1, tp=3, ts=3, x0=349069954
P2, tp=3, ts=3, x0=107287293, x1=55627669
P0, tp=3, ts=3
P1, tp=3, ts=3, x0=156465141
P3, tp=3, ts=3, x0=450224269
P0, tp=3, ts=3
P1, tp=3, ts=3, x0=576906215
P1, tp=3, ts=3, x0=817569936
P3, tp=3, ts=3, x0=829467575
P3, tp=3, ts=3, x0=476130386
P1, tp=3, ts=3, x0=713711806
P1, tp=3, ts=3, x0=405424725
P2, tp=3, ts=3, x0=713711806, x1=859563436
P3, tp=3, ts=3, x0=292911051
P2, tp=3, ts=3, x0=526134650, x1=520450758
P2, tp=3, ts=3, x0=28123380, x1=530272142
P0, tp=3, ts=3
P0, tp=3, ts=3
P2, tp=3, ts=3, x0=973098385, x1=794071699
P1, tp=3, ts=3, x0=861618486
P0, tp=3, ts=3
P1, tp=3, ts=3, x0=689395199
P0, tp=3, ts=3
P1, tp=3, ts=3, x0=543683985
P2, tp=3, ts=3, x0=485435588, x1=861618486
P1, tp=3, ts=3, x0=520450758
P2, tp=3, ts=3, x0=375767226, x1=543683985
P1, tp=3, ts=3, x0=690945555
P0, tp=3, ts=3
P1, tp=3, ts=3, x0=476130386
P3, tp=3, ts=3, x0=717187128
P2, tp=3, ts=3, x0=26860460, x1=895050005
P1, tp=3, ts=3, x0=107742758
P1, tp=3, ts=3, x0=801509552
P0, tp=3, ts=3
P3, tp=3, ts=3, x0=410054227
P2, tp=3, ts=3, x0=358020821, x1=49970588
P1, tp=3, ts=3, x0=820313487
P0, tp=3, ts=3
P0, tp=3, ts=3
P2, tp=3, ts=3, x0=659735246, x1=865139453
P1, tp=3, ts=3, x0=481711494
P3, tp=3, ts=3, x0=659735246
P3, tp=3, ts=3, x0=507430388
P0, tp=3, ts=3
P1, tp=3, ts=3, x0=292801224
P2, tp=3, ts=3, x0=50340100, x1=580594376
P1, tp=3, ts=3, x0=485435588
P3, tp=3, ts=3, x0=895050005
P1, tp=3, ts=3, x0=751739590
P1, tp=3, ts=3, x0=507430388
P0, tp=3, ts=3
P1, tp=3, ts=3, x0=276056805
P1, tp=3, ts=3, x0=859563436
P1, tp=3, ts=3, x0=419963345
P2, tp=3, ts=3, x0=345065294, x1=349069954
P1, tp=3, ts=3, x0=964125546
P1, tp=3, ts=3, x0=973098385
P0, tp=3, ts=3
P3, tp=3, ts=3, x0=810626819
P1, tp=3, ts=3, x0=375767226
P1, tp=3, ts=3, x0=855124591
P1, tp=3, ts=3, x0=286136032
P2, tp=3, ts=3, x0=829467575, x1=520450758
P3, tp=3, ts=3, x0=794071699
P0, tp=3, ts=3
P1, tp=3, ts=3, x0=336182131
P2, tp=3, ts=3, x0=689395199, x1=152108441
P3, tp=3, ts=3, x0=817569936
P1, tp=3, ts=3, x0=580594376
P2, tp=3, ts=3, x0=336182131, x1=5943
P0, tp=3, ts=3
P1, tp=3, ts=3, x0=713711806
P2, tp=3, ts=3, x0=365775564, x1=358020821
P1, tp=3, ts=3, x0=659735246
P3, tp=3, ts=3, x0=26860460
P3, tp=3, ts=3, x0=160723572
P3, tp=3, ts=3, x0=390831443
P2, tp=3, ts=3, x0=292911051, x1=973098385
P2, tp=3, ts=3, x0=122211783, x1=702955027
P2, tp=3, ts=3, x0=476130386, x1=829467575
P3, tp=3, ts=3, x0=405424725
P3, tp=3, ts=3, x0=286136032
P3, tp=3, ts=3, x0=357483501
P1, tp=3, ts=3, x0=347227054
P3, tp=3, ts=3, x0=292801224
P2, tp=3, ts=3, x0=405424725, x1=132232845
P3, tp=3, ts=3, x0=55627669
P0, tp=3, ts=3
P1, tp=3, ts=3, x0=862126338
P0, tp=3, ts=3
P2, tp=3, ts=3, x0=820313487, x1=156465141
P2, tp=3, ts=3, x0=698916596, x1=820313487
P2, tp=3, ts=3, x0=397440397, x1=547689030
P2, tp=3, ts=3, x0=122211783, x1=797865727
P2, tp=3, ts=3, x0=702955027, x1=50340100
P0, tp=3, ts=3
P2, tp=3, ts=3, x0=427917125, x1=801509552
P3, tp=3, ts=3, x0=122211783
P3, tp=3, ts=3, x0=322282226
P3, tp=3, ts=3, x0=923843939
P2, tp=3, ts=3, x0=995310227, x1=427917125
P2, tp=3, ts=3, x0=405424725, x1=132232845
P1, tp=3, ts=3, x0=580594376
P1, tp=3, ts=3, x0=431733222
P2, tp=3, ts=3, x0=390831443, x1=857202047
P2, tp=3, ts=3, x0=576906215, x1=50340100
P3, tp=3, ts=3, x0=405424725
P3, tp=3, ts=3, x0=431733222
P0, tp=3, ts=3
P2, tp=3, ts=3, x0=384177193, x1=358020821
P3, tp=3, ts=3, x0=347227054
P2, tp=3, ts=3, x0=880523698, x1=349069954
P0, tp=3, ts=3
P0, tp=3, ts=3
P1, tp=3, ts=3, x0=713711806
P2, tp=3, ts=3, x0=179577391, x1=865139453
P1, tp=3, ts=3, x0=649031231
P0, tp=3, ts=3
P1, tp=3, ts=3, x0=397220999
P1, tp=3, ts=3, x0=861618486
P0, tp=3, ts=3
P1, tp=3, ts=3, x0=526134650
P1, tp=3, ts=3, x0=375767226
P2, tp=3, ts=3, x0=50340100, x1=802939665
P0, tp=3, ts=3
P1, tp=3, ts=3, x0=160723572
P1, tp=3, ts=3, x0=713579292
P1, tp=3, ts=3, x0=507430388
P1, tp=3, ts=3, x0=880523698
P2, tp=3, ts=3, x0=859563436, x1=427917125
P3, tp=3, ts=3, x0=964125546
P2, tp=3, ts=3, x0=322282226, x1=580594376
P1, tp=3, ts=3, x0=690945555
P0, tp=3, ts=3
P1, tp=3, ts=3, x0=861618486
P1, tp=3, ts=3, x0=714335726
P1, tp=3, ts=3, x0=481711494
P0, tp=3, ts=3
P1, tp=3, ts=3, x0=714335726
P0, tp=3, ts=3
P1, tp=3, ts=3, x0=802939665
P1, tp=3, ts=3, x0=896337574
P3, tp=3, ts=3, x0=7269934
P3, tp=3, ts=3, x0=689395199
P0, tp=3, ts=3
P0, tp=3, ts=3
P3, tp=3, ts=3, x0=923843939
P2, tp=3, ts=3, x0=152108441, x1=430070623
P0, tp=3, ts=3
P3, tp=3, ts=3, x0=520450758
P0, tp=3, ts=3
P1, tp=3, ts=3, x0=802939665
P1, tp=3, ts=3, x0=520450758
P2, tp=3, ts=3, x0=81025596, x1=982149770
P0, tp=3, ts=3
P3, tp=3, ts=3, x0=349069954
P3, tp=3, ts=3, x0=714335726
P2, tp=3, ts=3, x0=576349149, x1=358020821
P2, tp=3, ts=3, x0=982149770, x1=576349149
P0, tp=3, ts=3
P0, tp=3, ts=3
P1, tp=3, ts=3, x0=397440397
P3, tp=3, ts=3, x0=829467575
P2, tp=3, ts=3, x0=689395199, x1=861545272
P3, tp=3, ts=3, x0=690945555
P1, tp=3, ts=3, x0=122211783
P0, tp=3, ts=3
P3, tp=3, ts=3, x0=862126338
P2, tp=3, ts=3, x0=336182131, x1=688669994
P1, tp=3, ts=3, x0=304455931
P0, tp=3, ts=3
P3, tp=3, ts=3, x0=520450758
P1, tp=3, ts=3, x0=689395199
P2, tp=3, ts=3, x0=410054227, x1=107742758
P2, tp=3, ts=3, x0=49970588, x1=164718677
P3, tp=3, ts=3, x0=714335726
P2, tp=3, ts=3, x0=820313487, x1=659735246
P2, tp=3, ts=3, x0=751739590, x1=107287293
P1, tp=3, ts=3, x0=322941355
P1, tp=3, ts=3, x0=713579292
P0, tp=3, ts=3
P3, tp=3, ts=3, x0=773414477
P2, tp=3, ts=3, x0=390661313, x1=820313487
P2, tp=3, ts=3, x0=155548109, x1=797865727
P2, tp=3, ts=3, x0=958857716, x1=794071699
P0, tp=3, ts=3
P0, tp=3, ts=3
P3, tp=3, ts=3, x0=82146286
P3, tp=3, ts=3, x0=271330754
P3, tp=3, ts=3, x0=690945555
P1, tp=3, ts=3, x0=896337574
P2, tp=3, ts=3, x0=468373969, x1=349069954
P0, tp=3, ts=3
P2, tp=3, ts=3, x0=691535736, x1=143147677
P1, tp=3, ts=3, x0=384177193
P0, tp=3, ts=3
P1, tp=3, ts=3, x0=349069954
P0, tp=3, ts=3
P3, tp=3, ts=3, x0=797865727
P0, tp=3, ts=3
P1, tp=3, ts=3, x0=274133801
P1, tp=3, ts=3, x0=286136032
P3, tp=3, ts=3, x0=520450758
P0, tp=3, ts=3
P1, tp=3, ts=3, x0=923843939
P1, tp=3, ts=3, x0=781549095
P2, tp=3, ts=3, x0=880523698, x1=70262972
P3, tp=3, ts=3, x0=390661313
P2, tp=3, ts=3, x0=794071699, x1=175245603
P0, tp=3, ts=3
P0, tp=3, ts=3
P2, tp=3, ts=3, x0=271330754, x1=50340100
P0, tp=3, ts=3
P1, tp=3, ts=3, x0=160723572
P3, tp=3, ts=3, x0=773414477
P0, tp=3, ts=3
P0, tp=3, ts=3
P1, tp=3, ts=3, x0=861618486
P2, tp=3, ts=3, x0=393695114, x1=7269934
P0, tp=3, ts=3
P0, tp=3, ts=3
P0, tp=3, ts=3
P2, tp=3, ts=3, x0=817499930, x1=680257802
P0, tp=3, ts=3
P2, tp=3, ts=3, x0=781549095, x1=861545272
P0, tp=3, ts=3
P2, tp=3, ts=3, x0=397220999, x1=143147677
P0, tp=3, ts=3
P2, tp=3, ts=3, x0=958857716, x1=696837071
P2, tp=3, ts=3, x0=995310227, x1=576349149
P0, tp=3, ts=3
P0, tp=3, ts=3
P2, tp=3, ts=3, x0=94793001, x1=274133801
P0, tp=3, ts=3
P1, tp=3, ts=3, x0=402361894
P3, tp=3, ts=3, x0=698916596
P0, tp=3, ts=3
P3, tp=3, ts=3, x0=923843939
P2, tp=3, ts=3, x0=576906215, x1=810626819
P3, tp=3, ts=3, x0=580594376
P0, tp=3, ts=3
P2, tp=3, ts=3, x0=336182131, x1=274133801
P1, tp=3, ts=3, x0=520450758
P0, tp=3, ts=3
P1, tp=3, ts=3, x0=390831443
P0, tp=3, ts=3
P2, tp=3, ts=3, x0=691535736, x1=698916596
P3, tp=3, ts=3, x0=781549095
P3, tp=3, ts=3, x0=154312090
P1, tp=3, ts=3, x0=286136032
P3, tp=3, ts=3, x0=391780979
P3, tp=3, ts=3, x0=696837071
P1, tp=3, ts=3, x0=143147677
P1, tp=3, ts=3, x0=690945555
P2, tp=3, ts=3, x0=861545272, x1=375767226
P2, tp=3, ts=3, x0=390661313, x1=696837071
P0, tp=3, ts=3
P2, tp=3, ts=3, x0=402361894, x1=794071699
P1, tp=3, ts=3, x0=286136032
P0, tp=3, ts=3
P0, tp=3, ts=3
P1, tp=3, ts=3, x0=973098385
P2, tp=3, ts=3, x0=304455931, x1=391780979
P1, tp=3, ts=3, x0=427917125
P2, tp=3, ts=3, x0=820313487, x1=179577391
P0, tp=3, ts=3
P0, tp=3, ts=3
P0, tp=3, ts=3
P0, tp=3, ts=3
P0, tp=3, ts=3
P0, tp=3, ts=3
P2, tp=3, ts=3, x0=526134650, x1=397220999
P0, tp=3, ts=3
P2, tp=3, ts=3, x0=794071699, x1=817499930
P3, tp=3, ts=3, x0=781549095
P3, tp=3, ts=3, x0=802939665
P3, tp=3, ts=3, x0=276056805
P2, tp=3, ts=3, x0=50340100, x1=702955027
P2, tp=3, ts=3, x0=81025596, x1=156465141
P0, tp=3, ts=3
P0, tp=3, ts=3
P0, tp=3, ts=3
P0, tp=3, ts=3
P1, tp=3, ts=3, x0=390661313
P3, tp=3, ts=3, x0=964125546
P0, tp=3, ts=3
P1, tp=3, ts=3, x0=717187128
P3, tp=3, ts=3, x0=322941355
P2, tp=3, ts=3, x0=26860460, x1=7269934
P1, tp=3, ts=3, x0=430070623
P3, tp=3, ts=3, x0=384177193
P3, tp=3, ts=3, x0=817499930
P2, tp=3, ts=3, x0=801509552, x1=82146286
P2, tp=3, ts=3, x0=271330754, x1=817569936
P3, tp=3, ts=3, x0=152108441
P1, tp=3, ts=3, x0=768676076
P0, tp=3, ts=3
P1, tp=3, ts=3, x0=143147677
P0, tp=3, ts=3
P2, tp=3, ts=3, x0=191353083, x1=817569936
P3, tp=3, ts=3, x0=751739590
P2, tp=3, ts=3, x0=143147677, x1=292911051
P1, tp=3, ts=3, x0=182490672
P3, tp=3, ts=3, x0=923843939
P2, tp=3, ts=3, x0=861618486, x1=810626819
P2, tp=3, ts=3, x0=714335726, x1=797865727
P3, tp=3, ts=3, x0=820313487
P2, tp=3, ts=3, x0=524244793, x1=322282226
P1, tp=3, ts=3, x0=781549095
P3, tp=3, ts=3, x0=797865727
P3, tp=3, ts=3, x0=458749650
P2, tp=3, ts=3, x0=781549095, x1=861545272
P3, tp=3, ts=3, x0=336182131
P2, tp=3, ts=3, x0=964125546, x1=713711806
P0, tp=3, ts=3
P1, tp=3, ts=3, x0=154312090
P1, tp=3, ts=3, x0=880523698
P3, tp=3, ts=3, x0=481711494
P0, tp=3, ts=3
P1, tp=3, ts=3, x0=50340100
P2, tp=3, ts=3, x0=714335726, x1=26860460
P0, tp=3, ts=3
P1, tp=3, ts=3, x0=666069912
P2, tp=3, ts=3, x0=430070623, x1=689934696
P1, tp=3, ts=3, x0=7269934
P3, tp=3, ts=3, x0=689395199
P1, tp=3, ts=3, x0=322941355
P3, tp=3, ts=3, x0=154312090
P0, tp=3, ts=3
P1, tp=3, ts=3, x0=680257802
P0, tp=3, ts=3
P3, tp=3, ts=3, x0=689934696
P2, tp=3, ts=3, x0=507430388, x1=820313487
P0, tp=3, ts=3
P1, tp=3, ts=3, x0=713579292
P2, tp=3, ts=3, x0=397220999, x1=442273573
P0, tp=3, ts=3
P1, tp=3, ts=3, x0=143147677
P3, tp=3, ts=3, x0=817569936
P2, tp=3, ts=3, x0=70262972, x1=7269934
P0, tp=3, ts=3
P0, tp=3, ts=3
P1, tp=3, ts=3, x0=347227054
P3, tp=3, ts=3, x0=557979160
P2, tp=3, ts=3, x0=702955027, x1=829467575
P3, tp=3, ts=3, x0=393695114
P1, tp=3, ts=3, x0=322941355
P2, tp=3, ts=3, x0=717187128, x1=848061216
P0, tp=3, ts=3
P2, tp=3, ts=3, x0=458749650, x1=666069912
P2, tp=3, ts=3, x0=292911051, x1=958857716
P3, tp=3, ts=3, x0=689395199
P0, tp=3, ts=3
P2, tp=3, ts=3, x0=543683985, x1=576906215
P1, tp=3, ts=3, x0=861618486
P3, tp=3, ts=3, x0=274366280
P1, tp=3, ts=3, x0=857202047
P2, tp=3, ts=3, x0=794071699, x1=442273573
P3, tp=3, ts=3, x0=689934696
P2, tp=3, ts=3, x0=528002546, x1=896337574
P2, tp=3, ts=3, x0=276056805, x1=26860460
P0, tp=3, ts=3
P3, tp=3, ts=3, x0=862126338
P1, tp=3, ts=3, x0=690945555
P1, tp=3, ts=3, x0=801509552
P1, tp=3, ts=3, x0=164718677
P1, tp=3, ts=3, x0=182490672
P0, tp=3, ts=3
P0, tp=3, ts=3
P1, tp=3, ts=3, x0=160723572
P1, tp=3, ts=3, x0=365775564
P3, tp=3, ts=3, x0=284883598
P3, tp=3, ts=3, x0=276056805
P2, tp=3, ts=3, x0=397220999, x1=458749650
P2, tp=3, ts=3, x0=292911051, x1=810626819
P3, tp=3, ts=3, x0=782347722
P0, tp=3, ts=3
P2, tp=3, ts=3, x0=391780979, x1=366114030
P0, tp=3, ts=3
P1, tp=3, ts=3, x0=155548109
P2, tp=3, ts=3, x0=366114030, x1=880523698
P2, tp=3, ts=3, x0=391780979, x1=820313487
P2, tp=3, ts=3, x0=902214288, x1=94793001
P1, tp=3, ts=3, x0=923843939
P0, tp=3, ts=3
P1, tp=3, ts=3, x0=964125546
P0, tp=3, ts=3
P1, tp=3, ts=3, x0=427917125
P1, tp=3, ts=3, x0=384177193
P3, tp=3, ts=3, x0=304455931
P2, tp=3, ts=3, x0=107742758, x1=410054227
P0, tp=3, ts=3
P2, tp=3, ts=3, x0=995310227, x1=175245603
P0, tp=3, ts=3
P1, tp=3, ts=3, x0=782347722
P0, tp=3, ts=3
P2, tp=3, ts=3, x0=304455931, x1=347227054
P2, tp=3, ts=3, x0=292911051, x1=399274317
P1, tp=3, ts=3, x0=923843939
P2, tp=3, ts=3, x0=152108441, x1=973098385
P3, tp=3, ts=3, x0=900180084
P2, tp=3, ts=3, x0=164718677, x1=982149770
P1, tp=3, ts=3, x0=143147677
P3, tp=3, ts=3, x0=690945555
P0, tp=3, ts=3
P3, tp=3, ts=3, x0=649031231
P0, tp=3, ts=3
P2, tp=3, ts=3, x0=402361894, x1=829467575
P1, tp=3, ts=3, x0=576906215
P2, tp=3, ts=3, x0=802939665, x1=427917125
P1, tp=3, ts=3, x0=543683985
P0, tp=3, ts=3
P3, tp=3, ts=3, x0=691535736
P1, tp=3, ts=3, x0=290015491
P1, tp=3, ts=3, x0=160723572
P3, tp=3, ts=3, x0=507430388
P3, tp=3, ts=3, x0=384177193
P3, tp=3, ts=3, x0=191353083
P2, tp=3, ts=3, x0=322282226, x1=973098385
P3, tp=3, ts=3, x0=797865727
P0, tp=3, ts=3
P1, tp=3, ts=3, x0=290015491
P2, tp=3, ts=3, x0=191353083, x1=397220999
P1, tp=3, ts=3, x0=271330754
P1, tp=3, ts=3, x0=982149770
P1, tp=3, ts=3, x0=94793001
P3, tp=3, ts=3, x0=474466037
P3, tp=3, ts=3, x0=476130386
P0, tp=3, ts=3
P3, tp=3, ts=3, x0=691535736
P1, tp=3, ts=3, x0=94793001
P2, tp=3, ts=3, x0=499671516, x1=543683985
P2, tp=3, ts=3, x0=688669994, x1=557979160
P1, tp=3, ts=3, x0=526134650
P0, tp=3, ts=3
P2, tp=3, ts=3, x0=923843939, x1=751739590
P0, tp=3, ts=3
P0, tp=3, ts=3
P3, tp=3, ts=3, x0=155548109
P2, tp=3, ts=3, x0=801509552, x1=820313487
P0, tp=3, ts=3
P1, tp=3, ts=3, x0=848061216
P3, tp=3, ts=3, x0=900180084
P1, tp=3, ts=3, x0=347227054
P1, tp=3, ts=3, x0=902214288
P2, tp=3, ts=3, x0=528002546, x1=393695114
P0, tp=3, ts=3
P0, tp=3, ts=3
P0, tp=3, ts=3
P0, tp=3, ts=3
P0, tp=3, ts=3
P1, tp=3, ts=3, x0=688669994
P3, tp=3, ts=3, x0=499671516
P1, tp=3, ts=3, x0=499671516
P2, tp=3, ts=3, x0=834924130, x1=135805058
P1, tp=3, ts=3, x0=271330754
P2, tp=3, ts=3, x0=347227054, x1=348603372
P1, tp=3, ts=3, x0=900180084
P0, tp=3, ts=3
P3, tp=3, ts=3, x0=698916596
P2, tp=3, ts=3, x0=896337574, x1=714335726
P2, tp=3, ts=3, x0=861545272, x1=782347722
P3, tp=3, ts=3, x0=271330754
P0, tp=3, ts=3
P1, tp=3, ts=3, x0=698916596
P0, tp=3, ts=3
P3, tp=3, ts=3, x0=690945555
P0, tp=3, ts=3
P0, tp=3, ts=3
P1, tp=3, ts=3, x0=402361894
P0, tp=3, ts=3
P3, tp=3, ts=3, x0=474466037
P0, tp=3, ts=3
P1, tp=3, ts=3, x0=274366280
P0, tp=3, ts=3
P0, tp=3, ts=3
P3, tp=3, ts=3, x0=468373969
P1, tp=3, ts=3, x0=782347722
P3, tp=3, ts=3, x0=782347722
P2, tp=3, ts=3, x0=152108441, x1=439967705
P2, tp=3, ts=3, x0=524244793, x1=958857716
P0, tp=3, ts=3
P0, tp=3, ts=3
P2, tp=3, ts=3, x0=698916596, x1=900180084
P3, tp=3, ts=3, x0=690945555
P0, tp=3, ts=3
P1, tp=3, ts=3, x0=290015491
P1, tp=3, ts=3, x0=393695114
P3, tp=3, ts=3, x0=526134650
P1, tp=3, ts=3, x0=390661313
P3, tp=3, ts=3, x0=210178946
P1, tp=3, ts=3, x0=649031231
P1, tp=3, ts=3, x0=690945555
P1, tp=3, ts=3, x0=995310227
P0, tp=3, ts=3
P1, tp=3, ts=3, x0=397220999
P1, tp=3, ts=3, x0=557979160
P3, tp=3, ts=3, x0=410054227
P2, tp=3, ts=3, x0=322941355, x1=741366095
P1, tp=3, ts=3, x0=995310227
P3, tp=3, ts=3, x0=751739590
P0, tp=3, ts=3
P0, tp=3, ts=3
P0, tp=3, ts=3
P3, tp=3, ts=3, x0=347227054
P3, tp=3, ts=3, x0=322282226
P3, tp=3, ts=3, x0=741366095
P3, tp=3, ts=3, x0=557979160
P1, tp=3, ts=3, x0=989717022
P3, tp=3, ts=3, x0=666069912
P3, tp=3, ts=3, x0=763512129
P0, tp=3, ts=3
P3, tp=3, ts=3, x0=516597723
P2, tp=3, ts=3, x0=880523698, x1=689934696
P0, tp=3, ts=3
P0, tp=3, ts=3
P0, tp=3, ts=3
P1, tp=3, ts=3, x0=442273573
P2, tp=3, ts=3, x0=947694792, x1=499267842
P1, tp=3, ts=3, x0=923843939
P1, tp=3, ts=3, x0=820313487
P1, tp=3, ts=3, x0=430070623
P1, tp=3, ts=3, x0=714335726
P3, tp=3, ts=3, x0=768676076
P1, tp=3, ts=3, x0=763512129
P1, tp=3, ts=3, x0=182490672
P1, tp=3, ts=3, x0=802939665
P3, tp=3, ts=3, x0=397220999
P0, tp=3, ts=3
P2, tp=3, ts=3, x0=691535736, x1=26860460
P1, tp=3, ts=3, x0=481711494
P1, tp=3, ts=3, x0=154312090
P0, tp=3, ts=3
P2, tp=3, ts=3, x0=880523698, x1=861545272
P3, tp=3, ts=3, x0=680257802
P2, tp=3, ts=3, x0=658923165, x1=947694792
P0, tp=3, ts=3
P3, tp=3, ts=3, x0=182490672
P2, tp=3, ts=3, x0=405424725, x1=794071699
P1, tp=3, ts=3, x0=221601032
P2, tp=3, ts=3, x0=357483501, x1=958857716
P0, tp=3, ts=3
P0, tp=3, ts=3
P1, tp=3, ts=3, x0=802939665
P3, tp=3, ts=3, x0=397220999
P0, tp=3, ts=3
P3, tp=3, ts=3, x0=649031231
P2, tp=3, ts=3, x0=958857716, x1=801509552
P2, tp=3, ts=3, x0=357247781, x1=526134650
P0, tp=3, ts=3
P2, tp=3, ts=3, x0=499267842, x1=691535736
P2, tp=3, ts=3, x0=855124591, x1=995310227
P2, tp=3, ts=3, x0=366114030, x1=156465141
P0, tp=3, ts=3
P0, tp=3, ts=3
P1, tp=3, ts=3, x0=713711806
P1, tp=3, ts=3, x0=402361894
P1, tp=3, ts=3, x0=982149770
P2, tp=3, ts=3, x0=900180084, x1=184427475
P1, tp=3, ts=3, x0=861618486
P3, tp=3, ts=3, x0=982149770
P1, tp=3, ts=3, x0=836770281
P0, tp=3, ts=3
P2, tp=3, ts=3, x0=197438191, x1=152108441
P2, tp=3, ts=3, x0=474466037, x1=210178946
P1, tp=3, ts=3, x0=274366280
P1, tp=3, ts=3, x0=5943
P2, tp=3, ts=3, x0=690945555, x1=714335726
P3, tp=3, ts=3, x0=713711806
P0, tp=3, ts=3
P1, tp=3, ts=3, x0=164718677
P1, tp=3, ts=3, x0=391780979
P3, tp=3, ts=3, x0=175245603
P3, tp=3, ts=3, x0=820313487
P2, tp=3, ts=3, x0=751739590, x1=242747925
P3, tp=3, ts=3, x0=834924130
P0, tp=3, ts=3
P2, tp=3, ts=3, x0=658923165, x1=741366095
P2, tp=3, ts=3, x0=680257802, x1=156465141
P2, tp=3, ts=3, x0=713579292, x1=26860460
P2, tp=3, ts=3, x0=175245603, x1=994114840
P2, tp=3, ts=3, x0=557979160, x1=160723572
P2, tp=3, ts=3, x0=175504189, x1=184427475
P1, tp=3, ts=3, x0=688669994
P1, tp=3, ts=3, x0=357483501
P0, tp=3, ts=3
P2, tp=3, ts=3, x0=430070623, x1=781549095
P0, tp=3, ts=3
P0, tp=3, ts=3
P2, tp=3, ts=3, x0=802939665, x1=698916596
P2, tp=3, ts=3, x0=797865727, x1=524244793
P1, tp=3, ts=3, x0=391780979
P0, tp=3, ts=3
P3, tp=3, ts=3, x0=405424725
P1, tp=3, ts=3, x0=391780979
P1, tp=3, ts=3, x0=820313487
P3, tp=3, ts=3, x0=520450758
P0, tp=3, ts=3
P2, tp=3, ts=3, x0=55627669, x1=442273573
P2, tp=3, ts=3, x0=242747925, x1=524244793
P1, tp=3, ts=3, x0=982149770
P2, tp=3, ts=3, x0=175504189, x1=143147677
P2, tp=3, ts=3, x0=989717022, x1=474466037
P0, tp=3, ts=3
P3, tp=3, ts=3, x0=348603372
P2, tp=3, ts=3, x0=649031231, x1=820313487
P2, tp=3, ts=3, x0=751739590, x1=78814145
P3, tp=3, ts=3, x0=802939665
P0, tp=3, ts=3
P3, tp=3, ts=3, x0=691535736
P2, tp=3, ts=3, x0=507430388, x1=802939665
P0, tp=3, ts=3
P3, tp=3, ts=3, x0=751739590
P3, tp=3, ts=3, x0=836770281
P2, tp=3, ts=3, x0=995310227, x1=156465141
P1, tp=3, ts=3, x0=557979160
P2, tp=3, ts=3, x0=690945555, x1=964125546
P2, tp=3, ts=3, x0=524244793, x1=507430388
P1, tp=3, ts=3, x0=797865727
P1, tp=3, ts=3, x0=834924130
P2, tp=3, ts=3, x0=357247781, x1=520450758
P1, tp=3, ts=3, x0=989717022
P0, tp=3, ts=3
P3, tp=3, ts=3, x0=427917125
P0, tp=3, ts=3
P3, tp=3, ts=3, x0=391780979
P2, tp=3, ts=3, x0=576349149, x1=902214288
P0, tp=3, ts=3
P1, tp=3, ts=3, x0=802939665
P0, tp=3, ts=3
P0, tp=3, ts=3
P2, tp=3, ts=3, x0=751739590, x1=855124591
P2, tp=3, ts=3, x0=81025596, x1=543683985
P2, tp=3, ts=3, x0=836770281, x1=576349149
P1, tp=3, ts=3, x0=221601032
P2, tp=3, ts=3, x0=507430388, x1=430070623
P1, tp=3, ts=3, x0=499671516
P2, tp=3, ts=3, x0=507430388, x1=520450758
P0, tp=3, ts=3
P3, tp=3, ts=3, x0=218214545
P2, tp=3, ts=3, x0=179577391, x1=81025596
P2, tp=3, ts=3, x0=357483501, x1=405424725
P0, tp=3, ts=3
P2, tp=3, ts=3, x0=384177193, x1=221601032
P0, tp=3, ts=3
P0, tp=3, ts=3
P2, tp=3, ts=3, x0=862126338, x1=210178946
P3, tp=3, ts=3, x0=964125546
P1, tp=3, ts=3, x0=365775564
P3, tp=3, ts=3, x0=781549095
P2, tp=3, ts=3, x0=713711806, x1=182490672
P2, tp=3, ts=3, x0=995310227, x1=292911051
P3, tp=3, ts=3, x0=900180084
P2, tp=3, ts=3, x0=397220999, x1=507430388
P3, tp=3, ts=3, x0=397220999
P3, tp=3, ts=3, x0=570285474
P3, tp=3, ts=3, x0=995310227
P1, tp=3, ts=3, x0=26860460
P0, tp=3, ts=3
P2, tp=3, ts=3, x0=160723572, x1=274366280
P2, tp=3, ts=3, x0=741366095, x1=691535736
P0, tp=3, ts=3
P2, tp=3, ts=3, x0=474466037, x1=384177193
P2, tp=3, ts=3, x0=439967705, x1=499267842
P0, tp=3, ts=3
P3, tp=3, ts=3, x0=143147677
P0, tp=3, ts=3
P2, tp=3, ts=3, x0=182490672, x1=900180084
P2, tp=3, ts=3, x0=290015491, x1=365775564
P2, tp=3, ts=3, x0=210178946, x1=862126338
P2, tp=3, ts=3, x0=768676076, x1=156465141
P1, tp=3, ts=3, x0=570285474
P0, tp=3, ts=3
P0, tp=3, ts=3
P2, tp=3, ts=3, x0=649031231, x1=820313487
P2, tp=3, ts=3, x0=861545272, x1=862126338
P0, tp=3, ts=3
P1, tp=3, ts=3, x0=994114840
P2, tp=3, ts=3, x0=658923165, x1=520450758
P1, tp=3, ts=3, x0=292911051
P2, tp=3, ts=3, x0=458749650, x1=179577391
P1, tp=3, ts=3, x0=982149770
P0, tp=3, ts=3
P3, tp=3, ts=3, x0=862126338
P0, tp=3, ts=3
P0, tp=3, ts=3
P0, tp=3, ts=3
P3, tp=3, ts=3, x0=26860460
P1, tp=3, ts=3, x0=292911051
P3, tp=3, ts=3, x0=357483501
P1, tp=3, ts=3, x0=397220999
P0, tp=3, ts=3
P2, tp=3, ts=3, x0=221601032, x1=831624436
P1, tp=3, ts=3, x0=152108441
P3, tp=3, ts=3, x0=763512129
P1, tp=3, ts=3, x0=958857716
P1, tp=3, ts=3, x0=862126338
P0, tp=3, ts=3
P2, tp=3, ts=3, x0=107742758, x1=218214545
P0, tp=3, ts=3
P0, tp=3, ts=3
P1, tp=3, ts=3, x0=152108441
P0, tp=3, ts=3
P1, tp=3, ts=3, x0=221601032
P3, tp=3, ts=3, x0=528002546
P0, tp=3, ts=3
P1, tp=3, ts=3, x0=964125546
P0, tp=3, ts=3
P1, tp=3, ts=3, x0=397220999
P0, tp=3, ts=3
P1, tp=3, ts=3, x0=290015491
P0, tp=3, ts=3
P0, tp=3, ts=3
P2, tp=3, ts=3, x0=292911051, x1=442273573
P3, tp=3, ts=3, x0=768676076
P0, tp=3, ts=3
P1, tp=3, ts=3, x0=691535736
P3, tp=3, ts=3, x0=468373969
P2, tp=3, ts=3, x0=442273573, x1=322282226
P2, tp=3, ts=3, x0=516597723, x1=649031231
P2, tp=3, ts=3, x0=78814145, x1=184427475
P3, tp=3, ts=3, x0=713711806
P2, tp=3, ts=3, x0=690945555, x1=801509552
P0, tp=3, ts=3
P2, tp=3, ts=3, x0=499267842, x1=526134650
P0, tp=3, ts=3
P0, tp=3, ts=3
P1, tp=3, ts=3, x0=499671516
P0, tp=4, ts=4
P3, tp=4, ts=4, x0=831624436
P3, tp=4, ts=4, x0=520450758
P0, tp=4, ts=4
P3, tp=4, ts=4, x0=357483501
P1, tp=4, ts=4, x0=405424725
P1, tp=4, ts=4, x0=902214288
P2, tp=4, ts=4, x0=713711806, x1=947694792
P3, tp=4, ts=4, x0=714335726
P3, tp=4, ts=4, x0=405424725
P2, tp=4, ts=4, x0=94793001, x1=947694792
P3, tp=4, ts=4, x0=861618486
P1, tp=4, ts=4, x0=861545272
P2, tp=4, ts=4, x0=155548109, x1=902214288
P3, tp=4, ts=4, x0=797865727
P1, tp=4, ts=4, x0=81025596
P3, tp=4, ts=4, x0=274366280
P2, tp=4, ts=4, x0=964125546, x1=481711494
P2, tp=4, ts=4, x0=55627669, x1=82136293
P0, tp=4, ts=4
P1, tp=4, ts=4, x0=763512129
P2, tp=4, ts=4, x0=794071699, x1=474466037
P2, tp=4, ts=4, x0=5943, x1=160723572
P2, tp=4, ts=4, x0=947694792, x1=18066276
P2, tp=4, ts=4, x0=175504189, x1=284883598
P1, tp=4, ts=4, x0=94793001
P3, tp=4, ts=4, x0=402361894
P3, tp=4, ts=4, x0=649031231
P0, tp=4, ts=4
P1, tp=4, ts=4, x0=271330754
P1, tp=4, ts=4, x0=156465141
P0, tp=4, ts=4
P2, tp=4, ts=4, x0=210178946, x1=649031231
P3, tp=4, ts=4, x0=917552990
P0, tp=4, ts=4
P0, tp=4, ts=4
P0, tp=4, ts=4
P0, tp=4, ts=4
P1, tp=4, ts=4, x0=393695114
P3, tp=4, ts=4, x0=410054227
P1, tp=4, ts=4, x0=801509552
P1, tp=4, ts=4, x0=947694792
P3, tp=4, ts=4, x0=480401630
P2, tp=4, ts=4, x0=516597723, x1=741366095
P0, tp=4, ts=4
P0, tp=4, ts=4
P1, tp=4, ts=4, x0=499267842
P1, tp=4, ts=4, x0=768676076
P0, tp=4, ts=4
P3, tp=4, ts=4, x0=94793001
P0, tp=4, ts=4
P0, tp=4, ts=4
P2, tp=4, ts=4, x0=781549095, x1=995310227
P1, tp=4, ts=4, x0=156465141
P3, tp=4, ts=4, x0=155548109
P2, tp=4, ts=4, x0=107742758, x1=292911051
P0, tp=4, ts=4
P1, tp=4, ts=4, x0=982149770
P3, tp=4, ts=4, x0=481711494
P3, tp=4, ts=4, x0=902214288
P0, tp=4, ts=4
P0, tp=4, ts=4
P3, tp=4, ts=4, x0=210178946
P0, tp=4, ts=4
P2, tp=4, ts=4, x0=210178946, x1=156465141
P3, tp=4, ts=4, x0=507430388
P3, tp=4, ts=4, x0=678583550
P0, tp=4, ts=4
P2, tp=4, ts=4, x0=301121505, x1=468373969
P0, tp=4, ts=4
P3, tp=4, ts=4, x0=241608244
P2, tp=4, ts=4, x0=271330754, x1=836770281
P1, tp=4, ts=4, x0=474466037
P1, tp=4, ts=4, x0=405424725
P3, tp=4, ts=4, x0=794071699
P2, tp=4, ts=4, x0=156465141, x1=751739590
P3, tp=4, ts=4, x0=526134650
P1, tp=4, ts=4, x0=741366095
P1, tp=4, ts=4, x0=702955027
P0, tp=4, ts=4
P2, tp=4, ts=4, x0=468373969, x1=857202047
P0, tp=4, ts=4
P2, tp=4, ts=4, x0=5943, x1=348603372
P2, tp=4, ts=4, x0=184427475, x1=391780979
P3, tp=4, ts=4, x0=81025596
P3, tp=4, ts=4, x0=994447149
P1, tp=4, ts=4, x0=284883598
P3, tp=4, ts=4, x0=649031231
P0, tp=4, ts=4
P3, tp=4, ts=4, x0=782347722
P3, tp=4, ts=4, x0=714531378
P1, tp=4, ts=4, x0=598436321
P0, tp=4, ts=4
P1, tp=4, ts=4, x0=857202047
P2, tp=4, ts=4, x0=292911051, x1=902214288
P3, tp=4, ts=4, x0=947694792
P1, tp=4, ts=4, x0=481711494
P1, tp=4, ts=4, x0=570285474
P1, tp=4, ts=4, x0=107742758
P1, tp=4, ts=4, x0=18066276
P3, tp=4, ts=4, x0=834924130
P1, tp=4, ts=4, x0=855124591
P3, tp=4, ts=4, x0=964125546
P0, tp=4, ts=4
P2, tp=4, ts=4, x0=848061216, x1=439967705
P3, tp=4, ts=4, x0=964125546
P1, tp=4, ts=4, x0=783659908
P0, tp=4, ts=4
P1, tp=4, ts=4, x0=994114840
P2, tp=4, ts=4, x0=221601032, x1=366114030
P1, tp=4, ts=4, x0=831624436
P3, tp=4, ts=4, x0=831624436
P2, tp=4, ts=4, x0=155548109, x1=26860460
P1, tp=4, ts=4, x0=10882792
P3, tp=4, ts=4, x0=783659908
P3, tp=4, ts=4, x0=516597723
P2, tp=4, ts=4, x0=713579292, x1=516597723
P2, tp=4, ts=4, x0=271330754, x1=714531378
P2, tp=4, ts=4, x0=126482799, x1=713711806
P2, tp=4, ts=4, x0=524244793, x1=994447149
P3, tp=4, ts=4, x0=82136293
P3, tp=4, ts=4, x0=797865727
P0, tp=4, ts=4
P3, tp=4, ts=4, x0=480401630
P3, tp=4, ts=4, x0=783659908
P2, tp=4, ts=4, x0=175245603, x1=801509552
P1, tp=4, ts=4, x0=399274317
P3, tp=4, ts=4, x0=855124591
P2, tp=4, ts=4, x0=861618486, x1=499267842
P0, tp=4, ts=4
P1, tp=4, ts=4, x0=197438191
P3, tp=4, ts=4, x0=680257802
P2, tp=4, ts=4, x0=751739590, x1=861545272
P1, tp=4, ts=4, x0=714335726
P3, tp=4, ts=4, x0=794071699
P2, tp=4, ts=4, x0=322941355, x1=82136293
P3, tp=4, ts=4, x0=384177193
P0, tp=4, ts=4
P2, tp=4, ts=4, x0=458749650, x1=474466037
P0, tp=4, ts=4
P0, tp=4, ts=4
P0, tp=4, ts=4
P1, tp=4, ts=4, x0=702955027
P0, tp=4, ts=4
P2, tp=4, ts=4, x0=848697260, x1=667668821
P3, tp=4, ts=4, x0=182490672
P0, tp=4, ts=4
P1, tp=4, ts=4, x0=126482799
P2, tp=4, ts=4, x0=184427475, x1=410054227
P3, tp=4, ts=4, x0=292911051
P3, tp=4, ts=4, x0=274366280
P2, tp=4, ts=4, x0=691535736, x1=160723572
P2, tp=4, ts=4, x0=499267842, x1=713579292
P2, tp=4, ts=4, x0=348603372, x1=982149770
P2, tp=4, ts=4, x0=175245603, x1=507430388
P2, tp=4, ts=4, x0=468373969, x1=507430388
P0, tp=4, ts=4
P0, tp=4, ts=4
P1, tp=4, ts=4, x0=680257802
P3, tp=4, ts=4, x0=749155486
P3, tp=4, ts=4, x0=18066276
P0, tp=4, ts=4
P2, tp=4, ts=4, x0=126482799, x1=713579292
P1, tp=4, ts=4, x0=680257802
P1, tp=4, ts=4, x0=658923165
P3, tp=4, ts=4, x0=691535736
P0, tp=4, ts=4
P0, tp=4, ts=4
P1, tp=4, ts=4, x0=801509552
P1, tp=4, ts=4, x0=861545272
P3, tp=4, ts=4, x0=439967705
P1, tp=4, ts=4, x0=366114030
P2, tp=4, ts=4, x0=480401630, x1=507430388
P0, tp=4, ts=4
P1, tp=4, ts=4, x0=292911051
P0, tp=4, ts=4
P0, tp=4, ts=4
P2, tp=4, ts=4, x0=848697260, x1=520450758
P0, tp=4, ts=4
P1, tp=4, ts=4, x0=783659908
P2, tp=4, ts=4, x0=749155486, x1=397220999
P2, tp=4, ts=4, x0=947694792, x1=520450758
P2, tp=4, ts=4, x0=242747925, x1=658923165
P2, tp=4, ts=4, x0=678583550, x1=143147677
P2, tp=4, ts=4, x0=714335726, x1=430070623
P0, tp=4, ts=4
P0, tp=4, ts=4
P2, tp=4, ts=4, x0=749155486, x1=939198952
P3, tp=4, ts=4, x0=391780979
P1, tp=4, ts=4, x0=20111226
P3, tp=4, ts=4, x0=543683985
P2, tp=4, ts=4, x0=628453384, x1=210178946
P1, tp=4, ts=4, x0=242747925
P2, tp=4, ts=4, x0=314490622, x1=994114840
P1, tp=4, ts=4, x0=900180084
P3, tp=4, ts=4, x0=184427475
P3, tp=4, ts=4, x0=357247781
P3, tp=4, ts=4, x0=702955027
P3, tp=4, ts=4, x0=153488987
P1, tp=4, ts=4, x0=357247781
P0, tp=4, ts=4
P2, tp=4, ts=4, x0=714531378, x1=18066276
P1, tp=4, ts=4, x0=18066276
P3, tp=4, ts=4, x0=301121505
P1, tp=4, ts=4, x0=902214288
P3, tp=4, ts=4, x0=44568318
P2, tp=4, ts=4, x0=78814145, x1=900180084
P2, tp=4, ts=4, x0=81025596, x1=182490672
P0, tp=4, ts=4
P3, tp=4, ts=4, x0=18066276
P0, tp=4, ts=4
P3, tp=4, ts=4, x0=18066276
P0, tp=4, ts=4
P0, tp=4, ts=4
P2, tp=4, ts=4, x0=782347722, x1=526134650
P2, tp=4, ts=4, x0=741366095, x1=44568318
P2, tp=4, ts=4, x0=576349149, x1=713579292
P2, tp=4, ts=4, x0=783659908, x1=994447149
P2, tp=4, ts=4, x0=281460280, x1=78814145
P3, tp=4, ts=4, x0=993926176
P1, tp=4, ts=4, x0=322941355
P3, tp=4, ts=4, x0=698916596
P2, tp=4, ts=4, x0=680257802, x1=995310227
P3, tp=4, ts=4, x0=543683985
P2, tp=4, ts=4, x0=292911051, x1=667668821
P2, tp=4, ts=4, x0=713711806, x1=958857716
P0, tp=4, ts=4
P2, tp=4, ts=4, x0=995310227, x1=410054227
P1, tp=4, ts=4, x0=714335726
P3, tp=4, ts=4, x0=599208056
P0, tp=4, ts=4
P0, tp=4, ts=4
P1, tp=4, ts=4, x0=741366095
P2, tp=4, ts=4, x0=385195212, x1=241608244
P0, tp=4, ts=4
P3, tp=4, ts=4, x0=410054227
P1, tp=4, ts=4, x0=879171845
P3, tp=4, ts=4, x0=848061216
P3, tp=4, ts=4, x0=81025596
P0, tp=4, ts=4
P0, tp=4, ts=4
P3, tp=4, ts=4, x0=995310227
P1, tp=4, ts=4, x0=184427475
P2, tp=4, ts=4, x0=399274317, x1=993926176
P3, tp=4, ts=4, x0=658923165
P1, tp=4, ts=4, x0=499671516
P1, tp=4, ts=4, x0=559644849
P3, tp=4, ts=4, x0=393695114
P1, tp=4, ts=4, x0=322282226
P2, tp=4, ts=4, x0=160723572, x1=702955027
P3, tp=4, ts=4, x0=442273573
P3, tp=4, ts=4, x0=143147677
P1, tp=4, ts=4, x0=143147677
P2, tp=4, ts=4, x0=896408419, x1=939198952
P1, tp=4, ts=4, x0=107742758
P1, tp=4, ts=4, x0=468373969
P1, tp=4, ts=4, x0=153488987
P2, tp=4, ts=4, x0=857202047, x1=82136293
P2, tp=4, ts=4, x0=794071699, x1=559644849
P0, tp=4, ts=4
P2, tp=4, ts=4, x0=570285474, x1=82136293
P0, tp=4, ts=4
P2, tp=4, ts=4, x0=385195212, x1=507430388
P3, tp=4, ts=4, x0=385195212
P1, tp=4, ts=4, x0=78814145
P2, tp=4, ts=4, x0=182490672, x1=82136293
P3, tp=4, ts=4, x0=874019698
P3, tp=4, ts=4, x0=801509552
P2, tp=4, ts=4, x0=468373969, x1=274366280
P1, tp=4, ts=4, x0=274366280
P1, tp=4, ts=4, x0=994447149
P1, tp=4, ts=4, x0=366588035
P1, tp=4, ts=4, x0=175245603
P2, tp=4, ts=4, x0=10882792, x1=896408419
P2, tp=4, ts=4, x0=714531378, x1=680257802
P2, tp=4, ts=4, x0=474466037, x1=599208056
P3, tp=4, ts=4, x0=26860460
P0, tp=4, ts=4
P2, tp=4, ts=4, x0=875651017, x1=366114030
P0, tp=4, ts=4
P1, tp=4, ts=4, x0=805572368
P1, tp=4, ts=4, x0=559644849
P0, tp=4, ts=4
P2, tp=4, ts=4, x0=902214288, x1=576349149
P3, tp=4, ts=4, x0=751739590
P1, tp=4, ts=4, x0=397220999
P2, tp=4, ts=4, x0=628453384, x1=848061216
P2, tp=4, ts=4, x0=875651017, x1=570285474
P0, tp=4, ts=4
P3, tp=4, ts=4, x0=393695114
P3, tp=4, ts=4, x0=768676076
P1, tp=4, ts=4, x0=900180084
P1, tp=4, ts=4, x0=680257802
P3, tp=4, ts=4, x0=783659908
P0, tp=4, ts=4
P0, tp=4, ts=4
P0, tp=4, ts=4
P3, tp=4, ts=4, x0=281460280
P0, tp=4, ts=4
P2, tp=4, ts=4, x0=598436321, x1=143147677
P1, tp=4, ts=4, x0=794071699
P0, tp=4, ts=4
P1, tp=4, ts=4, x0=394765550
P0, tp=4, ts=4
P1, tp=4, ts=4, x0=526134650
P3, tp=4, ts=4, x0=874019698
P0, tp=4, ts=4
P3, tp=4, ts=4, x0=698916596
P3, tp=4, ts=4, x0=153488987
P3, tp=4, ts=4, x0=768676076
P3, tp=4, ts=4, x0=994447149
P0, tp=4, ts=4
P0, tp=4, ts=4
P0, tp=4, ts=4
P0, tp=4, ts=4
P1, tp=4, ts=4, x0=763512129
P0, tp=4, ts=4
P2, tp=4, ts=4, x0=698916596, x1=896408419
P2, tp=4, ts=4, x0=989717022, x1=570285474
P1, tp=4, ts=4, x0=143147677
P0, tp=4, ts=4
P1, tp=4, ts=4, x0=678583550
P2, tp=4, ts=4, x0=680257802, x1=274366280
P0, tp=4, ts=4
P3, tp=4, ts=4, x0=741366095
P0, tp=4, ts=4
P2, tp=4, ts=4, x0=702955027, x1=474466037
P2, tp=4, ts=4, x0=507430388, x1=959232710
P2, tp=4, ts=4, x0=10882792, x1=391780979
P3, tp=4, ts=4, x0=902214288
P3, tp=4, ts=4, x0=794071699
P1, tp=4, ts=4, x0=848697260
P2, tp=4, ts=4, x0=399274317, x1=366114030
P0, tp=4, ts=4
P1, tp=4, ts=4, x0=667668821
P1, tp=4, ts=4, x0=576349149
P2, tp=4, ts=4, x0=993926176, x1=370650392
P3, tp=4, ts=4, x0=370650392
P0, tp=4, ts=4
P3, tp=4, ts=4, x0=378418207
P3, tp=4, ts=4, x0=126482799
P3, tp=4, ts=4, x0=696288128
P2, tp=4, ts=4, x0=197438191, x1=557979160
P1, tp=4, ts=4, x0=175504189
P0, tp=4, ts=4
P2, tp=4, ts=4, x0=348603372, x1=939198952
P1, tp=4, ts=4, x0=399274317
P3, tp=4, ts=4, x0=439967705
P0, tp=4, ts=4
P1, tp=4, ts=4, x0=628453384
P0, tp=4, ts=4
P3, tp=4, ts=4, x0=126482799
P3, tp=4, ts=4, x0=184427475
P3, tp=4, ts=4, x0=767372659
P0, tp=4, ts=4
P3, tp=4, ts=4, x0=196919919
P1, tp=4, ts=4, x0=391780979
P2, tp=4, ts=4, x0=186907107, x1=399274317
P2, tp=4, ts=4, x0=628453384, x1=175504189
P0, tp=4, ts=4
P2, tp=4, ts=4, x0=242747925, x1=848697260
P3, tp=4, ts=4, x0=20111226
P3, tp=4, ts=4, x0=714531378
P1, tp=4, ts=4, x0=917552990
P2, tp=4, ts=4, x0=691535736, x1=994573408
P3, tp=4, ts=4, x0=210178946
P0, tp=4, ts=4
P1, tp=4, ts=4, x0=994573408
P1, tp=4, ts=4, x0=576349149
P0, tp=4, ts=4
P3, tp=4, ts=4, x0=97872481
P3, tp=4, ts=4, x0=982149770
P3, tp=4, ts=4, x0=385195212
P3, tp=4, ts=4, x0=857202047
P0, tp=4, ts=4
P3, tp=4, ts=4, x0=570285474
P2, tp=4, ts=4, x0=958857716, x1=458749650
P3, tp=4, ts=4, x0=704058760
P0, tp=4, ts=4
P1, tp=4, ts=4, x0=696288128
P1, tp=4, ts=4, x0=667668821
P1, tp=4, ts=4, x0=875651017
P0, tp=4, ts=4
P3, tp=4, ts=4, x0=358764715
P0, tp=4, ts=4
P3, tp=4, ts=4, x0=324604825
P2, tp=4, ts=4, x0=649031231, x1=982149770
P3, tp=4, ts=4, x0=393695114
P0, tp=4, ts=4
P1, tp=4, ts=4, x0=598436321
P0, tp=4, ts=4
P0, tp=4, ts=4
P1, tp=4, ts=4, x0=385195212
P2, tp=4, ts=4, x0=725356751, x1=871328432
P0, tp=4, ts=4
P3, tp=4, ts=4, x0=385195212
P1, tp=4, ts=4, x0=871328432
P2, tp=4, ts=4, x0=458749650, x1=442273573
P1, tp=4, ts=4, x0=358764715
P2, tp=4, ts=4, x0=714531378, x1=324604825
P0, tp=4, ts=4
P3, tp=4, ts=4, x0=939198952
P3, tp=4, ts=4, x0=97872481
P0, tp=4, ts=4
P2, tp=4, ts=4, x0=284883598, x1=848061216
P0, tp=4, ts=4
P2, tp=4, ts=4, x0=370650392, x1=210178946
P0, tp=4, ts=4
P1, tp=4, ts=4, x0=704058760
P1, tp=4, ts=4, x0=366114030
P2, tp=4, ts=4, x0=725356751, x1=385195212
P3, tp=4, ts=4, x0=421759463
P2, tp=4, ts=4, x0=599208056, x1=218214545
P1, tp=4, ts=4, x0=385195212
P1, tp=4, ts=4, x0=301121505
P1, tp=4, ts=4, x0=301121505
P2, tp=4, ts=4, x0=658923165, x1=557979160
P2, tp=4, ts=4, x0=691535736, x1=385195212
P2, tp=4, ts=4, x0=40874643, x1=875651017
P2, tp=4, ts=4, x0=197438191, x1=271330754
P3, tp=4, ts=4, x0=896408419
P3, tp=4, ts=4, x0=474466037
P0, tp=4, ts=4
P2, tp=4, ts=4, x0=366588035, x1=921713915
P3, tp=4, ts=4, x0=221601032
P3, tp=4, ts=4, x0=153488987
P2, tp=4, ts=4, x0=358764715, x1=241608244
P2, tp=4, ts=4, x0=182490672, x1=358764715
P0, tp=4, ts=4
P0, tp=4, ts=4
P3, tp=4, ts=4, x0=939198952
P2, tp=4, ts=4, x0=186907107, x1=270242083
P2, tp=4, ts=4, x0=480401630, x1=479391305
P1, tp=4, ts=4, x0=274366280
P0, tp=4, ts=4
P2, tp=4, ts=4, x0=696288128, x1=284883598
P2, tp=4, ts=4, x0=210178946, x1=959232710
P2, tp=4, ts=4, x0=385195212, x1=270242083
P3, tp=4, ts=4, x0=402361894
P0, tp=4, ts=4
P1, tp=4, ts=4, x0=205233360
P3, tp=4, ts=4, x0=947694792
P0, tp=4, ts=4
P2, tp=4, ts=4, x0=210178946, x1=959232710
P3, tp=4, ts=4, x0=274366280
P0, tp=4, ts=4
P1, tp=4, ts=4, x0=787782137
P3, tp=4, ts=4, x0=221601032
P2, tp=4, ts=4, x0=270242083, x1=741366095
P1, tp=4, ts=4, x0=357247781
P3, tp=4, ts=4, x0=342531013
P0, tp=4, ts=4
P1, tp=4, ts=4, x0=989717022
P2, tp=4, ts=4, x0=196919919, x1=959232710
P1, tp=4, ts=4, x0=221601032
P0, tp=4, ts=4
P3, tp=4, ts=4, x0=62949616
P3, tp=4, ts=4, x0=959232710
P1, tp=4, ts=4, x0=557979160
P2, tp=4, ts=4, x0=714531378, x1=598436321
P1, tp=4, ts=4, x0=994573408
P1, tp=4, ts=4, x0=210178946
P0, tp=4, ts=4
P3, tp=4, ts=4, x0=939198952
P3, tp=4, ts=4, x0=126482799
P1, tp=4, ts=4, x0=358764715
P3, tp=4, ts=4, x0=714531378
P2, tp=4, ts=4, x0=570285474, x1=196919919
P1, tp=4, ts=4, x0=400885143
P2, tp=4, ts=4, x0=479391305, x1=947694792
P2, tp=4, ts=4, x0=900180084, x1=348603372
P2, tp=4, ts=4, x0=378418207, x1=994114840
P0, tp=4, ts=4
P2, tp=4, ts=4, x0=284883598, x1=836770281
P3, tp=4, ts=4, x0=210178946
P0, tp=4, ts=4
P2, tp=4, ts=4, x0=524244793, x1=768676076
P0, tp=4, ts=4
P0, tp=4, ts=4
P1, tp=4, ts=4, x0=782347722
P2, tp=4, ts=4, x0=175504189, x1=242747925
P0, tp=4, ts=4
P1, tp=4, ts=4, x0=10882792
P1, tp=4, ts=4, x0=400885143
P2, tp=4, ts=4, x0=959232710, x1=385195212
P2, tp=4, ts=4, x0=366114030, x1=242747925
P3, tp=4, ts=4, x0=479391305
P3, tp=4, ts=4, x0=153488987
P0, tp=4, ts=4
P0, tp=4, ts=4
P1, tp=4, ts=4, x0=20111226
P3, tp=4, ts=4, x0=10882792
P2, tp=4, ts=4, x0=205233360, x1=994114840
P1, tp=4, ts=4, x0=182490672
P1, tp=4, ts=4, x0=947694792
P3, tp=4, ts=4, x0=391780979
P3, tp=4, ts=4, x0=370650392
P2, tp=4, ts=4, x0=767372659, x1=696288128
P3, tp=4, ts=4, x0=725356751
P2, tp=4, ts=4, x0=205233360, x1=900180084
P2, tp=4, ts=4, x0=879171845, x1=324604825
P0, tp=4, ts=4
P2, tp=4, ts=4, x0=196919919, x1=78814145
P1, tp=4, ts=4, x0=993926176
P1, tp=4, ts=4, x0=218214545
P0, tp=4, ts=4
P3, tp=4, ts=4, x0=871988861
P3, tp=4, ts=4, x0=97872481
P3, tp=4, ts=4, x0=399274317
P1, tp=4, ts=4, x0=768676076
P3, tp=4, ts=4, x0=197438191
P1, tp=4, ts=4, x0=787782137
P1, tp=4, ts=4, x0=783659908
P3, tp=4, ts=4, x0=97872481
P2, tp=4, ts=4, x0=153488987, x1=989717022
P3, tp=4, ts=4, x0=399274317
P0, tp=4, ts=4
P1, tp=4, ts=4, x0=782347722
P0, tp=4, ts=4
P1, tp=4, ts=4, x0=186907107
P2, tp=4, ts=4, x0=184427475, x1=516597723
P1, tp=4, ts=4, x0=394765550
P1, tp=4, ts=4, x0=205233360
P2, tp=4, ts=4, x0=834924130, x1=900180084
P0, tp=4, ts=4
P2, tp=4, ts=4, x0=62949616, x1=636552923
P3, tp=4, ts=4, x0=439967705
P0, tp=4, ts=4
P2, tp=4, ts=4, x0=499267842, x1=871328432
P2, tp=4, ts=4, x0=879171845, x1=281460280
P0, tp=4, ts=4
P2, tp=4, ts=4, x0=357247781, x1=783659908
P0, tp=4, ts=4
P3, tp=4, ts=4, x0=879171845
P2, tp=4, ts=4, x0=153488987, x1=153488987
P1, tp=4, ts=4, x0=218214545
P1, tp=4, ts=4, x0=524244793
P2, tp=4, ts=4, x0=284883598, x1=242747925
P1, tp=4, ts=4, x0=782347722
P2, tp=4, ts=4, x0=836770281, x1=458749650
P0, tp=4, ts=4
P0, tp=4, ts=4
P3, tp=4, ts=4, x0=342531013
P0, tp=4, ts=4
P0, tp=4, ts=4
P0, tp=4, ts=4
P1, tp=4, ts=4, x0=442273573
P1, tp=4, ts=4, x0=284883598
P1, tp=4, ts=4, x0=20111226
P0, tp=4, ts=4
P1, tp=4, ts=4, x0=474466037
P1, tp=4, ts=4, x0=879171845
P2, tp=4, ts=4, x0=896408419, x1=270242083
P0, tp=4, ts=4
P0, tp=4, ts=4
P3, tp=4, ts=4, x0=947694792
P3, tp=4, ts=4, x0=667668821
P3, tp=4, ts=4, x0=357247781
P1, tp=4, ts=4, x0=959232710
P2, tp=4, ts=4, x0=921713915, x1=400885143
P0, tp=4, ts=4
P0, tp=4, ts=4
P2, tp=4, ts=4, x0=221601032, x1=82076505
P2, tp=4, ts=4, x0=497761576, x1=636552923
P0, tp=4, ts=4
P0, tp=4, ts=4
P1, tp=4, ts=4, x0=242747925
P1, tp=4, ts=4, x0=667668821
P2, tp=4, ts=4, x0=848697260, x1=900180084
P2, tp=4, ts=4, x0=516597723, x1=474466037
P3, tp=4, ts=4, x0=20111226
P0, tp=4, ts=4
P3, tp=4, ts=4, x0=324604825
P1, tp=4, ts=4, x0=400885143
P3, tp=4, ts=4, x0=274366280
P0, tp=4, ts=4
P2, tp=4, ts=4, x0=896408419, x1=959232710
P2, tp=4, ts=4, x0=442273573, x1=479391305
P3, tp=4, ts=4, x0=714531378
P1, tp=4, ts=4, x0=241608244
P1, tp=4, ts=4, x0=378418207
P0, tp=4, ts=4
P3, tp=4, ts=4, x0=628453384
P1, tp=4, ts=4, x0=197438191
P0, tp=4, ts=4
P2, tp=4, ts=4, x0=479391305, x1=18066276
P2, tp=4, ts=4, x0=678583550, x1=357247781
P2, tp=4, ts=4, x0=993926176, x1=175504189
P0, tp=4, ts=4
P1, tp=4, ts=4, x0=994114840
P0, tp=4, ts=4
P0, tp=4, ts=4
P3, tp=4, ts=4, x0=40874643
P0, tp=4, ts=4
P3, tp=4, ts=4, x0=848697260
P3, tp=4, ts=4, x0=400885143
P0, tp=4, ts=4
P0, tp=4, ts=4
P1, tp=4, ts=4, x0=62949616
P0, tp=4, ts=4
P3, tp=4, ts=4, x0=834924130
P2, tp=4, ts=4, x0=807226666, x1=10882792
P3, tp=4, ts=4, x0=378418207
P3, tp=4, ts=4, x0=636552923
P3, tp=4, ts=4, x0=474466037
P1, tp=4, ts=4, x0=879171845
P3, tp=4, ts=4, x0=421759463
P2, tp=4, ts=4, x0=848697260, x1=20111226
P1, tp=4, ts=4, x0=559644849
P3, tp=4, ts=4, x0=284883598
P3, tp=4, ts=4, x0=479391305
P0, tp=4, ts=4
P0, tp=4, ts=4
P1, tp=4, ts=4, x0=218214545
P0, tp=4, ts=4
P3, tp=4, ts=4, x0=82136293
P3, tp=4, ts=4, x0=442273573
P3, tp=4, ts=4, x0=741366095
P2, tp=4, ts=4, x0=544564365, x1=18066276
P1, tp=4, ts=4, x0=871988861
P0, tp=4, ts=4
P1, tp=4, ts=4, x0=399274317
P2, tp=4, ts=4, x0=678583550, x1=370650392
P2, tp=4, ts=4, x0=667668821, x1=480401630
P1, tp=4, ts=4, x0=184427475
P2, tp=4, ts=4, x0=385195212, x1=741366095
P3, tp=4, ts=4, x0=598436321
P3, tp=4, ts=4, x0=807226666
P1, tp=4, ts=4, x0=782347722
P2, tp=4, ts=4, x0=874019698, x1=18066276
P3, tp=4, ts=4, x0=284883598
P2, tp=4, ts=4, x0=741366095, x1=636552923
P3, tp=4, ts=4, x0=342531013
P3, tp=4, ts=4, x0=479391305
P3, tp=4, ts=4, x0=570285474
P2, tp=4, ts=4, x0=439967705, x1=598436321
P0, tp=4, ts=4
P3, tp=4, ts=4, x0=378418207
P3, tp=4, ts=4, x0=442273573
P3, tp=4, ts=4, x0=196919919
P3, tp=4, ts=4, x0=896408419
P3, tp=4, ts=4, x0=714531378
P1, tp=4, ts=4, x0=290015491
P0, tp=4, ts=4
P0, tp=4, ts=4
P2, tp=4, ts=4, x0=987807329, x1=831624436
P2, tp=4, ts=4, x0=40874643, x1=559644849
P2, tp=4, ts=4, x0=284883598, x1=439967705
P3, tp=4, ts=4, x0=270242083
P3, tp=4, ts=4, x0=658923165
P0, tp=4, ts=4
P0, tp=4, ts=4
P2, tp=4, ts=4, x0=831624436, x1=917552990
P3, tp=4, ts=4, x0=669942889
P2, tp=4, ts=4, x0=628453384, x1=848061216
P0, tp=4, ts=4
P0, tp=4, ts=4
P0, tp=4, ts=4
P0, tp=4, ts=4
P1, tp=4, ts=4, x0=782347722
P1, tp=4, ts=4, x0=807226666
P0, tp=4, ts=4
P1, tp=4, ts=4, x0=175504189
P0, tp=4, ts=4
P1, tp=4, ts=4, x0=749155486
P0, tp=4, ts=4
P3, tp=4, ts=4, x0=516597723
P2, tp=4, ts=4, x0=499671516, x1=994114840
P1, tp=4, ts=4, x0=559644849
P2, tp=4, ts=4, x0=378418207, x1=628453384
P0, tp=4, ts=4
P3, tp=4, ts=4, x0=97872481
P1, tp=4, ts=4, x0=221601032
P3, tp=4, ts=4, x0=233863019
P2, tp=4, ts=4, x0=342531013, x1=741366095
P3, tp=4, ts=4, x0=516597723
P2, tp=4, ts=4, x0=989717022, x1=197438191
P3, tp=4, ts=4, x0=741366095
P1, tp=4, ts=4, x0=902214288
P2, tp=4, ts=4, x0=153488987, x1=994573408
P3, tp=4, ts=4, x0=242747925
P3, tp=4, ts=4, x0=921713915
P0, tp=4, ts=4
P0, tp=4, ts=4
P1, tp=4, ts=4, x0=314490622
P2, tp=4, ts=4, x0=385195212, x1=959232710
P1, tp=4, ts=4, x0=357247781
P3, tp=4, ts=4, x0=939198952
P2, tp=4, ts=4, x0=62949616, x1=439967705
P3, tp=4, ts=4, x0=767372659
P0, tp=4, ts=4
P3, tp=4, ts=4, x0=834924130
P0, tp=4, ts=4
P3, tp=4, ts=4, x0=82076505
P0, tp=4, ts=4
P3, tp=4, ts=4, x0=197438191
P0, tp=4, ts=4
P3, tp=4, ts=4, x0=704058760
P2, tp=4, ts=4, x0=400885143, x1=749155486
P1, tp=4, ts=4, x0=749155486
P1, tp=4, ts=4, x0=274366280
P1, tp=4, ts=4, x0=783659908
P1, tp=4, ts=4, x0=969360100
P0, tp=4, ts=4
P1, tp=4, ts=4, x0=366588035
P1, tp=4, ts=4, x0=366114030
P2, tp=4, ts=4, x0=497761576, x1=82136293
P0, tp=4, ts=4
P1, tp=4, ts=4, x0=241608244
P1, tp=4, ts=4, x0=848697260
P3, tp=4, ts=4, x0=917552990
P3, tp=4, ts=4, x0=10882792
P1, tp=4, ts=4, x0=556534690
P0, tp=4, ts=4
P1, tp=4, ts=4, x0=186907107
P3, tp=4, ts=4, x0=314490622
P3, tp=4, ts=4, x0=556534690
P2, tp=4, ts=4, x0=20111226, x1=78814145
P2, tp=4, ts=4, x0=399274317, x1=831624436
P1, tp=4, ts=4, x0=848697260
P2, tp=4, ts=4, x0=691634817, x1=993926176
P2, tp=4, ts=4, x0=875651017, x1=366114030
P0, tp=4, ts=4
P0, tp=4, ts=4
P0, tp=4, ts=4
P1, tp=4, ts=4, x0=324604825
P1, tp=4, ts=4, x0=917552990
P2, tp=4, ts=4, x0=648980091, x1=301121505
P2, tp=4, ts=4, x0=233863019, x1=994447149
P2, tp=4, ts=4, x0=691833622, x1=678583550
P1, tp=4, ts=4, x0=939198952
P0, tp=4, ts=4
P1, tp=4, ts=4, x0=221601032
P3, tp=4, ts=4, x0=783659908
P1, tp=4, ts=4, x0=357247781
P1, tp=4, ts=4, x0=62949616
P0, tp=4, ts=4
P3, tp=4, ts=4, x0=879171845
P1, tp=4, ts=4, x0=324604825
P2, tp=4, ts=4, x0=807226666, x1=570285474
P1, tp=4, ts=4, x0=153488987
P2, tp=4, ts=4, x0=16136660, x1=921713915
P1, tp=4, ts=4, x0=196919919
P1, tp=4, ts=4, x0=499671516
P2, tp=4, ts=4, x0=621868507, x1=186907107
P1, tp=4, ts=4, x0=499671516
P3, tp=4, ts=4, x0=479391305
P1, tp=4, ts=4, x0=836770281
P3, tp=4, ts=4, x0=205233360
P3, tp=4, ts=4, x0=281460280
P1, tp=4, ts=4, x0=628453384
P3, tp=4, ts=4, x0=394765550
P1, tp=4, ts=4, x0=184427475
P0, tp=4, ts=4
P1, tp=4, ts=4, x0=969360100
P3, tp=4, ts=4, x0=696288128
P1, tp=4, ts=4, x0=233863019
P3, tp=4, ts=4, x0=324604825
P1, tp=4, ts=4, x0=636552923
P2, tp=4, ts=4, x0=153488987, x1=783659908
P0, tp=4, ts=4
P0, tp=4, ts=4
P3, tp=4, ts=4, x0=459655874
P2, tp=4, ts=4, x0=385195212, x1=696288128
P3, tp=4, ts=4, x0=741366095
P2, tp=4, ts=4, x0=993926176, x1=197438191
P0, tp=4, ts=4
P3, tp=4, ts=4, x0=556534690
P0, tp=4, ts=4
P3, tp=4, ts=4, x0=939198952
P3, tp=4, ts=4, x0=233863019
P3, tp=4, ts=4, x0=242747925
P1, tp=4, ts=4, x0=358764715
P2, tp=4, ts=4, x0=233863019, x1=205233360
P1, tp=4, ts=4, x0=836770281
P1, tp=4, ts=4, x0=366588035
P2, tp=4, ts=4, x0=763512129, x1=314490622
P1, tp=4, ts=4, x0=871988861
P1, tp=4, ts=4, x0=556534690
P2, tp=4, ts=4, x0=783659908, x1=18066276
P3, tp=4, ts=4, x0=385195212
P3, tp=4, ts=4, x0=570285474
P1, tp=4, ts=4, x0=314490622
P1, tp=4, ts=4, x0=366588035
P3, tp=4, ts=4, x0=196919919
P0, tp=4, ts=4
P3, tp=4, ts=4, x0=16136660
P1, tp=4, ts=4, x0=370650392
P2, tp=4, ts=4, x0=621868507, x1=439967705
P1, tp=4, ts=4, x0=636552923
P1, tp=4, ts=4, x0=636552923
P1, tp=4, ts=4, x0=767372659
P3, tp=4, ts=4, x0=479391305
P3, tp=4, ts=4, x0=875651017
P3, tp=4, ts=4, x0=301121505
P1, tp=4, ts=4, x0=947694792
P3, tp=4, ts=4, x0=600808883
P0, tp=4, ts=4
P3, tp=4, ts=4, x0=767372659
P0, tp=4, ts=4
P2, tp=4, ts=4, x0=378418207, x1=805572368
P2, tp=4, ts=4, x0=704058760, x1=704058760
P3, tp=4, ts=4, x0=82136293
P3, tp=4, ts=4, x0=879171845
P2, tp=4, ts=4, x0=82076505, x1=19789701
P0, tp=4, ts=4
P0, tp=4, ts=4
P2, tp=4, ts=4, x0=669942889, x1=969360100
P1, tp=4, ts=4, x0=767372659
P2, tp=4, ts=4, x0=218214545, x1=725356751
P2, tp=4, ts=4, x0=197438191, x1=648980091
P1, tp=4, ts=4, x0=400885143
P0, tp=4, ts=4
P3, tp=4, ts=4, x0=628453384
P1, tp=4, ts=4, x0=111014918
P3, tp=4, ts=4, x0=354012041
P2, tp=4, ts=4, x0=342531013, x1=270242083
P2, tp=4, ts=4, x0=993926176, x1=621868507
P1, tp=4, ts=4, x0=357247781
P3, tp=4, ts=4, x0=570285474
P3, tp=4, ts=4, x0=598436321
P3, tp=4, ts=4, x0=678583550
P0, tp=4, ts=4
P0, tp=4, ts=4
P2, tp=4, ts=4, x0=669942889, x1=987807329
P1, tp=4, ts=4, x0=394765550
P3, tp=4, ts=4, x0=783659908
P0, tp=4, ts=4
P2, tp=4, ts=4, x0=175504189, x1=678583550
P1, tp=4, ts=4, x0=490126166
P2, tp=4, ts=4, x0=678583550, x1=678583550
P0, tp=4, ts=4
P1, tp=4, ts=4, x0=82076505
P0, tp=4, ts=4
P1, tp=4, ts=4, x0=40874643
P3, tp=4, ts=4, x0=82076505
P3, tp=4, ts=4, x0=497761576
P0, tp=4, ts=4
P1, tp=4, ts=4, x0=184427475
P2, tp=4, ts=4, x0=921713915, x1=44568318
P1, tp=4, ts=4, x0=497761576
P1, tp=4, ts=4, x0=366588035
P1, tp=4, ts=4, x0=806503342
P2, tp=4, ts=4, x0=205233360, x1=479391305
P1, tp=4, ts=4, x0=896408419
P0, tp=4, ts=4
P1, tp=4, ts=4, x0=82136293
P1, tp=4, ts=4, x0=767372659
P1, tp=4, ts=4, x0=994573408
P3, tp=4, ts=4, x0=411401212
P2, tp=4, ts=4, x0=982934950, x1=385195212
P2, tp=4, ts=4, x0=40874643, x1=270242083
P3, tp=4, ts=4, x0=917552990
P2, tp=4, ts=4, x0=196919919, x1=783659908
P2, tp=4, ts=4, x0=82136293, x1=678583550
P1, tp=4, ts=4, x0=82076505
P0, tp=4, ts=4
P2, tp=4, ts=4, x0=19789701, x1=126482799
P3, tp=4, ts=4, x0=400885143
P0, tp=4, ts=4
P0, tp=4, ts=4
P1, tp=4, ts=4, x0=648980091
P2, tp=4, ts=4, x0=970985577, x1=685853111
P0, tp=4, ts=4
P2, tp=4, ts=4, x0=411401212, x1=270242083
P2, tp=4, ts=4, x0=19789701, x1=559644849
P2, tp=4, ts=4, x0=685853111, x1=324604825
P0, tp=4, ts=4
P0, tp=4, ts=4
P2, tp=4, ts=4, x0=787782137, x1=411401212
P2, tp=4, ts=4, x0=497761576, x1=806503342
P1, tp=4, ts=4, x0=184427475
P2, tp=4, ts=4, x0=871328432, x1=621868507
P3, tp=4, ts=4, x0=242747925
P0, tp=4, ts=4
P0, tp=4, ts=4
P1, tp=4, ts=4, x0=197438191
P2, tp=4, ts=4, x0=959232710, x1=378418207
P1, tp=4, ts=4, x0=241608244
P3, tp=4, ts=4, x0=831624436
P2, tp=4, ts=4, x0=939198952, x1=749155486
P3, tp=4, ts=4, x0=994573408
P0, tp=4, ts=4
P1, tp=4, ts=4, x0=499267842
P1, tp=4, ts=4, x0=62949616
P0, tp=4, ts=4
P1, tp=4, ts=4, x0=324604825
P3, tp=4, ts=4, x0=696288128
P2, tp=4, ts=4, x0=959387227, x1=836770281
P1, tp=4, ts=4, x0=354012041
P3, tp=4, ts=4, x0=959387227
P1, tp=4, ts=4, x0=848697260
P1, tp=4, ts=4, x0=969100848
P3, tp=4, ts=4, x0=205233360
P2, tp=4, ts=4, x0=241608244, x1=241608244
P3, tp=4, ts=4, x0=22095674
P3, tp=4, ts=4, x0=970985577
P3, tp=4, ts=4, x0=242747925
P0, tp=4, ts=4
P0, tp=4, ts=4
P2, tp=4, ts=4, x0=314490622, x1=40874643
P3, tp=4, ts=4, x0=221601032
P2, tp=4, ts=4, x0=15038535, x1=170535467
P1, tp=4, ts=4, x0=15038535
P1, tp=4, ts=4, x0=896408419
P3, tp=4, ts=4, x0=691634817
P1, tp=4, ts=4, x0=153488987
P3, tp=4, ts=4, x0=97872481
P0, tp=4, ts=4
P1, tp=4, ts=4, x0=544952570
P0, tp=4, ts=4
P3, tp=4, ts=4, x0=621868507
P2, tp=4, ts=4, x0=301121505, x1=749155486
P0, tp=4, ts=4
P2, tp=4, ts=4, x0=787782137, x1=490126166
P0, tp=4, ts=4
P3, tp=4, ts=4, x0=81391188
P0, tp=4, ts=4
P0, tp=4, ts=4
P3, tp=4, ts=4, x0=81391188
P2, tp=4, ts=4, x0=324604825, x1=186907107
P0, tp=4, ts=4
P0, tp=4, ts=4
P1, tp=4, ts=4, x0=370650392
P1, tp=4, ts=4, x0=989104036
P3, tp=4, ts=4, x0=233863019
P3, tp=4, ts=4, x0=479391305
P3, tp=4, ts=4, x0=78814145
P2, tp=4, ts=4, x0=281460280, x1=218214545
P2, tp=4, ts=4, x0=871328432, x1=378418207
P1, tp=4, ts=4, x0=421759463
P3, tp=4, ts=4, x0=970985577
P2, tp=4, ts=4, x0=82136293, x1=959387227
P3, tp=4, ts=4, x0=370650392
P1, tp=4, ts=4, x0=480401630
P2, tp=4, ts=4, x0=691634817, x1=135008159
P2, tp=4, ts=4, x0=783659908, x1=598436321
P1, tp=4, ts=4, x0=544952570
P0, tp=4, ts=4
P3, tp=4, ts=4, x0=22095674
P2, tp=4, ts=4, x0=490126166, x1=994114840
P1, tp=4, ts=4, x0=636552923
P2, tp=4, ts=4, x0=324604825, x1=696288128
P2, tp=4, ts=4, x0=994573408, x1=16136660
P0, tp=4, ts=4
P2, tp=4, ts=4, x0=18066276, x1=324604825
P1, tp=4, ts=4, x0=787782137
P2, tp=4, ts=4, x0=354012041, x1=970985577
P0, tp=4, ts=4
P3, tp=4, ts=4, x0=805572368
P0, tp=4, ts=4
P1, tp=4, ts=4, x0=78814145
P2, tp=4, ts=4, x0=135008159, x1=544952570
P3, tp=4, ts=4, x0=691634817
P3, tp=4, ts=4, x0=725356751
P1, tp=4, ts=4, x0=704058760
P1, tp=4, ts=4, x0=40874643
P0, tp=4, ts=4
P1, tp=4, ts=4, x0=490126166
P1, tp=4, ts=4, x0=544564365
P0, tp=4, ts=4
P3, tp=4, ts=4, x0=959387227
P1, tp=4, ts=4, x0=81391188
P2, tp=4, ts=4, x0=621868507, x1=559644849
P0, tp=4, ts=4
P0, tp=4, ts=4
P1, tp=4, ts=4, x0=170535467
P2, tp=4, ts=4, x0=301121505, x1=879171845
P2, tp=4, ts=4, x0=628517659, x1=281460280
P2, tp=4, ts=4, x0=44568318, x1=628517659
P1, tp=4, ts=4, x0=126482799
P3, tp=4, ts=4, x0=875651017
P0, tp=4, ts=4
P1, tp=4, ts=4, x0=806503342
P0, tp=4, ts=4
P3, tp=4, ts=4, x0=696288128
P0, tp=4, ts=4
P2, tp=4, ts=4, x0=599208056, x1=490126166
P1, tp=4, ts=4, x0=314490622
P0, tp=4, ts=4
P1, tp=4, ts=4, x0=82136293
P3, tp=4, ts=4, x0=987807329
P3, tp=4, ts=4, x0=233863019
P0, tp=4, ts=4
P3, tp=4, ts=4, x0=696288128
P1, tp=4, ts=4, x0=301121505
P1, tp=4, ts=4, x0=970985577
P1, tp=4, ts=4, x0=19789701
P1, tp=4, ts=4, x0=400885143
P2, tp=4, ts=4, x0=970985577, x1=44568318
P3, tp=4, ts=4, x0=775448190
P3, tp=4, ts=4, x0=970985577
P1, tp=4, ts=4, x0=993926176
P0, tp=4, ts=4
P0, tp=4, ts=4
P2, tp=4, ts=4, x0=78814145, x1=714531378
P0, tp=4, ts=4
P0, tp=4, ts=4
P0, tp=4, ts=4
P1, tp=4, ts=4, x0=804175966
P2, tp=5, ts=5, x0=725356751, x1=806503342
P0, tp=5, ts=5
P3, tp=5, ts=5, x0=186907107
P0, tp=5, ts=5
P3, tp=5, ts=5, x0=939198952
P2, tp=5, ts=5, x0=987807329, x1=959387227
P3, tp=5, ts=5, x0=15038535
P1, tp=5, ts=5, x0=629998525
P0, tp=5, ts=5
P1, tp=5, ts=5, x0=749155486
P3, tp=5, ts=5, x0=953704570
P3, tp=5, ts=5, x0=31712170
P2, tp=5, ts=5, x0=111014918, x1=807226666
P2, tp=5, ts=5, x0=871328432, x1=987807329
P2, tp=5, ts=5, x0=82076505, x1=480401630
P2, tp=5, ts=5, x0=879171845, x1=19789701
P1, tp=5, ts=5, x0=939198952
P3, tp=5, ts=5, x0=97872481
P3, tp=5, ts=5, x0=806503342
P2, tp=5, ts=5, x0=989104036, x1=871988861
P0, tp=5, ts=5
P0, tp=5, ts=5
P1, tp=5, ts=5, x0=170535467
P0, tp=5, ts=5
P3, tp=5, ts=5, x0=111014918
P2, tp=5, ts=5, x0=804175966, x1=82076505
P1, tp=5, ts=5, x0=970985577
P1, tp=5, ts=5, x0=953704570
P3, tp=5, ts=5, x0=314490622
P0, tp=5, ts=5
P0, tp=5, ts=5
P2, tp=5, ts=5, x0=725356751, x1=959232710
P3, tp=5, ts=5, x0=994447149
P0, tp=5, ts=5
P3, tp=5, ts=5, x0=969100848
P1, tp=5, ts=5, x0=241608244
P3, tp=5, ts=5, x0=40874643
P1, tp=5, ts=5, x0=544952570
P2, tp=5, ts=5, x0=354012041, x1=874019698
P2, tp=5, ts=5, x0=896408419, x1=629998525
P0, tp=5, ts=5
P0, tp=5, ts=5
P0, tp=5, ts=5
P1, tp=5, ts=5, x0=186907107
P2, tp=5, ts=5, x0=170535467, x1=354012041
P2, tp=5, ts=5, x0=196919919, x1=135008159
P3, tp=5, ts=5, x0=82136293
P3, tp=5, ts=5, x0=324604825
P3, tp=5, ts=5, x0=443006041
P0, tp=5, ts=5
P1, tp=5, ts=5, x0=270242083
P0, tp=5, ts=5
P3, tp=5, ts=5, x0=787782137
P1, tp=5, ts=5, x0=584799007
P3, tp=5, ts=5, x0=953704570
P3, tp=5, ts=5, x0=790034738
P1, tp=5, ts=5, x0=991599736
P1, tp=5, ts=5, x0=691634817
P3, tp=5, ts=5, x0=685853111
P2, tp=5, ts=5, x0=714531378, x1=871988861
P2, tp=5, ts=5, x0=342531013, x1=22095674
P1, tp=5, ts=5, x0=153488987
P0, tp=5, ts=5
P0, tp=5, ts=5
P2, tp=5, ts=5, x0=621868507, x1=196919919
P1, tp=5, ts=5, x0=805572368
P2, tp=5, ts=5, x0=205233360, x1=19789701
P3, tp=5, ts=5, x0=600808883
P0, tp=5, ts=5
P3, tp=5, ts=5, x0=600808883
P0, tp=5, ts=5
P3, tp=5, ts=5, x0=714531378
P3, tp=5, ts=5, x0=22095674
P0, tp=5, ts=5
P1, tp=5, ts=5, x0=714531378
P3, tp=5, ts=5, x0=358764715
P3, tp=5, ts=5, x0=385195212
P2, tp=5, ts=5, x0=97872481, x1=874019698
P2, tp=5, ts=5, x0=916748940, x1=370650392
P1, tp=5, ts=5, x0=22095674
P1, tp=5, ts=5, x0=991599736
P0, tp=5, ts=5
P1, tp=5, ts=5, x0=490126166
P1, tp=5, ts=5, x0=556534690
P0, tp=5, ts=5
P2, tp=5, ts=5, x0=714531378, x1=696288128
P2, tp=5, ts=5, x0=704058760, x1=749155486
P3, tp=5, ts=5, x0=111014918
P0, tp=5, ts=5
P0, tp=5, ts=5
P0, tp=5, ts=5
P0, tp=5, ts=5
P2, tp=5, ts=5, x0=704058760, x1=804175966
P3, tp=5, ts=5, x0=62949616
P2, tp=5, ts=5, x0=44568318, x1=490126166
P1, tp=5, ts=5, x0=629998525
P3, tp=5, ts=5, x0=544564365
P2, tp=5, ts=5, x0=126482799, x1=135008159
P3, tp=5, ts=5, x0=241608244
P0, tp=5, ts=5
P0, tp=5, ts=5
P3, tp=5, ts=5, x0=20111226
P3, tp=5, ts=5, x0=270242083
P0, tp=5, ts=5
P2, tp=5, ts=5, x0=111014918, x1=187187076
P1, tp=5, ts=5, x0=969100848
P1, tp=5, ts=5, x0=229605487
P0, tp=5, ts=5
P3, tp=5, ts=5, x0=15038535
P2, tp=5, ts=5, x0=921713915, x1=648980091
P1, tp=5, ts=5, x0=959232710
P1, tp=5, ts=5, x0=685853111
P2, tp=5, ts=5, x0=400885143, x1=982934950
P2, tp=5, ts=5, x0=366588035, x1=959387227
P2, tp=5, ts=5, x0=31712170, x1=394765550
P1, tp=5, ts=5, x0=621868507
P0, tp=5, ts=5
P3, tp=5, ts=5, x0=871328432
P3, tp=5, ts=5, x0=110736238
P2, tp=5, ts=5, x0=342531013, x1=394765550
P3, tp=5, ts=5, x0=787782137
P3, tp=5, ts=5, x0=636552923
P0, tp=5, ts=5
P3, tp=5, ts=5, x0=959387227
P3, tp=5, ts=5, x0=490126166
P2, tp=5, ts=5, x0=443006041, x1=982934950
P3, tp=5, ts=5, x0=893234148
P2, tp=5, ts=5, x0=324604825, x1=783659908
P3, tp=5, ts=5, x0=921713915
P1, tp=5, ts=5, x0=421759463
P3, tp=5, ts=5, x0=599208056
P1, tp=5, ts=5, x0=490126166
P2, tp=5, ts=5, x0=479391305, x1=767372659
P1, tp=5, ts=5, x0=153488987
P1, tp=5, ts=5, x0=628453384
P1, tp=5, ts=5, x0=783659908
P1, tp=5, ts=5, x0=848697260
P0, tp=5, ts=5
P1, tp=5, ts=5, x0=459655874
P3, tp=5, ts=5, x0=621868507
P3, tp=5, ts=5, x0=479391305
P3, tp=5, ts=5, x0=358764715
P0, tp=5, ts=5
P2, tp=5, ts=5, x0=982934950, x1=804175966
P3, tp=5, ts=5, x0=871988861
P1, tp=5, ts=5, x0=557620776
P0, tp=5, ts=5
P0, tp=5, ts=5
P2, tp=5, ts=5, x0=187187076, x1=789126390
P0, tp=5, ts=5
P3, tp=5, ts=5, x0=960197595
P3, tp=5, ts=5, x0=807226666
P3, tp=5, ts=5, x0=281460280
P2, tp=5, ts=5, x0=893234148, x1=996159201
P3, tp=5, ts=5, x0=628453384
P1, tp=5, ts=5, x0=62949616
P2, tp=5, ts=5, x0=636552923, x1=619507635
P2, tp=5, ts=5, x0=559644849, x1=993926176
P2, tp=5, ts=5, x0=521190547, x1=62949616
P3, tp=5, ts=5, x0=31712170
P1, tp=5, ts=5, x0=599940945
P1, tp=5, ts=5, x0=19789701
P2, tp=5, ts=5, x0=370650392, x1=895944523
P0, tp=5, ts=5
P2, tp=5, ts=5, x0=205233360, x1=556534690
P3, tp=5, ts=5, x0=787782137
P3, tp=5, ts=5, x0=619507635
P2, tp=5, ts=5, x0=669942889, x1=44568318
P0, tp=5, ts=5
P2, tp=5, ts=5, x0=660826492, x1=497761576
P1, tp=5, ts=5, x0=19789701
P2, tp=5, ts=5, x0=16136660, x1=521190547
P2, tp=5, ts=5, x0=358764715, x1=789126390
P0, tp=5, ts=5
P3, tp=5, ts=5, x0=871328432
P1, tp=5, ts=5, x0=959387227
P3, tp=5, ts=5, x0=270242083
P2, tp=5, ts=5, x0=629998525, x1=44568318
P2, tp=5, ts=5, x0=40874643, x1=874019698
P1, tp=5, ts=5, x0=787782137
P0, tp=5, ts=5
P0, tp=5, ts=5
P0, tp=5, ts=5
P3, tp=5, ts=5, x0=584799007
P1, tp=5, ts=5, x0=805572368
P1, tp=5, ts=5, x0=44568318
P3, tp=5, ts=5, x0=660826492
P1, tp=5, ts=5, x0=229605487
P2, tp=5, ts=5, x0=839798115, x1=454979003
P1, tp=5, ts=5, x0=31049026
P0, tp=5, ts=5
P3, tp=5, ts=5, x0=893128751
P1, tp=5, ts=5, x0=31712170
P3, tp=5, ts=5, x0=893234148
P0, tp=5, ts=5
P3, tp=5, ts=5, x0=111014918
P2, tp=5, ts=5, x0=871988861, x1=15038535
P1, tp=5, ts=5, x0=325560851
P0, tp=5, ts=5
P0, tp=5, ts=5
P2, tp=5, ts=5, x0=354012041, x1=960197595
P1, tp=5, ts=5, x0=31049026
P0, tp=5, ts=5
P3, tp=5, ts=5, x0=896656003
P0, tp=5, ts=5
P2, tp=5, ts=5, x0=490126166, x1=443126849
P1, tp=5, ts=5, x0=704058760
P3, tp=5, ts=5, x0=426439630
P0, tp=5, ts=5
P2, tp=5, ts=5, x0=599940945, x1=454979003
P2, tp=5, ts=5, x0=16136660, x1=459655874
P0, tp=5, ts=5
P1, tp=5, ts=5, x0=459655874
P2, tp=5, ts=5, x0=240768739, x1=31712170
P3, tp=5, ts=5, x0=621868507
P1, tp=5, ts=5, x0=916748940
P2, tp=5, ts=5, x0=959232710, x1=896408419
P3, tp=5, ts=5, x0=805572368
P3, tp=5, ts=5, x0=6415984
P1, tp=5, ts=5, x0=324604825
P2, tp=5, ts=5, x0=839798115, x1=969100848
P1, tp=5, ts=5, x0=969100848
P3, tp=5, ts=5, x0=6415984
P0, tp=5, ts=5
P3, tp=5, ts=5, x0=497761576
P1, tp=5, ts=5, x0=229605487
P3, tp=5, ts=5, x0=969360100
P3, tp=5, ts=5, x0=893234148
P2, tp=5, ts=5, x0=479391305, x1=482297242
P0, tp=5, ts=5
P2, tp=5, ts=5, x0=81391188, x1=40874643
P0, tp=5, ts=5
P2, tp=5, ts=5, x0=960197595, x1=354012041
P1, tp=5, ts=5, x0=896656003
P2, tp=5, ts=5, x0=775448190, x1=443126849
P1, tp=5, ts=5, x0=19789701
P3, tp=5, ts=5, x0=960197595
P3, tp=5, ts=5, x0=807226666
P1, tp=5, ts=5, x0=685853111
P3, tp=5, ts=5, x0=685853111
P2, tp=5, ts=5, x0=600808883, x1=874019698
P2, tp=5, ts=5, x0=790034738, x1=324604825
P3, tp=5, ts=5, x0=969100848
P1, tp=5, ts=5, x0=806503342
P1, tp=5, ts=5, x0=875651017
P1, tp=5, ts=5, x0=916748940
P2, tp=5, ts=5, x0=325560851, x1=421759463
P2, tp=5, ts=5, x0=775448190, x1=187187076
P1, tp=5, ts=5, x0=512089808
P0, tp=5, ts=5
P3, tp=5, ts=5, x0=19789701
P2, tp=5, ts=5, x0=62949616, x1=989104036
P1, tp=5, ts=5, x0=628517659
P2, tp=5, ts=5, x0=421759463, x1=378418207
P1, tp=5, ts=5, x0=154772311
P0, tp=5, ts=5
P2, tp=5, ts=5, x0=704058760, x1=196919919
P2, tp=5, ts=5, x0=927109174, x1=6415984
P0, tp=5, ts=5
P3, tp=5, ts=5, x0=270242083
P0, tp=5, ts=5
P3, tp=5, ts=5, x0=186907107
P0, tp=5, ts=5
P2, tp=5, ts=5, x0=871988861, x1=991599736
P2, tp=5, ts=5, x0=544564365, x1=240768739
P2, tp=5, ts=5, x0=970985577, x1=479391305
P3, tp=5, ts=5, x0=110736238
P2, tp=5, ts=5, x0=544564365, x1=804175966
P3, tp=5, ts=5, x0=196919919
P1, tp=5, ts=5, x0=629998525
P3, tp=5, ts=5, x0=675747173
P0, tp=5, ts=5
P2, tp=5, ts=5, x0=556534690, x1=62949616
P1, tp=5, ts=5, x0=557620776
P2, tp=5, ts=5, x0=490126166, x1=459655874
P1, tp=5, ts=5, x0=426439630
P1, tp=5, ts=5, x0=525505566
P0, tp=5, ts=5
P3, tp=5, ts=5, x0=994573408
P3, tp=5, ts=5, x0=895944523
P3, tp=5, ts=5, x0=443006041
P3, tp=5, ts=5, x0=240768739
P2, tp=5, ts=5, x0=987807329, x1=895944523
P3, tp=5, ts=5, x0=354012041
P0, tp=5, ts=5
P1, tp=5, ts=5, x0=895944523
P1, tp=5, ts=5, x0=92536549
P2, tp=5, ts=5, x0=969100848, x1=953704570
P1, tp=5, ts=5, x0=354012041
P1, tp=5, ts=5, x0=222134378
P0, tp=5, ts=5
P3, tp=5, ts=5, x0=861159218
P0, tp=5, ts=5
P1, tp=5, ts=5, x0=790034738
P2, tp=5, ts=5, x0=861159218, x1=324604825
P3, tp=5, ts=5, x0=839798115
P1, tp=5, ts=5, x0=871328432
P0, tp=5, ts=5
P2, tp=5, ts=5, x0=19789701, x1=482297242
P0, tp=5, ts=5
P1, tp=5, ts=5, x0=896656003
P3, tp=5, ts=5, x0=59579985
P1, tp=5, ts=5, x0=81391188
P1, tp=5, ts=5, x0=675747173
P2, tp=5, ts=5, x0=136725973, x1=40874643
P2, tp=5, ts=5, x0=636552923, x1=260038037
P0, tp=5, ts=5
P3, tp=5, ts=5, x0=669942889
P2, tp=5, ts=5, x0=136725973, x1=111014918
P0, tp=5, ts=5
P1, tp=5, ts=5, x0=660826492
P0, tp=5, ts=5
P2, tp=5, ts=5, x0=994573408, x1=273509818
P3, tp=5, ts=5, x0=675747173
P3, tp=5, ts=5, x0=421759463
P0, tp=5, ts=5
P3, tp=5, ts=5, x0=629998525
P3, tp=5, ts=5, x0=400885143
P0, tp=5, ts=5
P1, tp=5, ts=5, x0=111014918
P1, tp=5, ts=5, x0=895944523
P3, tp=5, ts=5, x0=893234148
P1, tp=5, ts=5, x0=19634274
P1, tp=5, ts=5, x0=704058760
P1, tp=5, ts=5, x0=937041280
P3, tp=5, ts=5, x0=59579985
P2, tp=5, ts=5, x0=521190547, x1=260038037
P1, tp=5, ts=5, x0=987807329
P0, tp=5, ts=5
P1, tp=5, ts=5, x0=629998525
P3, tp=5, ts=5, x0=525505566
P2, tp=5, ts=5, x0=521190547, x1=989104036
P2, tp=5, ts=5, x0=19789701, x1=969360100
P2, tp=5, ts=5, x0=895944523, x1=896656003
P1, tp=5, ts=5, x0=273509818
P3, tp=5, ts=5, x0=898652501
P0, tp=5, ts=5
P1, tp=5, ts=5, x0=619507635
P3, tp=5, ts=5, x0=636552923
P2, tp=5, ts=5, x0=937041280, x1=675747173
P2, tp=5, ts=5, x0=861159218, x1=358764715
P2, tp=5, ts=5, x0=789126390, x1=660826492
P3, tp=5, ts=5, x0=807226666
P3, tp=5, ts=5, x0=660826492
P3, tp=5, ts=5, x0=260038037
P0, tp=5, ts=5
P3, tp=5, ts=5, x0=332184314
P2, tp=5, ts=5, x0=639149944, x1=787782137
P3, tp=5, ts=5, x0=369947661
P1, tp=5, ts=5, x0=233863019
P0, tp=5, ts=5
P3, tp=5, ts=5, x0=953704570
P2, tp=5, ts=5, x0=81391188, x1=31712170
P1, tp=5, ts=5, x0=482297242
P0, tp=5, ts=5
P0, tp=5, ts=5
P1, tp=5, ts=5, x0=959387227
P1, tp=5, ts=5, x0=969100848
P2, tp=5, ts=5, x0=478903784, x1=110736238
P2, tp=5, ts=5, x0=332184314, x1=599940945
P3, tp=5, ts=5, x0=19789701
P0, tp=5, ts=5
P3, tp=5, ts=5, x0=871988861
P3, tp=5, ts=5, x0=804175966
P3, tp=5, ts=5, x0=639149944
P0, tp=5, ts=5
P0, tp=5, ts=5
P1, tp=5, ts=5, x0=325560851
P1, tp=5, ts=5, x0=135008159
P0, tp=5, ts=5
P0, tp=5, ts=5
P1, tp=5, ts=5, x0=443006041
P1, tp=5, ts=5, x0=639149944
P2, tp=5, ts=5, x0=959387227, x1=916748940
P2, tp=5, ts=5, x0=136725973, x1=969360100
P2, tp=5, ts=5, x0=544952570, x1=482297242
P1, tp=5, ts=5, x0=15038535
P3, tp=5, ts=5, x0=332184314
P2, tp=5, ts=5, x0=600808883, x1=355157195
P0, tp=5, ts=5
P1, tp=5, ts=5, x0=937041280
P1, tp=5, ts=5, x0=82076505
P2, tp=5, ts=5, x0=896656003, x1=865897959
P3, tp=5, ts=5, x0=806503342
P3, tp=5, ts=5, x0=628517659
P0, tp=5, ts=5
P3, tp=5, ts=5, x0=619507635
P0, tp=5, ts=5
P1, tp=5, ts=5, x0=959840046
P3, tp=5, ts=5, x0=896656003
P1, tp=5, ts=5, x0=959840046
P1, tp=5, ts=5, x0=59579985
P0, tp=5, ts=5
P0, tp=5, ts=5
P3, tp=5, ts=5, x0=478903784
P3, tp=5, ts=5, x0=260038037
P1, tp=5, ts=5, x0=865897959
P3, tp=5, ts=5, x0=332184314
P1, tp=5, ts=5, x0=479391305
P3, tp=5, ts=5, x0=691756830
P2, tp=5, ts=5, x0=15038535, x1=916748940
P2, tp=5, ts=5, x0=512089808, x1=59579985
P3, tp=5, ts=5, x0=556534690
P2, tp=5, ts=5, x0=525505566, x1=273509818
P1, tp=5, ts=5, x0=240768739
P1, tp=5, ts=5, x0=691634817
P3, tp=5, ts=5, x0=454979003
P2, tp=5, ts=5, x0=170535467, x1=170535467
P1, tp=5, ts=5, x0=775448190
P2, tp=5, ts=5, x0=454979003, x1=342531013
P0, tp=5, ts=5
P1, tp=5, ts=5, x0=544952570
P0, tp=5, ts=5
P1, tp=5, ts=5, x0=342531013
P3, tp=5, ts=5, x0=332184314
P2, tp=5, ts=5, x0=789126390, x1=207002179
P1, tp=5, ts=5, x0=490126166
P0, tp=5, ts=5
P2, tp=5, ts=5, x0=92536549, x1=861159218
P2, tp=5, ts=5, x0=459655874, x1=675747173
P3, tp=5, ts=5, x0=629998525
P0, tp=5, ts=5
P0, tp=5, ts=5
P2, tp=5, ts=5, x0=342531013, x1=82076505
P1, tp=5, ts=5, x0=865897959
P2, tp=5, ts=5, x0=896656003, x1=691833622
P3, tp=5, ts=5, x0=205233360
P3, tp=5, ts=5, x0=969100848
P2, tp=5, ts=5, x0=790034738, x1=154772311
P2, tp=5, ts=5, x0=146759135, x1=369947661
P1, tp=5, ts=5, x0=260038037
P3, tp=5, ts=5, x0=16136660
P0, tp=5, ts=5
P1, tp=5, ts=5, x0=81391188
P3, tp=5, ts=5, x0=490126166
P2, tp=5, ts=5, x0=454979003, x1=19634274
P1, tp=5, ts=5, x0=775448190
P1, tp=5, ts=5, x0=691833622
P2, tp=5, ts=5, x0=628517659, x1=222134378
P0, tp=5, ts=5
P1, tp=5, ts=5, x0=668723619
P1, tp=5, ts=5, x0=497761576
P0, tp=5, ts=5
P0, tp=5, ts=5
P1, tp=5, ts=5, x0=991599736
P3, tp=5, ts=5, x0=325560851
P0, tp=5, ts=5
P1, tp=5, ts=5, x0=22095674
P1, tp=5, ts=5, x0=685853111
P1, tp=5, ts=5, x0=959840046
P0, tp=5, ts=5
P2, tp=5, ts=5, x0=991944501, x1=660826492
P2, tp=5, ts=5, x0=636552923, x1=426439630
P3, tp=5, ts=5, x0=660826492
P3, tp=5, ts=5, x0=146759135
P2, tp=5, ts=5, x0=81391188, x1=355157195
P0, tp=5, ts=5
P1, tp=5, ts=5, x0=31049026
P3, tp=5, ts=5, x0=790034738
P2, tp=5, ts=5, x0=893234148, x1=19789701
P3, tp=5, ts=5, x0=895944523
P3, tp=5, ts=5, x0=839798115
P1, tp=5, ts=5, x0=240768739
P1, tp=5, ts=5, x0=512089808
P3, tp=5, ts=5, x0=31712170
P0, tp=5, ts=5
P0, tp=5, ts=5
P3, tp=5, ts=5, x0=170535467
P0, tp=5, ts=5
P2, tp=5, ts=5, x0=92536549, x1=15038535
P1, tp=5, ts=5, x0=953704570
P2, tp=5, ts=5, x0=619507635, x1=669942889
P3, tp=5, ts=5, x0=62949616
P3, tp=5, ts=5, x0=660826492
P3, tp=5, ts=5, x0=135008159
P1, tp=5, ts=5, x0=969100848
P2, tp=5, ts=5, x0=896656003, x1=691634817
P3, tp=5, ts=5, x0=187187076
P1, tp=5, ts=5, x0=490126166
P2, tp=5, ts=5, x0=584799007, x1=355157195
P1, tp=5, ts=5, x0=668723619
P2, tp=5, ts=5, x0=260038037, x1=991599736
P2, tp=5, ts=5, x0=896656003, x1=556534690
P3, tp=5, ts=5, x0=804175966
P1, tp=5, ts=5, x0=369947661
P1, tp=5, ts=5, x0=953704570
P1, tp=5, ts=5, x0=629998525
P1, tp=5, ts=5, x0=544952570
P2, tp=5, ts=5, x0=807226666, x1=354012041
P3, tp=5, ts=5, x0=229605487
P3, tp=5, ts=5, x0=207002179
P0, tp=5, ts=5
P1, tp=5, ts=5, x0=260038037
P3, tp=5, ts=5, x0=996159201
P3, tp=5, ts=5, x0=937041280
P1, tp=5, ts=5, x0=691833622
P2, tp=5, ts=5, x0=521190547, x1=426439630
P3, tp=5, ts=5, x0=369947661
P2, tp=5, ts=5, x0=400885143, x1=125622291
P3, tp=5, ts=5, x0=82076505
P3, tp=5, ts=5, x0=110736238
P1, tp=5, ts=5, x0=668723619
P3, tp=5, ts=5, x0=861159218
P2, tp=5, ts=5, x0=691634817, x1=896656003
P1, tp=5, ts=5, x0=222134378
P2, tp=5, ts=5, x0=959840046, x1=413631096
P3, tp=5, ts=5, x0=639149944
P2, tp=5, ts=5, x0=959387227, x1=233863019
P3, tp=5, ts=5, x0=207002179
P2, tp=5, ts=5, x0=332184314, x1=871988861
P1, tp=5, ts=5, x0=669942889
P2, tp=5, ts=5, x0=233863019, x1=839798115
P3, tp=5, ts=5, x0=629998525
P3, tp=5, ts=5, x0=599940945
P3, tp=5, ts=5, x0=229605487
P0, tp=5, ts=5
P3, tp=5, ts=5, x0=482297242
P3, tp=5, ts=5, x0=628517659
P2, tp=5, ts=5, x0=6415984, x1=871988861
P3, tp=5, ts=5, x0=927109174
P1, tp=5, ts=5, x0=525505566
P2, tp=5, ts=5, x0=207002179, x1=871988861
P1, tp=5, ts=5, x0=584799007
P2, tp=5, ts=5, x0=584799007, x1=240768739
P2, tp=5, ts=5, x0=170535467, x1=31712170
P1, tp=5, ts=5, x0=675747173
P0, tp=5, ts=5
P0, tp=5, ts=5
P0, tp=5, ts=5
P3, tp=5, ts=5, x0=691634817
P0, tp=5, ts=5
P0, tp=5, ts=5
P3, tp=5, ts=5, x0=454979003
P2, tp=5, ts=5, x0=22095674, x1=937041280
P1, tp=5, ts=5, x0=16136660
P1, tp=5, ts=5, x0=783380479
P2, tp=5, ts=5, x0=937041280, x1=987807329
P2, tp=5, ts=5, x0=416202885, x1=525505566
P1, tp=5, ts=5, x0=960197595
P2, tp=5, ts=5, x0=970985577, x1=969360100
P1, tp=5, ts=5, x0=789126390
P1, tp=5, ts=5, x0=673756487
P0, tp=5, ts=5
P0, tp=5, ts=5
P2, tp=5, ts=5, x0=406541599, x1=355157195
P2, tp=5, ts=5, x0=426439630, x1=557620776
P0, tp=5, ts=5
P0, tp=5, ts=5
P3, tp=5, ts=5, x0=59579985
P2, tp=5, ts=5, x0=187187076, x1=19789701
P1, tp=5, ts=5, x0=668723619
P3, tp=5, ts=5, x0=406541599
P0, tp=5, ts=5
P2, tp=5, ts=5, x0=790034738, x1=512089808
P3, tp=5, ts=5, x0=6430302
P0, tp=5, ts=5
P0, tp=5, ts=5
P0, tp=5, ts=5
P3, tp=5, ts=5, x0=893128751
P3, tp=5, ts=5, x0=783380479
P2, tp=5, ts=5, x0=456248150, x1=790034738
P3, tp=5, ts=5, x0=937041280
P1, tp=5, ts=5, x0=628517659
P0, tp=5, ts=5
P0, tp=5, ts=5
P1, tp=5, ts=5, x0=207002179
P3, tp=5, ts=5, x0=959387227
P0, tp=5, ts=5
P0, tp=5, ts=5
P3, tp=5, ts=5, x0=125622291
P2, tp=5, ts=5, x0=19634274, x1=490126166
P0, tp=5, ts=5
P3, tp=5, ts=5, x0=16136660
P0, tp=5, ts=5
P0, tp=5, ts=5
P1, tp=5, ts=5, x0=557620776
P2, tp=5, ts=5, x0=648980091, x1=187187076
P2, tp=5, ts=5, x0=454979003, x1=31712170
P3, tp=5, ts=5, x0=691833622
P1, tp=5, ts=5, x0=969360100
P1, tp=5, ts=5, x0=839798115
P1, tp=5, ts=5, x0=75624235
P3, tp=5, ts=5, x0=233863019
P1, tp=5, ts=5, x0=31712170
P2, tp=5, ts=5, x0=691833622, x1=273509818
P2, tp=5, ts=5, x0=599940945, x1=233863019
P1, tp=5, ts=5, x0=991599736
P1, tp=5, ts=5, x0=989104036
P1, tp=5, ts=5, x0=16136660
P3, tp=5, ts=5, x0=660826492
P2, tp=5, ts=5, x0=927109174, x1=110736238
P0, tp=5, ts=5
P2, tp=5, ts=5, x0=790034738, x1=31049026
P0, tp=5, ts=5
P2, tp=5, ts=5, x0=970985577, x1=459655874
P2, tp=5, ts=5, x0=233863019, x1=982934950
P1, tp=5, ts=5, x0=969100848
P3, tp=5, ts=5, x0=691756830
P1, tp=5, ts=5, x0=233863019
P0, tp=5, ts=5
P3, tp=5, ts=5, x0=377181535
P3, tp=5, ts=5, x0=970985577
P0, tp=5, ts=5
P1, tp=5, ts=5, x0=411401212
P2, tp=5, ts=5, x0=621868507, x1=893128751
P1, tp=5, ts=5, x0=557620776
P3, tp=5, ts=5, x0=639149944
P0, tp=5, ts=5
P1, tp=5, ts=5, x0=594189553
P1, tp=5, ts=5, x0=893234148
P0, tp=5, ts=5
P0, tp=5, ts=5
P0, tp=5, ts=5
P3, tp=5, ts=5, x0=261252512
P1, tp=5, ts=5, x0=861159218
P0, tp=5, ts=5
P2, tp=5, ts=5, x0=187187076, x1=31049026
P2, tp=5, ts=5, x0=896656003, x1=845674636
P2, tp=5, ts=5, x0=22095674, x1=970985577
P2, tp=5, ts=5, x0=59579985, x1=406541599
P2, tp=5, ts=5, x0=240768739, x1=775448190
P1, tp=5, ts=5, x0=454979003
P2, tp=5, ts=5, x0=916748940, x1=154772311
P3, tp=5, ts=5, x0=789126390
P2, tp=5, ts=5, x0=75624235, x1=966303282
P2, tp=5, ts=5, x0=229605487, x1=898652501
P3, tp=5, ts=5, x0=443006041
P3, tp=5, ts=5, x0=413631096
P3, tp=5, ts=5, x0=806503342
P2, tp=5, ts=5, x0=806503342, x1=893234148
P3, tp=5, ts=5, x0=648980091
P2, tp=5, ts=5, x0=92536549, x1=75624235
P3, tp=5, ts=5, x0=839798115
P0, tp=5, ts=5
P3, tp=5, ts=5, x0=937041280
P1, tp=5, ts=5, x0=75624235
P2, tp=5, ts=5, x0=790034738, x1=154772311
P3, tp=5, ts=5, x0=600808883
P0, tp=5, ts=5
P2, tp=5, ts=5, x0=927109174, x1=594189553
P1, tp=5, ts=5, x0=525505566
P3, tp=5, ts=5, x0=273509818
P1, tp=5, ts=5, x0=937041280
P1, tp=5, ts=5, x0=19634274
P1, tp=5, ts=5, x0=229605487
P1, tp=5, ts=5, x0=193706648
P1, tp=5, ts=5, x0=845674636
P1, tp=5, ts=5, x0=229605487
P2, tp=5, ts=5, x0=135008159, x1=927109174
P1, tp=5, ts=5, x0=691756830
P2, tp=5, ts=5, x0=806503342, x1=81391188
P3, tp=5, ts=5, x0=600808883
P0, tp=5, ts=5
P2, tp=5, ts=5, x0=584537875, x1=544952570
P0, tp=5, ts=5
P0, tp=5, ts=5
P3, tp=5, ts=5, x0=982934950
P0, tp=5, ts=5
P3, tp=5, ts=5, x0=332184314
P3, tp=5, ts=5, x0=691756830
P0, tp=5, ts=5
P3, tp=5, ts=5, x0=927109174
P0, tp=5, ts=5
P2, tp=5, ts=5, x0=354012041, x1=599940945
P0, tp=5, ts=5
P0, tp=5, ts=5
P3, tp=5, ts=5, x0=31712170
P2, tp=5, ts=5, x0=459655874, x1=969100848
P1, tp=5, ts=5, x0=111014918
P3, tp=5, ts=5, x0=15038535
P2, tp=5, ts=5, x0=194621906, x1=354012041
P3, tp=5, ts=5, x0=406541599
P3, tp=5, ts=5, x0=59579985
P2, tp=5, ts=5, x0=240768739, x1=660826492
P0, tp=5, ts=5
P1, tp=5, ts=5, x0=691756830
P3, tp=5, ts=5, x0=332184314
P2, tp=5, ts=5, x0=599940945, x1=207002179
P0, tp=5, ts=5
P0, tp=5, ts=5
P0, tp=5, ts=5
P2, tp=5, ts=5, x0=406541599, x1=459655874
P3, tp=5, ts=5, x0=628517659
P1, tp=5, ts=5, x0=194621906
P3, tp=5, ts=5, x0=966303282
P2, tp=5, ts=5, x0=789126390, x1=775448190
P0, tp=5, ts=5
P3, tp=5, ts=5, x0=594189553
P2, tp=5, ts=5, x0=861159218, x1=621868507
P1, tp=5, ts=5, x0=443006041
P3, tp=5, ts=5, x0=521190547
P1, tp=5, ts=5, x0=354012041
P2, tp=5, ts=5, x0=594189553, x1=987768407
P1, tp=5, ts=5, x0=594189553
P3, tp=5, ts=5, x0=332184314
P3, tp=5, ts=5, x0=966303282
P1, tp=5, ts=5, x0=600808883
P1, tp=5, ts=5, x0=675747173
P2, tp=5, ts=5, x0=521190547, x1=959387227
P3, tp=5, ts=5, x0=416202885
P1, tp=5, ts=5, x0=691756830
P0, tp=5, ts=5
P0, tp=5, ts=5
P1, tp=5, ts=5, x0=609244565
P3, tp=5, ts=5, x0=92536549
P1, tp=5, ts=5, x0=989104036
P1, tp=5, ts=5, x0=19789701
P2, tp=5, ts=5, x0=609244565, x1=782588046
P0, tp=5, ts=5
P0, tp=5, ts=5
P2, tp=5, ts=5, x0=260038037, x1=660826492
P3, tp=5, ts=5, x0=22095674
P2, tp=5, ts=5, x0=15038535, x1=146759135
P1, tp=5, ts=5, x0=136725973
P3, tp=5, ts=5, x0=19789701
P0, tp=5, ts=5
P1, tp=5, ts=5, x0=354012041
P3, tp=5, ts=5, x0=865897959
P0, tp=5, ts=5
P1, tp=5, ts=5, x0=480240985
P0, tp=5, ts=5
P3, tp=5, ts=5, x0=454979003
P0, tp=5, ts=5
P3, tp=5, ts=5, x0=59579985
P1, tp=5, ts=5, x0=147778092
P0, tp=5, ts=5
P2, tp=5, ts=5, x0=454979003, x1=691756830
P3, tp=5, ts=5, x0=937041280
P3, tp=5, ts=5, x0=584799007
P1, tp=5, ts=5, x0=639149944
P1, tp=5, ts=5, x0=369947661
P3, tp=5, ts=5, x0=609244565
P2, tp=5, ts=5, x0=660826492, x1=369947661
P1, tp=5, ts=5, x0=660826492
P1, tp=5, ts=5, x0=806503342
P3, tp=5, ts=5, x0=895944523
P1, tp=5, ts=5, x0=691756830
P0, tp=5, ts=5
P1, tp=5, ts=5, x0=222134378
P1, tp=5, ts=5, x0=996159201
P2, tp=5, ts=5, x0=443126849, x1=8240601
P0, tp=5, ts=5
P1, tp=5, ts=5, x0=411401212
P0, tp=5, ts=5
P2, tp=5, ts=5, x0=584537875, x1=273509818
P0, tp=5, ts=5
P3, tp=5, ts=5, x0=916748940
P2, tp=5, ts=5, x0=512089808, x1=865897959
P2, tp=5, ts=5, x0=125622291, x1=845674636
P1, tp=5, ts=5, x0=6430302
P0, tp=5, ts=5
P0, tp=5, ts=5
P1, tp=5, ts=5, x0=804175966
P0, tp=5, ts=5
P0, tp=5, ts=5
P3, tp=5, ts=5, x0=147778092
P3, tp=5, ts=5, x0=251136611
P0, tp=5, ts=5
P0, tp=5, ts=5
P3, tp=5, ts=5, x0=675747173
P0, tp=5, ts=5
P2, tp=5, ts=5, x0=584799007, x1=628517659
P3, tp=5, ts=5, x0=960197595
P2, tp=5, ts=5, x0=851896678, x1=775448190
P2, tp=5, ts=5, x0=22095674, x1=406541599
P2, tp=5, ts=5, x0=273509818, x1=482297242
P3, tp=5, ts=5, x0=443006041
P1, tp=5, ts=5, x0=31712170
P0, tp=5, ts=5
P2, tp=5, ts=5, x0=584799007, x1=443006041
P2, tp=5, ts=5, x0=187187076, x1=187187076
P0, tp=5, ts=5
P1, tp=5, ts=5, x0=136725973
P0, tp=5, ts=5
P0, tp=5, ts=5
P2, tp=5, ts=5, x0=839798115, x1=675747173
P2, tp=5, ts=5, x0=443006041, x1=629998525
P2, tp=5, ts=5, x0=660826492, x1=673756487
P2, tp=5, ts=5, x0=135008159, x1=782588046
P1, tp=5, ts=5, x0=775448190
P1, tp=5, ts=5, x0=526820959
P2, tp=5, ts=5, x0=222134378, x1=526820959
P3, tp=5, ts=5, x0=790034738
P2, tp=5, ts=5, x0=927109174, x1=369947661
P2, tp=5, ts=5, x0=75624235, x1=789126390
P0, tp=5, ts=5
P2, tp=5, ts=5, x0=959387227, x1=193706648
P2, tp=5, ts=5, x0=454979003, x1=478903784
P2, tp=5, ts=5, x0=845674636, x1=193706648
P0, tp=5, ts=5
P1, tp=5, ts=5, x0=673756487
P2, tp=5, ts=5, x0=691756830, x1=594189553
P3, tp=5, ts=5, x0=804175966
P2, tp=5, ts=5, x0=369947661, x1=478903784
P1, tp=5, ts=5, x0=521190547
P0, tp=5, ts=5
P0, tp=5, ts=5
P0, tp=5, ts=5
P2, tp=5, ts=5, x0=619507635, x1=378025987
P1, tp=5, ts=5, x0=136918708
P2, tp=5, ts=5, x0=839798115, x1=851896678
P2, tp=5, ts=5, x0=480240985, x1=75624235
P2, tp=5, ts=5, x0=478903784, x1=790034738
P1, tp=5, ts=5, x0=369947661
P2, tp=5, ts=5, x0=260038037, x1=845674636
P2, tp=5, ts=5, x0=135008159, x1=136918708
P3, tp=5, ts=5, x0=59579985
P0, tp=5, ts=5
P1, tp=5, ts=5, x0=639149944
P0, tp=5, ts=5
P3, tp=5, ts=5, x0=413631096
P1, tp=5, ts=5, x0=154772311
P1, tp=5, ts=5, x0=240768739
P0, tp=5, ts=5
P3, tp=5, ts=5, x0=916748940
P1, tp=5, ts=5, x0=861159218
P1, tp=5, ts=5, x0=675747173
P0, tp=5, ts=5
P3, tp=5, ts=5, x0=456248150
P3, tp=5, ts=5, x0=187187076
P1, tp=5, ts=5, x0=783380479
P3, tp=5, ts=5, x0=229605487
P1, tp=5, ts=5, x0=603797089
P1, tp=5, ts=5, x0=456248150
P3, tp=5, ts=5, x0=789126390
P1, tp=5, ts=5, x0=845674636
P1, tp=5, ts=5, x0=136918708
P3, tp=5, ts=5, x0=673756487
P0, tp=5, ts=5
P0, tp=5, ts=5
P1, tp=5, ts=5, x0=782588046
P1, tp=5, ts=5, x0=639149944
P0, tp=5, ts=5
P0, tp=5, ts=5
P0, tp=5, ts=5
P0, tp=5, ts=5
P1, tp=5, ts=5, x0=6430302
P3, tp=5, ts=5, x0=603797089
P0, tp=5, ts=5
P0, tp=5, ts=5
P0, tp=5, ts=5
P2, tp=5, ts=5, x0=959840046, x1=668723619
P0, tp=5, ts=5
P0, tp=5, ts=5
P1, tp=5, ts=5, x0=136918708
P0, tp=5, ts=5
P0, tp=5, ts=5
P2, tp=5, ts=5, x0=851896678, x1=953704570
P1, tp=5, ts=5, x0=721663097
P1, tp=5, ts=5, x0=8240601
P3, tp=5, ts=5, x0=332184314
P1, tp=5, ts=5, x0=790034738
P2, tp=5, ts=5, x0=628517659, x1=896656003
P2, tp=5, ts=5, x0=584799007, x1=413631096
P0, tp=5, ts=5
P3, tp=5, ts=5, x0=9458546
P1, tp=5, ts=5, x0=893128751
P3, tp=5, ts=5, x0=829266065
P0, tp=5, ts=5
P1, tp=5, ts=5, x0=628517659
P1, tp=5, ts=5, x0=406541599
P1, tp=5, ts=5, x0=916748940
P1, tp=5, ts=5, x0=110736238
P2, tp=5, ts=5, x0=193706648, x1=898652501
P2, tp=5, ts=5, x0=841489267, x1=454979003
P3, tp=5, ts=5, x0=261252512
P0, tp=5, ts=5
P3, tp=5, ts=5, x0=369947661
P1, tp=5, ts=5, x0=31049026
P2, tp=5, ts=5, x0=443006041, x1=996159201
P3, tp=5, ts=5, x0=865897959
P0, tp=5, ts=5
P3, tp=5, ts=5, x0=987768407
P0, tp=5, ts=5
P2, tp=5, ts=5, x0=673756487, x1=898652501
P2, tp=5, ts=5, x0=789126390, x1=782588046
P3, tp=5, ts=5, x0=6415984
P1, tp=5, ts=5, x0=170535467
P3, tp=5, ts=5, x0=675747173
P1, tp=5, ts=5, x0=81391188
P2, tp=5, ts=5, x0=521190547, x1=544952570
P0, tp=5, ts=5
P3, tp=5, ts=5, x0=851896678
P2, tp=5, ts=5, x0=851896678, x1=990229554
P1, tp=5, ts=5, x0=639149944
P3, tp=5, ts=5, x0=194621906
P2, tp=5, ts=5, x0=960197595, x1=829266065
P0, tp=5, ts=5
P3, tp=5, ts=5, x0=893128751
P3, tp=5, ts=5, x0=406541599
P3, tp=5, ts=5, x0=991599736
P0, tp=5, ts=5
P0, tp=5, ts=5
P0, tp=5, ts=5
P2, tp=5, ts=5, x0=194621906, x1=439055059
P3, tp=5, ts=5, x0=845674636
P3, tp=5, ts=5, x0=325560851
P3, tp=5, ts=5, x0=446162547
P0, tp=5, ts=5
P3, tp=5, ts=5, x0=194621906
P1, tp=5, ts=5, x0=439055059
P0, tp=5, ts=5
P1, tp=5, ts=5, x0=783380479
P3, tp=5, ts=5, x0=178447784
P2, tp=5, ts=5, x0=898652501, x1=443126849
P0, tp=5, ts=5
P0, tp=5, ts=5
P1, tp=5, ts=5, x0=207002179
P0, tp=5, ts=5
P3, tp=5, ts=5, x0=996159201
P0, tp=5, ts=5
P2, tp=5, ts=5, x0=456248150, x1=325560851
P3, tp=5, ts=5, x0=251136611
P1, tp=5, ts=5, x0=675747173
P3, tp=5, ts=5, x0=896656003
P2, tp=5, ts=5, x0=187187076, x1=19634274
P2, tp=5, ts=5, x0=406541599, x1=865897959
P2, tp=5, ts=5, x0=991599736, x1=19634274
P0, tp=5, ts=5
P3, tp=5, ts=5, x0=865897959
P0, tp=5, ts=5
P0, tp=5, ts=5
P0, tp=5, ts=5
P1, tp=5, ts=5, x0=982080583
P1, tp=5, ts=5, x0=896656003
P1, tp=5, ts=5, x0=480240985
P3, tp=5, ts=5, x0=691756830
P3, tp=5, ts=5, x0=261252512
P1, tp=5, ts=5, x0=619507635
P0, tp=5, ts=5
P3, tp=5, ts=5, x0=829266065
P2, tp=5, ts=5, x0=49090121, x1=660826492
P1, tp=5, ts=5, x0=668723619
P3, tp=5, ts=5, x0=154772311
P3, tp=5, ts=5, x0=75624235
P3, tp=5, ts=5, x0=369947661
P3, tp=5, ts=5, x0=49090121
P1, tp=5, ts=5, x0=619507635
P2, tp=5, ts=5, x0=187187076, x1=639149944
P3, tp=5, ts=5, x0=960197595
P1, tp=5, ts=5, x0=406541599
P2, tp=5, ts=5, x0=898994125, x1=990229554
P0, tp=5, ts=5
P3, tp=5, ts=5, x0=480240985
P3, tp=5, ts=5, x0=990229554
P3, tp=5, ts=5, x0=49090121
P3, tp=5, ts=5, x0=851896678
P3, tp=5, ts=5, x0=110736238
P3, tp=5, ts=5, x0=525876842
P2, tp=5, ts=5, x0=982080583, x1=668723619
P3, tp=5, ts=5, x0=893128751
P3, tp=5, ts=5, x0=478903784
P1, tp=5, ts=5, x0=92536549
P0, tp=5, ts=5
P0, tp=5, ts=5
P3, tp=5, ts=5, x0=839798115
P2, tp=5, ts=5, x0=938288107, x1=64353212
P1, tp=5, ts=5, x0=64353212
P3, tp=5, ts=5, x0=332184314
P2, tp=5, ts=5, x0=480240985, x1=619507635
P3, tp=5, ts=5, x0=75624235
P1, tp=5, ts=5, x0=19634274
P3, tp=5, ts=5, x0=861159218
P0, tp=5, ts=5
P2, tp=5, ts=5, x0=594189553, x1=861159218
P1, tp=5, ts=5, x0=777602721
P1, tp=5, ts=5, x0=619507635
P3, tp=5, ts=5, x0=861159218
P0, tp=5, ts=5
P1, tp=5, ts=5, x0=937041280
P2, tp=5, ts=5, x0=865897959, x1=178447784
P0, tp=5, ts=5
P0, tp=5, ts=5
P1, tp=5, ts=5, x0=75624235
P3, tp=5, ts=5, x0=19634274
P1, tp=5, ts=5, x0=896656003
P1, tp=5, ts=5, x0=193706648
P0, tp=5, ts=5
P0, tp=5, ts=5
P1, tp=5, ts=5, x0=795788526
P0, tp=5, ts=5
P2, tp=5, ts=5, x0=136725973, x1=178447784
P2, tp=5, ts=5, x0=146759135, x1=59579985
P0, tp=5, ts=5
P3, tp=5, ts=5, x0=521190547
P1, tp=5, ts=5, x0=456248150
P2, tp=5, ts=5, x0=639149944, x1=332184314
P3, tp=5, ts=5, x0=526820959
P1, tp=5, ts=5, x0=898994125
P0, tp=5, ts=5
P0, tp=5, ts=5
P1, tp=5, ts=5, x0=927109174
P0, tp=5, ts=5
P0, tp=5, ts=5
P0, tp=5, ts=5
P2, tp=5, ts=5, x0=865897959, x1=599940945
P1, tp=5, ts=5, x0=526820959
P1, tp=5, ts=5, x0=378025987
P2, tp=5, ts=5, x0=595470176, x1=896656003
P2, tp=5, ts=5, x0=383406018, x1=251136611
P3, tp=6, ts=6, x0=841489267
P3, tp=6, ts=6, x0=273509818
P3, tp=6, ts=6, x0=841489267
P3, tp=6, ts=6, x0=59579985
P3, tp=6, ts=6, x0=229605487
P3, tp=6, ts=6, x0=456248150
P0, tp=6, ts=6
P1, tp=6, ts=6, x0=865897959
P3, tp=6, ts=6, x0=136725973
P3, tp=6, ts=6, x0=937041280
P0, tp=6, ts=6
P2, tp=6, ts=6, x0=893128751, x1=136725973
P3, tp=6, ts=6, x0=478903784
P2, tp=6, ts=6, x0=446162547, x1=937041280
P1, tp=6, ts=6, x0=64353212
P3, tp=6, ts=6, x0=275897331
P2, tp=6, ts=6, x0=959840046, x1=8240601
P2, tp=6, ts=6, x0=256195547, x1=273509818
P3, tp=6, ts=6, x0=895944523
P0, tp=6, ts=6
P1, tp=6, ts=6, x0=668723619
P1, tp=6, ts=6, x0=609244565
P2, tp=6, ts=6, x0=332184314, x1=893234148
P3, tp=6, ts=6, x0=155339606
P1, tp=6, ts=6, x0=996159201
P1, tp=6, ts=6, x0=478903784
P2, tp=6, ts=6, x0=927109174, x1=896656003
P2, tp=6, ts=6, x0=369947661, x1=584537875
P1, tp=6, ts=6, x0=251136611
P1, tp=6, ts=6, x0=841489267
P0, tp=6, ts=6
P0, tp=6, ts=6
P1, tp=6, ts=6, x0=898994125
P1, tp=6, ts=6, x0=895944523
P3, tp=6, ts=6, x0=273509818
P3, tp=6, ts=6, x0=603797089
P1, tp=6, ts=6, x0=446162547
P0, tp=6, ts=6
P3, tp=6, ts=6, x0=256195547
P0, tp=6, ts=6
P2, tp=6, ts=6, x0=721663097, x1=426439630
P0, tp=6, ts=6
P1, tp=6, ts=6, x0=9458546
P0, tp=6, ts=6
P0, tp=6, ts=6
P2, tp=6, ts=6, x0=275897331, x1=865897959
P3, tp=6, ts=6, x0=273509818
P0, tp=6, ts=6
P0, tp=6, ts=6
P2, tp=6, ts=6, x0=851896678, x1=194621906
P2, tp=6, ts=6, x0=594189553, x1=240768739
P0, tp=6, ts=6
P2, tp=6, ts=6, x0=230944434, x1=369947661
P0, tp=6, ts=6
P1, tp=6, ts=6, x0=777602721
P1, tp=6, ts=6, x0=557033012
P0, tp=6, ts=6
P0, tp=6, ts=6
P3, tp=6, ts=6, x0=6415984
P2, tp=6, ts=6, x0=851837196, x1=222134378
P3, tp=6, ts=6, x0=680411587
P1, tp=6, ts=6, x0=355157195
P2, tp=6, ts=6, x0=898994125, x1=990229554
P0, tp=6, ts=6
P3, tp=6, ts=6, x0=603797089
P3, tp=6, ts=6, x0=136918708
P1, tp=6, ts=6, x0=136918708
P2, tp=6, ts=6, x0=782588046, x1=59579985
P1, tp=6, ts=6, x0=136725973
P2, tp=6, ts=6, x0=996159201, x1=895944523
P2, tp=6, ts=6, x0=207002179, x1=416202885
P0, tp=6, ts=6
P3, tp=6, ts=6, x0=88988497
P3, tp=6, ts=6, x0=675747173
P1, tp=6, ts=6, x0=261252512
P3, tp=6, ts=6, x0=987768407
P3, tp=6, ts=6, x0=353048448
P0, tp=6, ts=6
P0, tp=6, ts=6
P2, tp=6, ts=6, x0=861159218, x1=154772311
P1, tp=6, ts=6, x0=937041280
P3, tp=6, ts=6, x0=426439630
P0, tp=6, ts=6
P1, tp=6, ts=6, x0=406541599
P1, tp=6, ts=6, x0=865897959
P1, tp=6, ts=6, x0=991944501
P1, tp=6, ts=6, x0=680411587
P3, tp=6, ts=6, x0=512089808
P2, tp=6, ts=6, x0=896656003, x1=512089808
P3, tp=6, ts=6, x0=194621906
P1, tp=6, ts=6, x0=691756830
P1, tp=6, ts=6, x0=777602721
P0, tp=6, ts=6
P1, tp=6, ts=6, x0=439055059
P3, tp=6, ts=6, x0=525505566
P2, tp=6, ts=6, x0=340662606, x1=59579985
P0, tp=6, ts=6
P0, tp=6, ts=6
P1, tp=6, ts=6, x0=6415984
P0, tp=6, ts=6
P0, tp=6, ts=6
P2, tp=6, ts=6, x0=668723619, x1=454979003
P1, tp=6, ts=6, x0=6415984
P2, tp=6, ts=6, x0=594189553, x1=639149944
P0, tp=6, ts=6
P3, tp=6, ts=6, x0=841489267
P3, tp=6, ts=6, x0=240768739
P2, tp=6, ts=6, x0=783380479, x1=8240601
P1, tp=6, ts=6, x0=861159218
P1, tp=6, ts=6, x0=525876842
P2, tp=6, ts=6, x0=75624235, x1=675747173
P2, tp=6, ts=6, x0=599940945, x1=525876842
P3, tp=6, ts=6, x0=680411587
P1, tp=6, ts=6, x0=691756830
P1, tp=6, ts=6, x0=639149944
P0, tp=6, ts=6
P0, tp=6, ts=6
P0, tp=6, ts=6
P2, tp=6, ts=6, x0=795788526, x1=895944523
P0, tp=6, ts=6
P3, tp=6, ts=6, x0=439055059
P2, tp=6, ts=6, x0=426439630, x1=478903784
P0, tp=6, ts=6
P1, tp=6, ts=6, x0=680411587
P0, tp=6, ts=6
P0, tp=6, ts=6
P1, tp=6, ts=6, x0=9458546
P2, tp=6, ts=6, x0=136725973, x1=353048448
P0, tp=6, ts=6
P3, tp=6, ts=6, x0=355157195
P0, tp=6, ts=6
P1, tp=6, ts=6, x0=660826492
P1, tp=6, ts=6, x0=340662606
P1, tp=6, ts=6, x0=240768739
P2, tp=6, ts=6, x0=783380479, x1=88988497
P2, tp=6, ts=6, x0=512089808, x1=996880935
P3, tp=6, ts=6, x0=990229554
P3, tp=6, ts=6, x0=273509818
P1, tp=6, ts=6, x0=6430302
P2, tp=6, ts=6, x0=446162547, x1=851896678
P2, tp=6, ts=6, x0=454979003, x1=196541374
P3, tp=6, ts=6, x0=19634274
P0, tp=6, ts=6
P2, tp=6, ts=6, x0=938288107, x1=898994125
P0, tp=6, ts=6
P3, tp=6, ts=6, x0=898994125
P0, tp=6, ts=6
P0, tp=6, ts=6
P0, tp=6, ts=6
P2, tp=6, ts=6, x0=261252512, x1=991944501
P1, tp=6, ts=6, x0=777602721
P2, tp=6, ts=6, x0=680411587, x1=154772311
P1, tp=6, ts=6, x0=987768407
P1, tp=6, ts=6, x0=660826492
P1, tp=6, ts=6, x0=136725973
P1, tp=6, ts=6, x0=136918708
P3, tp=6, ts=6, x0=456248150
P1, tp=6, ts=6, x0=525505566
P0, tp=6, ts=6
P2, tp=6, ts=6, x0=660826492, x1=31049026
P0, tp=6, ts=6
P2, tp=6, ts=6, x0=691756830, x1=240768739
P2, tp=6, ts=6, x0=263573809, x1=839798115
P2, tp=6, ts=6, x0=938288107, x1=876481877
P3, tp=6, ts=6, x0=609244565
P3, tp=6, ts=6, x0=937041280
P2, tp=6, ts=6, x0=6430302, x1=478903784
P0, tp=6, ts=6
P1, tp=6, ts=6, x0=668723619
P1, tp=6, ts=6, x0=959840046
P3, tp=6, ts=6, x0=446162547
P0, tp=6, ts=6
P1, tp=6, ts=6, x0=996880935
P0, tp=6, ts=6
P0, tp=6, ts=6
P2, tp=6, ts=6, x0=8240601, x1=275897331
P2, tp=6, ts=6, x0=443126849, x1=19634274
P0, tp=6, ts=6
P1, tp=6, ts=6, x0=369947661
P3, tp=6, ts=6, x0=952987397
P3, tp=6, ts=6, x0=594189553
P2, tp=6, ts=6, x0=691756830, x1=851896678
P3, tp=6, ts=6, x0=594189553
P3, tp=6, ts=6, x0=966303282
P1, tp=6, ts=6, x0=996880935
P0, tp=6, ts=6
P2, tp=6, ts=6, x0=210273246, x1=478903784
P3, tp=6, ts=6, x0=377181535
P2, tp=6, ts=6, x0=987768407, x1=49090121
P3, tp=6, ts=6, x0=898994125
P1, tp=6, ts=6, x0=254649224
P3, tp=6, ts=6, x0=147778092
P1, tp=6, ts=6, x0=316521978
P2, tp=6, ts=6, x0=59579985, x1=136725973
P0, tp=6, ts=6
P0, tp=6, ts=6
P0, tp=6, ts=6
P1, tp=6, ts=6, x0=147778092
P2, tp=6, ts=6, x0=876481877, x1=439055059
P3, tp=6, ts=6, x0=680411587
P0, tp=6, ts=6
P0, tp=6, ts=6
P3, tp=6, ts=6, x0=210273246
P2, tp=6, ts=6, x0=525505566, x1=9458546
P1, tp=6, ts=6, x0=675747173
P0, tp=6, ts=6
P3, tp=6, ts=6, x0=275897331
P2, tp=6, ts=6, x0=84961908, x1=49090121
P1, tp=6, ts=6, x0=125622291
P2, tp=6, ts=6, x0=952987397, x1=526820959
P2, tp=6, ts=6, x0=982080583, x1=340662606
P1, tp=6, ts=6, x0=9458546
P3, tp=6, ts=6, x0=851837196
P1, tp=6, ts=6, x0=898994125
P2, tp=6, ts=6, x0=69097998, x1=378025987
P1, tp=6, ts=6, x0=92536549
P0, tp=6, ts=6
P1, tp=6, ts=6, x0=619011997
P0, tp=6, ts=6
P3, tp=6, ts=6, x0=6430302
P1, tp=6, ts=6, x0=155339606
P3, tp=6, ts=6, x0=154772311
P1, tp=6, ts=6, x0=75624235
P2, tp=6, ts=6, x0=851896678, x1=619011997
P1, tp=6, ts=6, x0=194621906
P1, tp=6, ts=6, x0=876481877
P1, tp=6, ts=6, x0=273509818
P3, tp=6, ts=6, x0=9458546
P3, tp=6, ts=6, x0=525876842
P1, tp=6, ts=6, x0=691756830
P2, tp=6, ts=6, x0=273509818, x1=851837196
P3, tp=6, ts=6, x0=146759135
P2, tp=6, ts=6, x0=111123091, x1=691756830
P2, tp=6, ts=6, x0=316521978, x1=738094658
P1, tp=6, ts=6, x0=92536549
P1, tp=6, ts=6, x0=260038037
P3, tp=6, ts=6, x0=49090121
P3, tp=6, ts=6, x0=482297242
P2, tp=6, ts=6, x0=84961908, x1=680411587
P3, tp=6, ts=6, x0=275897331
P3, tp=6, ts=6, x0=806218387
P0, tp=6, ts=6
P0, tp=6, ts=6
P2, tp=6, ts=6, x0=959840046, x1=619011997
P0, tp=6, ts=6
P1, tp=6, ts=6, x0=557033012
P2, tp=6, ts=6, x0=136725973, x1=406541599
P2, tp=6, ts=6, x0=19634274, x1=194621906
P2, tp=6, ts=6, x0=6415984, x1=721663097
P1, tp=6, ts=6, x0=959840046
P0, tp=6, ts=6
P2, tp=6, ts=6, x0=987768407, x1=966303282
P1, tp=6, ts=6, x0=865897959
P3, tp=6, ts=6, x0=59579985
P1, tp=6, ts=6, x0=595470176
P0, tp=6, ts=6
P0, tp=6, ts=6
P1, tp=6, ts=6, x0=898994125
P3, tp=6, ts=6, x0=806218387
P2, tp=6, ts=6, x0=69097998, x1=512089808
P0, tp=6, ts=6
P0, tp=6, ts=6
P0, tp=6, ts=6
P0, tp=6, ts=6
P0, tp=6, ts=6
P1, tp=6, ts=6, x0=26454236
P0, tp=6, ts=6
P0, tp=6, ts=6
P3, tp=6, ts=6, x0=861159218
P2, tp=6, ts=6, x0=721663097, x1=789142657
P1, tp=6, ts=6, x0=806218387
P0, tp=6, ts=6
P0, tp=6, ts=6
P3, tp=6, ts=6, x0=273509818
P0, tp=6, ts=6
P2, tp=6, ts=6, x0=193706648, x1=556074347
P3, tp=6, ts=6, x0=251136611
P2, tp=6, ts=6, x0=26454236, x1=556074347
P3, tp=6, ts=6, x0=69097998
P0, tp=6, ts=6
P3, tp=6, ts=6, x0=446162547
P2, tp=6, ts=6, x0=990229554, x1=136918708
P1, tp=6, ts=6, x0=619011997
P0, tp=6, ts=6
P2, tp=6, ts=6, x0=927109174, x1=480240985
P0, tp=6, ts=6
P3, tp=6, ts=6, x0=224906571
P0, tp=6, ts=6
P1, tp=6, ts=6, x0=991944501
P3, tp=6, ts=6, x0=927109174
P2, tp=6, ts=6, x0=207002179, x1=26454236
P0, tp=6, ts=6
P3, tp=6, ts=6, x0=675747173
P2, tp=6, ts=6, x0=69097998, x1=378025987
P3, tp=6, ts=6, x0=996880935
P2, tp=6, ts=6, x0=88988497, x1=595470176
P0, tp=6, ts=6
P3, tp=6, ts=6, x0=152907210
P3, tp=6, ts=6, x0=222134378
P3, tp=6, ts=6, x0=152907210
P1, tp=6, ts=6, x0=841489267
P3, tp=6, ts=6, x0=196541374
P2, tp=6, ts=6, x0=749678066, x1=505708687
P2, tp=6, ts=6, x0=383406018, x1=256195547
P1, tp=6, ts=6, x0=966303282
P3, tp=6, ts=6, x0=851837196
P0, tp=6, ts=6
P0, tp=6, ts=6
P3, tp=6, ts=6, x0=789142657
P3, tp=6, ts=6, x0=353048448
P0, tp=6, ts=6
P1, tp=6, ts=6, x0=224906571
P3, tp=6, ts=6, x0=413631096
P2, tp=6, ts=6, x0=230944434, x1=125622291
P2, tp=6, ts=6, x0=383406018, x1=795788526
P0, tp=6, ts=6
P1, tp=6, ts=6, x0=49090121
P1, tp=6, ts=6, x0=990229554
P1, tp=6, ts=6, x0=987768407
P3, tp=6, ts=6, x0=806218387
P0, tp=6, ts=6
P1, tp=6, ts=6, x0=155339606
P1, tp=6, ts=6, x0=668723619
P0, tp=6, ts=6
P3, tp=6, ts=6, x0=702625064
P3, tp=6, ts=6, x0=595470176
P1, tp=6, ts=6, x0=898652501
P3, tp=6, ts=6, x0=68901497
P3, tp=6, ts=6, x0=526820959
P1, tp=6, ts=6, x0=886671045
P2, tp=6, ts=6, x0=88988497, x1=355157195
P2, tp=6, ts=6, x0=340662606, x1=155339606
P2, tp=6, ts=6, x0=273509818, x1=966303282
P3, tp=6, ts=6, x0=966303282
P0, tp=6, ts=6
P1, tp=6, ts=6, x0=8240601
P1, tp=6, ts=6, x0=263573809
P2, tp=6, ts=6, x0=210273246, x1=446162547
P1, tp=6, ts=6, x0=959840046
P1, tp=6, ts=6, x0=480240985
P3, tp=6, ts=6, x0=777602721
P1, tp=6, ts=6, x0=369947661
P2, tp=6, ts=6, x0=952987397, x1=526820959
P1, tp=6, ts=6, x0=721663097
P2, tp=6, ts=6, x0=136918708, x1=68901497
P1, tp=6, ts=6, x0=603797089
P0, tp=6, ts=6
P1, tp=6, ts=6, x0=251136611
P3, tp=6, ts=6, x0=340662606
P1, tp=6, ts=6, x0=783380479
P3, tp=6, ts=6, x0=478903784
P1, tp=6, ts=6, x0=721663097
P3, tp=6, ts=6, x0=721663097
P1, tp=6, ts=6, x0=738094658
P0, tp=6, ts=6
P0, tp=6, ts=6
P0, tp=6, ts=6
P1, tp=6, ts=6, x0=263573809
P3, tp=6, ts=6, x0=639149944
P1, tp=6, ts=6, x0=155339606
P3, tp=6, ts=6, x0=898652501
P2, tp=6, ts=6, x0=111123091, x1=378025987
P3, tp=6, ts=6, x0=966303282
P0, tp=6, ts=6
P0, tp=6, ts=6
P0, tp=6, ts=6
P2, tp=6, ts=6, x0=297115197, x1=557033012
P2, tp=6, ts=6, x0=749678066, x1=898994125
P0, tp=6, ts=6
P3, tp=6, ts=6, x0=557033012
P1, tp=6, ts=6, x0=990229554
P3, tp=6, ts=6, x0=557033012
P3, tp=6, ts=6, x0=990229554
P0, tp=6, ts=6
P2, tp=6, ts=6, x0=6430302, x1=845674636
P2, tp=6, ts=6, x0=456248150, x1=744792064
P0, tp=6, ts=6
P1, tp=6, ts=6, x0=84961908
P1, tp=6, ts=6, x0=275897331
P2, tp=6, ts=6, x0=378025987, x1=952987397
P3, tp=6, ts=6, x0=480240985
P2, tp=6, ts=6, x0=990229554, x1=987768407
P2, tp=6, ts=6, x0=526820959, x1=155339606
P3, tp=6, ts=6, x0=789142657
P3, tp=6, ts=6, x0=218292555
P0, tp=6, ts=6
P2, tp=6, ts=6, x0=937041280, x1=111123091
P2, tp=6, ts=6, x0=806218387, x1=383406018
P2, tp=6, ts=6, x0=937041280, x1=456248150
P1, tp=6, ts=6, x0=194621906
P1, tp=6, ts=6, x0=273509818
P0, tp=6, ts=6
P2, tp=6, ts=6, x0=938288107, x1=68901497
P1, tp=6, ts=6, x0=915049420
P1, tp=6, ts=6, x0=210273246
P2, tp=6, ts=6, x0=584537875, x1=196541374
P2, tp=6, ts=6, x0=26454236, x1=609244565
P2, tp=6, ts=6, x0=721663097, x1=841489267
P0, tp=6, ts=6
P2, tp=6, ts=6, x0=256195547, x1=584537875
P0, tp=6, ts=6
P1, tp=6, ts=6, x0=263573809
P0, tp=6, ts=6
P3, tp=6, ts=6, x0=210273246
P2, tp=6, ts=6, x0=437164529, x1=501896445
P0, tp=6, ts=6
P0, tp=6, ts=6
P1, tp=6, ts=6, x0=959840046
P1, tp=6, ts=6, x0=9458546
P1, tp=6, ts=6, x0=437164529
P2, tp=6, ts=6, x0=155339606, x1=987768407
P0, tp=6, ts=6
P2, tp=6, ts=6, x0=230944434, x1=155339606
P1, tp=6, ts=6, x0=6430302
P2, tp=6, ts=6, x0=43237217, x1=406842900
P1, tp=6, ts=6, x0=584537875
P3, tp=6, ts=6, x0=871415145
P3, tp=6, ts=6, x0=480240985
P0, tp=6, ts=6
P1, tp=6, ts=6, x0=991944501
P2, tp=6, ts=6, x0=795788526, x1=526820959
P0, tp=6, ts=6
P3, tp=6, ts=6, x0=865897959
P0, tp=6, ts=6
P3, tp=6, ts=6, x0=439055059
P3, tp=6, ts=6, x0=915049420
P3, tp=6, ts=6, x0=693030564
P1, tp=6, ts=6, x0=177186927
P0, tp=6, ts=6
P3, tp=6, ts=6, x0=9458546
P1, tp=6, ts=6, x0=75624235
P0, tp=6, ts=6
P2, tp=6, ts=6, x0=84961908, x1=75624235
P1, tp=6, ts=6, x0=256195547
P1, tp=6, ts=6, x0=8240601
P1, tp=6, ts=6, x0=8240601
P0, tp=6, ts=6
P3, tp=6, ts=6, x0=136918708
P2, tp=6, ts=6, x0=353048448, x1=340662606
P1, tp=6, ts=6, x0=446162547
P2, tp=6, ts=6, x0=673756487, x1=406842900
P2, tp=6, ts=6, x0=886888726, x1=886888726
P3, tp=6, ts=6, x0=256195547
P2, tp=6, ts=6, x0=177186927, x1=437164529
P0, tp=6, ts=6
P0, tp=6, ts=6
P1, tp=6, ts=6, x0=155339606
P2, tp=6, ts=6, x0=51786083, x1=480240985
P1, tp=6, ts=6, x0=43237217
P3, tp=6, ts=6, x0=738094658
P1, tp=6, ts=6, x0=480240985
P1, tp=6, ts=6, x0=996880935
P2, tp=6, ts=6, x0=932420093, x1=111123091
P3, tp=6, ts=6, x0=68901497
P2, tp=6, ts=6, x0=876481877, x1=619011997
P1, tp=6, ts=6, x0=383406018
P0, tp=6, ts=6
P2, tp=6, ts=6, x0=505708687, x1=68901497
P0, tp=6, ts=6
P2, tp=6, ts=6, x0=668723619, x1=526820959
P0, tp=6, ts=6
P3, tp=6, ts=6, x0=526820959
P3, tp=6, ts=6, x0=437164529
P1, tp=6, ts=6, x0=193706648
P1, tp=6, ts=6, x0=196541374
P3, tp=6, ts=6, x0=526820959
P1, tp=6, ts=6, x0=459378328
P0, tp=6, ts=6
P1, tp=6, ts=6, x0=339497191
P2, tp=6, ts=6, x0=68901497, x1=152907210
P3, tp=6, ts=6, x0=106778167
P2, tp=6, ts=6, x0=413631096, x1=736203974
P3, tp=6, ts=6, x0=702625064
P3, tp=6, ts=6, x0=378025987
P1, tp=6, ts=6, x0=413631096
P1, tp=6, ts=6, x0=147778092
P3, tp=6, ts=6, x0=69097998
P0, tp=6, ts=6
P2, tp=6, ts=6, x0=845674636, x1=193706648
P1, tp=6, ts=6, x0=966303282
P3, tp=6, ts=6, x0=738094658
P1, tp=6, ts=6, x0=990229554
P1, tp=6, ts=6, x0=783380479
P0, tp=6, ts=6
P0, tp=6, ts=6
P3, tp=6, ts=6, x0=789142657
P3, tp=6, ts=6, x0=437164529
P2, tp=6, ts=6, x0=789142657, x1=69097998
P3, tp=6, ts=6, x0=297115197
P0, tp=6, ts=6
P3, tp=6, ts=6, x0=594189553
P2, tp=6, ts=6, x0=230944434, x1=789142657
P3, tp=6, ts=6, x0=340662606
P0, tp=6, ts=6
P1, tp=6, ts=6, x0=603797089
P3, tp=6, ts=6, x0=992498338
P2, tp=6, ts=6, x0=736442075, x1=88988497
P2, tp=6, ts=6, x0=829266065, x1=738094658
P3, tp=6, ts=6, x0=64353212
P0, tp=6, ts=6
P2, tp=6, ts=6, x0=210273246, x1=851896678
P0, tp=6, ts=6
P0, tp=6, ts=6
P0, tp=6, ts=6
P2, tp=6, ts=6, x0=828415473, x1=996880935
P3, tp=6, ts=6, x0=111123091
P2, tp=6, ts=6, x0=619011997, x1=383406018
P3, tp=6, ts=6, x0=987768407
P2, tp=6, ts=6, x0=721663097, x1=584537875
P2, tp=6, ts=6, x0=749678066, x1=178447784
P0, tp=6, ts=6
P0, tp=6, ts=6
P1, tp=6, ts=6, x0=252022855
P3, tp=6, ts=6, x0=938288107
P3, tp=6, ts=6, x0=193706648
P3, tp=6, ts=6, x0=952987397
P0, tp=6, ts=6
P2, tp=6, ts=6, x0=6430302, x1=932420093
P0, tp=6, ts=6
P3, tp=6, ts=6, x0=68901497
P2, tp=6, ts=6, x0=194621906, x1=594189553
P3, tp=6, ts=6, x0=446162547
P2, tp=6, ts=6, x0=152907210, x1=459378328
P3, tp=6, ts=6, x0=777602721
P1, tp=6, ts=6, x0=111123091
P0, tp=6, ts=6
P3, tp=6, ts=6, x0=230944434
P1, tp=6, ts=6, x0=437164529
P0, tp=6, ts=6
P0, tp=6, ts=6
P0, tp=6, ts=6
P2, tp=6, ts=6, x0=239002531, x1=736442075
P0, tp=6, ts=6
P3, tp=6, ts=6, x0=84961908
P2, tp=6, ts=6, x0=966303282, x1=594189553
P0, tp=6, ts=6
P2, tp=6, ts=6, x0=88988497, x1=152907210
P3, tp=6, ts=6, x0=459378328
P2, tp=6, ts=6, x0=111123091, x1=736203974
P2, tp=6, ts=6, x0=702625064, x1=377181535
P3, tp=6, ts=6, x0=990229554
P1, tp=6, ts=6, x0=224906571
P3, tp=6, ts=6, x0=557033012
P1, tp=6, ts=6, x0=845674636
P2, tp=6, ts=6, x0=721663097, x1=886888726
P2, tp=6, ts=6, x0=68901497, x1=557033012
P0, tp=6, ts=6
P2, tp=6, ts=6, x0=749678066, x1=721663097
P1, tp=6, ts=6, x0=297115197
P3, tp=6, ts=6, x0=470452467
P2, tp=6, ts=6, x0=263573809, x1=339497191
P1, tp=6, ts=6, x0=721663097
P3, tp=6, ts=6, x0=446162547
P0, tp=6, ts=6
P1, tp=6, ts=6, x0=437164529
P1, tp=6, ts=6, x0=439055059
P3, tp=6, ts=6, x0=437164529
P1, tp=6, ts=6, x0=876481877
P1, tp=6, ts=6, x0=609244565
P0, tp=6, ts=6
P0, tp=6, ts=6
P1, tp=6, ts=6, x0=230944434
P1, tp=6, ts=6, x0=721663097
P1, tp=6, ts=6, x0=738094658
P0, tp=6, ts=6
P2, tp=6, ts=6, x0=938288107, x1=740989092
P0, tp=6, ts=6
P0, tp=6, ts=6
P2, tp=6, ts=6, x0=886888726, x1=210273246
P2, tp=6, ts=6, x0=744792064, x1=782588046
P1, tp=6, ts=6, x0=91344904
P0, tp=6, ts=6
P3, tp=6, ts=6, x0=383406018
P0, tp=6, ts=6
P2, tp=6, ts=6, x0=84961908, x1=75624235
P1, tp=6, ts=6, x0=339497191
P1, tp=6, ts=6, x0=446162547
P0, tp=6, ts=6
P1, tp=6, ts=6, x0=230944434
P0, tp=6, ts=6
P2, tp=6, ts=6, x0=251136611, x1=595470176
P3, tp=6, ts=6, x0=591364332
P0, tp=6, ts=6
P1, tp=6, ts=6, x0=996880935
P1, tp=6, ts=6, x0=49090121
P3, tp=6, ts=6, x0=353048448
P0, tp=6, ts=6
P0, tp=6, ts=6
P2, tp=6, ts=6, x0=459378328, x1=505708687
P0, tp=6, ts=6
P0, tp=6, ts=6
P3, tp=6, ts=6, x0=178447784
P1, tp=6, ts=6, x0=987768407
P3, tp=6, ts=6, x0=251136611
P1, tp=6, ts=6, x0=829266065
P1, tp=6, ts=6, x0=84961908
P1, tp=6, ts=6, x0=383406018
P2, tp=6, ts=6, x0=841489267, x1=91344904
P3, tp=6, ts=6, x0=709641777
P2, tp=6, ts=6, x0=263573809, x1=556074347
P1, tp=6, ts=6, x0=938288107
P0, tp=6, ts=6
P3, tp=6, ts=6, x0=871415145
P2, tp=6, ts=6, x0=871415145, x1=88988497
P0, tp=6, ts=6
P2, tp=6, ts=6, x0=992498338, x1=721663097
P2, tp=6, ts=6, x0=845674636, x1=915049420
P3, tp=6, ts=6, x0=64353212
P0, tp=6, ts=6
P0, tp=6, ts=6
P0, tp=6, ts=6
P0, tp=6, ts=6
P1, tp=6, ts=6, x0=851896678
P2, tp=6, ts=6, x0=297115197, x1=952987397
P2, tp=6, ts=6, x0=952987397, x1=340662606
P3, tp=6, ts=6, x0=526820959
P1, tp=6, ts=6, x0=923048838
P3, tp=6, ts=6, x0=383406018
P2, tp=6, ts=6, x0=91344904, x1=721663097
P0, tp=6, ts=6
P0, tp=6, ts=6
P0, tp=6, ts=6
P3, tp=6, ts=6, x0=996880935
P1, tp=6, ts=6, x0=84961908
P0, tp=6, ts=6
P3, tp=6, ts=6, x0=230944434
P3, tp=6, ts=6, x0=251136611
P0, tp=6, ts=6
P2, tp=6, ts=6, x0=886671045, x1=155339606
P2, tp=6, ts=6, x0=177186927, x1=239002531
P2, tp=6, ts=6, x0=886671045, x1=674342878
P2, tp=6, ts=6, x0=702625064, x1=851896678
P1, tp=6, ts=6, x0=339497191
P1, tp=6, ts=6, x0=898994125
P3, tp=6, ts=6, x0=505708687
P0, tp=6, ts=6
P2, tp=6, ts=6, x0=94143331, x1=70844238
P2, tp=6, ts=6, x0=8240601, x1=84961908
P1, tp=6, ts=6, x0=470452467
P2, tp=6, ts=6, x0=556074347, x1=591364332
P1, tp=6, ts=6, x0=674342878
P1, tp=6, ts=6, x0=829266065
P2, tp=6, ts=6, x0=230944434, x1=194621906
P3, tp=6, ts=6, x0=316521978
P1, tp=6, ts=6, x0=170124953
P1, tp=6, ts=6, x0=339497191
P1, tp=6, ts=6, x0=217165976
P2, tp=6, ts=6, x0=439055059, x1=674342878
P3, tp=6, ts=6, x0=334636178
P2, tp=6, ts=6, x0=106778167, x1=740989092
P3, tp=6, ts=6, x0=782588046
P1, tp=6, ts=6, x0=559577864
P3, tp=6, ts=6, x0=91344904
P3, tp=6, ts=6, x0=275897331
P1, tp=6, ts=6, x0=254649224
P3, tp=6, ts=6, x0=439055059
P3, tp=6, ts=6, x0=806218387
P2, tp=6, ts=6, x0=886671045, x1=736203974
P0, tp=6, ts=6
P0, tp=6, ts=6
P1, tp=6, ts=6, x0=886671045
P3, tp=6, ts=6, x0=736203974
P2, tp=6, ts=6, x0=51786083, x1=789142657
P2, tp=6, ts=6, x0=556074347, x1=217165976
P2, tp=6, ts=6, x0=702625064, x1=513647090
P2, tp=6, ts=6, x0=603797089, x1=709641777
P0, tp=6, ts=6
P3, tp=6, ts=6, x0=777602721
P2, tp=6, ts=6, x0=470452467, x1=70844238
P0, tp=6, ts=6
P2, tp=6, ts=6, x0=996880935, x1=591364332
P3, tp=6, ts=6, x0=446162547
P0, tp=6, ts=6
P3, tp=6, ts=6, x0=938288107
P0, tp=6, ts=6
P3, tp=6, ts=6, x0=353048448
P3, tp=6, ts=6, x0=952987397
P2, tp=6, ts=6, x0=316521978, x1=282094763
P0, tp=6, ts=6
P3, tp=6, ts=6, x0=721663097
P0, tp=6, ts=6
P3, tp=6, ts=6, x0=43237217
P2, tp=6, ts=6, x0=990229554, x1=218292555
P3, tp=6, ts=6, x0=736442075
P3, tp=6, ts=6, x0=378025987
P0, tp=6, ts=6
P1, tp=6, ts=6, x0=256195547
P2, tp=6, ts=6, x0=806218387, x1=111123091
P2, tp=6, ts=6, x0=851837196, x1=9458546
P3, tp=6, ts=6, x0=210273246
P3, tp=6, ts=6, x0=721663097
P1, tp=6, ts=6, x0=744792064
P2, tp=6, ts=6, x0=406842900, x1=851896678
P1, tp=6, ts=6, x0=275897331
P0, tp=6, ts=6
P3, tp=6, ts=6, x0=480240985
P2, tp=6, ts=6, x0=886888726, x1=525876842
P2, tp=6, ts=6, x0=64353212, x1=224906571
P3, tp=6, ts=6, x0=595369293
P0, tp=6, ts=6
P1, tp=6, ts=6, x0=795788526
P3, tp=6, ts=6, x0=91344904
P3, tp=6, ts=6, x0=439055059
P2, tp=6, ts=6, x0=106778167, x1=470452467
P0, tp=6, ts=6
P2, tp=6, ts=6, x0=915049420, x1=106778167
P3, tp=6, ts=6, x0=91344904
P0, tp=6, ts=6
P1, tp=6, ts=6, x0=938288107
P0, tp=6, ts=6
P1, tp=6, ts=6, x0=992498338
P0, tp=6, ts=6
P0, tp=6, ts=6
P2, tp=6, ts=6, x0=513647090, x1=992498338
P0, tp=6, ts=6
P1, tp=6, ts=6, x0=70844238
P3, tp=6, ts=6, x0=876481877
P3, tp=6, ts=6, x0=252022855
P2, tp=6, ts=6, x0=31811907, x1=559577864
P2, tp=6, ts=6, x0=239002531, x1=107111693
P2, tp=6, ts=6, x0=70844238, x1=556074347
P2, tp=6, ts=6, x0=111123091, x1=256195547
P0, tp=6, ts=6
P1, tp=6, ts=6, x0=851896678
P1, tp=6, ts=6, x0=49090121
P2, tp=6, ts=6, x0=871415145, x1=923048838
P3, tp=6, ts=6, x0=256195547
P0, tp=6, ts=6
P3, tp=6, ts=6, x0=990229554
P0, tp=6, ts=6
P1, tp=6, ts=6, x0=990229554
P1, tp=6, ts=6, x0=149134593
P2, tp=6, ts=6, x0=170124953, x1=595369293
P2, tp=6, ts=6, x0=871415145, x1=218292555
P0, tp=6, ts=6
P2, tp=6, ts=6, x0=297115197, x1=559577864
P0, tp=6, ts=6
P2, tp=6, ts=6, x0=501896445, x1=43237217
P3, tp=6, ts=6, x0=210273246
P0, tp=6, ts=6
P0, tp=6, ts=6
P2, tp=6, ts=6, x0=595470176, x1=898994125
P1, tp=6, ts=6, x0=136918708
P0, tp=6, ts=6
P3, tp=6, ts=6, x0=8537553
P1, tp=6, ts=6, x0=91344904
P2, tp=6, ts=6, x0=709641777, x1=106778167
P0, tp=6, ts=6
P3, tp=6, ts=6, x0=239002531
P3, tp=6, ts=6, x0=84961908
P1, tp=6, ts=6, x0=556074347
P1, tp=6, ts=6, x0=736442075
P2, tp=6, ts=6, x0=210273246, x1=886888726
P3, tp=6, ts=6, x0=339497191
P0, tp=6, ts=6
P3, tp=6, ts=6, x0=886888726
P2, tp=6, ts=6, x0=106778167, x1=721663097
P0, tp=6, ts=6
P1, tp=6, ts=6, x0=470452467
P1, tp=6, ts=6, x0=252022855
P0, tp=6, ts=6
P0, tp=6, ts=6
P2, tp=6, ts=6, x0=252022855, x1=923048838
P3, tp=6, ts=6, x0=505708687
P1, tp=6, ts=6, x0=526820959
P2, tp=6, ts=6, x0=619011997, x1=625476605
P1, tp=6, ts=6, x0=16265941
P1, tp=6, ts=6, x0=210273246
P0, tp=6, ts=6
P2, tp=6, ts=6, x0=210273246, x1=915049420
P3, tp=6, ts=6, x0=218292555
P3, tp=6, ts=6, x0=1641114
P0, tp=6, ts=6
P2, tp=6, ts=6, x0=932420093, x1=702625064
P3, tp=6, ts=6, x0=68901497
P2, tp=6, ts=6, x0=149134593, x1=69097998
P0, tp=6, ts=6
P0, tp=6, ts=6
P0, tp=6, ts=6
P2, tp=6, ts=6, x0=88988497, x1=51786083
P1, tp=6, ts=6, x0=736442075
P1, tp=6, ts=6, x0=353048448
P0, tp=6, ts=6
P2, tp=6, ts=6, x0=31811907, x1=316521978
P0, tp=6, ts=6
P2, tp=6, ts=6, x0=990229554, x1=91344904
P2, tp=6, ts=6, x0=938288107, x1=806218387
P2, tp=6, ts=6, x0=155339606, x1=94143331
P3, tp=6, ts=6, x0=680411587
P2, tp=6, ts=6, x0=9458546, x1=806218387
P1, tp=6, ts=6, x0=591364332
P3, tp=6, ts=6, x0=740989092
P1, tp=6, ts=6, x0=88988497
P3, tp=6, ts=6, x0=340662606
P0, tp=6, ts=6
P2, tp=6, ts=6, x0=740989092, x1=923048838
P1, tp=6, ts=6, x0=16265941
P0, tp=6, ts=6
P2, tp=6, ts=6, x0=210273246, x1=871415145
P1, tp=6, ts=6, x0=777602721
P2, tp=6, ts=6, x0=111123091, x1=789142657
P2, tp=6, ts=6, x0=702625064, x1=749678066
P2, tp=6, ts=6, x0=886671045, x1=64353212
P1, tp=6, ts=6, x0=111123091
P1, tp=6, ts=6, x0=591364332
P0, tp=6, ts=6
P3, tp=6, ts=6, x0=674342878
P2, tp=6, ts=6, x0=31811907, x1=64353212
P2, tp=6, ts=6, x0=88988497, x1=297115197
P0, tp=6, ts=6
P2, tp=6, ts=6, x0=43237217, x1=459378328
P3, tp=6, ts=6, x0=111123091
P2, tp=6, ts=6, x0=591364332, x1=932420093
P2, tp=6, ts=6, x0=709641777, x1=932420093
P3, tp=6, ts=6, x0=178447784
P3, tp=6, ts=6, x0=275897331
P1, tp=6, ts=6, x0=26454236
P2, tp=6, ts=6, x0=557033012, x1=51786083
P0, tp=6, ts=6
P1, tp=6, ts=6, x0=439055059
P3, tp=6, ts=6, x0=49090121
P1, tp=6, ts=6, x0=738094658
P1, tp=6, ts=6, x0=525876842
P2, tp=6, ts=6, x0=709641777, x1=437164529
P0, tp=6, ts=6
P1, tp=6, ts=6, x0=218292555
P2, tp=6, ts=6, x0=883172188, x1=16265941
P2, tp=6, ts=6, x0=107111693, x1=155339606
P1, tp=6, ts=6, x0=94143331
P0, tp=6, ts=6
P0, tp=6, ts=6
P2, tp=6, ts=6, x0=439055059, x1=43237217
P1, tp=6, ts=6, x0=213655767
P3, tp=6, ts=6, x0=885233413
P2, tp=6, ts=6, x0=437164529, x1=437164529
P0, tp=6, ts=6
P3, tp=6, ts=6, x0=437164529
P0, tp=6, ts=6
P0, tp=6, ts=6
P2, tp=6, ts=6, x0=591364332, x1=111123091
P2, tp=6, ts=6, x0=26454236, x1=709641777
P0, tp=6, ts=6
P0, tp=6, ts=6
P3, tp=6, ts=6, x0=107111693
P2, tp=6, ts=6, x0=84961908, x1=795788526
P2, tp=6, ts=6, x0=239002531, x1=149134593
P3, tp=6, ts=6, x0=883172188
P0, tp=6, ts=6
P2, tp=6, ts=6, x0=451407445, x1=680411587
P0, tp=6, ts=6
P2, tp=6, ts=6, x0=886888726, x1=560973240
P0, tp=6, ts=6
P1, tp=6, ts=6, x0=952987397
P1, tp=6, ts=6, x0=111123091
P1, tp=6, ts=6, x0=439055059
P2, tp=6, ts=6, x0=702625064, x1=51786083
P0, tp=6, ts=6
P2, tp=6, ts=6, x0=738094658, x1=1641114
P2, tp=6, ts=6, x0=633522603, x1=459378328
P3, tp=6, ts=6, x0=915049420
P0, tp=6, ts=6
P2, tp=6, ts=6, x0=16265941, x1=938288107
P0, tp=6, ts=6
P3, tp=6, ts=6, x0=560973240
P3, tp=6, ts=6, x0=213655767
P1, tp=6, ts=6, x0=256195547
P0, tp=6, ts=6
P0, tp=6, ts=6
P0, tp=6, ts=6
P3, tp=6, ts=6, x0=736442075
P3, tp=6, ts=6, x0=898994125
P0, tp=6, ts=6
P1, tp=6, ts=6, x0=513647090
P1, tp=6, ts=6, x0=43237217
P1, tp=6, ts=6, x0=777602721
P1, tp=6, ts=6, x0=505708687
P0, tp=6, ts=6
P2, tp=6, ts=6, x0=633522603, x1=49090121
P2, tp=6, ts=6, x0=282094763, x1=680411587
P2, tp=6, ts=6, x0=353048448, x1=196541374
P2, tp=6, ts=6, x0=709641777, x1=321037901
P0, tp=6, ts=6
P0, tp=6, ts=6
P2, tp=6, ts=6, x0=996880935, x1=91344904
P1, tp=6, ts=6, x0=459378328
P0, tp=6, ts=6
P1, tp=6, ts=6, x0=556074347
P3, tp=6, ts=6, x0=155339606
P1, tp=6, ts=6, x0=470452467
P2, tp=6, ts=6, x0=91344904, x1=693030564
P3, tp=6, ts=6, x0=693030564
P1, tp=6, ts=6, x0=923048838
P1, tp=6, ts=6, x0=709641777
P2, tp=6, ts=6, x0=541793764, x1=541793764
P0, tp=6, ts=6
P2, tp=6, ts=6, x0=459378328, x1=451407445
P2, tp=6, ts=6, x0=213655767, x1=8537553
P2, tp=6, ts=6, x0=239002531, x1=111123091
P3, tp=6, ts=6, x0=1641114
P0, tp=6, ts=6
P0, tp=6, ts=6
P0, tp=6, ts=6
P3, tp=6, ts=6, x0=16265941
P2, tp=6, ts=6, x0=996880935, x1=256195547
P1, tp=6, ts=6, x0=709641777
P0, tp=6, ts=6
P2, tp=6, ts=6, x0=851837196, x1=8537553
P2, tp=6, ts=6, x0=230944434, x1=105960860
P3, tp=6, ts=6, x0=84961908
P3, tp=6, ts=6, x0=94143331
P2, tp=6, ts=6, x0=789142657, x1=595470176
P1, tp=6, ts=6, x0=218292555
P2, tp=6, ts=6, x0=883172188, x1=282094763
P0, tp=6, ts=6
P2, tp=6, ts=6, x0=898994125, x1=932420093
P3, tp=6, ts=6, x0=155967104
P0, tp=6, ts=6
P3, tp=6, ts=6, x0=938288107
P0, tp=6, ts=6
P0, tp=6, ts=6
P1, tp=6, ts=6, x0=871415145
P3, tp=6, ts=6, x0=316521978
P0, tp=6, ts=6
P0, tp=6, ts=6
P2, tp=6, ts=6, x0=789340274, x1=26454236
P2, tp=6, ts=6, x0=459378328, x1=595470176
P3, tp=6, ts=6, x0=904188454
P0, tp=6, ts=6
P2, tp=6, ts=6, x0=505708687, x1=680411587
P0, tp=6, ts=6
P1, tp=6, ts=6, x0=625476605
P2, tp=6, ts=6, x0=321037901, x1=213655767
P2, tp=6, ts=6, x0=217165976, x1=915049420
P1, tp=6, ts=6, x0=218292555
P2, tp=6, ts=6, x0=68901497, x1=380858942
P1, tp=6, ts=6, x0=94143331
P0, tp=6, ts=6
P3, tp=6, ts=6, x0=625476605
P3, tp=6, ts=6, x0=465994483
P1, tp=6, ts=6, x0=239002531
P2, tp=6, ts=6, x0=738094658, x1=107027143
P0, tp=6, ts=6
P0, tp=6, ts=6
P1, tp=6, ts=6, x0=560973240
P3, tp=6, ts=6, x0=297115197
P3, tp=6, ts=6, x0=619011997
P2, tp=6, ts=6, x0=367568060, x1=470452467
P3, tp=6, ts=6, x0=256195547
P1, tp=6, ts=6, x0=619011997
P1, tp=6, ts=6, x0=883172188
P2, tp=6, ts=6, x0=380858942, x1=674342878
P2, tp=6, ts=6, x0=923048838, x1=915049420
P1, tp=6, ts=6, x0=149134593
P0, tp=6, ts=6
P2, tp=6, ts=6, x0=557033012, x1=595470176
P3, tp=6, ts=6, x0=936007018
P2, tp=6, ts=6, x0=297115197, x1=915049420
P2, tp=6, ts=6, x0=321037901, x1=749678066
P0, tp=6, ts=6
P2, tp=6, ts=6, x0=625476605, x1=915049420
P0, tp=6, ts=6
P1, tp=6, ts=6, x0=217165976
P1, tp=6, ts=6, x0=149134593
P3, tp=6, ts=6, x0=557033012
P2, tp=6, ts=6, x0=680411587, x1=680411587
P0, tp=6, ts=6
P2, tp=6, ts=6, x0=744792064, x1=31811907
P1, tp=6, ts=6, x0=263573809
P1, tp=6, ts=6, x0=738094658
P1, tp=6, ts=6, x0=282094763
P2, tp=6, ts=6, x0=915049420, x1=560973240
P3, tp=6, ts=6, x0=68901497
P0, tp=6, ts=6
P2, tp=6, ts=6, x0=339497191, x1=619011997
P0, tp=6, ts=6
P0, tp=6, ts=6
P2, tp=6, ts=6, x0=254649224, x1=789340274
P3, tp=6, ts=6, x0=128228522
P0, tp=6, ts=6
P3, tp=6, ts=6, x0=353048448
P1, tp=6, ts=6, x0=702625064
P3, tp=6, ts=6, x0=749678066
P2, tp=6, ts=6, x0=501896445, x1=876481877
P1, tp=6, ts=6, x0=70844238
P1, tp=6, ts=6, x0=353048448
P0, tp=6, ts=6
P1, tp=6, ts=6, x0=893893293
P0, tp=6, ts=6
P0, tp=6, ts=6
P3, tp=6, ts=6, x0=674342878
P1, tp=6, ts=6, x0=170124953
P2, tp=6, ts=6, x0=437164529, x1=239002531
P3, tp=6, ts=6, x0=177186927
P3, tp=6, ts=6, x0=43237217
P0, tp=6, ts=6
P3, tp=6, ts=6, x0=923048838
P2, tp=6, ts=6, x0=701446546, x1=1641114
P1, tp=6, ts=6, x0=680411587
P0, tp=6, ts=6
P3, tp=6, ts=6, x0=876481877
P3, tp=7, ts=7, x0=559577864
P2, tp=7, ts=7, x0=557033012, x1=932420093
P1, tp=7, ts=7, x0=702625064
P1, tp=7, ts=7, x0=254649224
P2, tp=7, ts=7, x0=744792064, x1=353048448
P3, tp=7, ts=7, x0=70844238
P2, tp=7, ts=7, x0=876481877, x1=915049420
P1, tp=7, ts=7, x0=275897331
P2, tp=7, ts=7, x0=380858942, x1=282094763
P1, tp=7, ts=7, x0=107111693
P0, tp=7, ts=7
P3, tp=7, ts=7, x0=702625064
P3, tp=7, ts=7, x0=595369293
P3, tp=7, ts=7, x0=316521978
P0, tp=7, ts=7
P0, tp=7, ts=7
P1, tp=7, ts=7, x0=70844238
P0, tp=7, ts=7
P1, tp=7, ts=7, x0=106778167
P3, tp=7, ts=7, x0=224906571
P3, tp=7, ts=7, x0=282094763
P0, tp=7, ts=7
P3, tp=7, ts=7, x0=633522603
P2, tp=7, ts=7, x0=316521978, x1=560973240
P2, tp=7, ts=7, x0=217165976, x1=155967104
P0, tp=7, ts=7
P1, tp=7, ts=7, x0=674342878
P1, tp=7, ts=7, x0=367568060
P1, tp=7, ts=7, x0=505708687
P1, tp=7, ts=7, x0=128228522
P3, tp=7, ts=7, x0=339497191
P1, tp=7, ts=7, x0=465994483
P2, tp=7, ts=7, x0=470452467, x1=633522603
P0, tp=7, ts=7
P1, tp=7, ts=7, x0=559577864
P3, tp=7, ts=7, x0=377567995
P3, tp=7, ts=7, x0=556074347
P1, tp=7, ts=7, x0=709641777
P2, tp=7, ts=7, x0=149134593, x1=256195547
P3, tp=7, ts=7, x0=210273246
P2, tp=7, ts=7, x0=106778167, x1=935501997
P2, tp=7, ts=7, x0=806218387, x1=321037901
P0, tp=7, ts=7
P0, tp=7, ts=7
P0, tp=7, ts=7
P0, tp=7, ts=7
P2, tp=7, ts=7, x0=282094763, x1=702625064
P0, tp=7, ts=7
P0, tp=7, ts=7
P2, tp=7, ts=7, x0=557033012, x1=106778167
P2, tp=7, ts=7, x0=619011997, x1=339497191
P2, tp=7, ts=7, x0=68901497, x1=377567995
P0, tp=7, ts=7
P1, tp=7, ts=7, x0=789142657
P0, tp=7, ts=7
P0, tp=7, ts=7
P1, tp=7, ts=7, x0=1641114
P0, tp=7, ts=7
P3, tp=7, ts=7, x0=559577864
P2, tp=7, ts=7, x0=70844238, x1=451407445
P1, tp=7, ts=7, x0=749678066
P0, tp=7, ts=7
P3, tp=7, ts=7, x0=992498338
P1, tp=7, ts=7, x0=559577864
P2, tp=7, ts=7, x0=738094658, x1=1641114
P2, tp=7, ts=7, x0=282094763, x1=107111693
P0, tp=7, ts=7
P2, tp=7, ts=7, x0=557033012, x1=883172188
P2, tp=7, ts=7, x0=923048838, x1=932420093
P3, tp=7, ts=7, x0=94143331
P3, tp=7, ts=7, x0=996880935
P1, tp=7, ts=7, x0=230944434
P3, tp=7, ts=7, x0=680411587
P3, tp=7, ts=7, x0=736203974
P3, tp=7, ts=7, x0=353048448
P3, tp=7, ts=7, x0=513647090
P1, tp=7, ts=7, x0=470452467
P2, tp=7, ts=7, x0=339497191, x1=23511654
P2, tp=7, ts=7, x0=680411587, x1=195915514
P3, tp=7, ts=7, x0=106778167
P1, tp=7, ts=7, x0=935501997
P1, tp=7, ts=7, x0=883172188
P3, tp=7, ts=7, x0=828415473
P1, tp=7, ts=7, x0=380858942
P3, tp=7, ts=7, x0=572143154
P1, tp=7, ts=7, x0=26454236
P2, tp=7, ts=7, x0=308137186, x1=107027143
P1, tp=7, ts=7, x0=196541374
P3, tp=7, ts=7, x0=591364332
P2, tp=7, ts=7, x0=560973240, x1=437164529
P2, tp=7, ts=7, x0=377567995, x1=709641777
P0, tp=7, ts=7
P3, tp=7, ts=7, x0=106778167
P1, tp=7, ts=7, x0=321037901
P0, tp=7, ts=7
P0, tp=7, ts=7
P2, tp=7, ts=7, x0=764184679, x1=107027143
P3, tp=7, ts=7, x0=334636178
P3, tp=7, ts=7, x0=23511654
P3, tp=7, ts=7, x0=693030564
P3, tp=7, ts=7, x0=952987397
P3, tp=7, ts=7, x0=213655767
P2, tp=7, ts=7, x0=334636178, x1=152907210
P3, tp=7, ts=7, x0=308137186
P1, tp=7, ts=7, x0=181739991
P0, tp=7, ts=7
P0, tp=7, ts=7
P3, tp=7, ts=7, x0=181739991
P0, tp=7, ts=7
P2, tp=7, ts=7, x0=904188454, x1=702625064
P2, tp=7, ts=7, x0=111123091, x1=915049420
P0, tp=7, ts=7
P3, tp=7, ts=7, x0=749678066
P1, tp=7, ts=7, x0=483598698
P3, tp=7, ts=7, x0=628190484
P3, tp=7, ts=7, x0=893893293
P0, tp=7, ts=7
P1, tp=7, ts=7, x0=297115197
P3, tp=7, ts=7, x0=806218387
P2, tp=7, ts=7, x0=591364332, x1=505708687
P0, tp=7, ts=7
P0, tp=7, ts=7
P0, tp=7, ts=7
P3, tp=7, ts=7, x0=149134593
P1, tp=7, ts=7, x0=224906571
P2, tp=7, ts=7, x0=505708687, x1=380858942
P3, tp=7, ts=7, x0=628190484
P2, tp=7, ts=7, x0=213655767, x1=406842900
P2, tp=7, ts=7, x0=406842900, x1=893893293
P0, tp=7, ts=7
P2, tp=7, ts=7, x0=886888726, x1=556074347
P2, tp=7, ts=7, x0=693030564, x1=983436499
P0, tp=7, ts=7
P0, tp=7, ts=7
P3, tp=7, ts=7, x0=107027143
P1, tp=7, ts=7, x0=674342878
P2, tp=7, ts=7, x0=263573809, x1=992498338
P0, tp=7, ts=7
P0, tp=7, ts=7
P2, tp=7, ts=7, x0=218292555, x1=26454236
P2, tp=7, ts=7, x0=749678066, x1=452790618
P3, tp=7, ts=7, x0=252022855
P2, tp=7, ts=7, x0=806218387, x1=57653800
P3, tp=7, ts=7, x0=702625064
P0, tp=7, ts=7
P1, tp=7, ts=7, x0=924324086
P0, tp=7, ts=7
P1, tp=7, ts=7, x0=883172188
P2, tp=7, ts=7, x0=68901497, x1=377567995
P1, tp=7, ts=7, x0=94143331
P3, tp=7, ts=7, x0=210273246
P2, tp=7, ts=7, x0=559577864, x1=210273246
P3, tp=7, ts=7, x0=431414394
P0, tp=7, ts=7
P3, tp=7, ts=7, x0=4169698
P1, tp=7, ts=7, x0=380858942
P0, tp=7, ts=7
P3, tp=7, ts=7, x0=479414963
P3, tp=7, ts=7, x0=334636178
P2, tp=7, ts=7, x0=367568060, x1=91344904
P1, tp=7, ts=7, x0=470452467
P0, tp=7, ts=7
P3, tp=7, ts=7, x0=885233413
P3, tp=7, ts=7, x0=501896445
P1, tp=7, ts=7, x0=904188454
P1, tp=7, ts=7, x0=749678066
P2, tp=7, ts=7, x0=213655767, x1=886671045
P2, tp=7, ts=7, x0=992498338, x1=470452467
P3, tp=7, ts=7, x0=513647090
P2, tp=7, ts=7, x0=883172188, x1=107027143
P3, tp=7, ts=7, x0=740482629
P3, tp=7, ts=7, x0=935501997
P3, tp=7, ts=7, x0=106778167
P0, tp=7, ts=7
P1, tp=7, ts=7, x0=572143154
P0, tp=7, ts=7
P0, tp=7, ts=7
P2, tp=7, ts=7, x0=923048838, x1=893893293
P2, tp=7, ts=7, x0=701446546, x1=886671045
P3, tp=7, ts=7, x0=479414963
P1, tp=7, ts=7, x0=936007018
P1, tp=7, ts=7, x0=380858942
P0, tp=7, ts=7
P1, tp=7, ts=7, x0=311077215
P2, tp=7, ts=7, x0=789340274, x1=736442075
P2, tp=7, ts=7, x0=749678066, x1=633522603
P1, tp=7, ts=7, x0=459378328
P2, tp=7, ts=7, x0=217165976, x1=915049420
P3, tp=7, ts=7, x0=282094763
P3, tp=7, ts=7, x0=883172188
P1, tp=7, ts=7, x0=31811907
P1, tp=7, ts=7, x0=924324086
P0, tp=7, ts=7
P2, tp=7, ts=7, x0=105960860, x1=806218387
P1, tp=7, ts=7, x0=380858942
P3, tp=7, ts=7, x0=738094658
P1, tp=7, ts=7, x0=619011997
P0, tp=7, ts=7
P0, tp=7, ts=7
P2, tp=7, ts=7, x0=806218387, x1=282094763
P3, tp=7, ts=7, x0=144104258
P0, tp=7, ts=7
P2, tp=7, ts=7, x0=155967104, x1=70844238
P3, tp=7, ts=7, x0=51786083
P0, tp=7, ts=7
P1, tp=7, ts=7, x0=106778167
P2, tp=7, ts=7, x0=886888726, x1=106778167
P0, tp=7, ts=7
P3, tp=7, ts=7, x0=591364332
P1, tp=7, ts=7, x0=339497191
P1, tp=7, ts=7, x0=107027143
P0, tp=7, ts=7
P0, tp=7, ts=7
P3, tp=7, ts=7, x0=828415473
P3, tp=7, ts=7, x0=377567995
P2, tp=7, ts=7, x0=806218387, x1=217165976
P2, tp=7, ts=7, x0=367568060, x1=591364332
P3, tp=7, ts=7, x0=613979073
P1, tp=7, ts=7, x0=367568060
P1, tp=7, ts=7, x0=282094763
P2, tp=7, ts=7, x0=806218387, x1=406842900
P0, tp=7, ts=7
P2, tp=7, ts=7, x0=617974819, x1=871415145
P1, tp=7, ts=7, x0=560973240
P3, tp=7, ts=7, x0=70844238
P2, tp=7, ts=7, x0=406842900, x1=501896445
P2, tp=7, ts=7, x0=709641777, x1=149134593
P3, tp=7, ts=7, x0=595369293
P1, tp=7, ts=7, x0=500383292
P2, tp=7, ts=7, x0=883172188, x1=885233413
P0, tp=7, ts=7
P3, tp=7, ts=7, x0=252022855
P3, tp=7, ts=7, x0=633522603
P0, tp=7, ts=7
P0, tp=7, ts=7
P3, tp=7, ts=7, x0=4169698
P2, tp=7, ts=7, x0=628190484, x1=513647090
P2, tp=7, ts=7, x0=105960860, x1=218292555
P2, tp=7, ts=7, x0=505708687, x1=935501997
P2, tp=7, ts=7, x0=886888726, x1=702625064
P0, tp=7, ts=7
P3, tp=7, ts=7, x0=693030564
P3, tp=7, ts=7, x0=625476605
P2, tp=7, ts=7, x0=834698196, x1=541793764
P3, tp=7, ts=7, x0=595369293
P1, tp=7, ts=7, x0=992498338
P0, tp=7, ts=7
P2, tp=7, ts=7, x0=406842900, x1=170124953
P3, tp=7, ts=7, x0=893893293
P3, tp=7, ts=7, x0=740482629
P3, tp=7, ts=7, x0=936007018
P1, tp=7, ts=7, x0=535143151
P3, tp=7, ts=7, x0=452790618
P0, tp=7, ts=7
P0, tp=7, ts=7
P3, tp=7, ts=7, x0=195915514
P2, tp=7, ts=7, x0=239002531, x1=904188454
P1, tp=7, ts=7, x0=217165976
P3, tp=7, ts=7, x0=598474596
P2, tp=7, ts=7, x0=598474596, x1=128228522
P1, tp=7, ts=7, x0=530343416
P3, tp=7, ts=7, x0=762680907
P0, tp=7, ts=7
P2, tp=7, ts=7, x0=736442075, x1=541793764
P1, tp=7, ts=7, x0=23511654
P0, tp=7, ts=7
P2, tp=7, ts=7, x0=282094763, x1=598474596
P1, tp=7, ts=7, x0=149134593
P3, tp=7, ts=7, x0=736442075
P1, tp=7, ts=7, x0=736203974
P3, tp=7, ts=7, x0=693030564
P0, tp=7, ts=7
P3, tp=7, ts=7, x0=105960860
P0, tp=7, ts=7
P2, tp=7, ts=7, x0=43237217, x1=633522603
P0, tp=7, ts=7
P1, tp=7, ts=7, x0=924324086
P1, tp=7, ts=7, x0=736442075
P3, tp=7, ts=7, x0=451407445
P2, tp=7, ts=7, x0=449304916, x1=871415145
P3, tp=7, ts=7, x0=693030564
P1, tp=7, ts=7, x0=530343416
P1, tp=7, ts=7, x0=334636178
P0, tp=7, ts=7
P2, tp=7, ts=7, x0=128228522, x1=149134593
P0, tp=7, ts=7
P2, tp=7, ts=7, x0=740989092, x1=617974819
P1, tp=7, ts=7, x0=431414394
P0, tp=7, ts=7
P3, tp=7, ts=7, x0=591364332
P2, tp=7, ts=7, x0=500383292, x1=377567995
P3, tp=7, ts=7, x0=886888726
P0, tp=7, ts=7
P1, tp=7, ts=7, x0=500383292
P1, tp=7, ts=7, x0=470452467
P3, tp=7, ts=7, x0=604560246
P1, tp=7, ts=7, x0=701446546
P1, tp=7, ts=7, x0=530343416
P2, tp=7, ts=7, x0=693030564, x1=43237217
P0, tp=7, ts=7
P2, tp=7, ts=7, x0=149134593, x1=70844238
P3, tp=7, ts=7, x0=177186927
P3, tp=7, ts=7, x0=924324086
P3, tp=7, ts=7, x0=625476605
P0, tp=7, ts=7
P1, tp=7, ts=7, x0=311077215
P3, tp=7, ts=7, x0=885233413
P2, tp=7, ts=7, x0=107027143, x1=23511654
P2, tp=7, ts=7, x0=559577864, x1=893893293
P3, tp=7, ts=7, x0=535143151
P1, tp=7, ts=7, x0=452790618
P2, tp=7, ts=7, x0=380858942, x1=149134593
P1, tp=7, ts=7, x0=568581665
P2, tp=7, ts=7, x0=185292178, x1=530343416
P1, tp=7, ts=7, x0=915049420
P0, tp=7, ts=7
P3, tp=7, ts=7, x0=828415473
P0, tp=7, ts=7
P3, tp=7, ts=7, x0=308137186
P2, tp=7, ts=7, x0=744792064, x1=568746433
P2, tp=7, ts=7, x0=177186927, x1=177186927
P1, tp=7, ts=7, x0=70844238
P2, tp=7, ts=7, x0=43237217, x1=4169698
P3, tp=7, ts=7, x0=247600319
P2, tp=7, ts=7, x0=500383292, x1=568581665
P1, tp=7, ts=7, x0=218292555
P1, tp=7, ts=7, x0=23511654
P2, tp=7, ts=7, x0=308137186, x1=893893293
P0, tp=7, ts=7
P0, tp=7, ts=7
P3, tp=7, ts=7, x0=217165976
P0, tp=7, ts=7
P1, tp=7, ts=7, x0=762680907
P0, tp=7, ts=7
P2, tp=7, ts=7, x0=527146384, x1=904188454
P3, tp=7, ts=7, x0=133165140
P1, tp=7, ts=7, x0=479414963
P0, tp=7, ts=7
P3, tp=7, ts=7, x0=155967104
P1, tp=7, ts=7, x0=282094763
P0, tp=7, ts=7
P2, tp=7, ts=7, x0=149134593, x1=604560246
P1, tp=7, ts=7, x0=269043948
P3, tp=7, ts=7, x0=513647090
P2, tp=7, ts=7, x0=535143151, x1=43237217
P3, tp=7, ts=7, x0=625476605
P0, tp=7, ts=7
P0, tp=7, ts=7
P3, tp=7, ts=7, x0=871415145
P3, tp=7, ts=7, x0=90521981
P2, tp=7, ts=7, x0=239002531, x1=568581665
P3, tp=7, ts=7, x0=431414394
P3, tp=7, ts=7, x0=572143154
P0, tp=7, ts=7
P0, tp=7, ts=7
P2, tp=7, ts=7, x0=936007018, x1=568581665
P3, tp=7, ts=7, x0=923048838
P2, tp=7, ts=7, x0=595369293, x1=227503296
P2, tp=7, ts=7, x0=613979073, x1=217165976
P1, tp=7, ts=7, x0=451407445
P1, tp=7, ts=7, x0=535143151
P3, tp=7, ts=7, x0=459378328
P1, tp=7, ts=7, x0=449880464
P2, tp=7, ts=7, x0=497549076, x1=105960860
P1, tp=7, ts=7, x0=94143331
P2, tp=7, ts=7, x0=311077215, x1=252022855
P2, tp=7, ts=7, x0=128228522, x1=181739991
P0, tp=7, ts=7
P1, tp=7, ts=7, x0=31811907
P1, tp=7, ts=7, x0=886888726
P0, tp=7, ts=7
P3, tp=7, ts=7, x0=31950599
P1, tp=7, ts=7, x0=217165976
P2, tp=7, ts=7, x0=155967104, x1=8537553
P3, tp=7, ts=7, x0=177186927
P0, tp=7, ts=7
P2, tp=7, ts=7, x0=452790618, x1=31811907
P3, tp=7, ts=7, x0=291760023
P1, tp=7, ts=7, x0=605766328
P2, tp=7, ts=7, x0=144043987, x1=527146384
P2, tp=7, ts=7, x0=91344904, x1=893893293
P1, tp=7, ts=7, x0=144104258
P0, tp=7, ts=7
P3, tp=7, ts=7, x0=217165976
P0, tp=7, ts=7
P3, tp=7, ts=7, x0=8537553
P2, tp=7, ts=7, x0=84760217, x1=4169698
P2, tp=7, ts=7, x0=105960860, x1=613979073
P1, tp=7, ts=7, x0=687599720
P2, tp=7, ts=7, x0=195915514, x1=575645881
P2, tp=7, ts=7, x0=367568060, x1=133165140
P3, tp=7, ts=7, x0=740482629
P3, tp=7, ts=7, x0=291760023
P3, tp=7, ts=7, x0=106778167
P1, tp=7, ts=7, x0=530343416
P3, tp=7, ts=7, x0=465994483
P3, tp=7, ts=7, x0=443786006
P2, tp=7, ts=7, x0=321037901, x1=431414394
P3, tp=7, ts=7, x0=144104258
P1, tp=7, ts=7, x0=740989092
P0, tp=7, ts=7
P1, tp=7, ts=7, x0=740989092
P1, tp=7, ts=7, x0=449304916
P3, tp=7, ts=7, x0=893893293
P0, tp=7, ts=7
P3, tp=7, ts=7, x0=367568060
P3, tp=7, ts=7, x0=740482629
P3, tp=7, ts=7, x0=893893293
P3, tp=7, ts=7, x0=380858942
P0, tp=7, ts=7
P0, tp=7, ts=7
P2, tp=7, ts=7, x0=568581665, x1=90521981
P1, tp=7, ts=7, x0=575645881
P3, tp=7, ts=7, x0=31811907
P2, tp=7, ts=7, x0=479414963, x1=606783974
P0, tp=7, ts=7
P2, tp=7, ts=7, x0=625476605, x1=484790675
P1, tp=7, ts=7, x0=762680907
P1, tp=7, ts=7, x0=91344904
P2, tp=7, ts=7, x0=541793764, x1=885233413
P0, tp=7, ts=7
P3, tp=7, ts=7, x0=687599720
P2, tp=7, ts=7, x0=84760217, x1=904188454
P0, tp=7, ts=7
P2, tp=7, ts=7, x0=144043987, x1=451407445
P1, tp=7, ts=7, x0=575645881
P0, tp=7, ts=7
P1, tp=7, ts=7, x0=541793764
P3, tp=7, ts=7, x0=380858942
P2, tp=7, ts=7, x0=885233413, x1=1641114
P0, tp=7, ts=7
P2, tp=7, ts=7, x0=628190484, x1=736203974
P0, tp=7, ts=7
P2, tp=7, ts=7, x0=31950599, x1=195915514
P2, tp=7, ts=7, x0=144043987, x1=128228522
P1, tp=7, ts=7, x0=736203974
P3, tp=7, ts=7, x0=483598698
P3, tp=7, ts=7, x0=380858942
P0, tp=7, ts=7
P3, tp=7, ts=7, x0=484790675
P0, tp=7, ts=7
P1, tp=7, ts=7, x0=527146384
P3, tp=7, ts=7, x0=650362771
P0, tp=7, ts=7
P1, tp=7, ts=7, x0=740482629
P2, tp=7, ts=7, x0=709641777, x1=31811907
P0, tp=7, ts=7
P1, tp=7, ts=7, x0=740482629
P0, tp=7, ts=7
P0, tp=7, ts=7
P2, tp=7, ts=7, x0=1641114, x1=470452467
P1, tp=7, ts=7, x0=334636178
P1, tp=7, ts=7, x0=31811907
P0, tp=7, ts=7
P2, tp=7, ts=7, x0=31950599, x1=291760023
P1, tp=7, ts=7, x0=431414394
P0, tp=7, ts=7
P3, tp=7, ts=7, x0=633522603
P1, tp=7, ts=7, x0=57653800
P0, tp=7, ts=7
P3, tp=7, ts=7, x0=451407445
P1, tp=7, ts=7, x0=530343416
P1, tp=7, ts=7, x0=8537553
P3, tp=7, ts=7, x0=8537553
P1, tp=7, ts=7, x0=734963543
P3, tp=7, ts=7, x0=52043129
P2, tp=7, ts=7, x0=740989092, x1=605766328
P3, tp=7, ts=7, x0=606783974
P2, tp=7, ts=7, x0=613979073, x1=572143154
P2, tp=7, ts=7, x0=155967104, x1=105960860
P0, tp=7, ts=7
P2, tp=7, ts=7, x0=963393648, x1=4169698
P1, tp=7, ts=7, x0=334636178
P0, tp=7, ts=7
P3, tp=7, ts=7, x0=252022855
P1, tp=7, ts=7, x0=451407445
P0, tp=7, ts=7
P1, tp=7, ts=7, x0=452790618
P2, tp=7, ts=7, x0=606783974, x1=625476605
P0, tp=7, ts=7
P0, tp=7, ts=7
P0, tp=7, ts=7
P2, tp=7, ts=7, x0=181739991, x1=149134593
P2, tp=7, ts=7, x0=291760023, x1=70844238
P1, tp=7, ts=7, x0=8537553
P3, tp=7, ts=7, x0=924324086
P1, tp=7, ts=7, x0=764184679
P0, tp=7, ts=7
P0, tp=7, ts=7
P3, tp=7, ts=7, x0=963393648
P3, tp=7, ts=7, x0=114064038
P3, tp=7, ts=7, x0=31811907
P0, tp=7, ts=7
P0, tp=7, ts=7
P2, tp=7, ts=7, x0=367814836, x1=500383292
P3, tp=7, ts=7, x0=451407445
P3, tp=7, ts=7, x0=105960860
P0, tp=7, ts=7
P0, tp=7, ts=7
P0, tp=7, ts=7
P0, tp=7, ts=7
P3, tp=7, ts=7, x0=709641777
P1, tp=7, ts=7, x0=650362771
P3, tp=7, ts=7, x0=604560246
P1, tp=7, ts=7, x0=883172188
P3, tp=7, ts=7, x0=881401427
P1, tp=7, ts=7, x0=898365340
P3, tp=7, ts=7, x0=443786006
P0, tp=7, ts=7
P1, tp=7, ts=7, x0=904188454
P0, tp=7, ts=7
P3, tp=7, ts=7, x0=449304916
P0, tp=7, ts=7
P2, tp=7, ts=7, x0=449880464, x1=595369293
P0, tp=7, ts=7
P3, tp=7, ts=7, x0=105960860
P3, tp=7, ts=7, x0=90521981
P2, tp=7, ts=7, x0=213655767, x1=527146384
P1, tp=7, ts=7, x0=154075157
P0, tp=7, ts=7
P3, tp=7, ts=7, x0=107111693
P3, tp=7, ts=7, x0=8537553
P0, tp=7, ts=7
P1, tp=7, ts=7, x0=617974819
P1, tp=7, ts=7, x0=247600319
P2, tp=7, ts=7, x0=591364332, x1=181739991
P0, tp=7, ts=7
P0, tp=7, ts=7
P3, tp=7, ts=7, x0=348201101
P1, tp=7, ts=7, x0=650362771
P1, tp=7, ts=7, x0=128228522
P0, tp=7, ts=7
P3, tp=7, ts=7, x0=380858942
P1, tp=7, ts=7, x0=377567995
P2, tp=7, ts=7, x0=572143154, x1=114064038
P3, tp=7, ts=7, x0=697693402
P3, tp=7, ts=7, x0=484790675
P2, tp=7, ts=7, x0=94143331, x1=484790675
P2, tp=7, ts=7, x0=559577864, x1=367568060
P2, tp=7, ts=7, x0=963393648, x1=497549076
P0, tp=7, ts=7
P3, tp=7, ts=7, x0=452790618
P0, tp=7, ts=7
P1, tp=7, ts=7, x0=348201101
P2, tp=7, ts=7, x0=321037901, x1=605766328
P2, tp=7, ts=7, x0=541793764, x1=107111693
P1, tp=7, ts=7, x0=701446546
P0, tp=7, ts=7
P2, tp=7, ts=7, x0=572143154, x1=521435522
P0, tp=7, ts=7
P1, tp=7, ts=7, x0=628190484
P3, tp=7, ts=7, x0=52043129
P3, tp=7, ts=7, x0=572143154
P1, tp=7, ts=7, x0=291760023
P3, tp=7, ts=7, x0=459470182
P2, tp=7, ts=7, x0=195915514, x1=483598698
P3, tp=7, ts=7, x0=269440805
P2, tp=7, ts=7, x0=247600319, x1=628190484
P2, tp=7, ts=7, x0=105960860, x1=613979073
P0, tp=7, ts=7
P2, tp=7, ts=7, x0=830294979, x1=217165976
P2, tp=7, ts=7, x0=84760217, x1=31950599
P2, tp=7, ts=7, x0=122088512, x1=105960860
P0, tp=7, ts=7
P0, tp=7, ts=7
P2, tp=7, ts=7, x0=560973240, x1=691364092
P3, tp=7, ts=7, x0=560973240
P3, tp=7, ts=7, x0=530343416
P3, tp=7, ts=7, x0=633522603
P1, tp=7, ts=7, x0=513647090
P2, tp=7, ts=7, x0=904188454, x1=830294979
P1, tp=7, ts=7, x0=687599720
P2, tp=7, ts=7, x0=936007018, x1=628190484
P0, tp=7, ts=7
P1, tp=7, ts=7, x0=885233413
P3, tp=7, ts=7, x0=31950599
P2, tp=7, ts=7, x0=16265941, x1=155967104
P0, tp=7, ts=7
P3, tp=7, ts=7, x0=697693402
P0, tp=7, ts=7
P2, tp=7, ts=7, x0=334636178, x1=605766328
P2, tp=7, ts=7, x0=483598698, x1=898365340
P2, tp=7, ts=7, x0=904188454, x1=122088512
P1, tp=7, ts=7, x0=122088512
P3, tp=7, ts=7, x0=650362771
P1, tp=7, ts=7, x0=830294979
P1, tp=7, ts=7, x0=497549076
P2, tp=7, ts=7, x0=617974819, x1=38162545
P1, tp=7, ts=7, x0=574472811
P1, tp=7, ts=7, x0=380858942
P0, tp=7, ts=7
P0, tp=7, ts=7
P3, tp=7, ts=7, x0=484790675
P3, tp=7, ts=7, x0=185292178
P0, tp=7, ts=7
P1, tp=7, ts=7, x0=449880464
P3, tp=7, ts=7, x0=4169698
P1, tp=7, ts=7, x0=154075157
P2, tp=7, ts=7, x0=213655767, x1=740482629
P0, tp=7, ts=7
P1, tp=7, ts=7, x0=181739991
P0, tp=7, ts=7
P0, tp=7, ts=7
P2, tp=7, ts=7, x0=883172188, x1=23511654
P3, tp=7, ts=7, x0=300701925
P3, tp=7, ts=7, x0=711815395
P2, tp=7, ts=7, x0=710640137, x1=625476605
P0, tp=7, ts=7
P2, tp=7, ts=7, x0=535143151, x1=449880464
P3, tp=7, ts=7, x0=530343416
P1, tp=7, ts=7, x0=247600319
P1, tp=7, ts=7, x0=321037901
P1, tp=7, ts=7, x0=711815395
P0, tp=7, ts=7
P2, tp=7, ts=7, x0=1641114, x1=893893293
P0, tp=7, ts=7
P3, tp=7, ts=7, x0=114543374
P3, tp=7, ts=7, x0=734963543
P2, tp=7, ts=7, x0=247600319, x1=185292178
P3, tp=7, ts=7, x0=740482629
P3, tp=7, ts=7, x0=431414394
P1, tp=7, ts=7, x0=711815395
P2, tp=7, ts=7, x0=52043129, x1=935501997
P0, tp=7, ts=7
P1, tp=7, ts=7, x0=935501997
P1, tp=7, ts=7, x0=84760217
P2, tp=7, ts=7, x0=691364092, x1=983436499
P1, tp=7, ts=7, x0=213655767
P3, tp=7, ts=7, x0=521435522
P3, tp=7, ts=7, x0=449304916
P0, tp=7, ts=7
P3, tp=7, ts=7, x0=710640137
P2, tp=7, ts=7, x0=586593153, x1=572143154
P3, tp=7, ts=7, x0=1641114
P3, tp=7, ts=7, x0=881401427
P2, tp=7, ts=7, x0=628190484, x1=114064038
P3, tp=7, ts=7, x0=830294979
P3, tp=7, ts=7, x0=155967104
P3, tp=7, ts=7, x0=344138838
P2, tp=7, ts=7, x0=764184679, x1=926127956
P3, tp=7, ts=7, x0=691364092
P2, tp=7, ts=7, x0=701446546, x1=377567995
P3, tp=7, ts=7, x0=625476605
P1, tp=7, ts=7, x0=348201101
P2, tp=7, ts=7, x0=36811890, x1=452790618
P3, tp=7, ts=7, x0=904188454
P3, tp=7, ts=7, x0=568581665
P1, tp=7, ts=7, x0=633522603
P0, tp=7, ts=7
P2, tp=7, ts=7, x0=650362771, x1=465994483
P1, tp=7, ts=7, x0=483598698
P1, tp=7, ts=7, x0=586593153
P1, tp=7, ts=7, x0=348201101
P3, tp=7, ts=7, x0=924324086
P0, tp=7, ts=7
P2, tp=7, ts=7, x0=459470182, x1=963393648
P1, tp=7, ts=7, x0=535143151
P3, tp=7, ts=7, x0=157547610
P0, tp=7, ts=7
P2, tp=7, ts=7, x0=38162545, x1=311077215
P0, tp=7, ts=7
P1, tp=7, ts=7, x0=483598698
P0, tp=7, ts=7
P2, tp=7, ts=7, x0=598474596, x1=420958464
P0, tp=7, ts=7
P2, tp=7, ts=7, x0=734963543, x1=834698196
P1, tp=7, ts=7, x0=613979073
P2, tp=7, ts=7, x0=758642448, x1=157547610
P0, tp=7, ts=7
P1, tp=7, ts=7, x0=300701925
P3, tp=7, ts=7, x0=300701925
P3, tp=7, ts=7, x0=84760217
P2, tp=7, ts=7, x0=181739991, x1=575645881
P1, tp=7, ts=7, x0=133165140
P0, tp=7, ts=7
P0, tp=7, ts=7
P1, tp=7, ts=7, x0=701446546
P0, tp=7, ts=7
P0, tp=7, ts=7
P3, tp=7, ts=7, x0=449304916
P1, tp=7, ts=7, x0=452790618
P0, tp=7, ts=7
P3, tp=7, ts=7, x0=380858942
P1, tp=7, ts=7, x0=449880464
P0, tp=7, ts=7
P0, tp=7, ts=7
P0, tp=7, ts=7
P2, tp=7, ts=7, x0=697693402, x1=4169698
P2, tp=7, ts=7, x0=133165140, x1=52043129
P0, tp=7, ts=7
P2, tp=7, ts=7, x0=420958464, x1=431414394
P2, tp=7, ts=7, x0=157547610, x1=107027143
P2, tp=7, ts=7, x0=31950599, x1=291760023
P3, tp=7, ts=7, x0=68732922
P1, tp=7, ts=7, x0=834698196
P0, tp=7, ts=7
P0, tp=7, ts=7
P3, tp=7, ts=7, x0=834698196
P1, tp=7, ts=7, x0=904188454
P2, tp=7, ts=7, x0=420958464, x1=348201101
P0, tp=7, ts=7
P3, tp=7, ts=7, x0=758642448
P1, tp=7, ts=7, x0=530343416
P2, tp=7, ts=7, x0=459470182, x1=427527394
P1, tp=7, ts=7, x0=52043129
P3, tp=7, ts=7, x0=500383292
P1, tp=7, ts=7, x0=155967104
P2, tp=7, ts=7, x0=339642720, x1=449880464
P2, tp=7, ts=7, x0=38162545, x1=227503296
P3, tp=7, ts=7, x0=893893293
P1, tp=7, ts=7, x0=68732922
P2, tp=7, ts=7, x0=195915514, x1=568581665
P3, tp=7, ts=7, x0=924324086
P1, tp=7, ts=7, x0=181739991
P0, tp=7, ts=7
P1, tp=7, ts=7, x0=155967104
P0, tp=7, ts=7
P2, tp=7, ts=7, x0=560973240, x1=431414394
P2, tp=7, ts=7, x0=935501997, x1=924324086
P3, tp=7, ts=7, x0=935501997
P1, tp=7, ts=7, x0=4169698
P1, tp=7, ts=7, x0=983436499
P2, tp=7, ts=7, x0=183427998, x1=107027143
P0, tp=7, ts=7
P1, tp=7, ts=7, x0=904188454
P0, tp=7, ts=7
P0, tp=7, ts=7
P0, tp=7, ts=7
P0, tp=7, ts=7
P3, tp=7, ts=7, x0=300701925
P0, tp=7, ts=7
P3, tp=7, ts=7, x0=983436499
P3, tp=7, ts=7, x0=530343416
P2, tp=7, ts=7, x0=740482629, x1=710640137
P2, tp=7, ts=7, x0=710640137, x1=291760023
P3, tp=7, ts=7, x0=107027143
P2, tp=7, ts=7, x0=189440773, x1=431414394
P0, tp=7, ts=7
P1, tp=7, ts=7, x0=311077215
P1, tp=7, ts=7, x0=648931437
P2, tp=7, ts=7, x0=963393648, x1=483598698
P1, tp=7, ts=7, x0=308137186
P2, tp=7, ts=7, x0=23511654, x1=695213184
P0, tp=7, ts=7
P2, tp=7, ts=7, x0=300701925, x1=90521981
P3, tp=7, ts=7, x0=465994483
P2, tp=7, ts=7, x0=904188454, x1=52043129
P1, tp=7, ts=7, x0=377567995
P0, tp=7, ts=7
P2, tp=7, ts=7, x0=834698196, x1=144104258
P1, tp=7, ts=7, x0=105960860
P2, tp=7, ts=7, x0=105960860, x1=574472811
P3, tp=7, ts=7, x0=758642448
P2, tp=7, ts=7, x0=648931437, x1=122088512
P3, tp=7, ts=7, x0=479414963
P1, tp=7, ts=7, x0=157547610
P0, tp=7, ts=7
P3, tp=7, ts=7, x0=114064038
P0, tp=7, ts=7
P1, tp=7, ts=7, x0=112895561
P2, tp=7, ts=7, x0=574472811, x1=154075157
P1, tp=7, ts=7, x0=701446546
P0, tp=7, ts=7
P0, tp=7, ts=7
P2, tp=7, ts=7, x0=697693402, x1=734963543
P3, tp=7, ts=7, x0=758642448
P0, tp=7, ts=7
P2, tp=7, ts=7, x0=477616538, x1=613979073
P2, tp=7, ts=7, x0=377567995, x1=521435522
P3, tp=7, ts=7, x0=764184679
P2, tp=7, ts=7, x0=535143151, x1=122088512
P2, tp=7, ts=7, x0=758642448, x1=459470182
P0, tp=7, ts=7
P3, tp=7, ts=7, x0=367568060
P0, tp=7, ts=7
P0, tp=7, ts=7
P2, tp=7, ts=7, x0=881401427, x1=291760023
P0, tp=7, ts=7
P1, tp=7, ts=7, x0=568581665
P3, tp=7, ts=7, x0=311077215
P1, tp=7, ts=7, x0=740482629
P1, tp=7, ts=7, x0=604560246
P3, tp=7, ts=7, x0=926127956
P0, tp=7, ts=7
P0, tp=7, ts=7
P2, tp=7, ts=7, x0=691364092, x1=617974819
P1, tp=7, ts=7, x0=144104258
P0, tp=7, ts=7
P2, tp=7, ts=7, x0=710640137, x1=898365340
P3, tp=7, ts=7, x0=935501997
P3, tp=7, ts=7, x0=762680907
P1, tp=7, ts=7, x0=936007018
P2, tp=7, ts=7, x0=319087073, x1=701446546
P3, tp=7, ts=7, x0=711815395
P2, tp=7, ts=7, x0=983436499, x1=936007018
P2, tp=7, ts=7, x0=734963543, x1=154075157
P2, tp=7, ts=7, x0=926127956, x1=898365340
P0, tp=7, ts=7
P2, tp=7, ts=7, x0=575645881, x1=380858942
P1, tp=7, ts=7, x0=449304916
P2, tp=7, ts=7, x0=181739991, x1=983436499
P1, tp=7, ts=7, x0=154075157
P3, tp=7, ts=7, x0=497549076
P2, tp=7, ts=7, x0=377567995, x1=697693402
P3, tp=7, ts=7, x0=575645881
P2, tp=7, ts=7, x0=114064038, x1=367568060
P0, tp=7, ts=7
P2, tp=7, ts=7, x0=183427998, x1=114543374
P1, tp=7, ts=7, x0=36811890
P1, tp=7, ts=7, x0=154075157
P2, tp=7, ts=7, x0=181739991, x1=112895561
P2, tp=7, ts=7, x0=443786006, x1=157547610
P2, tp=7, ts=7, x0=381554859, x1=269043948
P3, tp=7, ts=7, x0=317625599
P2, tp=7, ts=7, x0=465994483, x1=36811890
P2, tp=7, ts=7, x0=122088512, x1=617974819
P3, tp=7, ts=7, x0=381554859
P3, tp=7, ts=7, x0=112895561
P2, tp=7, ts=7, x0=598474596, x1=605766328
P1, tp=7, ts=7, x0=348970867
P2, tp=7, ts=7, x0=431414394, x1=227503296
P3, tp=7, ts=7, x0=38162545
P1, tp=7, ts=7, x0=604560246
P2, tp=7, ts=7, x0=367814836, x1=144043987
P2, tp=7, ts=7, x0=133165140, x1=935501997
P3, tp=7, ts=7, x0=247600319
P1, tp=7, ts=7, x0=687599720
P3, tp=7, ts=7, x0=527146384
P2, tp=7, ts=7, x0=38162545, x1=710640137
P0, tp=7, ts=7
P2, tp=7, ts=7, x0=605766328, x1=4169698
P2, tp=7, ts=7, x0=740482629, x1=144043987
P0, tp=7, ts=7
P3, tp=7, ts=7, x0=350833544
P1, tp=7, ts=7, x0=377567995
P0, tp=7, ts=7
P3, tp=7, ts=7, x0=449304916
P1, tp=7, ts=7, x0=133165140
P1, tp=7, ts=7, x0=572143154
P0, tp=7, ts=7
P0, tp=7, ts=7
P2, tp=7, ts=7, x0=181739991, x1=830294979
P3, tp=7, ts=7, x0=926127956
P0, tp=7, ts=7
P0, tp=7, ts=7
P0, tp=7, ts=7
P3, tp=7, ts=7, x0=431414394
P2, tp=7, ts=7, x0=834698196, x1=794267754
P2, tp=7, ts=7, x0=158719929, x1=500845362
P3, tp=7, ts=7, x0=52043129
P1, tp=7, ts=7, x0=7717077
P1, tp=7, ts=7, x0=114064038
P2, tp=7, ts=7, x0=84760217, x1=319087073
P2, tp=7, ts=7, x0=605766328, x1=42634425
P0, tp=7, ts=7
P0, tp=7, ts=7
P3, tp=7, ts=7, x0=420958464
P2, tp=7, ts=7, x0=786554127, x1=711815395
P2, tp=7, ts=7, x0=114064038, x1=449880464
P0, tp=7, ts=7
P3, tp=7, ts=7, x0=479414963
P1, tp=7, ts=7, x0=158719929
P1, tp=7, ts=7, x0=697693402
P3, tp=7, ts=7, x0=114543374
P1, tp=7, ts=7, x0=4169698
P3, tp=7, ts=7, x0=250892749
P3, tp=7, ts=7, x0=269440805
P3, tp=7, ts=7, x0=755129506
P3, tp=7, ts=7, x0=431414394
P2, tp=7, ts=7, x0=762680907, x1=449304916
P0, tp=7, ts=7
P1, tp=7, ts=7, x0=983436499
P0, tp=7, ts=7
P0, tp=7, ts=7
P2, tp=7, ts=7, x0=36811890, x1=881401427
P2, tp=7, ts=7, x0=42634425, x1=250892749
P0, tp=7, ts=7
P0, tp=7, ts=7
P0, tp=7, ts=7
P3, tp=7, ts=7, x0=483598698
P2, tp=7, ts=7, x0=521435522, x1=344138838
P0, tp=7, ts=7
P2, tp=7, ts=7, x0=265819506, x1=755129506
P3, tp=7, ts=7, x0=734963543
P0, tp=7, ts=7
P0, tp=7, ts=7
P2, tp=7, ts=7, x0=114064038, x1=598474596
P2, tp=7, ts=7, x0=762680907, x1=185292178
P3, tp=7, ts=7, x0=144104258
P0, tp=7, ts=7
P1, tp=7, ts=7, x0=350833544
P1, tp=7, ts=7, x0=575645881
P2, tp=7, ts=7, x0=157547610, x1=764184679
P1, tp=7, ts=7, x0=339642720
P0, tp=7, ts=7
P1, tp=7, ts=7, x0=247600319
P3, tp=7, ts=7, x0=786554127
P2, tp=7, ts=7, x0=568746433, x1=702894713
P1, tp=7, ts=7, x0=568746433
P0, tp=7, ts=7
P3, tp=7, ts=7, x0=613979073
P3, tp=7, ts=7, x0=348201101
P3, tp=7, ts=7, x0=112895561
P3, tp=7, ts=7, x0=311077215
P0, tp=7, ts=7
P1, tp=7, ts=7, x0=762680907
P1, tp=7, ts=7, x0=500383292
P3, tp=7, ts=7, x0=344138838
P2, tp=7, ts=7, x0=598474596, x1=183427998
P2, tp=7, ts=7, x0=504485040, x1=504485040
P0, tp=7, ts=7
P3, tp=7, ts=7, x0=265819506
P0, tp=7, ts=7
P0, tp=7, ts=7
P1, tp=7, ts=7, x0=606783974
P3, tp=7, ts=7, x0=527146384
P1, tp=7, ts=7, x0=627375426
P2, tp=7, ts=7, x0=650362771, x1=427527394
P3, tp=7, ts=7, x0=122088512
P2, tp=7, ts=7, x0=695213184, x1=31950599
P1, tp=7, ts=7, x0=36811890
P0, tp=7, ts=7
P1, tp=7, ts=7, x0=734963543
P3, tp=7, ts=7, x0=157547610
P3, tp=7, ts=7, x0=734963543
P1, tp=7, ts=7, x0=4169698
P3, tp=7, ts=7, x0=114064038
P3, tp=7, ts=7, x0=133165140
P3, tp=7, ts=7, x0=114543374
P2, tp=7, ts=7, x0=291760023, x1=114064038
P1, tp=7, ts=7, x0=648931437
P3, tp=7, ts=7, x0=269440805
P1, tp=7, ts=7, x0=144104258
P3, tp=7, ts=7, x0=459470182
P0, tp=7, ts=7
P3, tp=7, ts=7, x0=604560246
P3, tp=7, ts=7, x0=311077215
P2, tp=7, ts=7, x0=517025485, x1=568746433
P2, tp=7, ts=7, x0=898365340, x1=617974819
P1, tp=7, ts=7, x0=659197931
P2, tp=7, ts=7, x0=963393648, x1=344138838
P1, tp=7, ts=7, x0=367814836
P1, tp=7, ts=7, x0=500383292
P1, tp=7, ts=7, x0=535143151
P2, tp=7, ts=7, x0=758642448, x1=319087073
P2, tp=7, ts=7, x0=963393648, x1=714780081
P3, tp=7, ts=7, x0=484790675
P3, tp=7, ts=7, x0=183427998
P1, tp=7, ts=7, x0=367814836
P2, tp=7, ts=7, x0=144104258, x1=687599720
P1, tp=7, ts=7, x0=449304916
P3, tp=7, ts=7, x0=52043129
P1, tp=7, ts=7, x0=924324086
P0, tp=7, ts=7
P1, tp=7, ts=7, x0=158719929
P3, tp=7, ts=7, x0=794267754
P1, tp=7, ts=7, x0=521435522
P0, tp=7, ts=7
P0, tp=7, ts=7
P0, tp=7, ts=7
P1, tp=7, ts=7, x0=183427998
P1, tp=7, ts=7, x0=311077215
P2, tp=7, ts=7, x0=189440773, x1=144043987
P1, tp=7, ts=7, x0=381554859
P3, tp=7, ts=7, x0=317625599
P2, tp=7, ts=7, x0=500383292, x1=114064038
P2, tp=7, ts=7, x0=924324086, x1=983436499
P1, tp=7, ts=7, x0=427527394
P3, tp=7, ts=7, x0=317625599
P1, tp=7, ts=7, x0=691364092
P3, tp=7, ts=7, x0=375871556
P1, tp=7, ts=7, x0=339642720
P1, tp=7, ts=7, x0=605766328
P3, tp=7, ts=7, x0=702894713
P0, tp=7, ts=7
P3, tp=7, ts=7, x0=575645881
P2, tp=7, ts=7, x0=183427998, x1=265819506
P2, tp=7, ts=7, x0=42634425, x1=157547610
P3, tp=7, ts=7, x0=31950599
P0, tp=7, ts=7
P2, tp=7, ts=7, x0=348970867, x1=695213184
P3, tp=7, ts=7, x0=133165140
P1, tp=7, ts=7, x0=427527394
P3, tp=7, ts=7, x0=809815384
P1, tp=7, ts=7, x0=185292178
P1, tp=7, ts=7, x0=420958464
P1, tp=7, ts=7, x0=648931437
P0, tp=7, ts=7
P3, tp=7, ts=7, x0=586593153
P1, tp=7, ts=7, x0=158719929
P2, tp=7, ts=7, x0=702894713, x1=568746433
P0, tp=7, ts=7
P2, tp=7, ts=7, x0=38162545, x1=86150724
P2, tp=7, ts=7, x0=122088512, x1=449304916
P2, tp=7, ts=7, x0=4169698, x1=114543374
P2, tp=7, ts=7, x0=517025485, x1=627375426
P2, tp=7, ts=7, x0=348201101, x1=497549076
P3, tp=7, ts=7, x0=809815384
P1, tp=7, ts=7, x0=497549076
P1, tp=7, ts=7, x0=497549076
P3, tp=8, ts=8, x0=500383292
P0, tp=8, ts=8
P2, tp=8, ts=8, x0=375871556, x1=265819506
P0, tp=8, ts=8
P3, tp=8, ts=8, x0=4169698
P1, tp=8, ts=8, x0=586593153
P1, tp=8, ts=8, x0=691364092
P0, tp=8, ts=8
P0, tp=8, ts=8
P1, tp=8, ts=8, x0=52043129
P0, tp=8, ts=8
P3, tp=8, ts=8, x0=291760023
P0, tp=8, ts=8
P3, tp=8, ts=8, x0=691364092
P3, tp=8, ts=8, x0=500845362
P3, tp=8, ts=8, x0=183427998
P2, tp=8, ts=8, x0=498248164, x1=4169698
P1, tp=8, ts=8, x0=42634425
P2, tp=8, ts=8, x0=711815395, x1=449880464
P3, tp=8, ts=8, x0=613979073
P2, tp=8, ts=8, x0=269440805, x1=969430043
P1, tp=8, ts=8, x0=574472811
P3, tp=8, ts=8, x0=444542848
P2, tp=8, ts=8, x0=521435522, x1=317625599
P1, tp=8, ts=8, x0=157547610
P0, tp=8, ts=8
P2, tp=8, ts=8, x0=479414963, x1=144043987
P3, tp=8, ts=8, x0=881401427
P2, tp=8, ts=8, x0=122088512, x1=350833544
P1, tp=8, ts=8, x0=479414963
P3, tp=8, ts=8, x0=714780081
P1, tp=8, ts=8, x0=898365340
P3, tp=8, ts=8, x0=42634425
P0, tp=8, ts=8
P2, tp=8, ts=8, x0=31950599, x1=86150724
P3, tp=8, ts=8, x0=31950599
P1, tp=8, ts=8, x0=714780081
P2, tp=8, ts=8, x0=327291409, x1=367814836
P0, tp=8, ts=8
P0, tp=8, ts=8
P3, tp=8, ts=8, x0=926127956
P0, tp=8, ts=8
P1, tp=8, ts=8, x0=755129506
P3, tp=8, ts=8, x0=497549076
P3, tp=8, ts=8, x0=504485040
P3, tp=8, ts=8, x0=772985227
P3, tp=8, ts=8, x0=90521981
P1, tp=8, ts=8, x0=133165140
P2, tp=8, ts=8, x0=898365340, x1=530343416
P2, tp=8, ts=8, x0=269440805, x1=52043129
P1, tp=8, ts=8, x0=348970867
P0, tp=8, ts=8
P0, tp=8, ts=8
P1, tp=8, ts=8, x0=711815395
P2, tp=8, ts=8, x0=420958464, x1=7717077
P2, tp=8, ts=8, x0=834698196, x1=133165140
P2, tp=8, ts=8, x0=762680907, x1=710935671
P3, tp=8, ts=8, x0=527146384
P1, tp=8, ts=8, x0=418512554
P0, tp=8, ts=8
P1, tp=8, ts=8, x0=648931437
P0, tp=8, ts=8
P3, tp=8, ts=8, x0=969430043
P0, tp=8, ts=8
P3, tp=8, ts=8, x0=889426579
P0, tp=8, ts=8
P1, tp=8, ts=8, x0=319087073
P1, tp=8, ts=8, x0=7717077
P0, tp=8, ts=8
P2, tp=8, ts=8, x0=881401427, x1=969430043
P3, tp=8, ts=8, x0=659197931
P3, tp=8, ts=8, x0=574472811
P3, tp=8, ts=8, x0=612746923
P0, tp=8, ts=8
P0, tp=8, ts=8
P3, tp=8, ts=8, x0=250892749
P1, tp=8, ts=8, x0=535143151
P0, tp=8, ts=8
P2, tp=8, ts=8, x0=459470182, x1=648931437
P1, tp=8, ts=8, x0=586593153
P2, tp=8, ts=8, x0=317625599, x1=500383292
P2, tp=8, ts=8, x0=695213184, x1=265819506
P3, tp=8, ts=8, x0=265819506
P2, tp=8, ts=8, x0=606783974, x1=42634425
P3, tp=8, ts=8, x0=122088512
P0, tp=8, ts=8
P1, tp=8, ts=8, x0=714780081
P1, tp=8, ts=8, x0=627375426
P3, tp=8, ts=8, x0=319087073
P3, tp=8, ts=8, x0=681764332
P1, tp=8, ts=8, x0=758642448
P0, tp=8, ts=8
P1, tp=8, ts=8, x0=734963543
P2, tp=8, ts=8, x0=52043129, x1=92398571
P2, tp=8, ts=8, x0=752075541, x1=168980624
P1, tp=8, ts=8, x0=86150724
P0, tp=8, ts=8
P1, tp=8, ts=8, x0=586593153
P2, tp=8, ts=8, x0=659197931, x1=504485040
P0, tp=8, ts=8
P0, tp=8, ts=8
P0, tp=8, ts=8
P3, tp=8, ts=8, x0=31950599
P0, tp=8, ts=8
P0, tp=8, ts=8
P3, tp=8, ts=8, x0=187498055
P2, tp=8, ts=8, x0=695213184, x1=187498055
P1, tp=8, ts=8, x0=114543374
P0, tp=8, ts=8
P2, tp=8, ts=8, x0=187498055, x1=659197931
P1, tp=8, ts=8, x0=350833544
P3, tp=8, ts=8, x0=881401427
P0, tp=8, ts=8
P3, tp=8, ts=8, x0=427527394
P0, tp=8, ts=8
P3, tp=8, ts=8, x0=650362771
P1, tp=8, ts=8, x0=185292178
P3, tp=8, ts=8, x0=574008414
P3, tp=8, ts=8, x0=517025485
P0, tp=8, ts=8
P0, tp=8, ts=8
P3, tp=8, ts=8, x0=300701925
P3, tp=8, ts=8, x0=443786006
P0, tp=8, ts=8
P2, tp=8, ts=8, x0=68732922, x1=112895561
P1, tp=8, ts=8, x0=963393648
P1, tp=8, ts=8, x0=339642720
P0, tp=8, ts=8
P0, tp=8, ts=8
P3, tp=8, ts=8, x0=449880464
P1, tp=8, ts=8, x0=896711618
P3, tp=8, ts=8, x0=734963543
P1, tp=8, ts=8, x0=896711618
P2, tp=8, ts=8, x0=227503296, x1=265819506
P0, tp=8, ts=8
P3, tp=8, ts=8, x0=247600319
P2, tp=8, ts=8, x0=710935671, x1=740736543
P3, tp=8, ts=8, x0=370564003
P0, tp=8, ts=8
P0, tp=8, ts=8
P1, tp=8, ts=8, x0=714780081
P2, tp=8, ts=8, x0=752075541, x1=659197931
P1, tp=8, ts=8, x0=168980624
P3, tp=8, ts=8, x0=830294979
P0, tp=8, ts=8
P3, tp=8, ts=8, x0=227503296
P3, tp=8, ts=8, x0=332550878
P1, tp=8, ts=8, x0=68732922
P0, tp=8, ts=8
P0, tp=8, ts=8
P0, tp=8, ts=8
P3, tp=8, ts=8, x0=157547610
P0, tp=8, ts=8
P0, tp=8, ts=8
P2, tp=8, ts=8, x0=68732922, x1=350833544
P0, tp=8, ts=8
P3, tp=8, ts=8, x0=710935671
P3, tp=8, ts=8, x0=691364092
P3, tp=8, ts=8, x0=114543374
P2, tp=8, ts=8, x0=612746923, x1=648931437
P1, tp=8, ts=8, x0=168980624
P2, tp=8, ts=8, x0=420958464, x1=765811245
P3, tp=8, ts=8, x0=772985227
P3, tp=8, ts=8, x0=586593153
P3, tp=8, ts=8, x0=616494935
P2, tp=8, ts=8, x0=697693402, x1=504485040
P1, tp=8, ts=8, x0=527146384
P3, tp=8, ts=8, x0=327291409
P1, tp=8, ts=8, x0=711815395
P1, tp=8, ts=8, x0=527146384
P3, tp=8, ts=8, x0=114064038
P1, tp=8, ts=8, x0=711815395
P0, tp=8, ts=8
P0, tp=8, ts=8
P0, tp=8, ts=8
P3, tp=8, ts=8, x0=497549076
P2, tp=8, ts=8, x0=734963543, x1=711815395
P0, tp=8, ts=8
P1, tp=8, ts=8, x0=606783974
P2, tp=8, ts=8, x0=648931437, x1=300701925
P2, tp=8, ts=8, x0=500845362, x1=418512554
P1, tp=8, ts=8, x0=889426579
P3, tp=8, ts=8, x0=498248164
P1, tp=8, ts=8, x0=157547610
P0, tp=8, ts=8
P2, tp=8, ts=8, x0=332550878, x1=648931437
P2, tp=8, ts=8, x0=133165140, x1=375871556
P0, tp=8, ts=8
P2, tp=8, ts=8, x0=691364092, x1=187498055
P2, tp=8, ts=8, x0=329515871, x1=772985227
P2, tp=8, ts=8, x0=227503296, x1=517025485
P2, tp=8, ts=8, x0=144043987, x1=586593153
P3, tp=8, ts=8, x0=896711618
P3, tp=8, ts=8, x0=157547610
P0, tp=8, ts=8
P0, tp=8, ts=8
P0, tp=8, ts=8
P3, tp=8, ts=8, x0=710640137
P0, tp=8, ts=8
P0, tp=8, ts=8
P2, tp=8, ts=8, x0=269043948, x1=574008414
P3, tp=8, ts=8, x0=344138838
P1, tp=8, ts=8, x0=484790675
P0, tp=8, ts=8
P0, tp=8, ts=8
P0, tp=8, ts=8
P2, tp=8, ts=8, x0=350833544, x1=648931437
P0, tp=8, ts=8
P1, tp=8, ts=8, x0=265819506
P2, tp=8, ts=8, x0=575645881, x1=772985227
P2, tp=8, ts=8, x0=734963543, x1=969430043
P2, tp=8, ts=8, x0=329515871, x1=42634425
P2, tp=8, ts=8, x0=154075157, x1=92398571
P1, tp=8, ts=8, x0=480377009
P1, tp=8, ts=8, x0=752075541
P0, tp=8, ts=8
P2, tp=8, ts=8, x0=572270637, x1=896711618
P3, tp=8, ts=8, x0=500845362
P1, tp=8, ts=8, x0=710640137
P2, tp=8, ts=8, x0=92398571, x1=370564003
P3, tp=8, ts=8, x0=7717077
P0, tp=8, ts=8
P3, tp=8, ts=8, x0=963393648
P0, tp=8, ts=8
P2, tp=8, ts=8, x0=227503296, x1=68732922
P3, tp=8, ts=8, x0=90521981
P2, tp=8, ts=8, x0=418512554, x1=168980624
P0, tp=8, ts=8
P1, tp=8, ts=8, x0=300701925
P1, tp=8, ts=8, x0=606783974
P1, tp=8, ts=8, x0=7717077
P1, tp=8, ts=8, x0=319087073
P3, tp=8, ts=8, x0=319087073
P2, tp=8, ts=8, x0=114064038, x1=505076929
P2, tp=8, ts=8, x0=480377009, x1=367814836
P3, tp=8, ts=8, x0=697693402
P0, tp=8, ts=8
P0, tp=8, ts=8
P0, tp=8, ts=8
P3, tp=8, ts=8, x0=758642448
P0, tp=8, ts=8
P3, tp=8, ts=8, x0=375871556
P2, tp=8, ts=8, x0=38162545, x1=714780081
P2, tp=8, ts=8, x0=648931437, x1=227503296
P1, tp=8, ts=8, x0=695213184
P3, tp=8, ts=8, x0=710640137
P1, tp=8, ts=8, x0=656084837
P3, tp=8, ts=8, x0=714780081
P2, tp=8, ts=8, x0=605766328, x1=710640137
P3, tp=8, ts=8, x0=612746923
P1, tp=8, ts=8, x0=734963543
P1, tp=8, ts=8, x0=381554859
P1, tp=8, ts=8, x0=861201589
P3, tp=8, ts=8, x0=36811890
P3, tp=8, ts=8, x0=835461326
P0, tp=8, ts=8
P2, tp=8, ts=8, x0=861201589, x1=250892749
P3, tp=8, ts=8, x0=951706554
P2, tp=8, ts=8, x0=7717077, x1=189440773
P1, tp=8, ts=8, x0=168980624
P3, tp=8, ts=8, x0=42634425
P2, tp=8, ts=8, x0=606783974, x1=265819506
P3, tp=8, ts=8, x0=484790675
P1, tp=8, ts=8, x0=189440773
P3, tp=8, ts=8, x0=350833544
P0, tp=8, ts=8
P2, tp=8, ts=8, x0=710935671, x1=122088512
P2, tp=8, ts=8, x0=300701925, x1=114064038
P0, tp=8, ts=8
P2, tp=8, ts=8, x0=605766328, x1=616494935
P3, tp=8, ts=8, x0=137995652
P2, tp=8, ts=8, x0=835461326, x1=691364092
P0, tp=8, ts=8
P1, tp=8, ts=8, x0=734963543
P2, tp=8, ts=8, x0=327291409, x1=827760083
P3, tp=8, ts=8, x0=521435522
P3, tp=8, ts=8, x0=616494935
P3, tp=8, ts=8, x0=711815395
P0, tp=8, ts=8
P0, tp=8, ts=8
P2, tp=8, ts=8, x0=861201589, x1=976008645
P2, tp=8, ts=8, x0=695213184, x1=595090153
P0, tp=8, ts=8
P0, tp=8, ts=8
P1, tp=8, ts=8, x0=574008414
P2, tp=8, ts=8, x0=695213184, x1=68732922
P0, tp=8, ts=8
P2, tp=8, ts=8, x0=269440805, x1=752075541
P0, tp=8, ts=8
P2, tp=8, ts=8, x0=786554127, x1=937242680
P3, tp=8, ts=8, x0=574472811
P0, tp=8, ts=8
P2, tp=8, ts=8, x0=348970867, x1=710935671
P0, tp=8, ts=8
P0, tp=8, ts=8
P2, tp=8, ts=8, x0=969430043, x1=830294979
P0, tp=8, ts=8
P1, tp=8, ts=8, x0=36811890
P2, tp=8, ts=8, x0=381554859, x1=606783974
P0, tp=8, ts=8
P3, tp=8, ts=8, x0=889426579
P3, tp=8, ts=8, x0=367814836
P1, tp=8, ts=8, x0=68732922
P0, tp=8, ts=8
P3, tp=8, ts=8, x0=711815395
P0, tp=8, ts=8
P0, tp=8, ts=8
P0, tp=8, ts=8
P2, tp=8, ts=8, x0=951706554, x1=68732922
P2, tp=8, ts=8, x0=114543374, x1=697693402
P3, tp=8, ts=8, x0=38162545
P1, tp=8, ts=8, x0=86150724
P3, tp=8, ts=8, x0=163410501
P2, tp=8, ts=8, x0=695213184, x1=758642448
P2, tp=8, ts=8, x0=898365340, x1=498248164
P2, tp=8, ts=8, x0=606783974, x1=898365340
P0, tp=8, ts=8
P0, tp=8, ts=8
P3, tp=8, ts=8, x0=317625599
P1, tp=8, ts=8, x0=574008414
P0, tp=8, ts=8
P3, tp=8, ts=8, x0=348970867
P0, tp=8, ts=8
P0, tp=8, ts=8
P2, tp=8, ts=8, x0=477616538, x1=339642720
P2, tp=8, ts=8, x0=42634425, x1=710640137
P3, tp=8, ts=8, x0=595090153
P1, tp=8, ts=8, x0=250892749
P0, tp=8, ts=8
P3, tp=8, ts=8, x0=36811890
P2, tp=8, ts=8, x0=157547610, x1=794267754
P2, tp=8, ts=8, x0=112895561, x1=786554127
P3, tp=8, ts=8, x0=348970867
P0, tp=8, ts=8
P3, tp=8, ts=8, x0=350833544
P3, tp=8, ts=8, x0=444542848
P1, tp=8, ts=8, x0=381554859
P3, tp=8, ts=8, x0=158719929
P0, tp=8, ts=8
P2, tp=8, ts=8, x0=250892749, x1=38162545
P2, tp=8, ts=8, x0=157547610, x1=444542848
P1, tp=8, ts=8, x0=695213184
P0, tp=8, ts=8
P3, tp=8, ts=8, x0=420958464
P2, tp=8, ts=8, x0=92398571, x1=740736543
P2, tp=8, ts=8, x0=772985227, x1=168980624
P2, tp=8, ts=8, x0=504485040, x1=835461326
P2, tp=8, ts=8, x0=627375426, x1=68732922
P1, tp=8, ts=8, x0=951706554
P2, tp=8, ts=8, x0=114543374, x1=350833544
P2, tp=8, ts=8, x0=367814836, x1=157547610
P3, tp=8, ts=8, x0=521435522
P0, tp=8, ts=8
P0, tp=8, ts=8
P1, tp=8, ts=8, x0=480377009
P1, tp=8, ts=8, x0=52043129
P0, tp=8, ts=8
P0, tp=8, ts=8
P2, tp=8, ts=8, x0=339642720, x1=327291409
P3, tp=8, ts=8, x0=881401427
P1, tp=8, ts=8, x0=517025485
P1, tp=8, ts=8, x0=444542848
P0, tp=8, ts=8
P0, tp=8, ts=8
P2, tp=8, ts=8, x0=427527394, x1=348970867
P2, tp=8, ts=8, x0=112895561, x1=710640137
P3, tp=8, ts=8, x0=627375426
P3, tp=8, ts=8, x0=128371316
P2, tp=8, ts=8, x0=772985227, x1=969430043
P0, tp=8, ts=8
P3, tp=8, ts=8, x0=896711618
P2, tp=8, ts=8, x0=370564003, x1=265819506
P3, tp=8, ts=8, x0=861201589
P2, tp=8, ts=8, x0=319087073, x1=250892749
P2, tp=8, ts=8, x0=7717077, x1=572270637
P1, tp=8, ts=8, x0=710640137
P3, tp=8, ts=8, x0=300701925
P2, tp=8, ts=8, x0=697693402, x1=68732922
P3, tp=8, ts=8, x0=112895561
P3, tp=8, ts=8, x0=572270637
P2, tp=8, ts=8, x0=517025485, x1=714780081
P1, tp=8, ts=8, x0=122088512
P3, tp=8, ts=8, x0=969430043
P3, tp=8, ts=8, x0=38162545
P1, tp=8, ts=8, x0=480377009
P3, tp=8, ts=8, x0=7717077
P2, tp=8, ts=8, x0=656435858, x1=517025485
P3, tp=8, ts=8, x0=332550878
P0, tp=8, ts=8
P3, tp=8, ts=8, x0=734963543
P2, tp=8, ts=8, x0=926127956, x1=367814836
P3, tp=8, ts=8, x0=926127956
P2, tp=8, ts=8, x0=755129506, x1=92398571
P1, tp=8, ts=8, x0=926127956
P0, tp=8, ts=8
P3, tp=8, ts=8, x0=68732922
P0, tp=8, ts=8
P1, tp=8, ts=8, x0=898365340
P1, tp=8, ts=8, x0=963393648
P2, tp=8, ts=8, x0=154075157, x1=187498055
P0, tp=8, ts=8
P3, tp=8, ts=8, x0=898365340
P3, tp=8, ts=8, x0=972241558
P0, tp=8, ts=8
P2, tp=8, ts=8, x0=329515871, x1=835461326
P0, tp=8, ts=8
P0, tp=8, ts=8
P3, tp=8, ts=8, x0=708633412
P3, tp=8, ts=8, x0=339642720
P3, tp=8, ts=8, x0=7717077
P2, tp=8, ts=8, x0=898365340, x1=187498055
P1, tp=8, ts=8, x0=830294979
P1, tp=8, ts=8, x0=427527394
P3, tp=8, ts=8, x0=688518772
P2, tp=8, ts=8, x0=418512554, x1=827760083
P3, tp=8, ts=8, x0=830294979
P1, tp=8, ts=8, x0=772985227
P2, tp=8, ts=8, x0=772985227, x1=52043129
P1, tp=8, ts=8, x0=835461326
P0, tp=8, ts=8
P0, tp=8, ts=8
P1, tp=8, ts=8, x0=427527394
P2, tp=8, ts=8, x0=168980624, x1=375871556
P2, tp=8, ts=8, x0=332550878, x1=612746923
P0, tp=8, ts=8
P2, tp=8, ts=8, x0=381554859, x1=595090153
P0, tp=8, ts=8
P2, tp=8, ts=8, x0=714780081, x1=178707963
P2, tp=8, ts=8, x0=36811890, x1=835461326
P0, tp=8, ts=8
P2, tp=8, ts=8, x0=154075157, x1=809815384
P1, tp=8, ts=8, x0=926127956
P3, tp=8, ts=8, x0=332850846
P1, tp=8, ts=8, x0=758642448
P0, tp=8, ts=8
P3, tp=8, ts=8, x0=339642720
P0, tp=8, ts=8
P0, tp=8, ts=8
P1, tp=8, ts=8, x0=748052066
P2, tp=8, ts=8, x0=327291409, x1=300701925
P3, tp=8, ts=8, x0=36811890
P0, tp=8, ts=8
P1, tp=8, ts=8, x0=344138838
P3, tp=8, ts=8, x0=765811245
P3, tp=8, ts=8, x0=480377009
P2, tp=8, ts=8, x0=574008414, x1=300701925
P2, tp=8, ts=8, x0=748052066, x1=420958464
P3, tp=8, ts=8, x0=189440773
P2, tp=8, ts=8, x0=68732922, x1=329515871
P0, tp=8, ts=8
P1, tp=8, ts=8, x0=310156684
P2, tp=8, ts=8, x0=427527394, x1=128371316
P2, tp=8, ts=8, x0=387069668, x1=772985227
P1, tp=8, ts=8, x0=721393634
P3, tp=8, ts=8, x0=158719929
P0, tp=8, ts=8
P0, tp=8, ts=8
P0, tp=8, ts=8
P2, tp=8, ts=8, x0=418892856, x1=427527394
P2, tp=8, ts=8, x0=269440805, x1=740736543
P0, tp=8, ts=8
P3, tp=8, ts=8, x0=881216091
P1, tp=8, ts=8, x0=830294979
P0, tp=8, ts=8
P2, tp=8, ts=8, x0=740736543, x1=794267754
P0, tp=8, ts=8
P1, tp=8, ts=8, x0=934400684
P0, tp=8, ts=8
P2, tp=8, ts=8, x0=504485040, x1=332550878
P0, tp=8, ts=8
P0, tp=8, ts=8
P3, tp=8, ts=8, x0=772985227
P3, tp=8, ts=8, x0=36811890
P2, tp=8, ts=8, x0=926127956, x1=310156684
P2, tp=8, ts=8, x0=250892749, x1=889426579
P0, tp=8, ts=8
P3, tp=8, ts=8, x0=381554859
P1, tp=8, ts=8, x0=66671062
P1, tp=8, ts=8, x0=765811245
P0, tp=8, ts=8
P0, tp=8, ts=8
P2, tp=8, ts=8, x0=702894713, x1=595688185
P1, tp=8, ts=8, x0=310156684
P0, tp=8, ts=8
P3, tp=8, ts=8, x0=830294979
P2, tp=8, ts=8, x0=595688185, x1=319087073
P2, tp=8, ts=8, x0=932609710, x1=934400684
P0, tp=8, ts=8
P3, tp=8, ts=8, x0=112895561
P2, tp=8, ts=8, x0=767473799, x1=370564003
P0, tp=8, ts=8
P3, tp=8, ts=8, x0=664918509
P0, tp=8, ts=8
P0, tp=8, ts=8
P0, tp=8, ts=8
P0, tp=8, ts=8
P0, tp=8, ts=8
P1, tp=8, ts=8, x0=664918509
P2, tp=8, ts=8, x0=480377009, x1=137995652
P2, tp=8, ts=8, x0=189440773, x1=480377009
P3, tp=8, ts=8, x0=381554859
P3, tp=8, ts=8, x0=38162545
P3, tp=8, ts=8, x0=157547610
P2, tp=8, ts=8, x0=7717077, x1=381554859
P1, tp=8, ts=8, x0=659197931
P3, tp=8, ts=8, x0=208202698
P1, tp=8, ts=8, x0=664918509
P1, tp=8, ts=8, x0=157547610
P2, tp=8, ts=8, x0=339642720, x1=889426579
P3, tp=8, ts=8, x0=208202698
P2, tp=8, ts=8, x0=379689865, x1=498248164
P0, tp=8, ts=8
P3, tp=8, ts=8, x0=752075541
P2, tp=8, ts=8, x0=300701925, x1=721393634
P2, tp=8, ts=8, x0=556594, x1=695213184
P0, tp=8, ts=8
P1, tp=8, ts=8, x0=183427998
P3, tp=8, ts=8, x0=889426579
P0, tp=8, ts=8
P1, tp=8, ts=8, x0=418892856
P2, tp=8, ts=8, x0=137995652, x1=574008414
P2, tp=8, ts=8, x0=879001706, x1=896711618
P1, tp=8, ts=8, x0=332550878
P0, tp=8, ts=8
P3, tp=8, ts=8, x0=370564003
P1, tp=8, ts=8, x0=688518772
P3, tp=8, ts=8, x0=92398571
P1, tp=8, ts=8, x0=317625599
P2, tp=8, ts=8, x0=7717077, x1=708633412
P2, tp=8, ts=8, x0=229122669, x1=85177655
P0, tp=8, ts=8
P0, tp=8, ts=8
P1, tp=8, ts=8, x0=379689865
P1, tp=8, ts=8, x0=969430043
P1, tp=8, ts=8, x0=498248164
P2, tp=8, ts=8, x0=344138838, x1=271567608
P2, tp=8, ts=8, x0=418512554, x1=755129506
P3, tp=8, ts=8, x0=271567608
P3, tp=8, ts=8, x0=896711618
P1, tp=8, ts=8, x0=664918509
P0, tp=8, ts=8
P2, tp=8, ts=8, x0=772985227, x1=969430043
P3, tp=8, ts=8, x0=972999477
P1, tp=8, ts=8, x0=951706554
P1, tp=8, ts=8, x0=379689865
P1, tp=8, ts=8, x0=308581288
P3, tp=8, ts=8, x0=765811245
P0, tp=8, ts=8
P2, tp=8, ts=8, x0=308581288, x1=664918509
P1, tp=8, ts=8, x0=271567608
P0, tp=8, ts=8
P3, tp=8, ts=8, x0=329515871
P1, tp=8, ts=8, x0=85177655
P3, tp=8, ts=8, x0=681764332
P3, tp=8, ts=8, x0=339642720
P0, tp=8, ts=8
P1, tp=8, ts=8, x0=477616538
P2, tp=8, ts=8, x0=271567608, x1=265819506
P1, tp=8, ts=8, x0=477616538
P2, tp=8, ts=8, x0=348970867, x1=681764332
P2, tp=8, ts=8, x0=708633412, x1=748052066
P0, tp=8, ts=8
P0, tp=8, ts=8
P1, tp=8, ts=8, x0=137995652
P3, tp=8, ts=8, x0=972999477
P2, tp=8, ts=8, x0=520570224, x1=136370809
P2, tp=8, ts=8, x0=332850846, x1=710935671
P2, tp=8, ts=8, x0=972241558, x1=861201589
P2, tp=8, ts=8, x0=229122669, x1=835461326
P0, tp=8, ts=8
P3, tp=8, ts=8, x0=627375426
P1, tp=8, ts=8, x0=332550878
P0, tp=8, ts=8
P3, tp=8, ts=8, x0=932609710
P0, tp=8, ts=8
P0, tp=8, ts=8
P1, tp=8, ts=8, x0=695213184
P0, tp=8, ts=8
P1, tp=8, ts=8, x0=189440773
P2, tp=8, ts=8, x0=370564003, x1=939342317
P2, tp=8, ts=8, x0=477616538, x1=659197931
P3, tp=8, ts=8, x0=319087073
P0, tp=8, ts=8
P1, tp=8, ts=8, x0=168980624
P3, tp=8, ts=8, x0=384733233
P2, tp=8, ts=8, x0=786554127, x1=86150724
P2, tp=8, ts=8, x0=500845362, x1=714780081
P1, tp=8, ts=8, x0=589230931
P2, tp=8, ts=8, x0=748052066, x1=208202698
P3, tp=8, ts=8, x0=387069668
P2, tp=8, ts=8, x0=310156684, x1=710935671
P1, tp=8, ts=8, x0=556594
P0, tp=8, ts=8
P1, tp=8, ts=8, x0=500845362
P3, tp=8, ts=8, x0=66671062
P1, tp=8, ts=8, x0=178707963
P1, tp=8, ts=8, x0=208202698
P3, tp=8, ts=8, x0=951706554
P3, tp=8, ts=8, x0=332850846
P3, tp=8, ts=8, x0=517025485
P2, tp=8, ts=8, x0=187498055, x1=7717077
P3, tp=8, ts=8, x0=332850846
P1, tp=8, ts=8, x0=498248164
P1, tp=8, ts=8, x0=708633412
P3, tp=8, ts=8, x0=427527394
P1, tp=8, ts=8, x0=381554859
P3, tp=8, ts=8, x0=168980624
P3, tp=8, ts=8, x0=616494935
P3, tp=8, ts=8, x0=128371316
P2, tp=8, ts=8, x0=444542848, x1=386888403
P2, tp=8, ts=8, x0=163410501, x1=329515871
P2, tp=8, ts=8, x0=861201589, x1=85177655
P1, tp=8, ts=8, x0=932609710
P2, tp=8, ts=8, x0=418512554, x1=310156684
P3, tp=8, ts=8, x0=350833544
P0, tp=8, ts=8
P3, tp=8, ts=8, x0=934400684
P2, tp=8, ts=8, x0=375871556, x1=951706554
P2, tp=8, ts=8, x0=721393634, x1=168980624
P3, tp=8, ts=8, x0=595090153
P0, tp=8, ts=8
P0, tp=8, ts=8
P1, tp=8, ts=8, x0=427527394
P0, tp=8, ts=8
P2, tp=8, ts=8, x0=504485040, x1=881216091
P3, tp=8, ts=8, x0=806431899
P3, tp=8, ts=8, x0=332550878
P3, tp=8, ts=8, x0=271567608
P1, tp=8, ts=8, x0=317625599
P0, tp=8, ts=8
P1, tp=8, ts=8, x0=327291409
P2, tp=8, ts=8, x0=809815384, x1=681764332
P0, tp=8, ts=8
P1, tp=8, ts=8, x0=332550878
P3, tp=8, ts=8, x0=827760083
P1, tp=8, ts=8, x0=939342317
P0, tp=8, ts=8
P3, tp=8, ts=8, x0=932609710
P0, tp=8, ts=8
P2, tp=8, ts=8, x0=92398571, x1=748052066
P0, tp=8, ts=8
P3, tp=8, ts=8, x0=572270637
P2, tp=8, ts=8, x0=444542848, x1=310156684
P2, tp=8, ts=8, x0=387069668, x1=835461326
P3, tp=8, ts=8, x0=627375426
P2, tp=8, ts=8, x0=827760083, x1=172972170
P0, tp=8, ts=8
P0, tp=8, ts=8
P3, tp=8, ts=8, x0=721393634
P2, tp=8, ts=8, x0=656084837, x1=767473799
P1, tp=8, ts=8, x0=348970867
P3, tp=8, ts=8, x0=172972170
P3, tp=8, ts=8, x0=934400684
P0, tp=8, ts=8
P0, tp=8, ts=8
P0, tp=8, ts=8
P2, tp=8, ts=8, x0=418892856, x1=976008645
P3, tp=8, ts=8, x0=112895561
P1, tp=8, ts=8, x0=835461326
P2, tp=8, ts=8, x0=168980624, x1=976008645
P2, tp=8, ts=8, x0=806431899, x1=86150724
P2, tp=8, ts=8, x0=721393634, x1=937242680
P3, tp=8, ts=8, x0=271567608
P2, tp=8, ts=8, x0=92398571, x1=183427998
P1, tp=8, ts=8, x0=714780081
P0, tp=8, ts=8
P0, tp=8, ts=8
P1, tp=8, ts=8, x0=714780081
P3, tp=8, ts=8, x0=7717077
P2, tp=8, ts=8, x0=189440773, x1=187498055
P3, tp=8, ts=8, x0=712947938
P1, tp=8, ts=8, x0=168980624
P3, tp=8, ts=8, x0=239708445
P1, tp=8, ts=8, x0=881216091
P0, tp=8, ts=8
P2, tp=8, ts=8, x0=505076929, x1=656435858
P3, tp=8, ts=8, x0=881216091
P1, tp=8, ts=8, x0=178707963
P1, tp=8, ts=8, x0=480377009
P0, tp=8, ts=8
P3, tp=8, ts=8, x0=168980624
P2, tp=8, ts=8, x0=239708445, x1=951706554
P1, tp=8, ts=8, x0=648931437
P2, tp=8, ts=8, x0=520570224, x1=934400684
P2, tp=8, ts=8, x0=310156684, x1=794267754
P2, tp=8, ts=8, x0=544701979, x1=656084837
P2, tp=8, ts=8, x0=370564003, x1=379689865
P0, tp=8, ts=8
P2, tp=8, ts=8, x0=767473799, x1=712947938
P3, tp=8, ts=8, x0=612746923
P1, tp=8, ts=8, x0=498248164
P0, tp=8, ts=8
P3, tp=8, ts=8, x0=444542848
P0, tp=8, ts=8
P0, tp=8, ts=8
P2, tp=8, ts=8, x0=659197931, x1=332550878
P1, tp=8, ts=8, x0=752075541
P0, tp=8, ts=8
P2, tp=8, ts=8, x0=772985227, x1=969430043
P2, tp=8, ts=8, x0=708633412, x1=310156684
P1, tp=8, ts=8, x0=755129506
P0, tp=8, ts=8
P1, tp=8, ts=8, x0=700816526
P0, tp=8, ts=8
P3, tp=8, ts=8, x0=195033435
P0, tp=8, ts=8
P0, tp=8, ts=8
P2, tp=8, ts=8, x0=504485040, x1=65557192
P0, tp=8, ts=8
P1, tp=8, ts=8, x0=250892749
P3, tp=8, ts=8, x0=574008414
P1, tp=8, ts=8, x0=664918509
P0, tp=8, ts=8
P2, tp=8, ts=8, x0=595090153, x1=332850846
P1, tp=8, ts=8, x0=271567608
P1, tp=8, ts=8, x0=500845362
P2, tp=8, ts=8, x0=755129506, x1=595090153
P3, tp=8, ts=8, x0=781601832
P0, tp=8, ts=8
P0, tp=8, ts=8
P3, tp=8, ts=8, x0=137995652
P0, tp=8, ts=8
P0, tp=8, ts=8
P3, tp=8, ts=8, x0=92398571
P3, tp=8, ts=8, x0=861201589
P3, tp=8, ts=8, x0=504485040
P2, tp=8, ts=8, x0=755129506, x1=195033435
P1, tp=8, ts=8, x0=163410501
P2, tp=8, ts=8, x0=310156684, x1=616494935
P2, tp=8, ts=8, x0=329515871, x1=384733233
P0, tp=8, ts=8
P1, tp=8, ts=8, x0=659197931
P0, tp=8, ts=8
P3, tp=8, ts=8, x0=702894713
P1, tp=8, ts=8, x0=861201589
P2, tp=8, ts=8, x0=544701979, x1=520570224
P1, tp=8, ts=8, x0=418892856
P3, tp=8, ts=8, x0=387069668
P2, tp=8, ts=8, x0=332850846, x1=65557192
P1, tp=8, ts=8, x0=809815384
P1, tp=8, ts=8, x0=554526673
P1, tp=8, ts=8, x0=589230931
P3, tp=8, ts=8, x0=835461326
P3, tp=8, ts=8, x0=999030804
P1, tp=8, ts=8, x0=136370809
P0, tp=8, ts=8
P2, tp=8, ts=8, x0=972241558, x1=781601832
P3, tp=8, ts=8, x0=752075541
P3, tp=8, ts=8, x0=997584197
P2, tp=8, ts=8, x0=163410501, x1=35442257
P1, tp=8, ts=8, x0=879001706
P0, tp=8, ts=8
P2, tp=8, ts=8, x0=375871556, x1=178707963
P1, tp=8, ts=8, x0=656435858
P1, tp=8, ts=8, x0=35442257
P3, tp=8, ts=8, x0=42634425
P2, tp=8, ts=8, x0=327291409, x1=752075541
P2, tp=8, ts=8, x0=229122669, x1=418892856
P3, tp=8, ts=8, x0=616494935
P3, tp=8, ts=8, x0=49151050
P3, tp=8, ts=8, x0=835461326
P2, tp=8, ts=8, x0=972999477, x1=656435858
P0, tp=8, ts=8
P0, tp=8, ts=8
P2, tp=8, ts=8, x0=370564003, x1=772985227
P0, tp=8, ts=8
P0, tp=8, ts=8
P2, tp=8, ts=8, x0=659197931, x1=42634425
P0, tp=8, ts=8
P0, tp=8, ts=8
P1, tp=8, ts=8, x0=128371316
P3, tp=8, ts=8, x0=714780081
P3, tp=8, ts=8, x0=49151050
P3, tp=8, ts=8, x0=415232822
P2, tp=8, ts=8, x0=937242680, x1=375871556
P0, tp=8, ts=8
P2, tp=8, ts=8, x0=195033435, x1=265819506
P1, tp=8, ts=8, x0=781601832
P3, tp=8, ts=8, x0=879001706
P0, tp=8, ts=8
P3, tp=8, ts=8, x0=726983517
P2, tp=8, ts=8, x0=781601832, x1=418512554
P0, tp=8, ts=8
P0, tp=8, ts=8
P1, tp=8, ts=8, x0=480377009
P0, tp=8, ts=8
P1, tp=8, ts=8, x0=627375426
P1, tp=8, ts=8, x0=92398571
P0, tp=8, ts=8
P2, tp=8, ts=8, x0=627375426, x1=332550878
P3, tp=8, ts=8, x0=937242680
P2, tp=8, ts=8, x0=250892749, x1=932609710
P3, tp=8, ts=8, x0=498248164
P2, tp=8, ts=8, x0=345030965, x1=835461326
P0, tp=8, ts=8
P3, tp=8, ts=8, x0=740736543
P0, tp=8, ts=8
P2, tp=8, ts=8, x0=2568354, x1=2568354
P3, tp=8, ts=8, x0=656084837
P1, tp=8, ts=8, x0=504485040
P2, tp=8, ts=8, x0=595090153, x1=229122669
P2, tp=8, ts=8, x0=710935671, x1=861201589
P3, tp=8, ts=8, x0=567850687
P0, tp=8, ts=8
P1, tp=8, ts=8, x0=934400684
P3, tp=8, ts=8, x0=806431899
P2, tp=8, ts=8, x0=17535076, x1=572270637
P1, tp=8, ts=8, x0=595688185
P0, tp=8, ts=8
P0, tp=8, ts=8
P0, tp=8, ts=8
P1, tp=8, ts=8, x0=517025485
P1, tp=8, ts=8, x0=480377009
P2, tp=8, ts=8, x0=589230931, x1=972241558
P3, tp=8, ts=8, x0=767473799
P1, tp=8, ts=8, x0=65557192
P1, tp=8, ts=8, x0=49151050
P3, tp=8, ts=8, x0=327291409
P3, tp=8, ts=8, x0=370564003
P0, tp=8, ts=8
P2, tp=8, ts=8, x0=681764332, x1=505076929
P2, tp=8, ts=8, x0=387069668, x1=879001706
P3, tp=8, ts=8, x0=755129506
P0, tp=8, ts=8
P2, tp=8, ts=8, x0=835461326, x1=554526673
P2, tp=8, ts=8, x0=827760083, x1=616494935
P0, tp=8, ts=8
P1, tp=8, ts=8, x0=688518772
P0, tp=8, ts=8
P0, tp=8, ts=8
P2, tp=8, ts=8, x0=827760083, x1=112192426
P2, tp=8, ts=8, x0=66671062, x1=936759123
P0, tp=8, ts=8
P1, tp=8, ts=8, x0=574008414
P1, tp=8, ts=8, x0=700816526
P1, tp=8, ts=8, x0=595688185
P1, tp=8, ts=8, x0=936759123
P1, tp=8, ts=8, x0=384733233
P0, tp=8, ts=8
P0, tp=8, ts=8
P1, tp=8, ts=8, x0=574008414
P0, tp=8, ts=8
P0, tp=8, ts=8
P2, tp=8, ts=8, x0=688518772, x1=384733233
P3, tp=8, ts=8, x0=616494935
P3, tp=8, ts=8, x0=765811245
P1, tp=8, ts=8, x0=418512554
P0, tp=8, ts=8
P2, tp=8, ts=8, x0=172972170, x1=743456985
P1, tp=8, ts=8, x0=498248164
P0, tp=8, ts=8
P0, tp=8, ts=8
P3, tp=8, ts=8, x0=980705516
P0, tp=8, ts=8
P0, tp=8, ts=8
P1, tp=8, ts=8, x0=976008645
P0, tp=8, ts=8
P3, tp=8, ts=8, x0=572270637
P2, tp=8, ts=8, x0=659197931, x1=35442257
P2, tp=8, ts=8, x0=505076929, x1=616494935
P2, tp=8, ts=8, x0=827760083, x1=827760083
P2, tp=8, ts=8, x0=137995652, x1=66671062
P1, tp=8, ts=8, x0=726983517
P2, tp=8, ts=8, x0=752075541, x1=976008645
P3, tp=8, ts=8, x0=136370809
P0, tp=8, ts=8
P2, tp=8, ts=8, x0=370564003, x1=896711618
P1, tp=8, ts=8, x0=384733233
P2, tp=8, ts=8, x0=700816526, x1=612746923
P2, tp=8, ts=8, x0=163410501, x1=384733233
P2, tp=8, ts=8, x0=370564003, x1=835461326
P2, tp=8, ts=8, x0=498248164, x1=498248164
P0, tp=8, ts=8
P0, tp=8, ts=8
P3, tp=8, ts=8, x0=206750180
P1, tp=8, ts=8, x0=616494935
P0, tp=8, ts=8
P1, tp=8, ts=8, x0=861201589
P1, tp=8, ts=8, x0=712947938
P0, tp=8, ts=8
P3, tp=8, ts=8, x0=415232822
P2, tp=8, ts=8, x0=85177655, x1=66671062
P3, tp=8, ts=8, x0=595090153
P2, tp=8, ts=8, x0=554526673, x1=49151050
P0, tp=8, ts=8
P1, tp=8, ts=8, x0=418892856
P0, tp=8, ts=8
P3, tp=8, ts=8, x0=589230931
P2, tp=8, ts=8, x0=66671062, x1=544701979
P0, tp=8, ts=8
P3, tp=8, ts=8, x0=809815384
P3, tp=8, ts=8, x0=327291409
P1, tp=8, ts=8, x0=92398571
P1, tp=8, ts=8, x0=936759123
P0, tp=8, ts=8
P3, tp=8, ts=8, x0=418892856
P1, tp=8, ts=8, x0=612746923
P1, tp=8, ts=8, x0=554526673
P2, tp=8, ts=8, x0=136370809, x1=710935671
P2, tp=8, ts=8, x0=303443498, x1=809815384
P0, tp=8, ts=8
P0, tp=8, ts=8
P3, tp=8, ts=8, x0=740736543
P1, tp=8, ts=8, x0=951706554
P3, tp=8, ts=8, x0=772985227
P1, tp=8, ts=8, x0=999030804
P0, tp=8, ts=8
P0, tp=8, ts=8
P3, tp=8, ts=8, x0=387069668
P2, tp=8, ts=8, x0=813586596, x1=178707963
P2, tp=8, ts=8, x0=835461326, x1=92398571
P1, tp=8, ts=8, x0=932609710
P0, tp=8, ts=8
P2, tp=8, ts=8, x0=137995652, x1=386888403
P1, tp=8, ts=8, x0=936759123
P0, tp=8, ts=8
P0, tp=8, ts=8
P0, tp=8, ts=8
P3, tp=8, ts=8, x0=444542848
P3, tp=8, ts=8, x0=881216091
P1, tp=8, ts=8, x0=999030804
P3, tp=8, ts=8, x0=206750180
P3, tp=8, ts=8, x0=104801715
P1, tp=8, ts=8, x0=444542848
P0, tp=8, ts=8
P1, tp=8, ts=8, x0=656084837
P3, tp=8, ts=8, x0=740736543
P3, tp=8, ts=8, x0=65557192
P1, tp=8, ts=8, x0=574008414
P0, tp=8, ts=8
P3, tp=8, ts=8, x0=422559397
P2, tp=8, ts=8, x0=827760083, x1=556594
P1, tp=8, ts=8, x0=923296263
P1, tp=8, ts=8, x0=379689865
P0, tp=8, ts=8
P0, tp=8, ts=8
P2, tp=8, ts=8, x0=137995652, x1=681764332
P0, tp=8, ts=8
P3, tp=8, ts=8, x0=972241558
P0, tp=8, ts=8
P1, tp=8, ts=8, x0=66671062
P2, tp=8, ts=8, x0=384733233, x1=136370809
P1, tp=8, ts=8, x0=65557192
P2, tp=8, ts=8, x0=752075541, x1=422559397
P2, tp=8, ts=8, x0=997584197, x1=572270637
P0, tp=8, ts=8
P3, tp=8, ts=8, x0=937242680
P3, tp=8, ts=8, x0=700816526
P3, tp=8, ts=8, x0=997584197
P3, tp=8, ts=8, x0=769596647
P1, tp=8, ts=8, x0=590344382
P3, tp=8, ts=8, x0=884664752
P3, tp=8, ts=8, x0=66671062
P2, tp=8, ts=8, x0=49151050, x1=939342317
P1, tp=8, ts=8, x0=835461326
P1, tp=8, ts=8, x0=976008645
P1, tp=8, ts=8, x0=308581288
P0, tp=8, ts=8
P2, tp=8, ts=8, x0=590344382, x1=589230931
P3, tp=8, ts=8, x0=554526673
P2, tp=8, ts=8, x0=934400684, x1=752075541
P2, tp=8, ts=8, x0=748052066, x1=136370809
P2, tp=8, ts=8, x0=195033435, x1=664918509
P2, tp=8, ts=8, x0=418892856, x1=387069668
P1, tp=8, ts=8, x0=972241558
P0, tp=8, ts=8
P3, tp=8, ts=8, x0=163410501
P1, tp=8, ts=8, x0=178707963
P3, tp=8, ts=8, x0=554526673
P1, tp=8, ts=8, x0=544701979
P3, tp=8, ts=8, x0=329515871
P3, tp=8, ts=8, x0=345030965
P2, tp=8, ts=8, x0=861201589, x1=740736543
P1, tp=8, ts=8, x0=710935671
P0, tp=8, ts=8
P1, tp=8, ts=8, x0=287729989
P2, tp=8, ts=8, x0=239708445, x1=178707963
P0, tp=8, ts=8
P3, tp=8, ts=8, x0=229122669
P2, tp=8, ts=8, x0=574008414, x1=168980624
P1, tp=8, ts=8, x0=939342317
P2, tp=8, ts=8, x0=615641913, x1=370564003
P3, tp=8, ts=8, x0=168980624
P1, tp=8, ts=8, x0=384733233
P3, tp=8, ts=8, x0=415232822
P2, tp=8, ts=8, x0=656084837, x1=972999477
P3, tp=8, ts=8, x0=951706554
P2, tp=8, ts=8, x0=616494935, x1=664918509
P0, tp=8, ts=8
P0, tp=8, ts=8
P3, tp=8, ts=8, x0=49151050
P0, tp=8, ts=8
P3, tp=8, ts=8, x0=861201589
P3, tp=8, ts=8, x0=712947938
P0, tp=8, ts=8
P3, tp=8, ts=8, x0=972999477
P1, tp=8, ts=8, x0=208202698
P1, tp=8, ts=8, x0=700816526
P2, tp=8, ts=8, x0=556594, x1=884664752
P2, tp=8, ts=8, x0=178707963, x1=418512554
P3, tp=9, ts=9, x0=572270637
P3, tp=9, ts=9, x0=386888403
P2, tp=9, ts=9, x0=332850846, x1=589230931
P0, tp=9, ts=9
P2, tp=9, ts=9, x0=710935671, x1=712947938
P2, tp=9, ts=9, x0=688518772, x1=781601832
P0, tp=9, ts=9
P3, tp=9, ts=9, x0=612746923
P0, tp=9, ts=9
P3, tp=9, ts=9, x0=17535076
P0, tp=9, ts=9
P3, tp=9, ts=9, x0=936759123
P2, tp=9, ts=9, x0=92398571, x1=9985140
P0, tp=9, ts=9
P1, tp=9, ts=9, x0=418892856
P0, tp=9, ts=9
P1, tp=9, ts=9, x0=932609710
P2, tp=9, ts=9, x0=49151050, x1=934400684
P0, tp=9, ts=9
P2, tp=9, ts=9, x0=188878972, x1=332850846
P3, tp=9, ts=9, x0=239708445
P0, tp=9, ts=9
P1, tp=9, ts=9, x0=544701979
P1, tp=9, ts=9, x0=332850846
P2, tp=9, ts=9, x0=769596647, x1=726983517
P2, tp=9, ts=9, x0=112306834, x1=172972170
P1, tp=9, ts=9, x0=379689865
P2, tp=9, ts=9, x0=700816526, x1=664918509
P2, tp=9, ts=9, x0=136370809, x1=332850846
P1, tp=9, ts=9, x0=92398571
P2, tp=9, ts=9, x0=664918509, x1=188878972
P3, tp=9, ts=9, x0=287729989
P0, tp=9, ts=9
P2, tp=9, ts=9, x0=772445030, x1=137995652
P2, tp=9, ts=9, x0=496702222, x1=595090153
P3, tp=9, ts=9, x0=332850846
P1, tp=9, ts=9, x0=452185321
P2, tp=9, ts=9, x0=85177655, x1=168980624
P2, tp=9, ts=9, x0=918798986, x1=310156684
P2, tp=9, ts=9, x0=329515871, x1=740736543
P3, tp=9, ts=9, x0=66671062
P2, tp=9, ts=9, x0=932609710, x1=997584197
P1, tp=9, ts=9, x0=721393634
P0, tp=9, ts=9
P3, tp=9, ts=9, x0=884664752
P0, tp=9, ts=9
P0, tp=9, ts=9
P0, tp=9, ts=9
P1, tp=9, ts=9, x0=65557192
P2, tp=9, ts=9, x0=23866347, x1=765811245
P1, tp=9, ts=9, x0=664918509
P1, tp=9, ts=9, x0=418892856
P2, tp=9, ts=9, x0=823920997, x1=332850846
P0, tp=9, ts=9
P1, tp=9, ts=9, x0=65557192
P1, tp=9, ts=9, x0=310156684
P0, tp=9, ts=9
P2, tp=9, ts=9, x0=332850846, x1=415232822
P1, tp=9, ts=9, x0=206750180
P3, tp=9, ts=9, x0=178707963
P3, tp=9, ts=9, x0=2568354
P1, tp=9, ts=9, x0=172972170
P3, tp=9, ts=9, x0=781601832
P0, tp=9, ts=9
P2, tp=9, ts=9, x0=835461326, x1=595090153
P2, tp=9, ts=9, x0=884664752, x1=656435858
P3, tp=9, ts=9, x0=595090153
P1, tp=9, ts=9, x0=960763133
P1, tp=9, ts=9, x0=195033435
P3, tp=9, ts=9, x0=806431899
P3, tp=9, ts=9, x0=615641913
P0, tp=9, ts=9
P0, tp=9, ts=9
P1, tp=9, ts=9, x0=806431899
P0, tp=9, ts=9
P1, tp=9, ts=9, x0=387069668
P1, tp=9, ts=9, x0=520570224
P0, tp=9, ts=9
P3, tp=9, ts=9, x0=726983517
P1, tp=9, ts=9, x0=206750180
P0, tp=9, ts=9
P2, tp=9, ts=9, x0=271567608, x1=748052066
P2, tp=9, ts=9, x0=590344382, x1=496702222
P0, tp=9, ts=9
P3, tp=9, ts=9, x0=972241558
P3, tp=9, ts=9, x0=2042543
P0, tp=9, ts=9
P1, tp=9, ts=9, x0=972999477
P0, tp=9, ts=9
P3, tp=9, ts=9, x0=700816526
P1, tp=9, ts=9, x0=572270637
P0, tp=9, ts=9
P2, tp=9, ts=9, x0=9985140, x1=567850687
P0, tp=9, ts=9
P1, tp=9, ts=9, x0=781601832
P0, tp=9, ts=9
P1, tp=9, ts=9, x0=772445030
P0, tp=9, ts=9
P2, tp=9, ts=9, x0=769596647, x1=329515871
P2, tp=9, ts=9, x0=589230931, x1=589230931
P3, tp=9, ts=9, x0=572270637
P1, tp=9, ts=9, x0=564639792
P3, tp=9, ts=9, x0=387069668
P3, tp=9, ts=9, x0=379689865
P1, tp=9, ts=9, x0=195033435
P1, tp=9, ts=9, x0=936759123
P3, tp=9, ts=9, x0=345030965
P2, tp=9, ts=9, x0=208202698, x1=712947938
P0, tp=9, ts=9
P2, tp=9, ts=9, x0=740736543, x1=122493935
P3, tp=9, ts=9, x0=85177655
P3, tp=9, ts=9, x0=345030965
P0, tp=9, ts=9
P1, tp=9, ts=9, x0=188878972
P3, tp=9, ts=9, x0=547845444
P2, tp=9, ts=9, x0=951706554, x1=387069668
P2, tp=9, ts=9, x0=112192426, x1=379689865
P3, tp=9, ts=9, x0=554526673
P0, tp=9, ts=9
P2, tp=9, ts=9, x0=937242680, x1=505076929
P1, tp=9, ts=9, x0=345030965
P2, tp=9, ts=9, x0=308581288, x1=128371316
P1, tp=9, ts=9, x0=934400684
P3, tp=9, ts=9, x0=721393634
P3, tp=9, ts=9, x0=2568354
P2, tp=9, ts=9, x0=656084837, x1=918798986
P3, tp=9, ts=9, x0=418892856
P2, tp=9, ts=9, x0=2568354, x1=172972170
P1, tp=9, ts=9, x0=656435858
P3, tp=9, ts=9, x0=980705516
P1, tp=9, ts=9, x0=726983517
P2, tp=9, ts=9, x0=172972170, x1=418892856
P2, tp=9, ts=9, x0=918863245, x1=329515871
P0, tp=9, ts=9
P1, tp=9, ts=9, x0=934400684
P2, tp=9, ts=9, x0=386888403, x1=914774884
P0, tp=9, ts=9
P2, tp=9, ts=9, x0=332850846, x1=932609710
P1, tp=9, ts=9, x0=595090153
P0, tp=9, ts=9
P3, tp=9, ts=9, x0=972999477
P0, tp=9, ts=9
P3, tp=9, ts=9, x0=387069668
P2, tp=9, ts=9, x0=9985140, x1=972999477
P2, tp=9, ts=9, x0=934400684, x1=700816526
P0, tp=9, ts=9
P2, tp=9, ts=9, x0=195033435, x1=345030965
P2, tp=9, ts=9, x0=972241558, x1=595688185
P2, tp=9, ts=9, x0=188878972, x1=303443498
P1, tp=9, ts=9, x0=452185321
P1, tp=9, ts=9, x0=960763133
P2, tp=9, ts=9, x0=567850687, x1=2042543
P1, tp=9, ts=9, x0=656435858
P3, tp=9, ts=9, x0=726983517
P0, tp=9, ts=9
P2, tp=9, ts=9, x0=480377009, x1=239708445
P0, tp=9, ts=9
P0, tp=9, ts=9
P1, tp=9, ts=9, x0=879001706
P3, tp=9, ts=9, x0=505076929
P1, tp=9, ts=9, x0=415232822
P2, tp=9, ts=9, x0=505076929, x1=380580857
P0, tp=9, ts=9
P0, tp=9, ts=9
P3, tp=9, ts=9, x0=188878972
P1, tp=9, ts=9, x0=2568354
P2, tp=9, ts=9, x0=884664752, x1=2568354
P0, tp=9, ts=9
P1, tp=9, ts=9, x0=2042543
P3, tp=9, ts=9, x0=67069358
P1, tp=9, ts=9, x0=960763133
P0, tp=9, ts=9
P1, tp=9, ts=9, x0=67069358
P1, tp=9, ts=9, x0=178707963
P3, tp=9, ts=9, x0=544701979
P0, tp=9, ts=9
P3, tp=9, ts=9, x0=554526673
P2, tp=9, ts=9, x0=387069668, x1=505076929
P1, tp=9, ts=9, x0=712947938
P0, tp=9, ts=9
P2, tp=9, ts=9, x0=310156684, x1=332850846
P3, tp=9, ts=9, x0=178707963
P1, tp=9, ts=9, x0=188878972
P2, tp=9, ts=9, x0=997584197, x1=112306834
P0, tp=9, ts=9
P0, tp=9, ts=9
P1, tp=9, ts=9, x0=310156684
P0, tp=9, ts=9
P0, tp=9, ts=9
P2, tp=9, ts=9, x0=206750180, x1=85177655
P3, tp=9, ts=9, x0=208202698
P2, tp=9, ts=9, x0=271567608, x1=492290108
P2, tp=9, ts=9, x0=496702222, x1=112306834
P3, tp=9, ts=9, x0=767473799
P3, tp=9, ts=9, x0=743456985
P2, tp=9, ts=9, x0=769596647, x1=999030804
P2, tp=9, ts=9, x0=387069668, x1=386888403
P3, tp=9, ts=9, x0=9985140
P3, tp=9, ts=9, x0=706597374
P1, tp=9, ts=9, x0=914774884
P0, tp=9, ts=9
P1, tp=9, ts=9, x0=492290108
P0, tp=9, ts=9
P1, tp=9, ts=9, x0=345030965
P2, tp=9, ts=9, x0=554526673, x1=9985140
P2, tp=9, ts=9, x0=303443498, x1=589230931
P1, tp=9, ts=9, x0=67069358
P1, tp=9, ts=9, x0=387069668
P2, tp=9, ts=9, x0=827760083, x1=492290108
P2, tp=9, ts=9, x0=11998615, x1=23866347
P1, tp=9, ts=9, x0=112192426
P0, tp=9, ts=9
P3, tp=9, ts=9, x0=547845444
P3, tp=9, ts=9, x0=999030804
P3, tp=9, ts=9, x0=706597374
P0, tp=9, ts=9
P0, tp=9, ts=9
P0, tp=9, ts=9
P1, tp=9, ts=9, x0=835461326
P2, tp=9, ts=9, x0=595688185, x1=664918509
P1, tp=9, ts=9, x0=918863245
P0, tp=9, ts=9
P3, tp=9, ts=9, x0=767473799
P1, tp=9, ts=9, x0=951706554
P2, tp=9, ts=9, x0=297574515, x1=387069668
P2, tp=9, ts=9, x0=345030965, x1=556594
P1, tp=9, ts=9, x0=85177655
P2, tp=9, ts=9, x0=11998615, x1=706597374
P3, tp=9, ts=9, x0=951706554
P3, tp=9, ts=9, x0=769596647
P0, tp=9, ts=9
P0, tp=9, ts=9
P3, tp=9, ts=9, x0=492290108
P1, tp=9, ts=9, x0=937242680
P0, tp=9, ts=9
P0, tp=9, ts=9
P2, tp=9, ts=9, x0=332850846, x1=178707963
P2, tp=9, ts=9, x0=656435858, x1=835461326
P3, tp=9, ts=9, x0=664918509
P1, tp=9, ts=9, x0=2568354
P0, tp=9, ts=9
P3, tp=9, ts=9, x0=332850846
P2, tp=9, ts=9, x0=453032614, x1=918863245
P1, tp=9, ts=9, x0=386888403
P1, tp=9, ts=9, x0=81792497
P3, tp=9, ts=9, x0=932609710
P3, tp=9, ts=9, x0=128371316
P1, tp=9, ts=9, x0=188878972
P3, tp=9, ts=9, x0=951706554
P3, tp=9, ts=9, x0=112306834
P1, tp=9, ts=9, x0=769596647
P2, tp=9, ts=9, x0=112192426, x1=827760083
P0, tp=9, ts=9
P3, tp=9, ts=9, x0=520570224
P1, tp=9, ts=9, x0=239708445
P1, tp=9, ts=9, x0=918863245
P0, tp=9, ts=9
P0, tp=9, ts=9
P2, tp=9, ts=9, x0=721393634, x1=939342317
P2, tp=9, ts=9, x0=879001706, x1=195033435
P3, tp=9, ts=9, x0=418892856
P0, tp=9, ts=9
P3, tp=9, ts=9, x0=452185321
P1, tp=9, ts=9, x0=239708445
P1, tp=9, ts=9, x0=881216091
P0, tp=9, ts=9
P0, tp=9, ts=9
P3, tp=9, ts=9, x0=721393634
P0, tp=9, ts=9
P0, tp=9, ts=9
P0, tp=9, ts=9
P2, tp=9, ts=9, x0=2042543, x1=23866347
P3, tp=9, ts=9, x0=239708445
P3, tp=9, ts=9, x0=49151050
P1, tp=9, ts=9, x0=492290108
P3, tp=9, ts=9, x0=163410501
P3, tp=9, ts=9, x0=23866347
P2, tp=9, ts=9, x0=708633412, x1=813586596
P2, tp=9, ts=9, x0=918863245, x1=656435858
P0, tp=9, ts=9
P0, tp=9, ts=9
P2, tp=9, ts=9, x0=881216091, x1=163410501
P3, tp=9, ts=9, x0=496702222
P3, tp=9, ts=9, x0=182492385
P2, tp=9, ts=9, x0=81792497, x1=712947938
P2, tp=9, ts=9, x0=980705516, x1=104801715
P2, tp=9, ts=9, x0=311315550, x1=884664752
P0, tp=9, ts=9
P1, tp=9, ts=9, x0=881216091
P2, tp=9, ts=9, x0=271567608, x1=564639792
P1, tp=9, ts=9, x0=65557192
P2, tp=9, ts=9, x0=688518772, x1=615641913
P1, tp=9, ts=9, x0=589230931
P3, tp=9, ts=9, x0=65557192
P2, tp=9, ts=9, x0=914774884, x1=997584197
P1, tp=9, ts=9, x0=11998615
P2, tp=9, ts=9, x0=300985657, x1=128371316
P3, tp=9, ts=9, x0=972241558
P1, tp=9, ts=9, x0=595688185
P1, tp=9, ts=9, x0=936759123
P0, tp=9, ts=9
P2, tp=9, ts=9, x0=310156684, x1=303443498
P2, tp=9, ts=9, x0=2042543, x1=781601832
P2, tp=9, ts=9, x0=547845444, x1=195033435
P0, tp=9, ts=9
P3, tp=9, ts=9, x0=972241558
P1, tp=9, ts=9, x0=980705516
P2, tp=9, ts=9, x0=112306834, x1=615641913
P2, tp=9, ts=9, x0=759729708, x1=972999477
P2, tp=9, ts=9, x0=453032614, x1=721393634
P0, tp=9, ts=9
P1, tp=9, ts=9, x0=384733233
P3, tp=9, ts=9, x0=254977997
P3, tp=9, ts=9, x0=939342317
P2, tp=9, ts=9, x0=813586596, x1=772445030
P0, tp=9, ts=9
P1, tp=9, ts=9, x0=932609710
P1, tp=9, ts=9, x0=136370809
P2, tp=9, ts=9, x0=182492385, x1=67069358
P3, tp=9, ts=9, x0=345030965
P2, tp=9, ts=9, x0=303443498, x1=726983517
P0, tp=9, ts=9
P1, tp=9, ts=9, x0=337918436
P2, tp=9, ts=9, x0=706597374, x1=554526673
P2, tp=9, ts=9, x0=422559397, x1=615641913
P1, tp=9, ts=9, x0=172972170
P0, tp=9, ts=9
P0, tp=9, ts=9
P3, tp=9, ts=9, x0=615641913
P2, tp=9, ts=9, x0=781601832, x1=748052066
P2, tp=9, ts=9, x0=980705516, x1=452185321
P1, tp=9, ts=9, x0=310156684
P3, tp=9, ts=9, x0=615641913
P2, tp=9, ts=9, x0=932609710, x1=934400684
P2, tp=9, ts=9, x0=254977997, x1=122493935
P3, tp=9, ts=9, x0=17535076
P2, tp=9, ts=9, x0=547845444, x1=595688185
P2, tp=9, ts=9, x0=422559397, x1=544701979
P2, tp=9, ts=9, x0=918798986, x1=554526673
P2, tp=9, ts=9, x0=918863245, x1=297574515
P1, tp=9, ts=9, x0=188878972
P0, tp=9, ts=9
P3, tp=9, ts=9, x0=554526673
P2, tp=9, ts=9, x0=224173837, x1=590344382
P2, tp=9, ts=9, x0=496702222, x1=297574515
P2, tp=9, ts=9, x0=128371316, x1=936759123
P1, tp=9, ts=9, x0=564639792
P2, tp=9, ts=9, x0=380580857, x1=271567608
P3, tp=9, ts=9, x0=819798208
P1, tp=9, ts=9, x0=384733233
P0, tp=9, ts=9
P0, tp=9, ts=9
P2, tp=9, ts=9, x0=615641913, x1=136370809
P3, tp=9, ts=9, x0=813586596
P3, tp=9, ts=9, x0=17535076
P3, tp=9, ts=9, x0=188878972
P1, tp=9, ts=9, x0=345030965
P1, tp=9, ts=9, x0=656435858
P1, tp=9, ts=9, x0=104801715
P2, tp=9, ts=9, x0=387069668, x1=664918509
P1, tp=9, ts=9, x0=271567608
P0, tp=9, ts=9
P3, tp=9, ts=9, x0=303443498
P2, tp=9, ts=9, x0=453032614, x1=112192426
P1, tp=9, ts=9, x0=997584197
P0, tp=9, ts=9
P1, tp=9, ts=9, x0=386888403
P1, tp=9, ts=9, x0=2568354
P3, tp=9, ts=9, x0=112192426
P1, tp=9, ts=9, x0=813586596
P3, tp=9, ts=9, x0=590344382
P0, tp=9, ts=9
P0, tp=9, ts=9
P1, tp=9, ts=9, x0=936759123
P0, tp=9, ts=9
P1, tp=9, ts=9, x0=944009299
P3, tp=9, ts=9, x0=195033435
P1, tp=9, ts=9, x0=923296263
P0, tp=9, ts=9
P2, tp=9, ts=9, x0=743456985, x1=188878972
P2, tp=9, ts=9, x0=122493935, x1=208202698
P3, tp=9, ts=9, x0=418892856
P3, tp=9, ts=9, x0=932609710
P2, tp=9, ts=9, x0=712947938, x1=615641913
P0, tp=9, ts=9
P1, tp=9, ts=9, x0=980705516
P1, tp=9, ts=9, x0=813586596
P2, tp=9, ts=9, x0=567850687, x1=939342317
P1, tp=9, ts=9, x0=23866347
P3, tp=9, ts=9, x0=918798986
P1, tp=9, ts=9, x0=769596647
P0, tp=9, ts=9
P3, tp=9, ts=9, x0=564639792
P1, tp=9, ts=9, x0=615641913
P0, tp=9, ts=9
P2, tp=9, ts=9, x0=457535434, x1=923296263
P0, tp=9, ts=9
P2, tp=9, ts=9, x0=960763133, x1=544701979
P0, tp=9, ts=9
P0, tp=9, ts=9
P1, tp=9, ts=9, x0=386888403
P1, tp=9, ts=9, x0=980705516
P0, tp=9, ts=9
P1, tp=9, ts=9, x0=743456985
P0, tp=9, ts=9
P0, tp=9, ts=9
P3, tp=9, ts=9, x0=9985140
P3, tp=9, ts=9, x0=819798208
P3, tp=9, ts=9, x0=664918509
P3, tp=9, ts=9, x0=918798986
P0, tp=9, ts=9
P2, tp=9, ts=9, x0=721393634, x1=884664752
P2, tp=9, ts=9, x0=532902732, x1=211987089
P3, tp=9, ts=9, x0=963379966
P1, tp=9, ts=9, x0=310156684
P3, tp=9, ts=9, x0=254977997
P2, tp=9, ts=9, x0=254977997, x1=972999477
P3, tp=9, ts=9, x0=26992958
P0, tp=9, ts=9
P3, tp=9, ts=9, x0=743456985
P0, tp=9, ts=9
P0, tp=9, ts=9
P1, tp=9, ts=9, x0=195033435
P1, tp=9, ts=9, x0=615641913
P0, tp=9, ts=9
P2, tp=9, ts=9, x0=337918436, x1=11998615
P3, tp=9, ts=9, x0=345030965
P3, tp=9, ts=9, x0=748084517
P1, tp=9, ts=9, x0=564639792
P2, tp=9, ts=9, x0=997584197, x1=936759123
P3, tp=9, ts=9, x0=379689865
P0, tp=9, ts=9
P2, tp=9, ts=9, x0=239708445, x1=980705516
P2, tp=9, ts=9, x0=211987089, x1=932609710
P0, tp=9, ts=9
P3, tp=9, ts=9, x0=104801715
P3, tp=9, ts=9, x0=918798986
P3, tp=9, ts=9, x0=881216091
P0, tp=9, ts=9
P3, tp=9, ts=9, x0=254977997
P3, tp=9, ts=9, x0=461171800
P1, tp=9, ts=9, x0=842122800
P3, tp=9, ts=9, x0=781601832
P3, tp=9, ts=9, x0=112306834
P2, tp=9, ts=9, x0=844293749, x1=564639792
P1, tp=9, ts=9, x0=997584197
P1, tp=9, ts=9, x0=923296263
P0, tp=9, ts=9
P1, tp=9, ts=9, x0=2042543
P1, tp=9, ts=9, x0=461171800
P2, tp=9, ts=9, x0=457535434, x1=266747719
P3, tp=9, ts=9, x0=918798986
P3, tp=9, ts=9, x0=379689865
P3, tp=9, ts=9, x0=457535434
P1, tp=9, ts=9, x0=453032614
P0, tp=9, ts=9
P2, tp=9, ts=9, x0=932609710, x1=615641913
P1, tp=9, ts=9, x0=819798208
P1, tp=9, ts=9, x0=923296263
P3, tp=9, ts=9, x0=743456985
P0, tp=9, ts=9
P1, tp=9, ts=9, x0=206750180
P2, tp=9, ts=9, x0=918798986, x1=769596647
P0, tp=9, ts=9
P3, tp=9, ts=9, x0=254977997
P3, tp=9, ts=9, x0=287729989
P2, tp=9, ts=9, x0=461171800, x1=118954638
P1, tp=9, ts=9, x0=960763133
P3, tp=9, ts=9, x0=195033435
P1, tp=9, ts=9, x0=422559397
P0, tp=9, ts=9
P3, tp=9, ts=9, x0=118954638
P2, tp=9, ts=9, x0=939342317, x1=65557192
P0, tp=9, ts=9
P1, tp=9, ts=9, x0=104801715
P2, tp=9, ts=9, x0=297574515, x1=678384546
P2, tp=9, ts=9, x0=547845444, x1=547665196
P2, tp=9, ts=9, x0=767473799, x1=311315550
P2, tp=9, ts=9, x0=136370809, x1=678384546
P2, tp=9, ts=9, x0=65557192, x1=311315550
P3, tp=9, ts=9, x0=5741545
P2, tp=9, ts=9, x0=781601832, x1=224173837
P1, tp=9, ts=9, x0=254977997
P2, tp=9, ts=9, x0=254977997, x1=224173837
P3, tp=9, ts=9, x0=678384546
P1, tp=9, ts=9, x0=5741545
P0, tp=9, ts=9
P3, tp=9, ts=9, x0=743456985
P1, tp=9, ts=9, x0=545902714
P0, tp=9, ts=9
P0, tp=9, ts=9
P3, tp=9, ts=9, x0=972999477
P0, tp=9, ts=9
P3, tp=9, ts=9, x0=297574515
P0, tp=9, ts=9
P0, tp=9, ts=9
P3, tp=9, ts=9, x0=422559397
P2, tp=9, ts=9, x0=386888403, x1=844293749
P1, tp=9, ts=9, x0=564639792
P3, tp=9, ts=9, x0=380580857
P3, tp=9, ts=9, x0=188878972
P0, tp=9, ts=9
P2, tp=9, ts=9, x0=239708445, x1=229122669
P0, tp=9, ts=9
P0, tp=9, ts=9
P2, tp=9, ts=9, x0=589230931, x1=279648100
P0, tp=9, ts=9
P3, tp=9, ts=9, x0=819798208
P1, tp=9, ts=9, x0=11998615
P1, tp=9, ts=9, x0=112306834
P3, tp=9, ts=9, x0=172972170
P1, tp=9, ts=9, x0=49151050
P2, tp=9, ts=9, x0=879001706, x1=271567608
P3, tp=9, ts=9, x0=674041665
P2, tp=9, ts=9, x0=17535076, x1=26992958
P3, tp=9, ts=9, x0=300985657
P2, tp=9, ts=9, x0=406368118, x1=35442257
P2, tp=9, ts=9, x0=936759123, x1=726983517
P2, tp=9, ts=9, x0=999030804, x1=415232822
P1, tp=9, ts=9, x0=997584197
P3, tp=9, ts=9, x0=590344382
P1, tp=9, ts=9, x0=684343700
P1, tp=9, ts=9, x0=944009299
P2, tp=9, ts=9, x0=726983517, x1=180731078
P1, tp=9, ts=9, x0=842122800
P3, tp=9, ts=9, x0=2042543
P2, tp=9, ts=9, x0=386888403, x1=525692958
P2, tp=9, ts=9, x0=195033435, x1=700816526
P3, tp=9, ts=9, x0=547665196
P0, tp=9, ts=9
P2, tp=9, ts=9, x0=960763133, x1=271567608
P3, tp=9, ts=9, x0=136370809
P0, tp=9, ts=9
P1, tp=9, ts=9, x0=781601832
P3, tp=9, ts=9, x0=918863245
P3, tp=9, ts=9, x0=635058679
P0, tp=9, ts=9
P0, tp=9, ts=9
P2, tp=9, ts=9, x0=547845444, x1=532902732
P0, tp=9, ts=9
P3, tp=9, ts=9, x0=2042543
P3, tp=9, ts=9, x0=706597374
P1, tp=9, ts=9, x0=939342317
P2, tp=9, ts=9, x0=918863245, x1=544701979
P3, tp=9, ts=9, x0=112192426
P3, tp=9, ts=9, x0=297574515
P1, tp=9, ts=9, x0=26992958
P1, tp=9, ts=9, x0=842122800
P3, tp=9, ts=9, x0=520570224
P0, tp=9, ts=9
P3, tp=9, ts=9, x0=635058679
P0, tp=9, ts=9
P3, tp=9, ts=9, x0=934948706
P1, tp=9, ts=9, x0=951760062
P3, tp=9, ts=9, x0=287729989
P3, tp=9, ts=9, x0=939342317
P0, tp=9, ts=9
P2, tp=9, ts=9, x0=118954638, x1=254977997
P0, tp=9, ts=9
P3, tp=9, ts=9, x0=136370809
P1, tp=9, ts=9, x0=406368118
P3, tp=9, ts=9, x0=963379966
P0, tp=9, ts=9
P3, tp=9, ts=9, x0=386888403
P1, tp=9, ts=9, x0=26992958
P0, tp=9, ts=9
P1, tp=9, ts=9, x0=712947938
P3, tp=9, ts=9, x0=700816526
P0, tp=9, ts=9
P3, tp=9, ts=9, x0=545902714
P1, tp=9, ts=9, x0=452185321
P0, tp=9, ts=9
P1, tp=9, ts=9, x0=122493935
P0, tp=9, ts=9
P0, tp=9, ts=9
P2, tp=9, ts=9, x0=308581288, x1=960763133
P1, tp=9, ts=9, x0=806431899
P1, tp=9, ts=9, x0=461171800
P0, tp=9, ts=9
P1, tp=9, ts=9, x0=409121799
P0, tp=9, ts=9
P3, tp=9, ts=9, x0=112192426
P3, tp=9, ts=9, x0=136370809
P2, tp=9, ts=9, x0=118954638, x1=112192426
P3, tp=9, ts=9, x0=266747719
P2, tp=9, ts=9, x0=461171800, x1=997584197
P2, tp=9, ts=9, x0=112306834, x1=26992958
P2, tp=9, ts=9, x0=9985140, x1=554526673
P2, tp=9, ts=9, x0=136370809, x1=590344382
P3, tp=9, ts=9, x0=999030804
P2, tp=9, ts=9, x0=2568354, x1=547665196
P2, tp=9, ts=9, x0=951760062, x1=176147209
P1, tp=9, ts=9, x0=406368118
P1, tp=9, ts=9, x0=226579847
P1, tp=9, ts=9, x0=554526673
P3, tp=9, ts=9, x0=211987089
P3, tp=9, ts=9, x0=104801715
P3, tp=9, ts=9, x0=706597374
P2, tp=9, ts=9, x0=700816526, x1=635058679
P2, tp=9, ts=9, x0=136370809, x1=406368118
P1, tp=9, ts=9, x0=769596647
P1, tp=9, ts=9, x0=461171800
P2, tp=9, ts=9, x0=960763133, x1=674041665
P3, tp=9, ts=9, x0=980705516
P2, tp=9, ts=9, x0=999030804, x1=538457406
P0, tp=9, ts=9
P3, tp=9, ts=9, x0=337596192
P1, tp=9, ts=9, x0=772445030
P2, tp=9, ts=9, x0=823920997, x1=211987089
P3, tp=9, ts=9, x0=934948706
P3, tp=9, ts=9, x0=445381403
P2, tp=9, ts=9, x0=763285467, x1=513426834
P0, tp=9, ts=9
P3, tp=9, ts=9, x0=461171800
P0, tp=9, ts=9
P1, tp=9, ts=9, x0=176147209
P0, tp=9, ts=9
P1, tp=9, ts=9, x0=999030804
P3, tp=9, ts=9, x0=904933081
P1, tp=9, ts=9, x0=112192426
P3, tp=9, ts=9, x0=918863245
P0, tp=9, ts=9
P0, tp=9, ts=9
P3, tp=9, ts=9, x0=997584197
P1, tp=9, ts=9, x0=287729989
P1, tp=9, ts=9, x0=9985140
P2, tp=9, ts=9, x0=266747719, x1=224173837
P3, tp=9, ts=9, x0=842122800
P2, tp=9, ts=9, x0=457535434, x1=224173837
P0, tp=9, ts=9
P3, tp=9, ts=9, x0=963379966
P2, tp=9, ts=9, x0=457535434, x1=823920997
P3, tp=9, ts=9, x0=769596647
P1, tp=9, ts=9, x0=544701979
P0, tp=9, ts=9
P2, tp=9, ts=9, x0=684343700, x1=844293749
P0, tp=9, ts=9
P0, tp=9, ts=9
P3, tp=9, ts=9, x0=532902732
P0, tp=9, ts=9
P2, tp=9, ts=9, x0=176147209, x1=380580857
P3, tp=9, ts=9, x0=337918436
P2, tp=9, ts=9, x0=337596192, x1=297574515
P2, tp=9, ts=9, x0=781601832, x1=422559397
P3, tp=9, ts=9, x0=743456985
P0, tp=9, ts=9
P2, tp=9, ts=9, x0=409121799, x1=297574515
P1, tp=9, ts=9, x0=772445030
P3, tp=9, ts=9, x0=842122800
P0, tp=9, ts=9
P2, tp=9, ts=9, x0=544701979, x1=706597374
P3, tp=9, ts=9, x0=9985140
P1, tp=9, ts=9, x0=712947938
P3, tp=9, ts=9, x0=5741545
P2, tp=9, ts=9, x0=525692958, x1=538457406
P0, tp=9, ts=9
P3, tp=9, ts=9, x0=726983517
P0, tp=9, ts=9
P0, tp=9, ts=9
P1, tp=9, ts=9, x0=287729989
P0, tp=9, ts=9
P1, tp=9, ts=9, x0=590344382
P1, tp=9, ts=9, x0=9985140
P2, tp=9, ts=9, x0=112306834, x1=590344382
P3, tp=9, ts=9, x0=943928499
P3, tp=9, ts=9, x0=415232822
P0, tp=9, ts=9
P3, tp=9, ts=9, x0=712947938
P0, tp=9, ts=9
P2, tp=9, ts=9, x0=9985140, x1=125465599
P0, tp=9, ts=9
P0, tp=9, ts=9
P2, tp=9, ts=9, x0=72384031, x1=26992958
P2, tp=9, ts=9, x0=525692958, x1=457535434
P0, tp=9, ts=9
P1, tp=9, ts=9, x0=195033435
P2, tp=9, ts=9, x0=23866347, x1=642376088
P3, tp=9, ts=9, x0=457535434
P3, tp=9, ts=9, x0=224173837
P0, tp=9, ts=9
P0, tp=9, ts=9
P0, tp=9, ts=9
P1, tp=9, ts=9, x0=71041447
P0, tp=9, ts=9
P0, tp=9, ts=9
P0, tp=9, ts=9
P3, tp=9, ts=9, x0=195033435
P0, tp=9, ts=9
P2, tp=9, ts=9, x0=980705516, x1=445381403
P1, tp=9, ts=9, x0=943928499
P2, tp=9, ts=9, x0=678384546, x1=999030804
P3, tp=9, ts=9, x0=453032614
P3, tp=9, ts=9, x0=513426834
P2, tp=9, ts=9, x0=743456985, x1=492290108
P0, tp=9, ts=9
P3, tp=9, ts=9, x0=188878972
P2, tp=9, ts=9, x0=997584197, x1=266747719
P1, tp=9, ts=9, x0=176147209
P3, tp=9, ts=9, x0=35442257
P0, tp=9, ts=9
P2, tp=9, ts=9, x0=337596192, x1=538457406
P1, tp=9, ts=9, x0=772445030
P1, tp=9, ts=9, x0=104801715
P1, tp=9, ts=9, x0=772445030
P3, tp=9, ts=9, x0=303443498
P1, tp=9, ts=9, x0=819798208
P1, tp=9, ts=9, x0=380580857
P1, tp=9, ts=9, x0=125465599
P3, tp=9, ts=9, x0=999030804
P0, tp=9, ts=9
P2, tp=9, ts=9, x0=997584197, x1=345030965
P2, tp=9, ts=9, x0=769596647, x1=118954638
P2, tp=9, ts=9, x0=311315550, x1=180731078
P1, tp=9, ts=9, x0=345030965
P2, tp=9, ts=9, x0=678384546, x1=642376088
P1, tp=9, ts=9, x0=461171800
P2, tp=9, ts=9, x0=674041665, x1=226579847
P2, tp=9, ts=9, x0=5741545, x1=674041665
P3, tp=9, ts=9, x0=5741545
P3, tp=9, ts=9, x0=35442257
P1, tp=9, ts=9, x0=943928499
P0, tp=9, ts=9
P3, tp=9, ts=9, x0=122493935
P1, tp=9, ts=9, x0=182492385
P3, tp=9, ts=9, x0=943928499
P0, tp=9, ts=9
P0, tp=9, ts=9
P1, tp=9, ts=9, x0=71041447
P1, tp=9, ts=9, x0=918863245
P0, tp=9, ts=9
P2, tp=9, ts=9, x0=2568354, x1=125465599
P3, tp=9, ts=9, x0=547665196
P0, tp=9, ts=9
P3, tp=9, ts=9, x0=678384546
P2, tp=9, ts=9, x0=963379966, x1=538457406
P0, tp=9, ts=9
P2, tp=9, ts=9, x0=345030965, x1=287729989
P1, tp=9, ts=9, x0=904933081
P1, tp=9, ts=9, x0=844293749
P2, tp=9, ts=9, x0=674041665, x1=943928499
P3, tp=9, ts=9, x0=532902732
P3, tp=9, ts=9, x0=195033435
P0, tp=9, ts=9
P3, tp=9, ts=9, x0=513426834
P3, tp=9, ts=9, x0=2042543
P2, tp=9, ts=9, x0=201613029, x1=532902732
P2, tp=9, ts=9, x0=297574515, x1=934948706
P0, tp=9, ts=9
P3, tp=9, ts=9, x0=819798208
P2, tp=9, ts=9, x0=11998615, x1=492290108
P0, tp=9, ts=9
P3, tp=9, ts=9, x0=914774884
P2, tp=9, ts=9, x0=406368118, x1=997989984
P1, tp=9, ts=9, x0=380580857
P3, tp=9, ts=9, x0=297574515
P0, tp=9, ts=9
P0, tp=9, ts=9
P2, tp=9, ts=9, x0=112192426, x1=842122800
P0, tp=9, ts=9
P2, tp=9, ts=9, x0=743456985, x1=122493935
P1, tp=9, ts=9, x0=547665196
P3, tp=9, ts=9, x0=678384546
P0, tp=9, ts=9
P2, tp=9, ts=9, x0=960763133, x1=211987089
P0, tp=9, ts=9
P2, tp=9, ts=9, x0=494890671, x1=914774884
P3, tp=9, ts=9, x0=635058679
P3, tp=9, ts=9, x0=678384546
P2, tp=9, ts=9, x0=795300578, x1=412780162
P0, tp=9, ts=9
P3, tp=9, ts=9, x0=112192426
P0, tp=9, ts=9
P1, tp=9, ts=9, x0=538457406
P3, tp=9, ts=9, x0=706597374
P3, tp=9, ts=9, x0=795300578
P2, tp=9, ts=9, x0=547845444, x1=182492385
P2, tp=9, ts=9, x0=17535076, x1=118954638
P1, tp=9, ts=9, x0=266747719
P0, tp=9, ts=9
P2, tp=9, ts=9, x0=409121799, x1=525692958
P3, tp=9, ts=9, x0=211987089
P1, tp=9, ts=9, x0=743456985
P0, tp=9, ts=9
P1, tp=9, ts=9, x0=923296263
P3, tp=9, ts=9, x0=494890671
P0, tp=9, ts=9
P2, tp=9, ts=9, x0=251511563, x1=960763133
P2, tp=9, ts=9, x0=547845444, x1=188878972
P2, tp=9, ts=9, x0=496702222, x1=311315550
P2, tp=9, ts=9, x0=516737116, x1=934707963
P1, tp=9, ts=9, x0=494890671
P1, tp=9, ts=9, x0=684343700
P3, tp=9, ts=9, x0=53638880
P0, tp=9, ts=9
P2, tp=9, ts=9, x0=176147209, x1=934948706
P3, tp=9, ts=9, x0=406368118
P2, tp=9, ts=9, x0=769596647, x1=635058679
P2, tp=9, ts=9, x0=944009299, x1=532902732
P2, tp=9, ts=9, x0=406368118, x1=11998615
P1, tp=9, ts=9, x0=984592494
P3, tp=9, ts=9, x0=547845444
P0, tp=9, ts=9
P1, tp=9, ts=9, x0=525692958
P0, tp=9, ts=9
P0, tp=9, ts=9
P2, tp=9, ts=9, x0=819798208, x1=112306834
P0, tp=9, ts=9
P1, tp=9, ts=9, x0=287729989
P0, tp=9, ts=9
P3, tp=9, ts=9, x0=406368118
P2, tp=9, ts=9, x0=251511563, x1=545902714
P1, tp=9, ts=9, x0=494890671
P2, tp=9, ts=9, x0=337918436, x1=684343700
P2, tp=9, ts=9, x0=759729708, x1=951760062
P1, tp=9, ts=9, x0=122493935
P2, tp=9, ts=9, x0=251511563, x1=545902714
P3, tp=9, ts=9, x0=936759123
P2, tp=9, ts=9, x0=538457406, x1=452185321
P2, tp=9, ts=9, x0=224173837, x1=297574515
P0, tp=9, ts=9
P1, tp=9, ts=9, x0=122493935
P2, tp=9, ts=9, x0=706597374, x1=934948706
P2, tp=9, ts=9, x0=530534284, x1=602022337
P2, tp=9, ts=9, x0=819798208, x1=813586596
P2, tp=9, ts=9, x0=303443498, x1=176147209
P3, tp=9, ts=9, x0=547665196
P1, tp=9, ts=9, x0=303443498
P2, tp=9, ts=9, x0=287729989, x1=516737116
P0, tp=9, ts=9
P1, tp=9, ts=9, x0=748084517
P0, tp=9, ts=9
P2, tp=9, ts=9, x0=42311534, x1=2042543
P1, tp=9, ts=9, x0=516737116
P0, tp=9, ts=9
P2, tp=9, ts=9, x0=122493935, x1=642376088
P3, tp=9, ts=9, x0=728512992
P3, tp=9, ts=9, x0=918863245
P0, tp=9, ts=9
P0, tp=9, ts=9
P3, tp=9, ts=9, x0=532902732
P0, tp=9, ts=9
P2, tp=9, ts=9, x0=646443325, x1=409121799
P1, tp=9, ts=9, x0=266747719
P1, tp=9, ts=9, x0=904933081
P1, tp=9, ts=9, x0=635058679
P1, tp=9, ts=9, x0=251511563
P0, tp=9, ts=9
P3, tp=9, ts=9, x0=951760062
P0, tp=9, ts=9
P3, tp=9, ts=9, x0=918798986
P0, tp=9, ts=9
P2, tp=9, ts=9, x0=763285467, x1=380580857
P2, tp=9, ts=9, x0=980705516, x1=844293749
P3, tp=9, ts=9, x0=538457406
P0, tp=9, ts=9
P1, tp=9, ts=9, x0=266747719
P0, tp=9, ts=9
P2, tp=9, ts=9, x0=122493935, x1=457535434
P0, tp=9, ts=9
P1, tp=9, ts=9, x0=530534284
P2, tp=9, ts=9, x0=303443498, x1=748084517
P1, tp=9, ts=9, x0=904933081
P2, tp=9, ts=9, x0=26992958, x1=494890671
P0, tp=9, ts=9
P0, tp=9, ts=9
P0, tp=9, ts=9
P1, tp=9, ts=9, x0=81792497
P1, tp=9, ts=9, x0=188626430
P2, tp=9, ts=9, x0=56202885, x1=674943322
P3, tp=9, ts=9, x0=380580857
P3, tp=9, ts=9, x0=457535301
P1, tp=9, ts=9, x0=297574515
P0, tp=9, ts=9
P1, tp=9, ts=9, x0=226579847
P1, tp=9, ts=9, x0=984592494
P2, tp=9, ts=9, x0=300985657, x1=303443498
P0, tp=9, ts=9
P3, tp=9, ts=9, x0=610164751
P0, tp=9, ts=9
P1, tp=9, ts=9, x0=112306834
P1, tp=9, ts=9, x0=297574515
P2, tp=9, ts=9, x0=409121799, x1=409121799
P1, tp=9, ts=9, x0=251511563
P3, tp=9, ts=9, x0=918798986
P0, tp=9, ts=9
P3, tp=9, ts=9, x0=457535434
P3, tp=9, ts=9, x0=118954638
P3, tp=9, ts=9, x0=944009299
P0, tp=9, ts=9
P3, tp=9, ts=9, x0=918798986
P3, tp=9, ts=9, x0=724141872
P1, tp=9, ts=9, x0=53638880
P3, tp=9, ts=9, x0=761772854
P1, tp=9, ts=9, x0=538457406
P3, tp=9, ts=9, x0=81792497
P2, tp=9, ts=9, x0=615641913, x1=615641913
P2, tp=9, ts=9, x0=834715146, x1=610164751
P0, tp=9, ts=9
P0, tp=9, ts=9
P1, tp=9, ts=9, x0=188626430
P0, tp=9, ts=9
P2, tp=9, ts=9, x0=2042543, x1=960763133
P3, tp=9, ts=9, x0=944009299
P2, tp=9, ts=9, x0=409121799, x1=380580857
P0, tp=9, ts=9
P3, tp=9, ts=9, x0=496702222
P2, tp=9, ts=9, x0=242032255, x1=242032255
P2, tp=9, ts=9, x0=315295147, x1=761772854
P0, tp=9, ts=9
P1, tp=9, ts=9, x0=552357329
P0, tp=9, ts=9
P0, tp=9, ts=9
P1, tp=9, ts=9, x0=23866347
P0, tp=9, ts=9
P1, tp=9, ts=9, x0=118954638
P3, tp=9, ts=9, x0=251511563
P3, tp=9, ts=9, x0=71041447
P1, tp=9, ts=9, x0=254977997
P2, tp=9, ts=9, x0=684343700, x1=457535434
P3, tp=9, ts=9, x0=457535301
P1, tp=9, ts=9, x0=547845444
P2, tp=9, ts=9, x0=602022337, x1=380580857
P1, tp=9, ts=9, x0=960763133
P3, tp=9, ts=9, x0=297574515
P0, tp=9, ts=9
P2, tp=9, ts=9, x0=297574515, x1=71041447
P0, tp=9, ts=9
P0, tp=9, ts=9
P3, tp=9, ts=9, x0=362221548
P2, tp=9, ts=9, x0=888298418, x1=674943322
P0, tp=9, ts=9
P1, tp=9, ts=9, x0=380580857
P0, tp=9, ts=9
P1, tp=9, ts=9, x0=452185321
P1, tp=9, ts=9, x0=552357329
P0, tp=9, ts=9
P1, tp=9, ts=9, x0=589870243
P0, tp=9, ts=9
P2, tp=9, ts=9, x0=180731078, x1=513426834
P3, tp=9, ts=9, x0=176147209
P1, tp=9, ts=9, x0=934948706
P3, tp=9, ts=9, x0=748084517
P0, tp=9, ts=9
P0, tp=9, ts=9
P0, tp=9, ts=9
P3, tp=9, ts=9, x0=951760062
P2, tp=9, ts=9, x0=71041447, x1=122493935
P2, tp=9, ts=9, x0=211987089, x1=251511563
P3, tp=9, ts=9, x0=457535434
P1, tp=9, ts=9, x0=300985657
P3, tp=9, ts=9, x0=409121799
P1, tp=9, ts=9, x0=552357329
P1, tp=9, ts=9, x0=362221548
P0, tp=9, ts=9
P3, tp=9, ts=9, x0=552357329
P1, tp=9, ts=9, x0=819798208
P2, tp=9, ts=9, x0=71041447, x1=997989984
P0, tp=9, ts=9
P2, tp=9, ts=9, x0=311315550, x1=759729708
P1, tp=9, ts=9, x0=642376088
P2, tp=9, ts=9, x0=72384031, x1=934948706
P2, tp=9, ts=9, x0=254977997, x1=295992551
P3, tp=9, ts=9, x0=516737116
P0, tp=9, ts=9
P2, tp=9, ts=9, x0=337918436, x1=547845444
P2, tp=9, ts=9, x0=498077065, x1=251511563
P1, tp=9, ts=9, x0=176147209
P0, tp=9, ts=9
P1, tp=9, ts=9, x0=516737116
P1, tp=9, ts=9, x0=307980237
P1, tp=9, ts=9, x0=26992958
P3, tp=9, ts=9, x0=547665196
P0, tp=9, ts=9
P1, tp=9, ts=9, x0=5741545
P3, tp=9, ts=9, x0=589870243
P3, tp=9, ts=9, x0=547845444
P0, tp=9, ts=9
P1, tp=9, ts=9, x0=674943322
P0, tp=9, ts=9
P2, tp=9, ts=9, x0=759729708, x1=830572316
P0, tp=9, ts=9
P2, tp=9, ts=9, x0=997989984, x1=2042543
P2, tp=9, ts=9, x0=547845444, x1=545902714
P0, tp=9, ts=9
P3, tp=9, ts=9, x0=494890671
P1, tp=9, ts=9, x0=748084517
P1, tp=9, ts=9, x0=53638880
P3, tp=9, ts=9, x0=547665196
P2, tp=9, ts=9, x0=72384031, x1=513426834
P2, tp=9, ts=9, x0=498077065, x1=118954638
P2, tp=9, ts=9, x0=266747719, x1=71041447
P3, tp=9, ts=9, x0=674943322
P1, tp=9, ts=9, x0=397266005
P3, tp=9, ts=9, x0=984592494
P3, tp=9, ts=9, x0=176147209
P0, tp=9, ts=9
P3, tp=9, ts=9, x0=904933081
P3, tp=9, ts=9, x0=242032255
P0, tp=9, ts=9
P0, tp=9, ts=9
