P1, tp=0, ts=0, x0=569872521
P3, tp=0, ts=0, x0=373321178, x1=271925315
P1, tp=0, ts=0, x0=328515787
P1, tp=0, ts=0, x0=355617325
P2, tp=0, ts=0, x0=24488068, x1=559514287
P0, tp=0, ts=0
P1, tp=0, ts=0, x0=263078228
P1, tp=0, ts=0, x0=724120811
P1, tp=0, ts=0, x0=782304503
P3, tp=0, ts=0, x0=192577637, x1=148737049
P0, tp=0, ts=0
P3, tp=0, ts=0, x0=606967315, x1=230151851
P1, tp=0, ts=0, x0=790519442
P3, tp=0, ts=0, x0=81676142, x1=870269555
P1, tp=0, ts=0, x0=819702502
P0, tp=0, ts=0
P0, tp=0, ts=0
P3, tp=0, ts=0, x0=55280525, x1=551152087
P0, tp=0, ts=0
P0, tp=0, ts=0
P2, tp=0, ts=0, x0=37375084, x1=107019939
P3, tp=0, ts=0, x0=544727831, x1=226070484
P1, tp=0, ts=0, x0=196980072
P0, tp=0, ts=0
P0, tp=0, ts=0
P2, tp=0, ts=0, x0=16373219, x1=583930965
P1, tp=0, ts=0, x0=240156530
P3, tp=0, ts=0, x0=220272179, x1=18709334
P2, tp=0, ts=0, x0=228331474, x1=973945504
P3, tp=0, ts=0, x0=382513159, x1=298920788
P2, tp=0, ts=0, x0=722268122, x1=105778896
P2, tp=0, ts=0, x0=136297361, x1=248774096
P1, tp=0, ts=0, x0=73269769
P1, tp=0, ts=0, x0=686995935
P2, tp=0, ts=0, x0=666082975, x1=95075313
P0, tp=0, ts=0
P2, tp=0, ts=0, x0=351151922, x1=661315407
P1, tp=0, ts=0, x0=63979174
P1, tp=0, ts=0, x0=648016028
P2, tp=0, ts=0, x0=380855812, x1=912462831
P1, tp=0, ts=0, x0=919034261
P2, tp=0, ts=0, x0=543446181, x1=220762761
P0, tp=0, ts=0
P0, tp=0, ts=0
P1, tp=0, ts=0, x0=790519442
P3, tp=0, ts=0, x0=81676142, x1=240156530
P3, tp=0, ts=0, x0=148737049, x1=328515787
P0, tp=0, ts=0
P1, tp=0, ts=0, x0=298920788
P3, tp=0, ts=0, x0=661315407, x1=583930965
P3, tp=0, ts=0, x0=382513159, x1=559514287
P3, tp=0, ts=0, x0=355617325, x1=107019939
P1, tp=0, ts=0, x0=377301598
P2, tp=0, ts=0, x0=380855812, x1=95075313
P3, tp=0, ts=0, x0=606967315, x1=230151851
P3, tp=0, ts=0, x0=55280525, x1=228331474
P2, tp=0, ts=0, x0=298920788, x1=228331474
P0, tp=0, ts=0
P1, tp=0, ts=0, x0=559514287
P2, tp=0, ts=0, x0=559514287, x1=380855812
P0, tp=0, ts=0
P1, tp=0, ts=0, x0=220272179
P0, tp=0, ts=0
P3, tp=0, ts=0, x0=105778896, x1=248774096
P2, tp=0, ts=0, x0=248774096, x1=230151851
P2, tp=0, ts=0, x0=256810040, x1=380855812
P2, tp=0, ts=0, x0=81676142, x1=648016028
P1, tp=0, ts=0, x0=81676142
P3, tp=0, ts=0, x0=95075313, x1=819702502
P1, tp=0, ts=0, x0=722268122
P0, tp=0, ts=0
P3, tp=0, ts=0, x0=271925315, x1=351151922
P2, tp=0, ts=0, x0=583930965, x1=686995935
P1, tp=0, ts=0, x0=973945504
P3, tp=0, ts=0, x0=782304503, x1=973945504
P2, tp=0, ts=0, x0=351151922, x1=81676142
P0, tp=0, ts=0
P2, tp=0, ts=0, x0=819702502, x1=192577637
P2, tp=0, ts=0, x0=192577637, x1=105778896
P2, tp=0, ts=0, x0=230151851, x1=985896814
P2, tp=0, ts=0, x0=263078228, x1=328515787
P0, tp=0, ts=0
P0, tp=0, ts=0
P2, tp=0, ts=0, x0=551152087, x1=382513159
P1, tp=0, ts=0, x0=271925315
P0, tp=0, ts=0
P2, tp=0, ts=0, x0=271925315, x1=912462831
P1, tp=0, ts=0, x0=256810040
P2, tp=0, ts=0, x0=351151922, x1=790519442
P2, tp=0, ts=0, x0=648016028, x1=226070484
P3, tp=0, ts=0, x0=880892020, x1=583930965
P1, tp=0, ts=0, x0=196980072
P3, tp=0, ts=0, x0=263078228, x1=63979174
P2, tp=0, ts=0, x0=192577637, x1=136297361
P3, tp=0, ts=0, x0=724120811, x1=880892020
P3, tp=0, ts=0, x0=380855812, x1=559514287
P0, tp=0, ts=0
P0, tp=0, ts=0
P1, tp=0, ts=0, x0=648016028
P0, tp=0, ts=0
P3, tp=0, ts=0, x0=572980714, x1=870269555
P1, tp=0, ts=0, x0=819702502
P2, tp=0, ts=0, x0=148737049, x1=55280525
P1, tp=0, ts=0, x0=328515787
P2, tp=0, ts=0, x0=544727831, x1=661315407
P2, tp=0, ts=0, x0=782304503, x1=912462831
P3, tp=0, ts=0, x0=973945504, x1=686995935
P0, tp=0, ts=0
P1, tp=0, ts=0, x0=489398226
P2, tp=0, ts=0, x0=373321178, x1=148737049
P1, tp=0, ts=0, x0=355617325
P2, tp=0, ts=0, x0=226070484, x1=18709334
P1, tp=0, ts=0, x0=666082975
P3, tp=0, ts=0, x0=606967315, x1=248774096
P0, tp=0, ts=0
P1, tp=0, ts=0, x0=95075313
P0, tp=0, ts=0
P2, tp=0, ts=0, x0=870269555, x1=722268122
P1, tp=0, ts=0, x0=661315407
P2, tp=0, ts=0, x0=263078228, x1=105778896
P3, tp=0, ts=0, x0=489398226, x1=559514287
P2, tp=0, ts=0, x0=328515787, x1=572980714
P0, tp=0, ts=0
P2, tp=0, ts=0, x0=985896814, x1=782304503
P3, tp=0, ts=0, x0=263078228, x1=782304503
P1, tp=0, ts=0, x0=382513159
P0, tp=0, ts=0
P3, tp=0, ts=0, x0=136297361, x1=228331474
P0, tp=0, ts=0
P3, tp=0, ts=0, x0=196980072, x1=382513159
P1, tp=0, ts=0, x0=136297361
P3, tp=0, ts=0, x0=24488068, x1=666082975
P3, tp=0, ts=0, x0=55280525, x1=220762761
P0, tp=0, ts=0
P1, tp=0, ts=0, x0=819702502
P2, tp=0, ts=0, x0=606967315, x1=489398226
P2, tp=0, ts=0, x0=351151922, x1=107019939
P1, tp=0, ts=0, x0=220762761
P2, tp=0, ts=0, x0=377301598, x1=543446181
P3, tp=0, ts=0, x0=572980714, x1=572980714
P3, tp=0, ts=0, x0=569872521, x1=220762761
P2, tp=0, ts=0, x0=661315407, x1=880892020
P1, tp=0, ts=0, x0=606967315
P0, tp=0, ts=0
P1, tp=0, ts=0, x0=55280525
P0, tp=0, ts=0
P3, tp=0, ts=0, x0=782304503, x1=985896814
P1, tp=0, ts=0, x0=919034261
P3, tp=0, ts=0, x0=230151851, x1=220762761
P1, tp=0, ts=0, x0=240156530
P1, tp=0, ts=0, x0=328515787
P2, tp=0, ts=0, x0=790519442, x1=220762761
P1, tp=0, ts=0, x0=819702502
P0, tp=0, ts=0
P0, tp=0, ts=0
P1, tp=0, ts=0, x0=973945504
P1, tp=0, ts=0, x0=661315407
P2, tp=0, ts=0, x0=382513159, x1=544727831
P3, tp=0, ts=0, x0=136297361, x1=572980714
P2, tp=0, ts=0, x0=271925315, x1=377301598
P0, tp=0, ts=0
P2, tp=0, ts=0, x0=105778896, x1=544727831
P3, tp=0, ts=0, x0=870269555, x1=790519442
P0, tp=0, ts=0
P2, tp=0, ts=0, x0=973945504, x1=192577637
P3, tp=0, ts=0, x0=107019939, x1=880892020
P0, tp=0, ts=0
P0, tp=0, ts=0
P0, tp=0, ts=0
P1, tp=0, ts=0, x0=569872521
P2, tp=0, ts=0, x0=870269555, x1=229017227
P1, tp=0, ts=0, x0=870269555
P1, tp=0, ts=0, x0=544727831
P1, tp=0, ts=0, x0=569872521
P0, tp=0, ts=0
P3, tp=0, ts=0, x0=870269555, x1=355617325
P0, tp=0, ts=0
P2, tp=0, ts=0, x0=819702502, x1=136297361
P0, tp=0, ts=0
P2, tp=0, ts=0, x0=271925315, x1=328515787
P0, tp=0, ts=0
P3, tp=0, ts=0, x0=870269555, x1=380855812
P3, tp=0, ts=0, x0=973945504, x1=16373219
P0, tp=0, ts=0
P1, tp=0, ts=0, x0=619099167
P0, tp=0, ts=0
P3, tp=0, ts=0, x0=355617325, x1=382513159
P2, tp=0, ts=0, x0=912462831, x1=192577637
P3, tp=0, ts=0, x0=722268122, x1=686995935
P0, tp=0, ts=0
P2, tp=0, ts=0, x0=880892020, x1=661315407
P0, tp=0, ts=0
P3, tp=0, ts=0, x0=328515787, x1=107019939
P1, tp=0, ts=0, x0=583930965
P0, tp=0, ts=0
P3, tp=0, ts=0, x0=973945504, x1=666082975
P2, tp=0, ts=0, x0=543446181, x1=18709334
P1, tp=0, ts=0, x0=569872521
P1, tp=0, ts=0, x0=271925315
P1, tp=0, ts=0, x0=380855812
P0, tp=0, ts=0
P1, tp=0, ts=0, x0=18709334
P1, tp=0, ts=0, x0=81676142
P0, tp=0, ts=0
P0, tp=0, ts=0
P2, tp=0, ts=0, x0=874772219, x1=569872521
P1, tp=0, ts=0, x0=226070484
P0, tp=0, ts=0
P1, tp=0, ts=0, x0=820372790
P3, tp=0, ts=0, x0=377301598, x1=55280525
P0, tp=0, ts=0
P3, tp=0, ts=0, x0=923849537, x1=722268122
P1, tp=0, ts=0, x0=264717231
P1, tp=0, ts=0, x0=107019939
P1, tp=0, ts=0, x0=105778896
P3, tp=0, ts=0, x0=55280525, x1=648016028
P1, tp=0, ts=0, x0=569872521
P3, tp=0, ts=0, x0=377301598, x1=226070484
P3, tp=0, ts=0, x0=355617325, x1=373321178
P2, tp=0, ts=0, x0=805108624, x1=724120811
P3, tp=0, ts=0, x0=63979174, x1=351151922
P2, tp=0, ts=0, x0=192577637, x1=16373219
P1, tp=0, ts=0, x0=874772219
P1, tp=0, ts=0, x0=162064551
P1, tp=0, ts=0, x0=220762761
P1, tp=0, ts=0, x0=264717231
P0, tp=0, ts=0
P0, tp=0, ts=0
P2, tp=0, ts=0, x0=402685836, x1=229017227
P2, tp=0, ts=0, x0=782304503, x1=73269769
P3, tp=0, ts=0, x0=648016028, x1=162064551
P0, tp=0, ts=0
P1, tp=0, ts=0, x0=63979174
P2, tp=0, ts=0, x0=55189268, x1=583930965
P1, tp=0, ts=0, x0=18709334
P3, tp=0, ts=0, x0=18709334, x1=95075313
P3, tp=0, ts=0, x0=985896814, x1=226070484
P1, tp=0, ts=0, x0=18709334
P2, tp=0, ts=0, x0=790519442, x1=569872521
P2, tp=0, ts=0, x0=606967315, x1=569872521
P1, tp=0, ts=0, x0=196980072
P3, tp=0, ts=0, x0=81676142, x1=805108624
P0, tp=0, ts=0
P2, tp=0, ts=0, x0=380855812, x1=543446181
P3, tp=0, ts=0, x0=196980072, x1=264717231
P2, tp=0, ts=0, x0=648016028, x1=583930965
P3, tp=0, ts=0, x0=55280525, x1=226070484
P1, tp=0, ts=0, x0=382513159
P2, tp=0, ts=0, x0=648016028, x1=373321178
P3, tp=0, ts=0, x0=18709334, x1=619099167
P1, tp=0, ts=0, x0=724120811
P1, tp=0, ts=0, x0=661315407
P1, tp=0, ts=0, x0=544727831
P0, tp=0, ts=0
P1, tp=0, ts=0, x0=86613343
P2, tp=0, ts=0, x0=105778896, x1=569872521
P0, tp=0, ts=0
P0, tp=0, ts=0
P3, tp=0, ts=0, x0=229017227, x1=148737049
P2, tp=0, ts=0, x0=373321178, x1=136297361
P1, tp=0, ts=0, x0=18709334
P1, tp=0, ts=0, x0=148737049
P0, tp=0, ts=0
P1, tp=0, ts=0, x0=55189268
P2, tp=0, ts=0, x0=805108624, x1=106941453
P3, tp=0, ts=0, x0=380855812, x1=373321178
P2, tp=0, ts=0, x0=148737049, x1=790519442
P3, tp=0, ts=0, x0=229017227, x1=648016028
P2, tp=0, ts=0, x0=583930965, x1=805108624
P3, tp=0, ts=0, x0=63979174, x1=105778896
P1, tp=0, ts=0, x0=572980714
P1, tp=0, ts=0, x0=86613343
P0, tp=0, ts=0
P3, tp=0, ts=0, x0=377301598, x1=55280525
P3, tp=0, ts=0, x0=551152087, x1=196980072
P2, tp=0, ts=0, x0=351151922, x1=819702502
P3, tp=0, ts=0, x0=162064551, x1=870269555
P2, tp=0, ts=0, x0=81676142, x1=868752
P0, tp=0, ts=0
P2, tp=0, ts=0, x0=148737049, x1=774389284
P1, tp=0, ts=0, x0=228331474
P1, tp=0, ts=0, x0=95075313
P0, tp=0, ts=0
P1, tp=0, ts=0, x0=106941453
P1, tp=0, ts=0, x0=73269769
P1, tp=0, ts=0, x0=932761930
P2, tp=0, ts=0, x0=648016028, x1=248774096
P2, tp=0, ts=0, x0=230151851, x1=220762761
P0, tp=0, ts=0
P3, tp=0, ts=0, x0=63979174, x1=820372790
P1, tp=0, ts=0, x0=790519442
P3, tp=0, ts=0, x0=192577637, x1=543446181
P0, tp=0, ts=0
P3, tp=0, ts=0, x0=919034261, x1=868752
P0, tp=0, ts=0
P1, tp=0, ts=0, x0=870269555
P2, tp=0, ts=0, x0=240156530, x1=407155559
P3, tp=0, ts=0, x0=606967315, x1=86613343
P0, tp=0, ts=0
P2, tp=0, ts=0, x0=351151922, x1=230151851
P0, tp=0, ts=0
P2, tp=0, ts=0, x0=606967315, x1=619099167
P3, tp=0, ts=0, x0=24488068, x1=938313187
P2, tp=0, ts=0, x0=220272179, x1=724120811
P2, tp=0, ts=0, x0=489398226, x1=569872521
P0, tp=0, ts=0
P1, tp=0, ts=0, x0=106941453
P0, tp=0, ts=0
P2, tp=0, ts=0, x0=880892020, x1=489398226
P1, tp=0, ts=0, x0=355617325
P2, tp=0, ts=0, x0=162064551, x1=264717231
P2, tp=0, ts=0, x0=819702502, x1=569872521
P2, tp=0, ts=0, x0=16373219, x1=870269555
P2, tp=0, ts=0, x0=912462831, x1=247451804
P3, tp=0, ts=0, x0=258812422, x1=973945504
P1, tp=0, ts=0, x0=220272179
P3, tp=0, ts=0, x0=938313187, x1=258812422
P3, tp=0, ts=0, x0=355617325, x1=819702502
P3, tp=0, ts=0, x0=223385425, x1=223385425
P2, tp=0, ts=0, x0=923849537, x1=874772219
P1, tp=0, ts=0, x0=666082975
P2, tp=0, ts=0, x0=373321178, x1=380855812
P0, tp=0, ts=0
P2, tp=0, ts=0, x0=226070484, x1=247451804
P0, tp=0, ts=0
P1, tp=0, ts=0, x0=377301598
P2, tp=0, ts=0, x0=223385425, x1=832292528
P0, tp=0, ts=0
P1, tp=0, ts=0, x0=661315407
P0, tp=0, ts=0
P1, tp=0, ts=0, x0=55280525
P2, tp=0, ts=0, x0=407155559, x1=382513159
P3, tp=0, ts=0, x0=18709334, x1=328515787
P3, tp=0, ts=0, x0=16373219, x1=868752
P1, tp=0, ts=0, x0=724120811
P0, tp=0, ts=0
P3, tp=0, ts=0, x0=86613343, x1=86613343
P3, tp=0, ts=0, x0=722268122, x1=258812422
P2, tp=0, ts=0, x0=790519442, x1=136297361
P3, tp=0, ts=0, x0=147351334, x1=938313187
P3, tp=0, ts=0, x0=543446181, x1=230151851
P1, tp=0, ts=0, x0=583930965
P1, tp=0, ts=0, x0=612672219
P3, tp=0, ts=0, x0=572980714, x1=544727831
P2, tp=0, ts=0, x0=162064551, x1=162064551
P2, tp=0, ts=0, x0=351151922, x1=328515787
P3, tp=0, ts=0, x0=544727831, x1=382513159
P1, tp=0, ts=0, x0=105778896
P0, tp=0, ts=0
P1, tp=0, ts=0, x0=220272179
P2, tp=0, ts=0, x0=351151922, x1=86613343
P1, tp=0, ts=0, x0=973945504
P0, tp=0, ts=0
P3, tp=0, ts=0, x0=973945504, x1=546883605
P2, tp=0, ts=0, x0=228331474, x1=271925315
P0, tp=0, ts=0
P1, tp=0, ts=0, x0=619099167
P1, tp=0, ts=0, x0=832292528
P3, tp=0, ts=0, x0=559514287, x1=489398226
P3, tp=0, ts=0, x0=247451804, x1=355617325
P1, tp=0, ts=0, x0=919034261
P3, tp=0, ts=0, x0=248774096, x1=18709334
P0, tp=0, ts=0
P0, tp=0, ts=0
P3, tp=0, ts=0, x0=18709334, x1=870269555
P3, tp=0, ts=0, x0=148737049, x1=922553667
P0, tp=0, ts=0
P0, tp=0, ts=0
P1, tp=0, ts=0, x0=263078228
P0, tp=0, ts=0
P3, tp=0, ts=0, x0=256810040, x1=922553667
P1, tp=0, ts=0, x0=1094701
P3, tp=0, ts=0, x0=619099167, x1=922553667
P1, tp=0, ts=0, x0=938313187
P1, tp=0, ts=0, x0=544727831
P2, tp=0, ts=0, x0=55189268, x1=464873326
P2, tp=0, ts=0, x0=543446181, x1=380855812
P1, tp=0, ts=0, x0=288408177
P3, tp=0, ts=0, x0=971873277, x1=355617325
P1, tp=0, ts=0, x0=569872521
P1, tp=0, ts=0, x0=819702502
P0, tp=0, ts=0
P1, tp=0, ts=0, x0=256810040
P2, tp=0, ts=0, x0=919034261, x1=965469729
P0, tp=0, ts=0
P2, tp=0, ts=0, x0=479181615, x1=782304503
P1, tp=0, ts=0, x0=661315407
P2, tp=0, ts=0, x0=666082975, x1=16373219
P3, tp=0, ts=0, x0=489398226, x1=148737049
P3, tp=0, ts=0, x0=782304503, x1=774389284
P1, tp=0, ts=0, x0=220762761
P0, tp=0, ts=0
P2, tp=0, ts=0, x0=148737049, x1=870269555
P3, tp=0, ts=0, x0=192577637, x1=365186891
P2, tp=0, ts=0, x0=229017227, x1=226070484
P0, tp=0, ts=0
P1, tp=0, ts=0, x0=380855812
P2, tp=0, ts=0, x0=402685836, x1=572980714
P3, tp=0, ts=0, x0=16373219, x1=407155559
P0, tp=0, ts=0
P1, tp=0, ts=0, x0=938313187
P3, tp=0, ts=0, x0=666082975, x1=288408177
P0, tp=0, ts=0
P1, tp=0, ts=0, x0=666082975
P0, tp=0, ts=0
P3, tp=0, ts=0, x0=106941453, x1=880892020
P2, tp=0, ts=0, x0=546883605, x1=425257936
P1, tp=0, ts=0, x0=106941453
P1, tp=0, ts=0, x0=870269555
P2, tp=0, ts=0, x0=196220976, x1=722268122
P1, tp=0, ts=0, x0=569872521
P3, tp=0, ts=0, x0=37375084, x1=196980072
P0, tp=0, ts=0
P2, tp=0, ts=0, x0=63979174, x1=612672219
P0, tp=0, ts=0
P0, tp=0, ts=0
P2, tp=0, ts=0, x0=73269769, x1=95075313
P3, tp=0, ts=0, x0=912462831, x1=63979174
P0, tp=0, ts=0
P2, tp=0, ts=0, x0=105778896, x1=805108624
P3, tp=0, ts=0, x0=648016028, x1=569872521
P2, tp=0, ts=0, x0=832292528, x1=106941453
P1, tp=0, ts=0, x0=55189268
P0, tp=0, ts=0
P2, tp=0, ts=0, x0=666082975, x1=226070484
P0, tp=0, ts=0
P0, tp=0, ts=0
P3, tp=0, ts=0, x0=377301598, x1=853073828
P2, tp=0, ts=0, x0=328515787, x1=258812422
P3, tp=0, ts=0, x0=648016028, x1=18709334
P3, tp=0, ts=0, x0=63979174, x1=407155559
P3, tp=0, ts=0, x0=37375084, x1=298920788
P2, tp=0, ts=0, x0=382513159, x1=912462831
P3, tp=0, ts=0, x0=572980714, x1=196220976
P2, tp=0, ts=0, x0=543446181, x1=56816293
P3, tp=0, ts=0, x0=489398226, x1=73269769
P2, tp=0, ts=0, x0=56816293, x1=790519442
P1, tp=0, ts=0, x0=539673604
P3, tp=0, ts=0, x0=868752, x1=820372790
P0, tp=0, ts=0
P0, tp=0, ts=0
P0, tp=0, ts=0
P2, tp=0, ts=0, x0=551152087, x1=819702502
P3, tp=0, ts=0, x0=192577637, x1=226070484
P3, tp=0, ts=0, x0=805108624, x1=288408177
P1, tp=0, ts=0, x0=407155559
P2, tp=0, ts=0, x0=774389284, x1=247196207
P2, tp=0, ts=0, x0=880892020, x1=919034261
P1, tp=0, ts=0, x0=805108624
P0, tp=0, ts=0
P2, tp=0, ts=0, x0=380855812, x1=1094701
P0, tp=0, ts=0
P1, tp=0, ts=0, x0=479181615
P1, tp=0, ts=0, x0=228331474
P3, tp=0, ts=0, x0=271925315, x1=136297361
P0, tp=0, ts=0
P1, tp=0, ts=0, x0=264717231
P2, tp=0, ts=0, x0=790519442, x1=420569102
P0, tp=0, ts=0
P2, tp=0, ts=0, x0=45158346, x1=136297361
P3, tp=0, ts=0, x0=55189268, x1=355617325
P3, tp=0, ts=0, x0=24488068, x1=724120811
P0, tp=0, ts=0
P0, tp=0, ts=0
P0, tp=0, ts=0
P0, tp=0, ts=0
P3, tp=0, ts=0, x0=258812422, x1=965469729
P2, tp=0, ts=0, x0=86613343, x1=744649928
P2, tp=0, ts=0, x0=464873326, x1=489398226
P3, tp=0, ts=0, x0=973945504, x1=686995935
P1, tp=0, ts=0, x0=240156530
P0, tp=0, ts=0
P2, tp=0, ts=0, x0=774389284, x1=256810040
P0, tp=0, ts=0
P0, tp=0, ts=0
P1, tp=0, ts=0, x0=938313187
P2, tp=0, ts=0, x0=619099167, x1=868752
P3, tp=0, ts=0, x0=965469729, x1=74447440
P0, tp=0, ts=0
P2, tp=0, ts=0, x0=479181615, x1=938313187
P2, tp=0, ts=0, x0=661315407, x1=551152087
P1, tp=0, ts=0, x0=543446181
P0, tp=0, ts=0
P2, tp=0, ts=0, x0=105778896, x1=544727831
P0, tp=0, ts=0
P2, tp=0, ts=0, x0=479181615, x1=298920788
P1, tp=0, ts=0, x0=228331474
P0, tp=0, ts=0
P1, tp=0, ts=0, x0=55280525
P0, tp=0, ts=0
P1, tp=0, ts=0, x0=74447440
P3, tp=0, ts=0, x0=136297361, x1=74129238
P0, tp=0, ts=0
P1, tp=0, ts=0, x0=147351334
P0, tp=0, ts=0
P1, tp=0, ts=0, x0=183452338
P1, tp=0, ts=0, x0=606967315
P0, tp=0, ts=0
P0, tp=0, ts=0
P1, tp=0, ts=0, x0=819702502
P0, tp=0, ts=0
P3, tp=0, ts=0, x0=583930965, x1=911304320
P1, tp=0, ts=0, x0=738312471
P1, tp=0, ts=0, x0=196980072
P3, tp=0, ts=0, x0=911304320, x1=985896814
P1, tp=0, ts=0, x0=559514287
P1, tp=0, ts=0, x0=595088027
P1, tp=0, ts=0, x0=46411667
P0, tp=0, ts=0
P2, tp=0, ts=0, x0=63979174, x1=380855812
P0, tp=0, ts=0
P1, tp=0, ts=0, x0=45158346
P0, tp=0, ts=0
P2, tp=0, ts=0, x0=192577637, x1=874772219
P1, tp=0, ts=0, x0=220762761
P1, tp=0, ts=0, x0=648016028
P0, tp=0, ts=0
P0, tp=0, ts=0
P1, tp=0, ts=0, x0=648016028
P1, tp=0, ts=0, x0=407155559
P3, tp=0, ts=0, x0=228331474, x1=377301598
P1, tp=0, ts=0, x0=382513159
P2, tp=0, ts=0, x0=912462831, x1=539673604
P2, tp=0, ts=0, x0=229017227, x1=790519442
P0, tp=0, ts=0
P0, tp=0, ts=0
P1, tp=0, ts=0, x0=938313187
P1, tp=0, ts=0, x0=18709334
P0, tp=0, ts=0
P1, tp=0, ts=0, x0=965469729
P1, tp=0, ts=0, x0=263078228
P2, tp=0, ts=0, x0=619099167, x1=820372790
P2, tp=0, ts=0, x0=738312471, x1=922553667
P2, tp=0, ts=0, x0=183452338, x1=489398226
P3, tp=0, ts=0, x0=247196207, x1=559514287
P2, tp=0, ts=0, x0=52165155, x1=971873277
P0, tp=0, ts=0
P0, tp=0, ts=0
P3, tp=0, ts=0, x0=619099167, x1=870269555
P2, tp=0, ts=0, x0=136297361, x1=37375084
P0, tp=0, ts=0
P2, tp=0, ts=0, x0=163395779, x1=820372790
P3, tp=0, ts=0, x0=74447440, x1=380855812
P0, tp=0, ts=0
P1, tp=0, ts=0, x0=298920788
P2, tp=0, ts=0, x0=971873277, x1=382513159
P2, tp=0, ts=0, x0=744649928, x1=919034261
P1, tp=0, ts=0, x0=572980714
P1, tp=0, ts=0, x0=922166512
P2, tp=0, ts=0, x0=619099167, x1=240156530
P3, tp=0, ts=0, x0=744649928, x1=744649928
P3, tp=0, ts=0, x0=880892020, x1=583930965
P2, tp=0, ts=0, x0=248774096, x1=479181615
P0, tp=0, ts=0
P2, tp=0, ts=0, x0=870269555, x1=479181615
P2, tp=0, ts=0, x0=922166512, x1=551152087
P1, tp=0, ts=0, x0=819702502
P3, tp=0, ts=0, x0=65585272, x1=240156530
P0, tp=0, ts=0
P3, tp=0, ts=0, x0=868752, x1=264344249
P1, tp=0, ts=0, x0=16373219
P2, tp=0, ts=0, x0=55189268, x1=938313187
P0, tp=0, ts=0
P2, tp=0, ts=0, x0=220762761, x1=402685836
P3, tp=0, ts=0, x0=787702662, x1=16373219
P0, tp=0, ts=0
P0, tp=0, ts=0
P3, tp=0, ts=0, x0=832292528, x1=52165155
P2, tp=0, ts=0, x0=18709334, x1=258812422
P1, tp=0, ts=0, x0=606967315
P0, tp=0, ts=0
P3, tp=0, ts=0, x0=384243421, x1=377301598
P1, tp=0, ts=0, x0=922553667
P1, tp=0, ts=0, x0=606967315
P2, tp=0, ts=0, x0=223385425, x1=686995935
P3, tp=0, ts=0, x0=790519442, x1=269226724
P0, tp=0, ts=0
P0, tp=0, ts=0
P0, tp=0, ts=0
P2, tp=0, ts=0, x0=938313187, x1=173189939
P3, tp=0, ts=0, x0=240156530, x1=52165155
P2, tp=0, ts=0, x0=365186891, x1=932761930
P1, tp=0, ts=0, x0=269226724
P1, tp=0, ts=0, x0=832292528
P3, tp=0, ts=0, x0=73269769, x1=269226724
P1, tp=0, ts=0, x0=820372790
P1, tp=0, ts=0, x0=973945504
P1, tp=0, ts=0, x0=420569102
P2, tp=0, ts=0, x0=247451804, x1=220762761
P3, tp=0, ts=0, x0=220272179, x1=551152087
P1, tp=0, ts=0, x0=853073828
P1, tp=0, ts=0, x0=74129238
P1, tp=0, ts=0, x0=248774096
P2, tp=0, ts=0, x0=971873277, x1=95075313
P1, tp=0, ts=0, x0=923849537
P1, tp=0, ts=0, x0=81676142
P1, tp=0, ts=0, x0=258812422
P2, tp=0, ts=0, x0=220272179, x1=870269555
P3, tp=0, ts=0, x0=351151922, x1=407155559
P0, tp=0, ts=0
P2, tp=0, ts=0, x0=436134506, x1=648121738
P2, tp=0, ts=0, x0=56816293, x1=162064551
P2, tp=0, ts=0, x0=922553667, x1=37375084
P1, tp=0, ts=0, x0=384243421
P0, tp=0, ts=0
P3, tp=0, ts=0, x0=666082975, x1=612672219
P3, tp=0, ts=0, x0=380855812, x1=228331474
P3, tp=0, ts=0, x0=479181615, x1=738312471
P2, tp=0, ts=0, x0=539673604, x1=539673604
P1, tp=0, ts=0, x0=612672219
P3, tp=0, ts=0, x0=365186891, x1=985896814
P0, tp=0, ts=0
P0, tp=0, ts=0
P0, tp=0, ts=0
P2, tp=0, ts=0, x0=183126695, x1=595088027
P3, tp=0, ts=0, x0=544727831, x1=293190843
P0, tp=0, ts=0
P3, tp=0, ts=0, x0=965469729, x1=247451804
P0, tp=0, ts=0
P3, tp=0, ts=0, x0=220272179, x1=973945504
P1, tp=0, ts=0, x0=86613343
P0, tp=0, ts=0
P0, tp=0, ts=0
P0, tp=0, ts=0
P1, tp=0, ts=0, x0=226070484
P1, tp=0, ts=0, x0=759042727
P0, tp=0, ts=0
P1, tp=0, ts=0, x0=546883605
P0, tp=0, ts=0
P1, tp=0, ts=0, x0=256810040
P1, tp=0, ts=0, x0=425257936
P1, tp=0, ts=0, x0=489398226
P3, tp=0, ts=0, x0=744649928, x1=46411667
P2, tp=0, ts=0, x0=853073828, x1=831623960
P0, tp=0, ts=0
P2, tp=0, ts=0, x0=464873326, x1=853073828
P3, tp=0, ts=0, x0=351151922, x1=661315407
P2, tp=0, ts=0, x0=196220976, x1=220272179
P0, tp=0, ts=0
P2, tp=0, ts=0, x0=226070484, x1=661315407
P3, tp=0, ts=0, x0=247451804, x1=874772219
P3, tp=0, ts=0, x0=420569102, x1=106941453
P1, tp=0, ts=0, x0=612672219
P3, tp=0, ts=0, x0=572980714, x1=73269769
P2, tp=0, ts=0, x0=220762761, x1=619099167
P1, tp=0, ts=0, x0=853073828
P3, tp=0, ts=0, x0=923849537, x1=288408177
P0, tp=0, ts=0
P2, tp=0, ts=0, x0=922166512, x1=971873277
P3, tp=0, ts=0, x0=293190843, x1=147351334
P1, tp=0, ts=0, x0=880892020
P3, tp=0, ts=0, x0=269226724, x1=74447440
P1, tp=0, ts=0, x0=923849537
P3, tp=0, ts=0, x0=56816293, x1=63979174
P2, tp=0, ts=0, x0=73269769, x1=196980072
P0, tp=0, ts=0
P1, tp=0, ts=0, x0=173189939
P3, tp=0, ts=0, x0=147351334, x1=489398226
P2, tp=0, ts=0, x0=880892020, x1=52165155
P2, tp=0, ts=0, x0=648121738, x1=73269769
P2, tp=0, ts=0, x0=489398226, x1=407155559
P1, tp=0, ts=0, x0=859290031
P3, tp=0, ts=0, x0=16373219, x1=220272179
P3, tp=0, ts=0, x0=240156530, x1=65585272
P3, tp=0, ts=0, x0=351151922, x1=147351334
P2, tp=0, ts=0, x0=183126695, x1=592455190
P0, tp=0, ts=0
P2, tp=0, ts=0, x0=365186891, x1=18709334
P2, tp=0, ts=0, x0=874772219, x1=868752
P3, tp=0, ts=0, x0=473237444, x1=572980714
P3, tp=0, ts=0, x0=36419522, x1=686995935
P0, tp=0, ts=0
P1, tp=0, ts=0, x0=489398226
P1, tp=0, ts=0, x0=738312471
P3, tp=0, ts=0, x0=965469729, x1=196980072
P3, tp=0, ts=0, x0=805108624, x1=473237444
P3, tp=0, ts=0, x0=136297361, x1=46411667
P1, tp=0, ts=0, x0=228331474
P0, tp=0, ts=0
P2, tp=0, ts=0, x0=380855812, x1=820372790
P1, tp=0, ts=0, x0=63979174
P1, tp=0, ts=0, x0=95075313
P3, tp=0, ts=0, x0=572980714, x1=288408177
P1, tp=0, ts=0, x0=831623960
P3, tp=0, ts=0, x0=868752, x1=464873326
P0, tp=0, ts=0
P0, tp=0, ts=0
P0, tp=0, ts=0
P1, tp=0, ts=0, x0=666082975
P3, tp=0, ts=0, x0=661315407, x1=136297361
P3, tp=0, ts=0, x0=648016028, x1=380855812
P3, tp=0, ts=0, x0=223465452, x1=36419522
P0, tp=0, ts=0
P0, tp=0, ts=0
P3, tp=0, ts=0, x0=919034261, x1=968393584
P3, tp=0, ts=0, x0=248774096, x1=987663363
P3, tp=0, ts=0, x0=923849537, x1=880892020
P3, tp=0, ts=0, x0=543446181, x1=661315407
P2, tp=0, ts=0, x0=648121738, x1=382513159
P3, tp=0, ts=0, x0=73269769, x1=922553667
P2, tp=0, ts=0, x0=45158346, x1=379640782
P2, tp=0, ts=0, x0=543446181, x1=934255303
P2, tp=0, ts=0, x0=965469729, x1=543446181
P0, tp=0, ts=0
P3, tp=0, ts=0, x0=1094701, x1=420569102
P0, tp=0, ts=0
P2, tp=0, ts=0, x0=744649928, x1=987663363
P1, tp=0, ts=0, x0=351151922
P0, tp=0, ts=0
P0, tp=0, ts=0
P3, tp=0, ts=0, x0=971873277, x1=365186891
P0, tp=0, ts=0
P2, tp=0, ts=0, x0=95075313, x1=73269769
P2, tp=0, ts=0, x0=231932094, x1=968393584
P1, tp=0, ts=0, x0=436134506
P1, tp=0, ts=0, x0=264344249
P2, tp=0, ts=0, x0=298920788, x1=572980714
P3, tp=0, ts=0, x0=136297361, x1=922553667
P1, tp=0, ts=0, x0=407155559
P1, tp=0, ts=0, x0=572980714
P3, tp=0, ts=0, x0=971873277, x1=648016028
P2, tp=0, ts=0, x0=264717231, x1=63979174
P1, tp=0, ts=0, x0=859702507
P0, tp=0, ts=0
P3, tp=0, ts=0, x0=258571183, x1=382513159
P1, tp=0, ts=0, x0=247196207
P3, tp=0, ts=0, x0=173189939, x1=1094701
P1, tp=0, ts=0, x0=489398226
P0, tp=0, ts=0
P2, tp=0, ts=0, x0=247196207, x1=832292528
P2, tp=0, ts=0, x0=744649928, x1=425257936
P3, tp=0, ts=0, x0=377301598, x1=196220976
P2, tp=0, ts=0, x0=722268122, x1=382513159
P3, tp=0, ts=0, x0=1094701, x1=384243421
P0, tp=0, ts=0
P1, tp=0, ts=0, x0=258571183
P3, tp=0, ts=0, x0=859702507, x1=919034261
P1, tp=0, ts=0, x0=264717231
P1, tp=0, ts=0, x0=73269769
P3, tp=0, ts=0, x0=55189268, x1=147351334
P0, tp=0, ts=0
P3, tp=0, ts=0, x0=365186891, x1=859702507
P3, tp=0, ts=0, x0=592455190, x1=379640782
P2, tp=0, ts=0, x0=196220976, x1=46411667
P3, tp=0, ts=0, x0=264344249, x1=223465452
P0, tp=0, ts=0
P0, tp=0, ts=0
P2, tp=0, ts=0, x0=365186891, x1=248774096
P2, tp=0, ts=0, x0=648121738, x1=55189268
P2, tp=0, ts=0, x0=379640782, x1=592455190
P2, tp=0, ts=0, x0=147351334, x1=36419522
P3, tp=0, ts=0, x0=686995935, x1=473237444
P1, tp=0, ts=0, x0=136297361
P3, tp=0, ts=0, x0=256810040, x1=63979174
P1, tp=0, ts=0, x0=971873277
P1, tp=0, ts=0, x0=759042727
P1, tp=0, ts=0, x0=377301598
P2, tp=0, ts=0, x0=52165155, x1=722268122
P0, tp=0, ts=0
P1, tp=0, ts=0, x0=63979174
P1, tp=0, ts=0, x0=831623960
P3, tp=0, ts=0, x0=572980714, x1=985896814
P1, tp=0, ts=0, x0=106941453
P3, tp=0, ts=0, x0=666082975, x1=690209791
P0, tp=0, ts=0
P0, tp=0, ts=0
P1, tp=0, ts=0, x0=111882559
P3, tp=0, ts=0, x0=264344249, x1=56816293
P3, tp=0, ts=0, x0=543039482, x1=686995935
P2, tp=0, ts=0, x0=269226724, x1=938313187
P0, tp=0, ts=0
P2, tp=0, ts=0, x0=74447440, x1=690209791
P0, tp=0, ts=0
P2, tp=0, ts=0, x0=220762761, x1=985896814
P1, tp=0, ts=0, x0=774389284
P1, tp=0, ts=0, x0=73269769
P3, tp=0, ts=0, x0=919034261, x1=987663363
P1, tp=0, ts=0, x0=744649928
P0, tp=0, ts=0
P2, tp=0, ts=0, x0=65585272, x1=661315407
P3, tp=0, ts=0, x0=183452338, x1=258571183
P1, tp=0, ts=0, x0=744649928
P3, tp=0, ts=0, x0=63979174, x1=686995935
P1, tp=0, ts=0, x0=74447440
P3, tp=0, ts=0, x0=379640782, x1=248774096
P0, tp=0, ts=0
P0, tp=0, ts=0
P1, tp=0, ts=0, x0=258571183
P1, tp=0, ts=0, x0=436134506
P0, tp=0, ts=0
P2, tp=0, ts=0, x0=52165155, x1=384243421
P0, tp=0, ts=0
P3, tp=0, ts=0, x0=859702507, x1=868752
P0, tp=0, ts=0
P3, tp=0, ts=0, x0=543039482, x1=380855812
P1, tp=0, ts=0, x0=1094701
P0, tp=0, ts=0
P1, tp=0, ts=0, x0=971873277
P2, tp=0, ts=0, x0=65585272, x1=874772219
P2, tp=0, ts=0, x0=380855812, x1=163395779
P2, tp=0, ts=0, x0=612672219, x1=202410300
P2, tp=0, ts=0, x0=247451804, x1=690209791
P0, tp=0, ts=0
P0, tp=0, ts=0
P2, tp=0, ts=0, x0=293190843, x1=202410300
P1, tp=0, ts=0, x0=759042727
P1, tp=0, ts=0, x0=74447440
P3, tp=0, ts=0, x0=539673604, x1=247196207
P0, tp=0, ts=0
P0, tp=0, ts=0
P1, tp=0, ts=0, x0=922166512
P1, tp=0, ts=0, x0=407155559
P0, tp=0, ts=0
P3, tp=0, ts=0, x0=971873277, x1=74129238
P2, tp=0, ts=0, x0=65585272, x1=932761930
P3, tp=0, ts=0, x0=63979174, x1=379640782
P0, tp=0, ts=0
P2, tp=0, ts=0, x0=86613343, x1=612672219
P3, tp=0, ts=0, x0=738312471, x1=874772219
P2, tp=0, ts=0, x0=264717231, x1=874772219
P1, tp=0, ts=0, x0=425257936
P3, tp=0, ts=0, x0=73269769, x1=661315407
P1, tp=0, ts=0, x0=985896814
P0, tp=0, ts=0
P2, tp=0, ts=0, x0=95075313, x1=853073828
P0, tp=0, ts=0
P3, tp=0, ts=0, x0=938313187, x1=831623960
P2, tp=0, ts=0, x0=912462831, x1=545396997
P2, tp=0, ts=0, x0=411857858, x1=379640782
P0, tp=0, ts=0
P2, tp=0, ts=0, x0=425257936, x1=229017227
P1, tp=0, ts=0, x0=543039482
P1, tp=0, ts=0, x0=73269769
P1, tp=0, ts=0, x0=666082975
P1, tp=0, ts=0, x0=74129238
P2, tp=0, ts=0, x0=744649928, x1=820372790
P3, tp=0, ts=0, x0=258812422, x1=351151922
P1, tp=0, ts=0, x0=479181615
P0, tp=0, ts=0
P1, tp=0, ts=0, x0=820372790
P0, tp=0, ts=0
P0, tp=0, ts=0
P2, tp=0, ts=0, x0=971873277, x1=361839242
P2, tp=0, ts=0, x0=183452338, x1=52165155
P2, tp=0, ts=0, x0=971873277, x1=86613343
P1, tp=0, ts=0, x0=543039482
P1, tp=0, ts=0, x0=256810040
P3, tp=0, ts=0, x0=63979174, x1=379640782
P3, tp=0, ts=0, x0=351151922, x1=820372790
P1, tp=0, ts=0, x0=642402964
P2, tp=0, ts=0, x0=46411667, x1=258812422
P3, tp=0, ts=0, x0=831623960, x1=985896814
P3, tp=0, ts=0, x0=489398226, x1=738312471
P1, tp=0, ts=0, x0=223465452
P2, tp=0, ts=0, x0=546883605, x1=365186891
P0, tp=0, ts=0
P1, tp=0, ts=0, x0=56816293
P1, tp=0, ts=0, x0=127471373
P1, tp=0, ts=0, x0=137992865
P2, tp=0, ts=0, x0=710720380, x1=572980714
P1, tp=0, ts=0, x0=55189268
P1, tp=0, ts=0, x0=56816293
P1, tp=0, ts=0, x0=147351334
P1, tp=0, ts=0, x0=407155559
P1, tp=0, ts=0, x0=369833068
P1, tp=0, ts=0, x0=377301598
P0, tp=0, ts=0
P3, tp=0, ts=0, x0=543446181, x1=416374701
P3, tp=0, ts=0, x0=106941453, x1=853073828
P1, tp=0, ts=0, x0=489398226
P2, tp=0, ts=0, x0=473237444, x1=223385425
P3, tp=0, ts=0, x0=868752, x1=74129238
P1, tp=0, ts=0, x0=163395779
P3, tp=0, ts=0, x0=264717231, x1=288408177
P0, tp=0, ts=0
P0, tp=0, ts=0
P3, tp=0, ts=0, x0=369833068, x1=288408177
P0, tp=0, ts=0
P0, tp=0, ts=0
P3, tp=0, ts=0, x0=903421800, x1=648121738
P3, tp=0, ts=0, x0=29002103, x1=545396997
P2, tp=0, ts=0, x0=903421800, x1=805108624
P0, tp=0, ts=0
P2, tp=0, ts=0, x0=793960407, x1=29002103
P3, tp=0, ts=0, x0=407155559, x1=642402964
P1, tp=0, ts=0, x0=402685836
P0, tp=0, ts=0
P1, tp=0, ts=0, x0=922166512
P3, tp=0, ts=0, x0=543446181, x1=911304320
P1, tp=0, ts=0, x0=473237444
P2, tp=0, ts=0, x0=880892020, x1=592455190
P1, tp=0, ts=0, x0=379640782
P1, tp=0, ts=0, x0=919034261
P0, tp=0, ts=0
P1, tp=0, ts=0, x0=29002103
P3, tp=0, ts=0, x0=269226724, x1=29002103
P1, tp=0, ts=0, x0=919034261
P0, tp=0, ts=0
P2, tp=0, ts=0, x0=183452338, x1=229017227
P0, tp=0, ts=0
P2, tp=0, ts=0, x0=543039482, x1=642402964
P1, tp=0, ts=0, x0=436134506
P2, tp=0, ts=0, x0=774078690, x1=183452338
P1, tp=0, ts=0, x0=56816293
P0, tp=0, ts=0
P3, tp=0, ts=0, x0=229017227, x1=264344249
P3, tp=0, ts=0, x0=416374701, x1=46411667
P2, tp=0, ts=0, x0=880892020, x1=416374701
P0, tp=0, ts=0
P1, tp=0, ts=0, x0=349100025
P1, tp=0, ts=0, x0=965469729
P0, tp=0, ts=0
P1, tp=0, ts=0, x0=29002103
P1, tp=0, ts=0, x0=9044
P1, tp=0, ts=0, x0=874465000
P1, tp=0, ts=0, x0=805108624
P2, tp=0, ts=0, x0=859290031, x1=880892020
P2, tp=0, ts=0, x0=489398226, x1=361839242
P0, tp=0, ts=0
P0, tp=0, ts=0
P1, tp=0, ts=0, x0=202410300
P2, tp=0, ts=0, x0=985896814, x1=247196207
P2, tp=0, ts=0, x0=46411667, x1=106941453
P3, tp=0, ts=0, x0=247451804, x1=922166512
P2, tp=0, ts=0, x0=923849537, x1=853073828
P3, tp=0, ts=0, x0=1094701, x1=36419522
P1, tp=0, ts=0, x0=922166512
P1, tp=0, ts=0, x0=369833068
P0, tp=0, ts=0
P2, tp=0, ts=0, x0=411857858, x1=805108624
P3, tp=0, ts=0, x0=874465000, x1=147351334
P3, tp=0, ts=0, x0=361839242, x1=543039482
P0, tp=0, ts=0
P2, tp=0, ts=0, x0=224093314, x1=642402964
P1, tp=0, ts=0, x0=987663363
P0, tp=0, ts=0
P1, tp=0, ts=0, x0=990406599
P2, tp=0, ts=0, x0=36419522, x1=163395779
P1, tp=0, ts=0, x0=911304320
P1, tp=0, ts=0, x0=45158346
P3, tp=0, ts=0, x0=595088027, x1=196220976
P0, tp=0, ts=0
P0, tp=0, ts=0
P3, tp=0, ts=0, x0=258812422, x1=258571183
P3, tp=0, ts=0, x0=314982384, x1=539673604
P3, tp=0, ts=0, x0=163395779, x1=859657893
P3, tp=0, ts=0, x0=987663363, x1=224093314
P0, tp=0, ts=0
P2, tp=0, ts=0, x0=183452338, x1=65585272
P1, tp=0, ts=0, x0=137992865
P3, tp=0, ts=0, x0=247451804, x1=787702662
P2, tp=0, ts=0, x0=247451804, x1=831623960
P0, tp=0, ts=0
P0, tp=0, ts=0
P1, tp=0, ts=0, x0=411857858
P1, tp=0, ts=0, x0=805108624
P1, tp=0, ts=0, x0=592455190
P0, tp=0, ts=0
P1, tp=0, ts=0, x0=402685836
P2, tp=0, ts=0, x0=9044, x1=183126695
P3, tp=0, ts=0, x0=416374701, x1=163395779
P3, tp=0, ts=0, x0=202410300, x1=539673604
P2, tp=0, ts=0, x0=968393584, x1=787702662
P1, tp=0, ts=0, x0=545396997
P2, tp=0, ts=0, x0=793960407, x1=793960407
P3, tp=0, ts=0, x0=539673604, x1=127471373
P1, tp=0, ts=0, x0=868752
P1, tp=0, ts=0, x0=258812422
P2, tp=0, ts=0, x0=86613343, x1=86613343
P1, tp=0, ts=0, x0=231932094
P1, tp=0, ts=0, x0=934255303
P0, tp=0, ts=0
P3, tp=0, ts=0, x0=489398226, x1=832292528
P3, tp=0, ts=0, x0=965469729, x1=859702507
P3, tp=0, ts=0, x0=971873277, x1=288408177
P0, tp=0, ts=0
P1, tp=0, ts=0, x0=407155559
P2, tp=0, ts=0, x0=379640782, x1=65585272
P2, tp=0, ts=0, x0=690209791, x1=859702507
P0, tp=0, ts=0
P1, tp=0, ts=0, x0=127471373
P0, tp=0, ts=0
P0, tp=0, ts=0
P2, tp=0, ts=0, x0=74129238, x1=831623960
P3, tp=0, ts=0, x0=853073828, x1=163395779
P1, tp=0, ts=0, x0=196220976
P1, tp=0, ts=0, x0=874772219
P2, tp=0, ts=0, x0=323383664, x1=147351334
P2, tp=0, ts=0, x0=859290031, x1=52165155
P3, tp=0, ts=0, x0=9044, x1=55189268
P2, tp=0, ts=0, x0=965469729, x1=202410300
P3, tp=0, ts=0, x0=269226724, x1=859702507
P3, tp=0, ts=0, x0=288408177, x1=379640782
P1, tp=0, ts=0, x0=619099167
P0, tp=0, ts=0
P2, tp=0, ts=0, x0=365186891, x1=990406599
P1, tp=0, ts=0, x0=264344249
P2, tp=0, ts=0, x0=269226724, x1=831623960
P1, tp=0, ts=0, x0=922166512
P1, tp=0, ts=0, x0=106941453
P3, tp=1, ts=1, x0=29002103, x1=45158346
P2, tp=1, ts=1, x0=384243421, x1=690209791
P2, tp=1, ts=1, x0=648121738, x1=540011444
P3, tp=1, ts=1, x0=293190843, x1=196220976
P2, tp=1, ts=1, x0=491488954, x1=127471373
P2, tp=1, ts=1, x0=744649928, x1=349100025
P0, tp=1, ts=1
P3, tp=1, ts=1, x0=759042727, x1=774078690
P1, tp=1, ts=1, x0=183126695
P1, tp=1, ts=1, x0=74447440
P1, tp=1, ts=1, x0=45158346
P1, tp=1, ts=1, x0=595088027
P1, tp=1, ts=1, x0=769575720
P0, tp=1, ts=1
P2, tp=1, ts=1, x0=384243421, x1=349100025
P0, tp=1, ts=1
P3, tp=1, ts=1, x0=106941453, x1=416374701
P0, tp=1, ts=1
P3, tp=1, ts=1, x0=938313187, x1=183126695
P3, tp=1, ts=1, x0=202410300, x1=52165155
P1, tp=1, ts=1, x0=349100025
P1, tp=1, ts=1, x0=545396997
P2, tp=1, ts=1, x0=805108624, x1=911304320
P0, tp=1, ts=1
P3, tp=1, ts=1, x0=379640782, x1=202410300
P0, tp=1, ts=1
P3, tp=1, ts=1, x0=774389284, x1=868752
P0, tp=1, ts=1
P1, tp=1, ts=1, x0=440579536
P3, tp=1, ts=1, x0=111882559, x1=805108624
P2, tp=1, ts=1, x0=859702507, x1=440579536
P1, tp=1, ts=1, x0=425257936
P1, tp=1, ts=1, x0=868752
P2, tp=1, ts=1, x0=223385425, x1=642402964
P1, tp=1, ts=1, x0=293190843
P1, tp=1, ts=1, x0=247196207
P1, tp=1, ts=1, x0=258571183
P1, tp=1, ts=1, x0=595088027
P0, tp=1, ts=1
P0, tp=1, ts=1
P2, tp=1, ts=1, x0=971873277, x1=224093314
P3, tp=1, ts=1, x0=859702507, x1=86613343
P1, tp=1, ts=1, x0=642402964
P2, tp=1, ts=1, x0=147351334, x1=934255303
P1, tp=1, ts=1, x0=853073828
P0, tp=1, ts=1
P3, tp=1, ts=1, x0=247451804, x1=971873277
P2, tp=1, ts=1, x0=968393584, x1=633153590
P2, tp=1, ts=1, x0=247196207, x1=106941453
P3, tp=1, ts=1, x0=144306508, x1=911304320
P3, tp=1, ts=1, x0=859702507, x1=36419522
P0, tp=1, ts=1
P3, tp=1, ts=1, x0=173189939, x1=223465452
P1, tp=1, ts=1, x0=402685836
P0, tp=1, ts=1
P0, tp=1, ts=1
P1, tp=1, ts=1, x0=612672219
P1, tp=1, ts=1, x0=971873277
P0, tp=1, ts=1
P0, tp=1, ts=1
P1, tp=1, ts=1, x0=636105593
P1, tp=1, ts=1, x0=55189268
P3, tp=1, ts=1, x0=74447440, x1=911304320
P1, tp=1, ts=1, x0=874465000
P2, tp=1, ts=1, x0=444535693, x1=545396997
P0, tp=1, ts=1
P3, tp=1, ts=1, x0=258571183, x1=65585272
P2, tp=1, ts=1, x0=774078690, x1=938313187
P3, tp=1, ts=1, x0=137992865, x1=636105593
P1, tp=1, ts=1, x0=543039482
P1, tp=1, ts=1, x0=444535693
P1, tp=1, ts=1, x0=831623960
P0, tp=1, ts=1
P3, tp=1, ts=1, x0=264344249, x1=592455190
P0, tp=1, ts=1
P3, tp=1, ts=1, x0=940829925, x1=938313187
P1, tp=1, ts=1, x0=173189939
P0, tp=1, ts=1
P1, tp=1, ts=1, x0=859657893
P3, tp=1, ts=1, x0=539673604, x1=52165155
P1, tp=1, ts=1, x0=540011444
P1, tp=1, ts=1, x0=440579536
P0, tp=1, ts=1
P1, tp=1, ts=1, x0=655358986
P1, tp=1, ts=1, x0=690209791
P2, tp=1, ts=1, x0=258571183, x1=774078690
P1, tp=1, ts=1, x0=365186891
P2, tp=1, ts=1, x0=379640782, x1=709611043
P1, tp=1, ts=1, x0=173189939
P1, tp=1, ts=1, x0=987663363
P3, tp=1, ts=1, x0=774078690, x1=533814955
P3, tp=1, ts=1, x0=196220976, x1=874465000
P0, tp=1, ts=1
P1, tp=1, ts=1, x0=938313187
P0, tp=1, ts=1
P0, tp=1, ts=1
P3, tp=1, ts=1, x0=642402964, x1=633153590
P3, tp=1, ts=1, x0=545396997, x1=36419522
P0, tp=1, ts=1
P0, tp=1, ts=1
P2, tp=1, ts=1, x0=223745878, x1=361839242
P3, tp=1, ts=1, x0=533814955, x1=379640782
P3, tp=1, ts=1, x0=56816293, x1=440579536
P2, tp=1, ts=1, x0=633153590, x1=407155559
P0, tp=1, ts=1
P0, tp=1, ts=1
P1, tp=1, ts=1, x0=592455190
P0, tp=1, ts=1
P3, tp=1, ts=1, x0=436134506, x1=420569102
P0, tp=1, ts=1
P3, tp=1, ts=1, x0=411857858, x1=903421800
P1, tp=1, ts=1, x0=74447440
P1, tp=1, ts=1, x0=709611043
P0, tp=1, ts=1
P0, tp=1, ts=1
P2, tp=1, ts=1, x0=539673604, x1=29002103
P3, tp=1, ts=1, x0=595088027, x1=759042727
P0, tp=1, ts=1
P2, tp=1, ts=1, x0=440597854, x1=911304320
P1, tp=1, ts=1, x0=411857858
P3, tp=1, ts=1, x0=29002103, x1=258812422
P0, tp=1, ts=1
P3, tp=1, ts=1, x0=460781810, x1=416374701
P1, tp=1, ts=1, x0=738312471
P1, tp=1, ts=1, x0=36419522
P0, tp=1, ts=1
P1, tp=1, ts=1, x0=74447440
P0, tp=1, ts=1
P3, tp=1, ts=1, x0=545396997, x1=464873326
P3, tp=1, ts=1, x0=56816293, x1=802859921
P2, tp=1, ts=1, x0=900919027, x1=545396997
P3, tp=1, ts=1, x0=440579536, x1=757829496
P0, tp=1, ts=1
P1, tp=1, ts=1, x0=34216644
P0, tp=1, ts=1
P2, tp=1, ts=1, x0=574663892, x1=539673604
P3, tp=1, ts=1, x0=281208801, x1=592455190
P2, tp=1, ts=1, x0=802859921, x1=23838
P2, tp=1, ts=1, x0=911304320, x1=293190843
P0, tp=1, ts=1
P2, tp=1, ts=1, x0=460781810, x1=247196207
P2, tp=1, ts=1, x0=934255303, x1=36419522
P3, tp=1, ts=1, x0=281208801, x1=137992865
P2, tp=1, ts=1, x0=464873326, x1=74447440
P0, tp=1, ts=1
P3, tp=1, ts=1, x0=45158346, x1=744649928
P1, tp=1, ts=1, x0=288408177
P3, tp=1, ts=1, x0=65585272, x1=289743064
P0, tp=1, ts=1
P2, tp=1, ts=1, x0=34216644, x1=223745878
P1, tp=1, ts=1, x0=903421800
P1, tp=1, ts=1, x0=658848271
P3, tp=1, ts=1, x0=540011444, x1=539673604
P1, tp=1, ts=1, x0=196220976
P3, tp=1, ts=1, x0=269226724, x1=793960407
P0, tp=1, ts=1
P2, tp=1, ts=1, x0=497306715, x1=744649928
P3, tp=1, ts=1, x0=183452338, x1=859657893
P2, tp=1, ts=1, x0=196220976, x1=545396997
P0, tp=1, ts=1
P2, tp=1, ts=1, x0=658848271, x1=56816293
P1, tp=1, ts=1, x0=592455190
P3, tp=1, ts=1, x0=78783683, x1=633153590
P3, tp=1, ts=1, x0=361839242, x1=52165155
P3, tp=1, ts=1, x0=846052324, x1=674995071
P1, tp=1, ts=1, x0=23838
P2, tp=1, ts=1, x0=922166512, x1=196220976
P1, tp=1, ts=1, x0=539673604
P1, tp=1, ts=1, x0=163395779
P1, tp=1, ts=1, x0=787702662
P1, tp=1, ts=1, x0=127471373
P0, tp=1, ts=1
P0, tp=1, ts=1
P2, tp=1, ts=1, x0=793960407, x1=853073828
P3, tp=1, ts=1, x0=710720380, x1=595088027
P3, tp=1, ts=1, x0=551695068, x1=965469729
P1, tp=1, ts=1, x0=545396997
P2, tp=1, ts=1, x0=384243421, x1=874465000
P2, tp=1, ts=1, x0=759042727, x1=965469729
P2, tp=1, ts=1, x0=900919027, x1=903421800
P0, tp=1, ts=1
P0, tp=1, ts=1
P1, tp=1, ts=1, x0=29002103
P3, tp=1, ts=1, x0=787702662, x1=859290031
P3, tp=1, ts=1, x0=831623960, x1=231932094
P2, tp=1, ts=1, x0=144306508, x1=264344249
P3, tp=1, ts=1, x0=46411667, x1=759042727
P1, tp=1, ts=1, x0=642402964
P1, tp=1, ts=1, x0=774078690
P2, tp=1, ts=1, x0=457379983, x1=497306715
P1, tp=1, ts=1, x0=787702662
P0, tp=1, ts=1
P1, tp=1, ts=1, x0=859702507
P1, tp=1, ts=1, x0=906255630
P1, tp=1, ts=1, x0=859657893
P1, tp=1, ts=1, x0=372304439
P2, tp=1, ts=1, x0=46411667, x1=361839242
P0, tp=1, ts=1
P3, tp=1, ts=1, x0=802859921, x1=473237444
P3, tp=1, ts=1, x0=814564738, x1=674995071
P1, tp=1, ts=1, x0=29002103
P2, tp=1, ts=1, x0=78783683, x1=65585272
P0, tp=1, ts=1
P0, tp=1, ts=1
P3, tp=1, ts=1, x0=457379983, x1=874465000
P2, tp=1, ts=1, x0=74447440, x1=865149973
P2, tp=1, ts=1, x0=416374701, x1=674995071
P2, tp=1, ts=1, x0=74129238, x1=78783683
P1, tp=1, ts=1, x0=709611043
P3, tp=1, ts=1, x0=23838, x1=793960407
P0, tp=1, ts=1
P2, tp=1, ts=1, x0=497306715, x1=757829496
P3, tp=1, ts=1, x0=269226724, x1=202410300
P2, tp=1, ts=1, x0=36419522, x1=690209791
P2, tp=1, ts=1, x0=787702662, x1=247196207
P2, tp=1, ts=1, x0=361839242, x1=709611043
P2, tp=1, ts=1, x0=127471373, x1=901371451
P2, tp=1, ts=1, x0=869550133, x1=545396997
P2, tp=1, ts=1, x0=46411667, x1=911304320
P1, tp=1, ts=1, x0=372304439
P1, tp=1, ts=1, x0=859657893
P3, tp=1, ts=1, x0=968393584, x1=865149973
P0, tp=1, ts=1
P3, tp=1, ts=1, x0=202410300, x1=793960407
P2, tp=1, ts=1, x0=247196207, x1=759260157
P2, tp=1, ts=1, x0=690209791, x1=633153590
P0, tp=1, ts=1
P2, tp=1, ts=1, x0=465832210, x1=831623960
P1, tp=1, ts=1, x0=372304439
P3, tp=1, ts=1, x0=137992865, x1=173189939
P3, tp=1, ts=1, x0=846052324, x1=595088027
P1, tp=1, ts=1, x0=710720380
P1, tp=1, ts=1, x0=398881811
P1, tp=1, ts=1, x0=540211513
P3, tp=1, ts=1, x0=987663363, x1=398881811
P3, tp=1, ts=1, x0=906255630, x1=953979760
P0, tp=1, ts=1
P0, tp=1, ts=1
P0, tp=1, ts=1
P3, tp=1, ts=1, x0=814564738, x1=491488954
P0, tp=1, ts=1
P0, tp=1, ts=1
P3, tp=1, ts=1, x0=859290031, x1=497306715
P0, tp=1, ts=1
P1, tp=1, ts=1, x0=648121738
P3, tp=1, ts=1, x0=163395779, x1=690209791
P0, tp=1, ts=1
P0, tp=1, ts=1
P2, tp=1, ts=1, x0=183452338, x1=183126695
P0, tp=1, ts=1
P2, tp=1, ts=1, x0=9044, x1=53293739
P0, tp=1, ts=1
P1, tp=1, ts=1, x0=56996216
P3, tp=1, ts=1, x0=473237444, x1=258571183
P1, tp=1, ts=1, x0=444535693
P0, tp=1, ts=1
P3, tp=1, ts=1, x0=440597854, x1=846052324
P0, tp=1, ts=1
P3, tp=1, ts=1, x0=53293739, x1=379640782
P2, tp=1, ts=1, x0=774078690, x1=384243421
P1, tp=1, ts=1, x0=592455190
P1, tp=1, ts=1, x0=264344249
P2, tp=1, ts=1, x0=901371451, x1=224093314
P1, tp=1, ts=1, x0=874465000
P3, tp=1, ts=1, x0=223745878, x1=315429654
P2, tp=1, ts=1, x0=635321484, x1=473936628
P1, tp=1, ts=1, x0=440597854
P2, tp=1, ts=1, x0=372304439, x1=595088027
P0, tp=1, ts=1
P0, tp=1, ts=1
P3, tp=1, ts=1, x0=202410300, x1=566223654
P3, tp=1, ts=1, x0=127471373, x1=173189939
P0, tp=1, ts=1
P0, tp=1, ts=1
P2, tp=1, ts=1, x0=473237444, x1=990406599
P0, tp=1, ts=1
P3, tp=1, ts=1, x0=384243421, x1=23499221
P1, tp=1, ts=1, x0=540011444
P2, tp=1, ts=1, x0=56996216, x1=269226724
P0, tp=1, ts=1
P0, tp=1, ts=1
P2, tp=1, ts=1, x0=473237444, x1=460781810
P0, tp=1, ts=1
P1, tp=1, ts=1, x0=416374701
P2, tp=1, ts=1, x0=52165155, x1=457379983
P0, tp=1, ts=1
P0, tp=1, ts=1
P3, tp=1, ts=1, x0=533814955, x1=460781810
P2, tp=1, ts=1, x0=990406599, x1=759260157
P0, tp=1, ts=1
P1, tp=1, ts=1, x0=566223654
P2, tp=1, ts=1, x0=551695068, x1=659936786
P1, tp=1, ts=1, x0=314982384
P1, tp=1, ts=1, x0=533814955
P3, tp=1, ts=1, x0=900919027, x1=465832210
P2, tp=1, ts=1, x0=874465000, x1=281208801
P3, tp=1, ts=1, x0=231932094, x1=489159876
P3, tp=1, ts=1, x0=533814955, x1=65585272
P3, tp=1, ts=1, x0=759042727, x1=314982384
P0, tp=1, ts=1
P1, tp=1, ts=1, x0=642402964
P3, tp=1, ts=1, x0=65585272, x1=231932094
P3, tp=1, ts=1, x0=674995071, x1=444535693
P3, tp=1, ts=1, x0=940829925, x1=658848271
P1, tp=1, ts=1, x0=859657893
P3, tp=1, ts=1, x0=111882559, x1=473936628
P2, tp=1, ts=1, x0=315429654, x1=416374701
P0, tp=1, ts=1
P1, tp=1, ts=1, x0=545396997
P3, tp=1, ts=1, x0=289743064, x1=900919027
P2, tp=1, ts=1, x0=859290031, x1=690209791
P3, tp=1, ts=1, x0=416374701, x1=23838
P0, tp=1, ts=1
P0, tp=1, ts=1
P3, tp=1, ts=1, x0=227066681, x1=497306715
P3, tp=1, ts=1, x0=757829496, x1=774078690
P3, tp=1, ts=1, x0=852937355, x1=497306715
P1, tp=1, ts=1, x0=787702662
P1, tp=1, ts=1, x0=642402964
P2, tp=1, ts=1, x0=633153590, x1=122874324
P2, tp=1, ts=1, x0=258571183, x1=398881811
P1, tp=1, ts=1, x0=953979760
P1, tp=1, ts=1, x0=29002103
P1, tp=1, ts=1, x0=874465000
P3, tp=1, ts=1, x0=497306715, x1=416374701
P3, tp=1, ts=1, x0=793960407, x1=465832210
P1, tp=1, ts=1, x0=224093314
P2, tp=1, ts=1, x0=173189939, x1=465832210
P2, tp=1, ts=1, x0=9044, x1=122874324
P1, tp=1, ts=1, x0=635321484
P2, tp=1, ts=1, x0=756337731, x1=290156642
P2, tp=1, ts=1, x0=831623960, x1=473237444
P3, tp=1, ts=1, x0=460781810, x1=814564738
P1, tp=1, ts=1, x0=293190843
P3, tp=1, ts=1, x0=846052324, x1=540211513
P2, tp=1, ts=1, x0=831623960, x1=231932094
P2, tp=1, ts=1, x0=315429654, x1=906255630
P0, tp=1, ts=1
P1, tp=1, ts=1, x0=674995071
P3, tp=1, ts=1, x0=987663363, x1=361839242
P0, tp=1, ts=1
P0, tp=1, ts=1
P0, tp=1, ts=1
P2, tp=1, ts=1, x0=202410300, x1=655358986
P1, tp=1, ts=1, x0=940829925
P3, tp=1, ts=1, x0=674995071, x1=290156642
P2, tp=1, ts=1, x0=140657797, x1=802859921
P0, tp=1, ts=1
P1, tp=1, ts=1, x0=852937355
P1, tp=1, ts=1, x0=642402964
P1, tp=1, ts=1, x0=315429654
P3, tp=1, ts=1, x0=473237444, x1=774078690
P3, tp=1, ts=1, x0=859702507, x1=14884036
P1, tp=1, ts=1, x0=223745878
P2, tp=1, ts=1, x0=684603222, x1=224093314
P3, tp=1, ts=1, x0=465832210, x1=36419522
P3, tp=1, ts=1, x0=710720380, x1=990406599
P1, tp=1, ts=1, x0=903421800
P0, tp=1, ts=1
P1, tp=1, ts=1, x0=674995071
P1, tp=1, ts=1, x0=369833068
P2, tp=1, ts=1, x0=934255303, x1=122874324
P1, tp=1, ts=1, x0=852937355
P3, tp=1, ts=1, x0=111882559, x1=677028439
P0, tp=1, ts=1
P1, tp=1, ts=1, x0=78783683
P1, tp=1, ts=1, x0=684603222
P3, tp=1, ts=1, x0=540211513, x1=23838
P2, tp=1, ts=1, x0=78783683, x1=497306715
P3, tp=1, ts=1, x0=372304439, x1=906255630
P1, tp=1, ts=1, x0=372304439
P0, tp=1, ts=1
P1, tp=1, ts=1, x0=258571183
P1, tp=1, ts=1, x0=289743064
P3, tp=1, ts=1, x0=655358986, x1=655358986
P2, tp=1, ts=1, x0=859290031, x1=757829496
P1, tp=1, ts=1, x0=481385687
P0, tp=1, ts=1
P1, tp=1, ts=1, x0=874465000
P0, tp=1, ts=1
P1, tp=1, ts=1, x0=289743064
P1, tp=1, ts=1, x0=543039482
P3, tp=1, ts=1, x0=551695068, x1=323383664
P3, tp=1, ts=1, x0=281208801, x1=372304439
P0, tp=1, ts=1
P1, tp=1, ts=1, x0=566223654
P3, tp=1, ts=1, x0=314982384, x1=227066681
P0, tp=1, ts=1
P2, tp=1, ts=1, x0=457379983, x1=551695068
P0, tp=1, ts=1
P2, tp=1, ts=1, x0=231932094, x1=906255630
P3, tp=1, ts=1, x0=281208801, x1=293190843
P0, tp=1, ts=1
P2, tp=1, ts=1, x0=224093314, x1=901371451
P3, tp=1, ts=1, x0=29002103, x1=78783683
P2, tp=1, ts=1, x0=540211513, x1=361839242
P0, tp=1, ts=1
P1, tp=1, ts=1, x0=814564738
P3, tp=1, ts=1, x0=231932094, x1=224093314
P2, tp=1, ts=1, x0=224093314, x1=831623960
P0, tp=1, ts=1
P3, tp=1, ts=1, x0=23499221, x1=903421800
P0, tp=1, ts=1
P2, tp=1, ts=1, x0=319143138, x1=674995071
P0, tp=1, ts=1
P3, tp=1, ts=1, x0=658848271, x1=9044
P1, tp=1, ts=1, x0=551695068
P0, tp=1, ts=1
P0, tp=1, ts=1
P2, tp=1, ts=1, x0=655358986, x1=953979760
P3, tp=1, ts=1, x0=379640782, x1=633153590
P2, tp=1, ts=1, x0=460781810, x1=481385687
P1, tp=1, ts=1, x0=987663363
P3, tp=1, ts=1, x0=460781810, x1=756337731
P2, tp=1, ts=1, x0=372304439, x1=457379983
P1, tp=1, ts=1, x0=457379983
P2, tp=1, ts=1, x0=953979760, x1=379640782
P1, tp=1, ts=1, x0=674995071
P2, tp=1, ts=1, x0=774078690, x1=202410300
P1, tp=1, ts=1, x0=774078690
P2, tp=1, ts=1, x0=349100025, x1=769575720
P2, tp=1, ts=1, x0=901371451, x1=489159876
P0, tp=1, ts=1
P3, tp=1, ts=1, x0=633153590, x1=710720380
P0, tp=1, ts=1
P2, tp=1, ts=1, x0=759260157, x1=659936786
P3, tp=1, ts=1, x0=545396997, x1=14884036
P3, tp=1, ts=1, x0=901371451, x1=489159876
P2, tp=1, ts=1, x0=757829496, x1=869550133
P1, tp=1, ts=1, x0=53293739
P2, tp=1, ts=1, x0=756337731, x1=852937355
P3, tp=1, ts=1, x0=690209791, x1=440579536
P0, tp=1, ts=1
P1, tp=1, ts=1, x0=934255303
P0, tp=1, ts=1
P2, tp=1, ts=1, x0=242831894, x1=540011444
P1, tp=1, ts=1, x0=636105593
P1, tp=1, ts=1, x0=36419522
P2, tp=1, ts=1, x0=545396997, x1=940829925
P2, tp=1, ts=1, x0=543039482, x1=242831894
P2, tp=1, ts=1, x0=372304439, x1=368303704
P2, tp=1, ts=1, x0=953979760, x1=874465000
P3, tp=1, ts=1, x0=361839242, x1=802859921
P0, tp=1, ts=1
P1, tp=1, ts=1, x0=23838
P1, tp=1, ts=1, x0=479058835
P1, tp=1, ts=1, x0=793960407
P1, tp=1, ts=1, x0=709611043
P0, tp=1, ts=1
P1, tp=1, ts=1, x0=29002103
P1, tp=1, ts=1, x0=473936628
P1, tp=1, ts=1, x0=319143138
P2, tp=1, ts=1, x0=540211513, x1=473936628
P0, tp=1, ts=1
P2, tp=1, ts=1, x0=865149973, x1=658848271
P3, tp=1, ts=1, x0=473936628, x1=677028439
P2, tp=1, ts=1, x0=655924144, x1=987663363
P2, tp=1, ts=1, x0=710720380, x1=757829496
P1, tp=1, ts=1, x0=465832210
P2, tp=1, ts=1, x0=543039482, x1=416374701
P1, tp=1, ts=1, x0=465832210
P0, tp=1, ts=1
P2, tp=1, ts=1, x0=968393584, x1=367062533
P0, tp=1, ts=1
P0, tp=1, ts=1
P2, tp=1, ts=1, x0=258571183, x1=224093314
P3, tp=1, ts=1, x0=543039482, x1=491488954
P0, tp=1, ts=1
P3, tp=1, ts=1, x0=361839242, x1=633153590
P1, tp=1, ts=1, x0=224093314
P1, tp=1, ts=1, x0=367062533
P1, tp=1, ts=1, x0=23499221
P0, tp=1, ts=1
P3, tp=1, ts=1, x0=774078690, x1=940829925
P2, tp=1, ts=1, x0=111882559, x1=524049753
P3, tp=1, ts=1, x0=473936628, x1=566223654
P1, tp=1, ts=1, x0=869550133
P2, tp=1, ts=1, x0=877001206, x1=545396997
P2, tp=1, ts=1, x0=122874324, x1=566223654
P2, tp=1, ts=1, x0=23764225, x1=361839242
P1, tp=1, ts=1, x0=710720380
P3, tp=1, ts=1, x0=372304439, x1=533814955
P1, tp=1, ts=1, x0=207965030
P0, tp=1, ts=1
P3, tp=1, ts=1, x0=690209791, x1=127471373
P1, tp=1, ts=1, x0=635321484
P2, tp=1, ts=1, x0=659936786, x1=382459427
P2, tp=1, ts=1, x0=636105593, x1=677028439
P1, tp=1, ts=1, x0=655358986
P0, tp=1, ts=1
P0, tp=1, ts=1
P2, tp=1, ts=1, x0=865149973, x1=416374701
P1, tp=1, ts=1, x0=314982384
P2, tp=1, ts=1, x0=202410300, x1=489159876
P1, tp=1, ts=1, x0=759260157
P1, tp=1, ts=1, x0=78783683
P2, tp=1, ts=1, x0=53293739, x1=382459427
P1, tp=1, ts=1, x0=368303704
P3, tp=1, ts=1, x0=976062358, x1=497306715
P3, tp=1, ts=1, x0=566223654, x1=9044
P3, tp=1, ts=1, x0=976062358, x1=349100025
P1, tp=1, ts=1, x0=481385687
P2, tp=1, ts=1, x0=774078690, x1=865149973
P2, tp=1, ts=1, x0=906255630, x1=483212117
P0, tp=1, ts=1
P3, tp=1, ts=1, x0=140657797, x1=674995071
P1, tp=1, ts=1, x0=900919027
P3, tp=1, ts=1, x0=802859921, x1=579244397
P0, tp=1, ts=1
P3, tp=1, ts=1, x0=684603222, x1=901371451
P3, tp=1, ts=1, x0=802859921, x1=281208801
P3, tp=1, ts=1, x0=9044, x1=382459427
P0, tp=1, ts=1
P0, tp=1, ts=1
P3, tp=1, ts=1, x0=53293739, x1=369252188
P1, tp=1, ts=1, x0=122874324
P1, tp=1, ts=1, x0=633153590
P2, tp=1, ts=1, x0=111882559, x1=440597854
P3, tp=1, ts=1, x0=953979760, x1=382459427
P1, tp=1, ts=1, x0=655924144
P2, tp=1, ts=1, x0=29002103, x1=144306508
P1, tp=1, ts=1, x0=223745878
P3, tp=1, ts=1, x0=540211513, x1=990406599
P3, tp=1, ts=1, x0=369833068, x1=210400692
P1, tp=1, ts=1, x0=759260157
P2, tp=1, ts=1, x0=29002103, x1=688675544
P1, tp=1, ts=1, x0=53293739
P2, tp=1, ts=1, x0=906255630, x1=223745878
P2, tp=1, ts=1, x0=372304439, x1=901371451
P3, tp=1, ts=1, x0=524049753, x1=122874324
P0, tp=1, ts=1
P0, tp=1, ts=1
P2, tp=1, ts=1, x0=865149973, x1=372304439
P3, tp=1, ts=1, x0=197320395, x1=314982384
P0, tp=1, ts=1
P2, tp=1, ts=1, x0=224093314, x1=540011444
P2, tp=1, ts=1, x0=435941031, x1=361839242
P3, tp=1, ts=1, x0=524049753, x1=354985508
P2, tp=1, ts=1, x0=473936628, x1=323383664
P1, tp=1, ts=1, x0=540011444
P2, tp=1, ts=1, x0=535642503, x1=551695068
P2, tp=1, ts=1, x0=319143138, x1=724934364
P3, tp=1, ts=1, x0=197320395, x1=223745878
P2, tp=1, ts=1, x0=877001206, x1=677028439
P0, tp=1, ts=1
P1, tp=1, ts=1, x0=759260157
P1, tp=1, ts=1, x0=551695068
P1, tp=1, ts=1, x0=9044
P2, tp=1, ts=1, x0=903421800, x1=710720380
P1, tp=1, ts=1, x0=435941031
P2, tp=1, ts=1, x0=290156642, x1=658848271
P1, tp=1, ts=1, x0=53293739
P2, tp=1, ts=1, x0=533814955, x1=367062533
P0, tp=1, ts=1
P3, tp=1, ts=1, x0=64324883, x1=372304439
P2, tp=1, ts=1, x0=540211513, x1=398881811
P3, tp=1, ts=1, x0=531025210, x1=281208801
P1, tp=1, ts=1, x0=314982384
P1, tp=1, ts=1, x0=551695068
P1, tp=1, ts=1, x0=224093314
P1, tp=1, ts=1, x0=658848271
P2, tp=1, ts=1, x0=990406599, x1=223745878
P3, tp=1, ts=1, x0=122874324, x1=688675544
P3, tp=1, ts=1, x0=14884036, x1=704648727
P2, tp=1, ts=1, x0=757829496, x1=473936628
P3, tp=1, ts=1, x0=349100025, x1=548803266
P2, tp=1, ts=1, x0=56996216, x1=489159876
P3, tp=1, ts=1, x0=906255630, x1=635321484
P1, tp=1, ts=1, x0=976062358
P2, tp=1, ts=1, x0=14884036, x1=144306508
P0, tp=1, ts=1
P1, tp=1, ts=1, x0=122874324
P3, tp=1, ts=1, x0=757829496, x1=349100025
P2, tp=1, ts=1, x0=207965030, x1=290156642
P0, tp=1, ts=1
P1, tp=1, ts=1, x0=497306715
P2, tp=1, ts=1, x0=281208801, x1=688675544
P3, tp=1, ts=1, x0=473936628, x1=548803266
P1, tp=1, ts=1, x0=655924144
P1, tp=1, ts=1, x0=903421800
P3, tp=1, ts=1, x0=636105593, x1=774078690
P0, tp=1, ts=1
P3, tp=1, ts=1, x0=242831894, x1=223745878
P0, tp=1, ts=1
P2, tp=1, ts=1, x0=9044, x1=814564738
P3, tp=1, ts=1, x0=369833068, x1=579244397
P0, tp=1, ts=1
P3, tp=1, ts=1, x0=290156642, x1=227066681
P2, tp=1, ts=1, x0=906255630, x1=78783683
P3, tp=1, ts=1, x0=489159876, x1=658848271
P2, tp=1, ts=1, x0=531025210, x1=655924144
P2, tp=1, ts=1, x0=401764149, x1=56996216
P0, tp=1, ts=1
P0, tp=1, ts=1
P2, tp=1, ts=1, x0=874465000, x1=990406599
P2, tp=1, ts=1, x0=497306715, x1=34216644
P1, tp=1, ts=1, x0=440579536
P0, tp=1, ts=1
P1, tp=1, ts=1, x0=382459427
P1, tp=1, ts=1, x0=29002103
P0, tp=1, ts=1
P2, tp=1, ts=1, x0=444535693, x1=524049753
P3, tp=1, ts=1, x0=540211513, x1=23838
P1, tp=1, ts=1, x0=802859921
P2, tp=1, ts=1, x0=34216644, x1=531025210
P2, tp=1, ts=1, x0=793960407, x1=903421800
P2, tp=1, ts=1, x0=289743064, x1=416374701
P3, tp=1, ts=1, x0=540211513, x1=900919027
P3, tp=1, ts=1, x0=457379983, x1=465832210
P3, tp=1, ts=1, x0=315429654, x1=869550133
P2, tp=1, ts=1, x0=9044, x1=886151951
P2, tp=1, ts=1, x0=990406599, x1=813149273
P2, tp=1, ts=1, x0=314982384, x1=750808985
P3, tp=1, ts=1, x0=64324883, x1=901371451
P0, tp=1, ts=1
P2, tp=1, ts=1, x0=548803266, x1=750808985
P2, tp=1, ts=1, x0=769575720, x1=368303704
P0, tp=1, ts=1
P1, tp=1, ts=1, x0=460781810
P0, tp=1, ts=1
P2, tp=1, ts=1, x0=242831894, x1=401764149
P2, tp=1, ts=1, x0=491488954, x1=369252188
P0, tp=1, ts=1
P3, tp=1, ts=1, x0=756337731, x1=524049753
P0, tp=1, ts=1
P2, tp=1, ts=1, x0=677028439, x1=756337731
P1, tp=1, ts=1, x0=551695068
P0, tp=1, ts=1
P0, tp=1, ts=1
P2, tp=1, ts=1, x0=460781810, x1=289743064
P1, tp=1, ts=1, x0=659936786
P2, tp=1, ts=1, x0=78783683, x1=953979760
P0, tp=1, ts=1
P3, tp=1, ts=1, x0=774078690, x1=457379983
P2, tp=1, ts=1, x0=304424824, x1=78783683
P2, tp=1, ts=1, x0=551695068, x1=354985508
P1, tp=1, ts=1, x0=757829496
P0, tp=1, ts=1
P3, tp=1, ts=1, x0=227066681, x1=633153590
P1, tp=1, ts=1, x0=310706839
P0, tp=1, ts=1
P2, tp=1, ts=1, x0=34216644, x1=769575720
P1, tp=1, ts=1, x0=78783683
P2, tp=1, ts=1, x0=424235885, x1=566223654
P0, tp=1, ts=1
P3, tp=1, ts=1, x0=658848271, x1=299037955
P3, tp=1, ts=1, x0=289743064, x1=900919027
P2, tp=1, ts=1, x0=319143138, x1=535642503
P1, tp=1, ts=1, x0=424235885
P2, tp=1, ts=1, x0=290156642, x1=688675544
P1, tp=1, ts=1, x0=440597854
P3, tp=1, ts=1, x0=900919027, x1=290156642
P0, tp=1, ts=1
P1, tp=1, ts=1, x0=299037955
P0, tp=1, ts=1
P0, tp=1, ts=1
P3, tp=1, ts=1, x0=479058835, x1=281208801
P3, tp=1, ts=1, x0=444535693, x1=613671267
P3, tp=1, ts=1, x0=869550133, x1=53293739
P3, tp=1, ts=1, x0=444535693, x1=289743064
P3, tp=1, ts=1, x0=518614260, x1=859657893
P3, tp=1, ts=1, x0=483212117, x1=724934364
P1, tp=1, ts=1, x0=759260157
P3, tp=1, ts=1, x0=655924144, x1=444535693
P3, tp=1, ts=1, x0=382459427, x1=633153590
P3, tp=1, ts=1, x0=540211513, x1=227066681
P3, tp=1, ts=1, x0=579244397, x1=531025210
P0, tp=1, ts=1
P0, tp=1, ts=1
P2, tp=1, ts=1, x0=757829496, x1=34216644
P3, tp=1, ts=1, x0=836162962, x1=310706839
P2, tp=1, ts=1, x0=756337731, x1=869550133
P3, tp=1, ts=1, x0=633153590, x1=659936786
P1, tp=1, ts=1, x0=844358578
P1, tp=1, ts=1, x0=223745878
P0, tp=1, ts=1
P3, tp=1, ts=1, x0=424235885, x1=524318503
P0, tp=1, ts=1
P0, tp=1, ts=1
P2, tp=1, ts=1, x0=56996216, x1=674995071
P0, tp=1, ts=1
P1, tp=1, ts=1, x0=289743064
P1, tp=1, ts=1, x0=677028439
P2, tp=1, ts=1, x0=756337731, x1=78783683
P2, tp=1, ts=1, x0=14884036, x1=299037955
P3, tp=1, ts=1, x0=769575720, x1=865149973
P0, tp=1, ts=1
P1, tp=1, ts=1, x0=551695068
P2, tp=1, ts=1, x0=479058835, x1=78783683
P2, tp=1, ts=1, x0=655924144, x1=976062358
P2, tp=1, ts=1, x0=613671267, x1=444535693
P0, tp=1, ts=1
P2, tp=1, ts=1, x0=323383664, x1=813149273
P2, tp=1, ts=1, x0=540011444, x1=460781810
P0, tp=1, ts=1
P3, tp=1, ts=1, x0=435941031, x1=444535693
P2, tp=1, ts=1, x0=906255630, x1=613671267
P2, tp=1, ts=1, x0=14884036, x1=844358578
P1, tp=1, ts=1, x0=533814955
P1, tp=1, ts=1, x0=214098173
P2, tp=1, ts=1, x0=533814955, x1=635321484
P0, tp=1, ts=1
P3, tp=1, ts=1, x0=551695068, x1=299037955
P2, tp=1, ts=1, x0=440579536, x1=877001206
P3, tp=1, ts=1, x0=886151951, x1=223745878
P3, tp=1, ts=1, x0=802859921, x1=319143138
P0, tp=1, ts=1
P2, tp=1, ts=1, x0=769575720, x1=704648727
P1, tp=1, ts=1, x0=769575720
P3, tp=1, ts=1, x0=579244397, x1=822425566
P1, tp=1, ts=1, x0=435941031
P3, tp=1, ts=1, x0=684603222, x1=531025210
P0, tp=1, ts=1
P3, tp=1, ts=1, x0=822425566, x1=953979760
P1, tp=1, ts=1, x0=290156642
P0, tp=1, ts=1
P0, tp=1, ts=1
P3, tp=1, ts=1, x0=636105593, x1=566223654
P0, tp=1, ts=1
P1, tp=1, ts=1, x0=440597854
P3, tp=1, ts=1, x0=940829925, x1=483212117
P0, tp=1, ts=1
P1, tp=1, ts=1, x0=140657797
P1, tp=1, ts=1, x0=465832210
P1, tp=1, ts=1, x0=382459427
P0, tp=1, ts=1
P0, tp=1, ts=1
P0, tp=1, ts=1
P1, tp=1, ts=1, x0=750808985
P0, tp=1, ts=1
P0, tp=1, ts=1
P2, tp=1, ts=1, x0=122874324, x1=207965030
P1, tp=1, ts=1, x0=491488954
P2, tp=1, ts=1, x0=566223654, x1=242831894
P3, tp=1, ts=1, x0=382459427, x1=639405936
P3, tp=1, ts=1, x0=816192593, x1=677028439
P2, tp=1, ts=1, x0=319143138, x1=548803266
P1, tp=1, ts=1, x0=401764149
P2, tp=1, ts=1, x0=524049753, x1=23838
P2, tp=1, ts=1, x0=900919027, x1=207965030
P3, tp=1, ts=1, x0=440597854, x1=586651466
P0, tp=1, ts=1
P3, tp=1, ts=1, x0=756337731, x1=424235885
P3, tp=1, ts=1, x0=56996216, x1=524049753
P0, tp=1, ts=1
P0, tp=1, ts=1
P1, tp=1, ts=1, x0=197320395
P1, tp=1, ts=1, x0=319143138
P0, tp=1, ts=1
P0, tp=1, ts=1
P1, tp=1, ts=1, x0=659936786
P3, tp=1, ts=1, x0=704648727, x1=533814955
P2, tp=1, ts=1, x0=586651466, x1=704648727
P0, tp=1, ts=1
P2, tp=1, ts=1, x0=940829925, x1=704648727
P3, tp=1, ts=1, x0=497306715, x1=34216644
P1, tp=1, ts=1, x0=379060307
P0, tp=1, ts=1
P3, tp=1, ts=1, x0=368303704, x1=56996216
P2, tp=1, ts=1, x0=223745878, x1=483212117
P1, tp=1, ts=1, x0=53293739
P3, tp=1, ts=1, x0=140657797, x1=23764225
P3, tp=1, ts=1, x0=64324883, x1=227066681
P0, tp=1, ts=1
P2, tp=1, ts=1, x0=518614260, x1=852937355
P2, tp=1, ts=1, x0=759260157, x1=587814251
P1, tp=1, ts=1, x0=78783683
P3, tp=1, ts=1, x0=299037955, x1=844358578
P1, tp=1, ts=1, x0=473936628
P2, tp=1, ts=1, x0=122874324, x1=704648727
P2, tp=1, ts=1, x0=369252188, x1=288896971
P1, tp=1, ts=1, x0=750808985
P1, tp=1, ts=1, x0=214098173
P3, tp=1, ts=1, x0=940829925, x1=639405936
P3, tp=1, ts=1, x0=688675544, x1=354985508
P0, tp=1, ts=1
P1, tp=1, ts=1, x0=382459427
P0, tp=1, ts=1
P2, tp=1, ts=1, x0=759260157, x1=551695068
P3, tp=1, ts=1, x0=677028439, x1=540211513
P2, tp=1, ts=1, x0=709611043, x1=846052324
P0, tp=1, ts=1
P0, tp=1, ts=1
P1, tp=1, ts=1, x0=574663892
P1, tp=1, ts=1, x0=288896971
P3, tp=1, ts=1, x0=976062358, x1=398881811
P1, tp=1, ts=1, x0=444535693
P3, tp=1, ts=1, x0=315429654, x1=816192593
P3, tp=1, ts=1, x0=223745878, x1=655358986
P3, tp=1, ts=1, x0=560240386, x1=64324883
P2, tp=1, ts=1, x0=398881811, x1=290156642
P2, tp=1, ts=1, x0=304424824, x1=223745878
P2, tp=1, ts=1, x0=813149273, x1=227066681
P0, tp=1, ts=1
P1, tp=1, ts=1, x0=635321484
P3, tp=1, ts=1, x0=759260157, x1=684603222
P0, tp=1, ts=1
P3, tp=1, ts=1, x0=227066681, x1=813149273
P0, tp=1, ts=1
P0, tp=1, ts=1
P3, tp=1, ts=1, x0=242831894, x1=481385687
P2, tp=1, ts=1, x0=906255630, x1=822425566
P3, tp=1, ts=1, x0=844358578, x1=750808985
P0, tp=1, ts=1
P0, tp=1, ts=1
P2, tp=1, ts=1, x0=140657797, x1=756337731
P1, tp=1, ts=1, x0=214098173
P3, tp=1, ts=1, x0=976062358, x1=524318503
P0, tp=1, ts=1
P2, tp=1, ts=1, x0=684864064, x1=440597854
P0, tp=1, ts=1
P2, tp=1, ts=1, x0=524049753, x1=379060307
P0, tp=1, ts=1
P3, tp=1, ts=1, x0=372304439, x1=382459427
P2, tp=1, ts=1, x0=836162962, x1=535642503
P1, tp=1, ts=1, x0=78783683
P3, tp=1, ts=1, x0=435941031, x1=197320395
P1, tp=1, ts=1, x0=310706839
P1, tp=1, ts=1, x0=704648727
P3, tp=1, ts=1, x0=197320395, x1=473936628
P0, tp=1, ts=1
P2, tp=1, ts=1, x0=214098173, x1=976062358
P3, tp=1, ts=1, x0=449967910, x1=976062358
P3, tp=1, ts=1, x0=424235885, x1=757829496
P2, tp=1, ts=1, x0=869550133, x1=372304439
P0, tp=1, ts=1
P1, tp=1, ts=1, x0=613671267
P2, tp=1, ts=1, x0=566223654, x1=814564738
P0, tp=1, ts=1
P2, tp=1, ts=1, x0=540211513, x1=449967910
P1, tp=1, ts=1, x0=379060307
P2, tp=1, ts=1, x0=424235885, x1=57919239
P1, tp=1, ts=1, x0=816192593
P2, tp=1, ts=1, x0=696704502, x1=814564738
P3, tp=1, ts=1, x0=497306715, x1=677028439
P3, tp=1, ts=1, x0=548803266, x1=684603222
P1, tp=1, ts=1, x0=639405936
P0, tp=1, ts=1
P0, tp=1, ts=1
P0, tp=1, ts=1
P3, tp=1, ts=1, x0=548803266, x1=531025210
P1, tp=1, ts=1, x0=518614260
P1, tp=1, ts=1, x0=497306715
P3, tp=1, ts=1, x0=435941031, x1=435941031
P1, tp=1, ts=1, x0=483212117
P3, tp=1, ts=1, x0=639405936, x1=852937355
P3, tp=1, ts=1, x0=401764149, x1=214098173
P1, tp=1, ts=1, x0=540211513
P0, tp=1, ts=1
P0, tp=1, ts=1
P3, tp=1, ts=1, x0=57919239, x1=932777661
P1, tp=1, ts=1, x0=816192593
P0, tp=1, ts=1
P3, tp=1, ts=1, x0=724934364, x1=613671267
P3, tp=1, ts=1, x0=655924144, x1=460781810
P3, tp=1, ts=1, x0=932777661, x1=995226452
P1, tp=1, ts=1, x0=844358578
P3, tp=1, ts=1, x0=64324883, x1=877001206
P3, tp=1, ts=1, x0=836162962, x1=56996216
P3, tp=1, ts=1, x0=310706839, x1=23764225
P0, tp=1, ts=1
P2, tp=1, ts=1, x0=489159876, x1=531025210
P3, tp=1, ts=1, x0=425279847, x1=932527379
P2, tp=1, ts=1, x0=368303704, x1=587814251
P0, tp=1, ts=1
P1, tp=1, ts=1, x0=688675544
P2, tp=1, ts=1, x0=836162962, x1=457379983
P0, tp=1, ts=1
P2, tp=1, ts=1, x0=906255630, x1=425279847
P3, tp=1, ts=1, x0=88956117, x1=836162962
P2, tp=1, ts=1, x0=23499221, x1=454567728
P1, tp=1, ts=1, x0=852937355
P2, tp=1, ts=1, x0=456539164, x1=639405936
P2, tp=1, ts=1, x0=53293739, x1=586651466
P3, tp=1, ts=1, x0=214098173, x1=704648727
P0, tp=1, ts=1
P1, tp=1, ts=1, x0=750808985
P0, tp=1, ts=1
P0, tp=1, ts=1
P3, tp=1, ts=1, x0=210400692, x1=674995071
P1, tp=1, ts=1, x0=23838
P2, tp=1, ts=1, x0=23838, x1=473936628
P2, tp=1, ts=1, x0=319143138, x1=299037955
P3, tp=1, ts=1, x0=750808985, x1=281208801
P0, tp=1, ts=1
P3, tp=1, ts=1, x0=696704502, x1=566223654
P2, tp=1, ts=1, x0=540211513, x1=281208801
P1, tp=1, ts=1, x0=290156642
P3, tp=1, ts=1, x0=207965030, x1=827064897
P3, tp=1, ts=1, x0=901371451, x1=310706839
P1, tp=1, ts=1, x0=472517426
P0, tp=1, ts=1
P0, tp=1, ts=1
P2, tp=1, ts=1, x0=454567728, x1=686188530
P3, tp=1, ts=1, x0=511362766, x1=319143138
P2, tp=1, ts=1, x0=489159876, x1=658848271
P2, tp=1, ts=1, x0=354985508, x1=540211513
P0, tp=1, ts=1
P2, tp=1, ts=1, x0=759260157, x1=635321484
P2, tp=1, ts=1, x0=953979760, x1=238575907
P0, tp=1, ts=1
P0, tp=1, ts=1
P1, tp=1, ts=1, x0=816192593
P2, tp=1, ts=1, x0=579244397, x1=684603222
P1, tp=1, ts=1, x0=524049753
P0, tp=1, ts=1
P0, tp=1, ts=1
P3, tp=1, ts=1, x0=481385687, x1=53293739
P1, tp=1, ts=1, x0=813149273
P0, tp=1, ts=1
P2, tp=1, ts=1, x0=852937355, x1=750808985
P3, tp=1, ts=1, x0=140657797, x1=197320395
P2, tp=1, ts=1, x0=207965030, x1=140657797
P2, tp=1, ts=1, x0=43353433, x1=976062358
P3, tp=1, ts=1, x0=756337731, x1=78783683
P1, tp=1, ts=1, x0=724934364
P0, tp=1, ts=1
P1, tp=1, ts=1, x0=696704502
P2, tp=1, ts=1, x0=531025210, x1=435941031
P0, tp=1, ts=1
P0, tp=1, ts=1
P0, tp=1, ts=1
P3, tp=1, ts=1, x0=788343862, x1=511362766
P1, tp=1, ts=1, x0=518614260
P1, tp=1, ts=1, x0=23764225
P3, tp=1, ts=1, x0=865149973, x1=932777661
P0, tp=1, ts=1
P2, tp=1, ts=1, x0=304424824, x1=756337731
P2, tp=1, ts=1, x0=481385687, x1=846052324
P2, tp=1, ts=1, x0=635321484, x1=844358578
P0, tp=1, ts=1
P1, tp=1, ts=1, x0=483212117
P0, tp=1, ts=1
P2, tp=1, ts=1, x0=481385687, x1=481385687
P2, tp=1, ts=1, x0=586651466, x1=535642503
P0, tp=1, ts=1
P1, tp=1, ts=1, x0=886151951
P1, tp=1, ts=1, x0=535642503
P0, tp=1, ts=1
P1, tp=1, ts=1, x0=677028439
P2, tp=1, ts=1, x0=454567728, x1=398881811
P0, tp=1, ts=1
P2, tp=1, ts=1, x0=818013939, x1=456539164
P3, tp=1, ts=1, x0=724934364, x1=800505611
P3, tp=1, ts=1, x0=901371451, x1=560240386
P2, tp=1, ts=1, x0=197320395, x1=655924144
P3, tp=1, ts=1, x0=238575907, x1=290156642
P2, tp=1, ts=1, x0=635321484, x1=813149273
P1, tp=1, ts=1, x0=140657797
P0, tp=1, ts=1
P2, tp=1, ts=1, x0=140657797, x1=435941031
P1, tp=1, ts=1, x0=481385687
P2, tp=1, ts=1, x0=818013939, x1=800699294
P0, tp=1, ts=1
P2, tp=1, ts=1, x0=56996216, x1=788343862
P1, tp=1, ts=1, x0=560240386
P0, tp=1, ts=1
P1, tp=1, ts=1, x0=398881811
P0, tp=1, ts=1
P1, tp=1, ts=1, x0=800505611
P0, tp=1, ts=1
P3, tp=1, ts=1, x0=844358578, x1=242831894
P0, tp=1, ts=1
P1, tp=1, ts=1, x0=443552734
P1, tp=1, ts=1, x0=57919239
P0, tp=1, ts=1
P1, tp=1, ts=1, x0=56996216
P2, tp=1, ts=1, x0=14884036, x1=454567728
P2, tp=1, ts=1, x0=540211513, x1=816192593
P1, tp=1, ts=1, x0=483212117
P2, tp=1, ts=1, x0=822425566, x1=310706839
P1, tp=1, ts=1, x0=684603222
P3, tp=1, ts=1, x0=373298134, x1=122874324
P1, tp=1, ts=1, x0=788343862
P2, tp=1, ts=1, x0=524049753, x1=465832210
P1, tp=1, ts=1, x0=586651466
P0, tp=1, ts=1
P1, tp=1, ts=1, x0=836767585
P0, tp=1, ts=1
P3, tp=1, ts=1, x0=540211513, x1=197320395
P3, tp=1, ts=1, x0=58472454, x1=677028439
P2, tp=1, ts=1, x0=635321484, x1=373298134
P3, tp=1, ts=1, x0=932527379, x1=560834326
P3, tp=1, ts=1, x0=587814251, x1=207965030
P1, tp=1, ts=1, x0=677028439
P3, tp=1, ts=1, x0=210400692, x1=816192593
P3, tp=1, ts=1, x0=354985508, x1=425279847
P0, tp=1, ts=1
P1, tp=1, ts=1, x0=566223654
P3, tp=1, ts=1, x0=449967910, x1=995226452
P2, tp=1, ts=1, x0=852937355, x1=64324883
P1, tp=1, ts=1, x0=288896971
P1, tp=1, ts=1, x0=639405936
P3, tp=1, ts=1, x0=827064897, x1=310706839
P0, tp=1, ts=1
P3, tp=1, ts=1, x0=382459427, x1=197320395
P3, tp=1, ts=1, x0=686188530, x1=472517426
P0, tp=1, ts=1
P2, tp=1, ts=1, x0=639405936, x1=750808985
P1, tp=1, ts=1, x0=14884036
P3, tp=2, ts=2, x0=715723205, x1=560834326
P1, tp=2, ts=2, x0=531025210
P2, tp=2, ts=2, x0=214098173, x1=23499221
P1, tp=2, ts=2, x0=489159876
P3, tp=2, ts=2, x0=524049753, x1=822425566
P0, tp=2, ts=2
P0, tp=2, ts=2
P2, tp=2, ts=2, x0=299037955, x1=953979760
P3, tp=2, ts=2, x0=304424824, x1=531025210
P2, tp=2, ts=2, x0=677028439, x1=659936786
P3, tp=2, ts=2, x0=976062358, x1=481385687
P3, tp=2, ts=2, x0=627939908, x1=373298134
P2, tp=2, ts=2, x0=443552734, x1=368303704
P0, tp=2, ts=2
P0, tp=2, ts=2
P1, tp=2, ts=2, x0=88956117
P2, tp=2, ts=2, x0=227066681, x1=818013939
P2, tp=2, ts=2, x0=64324883, x1=579244397
P3, tp=2, ts=2, x0=242831894, x1=531025210
P0, tp=2, ts=2
P3, tp=2, ts=2, x0=450224269, x1=43353433
P3, tp=2, ts=2, x0=548803266, x1=454567728
P3, tp=2, ts=2, x0=800699294, x1=822425566
P3, tp=2, ts=2, x0=450224269, x1=242831894
P1, tp=2, ts=2, x0=197320395
P0, tp=2, ts=2
P3, tp=2, ts=2, x0=639405936, x1=57919239
P3, tp=2, ts=2, x0=58472454, x1=684864064
P2, tp=2, ts=2, x0=443552734, x1=454567728
P0, tp=2, ts=2
P2, tp=2, ts=2, x0=853248313, x1=540211513
P3, tp=2, ts=2, x0=401476346, x1=535572610
P1, tp=2, ts=2, x0=655924144
P2, tp=2, ts=2, x0=724934364, x1=28123380
P3, tp=2, ts=2, x0=450224269, x1=696704502
P0, tp=2, ts=2
P1, tp=2, ts=2, x0=473936628
P2, tp=2, ts=2, x0=367062533, x1=290156642
P0, tp=2, ts=2
P2, tp=2, ts=2, x0=288896971, x1=368303704
P0, tp=2, ts=2
P2, tp=2, ts=2, x0=813149273, x1=886151951
P0, tp=2, ts=2
P2, tp=2, ts=2, x0=299037955, x1=227066681
P3, tp=2, ts=2, x0=23499221, x1=613671267
P3, tp=2, ts=2, x0=684603222, x1=530272142
P2, tp=2, ts=2, x0=627939908, x1=425279847
P0, tp=2, ts=2
P1, tp=2, ts=2, x0=511362766
P1, tp=2, ts=2, x0=373298134
P3, tp=2, ts=2, x0=481385687, x1=435941031
P3, tp=2, ts=2, x0=481385687, x1=696704502
P2, tp=2, ts=2, x0=696704502, x1=932527379
P2, tp=2, ts=2, x0=586651466, x1=836162962
P0, tp=2, ts=2
P3, tp=2, ts=2, x0=535642503, x1=242831894
P2, tp=2, ts=2, x0=566223654, x1=454567728
P3, tp=2, ts=2, x0=485435588, x1=936917204
P2, tp=2, ts=2, x0=299037955, x1=435941031
P0, tp=2, ts=2
P0, tp=2, ts=2
P0, tp=2, ts=2
P1, tp=2, ts=2, x0=57919239
P3, tp=2, ts=2, x0=836162962, x1=684603222
P2, tp=2, ts=2, x0=290156642, x1=756337731
P3, tp=2, ts=2, x0=586651466, x1=813149273
P1, tp=2, ts=2, x0=449967910
P0, tp=2, ts=2
P0, tp=2, ts=2
P2, tp=2, ts=2, x0=704648727, x1=292801224
P0, tp=2, ts=2
P2, tp=2, ts=2, x0=659936786, x1=310706839
P1, tp=2, ts=2, x0=586651466
P1, tp=2, ts=2, x0=886151951
P2, tp=2, ts=2, x0=688675544, x1=518614260
P1, tp=2, ts=2, x0=535642503
P0, tp=2, ts=2
P1, tp=2, ts=2, x0=531025210
P0, tp=2, ts=2
P3, tp=2, ts=2, x0=292801224, x1=531025210
P3, tp=2, ts=2, x0=288896971, x1=715723205
P2, tp=2, ts=2, x0=655924144, x1=587814251
P3, tp=2, ts=2, x0=288896971, x1=800699294
P0, tp=2, ts=2
P3, tp=2, ts=2, x0=424235885, x1=454567728
P1, tp=2, ts=2, x0=696704502
P3, tp=2, ts=2, x0=853248313, x1=642123235
P1, tp=2, ts=2, x0=587814251
P3, tp=2, ts=2, x0=122874324, x1=524318503
P1, tp=2, ts=2, x0=28123380
P2, tp=2, ts=2, x0=58472454, x1=816192593
P3, tp=2, ts=2, x0=242831894, x1=58472454
P0, tp=2, ts=2
P1, tp=2, ts=2, x0=368303704
P1, tp=2, ts=2, x0=443552734
P0, tp=2, ts=2
P2, tp=2, ts=2, x0=827064897, x1=58472454
P2, tp=2, ts=2, x0=88956117, x1=932527379
P1, tp=2, ts=2, x0=456539164
P0, tp=2, ts=2
P0, tp=2, ts=2
P3, tp=2, ts=2, x0=23499221, x1=197320395
P2, tp=2, ts=2, x0=401476346, x1=642123235
P1, tp=2, ts=2, x0=443552734
P0, tp=2, ts=2
P1, tp=2, ts=2, x0=197320395
P1, tp=2, ts=2, x0=859563436
P2, tp=2, ts=2, x0=57919239, x1=816192593
P0, tp=2, ts=2
P1, tp=2, ts=2, x0=450224269
P3, tp=2, ts=2, x0=836767585, x1=524049753
P0, tp=2, ts=2
P3, tp=2, ts=2, x0=435941031, x1=932527379
P0, tp=2, ts=2
P0, tp=2, ts=2
P2, tp=2, ts=2, x0=479058835, x1=853248313
P2, tp=2, ts=2, x0=518614260, x1=242831894
P0, tp=2, ts=2
P1, tp=2, ts=2, x0=613671267
P0, tp=2, ts=2
P0, tp=2, ts=2
P0, tp=2, ts=2
P1, tp=2, ts=2, x0=23499221
P2, tp=2, ts=2, x0=535642503, x1=696704502
P0, tp=2, ts=2
P3, tp=2, ts=2, x0=587814251, x1=800505611
P3, tp=2, ts=2, x0=511362766, x1=587814251
P2, tp=2, ts=2, x0=373298134, x1=481385687
P1, tp=2, ts=2, x0=299037955
P0, tp=2, ts=2
P1, tp=2, ts=2, x0=431733222
P0, tp=2, ts=2
P1, tp=2, ts=2, x0=424235885
P0, tp=2, ts=2
P2, tp=2, ts=2, x0=435941031, x1=886151951
P3, tp=2, ts=2, x0=852937355, x1=995226452
P2, tp=2, ts=2, x0=995226452, x1=750808985
P1, tp=2, ts=2, x0=627939908
P0, tp=2, ts=2
P1, tp=2, ts=2, x0=479058835
P0, tp=2, ts=2
P3, tp=2, ts=2, x0=627939908, x1=28123380
P2, tp=2, ts=2, x0=58472454, x1=560834326
P0, tp=2, ts=2
P0, tp=2, ts=2
P3, tp=2, ts=2, x0=107287293, x1=485435588
P1, tp=2, ts=2, x0=485435588
P0, tp=2, ts=2
P1, tp=2, ts=2, x0=518614260
P0, tp=2, ts=2
P1, tp=2, ts=2, x0=64324883
P2, tp=2, ts=2, x0=800505611, x1=560834326
P3, tp=2, ts=2, x0=485435588, x1=102666611
P2, tp=2, ts=2, x0=686188530, x1=28123380
P3, tp=2, ts=2, x0=197320395, x1=43353433
P0, tp=2, ts=2
P1, tp=2, ts=2, x0=677028439
P1, tp=2, ts=2, x0=49970588
P2, tp=2, ts=2, x0=435941031, x1=548803266
P3, tp=2, ts=2, x0=345065294, x1=579244397
P3, tp=2, ts=2, x0=548803266, x1=684603222
P0, tp=2, ts=2
P2, tp=2, ts=2, x0=827064897, x1=773414477
P1, tp=2, ts=2, x0=368303704
P2, tp=2, ts=2, x0=140657797, x1=299037955
P2, tp=2, ts=2, x0=310706839, x1=299037955
P0, tp=2, ts=2
P1, tp=2, ts=2, x0=535572610
P0, tp=2, ts=2
P0, tp=2, ts=2
P0, tp=2, ts=2
P3, tp=2, ts=2, x0=435941031, x1=853248313
P2, tp=2, ts=2, x0=139763056, x1=800505611
P2, tp=2, ts=2, x0=686188530, x1=207965030
P3, tp=2, ts=2, x0=750808985, x1=639405936
P1, tp=2, ts=2, x0=684603222
P3, tp=2, ts=2, x0=28123380, x1=818013939
P1, tp=2, ts=2, x0=304424824
P2, tp=2, ts=2, x0=304424824, x1=813149273
P2, tp=2, ts=2, x0=443552734, x1=932527379
P2, tp=2, ts=2, x0=23764225, x1=932777661
P0, tp=2, ts=2
P3, tp=2, ts=2, x0=349069954, x1=724934364
P1, tp=2, ts=2, x0=518614260
P3, tp=2, ts=2, x0=242006158, x1=207965030
P1, tp=2, ts=2, x0=369252188
P1, tp=2, ts=2, x0=659735246
P0, tp=2, ts=2
P1, tp=2, ts=2, x0=57919239
P1, tp=2, ts=2, x0=586651466
P0, tp=2, ts=2
P1, tp=2, ts=2, x0=818013939
P2, tp=2, ts=2, x0=686188530, x1=58472454
P3, tp=2, ts=2, x0=214098173, x1=43353433
P3, tp=2, ts=2, x0=424235885, x1=535572610
P2, tp=2, ts=2, x0=535642503, x1=401476346
P1, tp=2, ts=2, x0=207965030
P2, tp=2, ts=2, x0=836162962, x1=238575907
P0, tp=2, ts=2
P3, tp=2, ts=2, x0=724934364, x1=587814251
P1, tp=2, ts=2, x0=561504385
P1, tp=2, ts=2, x0=560834326
P0, tp=2, ts=2
P3, tp=2, ts=2, x0=390831443, x1=349069954
P2, tp=2, ts=2, x0=304424824, x1=586651466
P1, tp=2, ts=2, x0=345065294
P0, tp=2, ts=2
P1, tp=2, ts=2, x0=561504385
P0, tp=2, ts=2
P2, tp=2, ts=2, x0=518614260, x1=535572610
P2, tp=2, ts=2, x0=818013939, x1=696704502
P2, tp=2, ts=2, x0=688675544, x1=345065294
P1, tp=2, ts=2, x0=560834326
P0, tp=2, ts=2
P2, tp=2, ts=2, x0=877001206, x1=49970588
P0, tp=2, ts=2
P3, tp=2, ts=2, x0=310706839, x1=238575907
P0, tp=2, ts=2
P3, tp=2, ts=2, x0=288896971, x1=530272142
P3, tp=2, ts=2, x0=369252188, x1=43353433
P0, tp=2, ts=2
P0, tp=2, ts=2
P2, tp=2, ts=2, x0=483212117, x1=57919239
P1, tp=2, ts=2, x0=122211783
P2, tp=2, ts=2, x0=23764225, x1=818013939
P0, tp=2, ts=2
P0, tp=2, ts=2
P1, tp=2, ts=2, x0=844358578
P2, tp=2, ts=2, x0=827064897, x1=479058835
P3, tp=2, ts=2, x0=485435588, x1=543931490
P3, tp=2, ts=2, x0=107287293, x1=686188530
P1, tp=2, ts=2, x0=345065294
P0, tp=2, ts=2
P2, tp=2, ts=2, x0=28123380, x1=64324883
P1, tp=2, ts=2, x0=43353433
P1, tp=2, ts=2, x0=336182131
P3, tp=2, ts=2, x0=214098173, x1=210400692
P1, tp=2, ts=2, x0=530272142
P1, tp=2, ts=2, x0=524049753
P2, tp=2, ts=2, x0=548803266, x1=479058835
P2, tp=2, ts=2, x0=238575907, x1=561504385
P3, tp=2, ts=2, x0=560240386, x1=670058263
P2, tp=2, ts=2, x0=813149273, x1=57919239
P0, tp=2, ts=2
P3, tp=2, ts=2, x0=511362766, x1=995226452
P2, tp=2, ts=2, x0=361352518, x1=836162962
P0, tp=2, ts=2
P0, tp=2, ts=2
P1, tp=2, ts=2, x0=483212117
P2, tp=2, ts=2, x0=443552734, x1=642123235
P0, tp=2, ts=2
P1, tp=2, ts=2, x0=483212117
P2, tp=2, ts=2, x0=369252188, x1=800699294
P0, tp=2, ts=2
P2, tp=2, ts=2, x0=995226452, x1=670058263
P1, tp=2, ts=2, x0=689395199
P2, tp=2, ts=2, x0=724934364, x1=613671267
P0, tp=2, ts=2
P1, tp=2, ts=2, x0=107287293
P2, tp=2, ts=2, x0=817569936, x1=242006158
P1, tp=2, ts=2, x0=310706839
P3, tp=2, ts=2, x0=82146286, x1=235305490
P2, tp=2, ts=2, x0=310706839, x1=704648727
P1, tp=2, ts=2, x0=49970588
P0, tp=2, ts=2
P3, tp=2, ts=2, x0=560834326, x1=813149273
P2, tp=2, ts=2, x0=586651466, x1=670058263
P3, tp=2, ts=2, x0=304424824, x1=639405936
P2, tp=2, ts=2, x0=844358578, x1=642123235
P2, tp=2, ts=2, x0=827064897, x1=139763056
P0, tp=2, ts=2
P0, tp=2, ts=2
P1, tp=2, ts=2, x0=58472454
P2, tp=2, ts=2, x0=936917204, x1=57919239
P2, tp=2, ts=2, x0=859563436, x1=686188530
P1, tp=2, ts=2, x0=750808985
P3, tp=2, ts=2, x0=64324883, x1=689395199
P3, tp=2, ts=2, x0=472517426, x1=788343862
P2, tp=2, ts=2, x0=642123235, x1=518614260
P3, tp=2, ts=2, x0=659735246, x1=390831443
P2, tp=2, ts=2, x0=518614260, x1=286136032
P2, tp=2, ts=2, x0=696704502, x1=511362766
P2, tp=2, ts=2, x0=827064897, x1=836162962
P0, tp=2, ts=2
P2, tp=2, ts=2, x0=274133801, x1=361352518
P1, tp=2, ts=2, x0=800505611
P1, tp=2, ts=2, x0=773414477
P0, tp=2, ts=2
P2, tp=2, ts=2, x0=518614260, x1=274133801
P1, tp=2, ts=2, x0=304455931
P0, tp=2, ts=2
P1, tp=2, ts=2, x0=613671267
P2, tp=2, ts=2, x0=454567728, x1=454567728
P1, tp=2, ts=2, x0=827064897
P1, tp=2, ts=2, x0=43353433
P1, tp=2, ts=2, x0=58472454
P1, tp=2, ts=2, x0=288896971
P1, tp=2, ts=2, x0=349069954
P2, tp=2, ts=2, x0=724934364, x1=750808985
P2, tp=2, ts=2, x0=932777661, x1=238575907
P3, tp=2, ts=2, x0=235305490, x1=435941031
P2, tp=2, ts=2, x0=995226452, x1=715723205
P0, tp=2, ts=2
P3, tp=2, ts=2, x0=369252188, x1=531025210
P2, tp=2, ts=2, x0=214098173, x1=844358578
P3, tp=2, ts=2, x0=561504385, x1=345065294
P2, tp=2, ts=2, x0=336182131, x1=725883183
P2, tp=2, ts=2, x0=704648727, x1=995226452
P1, tp=2, ts=2, x0=817569936
P3, tp=2, ts=2, x0=936917204, x1=642123235
P2, tp=2, ts=2, x0=235305490, x1=210400692
P1, tp=2, ts=2, x0=379060307
P3, tp=2, ts=2, x0=586651466, x1=686188530
P0, tp=2, ts=2
P3, tp=2, ts=2, x0=276056805, x1=524318503
P2, tp=2, ts=2, x0=684864064, x1=286136032
P1, tp=2, ts=2, x0=58472454
P2, tp=2, ts=2, x0=560834326, x1=242006158
P0, tp=2, ts=2
P0, tp=2, ts=2
P0, tp=2, ts=2
P3, tp=2, ts=2, x0=132232845, x1=530272142
P2, tp=2, ts=2, x0=443552734, x1=688675544
P2, tp=2, ts=2, x0=686188530, x1=696704502
P3, tp=2, ts=2, x0=995226452, x1=642123235
P0, tp=2, ts=2
P2, tp=2, ts=2, x0=424235885, x1=238575907
P1, tp=2, ts=2, x0=543931490
P0, tp=2, ts=2
P3, tp=2, ts=2, x0=310706839, x1=286136032
P2, tp=2, ts=2, x0=139763056, x1=238575907
P0, tp=2, ts=2
P1, tp=2, ts=2, x0=235305490
P3, tp=2, ts=2, x0=57919239, x1=833615763
P1, tp=2, ts=2, x0=424235885
P3, tp=2, ts=2, x0=288896971, x1=670058263
P2, tp=2, ts=2, x0=715723205, x1=642123235
P2, tp=2, ts=2, x0=613671267, x1=379060307
P0, tp=2, ts=2
P1, tp=2, ts=2, x0=102666611
P0, tp=2, ts=2
P1, tp=2, ts=2, x0=788343862
P2, tp=2, ts=2, x0=485435588, x1=560834326
P2, tp=2, ts=2, x0=788343862, x1=424235885
P3, tp=2, ts=2, x0=197320395, x1=373298134
P3, tp=2, ts=2, x0=82146286, x1=424235885
P3, tp=2, ts=2, x0=560240386, x1=435941031
P2, tp=2, ts=2, x0=932777661, x1=274133801
P3, tp=2, ts=2, x0=485435588, x1=43353433
P0, tp=2, ts=2
P2, tp=2, ts=2, x0=102666611, x1=531025210
P2, tp=2, ts=2, x0=688675544, x1=456539164
P1, tp=2, ts=2, x0=725883183
P1, tp=2, ts=2, x0=817569936
P1, tp=2, ts=2, x0=530272142
P0, tp=2, ts=2
P3, tp=2, ts=2, x0=895050005, x1=715723205
P1, tp=2, ts=2, x0=292801224
P2, tp=2, ts=2, x0=449967910, x1=485435588
P3, tp=2, ts=2, x0=401764149, x1=684864064
P3, tp=2, ts=2, x0=107287293, x1=689395199
P3, tp=2, ts=2, x0=613671267, x1=836162962
P2, tp=2, ts=2, x0=390831443, x1=932527379
P1, tp=2, ts=2, x0=696704502
P3, tp=2, ts=2, x0=548803266, x1=639405936
P3, tp=2, ts=2, x0=214098173, x1=696704502
P0, tp=2, ts=2
P2, tp=2, ts=2, x0=57919239, x1=390831443
P1, tp=2, ts=2, x0=725883183
P3, tp=2, ts=2, x0=238575907, x1=932527379
P1, tp=2, ts=2, x0=401764149
P0, tp=2, ts=2
P1, tp=2, ts=2, x0=822425566
P3, tp=2, ts=2, x0=535572610, x1=561504385
P0, tp=2, ts=2
P2, tp=2, ts=2, x0=696704502, x1=242006158
P1, tp=2, ts=2, x0=310706839
P2, tp=2, ts=2, x0=688675544, x1=750808985
P2, tp=2, ts=2, x0=896337574, x1=42900091
P0, tp=2, ts=2
P3, tp=2, ts=2, x0=816192593, x1=425279847
P0, tp=2, ts=2
P2, tp=2, ts=2, x0=818013939, x1=524318503
P3, tp=2, ts=2, x0=425279847, x1=132232845
P2, tp=2, ts=2, x0=235305490, x1=715723205
P2, tp=2, ts=2, x0=358881560, x1=715723205
P0, tp=2, ts=2
P1, tp=2, ts=2, x0=456539164
P0, tp=2, ts=2
P1, tp=2, ts=2, x0=932777661
P3, tp=2, ts=2, x0=561504385, x1=788343862
P2, tp=2, ts=2, x0=715723205, x1=449967910
P3, tp=2, ts=2, x0=64324883, x1=336182131
P3, tp=2, ts=2, x0=28123380, x1=64324883
P0, tp=2, ts=2
P3, tp=2, ts=2, x0=58472454, x1=373298134
P2, tp=2, ts=2, x0=817569936, x1=349069954
P2, tp=2, ts=2, x0=349069954, x1=7269934
P1, tp=2, ts=2, x0=361352518
P0, tp=2, ts=2
P0, tp=2, ts=2
P1, tp=2, ts=2, x0=449967910
P0, tp=2, ts=2
P3, tp=2, ts=2, x0=659735246, x1=535572610
P2, tp=2, ts=2, x0=122211783, x1=844358578
P1, tp=2, ts=2, x0=485435588
P3, tp=2, ts=2, x0=704648727, x1=639405936
P0, tp=2, ts=2
P2, tp=2, ts=2, x0=827064897, x1=450224269
P1, tp=2, ts=2, x0=299037955
P2, tp=2, ts=2, x0=358881560, x1=58472454
P0, tp=2, ts=2
P1, tp=2, ts=2, x0=511362766
P2, tp=2, ts=2, x0=450224269, x1=859563436
P0, tp=2, ts=2
P2, tp=2, ts=2, x0=800505611, x1=995226452
P2, tp=2, ts=2, x0=822425566, x1=659735246
P1, tp=2, ts=2, x0=214098173
P3, tp=2, ts=2, x0=518614260, x1=818013939
P3, tp=2, ts=2, x0=587814251, x1=800699294
P0, tp=2, ts=2
P0, tp=2, ts=2
P3, tp=2, ts=2, x0=696704502, x1=336182131
P3, tp=2, ts=2, x0=7269934, x1=827064897
P1, tp=2, ts=2, x0=836162962
P0, tp=2, ts=2
P1, tp=2, ts=2, x0=82146286
P1, tp=2, ts=2, x0=560240386
P1, tp=2, ts=2, x0=286136032
P2, tp=2, ts=2, x0=936917204, x1=122211783
P3, tp=2, ts=2, x0=373298134, x1=214098173
P1, tp=2, ts=2, x0=379060307
P2, tp=2, ts=2, x0=390831443, x1=49970588
P0, tp=2, ts=2
P3, tp=2, ts=2, x0=773414477, x1=895050005
P3, tp=2, ts=2, x0=995226452, x1=102666611
P3, tp=2, ts=2, x0=42900091, x1=518614260
P1, tp=2, ts=2, x0=49970588
P1, tp=2, ts=2, x0=696704502
P1, tp=2, ts=2, x0=817569936
P2, tp=2, ts=2, x0=454567728, x1=425279847
P2, tp=2, ts=2, x0=816192593, x1=524318503
P3, tp=2, ts=2, x0=896337574, x1=358881560
P3, tp=2, ts=2, x0=58472454, x1=586651466
P0, tp=2, ts=2
P2, tp=2, ts=2, x0=788343862, x1=425279847
P1, tp=2, ts=2, x0=49970588
P0, tp=2, ts=2
P2, tp=2, ts=2, x0=818013939, x1=896337574
P0, tp=2, ts=2
P0, tp=2, ts=2
P0, tp=2, ts=2
P3, tp=2, ts=2, x0=425279847, x1=990717429
P0, tp=2, ts=2
P2, tp=2, ts=2, x0=560834326, x1=43353433
P1, tp=2, ts=2, x0=242006158
P1, tp=2, ts=2, x0=696704502
P3, tp=2, ts=2, x0=535572610, x1=450224269
P3, tp=2, ts=2, x0=235305490, x1=274133801
P0, tp=2, ts=2
P1, tp=2, ts=2, x0=107287293
P2, tp=2, ts=2, x0=859563436, x1=836162962
P0, tp=2, ts=2
P1, tp=2, ts=2, x0=310706839
P2, tp=2, ts=2, x0=64324883, x1=816192593
P2, tp=2, ts=2, x0=449967910, x1=818013939
P3, tp=2, ts=2, x0=28123380, x1=139763056
P0, tp=2, ts=2
P0, tp=2, ts=2
P3, tp=2, ts=2, x0=686188530, x1=827064897
P0, tp=2, ts=2
P2, tp=2, ts=2, x0=530272142, x1=670058263
P2, tp=2, ts=2, x0=82146286, x1=49970588
P3, tp=2, ts=2, x0=530272142, x1=586651466
P1, tp=2, ts=2, x0=431733222
P0, tp=2, ts=2
P2, tp=2, ts=2, x0=990717429, x1=836767585
P1, tp=2, ts=2, x0=336182131
P3, tp=2, ts=2, x0=715723205, x1=310706839
P1, tp=2, ts=2, x0=586651466
P3, tp=2, ts=2, x0=304455931, x1=107287293
P1, tp=2, ts=2, x0=349069954
P0, tp=2, ts=2
P3, tp=2, ts=2, x0=689395199, x1=689395199
P2, tp=2, ts=2, x0=58472454, x1=82146286
P1, tp=2, ts=2, x0=816192593
P0, tp=2, ts=2
P1, tp=2, ts=2, x0=587814251
P0, tp=2, ts=2
P2, tp=2, ts=2, x0=274133801, x1=401476346
P3, tp=2, ts=2, x0=715723205, x1=859563436
P2, tp=2, ts=2, x0=684864064, x1=238575907
P1, tp=2, ts=2, x0=657525344
P3, tp=2, ts=2, x0=450224269, x1=238575907
P0, tp=2, ts=2
P1, tp=2, ts=2, x0=274133801
P2, tp=2, ts=2, x0=242006158, x1=853248313
P1, tp=2, ts=2, x0=28123380
P1, tp=2, ts=2, x0=82146286
P1, tp=2, ts=2, x0=401476346
P3, tp=2, ts=2, x0=401476346, x1=286136032
P3, tp=2, ts=2, x0=665794784, x1=102666611
P3, tp=2, ts=2, x0=990717429, x1=349069954
P2, tp=2, ts=2, x0=82146286, x1=627939908
P3, tp=2, ts=2, x0=304424824, x1=390831443
P0, tp=2, ts=2
P2, tp=2, ts=2, x0=373298134, x1=42900091
P3, tp=2, ts=2, x0=689395199, x1=760355294
P2, tp=2, ts=2, x0=788343862, x1=107287293
P1, tp=2, ts=2, x0=936917204
P0, tp=2, ts=2
P1, tp=2, ts=2, x0=813149273
P2, tp=2, ts=2, x0=576906215, x1=560834326
P3, tp=2, ts=2, x0=242006158, x1=822425566
P0, tp=2, ts=2
P0, tp=2, ts=2
P2, tp=2, ts=2, x0=689934696, x1=717187128
P3, tp=2, ts=2, x0=58472454, x1=822425566
P0, tp=2, ts=2
P2, tp=2, ts=2, x0=936917204, x1=561504385
P2, tp=2, ts=2, x0=358881560, x1=288896971
P3, tp=2, ts=2, x0=530272142, x1=561504385
P3, tp=2, ts=2, x0=827064897, x1=456539164
P0, tp=2, ts=2
P0, tp=2, ts=2
P3, tp=2, ts=2, x0=425279847, x1=349069954
P0, tp=2, ts=2
P0, tp=2, ts=2
P0, tp=2, ts=2
P1, tp=2, ts=2, x0=139763056
P1, tp=2, ts=2, x0=639405936
P3, tp=2, ts=2, x0=923843939, x1=304455931
P1, tp=2, ts=2, x0=813149273
P0, tp=2, ts=2
P3, tp=2, ts=2, x0=235305490, x1=657525344
P2, tp=2, ts=2, x0=818013939, x1=28123380
P1, tp=2, ts=2, x0=853248313
P1, tp=2, ts=2, x0=686188530
P3, tp=2, ts=2, x0=642123235, x1=836767585
P1, tp=2, ts=2, x0=639405936
P2, tp=2, ts=2, x0=58472454, x1=613671267
P1, tp=2, ts=2, x0=932777661
P3, tp=2, ts=2, x0=800505611, x1=587814251
P1, tp=2, ts=2, x0=932527379
P2, tp=2, ts=2, x0=670058263, x1=154312090
P3, tp=2, ts=2, x0=28123380, x1=310706839
P1, tp=2, ts=2, x0=7269934
P3, tp=2, ts=2, x0=836767585, x1=561504385
P0, tp=2, ts=2
P2, tp=2, ts=2, x0=936917204, x1=642123235
P2, tp=2, ts=2, x0=880523698, x1=238575907
P2, tp=2, ts=2, x0=688669994, x1=836162962
P1, tp=2, ts=2, x0=829467575
P2, tp=2, ts=2, x0=164718677, x1=431733222
P0, tp=2, ts=2
P2, tp=2, ts=2, x0=82146286, x1=715723205
P0, tp=2, ts=2
P2, tp=2, ts=2, x0=518614260, x1=28123380
P3, tp=2, ts=2, x0=472517426, x1=773414477
P2, tp=2, ts=2, x0=450224269, x1=665794784
P1, tp=2, ts=2, x0=164718677
P0, tp=2, ts=2
P2, tp=2, ts=2, x0=543931490, x1=427917125
P2, tp=2, ts=2, x0=990717429, x1=524318503
P2, tp=2, ts=2, x0=179577391, x1=995226452
P2, tp=2, ts=2, x0=859563436, x1=238575907
P2, tp=2, ts=2, x0=443552734, x1=670058263
P0, tp=2, ts=2
P3, tp=2, ts=2, x0=349069954, x1=443552734
P1, tp=2, ts=2, x0=836162962
P0, tp=2, ts=2
P3, tp=2, ts=2, x0=833615763, x1=586651466
P1, tp=2, ts=2, x0=788343862
P2, tp=2, ts=2, x0=816192593, x1=49970588
P3, tp=2, ts=2, x0=107287293, x1=586651466
P2, tp=2, ts=2, x0=511362766, x1=684864064
P3, tp=2, ts=2, x0=923843939, x1=689934696
P3, tp=2, ts=2, x0=760355294, x1=725883183
P3, tp=2, ts=2, x0=365775564, x1=647786055
P3, tp=2, ts=2, x0=844358578, x1=919048829
P1, tp=2, ts=2, x0=853248313
P0, tp=2, ts=2
P0, tp=2, ts=2
P2, tp=2, ts=2, x0=449967910, x1=816192593
P2, tp=2, ts=2, x0=688669994, x1=800699294
P1, tp=2, ts=2, x0=802939665
P3, tp=2, ts=2, x0=833615763, x1=800505611
P1, tp=2, ts=2, x0=822425566
P1, tp=2, ts=2, x0=449967910
P1, tp=2, ts=2, x0=639405936
P3, tp=2, ts=2, x0=715723205, x1=274133801
P2, tp=2, ts=2, x0=627939908, x1=788343862
P1, tp=2, ts=2, x0=345065294
P1, tp=2, ts=2, x0=688669994
P0, tp=2, ts=2
P1, tp=2, ts=2, x0=725883183
P2, tp=2, ts=2, x0=528002546, x1=576906215
P1, tp=2, ts=2, x0=401476346
P3, tp=2, ts=2, x0=781549095, x1=919048829
P3, tp=2, ts=2, x0=781549095, x1=802939665
P3, tp=2, ts=2, x0=800505611, x1=560834326
P1, tp=2, ts=2, x0=657525344
P0, tp=2, ts=2
P2, tp=2, ts=2, x0=686188530, x1=800699294
P1, tp=2, ts=2, x0=358881560
P3, tp=2, ts=2, x0=560240386, x1=586651466
P1, tp=2, ts=2, x0=583191605
P0, tp=2, ts=2
P2, tp=2, ts=2, x0=94793001, x1=659735246
P0, tp=2, ts=2
P3, tp=2, ts=2, x0=561504385, x1=936917204
P3, tp=2, ts=2, x0=365775564, x1=665794784
P0, tp=2, ts=2
P3, tp=2, ts=2, x0=7269934, x1=235305490
P1, tp=2, ts=2, x0=409864920
P2, tp=2, ts=2, x0=449967910, x1=472517426
P2, tp=2, ts=2, x0=829467575, x1=102666611
P1, tp=2, ts=2, x0=802939665
P0, tp=2, ts=2
P3, tp=2, ts=2, x0=345065294, x1=203816316
P0, tp=2, ts=2
P0, tp=2, ts=2
P3, tp=2, ts=2, x0=274133801, x1=472517426
P1, tp=2, ts=2, x0=535572610
P0, tp=2, ts=2
P2, tp=2, ts=2, x0=5943, x1=107287293
P3, tp=2, ts=2, x0=7269934, x1=28123380
P3, tp=2, ts=2, x0=238575907, x1=242006158
P0, tp=2, ts=2
P2, tp=2, ts=2, x0=238575907, x1=689395199
P2, tp=2, ts=2, x0=696704502, x1=833615763
P2, tp=2, ts=2, x0=760355294, x1=715723205
P1, tp=2, ts=2, x0=642123235
P1, tp=2, ts=2, x0=449967910
P2, tp=2, ts=2, x0=358881560, x1=990717429
P2, tp=2, ts=2, x0=689934696, x1=583191605
P1, tp=2, ts=2, x0=42900091
P2, tp=2, ts=2, x0=449967910, x1=409864920
P2, tp=2, ts=2, x0=132232845, x1=781549095
P3, tp=2, ts=2, x0=5943, x1=276056805
P0, tp=2, ts=2
P1, tp=2, ts=2, x0=583191605
P0, tp=2, ts=2
P0, tp=2, ts=2
P0, tp=2, ts=2
P2, tp=2, ts=2, x0=42900091, x1=139763056
P3, tp=2, ts=2, x0=788343862, x1=425279847
P2, tp=2, ts=2, x0=431733222, x1=361352518
P0, tp=2, ts=2
P2, tp=2, ts=2, x0=932527379, x1=817569936
P2, tp=2, ts=2, x0=336182131, x1=42900091
P3, tp=2, ts=2, x0=690945555, x1=154312090
P2, tp=2, ts=2, x0=365775564, x1=156465141
P0, tp=2, ts=2
P1, tp=2, ts=2, x0=336182131
P1, tp=2, ts=2, x0=820313487
P0, tp=2, ts=2
P2, tp=2, ts=2, x0=511362766, x1=853248313
P0, tp=2, ts=2
P1, tp=2, ts=2, x0=696704502
P3, tp=2, ts=2, x0=990717429, x1=425279847
P1, tp=2, ts=2, x0=28123380
P0, tp=2, ts=2
P2, tp=2, ts=2, x0=802939665, x1=717187128
P3, tp=2, ts=2, x0=365775564, x1=401476346
P1, tp=2, ts=2, x0=401476346
P2, tp=2, ts=2, x0=725883183, x1=365775564
P3, tp=2, ts=2, x0=276056805, x1=427917125
P2, tp=2, ts=2, x0=238575907, x1=583191605
P1, tp=2, ts=2, x0=443552734
P3, tp=2, ts=2, x0=427917125, x1=7269934
P2, tp=2, ts=2, x0=543931490, x1=923843939
P0, tp=2, ts=2
P1, tp=2, ts=2, x0=390831443
P3, tp=2, ts=2, x0=800699294, x1=149194555
P0, tp=2, ts=2
P1, tp=2, ts=2, x0=659735246
P1, tp=2, ts=2, x0=880523698
P2, tp=2, ts=2, x0=725883183, x1=274133801
P3, tp=2, ts=2, x0=88956117, x1=827064897
P3, tp=2, ts=2, x0=715723205, x1=836767585
P0, tp=2, ts=2
P1, tp=2, ts=2, x0=689395199
P0, tp=2, ts=2
P3, tp=2, ts=2, x0=82146286, x1=149194555
P0, tp=2, ts=2
P3, tp=2, ts=2, x0=688669994, x1=139763056
P0, tp=2, ts=2
P0, tp=2, ts=2
P0, tp=2, ts=2
P2, tp=2, ts=2, x0=818013939, x1=5943
P0, tp=2, ts=2
P2, tp=2, ts=2, x0=345065294, x1=390831443
P1, tp=2, ts=2, x0=358881560
P0, tp=2, ts=2
P1, tp=2, ts=2, x0=560834326
P0, tp=2, ts=2
P3, tp=2, ts=2, x0=443552734, x1=522398784
P2, tp=2, ts=2, x0=647786055, x1=43353433
P2, tp=2, ts=2, x0=88956117, x1=349069954
P0, tp=2, ts=2
P2, tp=2, ts=2, x0=405424725, x1=405424725
P0, tp=2, ts=2
P1, tp=2, ts=2, x0=390831443
P1, tp=2, ts=2, x0=659735246
P0, tp=2, ts=2
P3, tp=2, ts=2, x0=855124591, x1=454567728
P3, tp=2, ts=2, x0=788343862, x1=164718677
P3, tp=2, ts=2, x0=149194555, x1=932527379
P3, tp=2, ts=2, x0=427917125, x1=443552734
P2, tp=2, ts=2, x0=836767585, x1=199164441
P1, tp=2, ts=2, x0=800505611
P1, tp=2, ts=2, x0=274133801
P2, tp=2, ts=2, x0=292801224, x1=689934696
P0, tp=2, ts=2
P0, tp=2, ts=2
P2, tp=2, ts=2, x0=409864920, x1=139763056
P2, tp=2, ts=2, x0=179577391, x1=55627669
P2, tp=2, ts=2, x0=55627669, x1=530272142
P0, tp=2, ts=2
P3, tp=2, ts=2, x0=880523698, x1=390831443
P2, tp=2, ts=2, x0=58472454, x1=179577391
P2, tp=2, ts=2, x0=530272142, x1=820313487
P0, tp=2, ts=2
P1, tp=2, ts=2, x0=530272142
P1, tp=2, ts=2, x0=349069954
P3, tp=2, ts=2, x0=405424725, x1=528002546
P1, tp=2, ts=2, x0=58472454
P1, tp=2, ts=2, x0=450224269
P1, tp=2, ts=2, x0=28123380
P3, tp=2, ts=2, x0=896337574, x1=561504385
P2, tp=2, ts=2, x0=349069954, x1=530272142
P0, tp=2, ts=2
P1, tp=2, ts=2, x0=800699294
P2, tp=2, ts=2, x0=454567728, x1=560834326
P3, tp=2, ts=2, x0=179577391, x1=58472454
P2, tp=2, ts=2, x0=349069954, x1=932527379
P0, tp=2, ts=2
P0, tp=2, ts=2
P2, tp=2, ts=2, x0=58472454, x1=788343862
P3, tp=2, ts=2, x0=94793001, x1=744376998
P3, tp=2, ts=2, x0=817569936, x1=443552734
P2, tp=2, ts=2, x0=833615763, x1=880523698
P0, tp=2, ts=2
P3, tp=2, ts=2, x0=485435588, x1=443552734
P2, tp=2, ts=2, x0=26364352, x1=292801224
P1, tp=2, ts=2, x0=818013939
P3, tp=2, ts=2, x0=511362766, x1=530272142
P2, tp=2, ts=2, x0=543931490, x1=820313487
P3, tp=2, ts=2, x0=349069954, x1=304455931
P3, tp=2, ts=2, x0=274133801, x1=990717429
P0, tp=2, ts=2
P0, tp=2, ts=2
P3, tp=2, ts=2, x0=274133801, x1=788343862
P3, tp=2, ts=2, x0=528002546, x1=528002546
P0, tp=2, ts=2
P3, tp=2, ts=2, x0=405424725, x1=688669994
P3, tp=2, ts=2, x0=7269934, x1=456539164
P0, tp=2, ts=2
P3, tp=2, ts=2, x0=836767585, x1=689934696
P0, tp=2, ts=2
P3, tp=2, ts=2, x0=744376998, x1=817569936
P0, tp=2, ts=2
P1, tp=2, ts=2, x0=919048829
P1, tp=2, ts=2, x0=427917125
P3, tp=2, ts=2, x0=627939908, x1=543931490
P0, tp=2, ts=2
P3, tp=2, ts=2, x0=49970588, x1=530272142
P1, tp=2, ts=2, x0=58472454
P3, tp=2, ts=2, x0=155548109, x1=107287293
P3, tp=2, ts=2, x0=94793001, x1=443552734
P2, tp=2, ts=2, x0=665794784, x1=896337574
P1, tp=2, ts=2, x0=430070623
P1, tp=2, ts=2, x0=55627669
P0, tp=2, ts=2
P2, tp=2, ts=2, x0=485435588, x1=82146286
P2, tp=2, ts=2, x0=485435588, x1=199164441
P0, tp=2, ts=2
P1, tp=2, ts=2, x0=139763056
P0, tp=2, ts=2
P2, tp=2, ts=2, x0=923843939, x1=880523698
P1, tp=2, ts=2, x0=642123235
P1, tp=2, ts=2, x0=485435588
P3, tp=2, ts=2, x0=861545272, x1=880523698
P0, tp=2, ts=2
P3, tp=2, ts=2, x0=923843939, x1=292801224
P0, tp=2, ts=2
P2, tp=2, ts=2, x0=203816316, x1=829467575
P3, tp=2, ts=2, x0=773414477, x1=154312090
P1, tp=2, ts=2, x0=725883183
P2, tp=2, ts=2, x0=855124591, x1=199164441
P2, tp=2, ts=2, x0=689934696, x1=725883183
P3, tp=2, ts=2, x0=657525344, x1=689395199
P0, tp=2, ts=2
P2, tp=2, ts=2, x0=725883183, x1=242006158
P0, tp=2, ts=2
P2, tp=2, ts=2, x0=688669994, x1=292911051
P3, tp=2, ts=2, x0=235305490, x1=242006158
P3, tp=2, ts=2, x0=409864920, x1=345065294
P1, tp=2, ts=2, x0=354257193
P2, tp=2, ts=2, x0=431733222, x1=859563436
P0, tp=2, ts=2
P3, tp=2, ts=2, x0=861545272, x1=627939908
P2, tp=2, ts=2, x0=58472454, x1=855124591
P2, tp=2, ts=2, x0=713711806, x1=990717429
P1, tp=2, ts=2, x0=665794784
P1, tp=2, ts=2, x0=561504385
P3, tp=2, ts=2, x0=199164441, x1=375245637
P1, tp=2, ts=2, x0=725883183
P3, tp=2, ts=2, x0=583191605, x1=689934696
P0, tp=2, ts=2
P3, tp=2, ts=2, x0=829467575, x1=576906215
P1, tp=2, ts=2, x0=688669994
P1, tp=2, ts=2, x0=102666611
P1, tp=2, ts=2, x0=647786055
P3, tp=2, ts=2, x0=107287293, x1=522398784
P2, tp=2, ts=2, x0=760741606, x1=936917204
P3, tp=2, ts=2, x0=102666611, x1=647786055
P1, tp=2, ts=2, x0=657525344
P0, tp=2, ts=2
P2, tp=2, ts=2, x0=373298134, x1=829467575
P2, tp=2, ts=2, x0=833615763, x1=788343862
P1, tp=2, ts=2, x0=81025596
P0, tp=2, ts=2
P3, tp=2, ts=2, x0=292911051, x1=390831443
P0, tp=2, ts=2
P3, tp=2, ts=2, x0=154312090, x1=820313487
P3, tp=2, ts=2, x0=154312090, x1=349069954
P3, tp=2, ts=2, x0=715723205, x1=406345966
P1, tp=2, ts=2, x0=725883183
P0, tp=2, ts=2
P2, tp=2, ts=2, x0=149194555, x1=358881560
P1, tp=2, ts=2, x0=410054227
P3, tp=2, ts=2, x0=853248313, x1=620741146
P3, tp=2, ts=2, x0=203816316, x1=8152389
P1, tp=2, ts=2, x0=193656790
P0, tp=2, ts=2
P3, tp=2, ts=2, x0=560834326, x1=802939665
P3, tp=2, ts=2, x0=193656790, x1=94793001
P2, tp=2, ts=2, x0=242006158, x1=42900091
P2, tp=2, ts=2, x0=744376998, x1=122211783
P2, tp=2, ts=2, x0=528002546, x1=94793001
P3, tp=2, ts=2, x0=855124591, x1=406345966
P2, tp=2, ts=2, x0=94793001, x1=820313487
P0, tp=2, ts=2
P1, tp=2, ts=2, x0=713711806
P1, tp=2, ts=2, x0=689934696
P1, tp=2, ts=2, x0=102666611
P1, tp=2, ts=2, x0=361352518
P2, tp=2, ts=2, x0=627939908, x1=235305490
P3, tp=2, ts=2, x0=853248313, x1=102666611
P1, tp=2, ts=2, x0=583191605
P2, tp=2, ts=2, x0=58472454, x1=995310227
P1, tp=2, ts=2, x0=345065294
P3, tp=2, ts=2, x0=26860460, x1=156465141
P1, tp=2, ts=2, x0=405424725
P2, tp=2, ts=2, x0=528002546, x1=397220999
P3, tp=2, ts=2, x0=801509552, x1=132232845
P2, tp=2, ts=2, x0=526134650, x1=365775564
P0, tp=2, ts=2
P3, tp=2, ts=2, x0=397220999, x1=5943
P2, tp=2, ts=2, x0=781549095, x1=526134650
P1, tp=2, ts=2, x0=802939665
P0, tp=2, ts=2
P1, tp=2, ts=2, x0=7269934
P0, tp=2, ts=2
P0, tp=2, ts=2
P1, tp=2, ts=2, x0=895050005
P2, tp=2, ts=2, x0=620741146, x1=354257193
P2, tp=2, ts=2, x0=242006158, x1=242006158
P3, tp=2, ts=2, x0=81025596, x1=235305490
P3, tp=2, ts=2, x0=7269934, x1=365775564
P3, tp=2, ts=2, x0=94793001, x1=7269934
P0, tp=2, ts=2
P1, tp=2, ts=2, x0=160723572
P3, tp=2, ts=2, x0=760741606, x1=919048829
P1, tp=2, ts=2, x0=42900091
P3, tp=2, ts=2, x0=235305490, x1=313561148
P0, tp=2, ts=2
P2, tp=2, ts=2, x0=7269934, x1=895050005
P1, tp=2, ts=2, x0=689395199
P1, tp=2, ts=2, x0=26364352
P2, tp=2, ts=2, x0=522398784, x1=833615763
P0, tp=2, ts=2
P1, tp=2, ts=2, x0=286136032
P3, tp=2, ts=2, x0=647786055, x1=365775564
P1, tp=2, ts=2, x0=431733222
P1, tp=2, ts=2, x0=410054227
P3, tp=2, ts=2, x0=659735246, x1=522398784
P0, tp=2, ts=2
P1, tp=2, ts=2, x0=689934696
P1, tp=2, ts=2, x0=725883183
P2, tp=2, ts=2, x0=689934696, x1=156465141
P3, tp=2, ts=2, x0=576906215, x1=289375385
P2, tp=2, ts=2, x0=690945555, x1=59921851
P0, tp=2, ts=2
P0, tp=2, ts=2
P0, tp=2, ts=2
P2, tp=2, ts=2, x0=292801224, x1=794071699
P1, tp=2, ts=2, x0=896337574
P0, tp=2, ts=2
P1, tp=2, ts=2, x0=406345966
P0, tp=2, ts=2
P1, tp=2, ts=2, x0=880523698
P2, tp=2, ts=2, x0=583191605, x1=896337574
P1, tp=2, ts=2, x0=647786055
P2, tp=2, ts=2, x0=861545272, x1=880523698
P1, tp=2, ts=2, x0=235305490
P0, tp=2, ts=2
P1, tp=2, ts=2, x0=289375385
P3, tp=2, ts=2, x0=102666611, x1=354257193
P1, tp=2, ts=2, x0=160723572
P1, tp=2, ts=2, x0=107742758
P1, tp=2, ts=2, x0=427917125
P0, tp=2, ts=2
P3, tp=2, ts=2, x0=154312090, x1=276056805
P2, tp=2, ts=2, x0=855124591, x1=713711806
P2, tp=2, ts=2, x0=336182131, x1=895050005
P2, tp=2, ts=2, x0=430070623, x1=405424725
P1, tp=2, ts=2, x0=358881560
P3, tp=2, ts=2, x0=430070623, x1=543931490
P1, tp=2, ts=2, x0=90917380
P1, tp=2, ts=2, x0=94793001
P2, tp=2, ts=2, x0=193656790, x1=81025596
P1, tp=2, ts=2, x0=583191605
P3, tp=2, ts=2, x0=160723572, x1=801509552
P1, tp=2, ts=2, x0=561504385
P3, tp=2, ts=2, x0=760355294, x1=528002546
P0, tp=2, ts=2
P1, tp=2, ts=2, x0=801509552
P1, tp=2, ts=2, x0=156465141
P1, tp=2, ts=2, x0=409864920
P2, tp=2, ts=2, x0=199164441, x1=26364352
P1, tp=2, ts=2, x0=132232845
P1, tp=2, ts=2, x0=292801224
P0, tp=2, ts=2
P3, tp=2, ts=2, x0=90917380, x1=59921851
P1, tp=2, ts=2, x0=689934696
P0, tp=2, ts=2
P1, tp=2, ts=2, x0=995310227
P2, tp=2, ts=2, x0=659735246, x1=647786055
P3, tp=2, ts=2, x0=919048829, x1=936917204
P1, tp=2, ts=2, x0=375245637
P2, tp=2, ts=2, x0=406345966, x1=42900091
P3, tp=2, ts=2, x0=410054227, x1=628101130
P2, tp=2, ts=2, x0=375245637, x1=82146286
P0, tp=2, ts=2
P1, tp=2, ts=2, x0=689934696
P2, tp=2, ts=2, x0=543931490, x1=760741606
P1, tp=2, ts=2, x0=430070623
P3, tp=2, ts=2, x0=829467575, x1=583191605
P2, tp=2, ts=2, x0=744376998, x1=354257193
P2, tp=2, ts=2, x0=576906215, x1=292801224
P2, tp=2, ts=2, x0=713711806, x1=702955027
P2, tp=2, ts=2, x0=289375385, x1=659735246
P3, tp=2, ts=2, x0=725883183, x1=179577391
P3, tp=2, ts=2, x0=154312090, x1=304455931
P1, tp=2, ts=2, x0=107742758
P3, tp=2, ts=2, x0=94793001, x1=665794784
P3, tp=2, ts=2, x0=526134650, x1=713711806
P3, tp=2, ts=2, x0=286136032, x1=760355294
P2, tp=2, ts=2, x0=760355294, x1=794071699
P0, tp=2, ts=2
P2, tp=2, ts=2, x0=430070623, x1=698916596
P3, tp=2, ts=2, x0=781549095, x1=55627669
P3, tp=2, ts=2, x0=193656790, x1=713711806
P1, tp=2, ts=2, x0=203816316
P3, tp=2, ts=2, x0=193656790, x1=859563436
P2, tp=2, ts=2, x0=390831443, x1=427917125
P3, tp=2, ts=2, x0=713711806, x1=781549095
P1, tp=2, ts=2, x0=322282226
P3, tp=2, ts=2, x0=49970588, x1=647786055
P3, tp=2, ts=2, x0=390831443, x1=713711806
P1, tp=2, ts=2, x0=526134650
P1, tp=2, ts=2, x0=81025596
P1, tp=2, ts=2, x0=149194555
P2, tp=2, ts=2, x0=354257193, x1=857202047
P2, tp=2, ts=2, x0=857202047, x1=193656790
P3, tp=2, ts=2, x0=725883183, x1=665794784
P0, tp=2, ts=2
P0, tp=2, ts=2
P2, tp=2, ts=2, x0=895050005, x1=760741606
P3, tp=2, ts=2, x0=107742758, x1=26860460
P3, tp=2, ts=2, x0=26364352, x1=717187128
P0, tp=2, ts=2
P1, tp=2, ts=2, x0=689934696
P2, tp=2, ts=2, x0=122211783, x1=405424725
P1, tp=2, ts=2, x0=649031231
P0, tp=2, ts=2
P1, tp=2, ts=2, x0=164718677
P1, tp=2, ts=2, x0=896337574
P0, tp=2, ts=2
P1, tp=2, ts=2, x0=179577391
P1, tp=2, ts=2, x0=861545272
P2, tp=2, ts=2, x0=193656790, x1=336182131
P0, tp=2, ts=2
P1, tp=2, ts=2, x0=365775564
P1, tp=2, ts=2, x0=713579292
P1, tp=2, ts=2, x0=528002546
P1, tp=2, ts=2, x0=349069954
P2, tp=3, ts=3, x0=156465141, x1=390831443
P3, tp=3, ts=3, x0=132232845, x1=794071699
P0, tp=3, ts=3
P2, tp=3, ts=3, x0=760741606, x1=235305490
P0, tp=3, ts=3
P1, tp=3, ts=3, x0=896337574
P1, tp=3, ts=3, x0=717187128
P1, tp=3, ts=3, x0=358881560
P0, tp=3, ts=3
P1, tp=3, ts=3, x0=717187128
P0, tp=3, ts=3
P1, tp=3, ts=3, x0=336182131
P1, tp=3, ts=3, x0=59921851
P3, tp=3, ts=3, x0=794071699, x1=688669994
P3, tp=3, ts=3, x0=427917125, x1=149194555
P3, tp=3, ts=3, x0=49970588, x1=132232845
P3, tp=3, ts=3, x0=657525344, x1=132232845
P3, tp=3, ts=3, x0=647786055, x1=765715713
P2, tp=3, ts=3, x0=132232845, x1=647786055
P2, tp=3, ts=3, x0=923843939, x1=982149770
P0, tp=3, ts=3
P3, tp=3, ts=3, x0=26364352, x1=276056805
P3, tp=3, ts=3, x0=328744481, x1=861545272
P3, tp=3, ts=3, x0=990717429, x1=156465141
P3, tp=3, ts=3, x0=713579292, x1=406345966
P1, tp=3, ts=3, x0=55627669
P3, tp=3, ts=3, x0=659735246, x1=179577391
P1, tp=3, ts=3, x0=665794784
P3, tp=3, ts=3, x0=235305490, x1=717187128
P3, tp=3, ts=3, x0=160723572, x1=597368580
P1, tp=3, ts=3, x0=242006158
P1, tp=3, ts=3, x0=397220999
P0, tp=3, ts=3
P3, tp=3, ts=3, x0=647786055, x1=313561148
P3, tp=3, ts=3, x0=794071699, x1=154312090
P3, tp=3, ts=3, x0=328744481, x1=855124591
P2, tp=3, ts=3, x0=880523698, x1=717187128
P2, tp=3, ts=3, x0=274133801, x1=430070623
P2, tp=3, ts=3, x0=781549095, x1=522398784
P1, tp=3, ts=3, x0=760355294
P1, tp=3, ts=3, x0=690945555
P0, tp=3, ts=3
P3, tp=3, ts=3, x0=744376998, x1=235305490
P1, tp=3, ts=3, x0=274133801
P2, tp=3, ts=3, x0=7269934, x1=990717429
P2, tp=3, ts=3, x0=958857716, x1=919048829
P0, tp=3, ts=3
P0, tp=3, ts=3
P3, tp=3, ts=3, x0=620741146, x1=912261263
P2, tp=3, ts=3, x0=690945555, x1=235305490
P1, tp=3, ts=3, x0=59921851
P2, tp=3, ts=3, x0=468373969, x1=26364352
P0, tp=3, ts=3
P2, tp=3, ts=3, x0=691535736, x1=143147677
P1, tp=3, ts=3, x0=895050005
P0, tp=3, ts=3
P1, tp=3, ts=3, x0=26364352
P0, tp=3, ts=3
P3, tp=3, ts=3, x0=990717429, x1=826658154
P0, tp=3, ts=3
P1, tp=3, ts=3, x0=995310227
P3, tp=3, ts=3, x0=647786055, x1=276056805
P1, tp=3, ts=3, x0=765715713
P1, tp=3, ts=3, x0=361352518
P2, tp=3, ts=3, x0=958857716, x1=982149770
P3, tp=3, ts=3, x0=628101130, x1=199164441
P3, tp=3, ts=3, x0=175245603, x1=143147677
P0, tp=3, ts=3
P2, tp=3, ts=3, x0=522398784, x1=193656790
P0, tp=3, ts=3
P1, tp=3, ts=3, x0=365775564
P3, tp=3, ts=3, x0=744376998, x1=203816316
P0, tp=3, ts=3
P1, tp=3, ts=3, x0=896337574
P2, tp=3, ts=3, x0=393695114, x1=794071699
P0, tp=3, ts=3
P0, tp=3, ts=3
P0, tp=3, ts=3
P2, tp=3, ts=3, x0=292911051, x1=680257802
P0, tp=3, ts=3
P2, tp=3, ts=3, x0=361352518, x1=665794784
P0, tp=3, ts=3
P2, tp=3, ts=3, x0=164718677, x1=199164441
P0, tp=3, ts=3
P2, tp=3, ts=3, x0=149194555, x1=313561148
P2, tp=3, ts=3, x0=688669994, x1=820313487
P0, tp=3, ts=3
P0, tp=3, ts=3
P2, tp=3, ts=3, x0=817569936, x1=26860460
P0, tp=3, ts=3
P1, tp=3, ts=3, x0=402361894
P3, tp=3, ts=3, x0=94793001, x1=861545272
P3, tp=3, ts=3, x0=765715713, x1=393695114
P2, tp=3, ts=3, x0=90917380, x1=332794731
P0, tp=3, ts=3
P2, tp=3, ts=3, x0=375245637, x1=26860460
P1, tp=3, ts=3, x0=647786055
P0, tp=3, ts=3
P1, tp=3, ts=3, x0=354257193
P0, tp=3, ts=3
P2, tp=3, ts=3, x0=855124591, x1=94793001
P3, tp=3, ts=3, x0=402361894, x1=322282226
P0, tp=3, ts=3
P1, tp=3, ts=3, x0=995310227
P3, tp=3, ts=3, x0=391780979, x1=55627669
P3, tp=3, ts=3, x0=620741146, x1=199164441
P1, tp=3, ts=3, x0=235305490
P2, tp=3, ts=3, x0=665794784, x1=861545272
P2, tp=3, ts=3, x0=628101130, x1=313561148
P0, tp=3, ts=3
P2, tp=3, ts=3, x0=155548109, x1=919048829
P1, tp=3, ts=3, x0=995310227
P0, tp=3, ts=3
P0, tp=3, ts=3
P1, tp=3, ts=3, x0=702955027
P2, tp=3, ts=3, x0=397220999, x1=430070623
P1, tp=3, ts=3, x0=143147677
P2, tp=3, ts=3, x0=274133801, x1=826658154
P0, tp=3, ts=3
P0, tp=3, ts=3
P0, tp=3, ts=3
P0, tp=3, ts=3
P0, tp=3, ts=3
P0, tp=3, ts=3
P2, tp=3, ts=3, x0=179577391, x1=164718677
P0, tp=3, ts=3
P2, tp=3, ts=3, x0=919048829, x1=292911051
P3, tp=3, ts=3, x0=402361894, x1=82146286
P0, tp=3, ts=3
P3, tp=3, ts=3, x0=801509552, x1=427917125
P1, tp=3, ts=3, x0=583191605
P2, tp=3, ts=3, x0=923843939, x1=286136032
P0, tp=3, ts=3
P0, tp=3, ts=3
P0, tp=3, ts=3
P0, tp=3, ts=3
P1, tp=3, ts=3, x0=628101130
P3, tp=3, ts=3, x0=132232845, x1=313561148
P1, tp=3, ts=3, x0=713579292
P3, tp=3, ts=3, x0=760355294, x1=690945555
P3, tp=3, ts=3, x0=794071699, x1=25847941
P3, tp=3, ts=3, x0=895050005, x1=826658154
P2, tp=3, ts=3, x0=26860460, x1=427917125
P3, tp=3, ts=3, x0=717187128, x1=522398784
P1, tp=3, ts=3, x0=468373969
P0, tp=3, ts=3
P1, tp=3, ts=3, x0=768676076
P0, tp=3, ts=3
P1, tp=3, ts=3, x0=199164441
P0, tp=3, ts=3
P2, tp=3, ts=3, x0=328744481, x1=410054227
P3, tp=3, ts=3, x0=781549095, x1=132232845
P1, tp=3, ts=3, x0=576906215
P1, tp=3, ts=3, x0=182490672
P3, tp=3, ts=3, x0=765715713, x1=717187128
P3, tp=3, ts=3, x0=90917380, x1=354257193
P1, tp=3, ts=3, x0=990717429
P3, tp=3, ts=3, x0=274133801, x1=689934696
P2, tp=3, ts=3, x0=982149770, x1=409864920
P1, tp=3, ts=3, x0=402361894
P3, tp=3, ts=3, x0=990717429, x1=397220999
P3, tp=3, ts=3, x0=81025596, x1=725883183
P1, tp=3, ts=3, x0=665794784
P3, tp=3, ts=3, x0=375245637, x1=620741146
P3, tp=3, ts=3, x0=689934696, x1=982149770
P1, tp=3, ts=3, x0=597368580
P1, tp=3, ts=3, x0=958857716
P3, tp=3, ts=3, x0=358881560, x1=781549095
P1, tp=3, ts=3, x0=193656790
P2, tp=3, ts=3, x0=717187128, x1=829467575
P0, tp=3, ts=3
P1, tp=3, ts=3, x0=322282226
P2, tp=3, ts=3, x0=657525344, x1=649031231
P1, tp=3, ts=3, x0=794071699
P3, tp=3, ts=3, x0=406345966, x1=744376998
P2, tp=3, ts=3, x0=5943, x1=597368580
P0, tp=3, ts=3
P1, tp=3, ts=3, x0=26364352
P0, tp=3, ts=3
P3, tp=3, ts=3, x0=649031231, x1=25847941
P3, tp=3, ts=3, x0=274133801, x1=725883183
P1, tp=3, ts=3, x0=690945555
P2, tp=3, ts=3, x0=164718677, x1=442273573
P0, tp=3, ts=3
P1, tp=3, ts=3, x0=199164441
P3, tp=3, ts=3, x0=410054227, x1=42900091
P0, tp=3, ts=3
P1, tp=3, ts=3, x0=880523698
P0, tp=3, ts=3
P1, tp=3, ts=3, x0=107742758
P3, tp=3, ts=3, x0=557979160, x1=680257802
P1, tp=3, ts=3, x0=468373969
P3, tp=3, ts=3, x0=744376998, x1=833615763
P2, tp=3, ts=3, x0=532672023, x1=848061216
P0, tp=3, ts=3
P2, tp=3, ts=3, x0=713711806, x1=322282226
P2, tp=3, ts=3, x0=576906215, x1=149194555
P3, tp=3, ts=3, x0=406345966, x1=119165411
P2, tp=3, ts=3, x0=857202047, x1=160723572
P3, tp=3, ts=3, x0=26364352, x1=274366280
P1, tp=3, ts=3, x0=203816316
P2, tp=3, ts=3, x0=919048829, x1=375245637
P3, tp=3, ts=3, x0=649031231, x1=292911051
P3, tp=3, ts=3, x0=59921851, x1=802939665
P2, tp=3, ts=3, x0=829467575, x1=430070623
P3, tp=3, ts=3, x0=332794731, x1=912261263
P1, tp=3, ts=3, x0=826658154
P3, tp=3, ts=3, x0=26433886, x1=203816316
P1, tp=3, ts=3, x0=397220999
P0, tp=3, ts=3
P1, tp=3, ts=3, x0=365775564
P1, tp=3, ts=3, x0=175245603
P3, tp=3, ts=3, x0=284883598, x1=990717429
P3, tp=3, ts=3, x0=801509552, x1=164718677
P2, tp=3, ts=3, x0=375245637, x1=576906215
P2, tp=3, ts=3, x0=288423839, x1=861545272
P0, tp=3, ts=3
P2, tp=3, ts=3, x0=430070623, x1=366114030
P0, tp=3, ts=3
P1, tp=3, ts=3, x0=7269934
P2, tp=3, ts=3, x0=8152389, x1=958857716
P2, tp=3, ts=3, x0=430070623, x1=442273573
P2, tp=3, ts=3, x0=902214288, x1=391780979
P1, tp=3, ts=3, x0=765715713
P0, tp=3, ts=3
P1, tp=3, ts=3, x0=119165411
P0, tp=3, ts=3
P1, tp=3, ts=3, x0=143147677
P1, tp=3, ts=3, x0=26433886
P3, tp=3, ts=3, x0=397220999, x1=406345966
P1, tp=3, ts=3, x0=154312090
P0, tp=3, ts=3
P2, tp=3, ts=3, x0=688669994, x1=55627669
P0, tp=3, ts=3
P1, tp=3, ts=3, x0=620741146
P0, tp=3, ts=3
P2, tp=3, ts=3, x0=397220999, x1=107742758
P2, tp=3, ts=3, x0=576906215, x1=399274317
P1, tp=3, ts=3, x0=765715713
P2, tp=3, ts=3, x0=288423839, x1=702955027
P3, tp=3, ts=3, x0=900180084, x1=698916596
P0, tp=3, ts=3
P3, tp=3, ts=3, x0=274366280, x1=199164441
P3, tp=3, ts=3, x0=768676076, x1=468373969
P3, tp=3, ts=3, x0=5943, x1=649031231
P2, tp=3, ts=3, x0=155548109, x1=468373969
P1, tp=3, ts=3, x0=857202047
P2, tp=3, ts=3, x0=393695114, x1=143147677
P1, tp=3, ts=3, x0=880523698
P0, tp=3, ts=3
P3, tp=3, ts=3, x0=855124591, x1=760741606
P3, tp=3, ts=3, x0=402361894, x1=713711806
P1, tp=3, ts=3, x0=94793001
P3, tp=3, ts=3, x0=744376998, x1=26433886
P3, tp=3, ts=3, x0=328744481, x1=839319789
P0, tp=3, ts=3
P3, tp=3, ts=3, x0=399274317, x1=289375385
P1, tp=3, ts=3, x0=397220999
P2, tp=3, ts=3, x0=328744481, x1=164718677
P1, tp=3, ts=3, x0=522398784
P1, tp=3, ts=3, x0=156465141
P1, tp=3, ts=3, x0=391780979
P3, tp=3, ts=3, x0=474466037, x1=576906215
P2, tp=3, ts=3, x0=149194555, x1=26433886
P1, tp=3, ts=3, x0=274366280
P2, tp=3, ts=3, x0=702955027, x1=499671516
P2, tp=3, ts=3, x0=160723572, x1=912261263
P3, tp=3, ts=3, x0=154312090, x1=179577391
P0, tp=3, ts=3
P2, tp=3, ts=3, x0=765715713, x1=781549095
P0, tp=3, ts=3
P0, tp=3, ts=3
P3, tp=3, ts=3, x0=902214288, x1=781549095
P2, tp=3, ts=3, x0=442273573, x1=8152389
P1, tp=3, ts=3, x0=81025596
P3, tp=3, ts=3, x0=26860460, x1=857202047
P2, tp=3, ts=3, x0=822219488, x1=399274317
P2, tp=3, ts=3, x0=744376998, x1=17971017
P0, tp=3, ts=3
P0, tp=3, ts=3
P0, tp=3, ts=3
P1, tp=3, ts=3, x0=912261263
P3, tp=3, ts=3, x0=526134650, x1=680257802
P2, tp=3, ts=3, x0=794071699, x1=834924130
P1, tp=3, ts=3, x0=620741146
P2, tp=3, ts=3, x0=332794731, x1=107742758
P1, tp=3, ts=3, x0=664244898
P2, tp=3, ts=3, x0=902214288, x1=59921851
P3, tp=3, ts=3, x0=430070623, x1=59921851
P3, tp=3, ts=3, x0=680257802, x1=839319789
P3, tp=3, ts=3, x0=406345966, x1=522398784
P0, tp=3, ts=3
P1, tp=3, ts=3, x0=94793001
P0, tp=3, ts=3
P3, tp=3, ts=3, x0=768676076, x1=155548109
P0, tp=3, ts=3
P1, tp=3, ts=3, x0=155548109
P0, tp=3, ts=3
P3, tp=3, ts=3, x0=801509552, x1=698916596
P1, tp=3, ts=3, x0=406345966
P0, tp=3, ts=3
P0, tp=3, ts=3
P3, tp=3, ts=3, x0=405424725, x1=182490672
P2, tp=3, ts=3, x0=822219488, x1=620741146
P2, tp=3, ts=3, x0=288423839, x1=439967705
P2, tp=3, ts=3, x0=354257193, x1=149194555
P0, tp=3, ts=3
P0, tp=3, ts=3
P2, tp=3, ts=3, x0=94793001, x1=26860460
P3, tp=3, ts=3, x0=768676076, x1=760741606
P1, tp=3, ts=3, x0=397220999
P1, tp=3, ts=3, x0=744376998
P3, tp=3, ts=3, x0=179577391, x1=169902816
P3, tp=3, ts=3, x0=210178946, x1=322282226
P1, tp=3, ts=3, x0=468373969
P3, tp=3, ts=3, x0=354257193, x1=169902816
P0, tp=3, ts=3
P1, tp=3, ts=3, x0=164718677
P1, tp=3, ts=3, x0=760741606
P3, tp=3, ts=3, x0=664244898, x1=801509552
P3, tp=3, ts=3, x0=741366095, x1=597368580
P0, tp=3, ts=3
P3, tp=3, ts=3, x0=781549095, x1=702955027
P0, tp=3, ts=3
P0, tp=3, ts=3
P3, tp=3, ts=3, x0=107742758, x1=857202047
P3, tp=3, ts=3, x0=857202047, x1=794071699
P3, tp=3, ts=3, x0=760741606, x1=55627669
P3, tp=3, ts=3, x0=474466037, x1=690945555
P3, tp=3, ts=3, x0=322282226, x1=532672023
P3, tp=3, ts=3, x0=855124591, x1=744376998
P0, tp=3, ts=3
P3, tp=3, ts=3, x0=516597723, x1=76560929
P2, tp=3, ts=3, x0=528002546, x1=781549095
P0, tp=3, ts=3
P1, tp=3, ts=3, x0=375245637
P2, tp=3, ts=3, x0=947694792, x1=499267842
P1, tp=3, ts=3, x0=765715713
P1, tp=3, ts=3, x0=442273573
P1, tp=3, ts=3, x0=900180084
P1, tp=3, ts=3, x0=17971017
P3, tp=3, ts=3, x0=861545272, x1=442273573
P1, tp=3, ts=3, x0=468373969
P1, tp=3, ts=3, x0=328744481
P2, tp=3, ts=3, x0=597368580, x1=741366095
P0, tp=3, ts=3
P2, tp=3, ts=3, x0=855124591, x1=210178946
P1, tp=3, ts=3, x0=366114030
P1, tp=3, ts=3, x0=597368580
P0, tp=3, ts=3
P2, tp=3, ts=3, x0=958857716, x1=839319789
P3, tp=3, ts=3, x0=26364352, x1=794071699
P3, tp=3, ts=3, x0=81025596, x1=702955027
P0, tp=3, ts=3
P3, tp=3, ts=3, x0=292911051, x1=705656553
P2, tp=3, ts=3, x0=822219488, x1=221601032
P2, tp=3, ts=3, x0=557979160, x1=149194555
P0, tp=3, ts=3
P0, tp=3, ts=3
P1, tp=3, ts=3, x0=393695114
P3, tp=3, ts=3, x0=741366095, x1=210178946
P3, tp=3, ts=3, x0=5943, x1=439967705
P2, tp=3, ts=3, x0=516597723, x1=649031231
P0, tp=3, ts=3
P2, tp=3, ts=3, x0=76560929, x1=521629767
P0, tp=3, ts=3
P2, tp=3, ts=3, x0=199164441, x1=848061216
P3, tp=3, ts=3, x0=628101130, x1=8152389
P2, tp=3, ts=3, x0=713579292, x1=597368580
P1, tp=3, ts=3, x0=822219488
P1, tp=3, ts=3, x0=155548109
P1, tp=3, ts=3, x0=156465141
P2, tp=3, ts=3, x0=26860460, x1=184427475
P1, tp=3, ts=3, x0=284883598
P3, tp=3, ts=3, x0=156465141, x1=702955027
P0, tp=3, ts=3
P3, tp=3, ts=3, x0=532672023, x1=5943
P1, tp=3, ts=3, x0=516597723
P2, tp=3, ts=3, x0=893862227, x1=691535736
P0, tp=3, ts=3
P1, tp=3, ts=3, x0=25847941
P2, tp=3, ts=3, x0=768676076, x1=17971017
P3, tp=3, ts=3, x0=822219488, x1=806354147
P0, tp=3, ts=3
P1, tp=3, ts=3, x0=430070623
P3, tp=3, ts=3, x0=55627669, x1=649031231
P1, tp=3, ts=3, x0=322282226
P3, tp=3, ts=3, x0=242747925, x1=137855321
P0, tp=3, ts=3
P2, tp=3, ts=3, x0=322282226, x1=794071699
P2, tp=3, ts=3, x0=26364352, x1=182490672
P2, tp=3, ts=3, x0=690945555, x1=210178946
P2, tp=3, ts=3, x0=55627669, x1=994114840
P2, tp=3, ts=3, x0=760741606, x1=947694792
P2, tp=3, ts=3, x0=175504189, x1=713579292
P1, tp=3, ts=3, x0=912261263
P1, tp=3, ts=3, x0=557979160
P0, tp=3, ts=3
P2, tp=3, ts=3, x0=900180084, x1=402361894
P0, tp=3, ts=3
P0, tp=3, ts=3
P2, tp=3, ts=3, x0=393695114, x1=806354147
P2, tp=3, ts=3, x0=399274317, x1=354257193
P1, tp=3, ts=3, x0=430070623
P0, tp=3, ts=3
P3, tp=3, ts=3, x0=532672023, x1=8152389
P3, tp=3, ts=3, x0=391780979, x1=442273573
P3, tp=3, ts=3, x0=499267842, x1=521629767
P2, tp=3, ts=3, x0=274366280, x1=375245637
P2, tp=3, ts=3, x0=328744481, x1=354257193
P1, tp=3, ts=3, x0=156465141
P2, tp=3, ts=3, x0=958857716, x1=199164441
P2, tp=3, ts=3, x0=107742758, x1=801509552
P0, tp=3, ts=3
P3, tp=3, ts=3, x0=313561148, x1=744376998
P0, tp=3, ts=3
P2, tp=3, ts=3, x0=332794731, x1=184427475
P2, tp=3, ts=3, x0=169902816, x1=900180084
P3, tp=3, ts=3, x0=393695114, x1=794071699
P3, tp=3, ts=3, x0=855124591, x1=210178946
P1, tp=3, ts=3, x0=393695114
P0, tp=3, ts=3
P3, tp=3, ts=3, x0=184427475, x1=430070623
P1, tp=3, ts=3, x0=698420683
P1, tp=3, ts=3, x0=760741606
P2, tp=3, ts=3, x0=768676076, x1=119165411
P2, tp=3, ts=3, x0=354257193, x1=521629767
P1, tp=3, ts=3, x0=399274317
P1, tp=3, ts=3, x0=160723572
P2, tp=3, ts=3, x0=649031231, x1=499267842
P1, tp=3, ts=3, x0=107742758
P0, tp=3, ts=3
P3, tp=3, ts=3, x0=143147677, x1=628101130
P3, tp=3, ts=3, x0=430070623, x1=620741146
P3, tp=3, ts=3, x0=193656790, x1=522398784
P1, tp=3, ts=3, x0=393695114
P0, tp=3, ts=3
P0, tp=3, ts=3
P2, tp=3, ts=3, x0=184427475, x1=848061216
P2, tp=3, ts=3, x0=834924130, x1=439967705
P2, tp=3, ts=3, x0=765715713, x1=820313487
P1, tp=3, ts=3, x0=857202047
P2, tp=3, ts=3, x0=521629767, x1=900180084
P1, tp=3, ts=3, x0=526134650
P2, tp=3, ts=3, x0=521629767, x1=499267842
P0, tp=3, ts=3
P3, tp=3, ts=3, x0=218214545, x1=522398784
P2, tp=3, ts=3, x0=834924130, x1=55627669
P3, tp=3, ts=3, x0=532672023, x1=522398784
P2, tp=3, ts=3, x0=26433886, x1=857202047
P0, tp=3, ts=3
P0, tp=3, ts=3
P2, tp=3, ts=3, x0=332794731, x1=59921851
P3, tp=3, ts=3, x0=119165411, x1=499671516
P1, tp=3, ts=3, x0=794071699
P1, tp=3, ts=3, x0=399274317
P2, tp=3, ts=3, x0=292911051, x1=175245603
P3, tp=3, ts=3, x0=499671516, x1=375245637
P0, tp=3, ts=3
P2, tp=3, ts=3, x0=741366095, x1=521629767
P3, tp=3, ts=3, x0=741366095, x1=826658154
P2, tp=3, ts=3, x0=731865063, x1=169902816
P1, tp=3, ts=3, x0=210178946
P0, tp=3, ts=3
P2, tp=3, ts=3, x0=947694792, x1=406345966
P2, tp=3, ts=3, x0=794071699, x1=855124591
P0, tp=3, ts=3
P2, tp=3, ts=3, x0=801509552, x1=26433886
P2, tp=3, ts=3, x0=289375385, x1=698916596
P0, tp=3, ts=3
P3, tp=3, ts=3, x0=199164441, x1=768676076
P2, tp=3, ts=3, x0=292911051, x1=26860460
P2, tp=3, ts=3, x0=397220999, x1=175245603
P2, tp=3, ts=3, x0=59921851, x1=332794731
P2, tp=3, ts=3, x0=861545272, x1=182490672
P1, tp=3, ts=3, x0=691535736
P0, tp=3, ts=3
P0, tp=3, ts=3
P2, tp=3, ts=3, x0=994114840, x1=442273573
P2, tp=3, ts=3, x0=839319789, x1=332794731
P0, tp=3, ts=3
P1, tp=3, ts=3, x0=597368580
P2, tp=3, ts=3, x0=322282226, x1=499267842
P1, tp=3, ts=3, x0=499671516
P2, tp=3, ts=3, x0=713711806, x1=826658154
P1, tp=3, ts=3, x0=698420683
P0, tp=3, ts=3
P3, tp=3, ts=3, x0=332794731, x1=391780979
P0, tp=3, ts=3
P0, tp=3, ts=3
P3, tp=3, ts=3, x0=210178946, x1=182490672
P3, tp=3, ts=3, x0=366114030, x1=557979160
P1, tp=3, ts=3, x0=741366095
P0, tp=3, ts=3
P2, tp=3, ts=3, x0=857202047, x1=831624436
P1, tp=3, ts=3, x0=288423839
P3, tp=3, ts=3, x0=90917380, x1=707085939
P1, tp=3, ts=3, x0=332794731
P0, tp=3, ts=3
P2, tp=3, ts=3, x0=221601032, x1=468373969
P0, tp=3, ts=3
P0, tp=3, ts=3
P1, tp=3, ts=3, x0=288423839
P0, tp=3, ts=3
P1, tp=3, ts=3, x0=857202047
P3, tp=3, ts=3, x0=680257802, x1=160723572
P1, tp=3, ts=3, x0=119165411
P0, tp=3, ts=3
P1, tp=3, ts=3, x0=741366095
P0, tp=3, ts=3
P1, tp=3, ts=3, x0=397220999
P0, tp=3, ts=3
P0, tp=3, ts=3
P2, tp=3, ts=3, x0=499671516, x1=375245637
P3, tp=3, ts=3, x0=861545272, x1=885480212
P1, tp=3, ts=3, x0=242747925
P1, tp=3, ts=3, x0=439967705
P2, tp=3, ts=3, x0=242747925, x1=332794731
P0, tp=3, ts=3
P2, tp=3, ts=3, x0=994114840, x1=912261263
P1, tp=3, ts=3, x0=143147677
P2, tp=3, ts=3, x0=801509552, x1=768676076
P2, tp=3, ts=3, x0=8152389, x1=155548109
P0, tp=3, ts=3
P3, tp=3, ts=3, x0=861545272, x1=526134650
P1, tp=3, ts=3, x0=526134650
P0, tp=3, ts=3
P3, tp=3, ts=3, x0=143147677, x1=885480212
P2, tp=3, ts=3, x0=839319789, x1=199164441
P0, tp=3, ts=3
P1, tp=3, ts=3, x0=532672023
P1, tp=3, ts=3, x0=193656790
P2, tp=3, ts=3, x0=822219488, x1=702955027
P3, tp=3, ts=3, x0=17971017, x1=313561148
P3, tp=3, ts=3, x0=680257802, x1=391780979
P3, tp=3, ts=3, x0=439967705, x1=284883598
P1, tp=3, ts=3, x0=839319789
P2, tp=3, ts=3, x0=902214288, x1=193656790
P3, tp=3, ts=3, x0=399274317, x1=354257193
P0, tp=3, ts=3
P3, tp=3, ts=3, x0=406345966, x1=346097253
P2, tp=3, ts=3, x0=59921851, x1=274366280
P3, tp=3, ts=3, x0=707085939, x1=292911051
P1, tp=3, ts=3, x0=90917380
P2, tp=3, ts=3, x0=705656553, x1=801509552
P2, tp=3, ts=3, x0=25847941, x1=947694792
P2, tp=3, ts=3, x0=702955027, x1=18066276
P2, tp=3, ts=3, x0=958857716, x1=410054227
P1, tp=3, ts=3, x0=391780979
P3, tp=3, ts=3, x0=155548109, x1=760741606
P1, tp=3, ts=3, x0=119165411
P1, tp=3, ts=3, x0=831624436
P1, tp=3, ts=3, x0=182490672
P0, tp=3, ts=3
P2, tp=3, ts=3, x0=59921851, x1=994114840
P3, tp=3, ts=3, x0=917552990, x1=499267842
P0, tp=3, ts=3
P0, tp=3, ts=3
P0, tp=3, ts=3
P1, tp=3, ts=3, x0=917552990
P3, tp=3, ts=3, x0=664244898, x1=292911051
P0, tp=3, ts=3
P1, tp=3, ts=3, x0=702955027
P3, tp=3, ts=3, x0=480401630, x1=741366095
P2, tp=3, ts=3, x0=794071699, x1=439967705
P0, tp=3, ts=3
P1, tp=3, ts=3, x0=698916596
P1, tp=3, ts=3, x0=861545272
P0, tp=3, ts=3
P3, tp=3, ts=3, x0=391780979, x1=620741146
P0, tp=3, ts=3
P2, tp=3, ts=3, x0=402361894, x1=169902816
P1, tp=3, ts=3, x0=182490672
P3, tp=3, ts=3, x0=902214288, x1=393695114
P1, tp=3, ts=3, x0=499671516
P0, tp=3, ts=3
P1, tp=3, ts=3, x0=698420683
P3, tp=3, ts=3, x0=366114030, x1=406345966
P2, tp=3, ts=3, x0=532672023, x1=893862227
P3, tp=3, ts=3, x0=59921851, x1=893862227
P2, tp=3, ts=3, x0=59921851, x1=182490672
P3, tp=3, ts=3, x0=521629767, x1=801509552
P2, tp=3, ts=3, x0=902214288, x1=439967705
P2, tp=3, ts=3, x0=301121505, x1=707085939
P0, tp=3, ts=3
P3, tp=3, ts=3, x0=241608244, x1=597368580
P0, tp=3, ts=3
P1, tp=3, ts=3, x0=322282226
P3, tp=3, ts=3, x0=532672023, x1=532672023
P3, tp=3, ts=3, x0=705656553, x1=806354147
P0, tp=3, ts=3
P2, tp=3, ts=3, x0=410054227, x1=76560929
P1, tp=3, ts=3, x0=794071699
P1, tp=3, ts=3, x0=893862227
P0, tp=3, ts=3
P2, tp=3, ts=3, x0=707085939, x1=137855321
P0, tp=3, ts=3
P2, tp=3, ts=3, x0=25847941, x1=313561148
P2, tp=3, ts=3, x0=713579292, x1=241608244
P3, tp=3, ts=3, x0=834924130, x1=635805104
P3, tp=3, ts=3, x0=18066276, x1=410054227
P3, tp=3, ts=3, x0=994114840, x1=705656553
P3, tp=3, ts=3, x0=620741146, x1=137855321
P0, tp=3, ts=3
P3, tp=3, ts=3, x0=90917380, x1=598436321
P0, tp=3, ts=3
P1, tp=3, ts=3, x0=137855321
P2, tp=3, ts=3, x0=499671516, x1=193656790
P3, tp=3, ts=3, x0=702955027, x1=893862227
P0, tp=3, ts=3
P1, tp=3, ts=3, x0=691535736
P1, tp=3, ts=3, x0=221601032
P1, tp=3, ts=3, x0=175245603
P3, tp=3, ts=3, x0=160723572, x1=410054227
P0, tp=3, ts=3
P3, tp=3, ts=3, x0=119165411, x1=289375385
P2, tp=3, ts=3, x0=81025596, x1=289375385
P3, tp=3, ts=3, x0=119165411, x1=346097253
P3, tp=3, ts=3, x0=680257802, x1=439967705
P1, tp=3, ts=3, x0=597368580
P2, tp=3, ts=3, x0=857202047, x1=8152389
P1, tp=3, ts=3, x0=143147677
P3, tp=3, ts=3, x0=143147677, x1=604178919
P1, tp=3, ts=3, x0=25847941
P1, tp=3, ts=3, x0=402361894
P3, tp=3, ts=3, x0=442273573, x1=474466037
P0, tp=3, ts=3
P2, tp=3, ts=3, x0=175504189, x1=628101130
P2, tp=3, ts=3, x0=831624436, x1=768676076
P2, tp=3, ts=3, x0=126482799, x1=822219488
P2, tp=3, ts=3, x0=604178919, x1=25847941
P3, tp=3, ts=3, x0=826658154, x1=857202047
P3, tp=3, ts=3, x0=26860460, x1=741366095
P1, tp=3, ts=3, x0=900180084
P1, tp=3, ts=3, x0=822219488
P0, tp=3, ts=3
P0, tp=3, ts=3
P1, tp=3, ts=3, x0=995310227
P3, tp=3, ts=3, x0=848061216, x1=284883598
P0, tp=3, ts=3
P1, tp=3, ts=3, x0=499267842
P1, tp=3, ts=3, x0=982149770
P3, tp=3, ts=3, x0=480401630, x1=688975503
P3, tp=3, ts=3, x0=848061216, x1=17971017
P3, tp=3, ts=3, x0=705656553, x1=169902816
P3, tp=3, ts=3, x0=826658154, x1=391780979
P0, tp=3, ts=3
P0, tp=3, ts=3
P2, tp=3, ts=3, x0=126482799, x1=801509552
P0, tp=3, ts=3
P0, tp=3, ts=3
P0, tp=3, ts=3
P1, tp=3, ts=3, x0=893862227
P0, tp=3, ts=3
P2, tp=3, ts=3, x0=848697260, x1=667668821
P3, tp=3, ts=3, x0=598436321, x1=768676076
P1, tp=3, ts=3, x0=532672023
P2, tp=3, ts=3, x0=713579292, x1=664244898
P3, tp=3, ts=3, x0=499671516, x1=107742758
P3, tp=3, ts=3, x0=893862227, x1=885480212
P0, tp=3, ts=3
P2, tp=3, ts=3, x0=698916596, x1=175504189
P2, tp=3, ts=3, x0=313561148, x1=698420683
P2, tp=3, ts=3, x0=18066276, x1=521629767
P2, tp=3, ts=3, x0=707085939, x1=521629767
P0, tp=3, ts=3
P0, tp=3, ts=3
P1, tp=3, ts=3, x0=480401630
P3, tp=3, ts=3, x0=749155486, x1=698916596
P2, tp=3, ts=3, x0=691535736, x1=221601032
P2, tp=3, ts=3, x0=175504189, x1=664244898
P0, tp=3, ts=3
P1, tp=3, ts=3, x0=322282226
P3, tp=3, ts=3, x0=885480212, x1=8152389
P0, tp=3, ts=3
P1, tp=3, ts=3, x0=516597723
P1, tp=3, ts=3, x0=839319789
P3, tp=3, ts=3, x0=289375385, x1=26860460
P2, tp=3, ts=3, x0=241608244, x1=680257802
P0, tp=3, ts=3
P0, tp=3, ts=3
P1, tp=3, ts=3, x0=499671516
P0, tp=3, ts=3
P0, tp=3, ts=3
P2, tp=3, ts=3, x0=848061216, x1=499267842
P0, tp=3, ts=3
P1, tp=3, ts=3, x0=442273573
P2, tp=3, ts=3, x0=274366280, x1=741366095
P2, tp=3, ts=3, x0=702955027, x1=499267842
P2, tp=3, ts=3, x0=328744481, x1=322282226
P2, tp=3, ts=3, x0=402361894, x1=346097253
P2, tp=3, ts=3, x0=17971017, x1=900180084
P0, tp=3, ts=3
P0, tp=3, ts=3
P2, tp=3, ts=3, x0=274366280, x1=939198952
P3, tp=3, ts=3, x0=241608244, x1=801509552
P1, tp=3, ts=3, x0=768676076
P3, tp=3, ts=3, x0=439967705, x1=765715713
P3, tp=3, ts=3, x0=391780979, x1=59921851
P1, tp=3, ts=3, x0=328744481
P2, tp=3, ts=3, x0=314490622, x1=597368580
P1, tp=3, ts=3, x0=26860460
P3, tp=3, ts=3, x0=713579292, x1=824472041
P3, tp=3, ts=3, x0=893862227, x1=184427475
P0, tp=3, ts=3
P2, tp=3, ts=3, x0=885480212, x1=649031231
P0, tp=3, ts=3
P2, tp=3, ts=3, x0=768676076, x1=175245603
P1, tp=3, ts=3, x0=175245603
P3, tp=3, ts=3, x0=332794731, x1=702955027
P3, tp=3, ts=3, x0=885480212, x1=44568318
P2, tp=3, ts=3, x0=912261263, x1=26860460
P2, tp=3, ts=3, x0=834924130, x1=598436321
P0, tp=3, ts=3
P3, tp=3, ts=3, x0=175245603, x1=939198952
P3, tp=3, ts=3, x0=175245603, x1=455918886
P2, tp=3, ts=3, x0=314490622, x1=76560929
P2, tp=3, ts=3, x0=794071699, x1=399274317
P2, tp=3, ts=3, x0=218214545, x1=175504189
P2, tp=3, ts=3, x0=442273573, x1=25847941
P2, tp=3, ts=3, x0=281460280, x1=912261263
P3, tp=3, ts=3, x0=993926176, x1=604178919
P2, tp=3, ts=3, x0=439967705, x1=806354147
P2, tp=3, ts=3, x0=480401630, x1=169902816
P3, tp=3, ts=3, x0=439967705, x1=768676076
P1, tp=3, ts=3, x0=119165411
P2, tp=3, ts=3, x0=822219488, x1=731865063
P0, tp=3, ts=3
P2, tp=3, ts=3, x0=169902816, x1=664244898
P1, tp=3, ts=3, x0=17971017
P3, tp=3, ts=3, x0=599208056, x1=806354147
P0, tp=3, ts=3
P1, tp=3, ts=3, x0=794071699
P2, tp=3, ts=3, x0=385195212, x1=391780979
P0, tp=3, ts=3
P3, tp=3, ts=3, x0=664244898, x1=17971017
P2, tp=3, ts=3, x0=328744481, x1=765715713
P0, tp=3, ts=3
P3, tp=3, ts=3, x0=834924130, x1=160723572
P0, tp=3, ts=3
P3, tp=3, ts=3, x0=169902816, x1=885480212
P0, tp=3, ts=3
P2, tp=3, ts=3, x0=455918886, x1=839319789
P3, tp=3, ts=3, x0=322282226, x1=137855321
P1, tp=3, ts=3, x0=958857716
P0, tp=3, ts=3
P1, tp=3, ts=3, x0=848697260
P3, tp=3, ts=3, x0=680257802, x1=242747925
P2, tp=3, ts=3, x0=947694792, x1=893862227
P3, tp=3, ts=3, x0=688975503, x1=994114840
P0, tp=3, ts=3
P1, tp=3, ts=3, x0=346097253
P2, tp=3, ts=3, x0=896408419, x1=26433886
P1, tp=3, ts=3, x0=221601032
P1, tp=3, ts=3, x0=707085939
P1, tp=3, ts=3, x0=902214288
P2, tp=3, ts=3, x0=137855321, x1=826658154
P2, tp=3, ts=3, x0=705656553, x1=17971017
P0, tp=3, ts=3
P2, tp=3, ts=3, x0=691535736, x1=826658154
P0, tp=3, ts=3
P2, tp=3, ts=3, x0=499671516, x1=521629767
P3, tp=3, ts=3, x0=499671516, x1=328744481
P0, tp=3, ts=3
P2, tp=3, ts=3, x0=598436321, x1=826658154
P3, tp=3, ts=3, x0=874019698, x1=667668821
P2, tp=3, ts=3, x0=705656553, x1=707085939
P3, tp=3, ts=3, x0=691535736, x1=749155486
P1, tp=3, ts=3, x0=25847941
P1, tp=3, ts=3, x0=366588035
P1, tp=3, ts=3, x0=18066276
P2, tp=3, ts=3, x0=557979160, x1=834924130
P2, tp=3, ts=3, x0=768676076, x1=480401630
P2, tp=3, ts=3, x0=599208056, x1=474466037
P3, tp=3, ts=3, x0=210178946, x1=332794731
P2, tp=3, ts=3, x0=875651017, x1=824472041
P0, tp=3, ts=3
P1, tp=3, ts=3, x0=805572368
P1, tp=3, ts=3, x0=17971017
P0, tp=3, ts=3
P2, tp=3, ts=3, x0=44568318, x1=218214545
P3, tp=3, ts=3, x0=184427475, x1=671926560
P2, tp=3, ts=3, x0=288423839, x1=667668821
P2, tp=3, ts=3, x0=169902816, x1=691535736
P0, tp=3, ts=3
P3, tp=3, ts=3, x0=917552990, x1=834924130
P3, tp=3, ts=3, x0=598436321, x1=281460280
P1, tp=3, ts=3, x0=480401630
P3, tp=3, ts=3, x0=442273573, x1=688975503
P0, tp=3, ts=3
P0, tp=3, ts=3
P3, tp=3, ts=3, x0=900180084, x1=705656553
P2, tp=3, ts=3, x0=182490672, x1=346097253
P1, tp=3, ts=3, x0=705656553
P0, tp=3, ts=3
P1, tp=3, ts=3, x0=394765550
P0, tp=3, ts=3
P1, tp=3, ts=3, x0=76560929
P3, tp=3, ts=3, x0=664244898, x1=474466037
P3, tp=3, ts=3, x0=806354147, x1=274366280
P2, tp=3, ts=3, x0=332794731, x1=635805104
P3, tp=3, ts=3, x0=25847941, x1=806354147
P0, tp=3, ts=3
P0, tp=3, ts=3
P0, tp=3, ts=3
P1, tp=3, ts=3, x0=394765550
P0, tp=3, ts=3
P2, tp=3, ts=3, x0=806354147, x1=834924130
P2, tp=3, ts=3, x0=671926560, x1=691535736
P1, tp=3, ts=3, x0=346097253
P0, tp=3, ts=3
P1, tp=3, ts=3, x0=402361894
P2, tp=3, ts=3, x0=480401630, x1=749155486
P0, tp=3, ts=3
P3, tp=3, ts=3, x0=805572368, x1=475693241
P1, tp=3, ts=3, x0=599208056
P2, tp=3, ts=3, x0=521629767, x1=959232710
P2, tp=3, ts=3, x0=557979160, x1=241608244
P3, tp=3, ts=3, x0=44568318, x1=87197547
P1, tp=3, ts=3, x0=848061216
P2, tp=3, ts=3, x0=455918886, x1=824472041
P0, tp=3, ts=3
P1, tp=3, ts=3, x0=119165411
P1, tp=3, ts=3, x0=218214545
P2, tp=3, ts=3, x0=839319789, x1=370650392
P3, tp=3, ts=3, x0=76560929, x1=959232710
P3, tp=3, ts=3, x0=378418207, x1=598436321
P0, tp=3, ts=3
P3, tp=3, ts=3, x0=696288128, x1=328744481
P1, tp=3, ts=3, x0=848697260
P1, tp=3, ts=3, x0=958857716
P0, tp=3, ts=3
P2, tp=3, ts=3, x0=874019698, x1=26433886
P1, tp=3, ts=3, x0=455918886
P3, tp=3, ts=3, x0=366588035, x1=959232710
P1, tp=3, ts=3, x0=288423839
P0, tp=3, ts=3
P3, tp=3, ts=3, x0=532672023, x1=948346709
P3, tp=3, ts=3, x0=767372659, x1=474466037
P3, tp=3, ts=3, x0=196919919, x1=175245603
P0, tp=3, ts=3
P2, tp=3, ts=3, x0=186907107, x1=455918886
P2, tp=3, ts=3, x0=288423839, x1=958857716
P0, tp=3, ts=3
P2, tp=3, ts=3, x0=186907107, x1=848061216
P3, tp=3, ts=3, x0=284883598, x1=242747925
P2, tp=3, ts=3, x0=917552990, x1=393695114
P2, tp=3, ts=3, x0=885480212, x1=994573408
P3, tp=3, ts=3, x0=875651017, x1=218214545
P1, tp=3, ts=3, x0=184427475
P1, tp=3, ts=3, x0=218214545
P0, tp=3, ts=3
P3, tp=3, ts=3, x0=97872481, x1=831624436
P1, tp=3, ts=3, x0=680257802
P1, tp=3, ts=3, x0=326995960
P0, tp=3, ts=3
P3, tp=3, ts=3, x0=691535736, x1=994114840
P1, tp=3, ts=3, x0=126482799
P3, tp=3, ts=3, x0=704058760, x1=301121505
P1, tp=3, ts=3, x0=499267842
P1, tp=3, ts=3, x0=119165411
P1, tp=3, ts=3, x0=169902816
P0, tp=3, ts=3
P3, tp=3, ts=3, x0=358764715, x1=948346709
P3, tp=3, ts=3, x0=324604825, x1=824472041
P0, tp=3, ts=3
P3, tp=3, ts=3, x0=893862227, x1=917552990
P0, tp=3, ts=3
P1, tp=3, ts=3, x0=182490672
P0, tp=3, ts=3
P0, tp=3, ts=3
P1, tp=3, ts=3, x0=499671516
P2, tp=3, ts=3, x0=725356751, x1=871328432
P0, tp=3, ts=3
P3, tp=3, ts=3, x0=499671516, x1=399274317
P0, tp=3, ts=3
P2, tp=3, ts=3, x0=126482799, x1=688975503
P1, tp=3, ts=3, x0=242747925
P2, tp=3, ts=3, x0=768676076, x1=137855321
P0, tp=3, ts=3
P3, tp=3, ts=3, x0=26433886, x1=635805104
P0, tp=3, ts=3
P0, tp=3, ts=3
P2, tp=3, ts=3, x0=939198952, x1=667668821
P0, tp=3, ts=3
P2, tp=3, ts=3, x0=76560929, x1=875651017
P0, tp=3, ts=3
P1, tp=3, ts=3, x0=806354147
P1, tp=3, ts=3, x0=824472041
P2, tp=3, ts=3, x0=994114840, x1=499671516
P3, tp=3, ts=3, x0=421759463, x1=284883598
P1, tp=3, ts=3, x0=704058760
P1, tp=3, ts=3, x0=499671516
P1, tp=3, ts=3, x0=332794731
P1, tp=3, ts=3, x0=332794731
P2, tp=3, ts=3, x0=370650392, x1=848697260
P2, tp=3, ts=3, x0=885480212, x1=499671516
P2, tp=3, ts=3, x0=40874643, x1=169902816
P2, tp=3, ts=3, x0=196919919, x1=831624436
P3, tp=3, ts=3, x0=834924130, x1=749155486
P2, tp=3, ts=3, x0=301121505, x1=474466037
P2, tp=3, ts=3, x0=921713915, x1=705656553
P3, tp=3, ts=3, x0=274366280, x1=902214288
P2, tp=3, ts=3, x0=242747925, x1=391780979
P2, tp=3, ts=3, x0=598436321, x1=242747925
P0, tp=3, ts=3
P0, tp=3, ts=3
P3, tp=3, ts=3, x0=26433886, x1=833485735
P0, tp=3, ts=3
P2, tp=3, ts=3, x0=831624436, x1=40874643
P1, tp=3, ts=3, x0=218214545
P1, tp=3, ts=3, x0=749155486
P0, tp=3, ts=3
P2, tp=3, ts=3, x0=499267842, x1=939198952
P2, tp=3, ts=3, x0=875651017, x1=516597723
P2, tp=3, ts=3, x0=499671516, x1=831624436
P3, tp=3, ts=3, x0=301121505, x1=274366280
P1, tp=3, ts=3, x0=205233360
P3, tp=3, ts=3, x0=959232710, x1=917552990
P2, tp=3, ts=3, x0=875651017, x1=516597723
P3, tp=3, ts=3, x0=749155486, x1=900180084
P1, tp=3, ts=3, x0=787782137
P3, tp=3, ts=3, x0=378418207, x1=92432098
P3, tp=3, ts=3, x0=182490672, x1=696288128
P3, tp=3, ts=3, x0=342531013, x1=516597723
P1, tp=3, ts=3, x0=671926560
P2, tp=3, ts=3, x0=221601032, x1=516597723
P1, tp=3, ts=3, x0=378418207
P0, tp=3, ts=3
P3, tp=3, ts=3, x0=62949616, x1=378418207
P3, tp=3, ts=3, x0=948346709, x1=848697260
P2, tp=3, ts=3, x0=92432098, x1=342531013
P1, tp=3, ts=3, x0=184427475
P1, tp=3, ts=3, x0=875651017
P0, tp=3, ts=3
P3, tp=3, ts=3, x0=26433886, x1=475693241
P3, tp=3, ts=3, x0=284883598, x1=242747925
P3, tp=3, ts=3, x0=92432098, x1=378418207
P2, tp=3, ts=3, x0=221601032, x1=833485735
P2, tp=3, ts=3, x0=875651017, x1=241608244
P2, tp=3, ts=3, x0=959232710, x1=205233360
P3, tp=3, ts=3, x0=874019698, x1=741366095
P2, tp=3, ts=3, x0=994573408, x1=516597723
P2, tp=3, ts=3, x0=939198952, x1=767372659
P3, tp=3, ts=3, x0=875651017, x1=421759463
P2, tp=3, ts=3, x0=604178919, x1=635805104
P0, tp=3, ts=3
P0, tp=3, ts=3
P1, tp=3, ts=3, x0=314490622
P2, tp=3, ts=3, x0=97872481, x1=186907107
P0, tp=3, ts=3
P1, tp=3, ts=3, x0=557979160
P1, tp=3, ts=3, x0=480401630
P2, tp=3, ts=3, x0=516597723, x1=499671516
P2, tp=3, ts=3, x0=824472041, x1=186907107
P3, tp=3, ts=3, x0=707085939, x1=917043297
P0, tp=3, ts=3
P0, tp=3, ts=3
P1, tp=3, ts=3, x0=284883598
P3, tp=3, ts=3, x0=917043297, x1=62949616
P0, tp=3, ts=3
P1, tp=3, ts=3, x0=218214545
P2, tp=3, ts=3, x0=173272776, x1=848061216
P2, tp=3, ts=3, x0=499671516, x1=76560929
P2, tp=3, ts=3, x0=705656553, x1=499267842
P3, tp=3, ts=3, x0=994114840, x1=366114030
P0, tp=3, ts=3
P2, tp=3, ts=3, x0=848697260, x1=822219488
P1, tp=3, ts=3, x0=516597723
P2, tp=3, ts=3, x0=221601032, x1=326995960
P1, tp=3, ts=3, x0=839319789
P1, tp=3, ts=3, x0=704058760
P0, tp=3, ts=3
P3, tp=3, ts=3, x0=871988861, x1=210178946
P1, tp=3, ts=3, x0=284883598
P1, tp=3, ts=3, x0=900180084
P1, tp=3, ts=3, x0=366114030
P0, tp=3, ts=3
P1, tp=3, ts=3, x0=346097253
P1, tp=3, ts=3, x0=62949616
P3, tp=3, ts=3, x0=893862227, x1=119165411
P3, tp=3, ts=3, x0=671926560, x1=667668821
P0, tp=3, ts=3
P0, tp=3, ts=3
P1, tp=3, ts=3, x0=314490622
P0, tp=3, ts=3
P1, tp=3, ts=3, x0=521629767
P2, tp=3, ts=3, x0=948346709, x1=475693241
P1, tp=3, ts=3, x0=741366095
P1, tp=3, ts=3, x0=885480212
P2, tp=3, ts=3, x0=896408419, x1=281460280
P0, tp=3, ts=3
P2, tp=3, ts=3, x0=917552990, x1=636552923
P3, tp=3, ts=3, x0=366588035, x1=994114840
P2, tp=3, ts=3, x0=87197547, x1=175504189
P2, tp=3, ts=3, x0=822219488, x1=900180084
P0, tp=3, ts=3
P2, tp=3, ts=3, x0=696288128, x1=62949616
P0, tp=3, ts=3
P3, tp=3, ts=3, x0=822219488, x1=599208056
P1, tp=4, ts=4, x0=902214288
P1, tp=4, ts=4, x0=704058760
P1, tp=4, ts=4, x0=604178919
P2, tp=4, ts=4, x0=939198952, x1=186907107
P1, tp=4, ts=4, x0=314490622
P2, tp=4, ts=4, x0=767372659, x1=126482799
P0, tp=4, ts=4
P0, tp=4, ts=4
P3, tp=4, ts=4, x0=18066276, x1=731865063
P0, tp=4, ts=4
P0, tp=4, ts=4
P1, tp=4, ts=4, x0=688975503
P1, tp=4, ts=4, x0=939198952
P1, tp=4, ts=4, x0=284883598
P0, tp=4, ts=4
P1, tp=4, ts=4, x0=599208056
P1, tp=4, ts=4, x0=822219488
P2, tp=4, ts=4, x0=834924130, x1=831624436
P0, tp=4, ts=4
P0, tp=4, ts=4
P3, tp=4, ts=4, x0=959232710, x1=281460280
P2, tp=4, ts=4, x0=399274317, x1=696288128
P1, tp=4, ts=4, x0=516597723
P2, tp=4, ts=4, x0=731865063, x1=480401630
P0, tp=4, ts=4
P0, tp=4, ts=4
P2, tp=4, ts=4, x0=378418207, x1=82076505
P2, tp=4, ts=4, x0=497761576, x1=241608244
P0, tp=4, ts=4
P0, tp=4, ts=4
P1, tp=4, ts=4, x0=186907107
P1, tp=4, ts=4, x0=636552923
P2, tp=4, ts=4, x0=871988861, x1=281460280
P2, tp=4, ts=4, x0=475693241, x1=599208056
P3, tp=4, ts=4, x0=284883598, x1=242747925
P3, tp=4, ts=4, x0=137855321, x1=806354147
P3, tp=4, ts=4, x0=17971017, x1=749155486
P0, tp=4, ts=4
P2, tp=4, ts=4, x0=834924130, x1=516597723
P2, tp=4, ts=4, x0=688975503, x1=707085939
P3, tp=4, ts=4, x0=92432098, x1=40874643
P3, tp=4, ts=4, x0=326995960, x1=947694792
P0, tp=4, ts=4
P3, tp=4, ts=4, x0=288423839, x1=82076505
P3, tp=4, ts=4, x0=635805104, x1=871328432
P1, tp=4, ts=4, x0=871328432
P2, tp=4, ts=4, x0=921713915, x1=696288128
P2, tp=4, ts=4, x0=839319789, x1=97872481
P0, tp=4, ts=4
P1, tp=4, ts=4, x0=994573408
P0, tp=4, ts=4
P0, tp=4, ts=4
P3, tp=4, ts=4, x0=218214545, x1=245304478
P3, tp=4, ts=4, x0=480401630, x1=385195212
P0, tp=4, ts=4
P1, tp=4, ts=4, x0=917552990
P0, tp=4, ts=4
P3, tp=4, ts=4, x0=896408419, x1=399274317
P2, tp=4, ts=4, x0=366114030, x1=917043297
P3, tp=4, ts=4, x0=947694792, x1=994114840
P0, tp=4, ts=4
P3, tp=4, ts=4, x0=599208056, x1=314490622
P1, tp=4, ts=4, x0=92432098
P1, tp=4, ts=4, x0=688975503
P3, tp=4, ts=4, x0=245304478, x1=324604825
P2, tp=4, ts=4, x0=196919919, x1=939198952
P3, tp=4, ts=4, x0=707085939, x1=767372659
P0, tp=4, ts=4
P1, tp=4, ts=4, x0=704058760
P0, tp=4, ts=4
P3, tp=4, ts=4, x0=725356751, x1=76560929
P2, tp=4, ts=4, x0=741366095, x1=805572368
P2, tp=4, ts=4, x0=544564365, x1=871328432
P1, tp=4, ts=4, x0=301121505
P0, tp=4, ts=4
P1, tp=4, ts=4, x0=455918886
P2, tp=4, ts=4, x0=921713915, x1=76560929
P2, tp=4, ts=4, x0=636552923, x1=40874643
P1, tp=4, ts=4, x0=948346709
P2, tp=4, ts=4, x0=499671516, x1=805572368
P3, tp=4, ts=4, x0=342531013, x1=281460280
P3, tp=4, ts=4, x0=326995960, x1=314490622
P2, tp=4, ts=4, x0=664244898, x1=871328432
P3, tp=4, ts=4, x0=939198952, x1=221601032
P1, tp=4, ts=4, x0=241608244
P3, tp=4, ts=4, x0=18066276, x1=696288128
P2, tp=4, ts=4, x0=902214288, x1=358764715
P2, tp=4, ts=4, x0=366588035, x1=342531013
P0, tp=4, ts=4
P3, tp=4, ts=4, x0=947694792, x1=366588035
P3, tp=4, ts=4, x0=900180084, x1=221601032
P3, tp=4, ts=4, x0=834924130, x1=439967705
P2, tp=4, ts=4, x0=242747925, x1=993926176
P0, tp=4, ts=4
P0, tp=4, ts=4
P2, tp=4, ts=4, x0=987807329, x1=324604825
P2, tp=4, ts=4, x0=218214545, x1=17971017
P2, tp=4, ts=4, x0=939198952, x1=366588035
P3, tp=4, ts=4, x0=831624436, x1=475693241
P1, tp=4, ts=4, x0=281460280
P0, tp=4, ts=4
P2, tp=4, ts=4, x0=324604825, x1=421759463
P3, tp=4, ts=4, x0=669942889, x1=741366095
P2, tp=4, ts=4, x0=667668821, x1=322389486
P0, tp=4, ts=4
P0, tp=4, ts=4
P1, tp=4, ts=4, x0=314490622
P1, tp=4, ts=4, x0=604178919
P0, tp=4, ts=4
P1, tp=4, ts=4, x0=97872481
P0, tp=4, ts=4
P1, tp=4, ts=4, x0=82076505
P0, tp=4, ts=4
P3, tp=4, ts=4, x0=475693241, x1=245304478
P0, tp=4, ts=4
P2, tp=4, ts=4, x0=385195212, x1=17971017
P2, tp=4, ts=4, x0=947694792, x1=544564365
P0, tp=4, ts=4
P3, tp=4, ts=4, x0=893862227, x1=40874643
P3, tp=4, ts=4, x0=878015212, x1=948346709
P2, tp=4, ts=4, x0=18066276, x1=805572368
P3, tp=4, ts=4, x0=475693241, x1=439967705
P0, tp=4, ts=4
P0, tp=4, ts=4
P3, tp=4, ts=4, x0=805572368, x1=17971017
P1, tp=4, ts=4, x0=698420683
P1, tp=4, ts=4, x0=184427475
P3, tp=4, ts=4, x0=186907107, x1=671926560
P1, tp=4, ts=4, x0=241608244
P0, tp=4, ts=4
P1, tp=4, ts=4, x0=987807329
P2, tp=4, ts=4, x0=499671516, x1=516597723
P1, tp=4, ts=4, x0=696288128
P3, tp=4, ts=4, x0=497761576, x1=598436321
P3, tp=4, ts=4, x0=366588035, x1=439967705
P3, tp=4, ts=4, x0=806354147, x1=833485735
P0, tp=4, ts=4
P0, tp=4, ts=4
P3, tp=4, ts=4, x0=635805104, x1=301121505
P3, tp=4, ts=4, x0=196919919, x1=475693241
P3, tp=4, ts=4, x0=806354147, x1=544564365
P1, tp=4, ts=4, x0=82076505
P1, tp=4, ts=4, x0=82076505
P1, tp=4, ts=4, x0=749155486
P1, tp=4, ts=4, x0=62949616
P1, tp=4, ts=4, x0=969360100
P0, tp=4, ts=4
P1, tp=4, ts=4, x0=439967705
P1, tp=4, ts=4, x0=824472041
P2, tp=4, ts=4, x0=598436321, x1=725356751
P0, tp=4, ts=4
P1, tp=4, ts=4, x0=205233360
P1, tp=4, ts=4, x0=871988861
P3, tp=4, ts=4, x0=421759463, x1=948346709
P3, tp=4, ts=4, x0=598436321, x1=556534690
P0, tp=4, ts=4
P1, tp=4, ts=4, x0=521629767
P3, tp=4, ts=4, x0=987807329, x1=497761576
P2, tp=4, ts=4, x0=17971017, x1=245304478
P3, tp=4, ts=4, x0=664244898, x1=455918886
P1, tp=4, ts=4, x0=512115179
P2, tp=4, ts=4, x0=691634817, x1=969360100
P2, tp=4, ts=4, x0=169902816, x1=824472041
P0, tp=4, ts=4
P0, tp=4, ts=4
P0, tp=4, ts=4
P1, tp=4, ts=4, x0=137855321
P1, tp=4, ts=4, x0=421759463
P2, tp=4, ts=4, x0=648980091, x1=833485735
P2, tp=4, ts=4, x0=667668821, x1=787782137
P2, tp=4, ts=4, x0=691833622, x1=921713915
P1, tp=4, ts=4, x0=497761576
P0, tp=4, ts=4
P1, tp=4, ts=4, x0=378418207
P3, tp=4, ts=4, x0=62949616, x1=205233360
P2, tp=4, ts=4, x0=314490622, x1=917552990
P0, tp=4, ts=4
P3, tp=4, ts=4, x0=691634817, x1=994573408
P1, tp=4, ts=4, x0=475693241
P3, tp=4, ts=4, x0=358764715, x1=324604825
P3, tp=4, ts=4, x0=62949616, x1=16136660
P1, tp=4, ts=4, x0=725356751
P2, tp=4, ts=4, x0=691833622, x1=385195212
P2, tp=4, ts=4, x0=621868507, x1=521629767
P1, tp=4, ts=4, x0=385195212
P3, tp=4, ts=4, x0=707085939, x1=741366095
P0, tp=4, ts=4
P3, tp=4, ts=4, x0=885480212, x1=994573408
P0, tp=4, ts=4
P1, tp=4, ts=4, x0=544564365
P3, tp=4, ts=4, x0=741366095, x1=921713915
P1, tp=4, ts=4, x0=848697260
P1, tp=4, ts=4, x0=749155486
P3, tp=4, ts=4, x0=499267842, x1=671926560
P2, tp=4, ts=4, x0=805572368, x1=137855321
P1, tp=4, ts=4, x0=241608244
P2, tp=4, ts=4, x0=669942889, x1=62949616
P0, tp=4, ts=4
P0, tp=4, ts=4
P3, tp=4, ts=4, x0=459655874, x1=475693241
P1, tp=4, ts=4, x0=499267842
P3, tp=4, ts=4, x0=805572368, x1=76560929
P0, tp=4, ts=4
P2, tp=4, ts=4, x0=660974677, x1=939198952
P0, tp=4, ts=4
P3, tp=4, ts=4, x0=497761576, x1=636552923
P0, tp=4, ts=4
P3, tp=4, ts=4, x0=186907107, x1=245304478
P0, tp=4, ts=4
P2, tp=4, ts=4, x0=667668821, x1=885480212
P1, tp=4, ts=4, x0=767372659
P1, tp=4, ts=4, x0=621868507
P2, tp=4, ts=4, x0=394765550, x1=987807329
P1, tp=4, ts=4, x0=301121505
P1, tp=4, ts=4, x0=939198952
P2, tp=4, ts=4, x0=62949616, x1=871328432
P3, tp=4, ts=4, x0=512115179, x1=731865063
P2, tp=4, ts=4, x0=516597723, x1=987807329
P1, tp=4, ts=4, x0=621868507
P3, tp=4, ts=4, x0=221601032, x1=44568318
P3, tp=4, ts=4, x0=455918886, x1=871988861
P0, tp=4, ts=4
P2, tp=4, ts=4, x0=281460280, x1=366588035
P1, tp=4, ts=4, x0=241608244
P1, tp=4, ts=4, x0=241608244
P1, tp=4, ts=4, x0=705656553
P3, tp=4, ts=4, x0=707085939, x1=893862227
P1, tp=4, ts=4, x0=459655874
P3, tp=4, ts=4, x0=385195212, x1=959232710
P3, tp=4, ts=4, x0=600808883, x1=944089724
P0, tp=4, ts=4
P0, tp=4, ts=4
P2, tp=4, ts=4, x0=947694792, x1=660974677
P2, tp=4, ts=4, x0=806354147, x1=806354147
P3, tp=4, ts=4, x0=725356751, x1=173272776
P3, tp=4, ts=4, x0=767372659, x1=635805104
P1, tp=4, ts=4, x0=731865063
P0, tp=4, ts=4
P0, tp=4, ts=4
P2, tp=4, ts=4, x0=848697260, x1=749155486
P1, tp=4, ts=4, x0=705656553
P2, tp=4, ts=4, x0=704058760, x1=994114840
P2, tp=4, ts=4, x0=196919919, x1=824472041
P1, tp=4, ts=4, x0=480401630
P0, tp=4, ts=4
P3, tp=4, ts=4, x0=544564365, x1=512115179
P2, tp=4, ts=4, x0=691833622, x1=196919919
P0, tp=4, ts=4
P2, tp=4, ts=4, x0=707085939, x1=18066276
P3, tp=4, ts=4, x0=301121505, x1=969360100
P2, tp=4, ts=4, x0=599208056, x1=696288128
P3, tp=4, ts=4, x0=358764715, x1=785516389
P3, tp=4, ts=4, x0=921713915, x1=44568318
P0, tp=4, ts=4
P2, tp=4, ts=4, x0=848697260, x1=688975503
P1, tp=4, ts=4, x0=600808883
P3, tp=4, ts=4, x0=62949616, x1=137855321
P2, tp=4, ts=4, x0=97872481, x1=921713915
P1, tp=4, ts=4, x0=490126166
P2, tp=4, ts=4, x0=921713915, x1=921713915
P0, tp=4, ts=4
P1, tp=4, ts=4, x0=635805104
P0, tp=4, ts=4
P1, tp=4, ts=4, x0=218214545
P3, tp=4, ts=4, x0=635805104, x1=899588254
P0, tp=4, ts=4
P1, tp=4, ts=4, x0=948346709
P2, tp=4, ts=4, x0=731865063, x1=322389486
P1, tp=4, ts=4, x0=598436321
P1, tp=4, ts=4, x0=621868507
P1, tp=4, ts=4, x0=806503342
P2, tp=4, ts=4, x0=885480212, x1=707085939
P1, tp=4, ts=4, x0=691833622
P0, tp=4, ts=4
P1, tp=4, ts=4, x0=725356751
P1, tp=4, ts=4, x0=806503342
P1, tp=4, ts=4, x0=184427475
P3, tp=4, ts=4, x0=411401212, x1=767372659
P1, tp=4, ts=4, x0=599208056
P2, tp=4, ts=4, x0=751464736, x1=831624436
P3, tp=4, ts=4, x0=421759463, x1=871988861
P0, tp=4, ts=4
P3, tp=4, ts=4, x0=490126166, x1=725356751
P1, tp=4, ts=4, x0=544564365
P1, tp=4, ts=4, x0=40874643
P2, tp=4, ts=4, x0=385195212, x1=173272776
P3, tp=4, ts=4, x0=480401630, x1=669942889
P0, tp=4, ts=4
P1, tp=4, ts=4, x0=824472041
P2, tp=4, ts=4, x0=970985577, x1=685853111
P0, tp=4, ts=4
P2, tp=4, ts=4, x0=805572368, x1=831624436
P2, tp=4, ts=4, x0=385195212, x1=648980091
P2, tp=4, ts=4, x0=475693241, x1=137855321
P0, tp=4, ts=4
P0, tp=4, ts=4
P2, tp=4, ts=4, x0=346097253, x1=805572368
P2, tp=4, ts=4, x0=598436321, x1=875651017
P1, tp=4, ts=4, x0=948346709
P2, tp=4, ts=4, x0=175504189, x1=281460280
P3, tp=4, ts=4, x0=186907107, x1=411401212
P0, tp=4, ts=4
P1, tp=4, ts=4, x0=196919919
P2, tp=4, ts=4, x0=944089724, x1=490126166
P1, tp=4, ts=4, x0=205233360
P3, tp=4, ts=4, x0=324604825, x1=648980091
P1, tp=4, ts=4, x0=82076505
P3, tp=4, ts=4, x0=970985577, x1=707085939
P1, tp=4, ts=4, x0=87197547
P1, tp=4, ts=4, x0=917552990
P0, tp=4, ts=4
P1, tp=4, ts=4, x0=137855321
P3, tp=4, ts=4, x0=899588254, x1=186907107
P3, tp=4, ts=4, x0=896408419, x1=921713915
P1, tp=4, ts=4, x0=621868507
P3, tp=4, ts=4, x0=833485735, x1=959232710
P1, tp=4, ts=4, x0=871988861
P1, tp=4, ts=4, x0=969100848
P3, tp=4, ts=4, x0=885480212, x1=959232710
P0, tp=4, ts=4
P0, tp=4, ts=4
P3, tp=4, ts=4, x0=22095674, x1=806503342
P1, tp=4, ts=4, x0=346097253
P2, tp=4, ts=4, x0=22095674, x1=497761576
P2, tp=4, ts=4, x0=987807329, x1=218214545
P3, tp=4, ts=4, x0=378418207, x1=718815901
P1, tp=4, ts=4, x0=170535467
P1, tp=4, ts=4, x0=378418207
P1, tp=4, ts=4, x0=691833622
P3, tp=4, ts=4, x0=314490622, x1=724940258
P3, tp=4, ts=4, x0=685853111, x1=805572368
P1, tp=4, ts=4, x0=544952570
P0, tp=4, ts=4
P3, tp=4, ts=4, x0=281460280, x1=301121505
P1, tp=4, ts=4, x0=82076505
P0, tp=4, ts=4
P2, tp=4, ts=4, x0=346097253, x1=366588035
P0, tp=4, ts=4
P3, tp=4, ts=4, x0=81391188, x1=490126166
P0, tp=4, ts=4
P3, tp=4, ts=4, x0=767372659, x1=512115179
P2, tp=4, ts=4, x0=751464736, x1=556534690
P0, tp=4, ts=4
P1, tp=4, ts=4, x0=785516389
P1, tp=4, ts=4, x0=989104036
P3, tp=4, ts=4, x0=667668821, x1=899588254
P3, tp=4, ts=4, x0=358764715, x1=326995960
P2, tp=4, ts=4, x0=878015212, x1=704058760
P2, tp=4, ts=4, x0=724940258, x1=490126166
P1, tp=4, ts=4, x0=544952570
P3, tp=4, ts=4, x0=394765550, x1=691833622
P1, tp=4, ts=4, x0=959232710
P3, tp=4, ts=4, x0=785516389, x1=989104036
P1, tp=4, ts=4, x0=917552990
P1, tp=4, ts=4, x0=135008159
P2, tp=4, ts=4, x0=62949616, x1=342531013
P1, tp=4, ts=4, x0=948346709
P0, tp=4, ts=4
P3, tp=4, ts=4, x0=370650392, x1=917043297
P2, tp=4, ts=4, x0=994573408, x1=346097253
P2, tp=4, ts=4, x0=971204661, x1=899588254
P2, tp=4, ts=4, x0=970985577, x1=455918886
P0, tp=4, ts=4
P2, tp=4, ts=4, x0=871328432, x1=718815901
P1, tp=4, ts=4, x0=346097253
P2, tp=4, ts=4, x0=874019698, x1=394765550
P0, tp=4, ts=4
P3, tp=4, ts=4, x0=660974677, x1=833485735
P1, tp=4, ts=4, x0=326995960
P2, tp=4, ts=4, x0=186907107, x1=948346709
P3, tp=4, ts=4, x0=314490622, x1=917043297
P0, tp=4, ts=4
P1, tp=4, ts=4, x0=969100848
P1, tp=4, ts=4, x0=81391188
P0, tp=4, ts=4
P1, tp=4, ts=4, x0=366588035
P1, tp=4, ts=4, x0=126482799
P0, tp=4, ts=4
P3, tp=4, ts=4, x0=959232710, x1=660974677
P2, tp=4, ts=4, x0=751464736, x1=281460280
P2, tp=4, ts=4, x0=969100848, x1=324604825
P1, tp=4, ts=4, x0=696288128
P2, tp=4, ts=4, x0=833485735, x1=691634817
P2, tp=4, ts=4, x0=628517659, x1=878015212
P2, tp=4, ts=4, x0=322389486, x1=994573408
P1, tp=4, ts=4, x0=173272776
P3, tp=4, ts=4, x0=459655874, x1=92432098
P1, tp=4, ts=4, x0=875651017
P0, tp=4, ts=4
P3, tp=4, ts=4, x0=899588254, x1=725356751
P2, tp=4, ts=4, x0=556534690, x1=366588035
P1, tp=4, ts=4, x0=987807329
P0, tp=4, ts=4
P1, tp=4, ts=4, x0=725356751
P3, tp=4, ts=4, x0=688975503, x1=969100848
P1, tp=4, ts=4, x0=394765550
P3, tp=4, ts=4, x0=899588254, x1=385195212
P1, tp=4, ts=4, x0=342531013
P1, tp=4, ts=4, x0=421759463
P3, tp=4, ts=4, x0=186907107, x1=480401630
P2, tp=4, ts=4, x0=394765550, x1=322389486
P3, tp=4, ts=4, x0=775448190, x1=775448190
P0, tp=4, ts=4
P1, tp=4, ts=4, x0=969360100
P0, tp=4, ts=4
P0, tp=4, ts=4
P2, tp=4, ts=4, x0=326995960, x1=92432098
P0, tp=4, ts=4
P0, tp=4, ts=4
P0, tp=4, ts=4
P1, tp=4, ts=4, x0=804175966
P2, tp=4, ts=4, x0=170535467, x1=875651017
P0, tp=4, ts=4
P3, tp=4, ts=4, x0=751464736, x1=899588254
P3, tp=4, ts=4, x0=497761576, x1=604178919
P3, tp=4, ts=4, x0=959232710, x1=989104036
P3, tp=4, ts=4, x0=696288128, x1=629998525
P0, tp=4, ts=4
P1, tp=4, ts=4, x0=82076505
P3, tp=4, ts=4, x0=953704570, x1=971204661
P0, tp=4, ts=4
P1, tp=4, ts=4, x0=944089724
P3, tp=4, ts=4, x0=604178919, x1=629998525
P0, tp=4, ts=4
P2, tp=4, ts=4, x0=475693241, x1=635805104
P3, tp=4, ts=4, x0=993926176, x1=691634817
P1, tp=4, ts=4, x0=691634817
P3, tp=4, ts=4, x0=358764715, x1=685853111
P3, tp=4, ts=4, x0=875651017, x1=725356751
P2, tp=4, ts=4, x0=301121505, x1=44568318
P0, tp=4, ts=4
P1, tp=4, ts=4, x0=696288128
P0, tp=4, ts=4
P3, tp=4, ts=4, x0=896408419, x1=196919919
P1, tp=4, ts=4, x0=635805104
P1, tp=4, ts=4, x0=394765550
P1, tp=4, ts=4, x0=358764715
P3, tp=4, ts=4, x0=987807329, x1=301408761
P2, tp=4, ts=4, x0=170535467, x1=944089724
P3, tp=4, ts=4, x0=787782137, x1=948346709
P3, tp=4, ts=4, x0=87197547, x1=725356751
P3, tp=4, ts=4, x0=62949616, x1=81391188
P1, tp=4, ts=4, x0=948346709
P2, tp=4, ts=4, x0=874019698, x1=16136660
P2, tp=4, ts=4, x0=691833622, x1=704058760
P0, tp=4, ts=4
P0, tp=4, ts=4
P0, tp=4, ts=4
P1, tp=4, ts=4, x0=751464736
P2, tp=4, ts=4, x0=696288128, x1=874019698
P2, tp=4, ts=4, x0=411401212, x1=186907107
P3, tp=4, ts=4, x0=725356751, x1=92432098
P2, tp=4, ts=4, x0=385195212, x1=443006041
P0, tp=4, ts=4
P1, tp=4, ts=4, x0=135008159
P0, tp=4, ts=4
P3, tp=4, ts=4, x0=775448190, x1=173272776
P2, tp=4, ts=4, x0=685853111, x1=874019698
P3, tp=4, ts=4, x0=135008159, x1=790034738
P1, tp=4, ts=4, x0=991599736
P1, tp=4, ts=4, x0=314490622
P3, tp=4, ts=4, x0=475693241, x1=917043297
P1, tp=4, ts=4, x0=301408761
P2, tp=4, ts=4, x0=804175966, x1=370650392
P1, tp=4, ts=4, x0=669942889
P0, tp=4, ts=4
P0, tp=4, ts=4
P2, tp=4, ts=4, x0=281460280, x1=411401212
P1, tp=4, ts=4, x0=660974677
P2, tp=4, ts=4, x0=628517659, x1=385195212
P3, tp=4, ts=4, x0=599208056, x1=691634817
P3, tp=4, ts=4, x0=599208056, x1=92432098
P3, tp=4, ts=4, x0=92432098, x1=475693241
P0, tp=4, ts=4
P0, tp=4, ts=4
P1, tp=4, ts=4, x0=92432098
P3, tp=4, ts=4, x0=22095674, x1=436859522
P2, tp=4, ts=4, x0=685853111, x1=16136660
P2, tp=4, ts=4, x0=916748940, x1=785516389
P1, tp=4, ts=4, x0=370650392
P1, tp=4, ts=4, x0=40874643
P0, tp=4, ts=4
P1, tp=4, ts=4, x0=366588035
P1, tp=4, ts=4, x0=939198952
P0, tp=4, ts=4
P2, tp=4, ts=4, x0=92432098, x1=899588254
P2, tp=4, ts=4, x0=969100848, x1=82076505
P3, tp=4, ts=4, x0=896408419, x1=385195212
P0, tp=4, ts=4
P0, tp=4, ts=4
P0, tp=4, ts=4
P2, tp=4, ts=4, x0=969100848, x1=326995960
P3, tp=4, ts=4, x0=629998525, x1=944089724
P0, tp=4, ts=4
P1, tp=4, ts=4, x0=991599736
P3, tp=4, ts=4, x0=775448190, x1=916748940
P2, tp=4, ts=4, x0=173272776, x1=186907107
P3, tp=4, ts=4, x0=205233360, x1=994573408
P0, tp=4, ts=4
P3, tp=4, ts=4, x0=245304478, x1=281460280
P1, tp=4, ts=4, x0=899588254
P2, tp=4, ts=4, x0=896408419, x1=187187076
P1, tp=4, ts=4, x0=87197547
P1, tp=4, ts=4, x0=229605487
P0, tp=4, ts=4
P3, tp=4, ts=4, x0=378418207, x1=875651017
P1, tp=4, ts=4, x0=824472041
P1, tp=4, ts=4, x0=944089724
P1, tp=4, ts=4, x0=475693241
P2, tp=4, ts=4, x0=953704570, x1=671926560
P2, tp=4, ts=4, x0=621868507, x1=959232710
P2, tp=4, ts=4, x0=324604825, x1=600808883
P1, tp=4, ts=4, x0=281460280
P0, tp=4, ts=4
P3, tp=4, ts=4, x0=724940258, x1=971204661
P3, tp=4, ts=4, x0=824472041, x1=878015212
P3, tp=4, ts=4, x0=600808883, x1=621868507
P1, tp=4, ts=4, x0=875651017
P3, tp=4, ts=4, x0=273169780, x1=135008159
P2, tp=4, ts=4, x0=411401212, x1=725356751
P3, tp=4, ts=4, x0=987807329, x1=893234148
P2, tp=4, ts=4, x0=718815901, x1=62949616
P3, tp=4, ts=4, x0=989104036, x1=691833622
P2, tp=4, ts=4, x0=229605487, x1=556534690
P1, tp=4, ts=4, x0=366588035
P2, tp=4, ts=4, x0=971204661, x1=806503342
P1, tp=4, ts=4, x0=669942889
P1, tp=4, ts=4, x0=544564365
P1, tp=4, ts=4, x0=62949616
P1, tp=4, ts=4, x0=871988861
P0, tp=4, ts=4
P1, tp=4, ts=4, x0=993926176
P3, tp=4, ts=4, x0=281460280, x1=959232710
P0, tp=4, ts=4
P3, tp=4, ts=4, x0=22095674, x1=81391188
P2, tp=4, ts=4, x0=671926560, x1=326995960
P3, tp=4, ts=4, x0=301408761, x1=871328432
P0, tp=4, ts=4
P1, tp=4, ts=4, x0=475693241
P0, tp=4, ts=4
P2, tp=4, ts=4, x0=833485735, x1=789126390
P0, tp=4, ts=4
P3, tp=4, ts=4, x0=960197595, x1=653776203
P3, tp=4, ts=4, x0=878015212, x1=671926560
P2, tp=4, ts=4, x0=996159201, x1=170535467
P3, tp=4, ts=4, x0=917043297, x1=629998525
P2, tp=4, ts=4, x0=443006041, x1=619507635
P2, tp=4, ts=4, x0=648980091, x1=969360100
P2, tp=4, ts=4, x0=521190547, x1=629998525
P3, tp=4, ts=4, x0=324604825, x1=833485735
P3, tp=4, ts=4, x0=648980091, x1=97872481
P0, tp=4, ts=4
P2, tp=4, ts=4, x0=785516389, x1=895944523
P0, tp=4, ts=4
P2, tp=4, ts=4, x0=628517659, x1=789126390
P3, tp=4, ts=4, x0=775448190, x1=996159201
P0, tp=4, ts=4
P2, tp=4, ts=4, x0=229605487, x1=322389486
P0, tp=4, ts=4
P2, tp=4, ts=4, x0=660826492, x1=991599736
P1, tp=4, ts=4, x0=385195212
P2, tp=4, ts=4, x0=619507635, x1=636552923
P2, tp=4, ts=4, x0=22095674, x1=62949616
P0, tp=4, ts=4
P3, tp=4, ts=4, x0=724940258, x1=322389486
P0, tp=4, ts=4
P3, tp=4, ts=4, x0=135008159, x1=767372659
P3, tp=4, ts=4, x0=322389486, x1=785516389
P2, tp=4, ts=4, x0=16136660, x1=366588035
P2, tp=4, ts=4, x0=600808883, x1=521190547
P0, tp=4, ts=4
P3, tp=4, ts=4, x0=871328432, x1=917043297
P2, tp=4, ts=4, x0=245304478, x1=322389486
P3, tp=4, ts=4, x0=245304478, x1=724940258
P0, tp=4, ts=4
P2, tp=4, ts=4, x0=839798115, x1=454979003
P1, tp=4, ts=4, x0=31049026
P0, tp=4, ts=4
P3, tp=4, ts=4, x0=893128751, x1=704058760
P3, tp=4, ts=4, x0=696288128, x1=92432098
P0, tp=4, ts=4
P3, tp=4, ts=4, x0=454979003, x1=301408761
P0, tp=4, ts=4
P1, tp=4, ts=4, x0=322389486
P3, tp=4, ts=4, x0=629998525, x1=953704570
P0, tp=4, ts=4
P2, tp=4, ts=4, x0=31049026, x1=917043297
P1, tp=4, ts=4, x0=669942889
P0, tp=4, ts=4
P3, tp=4, ts=4, x0=896656003, x1=205233360
P2, tp=4, ts=4, x0=893128751, x1=443126849
P1, tp=4, ts=4, x0=969100848
P3, tp=4, ts=4, x0=426439630, x1=411401212
P2, tp=4, ts=4, x0=82076505, x1=987807329
P2, tp=4, ts=4, x0=619507635, x1=895944523
P0, tp=4, ts=4
P1, tp=4, ts=4, x0=895944523
P2, tp=4, ts=4, x0=240768739, x1=324604825
P3, tp=4, ts=4, x0=521190547, x1=205233360
P1, tp=4, ts=4, x0=497761576
P1, tp=4, ts=4, x0=691833622
P3, tp=4, ts=4, x0=660974677, x1=691833622
P0, tp=4, ts=4
P1, tp=4, ts=4, x0=969360100
P3, tp=4, ts=4, x0=240768739, x1=544564365
P2, tp=4, ts=4, x0=846649726, x1=775448190
P1, tp=4, ts=4, x0=996159201
P3, tp=4, ts=4, x0=991599736, x1=948346709
P1, tp=4, ts=4, x0=960197595
P0, tp=4, ts=4
P3, tp=4, ts=4, x0=92432098, x1=240768739
P3, tp=4, ts=4, x0=482297242, x1=660974677
P2, tp=4, ts=4, x0=767372659, x1=81391188
P0, tp=4, ts=4
P2, tp=4, ts=4, x0=917043297, x1=31049026
P1, tp=4, ts=4, x0=969360100
P2, tp=4, ts=4, x0=97872481, x1=556534690
P1, tp=4, ts=4, x0=839798115
P3, tp=4, ts=4, x0=917043297, x1=917043297
P0, tp=4, ts=4
P1, tp=4, ts=4, x0=846649726
P3, tp=4, ts=4, x0=846649726, x1=556534690
P1, tp=4, ts=4, x0=16136660
P2, tp=4, ts=4, x0=421759463, x1=718815901
P3, tp=4, ts=4, x0=87197547, x1=245304478
P0, tp=4, ts=4
P1, tp=4, ts=4, x0=459655874
P1, tp=4, ts=4, x0=921713915
P2, tp=4, ts=4, x0=878015212, x1=544952570
P2, tp=4, ts=4, x0=97872481, x1=833485735
P1, tp=4, ts=4, x0=512089808
P0, tp=4, ts=4
P3, tp=4, ts=4, x0=839798115, x1=724940258
P1, tp=4, ts=4, x0=196919919
P1, tp=4, ts=4, x0=994573408
P2, tp=4, ts=4, x0=544952570, x1=490126166
P1, tp=4, ts=4, x0=154772311
P0, tp=4, ts=4
P2, tp=4, ts=4, x0=969100848, x1=411401212
P2, tp=4, ts=4, x0=927109174, x1=648980091
P0, tp=4, ts=4
P3, tp=4, ts=4, x0=135008159, x1=768417664
P1, tp=4, ts=4, x0=82076505
P2, tp=4, ts=4, x0=301408761, x1=40874643
P2, tp=4, ts=4, x0=916748940, x1=691634817
P2, tp=4, ts=4, x0=240768739, x1=971204661
P3, tp=4, ts=4, x0=787782137, x1=16136660
P2, tp=4, ts=4, x0=326995960, x1=173272776
P1, tp=4, ts=4, x0=81391188
P2, tp=4, ts=4, x0=685853111, x1=675747173
P0, tp=4, ts=4
P2, tp=4, ts=4, x0=789126390, x1=629998525
P1, tp=4, ts=4, x0=342531013
P2, tp=4, ts=4, x0=893128751, x1=895944523
P1, tp=4, ts=4, x0=512115179
P1, tp=4, ts=4, x0=525505566
P0, tp=4, ts=4
P3, tp=4, ts=4, x0=970985577, x1=111044320
P3, tp=4, ts=4, x0=725356751, x1=512089808
P3, tp=4, ts=4, x0=751464736, x1=187187076
P0, tp=4, ts=4
P3, tp=4, ts=4, x0=31049026, x1=895944523
P1, tp=4, ts=4, x0=497761576
P1, tp=4, ts=4, x0=92536549
P2, tp=4, ts=4, x0=512089808, x1=358764715
P1, tp=4, ts=4, x0=31049026
P1, tp=4, ts=4, x0=222134378
P0, tp=4, ts=4
P3, tp=4, ts=4, x0=861159218, x1=878015212
P1, tp=4, ts=4, x0=421759463
P2, tp=4, ts=4, x0=490126166, x1=718815901
P3, tp=4, ts=4, x0=544564365, x1=982063016
P0, tp=4, ts=4
P2, tp=4, ts=4, x0=839798115, x1=691833622
P0, tp=4, ts=4
P1, tp=4, ts=4, x0=969360100
P3, tp=4, ts=4, x0=59579985, x1=715448842
P1, tp=4, ts=4, x0=660974677
P2, tp=4, ts=4, x0=136725973, x1=81391188
P2, tp=4, ts=4, x0=443006041, x1=260038037
P0, tp=4, ts=4
P3, tp=4, ts=4, x0=229605487, x1=136725973
P3, tp=4, ts=4, x0=454979003, x1=960197595
P1, tp=4, ts=4, x0=245304478
P0, tp=4, ts=4
P2, tp=4, ts=4, x0=970985577, x1=273509818
P3, tp=4, ts=4, x0=660974677, x1=969100848
P2, tp=4, ts=4, x0=983715049, x1=59579985
P3, tp=4, ts=4, x0=953704570, x1=482297242
P1, tp=4, ts=4, x0=454979003
P1, tp=4, ts=4, x0=497761576
P3, tp=4, ts=4, x0=92432098, x1=411401212
P3, tp=4, ts=4, x0=556534690, x1=969360100
P3, tp=4, ts=4, x0=173272776, x1=937041280
P3, tp=4, ts=4, x0=899588254, x1=895944523
P1, tp=4, ts=4, x0=411401212
P1, tp=4, ts=4, x0=187187076
P0, tp=4, ts=4
P1, tp=4, ts=4, x0=59579985
P3, tp=4, ts=4, x0=600808883, x1=111044320
P2, tp=4, ts=4, x0=111044320, x1=969100848
P1, tp=4, ts=4, x0=893234148
P2, tp=4, ts=4, x0=497761576, x1=969360100
P1, tp=4, ts=4, x0=751464736
P3, tp=4, ts=4, x0=898652501, x1=59579985
P1, tp=4, ts=4, x0=871988861
P3, tp=4, ts=4, x0=443006041, x1=675747173
P1, tp=4, ts=4, x0=660974677
P2, tp=4, ts=4, x0=490126166, x1=22095674
P2, tp=4, ts=4, x0=62949616, x1=245304478
P3, tp=4, ts=4, x0=436859522, x1=229605487
P2, tp=4, ts=4, x0=685853111, x1=411401212
P0, tp=4, ts=4
P3, tp=4, ts=4, x0=332184314, x1=648980091
P1, tp=4, ts=4, x0=135008159
P2, tp=4, ts=4, x0=987807329, x1=369947661
P1, tp=4, ts=4, x0=273169780
P0, tp=4, ts=4
P3, tp=4, ts=4, x0=715448842, x1=960197595
P1, tp=4, ts=4, x0=136725973
P1, tp=4, ts=4, x0=691833622
P0, tp=4, ts=4
P0, tp=4, ts=4
P1, tp=4, ts=4, x0=482297242
P1, tp=4, ts=4, x0=512089808
P2, tp=4, ts=4, x0=478903784, x1=478903784
P2, tp=4, ts=4, x0=22095674, x1=82076505
P3, tp=4, ts=4, x0=839798115, x1=443006041
P3, tp=4, ts=4, x0=301408761, x1=785516389
P3, tp=4, ts=4, x0=521190547, x1=718815901
P0, tp=4, ts=4
P0, tp=4, ts=4
P1, tp=4, ts=4, x0=878015212
P1, tp=4, ts=4, x0=92536549
P0, tp=4, ts=4
P0, tp=4, ts=4
P1, tp=4, ts=4, x0=260038037
P1, tp=4, ts=4, x0=718815901
P2, tp=4, ts=4, x0=482297242, x1=898652501
P2, tp=4, ts=4, x0=806503342, x1=893234148
P2, tp=4, ts=4, x0=675747173, x1=691833622
P1, tp=4, ts=4, x0=927109174
P3, tp=4, ts=4, x0=22095674, x1=682724905
P2, tp=4, ts=4, x0=691634817, x1=173272776
P1, tp=4, ts=4, x0=685853111
P1, tp=4, ts=4, x0=790034738
P2, tp=4, ts=4, x0=969360100, x1=865897959
P3, tp=4, ts=4, x0=896656003, x1=724940258
P3, tp=4, ts=4, x0=187187076, x1=628517659
P0, tp=4, ts=4
P0, tp=4, ts=4
P1, tp=4, ts=4, x0=959840046
P3, tp=4, ts=4, x0=969360100, x1=173272776
P2, tp=4, ts=4, x0=459878825, x1=619507635
P0, tp=4, ts=4
P3, tp=4, ts=4, x0=724940258, x1=301408761
P3, tp=4, ts=4, x0=273169780, x1=81391188
P3, tp=4, ts=4, x0=22095674, x1=369947661
P0, tp=4, ts=4
P3, tp=4, ts=4, x0=691756830, x1=436859522
P2, tp=4, ts=4, x0=898652501, x1=991599736
P2, tp=4, ts=4, x0=899588254, x1=332184314
P0, tp=4, ts=4
P2, tp=4, ts=4, x0=600808883, x1=751464736
P1, tp=4, ts=4, x0=691634817
P1, tp=4, ts=4, x0=960197595
P3, tp=4, ts=4, x0=987807329, x1=878015212
P1, tp=4, ts=4, x0=768417664
P1, tp=4, ts=4, x0=861159218
P2, tp=4, ts=4, x0=987807329, x1=804175966
P0, tp=4, ts=4
P1, tp=4, ts=4, x0=675747173
P0, tp=4, ts=4
P1, tp=4, ts=4, x0=804175966
P3, tp=4, ts=4, x0=22095674, x1=443126849
P3, tp=4, ts=4, x0=207002179, x1=685853111
P2, tp=4, ts=4, x0=369947661, x1=621868507
P2, tp=4, ts=4, x0=490126166, x1=240768739
P2, tp=4, ts=4, x0=660974677, x1=497761576
P3, tp=4, ts=4, x0=16136660, x1=240768739
P2, tp=4, ts=4, x0=804175966, x1=790034738
P1, tp=4, ts=4, x0=81391188
P2, tp=4, ts=4, x0=969360100, x1=996159201
P3, tp=4, ts=4, x0=628517659, x1=861159218
P2, tp=4, ts=4, x0=322389486, x1=983715049
P1, tp=4, ts=4, x0=332184314
P2, tp=4, ts=4, x0=512115179, x1=170535467
P1, tp=4, ts=4, x0=411401212
P3, tp=4, ts=4, x0=619507635, x1=443006041
P1, tp=4, ts=4, x0=525505566
P3, tp=4, ts=4, x0=893128751, x1=443006041
P1, tp=4, ts=4, x0=970985577
P1, tp=4, ts=4, x0=861159218
P1, tp=4, ts=4, x0=996159201
P2, tp=4, ts=4, x0=222134378, x1=785516389
P0, tp=4, ts=4
P1, tp=4, ts=4, x0=668723619
P1, tp=4, ts=4, x0=991599736
P0, tp=4, ts=4
P0, tp=4, ts=4
P1, tp=4, ts=4, x0=937041280
P3, tp=4, ts=4, x0=878015212, x1=669942889
P1, tp=4, ts=4, x0=154772311
P1, tp=4, ts=4, x0=846649726
P1, tp=4, ts=4, x0=989104036
P0, tp=4, ts=4
P2, tp=4, ts=4, x0=991944501, x1=245304478
P2, tp=4, ts=4, x0=443006041, x1=512115179
P3, tp=4, ts=4, x0=245304478, x1=170535467
P1, tp=4, ts=4, x0=937041280
P3, tp=4, ts=4, x0=544952570, x1=59579985
P1, tp=4, ts=4, x0=669942889
P3, tp=4, ts=4, x0=983715049, x1=691634817
P1, tp=4, ts=4, x0=839798115
P3, tp=4, ts=4, x0=497761576, x1=512115179
P1, tp=4, ts=4, x0=482297242
P2, tp=4, ts=4, x0=768417664, x1=16136660
P3, tp=4, ts=4, x0=136725973, x1=490126166
P0, tp=4, ts=4
P3, tp=4, ts=4, x0=768417664, x1=660826492
P2, tp=4, ts=4, x0=944089724, x1=927109174
P1, tp=4, ts=4, x0=715448842
P2, tp=4, ts=4, x0=207002179, x1=229605487
P3, tp=4, ts=4, x0=629998525, x1=619507635
P0, tp=4, ts=4
P3, tp=4, ts=4, x0=92536549, x1=525505566
P3, tp=4, ts=4, x0=989104036, x1=969360100
P0, tp=4, ts=4
P3, tp=4, ts=4, x0=332184314, x1=240768739
P3, tp=4, ts=4, x0=648365780, x1=544952570
P1, tp=4, ts=4, x0=775448190
P2, tp=4, ts=4, x0=411401212, x1=937041280
P2, tp=4, ts=4, x0=969360100, x1=789126390
P3, tp=4, ts=4, x0=982063016, x1=790034738
P0, tp=4, ts=4
P1, tp=4, ts=4, x0=715448842
P1, tp=4, ts=4, x0=59579985
P1, tp=4, ts=4, x0=675747173
P2, tp=4, ts=4, x0=436859522, x1=31049026
P3, tp=4, ts=4, x0=369947661, x1=899588254
P2, tp=4, ts=4, x0=544564365, x1=927109174
P3, tp=4, ts=4, x0=229605487, x1=691756830
P3, tp=4, ts=4, x0=685853111, x1=229605487
P1, tp=4, ts=4, x0=648980091
P3, tp=4, ts=4, x0=512115179, x1=996159201
P1, tp=4, ts=4, x0=426439630
P1, tp=4, ts=4, x0=125622291
P3, tp=4, ts=4, x0=790034738, x1=799921855
P1, tp=4, ts=4, x0=775448190
P3, tp=4, ts=4, x0=490126166, x1=482297242
P0, tp=4, ts=4
P3, tp=4, ts=4, x0=136725973, x1=785516389
P2, tp=4, ts=4, x0=989104036, x1=413631096
P3, tp=4, ts=4, x0=718815901, x1=724940258
P3, tp=4, ts=4, x0=273169780, x1=660974677
P1, tp=4, ts=4, x0=436859522
P1, tp=4, ts=4, x0=301408761
P1, tp=4, ts=4, x0=229605487
P2, tp=4, ts=4, x0=273169780, x1=799921855
P3, tp=4, ts=4, x0=59579985, x1=960841218
P0, tp=4, ts=4
P3, tp=4, ts=4, x0=691833622, x1=92536549
P3, tp=4, ts=4, x0=767671825, x1=301408761
P3, tp=4, ts=4, x0=459655874, x1=81391188
P2, tp=4, ts=4, x0=691833622, x1=971204661
P2, tp=4, ts=4, x0=648365780, x1=273509818
P2, tp=4, ts=4, x0=273509818, x1=691634817
P2, tp=4, ts=4, x0=768417664, x1=136725973
P1, tp=4, ts=4, x0=660974677
P0, tp=4, ts=4
P0, tp=4, ts=4
P0, tp=4, ts=4
P3, tp=4, ts=4, x0=960197595, x1=525505566
P0, tp=4, ts=4
P3, tp=4, ts=4, x0=413631096, x1=989104036
P1, tp=4, ts=4, x0=685853111
P1, tp=4, ts=4, x0=619507635
P1, tp=4, ts=4, x0=783380479
P2, tp=4, ts=4, x0=685853111, x1=187187076
P2, tp=4, ts=4, x0=416202885, x1=600808883
P1, tp=4, ts=4, x0=459878825
P2, tp=4, ts=4, x0=240768739, x1=893234148
P1, tp=4, ts=4, x0=959840046
P1, tp=4, ts=4, x0=673756487
P0, tp=4, ts=4
P0, tp=4, ts=4
P2, tp=4, ts=4, x0=406541599, x1=544952570
P2, tp=4, ts=4, x0=406541599, x1=865897959
P0, tp=4, ts=4
P0, tp=4, ts=4
P3, tp=4, ts=4, x0=899588254, x1=116155859
P2, tp=4, ts=4, x0=463416745, x1=332184314
P1, tp=4, ts=4, x0=865897959
P2, tp=4, ts=4, x0=983715049, x1=16136660
P3, tp=4, ts=4, x0=6430302, x1=715448842
P0, tp=4, ts=4
P0, tp=4, ts=4
P3, tp=4, ts=4, x0=767671825, x1=372147664
P2, tp=4, ts=4, x0=456248150, x1=983715049
P3, tp=4, ts=4, x0=685853111, x1=436859522
P2, tp=4, ts=4, x0=273169780, x1=222134378
P1, tp=4, ts=4, x0=971204661
P3, tp=4, ts=4, x0=482297242, x1=443006041
P0, tp=4, ts=4
P3, tp=4, ts=4, x0=629998525, x1=465568244
P0, tp=4, ts=4
P0, tp=4, ts=4
P3, tp=4, ts=4, x0=619507635, x1=718815901
P0, tp=4, ts=4
P1, tp=4, ts=4, x0=865897959
P2, tp=4, ts=4, x0=653776203, x1=332184314
P2, tp=4, ts=4, x0=413631096, x1=136725973
P3, tp=4, ts=4, x0=996159201, x1=81391188
P1, tp=4, ts=4, x0=982063016
P1, tp=4, ts=4, x0=861159218
P2, tp=4, ts=4, x0=456248150, x1=969100848
P1, tp=4, ts=4, x0=525505566
P3, tp=4, ts=4, x0=783380479, x1=996159201
P0, tp=4, ts=4
P2, tp=4, ts=4, x0=991944501, x1=273169780
P1, tp=4, ts=4, x0=937041280
P1, tp=4, ts=4, x0=111044320
P1, tp=4, ts=4, x0=619507635
P3, tp=4, ts=4, x0=125622291, x1=691756830
P2, tp=4, ts=4, x0=478903784, x1=960197595
P2, tp=4, ts=4, x0=983715049, x1=960841218
P0, tp=4, ts=4
P2, tp=4, ts=4, x0=240768739, x1=895944523
P2, tp=4, ts=4, x0=273169780, x1=426439630
P1, tp=4, ts=4, x0=512089808
P3, tp=4, ts=4, x0=135008159, x1=59579985
P0, tp=4, ts=4
P0, tp=4, ts=4
P3, tp=4, ts=4, x0=377181535, x1=59579985
P3, tp=4, ts=4, x0=653776203, x1=660826492
P2, tp=4, ts=4, x0=715448842, x1=521190547
P3, tp=4, ts=4, x0=487261941, x1=971204661
P0, tp=4, ts=4
P0, tp=4, ts=4
P1, tp=4, ts=4, x0=594189553
P1, tp=4, ts=4, x0=682724905
P0, tp=4, ts=4
P0, tp=4, ts=4
P0, tp=4, ts=4
P3, tp=4, ts=4, x0=261252512, x1=369947661
P0, tp=4, ts=4
P0, tp=4, ts=4
P2, tp=4, ts=4, x0=332184314, x1=960841218
P2, tp=4, ts=4, x0=416202885, x1=845674636
P2, tp=4, ts=4, x0=154772311, x1=240768739
P2, tp=4, ts=4, x0=899588254, x1=991599736
P2, tp=4, ts=4, x0=116155859, x1=861159218
P1, tp=4, ts=4, x0=413631096
P2, tp=4, ts=4, x0=898652501, x1=456248150
P3, tp=4, ts=4, x0=959840046, x1=59579985
P3, tp=4, ts=4, x0=966303282, x1=22095674
P1, tp=4, ts=4, x0=969100848
P3, tp=4, ts=4, x0=260038037, x1=861159218
P3, tp=4, ts=4, x0=675747173, x1=896656003
P2, tp=4, ts=4, x0=896656003, x1=682724905
P3, tp=4, ts=4, x0=653776203, x1=465568244
P3, tp=4, ts=4, x0=187187076, x1=269660228
P3, tp=4, ts=4, x0=685853111, x1=515488298
P2, tp=4, ts=4, x0=983715049, x1=456248150
P3, tp=4, ts=4, x0=660826492, x1=125622291
P2, tp=4, ts=4, x0=465568244, x1=273169780
P1, tp=4, ts=4, x0=487261941
P3, tp=4, ts=4, x0=751464736, x1=893128751
P3, tp=4, ts=4, x0=893234148, x1=970985577
P1, tp=4, ts=4, x0=369947661
P1, tp=4, ts=4, x0=193706648
P1, tp=4, ts=4, x0=789126390
P1, tp=4, ts=4, x0=369947661
P2, tp=4, ts=4, x0=92536549, x1=465568244
P1, tp=4, ts=4, x0=135008159
P2, tp=4, ts=4, x0=896656003, x1=525505566
P3, tp=4, ts=4, x0=660826492, x1=960197595
P2, tp=4, ts=4, x0=584537875, x1=675747173
P0, tp=4, ts=4
P0, tp=4, ts=4
P3, tp=4, ts=4, x0=426439630, x1=443126849
P3, tp=4, ts=4, x0=22095674, x1=861159218
P1, tp=4, ts=4, x0=783380479
P3, tp=4, ts=4, x0=465568244, x1=594189553
P2, tp=4, ts=4, x0=31049026, x1=991944501
P0, tp=4, ts=4
P0, tp=4, ts=4
P3, tp=4, ts=4, x0=136725973, x1=525505566
P3, tp=4, ts=4, x0=512089808, x1=193706648
P1, tp=4, ts=4, x0=478903784
P3, tp=4, ts=4, x0=896656003, x1=194621906
P2, tp=4, ts=4, x0=594189553, x1=991599736
P3, tp=4, ts=4, x0=966303282, x1=675747173
P3, tp=4, ts=4, x0=125622291, x1=966303282
P1, tp=4, ts=4, x0=135008159
P3, tp=4, ts=4, x0=22095674, x1=456248150
P0, tp=4, ts=4
P0, tp=4, ts=4
P0, tp=4, ts=4
P0, tp=4, ts=4
P0, tp=5, ts=5
P2, tp=5, ts=5, x0=991599736, x1=895944523
P3, tp=5, ts=5, x0=222134378, x1=229605487
P0, tp=5, ts=5
P3, tp=5, ts=5, x0=960197595, x1=927109174
P1, tp=5, ts=5, x0=861159218
P0, tp=5, ts=5
P3, tp=5, ts=5, x0=273169780, x1=983715049
P2, tp=5, ts=5, x0=521190547, x1=456248150
P0, tp=5, ts=5
P3, tp=5, ts=5, x0=668723619, x1=459878825
P2, tp=5, ts=5, x0=261252512, x1=273169780
P1, tp=5, ts=5, x0=966303282
P1, tp=5, ts=5, x0=273169780
P3, tp=5, ts=5, x0=22095674, x1=893234148
P2, tp=5, ts=5, x0=768417664, x1=660826492
P1, tp=5, ts=5, x0=377181535
P2, tp=5, ts=5, x0=668723619, x1=482297242
P3, tp=5, ts=5, x0=443006041, x1=789126390
P2, tp=5, ts=5, x0=247669909, x1=927109174
P2, tp=5, ts=5, x0=996159201, x1=989104036
P2, tp=5, ts=5, x0=691756830, x1=111044320
P1, tp=5, ts=5, x0=839798115
P2, tp=5, ts=5, x0=895944523, x1=782588046
P0, tp=5, ts=5
P0, tp=5, ts=5
P2, tp=5, ts=5, x0=515488298, x1=125622291
P3, tp=5, ts=5, x0=154772311, x1=260038037
P0, tp=5, ts=5
P0, tp=5, ts=5
P1, tp=5, ts=5, x0=269660228
P3, tp=5, ts=5, x0=839798115, x1=989104036
P1, tp=5, ts=5, x0=31049026
P3, tp=5, ts=5, x0=81391188, x1=895944523
P1, tp=5, ts=5, x0=480240985
P0, tp=5, ts=5
P3, tp=5, ts=5, x0=413631096, x1=443006041
P3, tp=5, ts=5, x0=966303282, x1=459878825
P1, tp=5, ts=5, x0=983715049
P0, tp=5, ts=5
P2, tp=5, ts=5, x0=413631096, x1=135008159
P3, tp=5, ts=5, x0=194621906, x1=487261941
P2, tp=5, ts=5, x0=521190547, x1=480240985
P1, tp=5, ts=5, x0=170535467
P3, tp=5, ts=5, x0=895944523, x1=927109174
P1, tp=5, ts=5, x0=170535467
P1, tp=5, ts=5, x0=125622291
P1, tp=5, ts=5, x0=896656003
P3, tp=5, ts=5, x0=648365780, x1=240768739
P0, tp=5, ts=5
P0, tp=5, ts=5
P1, tp=5, ts=5, x0=261252512
P1, tp=5, ts=5, x0=691756830
P2, tp=5, ts=5, x0=673756487, x1=8240601
P0, tp=5, ts=5
P1, tp=5, ts=5, x0=443126849
P0, tp=5, ts=5
P2, tp=5, ts=5, x0=996159201, x1=193706648
P0, tp=5, ts=5
P3, tp=5, ts=5, x0=898652501, x1=619507635
P0, tp=5, ts=5
P1, tp=5, ts=5, x0=982063016
P3, tp=5, ts=5, x0=789126390, x1=512089808
P0, tp=5, ts=5
P0, tp=5, ts=5
P0, tp=5, ts=5
P1, tp=5, ts=5, x0=982063016
P0, tp=5, ts=5
P0, tp=5, ts=5
P3, tp=5, ts=5, x0=454979003, x1=799921855
P1, tp=5, ts=5, x0=846649726
P0, tp=5, ts=5
P0, tp=5, ts=5
P3, tp=5, ts=5, x0=377181535, x1=260038037
P2, tp=5, ts=5, x0=273509818, x1=222134378
P3, tp=5, ts=5, x0=459878825, x1=480240985
P2, tp=5, ts=5, x0=893128751, x1=861159218
P2, tp=5, ts=5, x0=154772311, x1=991599736
P2, tp=5, ts=5, x0=193706648, x1=6430302
P3, tp=5, ts=5, x0=260038037, x1=991599736
P1, tp=5, ts=5, x0=893234148
P2, tp=5, ts=5, x0=273509818, x1=260038037
P2, tp=5, ts=5, x0=332184314, x1=332184314
P0, tp=5, ts=5
P1, tp=5, ts=5, x0=269660228
P0, tp=5, ts=5
P0, tp=5, ts=5
P2, tp=5, ts=5, x0=799921855, x1=377181535
P2, tp=5, ts=5, x0=260038037, x1=59579985
P2, tp=5, ts=5, x0=125622291, x1=790034738
P2, tp=5, ts=5, x0=92536549, x1=660826492
P1, tp=5, ts=5, x0=861159218
P1, tp=5, ts=5, x0=526820959
P2, tp=5, ts=5, x0=261252512, x1=443126849
P3, tp=5, ts=5, x0=983715049, x1=369947661
P0, tp=5, ts=5
P3, tp=5, ts=5, x0=682724905, x1=187187076
P0, tp=5, ts=5
P0, tp=5, ts=5
P2, tp=5, ts=5, x0=482297242, x1=653776203
P2, tp=5, ts=5, x0=413631096, x1=526820959
P2, tp=5, ts=5, x0=789126390, x1=653776203
P0, tp=5, ts=5
P1, tp=5, ts=5, x0=790034738
P2, tp=5, ts=5, x0=135008159, x1=273169780
P3, tp=5, ts=5, x0=982063016, x1=177329888
P0, tp=5, ts=5
P1, tp=5, ts=5, x0=668723619
P0, tp=5, ts=5
P0, tp=5, ts=5
P0, tp=5, ts=5
P2, tp=5, ts=5, x0=207002179, x1=378025987
P1, tp=5, ts=5, x0=136918708
P2, tp=5, ts=5, x0=799921855, x1=896656003
P2, tp=5, ts=5, x0=839798115, x1=187187076
P2, tp=5, ts=5, x0=526820959, x1=983715049
P1, tp=5, ts=5, x0=8240601
P2, tp=5, ts=5, x0=515488298, x1=789126390
P2, tp=5, ts=5, x0=92536549, x1=240768739
P3, tp=5, ts=5, x0=966303282, x1=332184314
P1, tp=5, ts=5, x0=480240985
P0, tp=5, ts=5
P3, tp=5, ts=5, x0=953704570, x1=991599736
P2, tp=5, ts=5, x0=991944501, x1=116155859
P0, tp=5, ts=5
P3, tp=5, ts=5, x0=898652501, x1=682724905
P2, tp=5, ts=5, x0=594189553, x1=377181535
P0, tp=5, ts=5
P3, tp=5, ts=5, x0=916748940, x1=768417664
P2, tp=5, ts=5, x0=413631096, x1=301408761
P3, tp=5, ts=5, x0=369947661, x1=229605487
P3, tp=5, ts=5, x0=456248150, x1=247669909
P0, tp=5, ts=5
P3, tp=5, ts=5, x0=959840046, x1=416202885
P2, tp=5, ts=5, x0=782588046, x1=240768739
P3, tp=5, ts=5, x0=790034738, x1=233427644
P1, tp=5, ts=5, x0=660826492
P1, tp=5, ts=5, x0=480240985
P0, tp=5, ts=5
P0, tp=5, ts=5
P0, tp=5, ts=5
P0, tp=5, ts=5
P1, tp=5, ts=5, x0=436859522
P3, tp=5, ts=5, x0=846649726, x1=154772311
P0, tp=5, ts=5
P0, tp=5, ts=5
P2, tp=5, ts=5, x0=136918708, x1=775448190
P0, tp=5, ts=5
P0, tp=5, ts=5
P1, tp=5, ts=5, x0=240768739
P0, tp=5, ts=5
P0, tp=5, ts=5
P2, tp=5, ts=5, x0=896656003, x1=715448842
P1, tp=5, ts=5, x0=721663097
P1, tp=5, ts=5, x0=31049026
P3, tp=5, ts=5, x0=782588046, x1=983715049
P0, tp=5, ts=5
P2, tp=5, ts=5, x0=222134378, x1=416202885
P2, tp=5, ts=5, x0=273509818, x1=953704570
P0, tp=5, ts=5
P3, tp=5, ts=5, x0=9458546, x1=623542647
P3, tp=5, ts=5, x0=829266065, x1=378025987
P1, tp=5, ts=5, x0=222134378
P1, tp=5, ts=5, x0=991599736
P1, tp=5, ts=5, x0=898652501
P1, tp=5, ts=5, x0=478903784
P2, tp=5, ts=5, x0=653776203, x1=247669909
P2, tp=5, ts=5, x0=841489267, x1=413631096
P3, tp=5, ts=5, x0=893234148, x1=136725973
P3, tp=5, ts=5, x0=8240601, x1=893128751
P0, tp=5, ts=5
P2, tp=5, ts=5, x0=260038037, x1=691756830
P3, tp=5, ts=5, x0=378025987, x1=861159218
P3, tp=5, ts=5, x0=521190547, x1=6430302
P2, tp=5, ts=5, x0=790034738, x1=247669909
P2, tp=5, ts=5, x0=959840046, x1=660826492
P3, tp=5, ts=5, x0=463416745, x1=222134378
P1, tp=5, ts=5, x0=229605487
P1, tp=5, ts=5, x0=426439630
P1, tp=5, ts=5, x0=525505566
P2, tp=5, ts=5, x0=675747173, x1=673756487
P3, tp=5, ts=5, x0=896656003, x1=619507635
P1, tp=5, ts=5, x0=990229554
P1, tp=5, ts=5, x0=480240985
P3, tp=5, ts=5, x0=619507635, x1=260038037
P1, tp=5, ts=5, x0=154772311
P0, tp=5, ts=5
P3, tp=5, ts=5, x0=767671825, x1=937041280
P1, tp=5, ts=5, x0=940602364
P0, tp=5, ts=5
P0, tp=5, ts=5
P0, tp=5, ts=5
P2, tp=5, ts=5, x0=619507635, x1=439055059
P3, tp=5, ts=5, x0=789126390, x1=261252512
P1, tp=5, ts=5, x0=273169780
P2, tp=5, ts=5, x0=456248150, x1=960841218
P3, tp=5, ts=5, x0=619507635, x1=893128751
P1, tp=5, ts=5, x0=793955134
P3, tp=5, ts=5, x0=990229554, x1=178447784
P2, tp=5, ts=5, x0=247669909, x1=673756487
P0, tp=5, ts=5
P0, tp=5, ts=5
P1, tp=5, ts=5, x0=721663097
P0, tp=5, ts=5
P3, tp=5, ts=5, x0=691756830, x1=623542647
P2, tp=5, ts=5, x0=916748940, x1=783380479
P3, tp=5, ts=5, x0=893128751, x1=526820959
P2, tp=5, ts=5, x0=799921855, x1=416202885
P2, tp=5, ts=5, x0=332184314, x1=584537875
P2, tp=5, ts=5, x0=178447784, x1=378025987
P2, tp=5, ts=5, x0=937041280, x1=584537875
P0, tp=5, ts=5
P3, tp=5, ts=5, x0=378025987, x1=960841218
P0, tp=5, ts=5
P0, tp=5, ts=5
P1, tp=5, ts=5, x0=982080583
P1, tp=5, ts=5, x0=416202885
P1, tp=5, ts=5, x0=839798115
P3, tp=5, ts=5, x0=233427644, x1=92536549
P0, tp=5, ts=5
P1, tp=5, ts=5, x0=207002179
P0, tp=5, ts=5
P3, tp=5, ts=5, x0=154772311, x1=966303282
P0, tp=5, ts=5
P0, tp=5, ts=5
P0, tp=5, ts=5
P1, tp=5, ts=5, x0=623542647
P3, tp=5, ts=5, x0=456248150, x1=829266065
P0, tp=5, ts=5
P3, tp=5, ts=5, x0=8240601, x1=893234148
P0, tp=5, ts=5
P1, tp=5, ts=5, x0=207002179
P2, tp=5, ts=5, x0=332184314, x1=480240985
P3, tp=5, ts=5, x0=459878825, x1=463416745
P3, tp=5, ts=5, x0=351192341, x1=937041280
P3, tp=5, ts=5, x0=187187076, x1=377181535
P0, tp=5, ts=5
P3, tp=5, ts=5, x0=768417664, x1=895944523
P1, tp=5, ts=5, x0=247669909
P1, tp=5, ts=5, x0=372147664
P0, tp=5, ts=5
P3, tp=5, ts=5, x0=525876842, x1=673756487
P3, tp=5, ts=5, x0=623542647, x1=594189553
P0, tp=5, ts=5
P3, tp=5, ts=5, x0=526820959, x1=896656003
P1, tp=5, ts=5, x0=996159201
P0, tp=5, ts=5
P3, tp=5, ts=5, x0=799921855, x1=261252512
P3, tp=5, ts=5, x0=512089808, x1=64353212
P1, tp=5, ts=5, x0=715448842
P3, tp=5, ts=5, x0=782588046, x1=996159201
P2, tp=5, ts=5, x0=207002179, x1=782588046
P3, tp=5, ts=5, x0=273509818, x1=584537875
P3, tp=5, ts=5, x0=845674636, x1=512089808
P2, tp=5, ts=5, x0=273169780, x1=845674636
P1, tp=5, ts=5, x0=777602721
P1, tp=5, ts=5, x0=207002179
P3, tp=5, ts=5, x0=845674636, x1=9458546
P1, tp=5, ts=5, x0=194621906
P2, tp=5, ts=5, x0=378025987, x1=111044320
P0, tp=5, ts=5
P0, tp=5, ts=5
P1, tp=5, ts=5, x0=525876842
P3, tp=5, ts=5, x0=584537875, x1=793955134
P1, tp=5, ts=5, x0=240768739
P3, tp=5, ts=5, x0=937041280, x1=623542647
P1, tp=5, ts=5, x0=795788526
P0, tp=5, ts=5
P2, tp=5, ts=5, x0=269660228, x1=111044320
P2, tp=5, ts=5, x0=9458546, x1=966303282
P0, tp=5, ts=5
P3, tp=5, ts=5, x0=668723619, x1=793955134
P2, tp=5, ts=5, x0=651352390, x1=782588046
P3, tp=5, ts=5, x0=443126849, x1=653776203
P0, tp=5, ts=5
P0, tp=5, ts=5
P0, tp=5, ts=5
P1, tp=5, ts=5, x0=465568244
P0, tp=5, ts=5
P0, tp=5, ts=5
P0, tp=5, ts=5
P2, tp=5, ts=5, x0=378025987, x1=991944501
P1, tp=5, ts=5, x0=443126849
P1, tp=5, ts=5, x0=426439630
P2, tp=5, ts=5, x0=595470176, x1=416202885
P2, tp=5, ts=5, x0=383406018, x1=893128751
P3, tp=5, ts=5, x0=927109174, x1=895944523
P0, tp=5, ts=5
P3, tp=5, ts=5, x0=927109174, x1=660826492
P3, tp=5, ts=5, x0=521190547, x1=369947661
P3, tp=5, ts=5, x0=351192341, x1=439055059
P1, tp=5, ts=5, x0=378025987
P3, tp=5, ts=5, x0=269660228, x1=233427644
P3, tp=5, ts=5, x0=406541599, x1=426439630
P3, tp=5, ts=5, x0=269660228, x1=116155859
P0, tp=5, ts=5
P2, tp=5, ts=5, x0=525505566, x1=194621906
P1, tp=5, ts=5, x0=715448842
P3, tp=5, ts=5, x0=275897331, x1=660826492
P2, tp=5, ts=5, x0=31049026, x1=594189553
P2, tp=5, ts=5, x0=336760513, x1=116155859
P1, tp=5, ts=5, x0=982063016
P1, tp=5, ts=5, x0=623542647
P1, tp=5, ts=5, x0=895944523
P2, tp=5, ts=5, x0=782588046, x1=682724905
P3, tp=5, ts=5, x0=155339606, x1=566174730
P1, tp=5, ts=5, x0=526820959
P2, tp=5, ts=5, x0=465568244, x1=416202885
P2, tp=5, ts=5, x0=8240601, x1=275897331
P1, tp=5, ts=5, x0=893128751
P1, tp=5, ts=5, x0=927109174
P0, tp=5, ts=5
P0, tp=5, ts=5
P1, tp=5, ts=5, x0=861159218
P1, tp=5, ts=5, x0=648365780
P3, tp=5, ts=5, x0=193706648, x1=207002179
P3, tp=5, ts=5, x0=721663097, x1=525505566
P0, tp=5, ts=5
P3, tp=5, ts=5, x0=898652501, x1=406541599
P2, tp=5, ts=5, x0=482297242, x1=406541599
P0, tp=5, ts=5
P1, tp=5, ts=5, x0=512089808
P0, tp=5, ts=5
P0, tp=5, ts=5
P2, tp=5, ts=5, x0=937041280, x1=378025987
P3, tp=5, ts=5, x0=193706648, x1=399120484
P2, tp=5, ts=5, x0=896656003, x1=336760513
P2, tp=5, ts=5, x0=777602721, x1=116155859
P0, tp=5, ts=5
P2, tp=5, ts=5, x0=230944434, x1=8240601
P0, tp=5, ts=5
P1, tp=5, ts=5, x0=136725973
P1, tp=5, ts=5, x0=557033012
P0, tp=5, ts=5
P0, tp=5, ts=5
P3, tp=5, ts=5, x0=463416745, x1=136725973
P2, tp=5, ts=5, x0=589937967, x1=594189553
P1, tp=5, ts=5, x0=715448842
P1, tp=5, ts=5, x0=177329888
P2, tp=5, ts=5, x0=861159218, x1=768417664
P0, tp=5, ts=5
P3, tp=5, ts=5, x0=846649726, x1=369947661
P3, tp=5, ts=5, x0=64353212, x1=240768739
P2, tp=5, ts=5, x0=399120484, x1=966303282
P1, tp=5, ts=5, x0=269660228
P2, tp=5, ts=5, x0=691756830, x1=648365780
P2, tp=5, ts=5, x0=721663097, x1=439055059
P0, tp=5, ts=5
P3, tp=5, ts=5, x0=88988497, x1=937041280
P3, tp=5, ts=5, x0=673756487, x1=795788526
P3, tp=5, ts=5, x0=155339606, x1=59579985
P3, tp=5, ts=5, x0=990229554, x1=898652501
P0, tp=5, ts=5
P2, tp=5, ts=5, x0=845674636, x1=456248150
P1, tp=5, ts=5, x0=194621906
P3, tp=5, ts=5, x0=406541599, x1=721663097
P1, tp=5, ts=5, x0=178447784
P1, tp=5, ts=5, x0=378025987
P1, tp=5, ts=5, x0=829266065
P1, tp=5, ts=5, x0=865897959
P3, tp=5, ts=5, x0=372147664, x1=715448842
P0, tp=5, ts=5
P0, tp=5, ts=5
P3, tp=5, ts=5, x0=336760513, x1=897962761
P1, tp=5, ts=5, x0=136725973
P0, tp=5, ts=5
P1, tp=5, ts=5, x0=675747173
P3, tp=5, ts=5, x0=487261941, x1=982080583
P0, tp=5, ts=5
P0, tp=5, ts=5
P3, tp=5, ts=5, x0=125622291, x1=193706648
P1, tp=5, ts=5, x0=463416745
P0, tp=5, ts=5
P0, tp=5, ts=5
P2, tp=5, ts=5, x0=623542647, x1=413631096
P1, tp=5, ts=5, x0=463416745
P2, tp=5, ts=5, x0=777602721, x1=480240985
P0, tp=5, ts=5
P3, tp=5, ts=5, x0=927109174, x1=487261941
P0, tp=5, ts=5
P2, tp=5, ts=5, x0=940602364, x1=589937967
P1, tp=5, ts=5, x0=845674636
P1, tp=5, ts=5, x0=982063016
P2, tp=5, ts=5, x0=525876842, x1=377181535
P2, tp=5, ts=5, x0=991944501, x1=982063016
P3, tp=5, ts=5, x0=865897959, x1=623542647
P3, tp=5, ts=5, x0=682724905, x1=480240985
P0, tp=5, ts=5
P0, tp=5, ts=5
P0, tp=5, ts=5
P2, tp=5, ts=5, x0=260038037, x1=648365780
P0, tp=5, ts=5
P3, tp=5, ts=5, x0=675747173, x1=990229554
P0, tp=5, ts=5
P3, tp=5, ts=5, x0=136918708, x1=426439630
P0, tp=5, ts=5
P0, tp=5, ts=5
P0, tp=5, ts=5
P1, tp=5, ts=5, x0=512089808
P2, tp=5, ts=5, x0=269660228, x1=459878825
P0, tp=5, ts=5
P3, tp=5, ts=5, x0=177329888, x1=480240985
P1, tp=5, ts=5, x0=125622291
P1, tp=5, ts=5, x0=691756830
P1, tp=5, ts=5, x0=116155859
P2, tp=5, ts=5, x0=940602364, x1=959840046
P2, tp=5, ts=5, x0=372147664, x1=996880935
P3, tp=5, ts=5, x0=768417664, x1=960841218
P3, tp=5, ts=5, x0=846649726, x1=982080583
P2, tp=5, ts=5, x0=525505566, x1=897962761
P2, tp=5, ts=5, x0=413631096, x1=196541374
P3, tp=5, ts=5, x0=584537875, x1=960841218
P2, tp=5, ts=5, x0=59579985, x1=861159218
P0, tp=5, ts=5
P3, tp=5, ts=5, x0=861159218, x1=230944434
P0, tp=5, ts=5
P0, tp=5, ts=5
P2, tp=5, ts=5, x0=795788526, x1=829266065
P1, tp=5, ts=5, x0=136725973
P2, tp=5, ts=5, x0=865897959, x1=456248150
P1, tp=5, ts=5, x0=155339606
P1, tp=5, ts=5, x0=125622291
P1, tp=5, ts=5, x0=269660228
P1, tp=5, ts=5, x0=240768739
P3, tp=5, ts=5, x0=351192341, x1=940602364
P3, tp=5, ts=5, x0=226466265, x1=125622291
P3, tp=5, ts=5, x0=8240601, x1=478903784
P2, tp=5, ts=5, x0=116155859, x1=898652501
P1, tp=5, ts=5, x0=116155859
P2, tp=5, ts=5, x0=799921855, x1=88988497
P2, tp=5, ts=5, x0=876481877, x1=136725973
P3, tp=5, ts=5, x0=768417664, x1=194621906
P2, tp=5, ts=5, x0=982080583, x1=526820959
P0, tp=5, ts=5
P1, tp=5, ts=5, x0=623542647
P1, tp=5, ts=5, x0=136918708
P3, tp=5, ts=5, x0=525505566, x1=566174730
P1, tp=5, ts=5, x0=207002179
P0, tp=5, ts=5
P0, tp=5, ts=5
P2, tp=5, ts=5, x0=589937967, x1=937041280
P2, tp=5, ts=5, x0=673756487, x1=584537875
P0, tp=5, ts=5
P1, tp=5, ts=5, x0=8240601
P3, tp=5, ts=5, x0=952987397, x1=799921855
P2, tp=5, ts=5, x0=584537875, x1=233427644
P3, tp=5, ts=5, x0=940602364, x1=777602721
P3, tp=5, ts=5, x0=595470176, x1=439055059
P1, tp=5, ts=5, x0=247669909
P2, tp=5, ts=5, x0=210273246, x1=526820959
P3, tp=5, ts=5, x0=64353212, x1=383406018
P1, tp=5, ts=5, x0=222134378
P3, tp=5, ts=5, x0=861159218, x1=177329888
P3, tp=5, ts=5, x0=983715049, x1=226466265
P1, tp=5, ts=5, x0=413631096
P3, tp=5, ts=5, x0=673756487, x1=269660228
P2, tp=5, ts=5, x0=269660228, x1=383406018
P0, tp=5, ts=5
P0, tp=5, ts=5
P1, tp=5, ts=5, x0=557033012
P2, tp=5, ts=5, x0=648365780, x1=675747173
P3, tp=5, ts=5, x0=865897959, x1=456248150
P0, tp=5, ts=5
P3, tp=5, ts=5, x0=799921855, x1=416202885
P0, tp=5, ts=5
P0, tp=5, ts=5
P1, tp=5, ts=5, x0=377181535
P0, tp=5, ts=5
P3, tp=5, ts=5, x0=937041280, x1=783380479
P0, tp=5, ts=5
P2, tp=5, ts=5, x0=222134378, x1=841489267
P2, tp=5, ts=5, x0=595470176, x1=125622291
P0, tp=5, ts=5
P2, tp=5, ts=5, x0=92536549, x1=691756830
P1, tp=5, ts=5, x0=210273246
P3, tp=5, ts=5, x0=682724905, x1=927109174
P1, tp=5, ts=5, x0=715448842
P3, tp=5, ts=5, x0=515488298, x1=196541374
P1, tp=5, ts=5, x0=594189553
P0, tp=5, ts=5
P1, tp=5, ts=5, x0=619011997
P0, tp=5, ts=5
P3, tp=5, ts=5, x0=982080583, x1=960841218
P0, tp=5, ts=5
P3, tp=5, ts=5, x0=456248150, x1=439055059
P1, tp=5, ts=5, x0=525876842
P1, tp=5, ts=5, x0=416202885
P1, tp=5, ts=5, x0=336760513
P1, tp=5, ts=5, x0=648365780
P1, tp=5, ts=5, x0=193706648
P3, tp=5, ts=5, x0=210273246, x1=92536549
P1, tp=5, ts=5, x0=439055059
P1, tp=5, ts=5, x0=799921855
P3, tp=5, ts=5, x0=682724905, x1=260038037
P2, tp=5, ts=5, x0=406541599, x1=111123091
P3, tp=5, ts=5, x0=668723619, x1=960841218
P0, tp=5, ts=5
P3, tp=5, ts=5, x0=222134378, x1=594189553
P1, tp=5, ts=5, x0=515488298
P3, tp=5, ts=5, x0=222134378, x1=525505566
P2, tp=5, ts=5, x0=594189553, x1=767671825
P1, tp=5, ts=5, x0=691756830
P2, tp=5, ts=5, x0=716910030, x1=351192341
P0, tp=5, ts=5
P0, tp=5, ts=5
P2, tp=5, ts=5, x0=136918708, x1=416202885
P0, tp=5, ts=5
P1, tp=5, ts=5, x0=478903784
P2, tp=5, ts=5, x0=269660228, x1=178447784
P2, tp=5, ts=5, x0=584537875, x1=336760513
P2, tp=5, ts=5, x0=463416745, x1=952987397
P1, tp=5, ts=5, x0=136918708
P0, tp=5, ts=5
P2, tp=5, ts=5, x0=155339606, x1=595470176
P1, tp=5, ts=5, x0=378025987
P3, tp=5, ts=5, x0=966303282, x1=456248150
P2, tp=5, ts=5, x0=897962761, x1=619011997
P1, tp=5, ts=5, x0=861159218
P3, tp=5, ts=5, x0=116155859, x1=9458546
P3, tp=5, ts=5, x0=372147664, x1=557033012
P0, tp=5, ts=5
P0, tp=5, ts=5
P0, tp=5, ts=5
P0, tp=5, ts=5
P1, tp=5, ts=5, x0=26454236
P0, tp=5, ts=5
P0, tp=5, ts=5
P3, tp=5, ts=5, x0=845674636, x1=92536549
P1, tp=5, ts=5, x0=789142657
P1, tp=5, ts=5, x0=116155859
P0, tp=5, ts=5
P0, tp=5, ts=5
P3, tp=5, ts=5, x0=193706648, x1=112976504
P0, tp=5, ts=5
P3, tp=5, ts=5, x0=155339606, x1=222134378
P2, tp=5, ts=5, x0=990229554, x1=463416745
P2, tp=5, ts=5, x0=269660228, x1=783380479
P0, tp=5, ts=5
P3, tp=5, ts=5, x0=789142657, x1=8240601
P1, tp=5, ts=5, x0=226466265
P1, tp=5, ts=5, x0=416202885
P0, tp=5, ts=5
P2, tp=5, ts=5, x0=465568244, x1=230944434
P0, tp=5, ts=5
P3, tp=5, ts=5, x0=224906571, x1=793955134
P1, tp=5, ts=5, x0=829266065
P3, tp=5, ts=5, x0=465568244, x1=897962761
P2, tp=5, ts=5, x0=463416745, x1=966303282
P3, tp=5, ts=5, x0=377181535, x1=6430302
P2, tp=5, ts=5, x0=196541374, x1=155339606
P3, tp=5, ts=5, x0=378025987, x1=959840046
P3, tp=5, ts=5, x0=463416745, x1=261252512
P2, tp=5, ts=5, x0=487261941, x1=378025987
P2, tp=5, ts=5, x0=990229554, x1=465568244
P1, tp=5, ts=5, x0=111123091
P3, tp=5, ts=5, x0=668723619, x1=721663097
P0, tp=5, ts=5
P1, tp=5, ts=5, x0=505708687
P2, tp=5, ts=5, x0=983715049, x1=898652501
P1, tp=5, ts=5, x0=595470176
P3, tp=5, ts=5, x0=682724905, x1=480240985
P0, tp=5, ts=5
P3, tp=5, ts=5, x0=6430302, x1=463416745
P2, tp=5, ts=5, x0=125622291, x1=952987397
P3, tp=5, ts=5, x0=207002179, x1=990229554
P2, tp=5, ts=5, x0=369947661, x1=841489267
P2, tp=5, ts=5, x0=983715049, x1=260038037
P0, tp=5, ts=5
P1, tp=5, ts=5, x0=505708687
P1, tp=5, ts=5, x0=716910030
P1, tp=5, ts=5, x0=155339606
P3, tp=5, ts=5, x0=116155859, x1=136918708
P1, tp=5, ts=5, x0=332184314
P1, tp=5, ts=5, x0=623542647
P0, tp=5, ts=5
P3, tp=5, ts=5, x0=702625064, x1=959840046
P1, tp=5, ts=5, x0=336760513
P1, tp=5, ts=5, x0=982080583
P3, tp=5, ts=5, x0=478903784, x1=691756830
P1, tp=5, ts=5, x0=983715049
P2, tp=5, ts=5, x0=377181535, x1=261252512
P1, tp=5, ts=5, x0=177329888
P2, tp=5, ts=5, x0=691756830, x1=332184314
P2, tp=5, ts=5, x0=193706648, x1=595470176
P3, tp=5, ts=5, x0=595470176, x1=648365780
P1, tp=5, ts=5, x0=589937967
P1, tp=5, ts=5, x0=991944501
P2, tp=5, ts=5, x0=799921855, x1=789142657
P1, tp=5, ts=5, x0=136918708
P1, tp=5, ts=5, x0=230944434
P3, tp=5, ts=5, x0=136725973, x1=981720470
P2, tp=5, ts=5, x0=125622291, x1=996880935
P1, tp=5, ts=5, x0=952987397
P2, tp=5, ts=5, x0=226466265, x1=261252512
P1, tp=5, ts=5, x0=876481877
P0, tp=5, ts=5
P1, tp=5, ts=5, x0=88988497
P3, tp=5, ts=5, x0=691756830, x1=836941184
P3, tp=5, ts=5, x0=526820959, x1=456248150
P3, tp=5, ts=5, x0=112976504, x1=952987397
P1, tp=5, ts=5, x0=406541599
P0, tp=5, ts=5
P0, tp=5, ts=5
P0, tp=5, ts=5
P1, tp=5, ts=5, x0=991944501
P3, tp=5, ts=5, x0=480240985, x1=983715049
P1, tp=5, ts=5, x0=626788532
P2, tp=5, ts=5, x0=673756487, x1=196541374
P3, tp=5, ts=5, x0=595470176, x1=383406018
P0, tp=5, ts=5
P0, tp=5, ts=5
P2, tp=5, ts=5, x0=297115197, x1=478903784
P2, tp=5, ts=5, x0=377181535, x1=702625064
P0, tp=5, ts=5
P3, tp=5, ts=5, x0=478903784, x1=897962761
P0, tp=5, ts=5
P3, tp=5, ts=5, x0=478903784, x1=702625064
P1, tp=5, ts=5, x0=937041280
P2, tp=5, ts=5, x0=982080583, x1=651352390
P2, tp=5, ts=5, x0=351192341, x1=744792064
P0, tp=5, ts=5
P1, tp=5, ts=5, x0=767671825
P1, tp=5, ts=5, x0=937041280
P2, tp=5, ts=5, x0=196541374, x1=125622291
P3, tp=5, ts=5, x0=230944434, x1=897962761
P1, tp=5, ts=5, x0=155339606
P2, tp=5, ts=5, x0=996880935, x1=332184314
P3, tp=5, ts=5, x0=6430302, x1=178447784
P0, tp=5, ts=5
P2, tp=5, ts=5, x0=193706648, x1=841489267
P0, tp=5, ts=5
P1, tp=5, ts=5, x0=336760513
P1, tp=5, ts=5, x0=983715049
P2, tp=5, ts=5, x0=194621906, x1=351192341
P1, tp=5, ts=5, x0=336760513
P1, tp=5, ts=5, x0=193706648
P0, tp=5, ts=5
P2, tp=5, ts=5, x0=836941184, x1=261252512
P1, tp=5, ts=5, x0=915049420
P1, tp=5, ts=5, x0=799921855
P2, tp=5, ts=5, x0=275897331, x1=668723619
P2, tp=5, ts=5, x0=463416745, x1=566174730
P2, tp=5, ts=5, x0=952987397, x1=111123091
P0, tp=5, ts=5
P2, tp=5, ts=5, x0=898652501, x1=275897331
P0, tp=5, ts=5
P1, tp=5, ts=5, x0=991944501
P0, tp=5, ts=5
P3, tp=5, ts=5, x0=799921855, x1=777602721
P2, tp=5, ts=5, x0=898652501, x1=501896445
P0, tp=5, ts=5
P0, tp=5, ts=5
P1, tp=5, ts=5, x0=136918708
P1, tp=5, ts=5, x0=210273246
P1, tp=5, ts=5, x0=584537875
P2, tp=5, ts=5, x0=332184314, x1=155339606
P0, tp=5, ts=5
P2, tp=5, ts=5, x0=369947661, x1=332184314
P1, tp=5, ts=5, x0=982080583
P2, tp=5, ts=5, x0=43237217, x1=406842900
P1, tp=5, ts=5, x0=275897331
P3, tp=5, ts=5, x0=871415145, x1=406541599
P0, tp=5, ts=5
P0, tp=5, ts=5
P1, tp=5, ts=5, x0=829266065
P2, tp=5, ts=5, x0=744792064, x1=996880935
P0, tp=5, ts=5
P3, tp=5, ts=5, x0=378025987, x1=515488298
P3, tp=5, ts=5, x0=26454236, x1=584537875
P3, tp=5, ts=5, x0=155339606, x1=693030564
P1, tp=5, ts=5, x0=177186927
P0, tp=5, ts=5
P3, tp=5, ts=5, x0=210273246, x1=668394239
P0, tp=5, ts=5
P2, tp=5, ts=5, x0=767671825, x1=525876842
P1, tp=5, ts=5, x0=406842900
P1, tp=5, ts=5, x0=589937967
P1, tp=5, ts=5, x0=589937967
P0, tp=5, ts=5
P3, tp=5, ts=5, x0=226466265, x1=829266065
P3, tp=5, ts=5, x0=691756830, x1=406541599
P1, tp=5, ts=5, x0=841489267
P0, tp=5, ts=5
P3, tp=5, ts=5, x0=501896445, x1=886888726
P0, tp=5, ts=5
P3, tp=5, ts=5, x0=406842900, x1=799921855
P1, tp=5, ts=5, x0=584537875
P0, tp=5, ts=5
P0, tp=5, ts=5
P1, tp=5, ts=5, x0=871415145
P2, tp=5, ts=5, x0=51786083, x1=230944434
P1, tp=5, ts=5, x0=247669909
P3, tp=5, ts=5, x0=406541599, x1=155339606
P1, tp=5, ts=5, x0=116155859
P3, tp=5, ts=5, x0=829266065, x1=932420093
P3, tp=5, ts=5, x0=767671825, x1=261252512
P2, tp=5, ts=5, x0=648365780, x1=416202885
P1, tp=5, ts=5, x0=501896445
P0, tp=5, ts=5
P2, tp=5, ts=5, x0=487261941, x1=261252512
P0, tp=5, ts=5
P2, tp=5, ts=5, x0=623542647, x1=996880935
P0, tp=5, ts=5
P3, tp=5, ts=5, x0=996880935, x1=399120484
P3, tp=5, ts=5, x0=744792064, x1=383406018
P1, tp=5, ts=5, x0=668723619
P3, tp=5, ts=5, x0=996880935, x1=915049420
P1, tp=5, ts=5, x0=515488298
P0, tp=5, ts=5
P1, tp=5, ts=5, x0=339497191
P2, tp=5, ts=5, x0=261252512, x1=465568244
P3, tp=5, ts=5, x0=106778167, x1=193706648
P3, tp=5, ts=5, x0=736203974, x1=566174730
P3, tp=5, ts=5, x0=177186927, x1=196541374
P1, tp=5, ts=5, x0=990229554
P1, tp=5, ts=5, x0=557033012
P3, tp=5, ts=5, x0=783380479, x1=566174730
P2, tp=5, ts=5, x0=651352390, x1=383406018
P1, tp=5, ts=5, x0=595470176
P3, tp=5, ts=5, x0=406541599, x1=406541599
P0, tp=5, ts=5
P1, tp=5, ts=5, x0=940602364
P0, tp=5, ts=5
P0, tp=5, ts=5
P3, tp=5, ts=5, x0=6430302, x1=716910030
P2, tp=5, ts=5, x0=897962761, x1=6430302
P0, tp=5, ts=5
P3, tp=5, ts=5, x0=966303282, x1=623542647
P3, tp=5, ts=5, x0=777602721, x1=247669909
P0, tp=5, ts=5
P0, tp=5, ts=5
P3, tp=5, ts=5, x0=339497191, x1=829266065
P1, tp=5, ts=5, x0=876481877
P3, tp=5, ts=5, x0=992498338, x1=406541599
P3, tp=5, ts=5, x0=648365780, x1=51786083
P2, tp=5, ts=5, x0=619011997, x1=406541599
P3, tp=5, ts=5, x0=626788532, x1=504523701
P2, tp=5, ts=5, x0=897962761, x1=829266065
P0, tp=5, ts=5
P0, tp=5, ts=5
P2, tp=5, ts=5, x0=828415473, x1=106778167
P3, tp=5, ts=5, x0=673756487, x1=897962761
P3, tp=5, ts=5, x0=501896445, x1=736203974
P2, tp=5, ts=5, x0=693030564, x1=952987397
P3, tp=5, ts=5, x0=966303282, x1=377181535
P2, tp=5, ts=5, x0=111123091, x1=416202885
P1, tp=5, ts=5, x0=252022855
P3, tp=5, ts=5, x0=836941184, x1=568346948
P3, tp=5, ts=5, x0=828415473, x1=736203974
P2, tp=5, ts=5, x0=982080583, x1=136918708
P0, tp=5, ts=5
P3, tp=5, ts=5, x0=261252512, x1=351192341
P0, tp=5, ts=5
P1, tp=5, ts=5, x0=515488298
P0, tp=5, ts=5
P2, tp=5, ts=5, x0=465568244, x1=233427644
P3, tp=5, ts=5, x0=297115197, x1=897962761
P2, tp=5, ts=5, x0=261252512, x1=247669909
P1, tp=5, ts=5, x0=966303282
P0, tp=5, ts=5
P0, tp=5, ts=5
P0, tp=5, ts=5
P0, tp=5, ts=5
P2, tp=5, ts=5, x0=239002531, x1=841489267
P0, tp=5, ts=5
P3, tp=5, ts=5, x0=767671825, x1=668394239
P2, tp=5, ts=5, x0=777602721, x1=194621906
P2, tp=5, ts=5, x0=51786083, x1=465568244
P3, tp=5, ts=5, x0=233427644, x1=13937533
P3, tp=5, ts=5, x0=589937967, x1=594189553
P1, tp=5, ts=5, x0=668394239
P0, tp=5, ts=5
P1, tp=5, ts=5, x0=456248150
P3, tp=5, ts=5, x0=177186927, x1=377181535
P0, tp=5, ts=5
P2, tp=5, ts=5, x0=952987397, x1=177329888
P2, tp=5, ts=5, x0=261252512, x1=177186927
P0, tp=5, ts=5
P2, tp=5, ts=5, x0=377181535, x1=952987397
P1, tp=5, ts=5, x0=966303282
P3, tp=5, ts=5, x0=470452467, x1=8240601
P0, tp=5, ts=5
P1, tp=5, ts=5, x0=470452467
P0, tp=5, ts=5
P3, tp=5, ts=5, x0=789142657, x1=9458546
P1, tp=5, ts=5, x0=584537875
P1, tp=5, ts=5, x0=26454236
P3, tp=5, ts=5, x0=584537875, x1=116155859
P0, tp=5, ts=5
P1, tp=5, ts=5, x0=566174730
P0, tp=5, ts=5
P0, tp=5, ts=5
P1, tp=5, ts=5, x0=693030564
P1, tp=5, ts=5, x0=952987397
P1, tp=5, ts=5, x0=406541599
P0, tp=5, ts=5
P2, tp=5, ts=5, x0=836941184, x1=740989092
P0, tp=5, ts=5
P0, tp=5, ts=5
P2, tp=5, ts=5, x0=177329888, x1=252022855
P2, tp=5, ts=5, x0=269660228, x1=399120484
P1, tp=5, ts=5, x0=91344904
P0, tp=5, ts=5
P3, tp=5, ts=5, x0=501896445, x1=777602721
P2, tp=5, ts=5, x0=13937533, x1=525876842
P1, tp=5, ts=5, x0=721663097
P1, tp=5, ts=5, x0=789142657
P0, tp=5, ts=5
P1, tp=5, ts=5, x0=693030564
P0, tp=5, ts=5
P2, tp=5, ts=5, x0=88988497, x1=915049420
P3, tp=5, ts=5, x0=591364332, x1=595470176
P1, tp=5, ts=5, x0=106778167
P1, tp=5, ts=5, x0=505708687
P3, tp=5, ts=5, x0=932420093, x1=239002531
P0, tp=5, ts=5
P2, tp=5, ts=5, x0=233427644, x1=487261941
P0, tp=5, ts=5
P0, tp=5, ts=5
P3, tp=5, ts=5, x0=112976504, x1=836941184
P0, tp=5, ts=5
P3, tp=5, ts=5, x0=88988497, x1=339497191
P0, tp=5, ts=5
P1, tp=5, ts=5, x0=13937533
P1, tp=5, ts=5, x0=501896445
P2, tp=5, ts=5, x0=111123091, x1=982080583
P3, tp=5, ts=5, x0=709641777, x1=782588046
P3, tp=5, ts=5, x0=372147664, x1=505708687
P3, tp=5, ts=5, x0=782588046, x1=595470176
P1, tp=5, ts=5, x0=526820959
P2, tp=5, ts=5, x0=51786083, x1=932420093
P2, tp=5, ts=5, x0=829266065, x1=952987397
P2, tp=5, ts=5, x0=651352390, x1=193706648
P3, tp=5, ts=5, x0=626788532, x1=111123091
P0, tp=5, ts=5
P0, tp=5, ts=5
P0, tp=5, ts=5
P1, tp=5, ts=5, x0=897962761
P2, tp=5, ts=5, x0=966303282, x1=828415473
P2, tp=5, ts=5, x0=828415473, x1=339497191
P3, tp=5, ts=5, x0=996880935, x1=210273246
P2, tp=5, ts=5, x0=252022855, x1=501896445
P0, tp=5, ts=5
P2, tp=5, ts=5, x0=982080583, x1=952987397
P0, tp=5, ts=5
P0, tp=5, ts=5
P0, tp=5, ts=5
P3, tp=5, ts=5, x0=106778167, x1=591364332
P1, tp=5, ts=5, x0=789142657
P3, tp=5, ts=5, x0=693030564, x1=261252512
P2, tp=5, ts=5, x0=626788532, x1=736203974
P1, tp=5, ts=5, x0=871415145
P2, tp=5, ts=5, x0=526820959, x1=439055059
P2, tp=5, ts=5, x0=845674636, x1=674342878
P2, tp=5, ts=5, x0=594189553, x1=897962761
P1, tp=5, ts=5, x0=721663097
P1, tp=5, ts=5, x0=702625064
P3, tp=5, ts=5, x0=487261941, x1=465568244
P2, tp=5, ts=5, x0=94143331, x1=70844238
P2, tp=5, ts=5, x0=589937967, x1=13937533
P1, tp=5, ts=5, x0=793955134
P2, tp=5, ts=5, x0=70844238, x1=351192341
P1, tp=5, ts=5, x0=777602721
P1, tp=5, ts=5, x0=619011997
P2, tp=5, ts=5, x0=693030564, x1=336760513
P3, tp=5, ts=5, x0=239002531, x1=439055059
P1, tp=5, ts=5, x0=932420093
P1, tp=5, ts=5, x0=721663097
P1, tp=5, ts=5, x0=217165976
P2, tp=5, ts=5, x0=26454236, x1=777602721
P3, tp=5, ts=5, x0=334636178, x1=744792064
P1, tp=5, ts=5, x0=178447784
P3, tp=5, ts=5, x0=399120484, x1=88988497
P3, tp=5, ts=5, x0=619011997, x1=876481877
P1, tp=5, ts=5, x0=269660228
P0, tp=5, ts=5
P1, tp=5, ts=5, x0=568346948
P3, tp=5, ts=5, x0=26454236, x1=777602721
P3, tp=5, ts=5, x0=193706648, x1=845674636
P2, tp=5, ts=5, x0=982080583, x1=178447784
P1, tp=5, ts=5, x0=845674636
P3, tp=5, ts=5, x0=623542647, x1=721663097
P1, tp=5, ts=5, x0=94143331
P2, tp=5, ts=5, x0=70844238, x1=383406018
P2, tp=5, ts=5, x0=594189553, x1=513647090
P2, tp=5, ts=5, x0=876481877, x1=525876842
P0, tp=5, ts=5
P3, tp=5, ts=5, x0=297115197, x1=383406018
P3, tp=5, ts=5, x0=651352390, x1=26454236
P2, tp=5, ts=5, x0=106778167, x1=351192341
P3, tp=5, ts=5, x0=789142657, x1=226466265
P3, tp=5, ts=5, x0=836941184, x1=932420093
P3, tp=5, ts=5, x0=932420093, x1=513647090
P0, tp=5, ts=5
P2, tp=5, ts=5, x0=239002531, x1=282094763
P0, tp=5, ts=5
P3, tp=5, ts=5, x0=952987397, x1=744792064
P3, tp=5, ts=5, x0=247669909, x1=282094763
P1, tp=5, ts=5, x0=515488298
P3, tp=5, ts=5, x0=841489267, x1=932420093
P0, tp=5, ts=5
P0, tp=5, ts=5
P1, tp=5, ts=5, x0=406842900
P2, tp=5, ts=5, x0=709641777, x1=91344904
P2, tp=5, ts=5, x0=668394239, x1=210273246
P3, tp=5, ts=5, x0=252022855, x1=111123091
P1, tp=5, ts=5, x0=525876842
P2, tp=5, ts=5, x0=940602364, x1=782588046
P1, tp=5, ts=5, x0=269660228
P1, tp=5, ts=5, x0=505708687
P3, tp=5, ts=5, x0=230944434, x1=619011997
P0, tp=5, ts=5
P1, tp=5, ts=5, x0=480240985
P1, tp=5, ts=5, x0=217165976
P3, tp=5, ts=5, x0=595369293, x1=619011997
P1, tp=5, ts=5, x0=744792064
P3, tp=5, ts=5, x0=982080583, x1=26454236
P3, tp=5, ts=5, x0=595470176, x1=9458546
P1, tp=5, ts=5, x0=239002531
P2, tp=5, ts=5, x0=193706648, x1=9458546
P3, tp=5, ts=5, x0=982080583, x1=106778167
P1, tp=5, ts=5, x0=836941184
P0, tp=5, ts=5
P1, tp=5, ts=5, x0=829266065
P0, tp=5, ts=5
P0, tp=5, ts=5
P2, tp=5, ts=5, x0=155339606, x1=829266065
P0, tp=5, ts=5
P1, tp=5, ts=5, x0=651352390
P3, tp=5, ts=5, x0=504523701, x1=996880935
P1, tp=5, ts=5, x0=106778167
P3, tp=5, ts=5, x0=595470176, x1=336760513
P2, tp=5, ts=5, x0=439055059, x1=107111693
P2, tp=5, ts=5, x0=651352390, x1=70844238
P2, tp=5, ts=5, x0=91344904, x1=406842900
P0, tp=5, ts=5
P1, tp=5, ts=5, x0=897962761
P1, tp=5, ts=5, x0=505708687
P2, tp=5, ts=5, x0=480240985, x1=64353212
P3, tp=5, ts=5, x0=406842900, x1=795788526
P3, tp=5, ts=5, x0=716910030, x1=233427644
P1, tp=5, ts=5, x0=716910030
P1, tp=5, ts=5, x0=149134593
P2, tp=5, ts=5, x0=595470176, x1=399120484
P2, tp=5, ts=5, x0=480240985, x1=515488298
P0, tp=5, ts=5
P2, tp=5, ts=5, x0=966303282, x1=336760513
P0, tp=5, ts=5
P2, tp=5, ts=5, x0=194621906, x1=247669909
P3, tp=5, ts=5, x0=252022855, x1=513647090
P0, tp=5, ts=5
P2, tp=5, ts=5, x0=915049420, x1=702625064
P1, tp=5, ts=5, x0=226466265
P0, tp=5, ts=5
P3, tp=5, ts=5, x0=8537553, x1=161191281
P2, tp=5, ts=5, x0=525876842, x1=9458546
P0, tp=5, ts=5
P3, tp=5, ts=5, x0=439055059, x1=981720470
P1, tp=5, ts=5, x0=956822708
P1, tp=5, ts=5, x0=841489267
P2, tp=5, ts=5, x0=252022855, x1=177329888
P3, tp=5, ts=5, x0=721663097, x1=91344904
P3, tp=5, ts=5, x0=177329888, x1=468306960
P2, tp=5, ts=5, x0=693030564, x1=940602364
P0, tp=5, ts=5
P1, tp=5, ts=5, x0=940602364
P0, tp=5, ts=5
P0, tp=5, ts=5
P2, tp=5, ts=5, x0=940602364, x1=64353212
P3, tp=5, ts=5, x0=282094763, x1=70844238
P0, tp=5, ts=5
P2, tp=5, ts=5, x0=740989092, x1=625476605
P1, tp=5, ts=5, x0=16265941
P1, tp=5, ts=5, x0=252022855
P0, tp=5, ts=5
P2, tp=5, ts=5, x0=252022855, x1=468306960
P3, tp=5, ts=5, x0=956822708, x1=876481877
P0, tp=5, ts=5
P1, tp=5, ts=5, x0=744792064
P2, tp=5, ts=5, x0=136918708, x1=595369293
P3, tp=5, ts=5, x0=107111693, x1=526820959
P0, tp=5, ts=5
P2, tp=5, ts=5, x0=112976504, x1=135466172
P2, tp=5, ts=5, x0=51786083, x1=378025987
P1, tp=5, ts=5, x0=841489267
P1, tp=5, ts=5, x0=932420093
P0, tp=5, ts=5
P2, tp=5, ts=5, x0=230944434, x1=239002531
P0, tp=5, ts=5
P2, tp=5, ts=5, x0=716910030, x1=982080583
P2, tp=5, ts=5, x0=836941184, x1=709641777
P2, tp=5, ts=5, x0=871415145, x1=795788526
P3, tp=5, ts=5, x0=886888726, x1=744792064
P1, tp=5, ts=5, x0=709641777
P1, tp=5, ts=5, x0=351192341
P3, tp=5, ts=5, x0=178447784, x1=252022855
P1, tp=5, ts=5, x0=871415145
P2, tp=5, ts=5, x0=51786083, x1=334636178
P1, tp=5, ts=5, x0=64353212
P1, tp=5, ts=5, x0=996880935
P0, tp=6, ts=6
P2, tp=6, ts=6, x0=252022855, x1=480240985
P1, tp=6, ts=6, x0=297115197
P2, tp=6, ts=6, x0=91344904, x1=94143331
P2, tp=6, ts=6, x0=595369293, x1=513647090
P2, tp=6, ts=6, x0=149134593, x1=626788532
P1, tp=6, ts=6, x0=91344904
P1, tp=6, ts=6, x0=351192341
P0, tp=6, ts=6
P3, tp=6, ts=6, x0=777602721, x1=383406018
P2, tp=6, ts=6, x0=626788532, x1=568346948
P1, tp=6, ts=6, x0=8537553
P0, tp=6, ts=6
P2, tp=6, ts=6, x0=135466172, x1=233427644
P3, tp=6, ts=6, x0=91344904, x1=651352390
P2, tp=6, ts=6, x0=136918708, x1=736203974
P3, tp=6, ts=6, x0=136918708, x1=982080583
P0, tp=6, ts=6
P3, tp=6, ts=6, x0=43237217, x1=795788526
P1, tp=6, ts=6, x0=940602364
P0, tp=6, ts=6
P2, tp=6, ts=6, x0=135466172, x1=275897331
P2, tp=6, ts=6, x0=996880935, x1=505708687
P1, tp=6, ts=6, x0=591364332
P1, tp=6, ts=6, x0=981720470
P2, tp=6, ts=6, x0=525876842, x1=625476605
P0, tp=6, ts=6
P1, tp=6, ts=6, x0=956822708
P2, tp=6, ts=6, x0=883172188, x1=996880935
P2, tp=6, ts=6, x0=557033012, x1=871415145
P1, tp=6, ts=6, x0=795788526
P0, tp=6, ts=6
P0, tp=6, ts=6
P2, tp=6, ts=6, x0=26454236, x1=135466172
P1, tp=6, ts=6, x0=213655767
P3, tp=6, ts=6, x0=885233413, x1=155339606
P3, tp=6, ts=6, x0=625476605, x1=967373649
P1, tp=6, ts=6, x0=88988497
P0, tp=6, ts=6
P2, tp=6, ts=6, x0=351192341, x1=91344904
P2, tp=6, ts=6, x0=674342878, x1=525876842
P0, tp=6, ts=6
P0, tp=6, ts=6
P3, tp=6, ts=6, x0=557033012, x1=26454236
P2, tp=6, ts=6, x0=744792064, x1=621169062
P2, tp=6, ts=6, x0=505708687, x1=226466265
P0, tp=6, ts=6
P2, tp=6, ts=6, x0=451407445, x1=886888726
P0, tp=6, ts=6
P2, tp=6, ts=6, x0=621169062, x1=560973240
P0, tp=6, ts=6
P1, tp=6, ts=6, x0=828415473
P1, tp=6, ts=6, x0=91344904
P1, tp=6, ts=6, x0=26454236
P2, tp=6, ts=6, x0=595369293, x1=451407445
P0, tp=6, ts=6
P2, tp=6, ts=6, x0=591364332, x1=196541374
P2, tp=6, ts=6, x0=633522603, x1=633522603
P3, tp=6, ts=6, x0=468306960, x1=217165976
P2, tp=6, ts=6, x0=996880935, x1=836941184
P0, tp=6, ts=6
P3, tp=6, ts=6, x0=619011997, x1=795788526
P1, tp=6, ts=6, x0=210273246
P1, tp=6, ts=6, x0=932420093
P0, tp=6, ts=6
P0, tp=6, ts=6
P3, tp=6, ts=6, x0=841489267, x1=135466172
P0, tp=6, ts=6
P0, tp=6, ts=6
P1, tp=6, ts=6, x0=155339606
P1, tp=6, ts=6, x0=135466172
P1, tp=6, ts=6, x0=297115197
P1, tp=6, ts=6, x0=282094763
P0, tp=6, ts=6
P2, tp=6, ts=6, x0=111123091, x1=505708687
P2, tp=6, ts=6, x0=566174730, x1=886888726
P2, tp=6, ts=6, x0=932420093, x1=736203974
P2, tp=6, ts=6, x0=525876842, x1=321037901
P0, tp=6, ts=6
P0, tp=6, ts=6
P2, tp=6, ts=6, x0=106778167, x1=982080583
P1, tp=6, ts=6, x0=633522603
P0, tp=6, ts=6
P1, tp=6, ts=6, x0=70844238
P3, tp=6, ts=6, x0=871415145, x1=13937533
P0, tp=6, ts=6
P2, tp=6, ts=6, x0=982080583, x1=885233413
P3, tp=6, ts=6, x0=885233413, x1=841489267
P2, tp=6, ts=6, x0=623542647, x1=525876842
P2, tp=6, ts=6, x0=541793764, x1=26454236
P0, tp=6, ts=6
P2, tp=6, ts=6, x0=633522603, x1=210273246
P2, tp=6, ts=6, x0=876481877, x1=88988497
P2, tp=6, ts=6, x0=439055059, x1=91344904
P3, tp=6, ts=6, x0=196541374, x1=992498338
P0, tp=6, ts=6
P0, tp=6, ts=6
P3, tp=6, ts=6, x0=996880935, x1=210273246
P0, tp=6, ts=6
P0, tp=6, ts=6
P1, tp=6, ts=6, x0=525876842
P0, tp=6, ts=6
P2, tp=6, ts=6, x0=668394239, x1=88988497
P2, tp=6, ts=6, x0=693030564, x1=105960860
P3, tp=6, ts=6, x0=13937533, x1=897962761
P0, tp=6, ts=6
P2, tp=6, ts=6, x0=94143331, x1=915049420
P1, tp=6, ts=6, x0=956822708
P2, tp=6, ts=6, x0=226466265, x1=566174730
P0, tp=6, ts=6
P2, tp=6, ts=6, x0=702625064, x1=560973240
P3, tp=6, ts=6, x0=155967104, x1=595369293
P3, tp=6, ts=6, x0=836941184, x1=557033012
P0, tp=6, ts=6
P1, tp=6, ts=6, x0=213655767
P3, tp=6, ts=6, x0=239002531, x1=668394239
P0, tp=6, ts=6
P2, tp=6, ts=6, x0=789340274, x1=674342878
P2, tp=6, ts=6, x0=633522603, x1=915049420
P3, tp=6, ts=6, x0=904188454, x1=253147927
P0, tp=6, ts=6
P3, tp=6, ts=6, x0=591364332, x1=876481877
P0, tp=6, ts=6
P2, tp=6, ts=6, x0=716910030, x1=876481877
P2, tp=6, ts=6, x0=383406018, x1=468306960
P1, tp=6, ts=6, x0=956822708
P2, tp=6, ts=6, x0=107111693, x1=380858942
P1, tp=6, ts=6, x0=795788526
P0, tp=6, ts=6
P3, tp=6, ts=6, x0=897962761, x1=885233413
P3, tp=6, ts=6, x0=468306960, x1=196541374
P2, tp=6, ts=6, x0=709641777, x1=591364332
P1, tp=6, ts=6, x0=956822708
P0, tp=6, ts=6
P0, tp=6, ts=6
P1, tp=6, ts=6, x0=619011997
P3, tp=6, ts=6, x0=8537553, x1=886888726
P0, tp=6, ts=6
P2, tp=6, ts=6, x0=367568060, x1=367568060
P3, tp=6, ts=6, x0=406842900, x1=885233413
P0, tp=6, ts=6
P1, tp=6, ts=6, x0=226466265
P2, tp=6, ts=6, x0=702625064, x1=777602721
P2, tp=6, ts=6, x0=64353212, x1=468306960
P1, tp=6, ts=6, x0=589937967
P0, tp=6, ts=6
P2, tp=6, ts=6, x0=177186927, x1=915049420
P3, tp=6, ts=6, x0=936007018, x1=107111693
P0, tp=6, ts=6
P3, tp=6, ts=6, x0=828415473, x1=716910030
P2, tp=6, ts=6, x0=693030564, x1=702625064
P2, tp=6, ts=6, x0=468306960, x1=736203974
P1, tp=6, ts=6, x0=383406018
P1, tp=6, ts=6, x0=589937967
P3, tp=6, ts=6, x0=177186927, x1=668394239
P1, tp=6, ts=6, x0=886888726
P0, tp=6, ts=6
P2, tp=6, ts=6, x0=161191281, x1=230944434
P1, tp=6, ts=6, x0=992498338
P1, tp=6, ts=6, x0=591364332
P1, tp=6, ts=6, x0=566174730
P2, tp=6, ts=6, x0=468306960, x1=619011997
P3, tp=6, ts=6, x0=107111693, x1=541793764
P2, tp=6, ts=6, x0=321037901, x1=740989092
P0, tp=6, ts=6
P0, tp=6, ts=6
P2, tp=6, ts=6, x0=568346948, x1=224906571
P3, tp=6, ts=6, x0=128228522, x1=702625064
P3, tp=6, ts=6, x0=932420093, x1=956822708
P1, tp=6, ts=6, x0=557033012
P0, tp=6, ts=6
P2, tp=6, ts=6, x0=16265941, x1=504523701
P1, tp=6, ts=6, x0=651352390
P1, tp=6, ts=6, x0=932420093
P0, tp=6, ts=6
P1, tp=6, ts=6, x0=893893293
P0, tp=6, ts=6
P0, tp=6, ts=6
P3, tp=6, ts=6, x0=777602721, x1=406842900
P1, tp=6, ts=6, x0=51786083
P1, tp=6, ts=6, x0=380858942
P3, tp=6, ts=6, x0=967373649, x1=155967104
P3, tp=6, ts=6, x0=135466172, x1=239002531
P2, tp=6, ts=6, x0=716910030, x1=701446546
P3, tp=6, ts=6, x0=16265941, x1=886888726
P0, tp=6, ts=6
P3, tp=6, ts=6, x0=504523701, x1=334636178
P0, tp=6, ts=6
P2, tp=6, ts=6, x0=177186927, x1=560973240
P1, tp=6, ts=6, x0=595369293
P1, tp=6, ts=6, x0=568346948
P2, tp=6, ts=6, x0=161191281, x1=932420093
P3, tp=6, ts=6, x0=651352390, x1=218548375
P0, tp=6, ts=6
P1, tp=6, ts=6, x0=43237217
P2, tp=6, ts=6, x0=702625064, x1=566174730
P1, tp=6, ts=6, x0=557033012
P0, tp=6, ts=6
P3, tp=6, ts=6, x0=595369293, x1=704427958
P3, tp=6, ts=6, x0=239002531, x1=106778167
P0, tp=6, ts=6
P1, tp=6, ts=6, x0=651352390
P0, tp=6, ts=6
P1, tp=6, ts=6, x0=541793764
P3, tp=6, ts=6, x0=217165976, x1=107111693
P1, tp=6, ts=6, x0=513647090
P3, tp=6, ts=6, x0=111123091, x1=275897331
P0, tp=6, ts=6
P3, tp=6, ts=6, x0=883172188, x1=383406018
P1, tp=6, ts=6, x0=761806304
P1, tp=6, ts=6, x0=956822708
P2, tp=6, ts=6, x0=764925690, x1=336760513
P1, tp=6, ts=6, x0=595369293
P1, tp=6, ts=6, x0=344440560
P2, tp=6, ts=6, x0=367568060, x1=111123091
P0, tp=6, ts=6
P1, tp=6, ts=6, x0=336760513
P3, tp=6, ts=6, x0=377567995, x1=94143331
P1, tp=6, ts=6, x0=13937533
P1, tp=6, ts=6, x0=956822708
P3, tp=6, ts=6, x0=406842900, x1=112976504
P3, tp=6, ts=6, x0=504523701, x1=541793764
P0, tp=6, ts=6
P1, tp=6, ts=6, x0=589937967
P1, tp=6, ts=6, x0=716910030
P0, tp=6, ts=6
P0, tp=6, ts=6
P0, tp=6, ts=6
P0, tp=6, ts=6
P2, tp=6, ts=6, x0=566174730, x1=595369293
P0, tp=6, ts=6
P0, tp=6, ts=6
P2, tp=6, ts=6, x0=177186927, x1=541793764
P2, tp=6, ts=6, x0=740989092, x1=321037901
P2, tp=6, ts=6, x0=107111693, x1=43237217
P0, tp=6, ts=6
P1, tp=6, ts=6, x0=94143331
P0, tp=6, ts=6
P0, tp=6, ts=6
P1, tp=6, ts=6, x0=196541374
P0, tp=6, ts=6
P3, tp=6, ts=6, x0=336760513, x1=541793764
P0, tp=6, ts=6
P0, tp=6, ts=6
P1, tp=6, ts=6, x0=513647090
P0, tp=6, ts=6
P3, tp=6, ts=6, x0=155967104, x1=701446546
P1, tp=6, ts=6, x0=871415145
P1, tp=6, ts=6, x0=196541374
P2, tp=6, ts=6, x0=566174730, x1=557033012
P0, tp=6, ts=6
P2, tp=6, ts=6, x0=177186927, x1=226466265
P2, tp=6, ts=6, x0=218548375, x1=560973240
P3, tp=6, ts=6, x0=761806304, x1=253147927
P1, tp=6, ts=6, x0=744792064
P2, tp=6, ts=6, x0=105960860, x1=886888726
P3, tp=6, ts=6, x0=105960860, x1=701446546
P2, tp=6, ts=6, x0=789142657, x1=155339606
P1, tp=6, ts=6, x0=367568060
P2, tp=6, ts=6, x0=321037901, x1=23511654
P2, tp=6, ts=6, x0=886888726, x1=195915514
P3, tp=6, ts=6, x0=541793764, x1=921382694
P1, tp=6, ts=6, x0=155967104
P0, tp=6, ts=6
P1, tp=6, ts=6, x0=702625064
P3, tp=6, ts=6, x0=572143154, x1=886888726
P0, tp=6, ts=6
P2, tp=6, ts=6, x0=308137186, x1=836941184
P1, tp=6, ts=6, x0=736203974
P3, tp=6, ts=6, x0=893893293, x1=981720470
P2, tp=6, ts=6, x0=625476605, x1=91344904
P1, tp=6, ts=6, x0=701446546
P0, tp=6, ts=6
P3, tp=6, ts=6, x0=541793764, x1=380858942
P3, tp=6, ts=6, x0=736203974, x1=210273246
P2, tp=6, ts=6, x0=764184679, x1=836941184
P3, tp=6, ts=6, x0=23511654, x1=897962761
P1, tp=6, ts=6, x0=789340274
P2, tp=6, ts=6, x0=131020436, x1=789340274
P3, tp=6, ts=6, x0=149134593, x1=23511654
P1, tp=6, ts=6, x0=736203974
P2, tp=6, ts=6, x0=701446546, x1=181739991
P0, tp=6, ts=6
P0, tp=6, ts=6
P3, tp=6, ts=6, x0=51786083, x1=668394239
P2, tp=6, ts=6, x0=505708687, x1=595369293
P2, tp=6, ts=6, x0=91344904, x1=468306960
P0, tp=6, ts=6
P3, tp=6, ts=6, x0=513647090, x1=43237217
P3, tp=6, ts=6, x0=619011997, x1=701446546
P1, tp=6, ts=6, x0=218548375
P3, tp=6, ts=6, x0=915049420, x1=380858942
P1, tp=6, ts=6, x0=8537553
P3, tp=6, ts=6, x0=709641777, x1=876481877
P3, tp=6, ts=6, x0=282094763, x1=91344904
P0, tp=6, ts=6
P0, tp=6, ts=6
P3, tp=6, ts=6, x0=181739991, x1=468306960
P0, tp=6, ts=6
P2, tp=6, ts=6, x0=282094763, x1=702625064
P3, tp=6, ts=6, x0=339497191, x1=568346948
P1, tp=6, ts=6, x0=883172188
P2, tp=6, ts=6, x0=883172188, x1=915049420
P0, tp=6, ts=6
P2, tp=6, ts=6, x0=621169062, x1=70844238
P2, tp=6, ts=6, x0=885233413, x1=983436499
P0, tp=6, ts=6
P0, tp=6, ts=6
P3, tp=6, ts=6, x0=836941184, x1=451407445
P1, tp=6, ts=6, x0=709641777
P2, tp=6, ts=6, x0=155967104, x1=108112204
P2, tp=6, ts=6, x0=956822708, x1=674342878
P2, tp=6, ts=6, x0=513647090, x1=452790618
P3, tp=6, ts=6, x0=253147927, x1=828415473
P1, tp=6, ts=6, x0=57653800
P3, tp=6, ts=6, x0=595369293, x1=952987397
P1, tp=6, ts=6, x0=924324086
P0, tp=6, ts=6
P1, tp=6, ts=6, x0=924324086
P2, tp=6, ts=6, x0=107111693, x1=43237217
P1, tp=6, ts=6, x0=761806304
P3, tp=6, ts=6, x0=252022855, x1=560973240
P3, tp=6, ts=6, x0=252022855, x1=23511654
P3, tp=6, ts=6, x0=43237217, x1=893893293
P3, tp=6, ts=6, x0=4169698, x1=936007018
P1, tp=6, ts=6, x0=591364332
P3, tp=6, ts=6, x0=479414963, x1=217165976
P2, tp=6, ts=6, x0=177186927, x1=626788532
P3, tp=6, ts=6, x0=470452467, x1=367568060
P0, tp=6, ts=6
P3, tp=6, ts=6, x0=479414963, x1=155967104
P2, tp=6, ts=6, x0=893893293, x1=505708687
P1, tp=6, ts=6, x0=513647090
P2, tp=6, ts=6, x0=4169698, x1=149134593
P2, tp=6, ts=6, x0=155967104, x1=367568060
P3, tp=6, ts=6, x0=921382694, x1=224906571
P1, tp=6, ts=6, x0=836941184
P3, tp=6, ts=6, x0=740482629, x1=608500021
P3, tp=6, ts=6, x0=541793764, x1=595369293
P1, tp=6, ts=6, x0=177186927
P0, tp=6, ts=6
P0, tp=6, ts=6
P2, tp=6, ts=6, x0=218548375, x1=915049420
P2, tp=6, ts=6, x0=501896445, x1=149134593
P3, tp=6, ts=6, x0=568346948, x1=709641777
P1, tp=6, ts=6, x0=932420093
P3, tp=6, ts=6, x0=709641777, x1=983436499
P0, tp=6, ts=6
P0, tp=6, ts=6
P2, tp=6, ts=6, x0=224906571, x1=789340274
P2, tp=6, ts=6, x0=513647090, x1=111123091
P1, tp=6, ts=6, x0=633522603
P2, tp=6, ts=6, x0=377567995, x1=468306960
P3, tp=6, ts=6, x0=572143154, x1=572143154
P0, tp=6, ts=6
P1, tp=6, ts=6, x0=764184679
P1, tp=6, ts=6, x0=504523701
P0, tp=6, ts=6
P2, tp=6, ts=6, x0=789142657, x1=709641777
P1, tp=6, ts=6, x0=702625064
P3, tp=6, ts=6, x0=591364332, x1=107111693
P2, tp=6, ts=6, x0=131020436, x1=981720470
P2, tp=6, ts=6, x0=709641777, x1=572143154
P3, tp=6, ts=6, x0=144104258, x1=967373649
P2, tp=6, ts=6, x0=112976504, x1=764925690
P3, tp=6, ts=6, x0=451407445, x1=26454236
P1, tp=6, ts=6, x0=541793764
P2, tp=6, ts=6, x0=621169062, x1=541793764
P0, tp=6, ts=6
P3, tp=6, ts=6, x0=893893293, x1=764925690
P1, tp=6, ts=6, x0=893893293
P2, tp=6, ts=6, x0=572143154, x1=633522603
P3, tp=6, ts=6, x0=904188454, x1=736203974
P1, tp=6, ts=6, x0=513647090
P0, tp=6, ts=6
P3, tp=6, ts=6, x0=591364332, x1=626788532
P2, tp=6, ts=6, x0=13937533, x1=613979073
P1, tp=6, ts=6, x0=626788532
P1, tp=6, ts=6, x0=572143154
P2, tp=6, ts=6, x0=709641777, x1=883172188
P0, tp=6, ts=6
P2, tp=6, ts=6, x0=617974819, x1=213655767
P1, tp=6, ts=6, x0=608500021
P3, tp=6, ts=6, x0=764925690, x1=709641777
P0, tp=6, ts=6
P2, tp=6, ts=6, x0=452790618, x1=701446546
P2, tp=6, ts=6, x0=591364332, x1=308137186
P1, tp=6, ts=6, x0=500383292
P2, tp=6, ts=6, x0=924324086, x1=479414963
P0, tp=6, ts=6
P3, tp=6, ts=6, x0=253147927, x1=789340274
P2, tp=6, ts=6, x0=568346948, x1=217165976
P3, tp=6, ts=6, x0=252022855, x1=334636178
P0, tp=6, ts=6
P0, tp=6, ts=6
P2, tp=6, ts=6, x0=500383292, x1=956822708
P2, tp=6, ts=6, x0=282094763, x1=406842900
P2, tp=6, ts=6, x0=621169062, x1=595369293
P0, tp=6, ts=6
P3, tp=6, ts=6, x0=885233413, x1=8537553
P1, tp=6, ts=6, x0=595369293
P0, tp=6, ts=6
P3, tp=6, ts=6, x0=617974819, x1=764184679
P0, tp=6, ts=6
P1, tp=6, ts=6, x0=155967104
P0, tp=6, ts=6
P2, tp=6, ts=6, x0=883172188, x1=344440560
P3, tp=6, ts=6, x0=915049420, x1=617974819
P2, tp=6, ts=6, x0=761806304, x1=297115197
P1, tp=6, ts=6, x0=535143151
P3, tp=6, ts=6, x0=736203974, x1=261204615
P3, tp=6, ts=6, x0=693030564, x1=702625064
P3, tp=6, ts=6, x0=505708687, x1=91344904
P3, tp=6, ts=6, x0=195915514, x1=598474596
P2, tp=6, ts=6, x0=94143331, x1=744792064
P1, tp=6, ts=6, x0=530343416
P3, tp=6, ts=6, x0=762680907, x1=252022855
P2, tp=6, ts=6, x0=789340274, x1=617974819
P1, tp=6, ts=6, x0=871415145
P0, tp=6, ts=6
P2, tp=6, ts=6, x0=572143154, x1=94143331
P1, tp=6, ts=6, x0=181739991
P3, tp=6, ts=6, x0=789340274, x1=740989092
P0, tp=6, ts=6
P3, tp=6, ts=6, x0=885233413, x1=990081632
P2, tp=6, ts=6, x0=479414963, x1=626788532
P1, tp=6, ts=6, x0=144104258
P0, tp=6, ts=6
P1, tp=6, ts=6, x0=504523701
P1, tp=6, ts=6, x0=789340274
P3, tp=6, ts=6, x0=740482629, x1=344440560
P2, tp=6, ts=6, x0=613979073, x1=213655767
P3, tp=6, ts=6, x0=885233413, x1=297115197
P1, tp=6, ts=6, x0=740989092
P0, tp=6, ts=6
P0, tp=6, ts=6
P2, tp=6, ts=6, x0=744792064, x1=181739991
P0, tp=6, ts=6
P2, tp=6, ts=6, x0=936007018, x1=91344904
P1, tp=6, ts=6, x0=828415473
P0, tp=6, ts=6
P3, tp=6, ts=6, x0=893893293, x1=595369293
P1, tp=6, ts=6, x0=43237217
P3, tp=6, ts=6, x0=621169062, x1=155967104
P1, tp=6, ts=6, x0=591364332
P1, tp=6, ts=6, x0=367568060
P3, tp=6, ts=6, x0=604560246, x1=530343416
P3, tp=6, ts=6, x0=400188003, x1=885233413
P2, tp=6, ts=6, x0=213655767, x1=155967104
P3, tp=6, ts=6, x0=764925690, x1=94143331
P3, tp=6, ts=6, x0=400188003, x1=504523701
P3, tp=6, ts=6, x0=108112204, x1=843468459
P2, tp=6, ts=6, x0=468306960, x1=479414963
P2, tp=6, ts=6, x0=990081632, x1=871415145
P2, tp=6, ts=6, x0=195915514, x1=915049420
P3, tp=6, ts=6, x0=674342878, x1=406842900
P3, tp=6, ts=6, x0=91344904, x1=530343416
P3, tp=6, ts=6, x0=828415473, x1=568581665
P2, tp=6, ts=6, x0=185292178, x1=70844238
P1, tp=6, ts=6, x0=468306960
P0, tp=6, ts=6
P3, tp=6, ts=6, x0=904188454, x1=621169062
P3, tp=6, ts=6, x0=668394239, x1=598474596
P2, tp=6, ts=6, x0=568746433, x1=57653800
P3, tp=6, ts=6, x0=967373649, x1=604560246
P0, tp=6, ts=6
P2, tp=6, ts=6, x0=135466172, x1=252022855
P3, tp=6, ts=6, x0=247600319, x1=155967104
P0, tp=6, ts=6
P3, tp=6, ts=6, x0=245009023, x1=595369293
P1, tp=6, ts=6, x0=613979073
P0, tp=6, ts=6
P0, tp=6, ts=6
P0, tp=6, ts=6
P0, tp=6, ts=6
P3, tp=6, ts=6, x0=377567995, x1=16265941
P1, tp=6, ts=6, x0=217165976
P0, tp=6, ts=6
P2, tp=6, ts=6, x0=527146384, x1=598474596
P3, tp=6, ts=6, x0=133165140, x1=452790618
P3, tp=6, ts=6, x0=218548375, x1=572143154
P1, tp=6, ts=6, x0=500383292
P0, tp=6, ts=6
P0, tp=6, ts=6
P2, tp=6, ts=6, x0=181739991, x1=513647090
P1, tp=6, ts=6, x0=269043948
P3, tp=6, ts=6, x0=921382694, x1=789340274
P1, tp=6, ts=6, x0=135466172
P3, tp=6, ts=6, x0=108112204, x1=4169698
P0, tp=6, ts=6
P3, tp=6, ts=6, x0=213655767, x1=158989396
P3, tp=6, ts=6, x0=470452467, x1=367568060
P1, tp=6, ts=6, x0=282094763
P3, tp=6, ts=6, x0=828415473, x1=380858942
P1, tp=6, ts=6, x0=135466172
P0, tp=6, ts=6
P2, tp=6, ts=6, x0=400188003, x1=282094763
P3, tp=6, ts=6, x0=218548375, x1=468306960
P3, tp=6, ts=6, x0=227503296, x1=377567995
P3, tp=6, ts=6, x0=377567995, x1=106778167
P3, tp=6, ts=6, x0=272933059, x1=633522603
P2, tp=6, ts=6, x0=449880464, x1=885233413
P0, tp=6, ts=6
P0, tp=6, ts=6
P0, tp=6, ts=6
P1, tp=6, ts=6, x0=761806304
P2, tp=6, ts=6, x0=13937533, x1=253147927
P2, tp=6, ts=6, x0=843468459, x1=227503296
P0, tp=6, ts=6
P1, tp=6, ts=6, x0=764184679
P1, tp=6, ts=6, x0=621169062
P0, tp=6, ts=6
P3, tp=6, ts=6, x0=31950599, x1=762680907
P1, tp=6, ts=6, x0=535143151
P1, tp=6, ts=6, x0=983436499
P3, tp=6, ts=6, x0=967373649, x1=568581665
P2, tp=6, ts=6, x0=736203974, x1=764184679
P3, tp=6, ts=6, x0=291760023, x1=4169698
P3, tp=6, ts=6, x0=252022855, x1=841125469
P0, tp=6, ts=6
P2, tp=6, ts=6, x0=291760023, x1=128228522
P2, tp=6, ts=6, x0=617974819, x1=470452467
P0, tp=6, ts=6
P3, tp=6, ts=6, x0=377567995, x1=617974819
P3, tp=6, ts=6, x0=983436499, x1=674342878
P1, tp=6, ts=6, x0=269043948
P2, tp=6, ts=6, x0=252022855, x1=105960860
P2, tp=6, ts=6, x0=740989092, x1=344440560
P0, tp=6, ts=6
P3, tp=6, ts=6, x0=572143154, x1=527146384
P3, tp=6, ts=6, x0=255273009, x1=604560246
P0, tp=6, ts=6
P3, tp=6, ts=6, x0=239002531, x1=764925690
P2, tp=6, ts=6, x0=674342878, x1=541793764
P1, tp=6, ts=6, x0=70844238
P3, tp=6, ts=6, x0=762680907, x1=344440560
P3, tp=6, ts=6, x0=604560246, x1=308137186
P2, tp=6, ts=6, x0=828415473, x1=625476605
P3, tp=6, ts=6, x0=983436499, x1=936007018
P0, tp=6, ts=6
P1, tp=6, ts=6, x0=936007018
P1, tp=6, ts=6, x0=334636178
P3, tp=6, ts=6, x0=568581665, x1=500383292
P3, tp=6, ts=6, x0=604560246, x1=568746433
P1, tp=6, ts=6, x0=990081632
P2, tp=6, ts=6, x0=967373649, x1=530343416
P0, tp=6, ts=6
P0, tp=6, ts=6
P2, tp=6, ts=6, x0=282094763, x1=468306960
P1, tp=6, ts=6, x0=560973240
P3, tp=6, ts=6, x0=764184679, x1=269043948
P0, tp=6, ts=6
P2, tp=6, ts=6, x0=828415473, x1=269623304
P0, tp=6, ts=6
P1, tp=6, ts=6, x0=967373649
P1, tp=6, ts=6, x0=217165976
P1, tp=6, ts=6, x0=128228522
P2, tp=6, ts=6, x0=617974819, x1=479414963
P0, tp=6, ts=6
P3, tp=6, ts=6, x0=451407445, x1=158989396
P1, tp=6, ts=6, x0=598474596
P0, tp=6, ts=6
P2, tp=6, ts=6, x0=967373649, x1=740482629
P1, tp=6, ts=6, x0=560973240
P0, tp=6, ts=6
P1, tp=6, ts=6, x0=617974819
P3, tp=6, ts=6, x0=530343416, x1=936007018
P1, tp=6, ts=6, x0=57653800
P0, tp=6, ts=6
P2, tp=6, ts=6, x0=449880464, x1=105960860
P0, tp=6, ts=6
P2, tp=6, ts=6, x0=883172188, x1=527146384
P2, tp=6, ts=6, x0=967373649, x1=843468459
P1, tp=6, ts=6, x0=105960860
P3, tp=6, ts=6, x0=272933059, x1=269043948
P0, tp=6, ts=6
P0, tp=6, ts=6
P3, tp=6, ts=6, x0=541793764, x1=255273009
P1, tp=6, ts=6, x0=8537553
P3, tp=6, ts=6, x0=650362771, x1=789340274
P1, tp=6, ts=6, x0=239002531
P2, tp=6, ts=6, x0=701446546, x1=764184679
P0, tp=6, ts=6
P1, tp=6, ts=6, x0=239002531
P0, tp=6, ts=6
P0, tp=6, ts=6
P2, tp=6, ts=6, x0=57653800, x1=367568060
P1, tp=6, ts=6, x0=23511654
P1, tp=6, ts=6, x0=764184679
P0, tp=6, ts=6
P2, tp=6, ts=6, x0=883172188, x1=213655767
P1, tp=6, ts=6, x0=269623304
P0, tp=6, ts=6
P3, tp=6, ts=6, x0=144104258, x1=762680907
P3, tp=6, ts=6, x0=983436499, x1=500383292
P3, tp=6, ts=6, x0=500383292, x1=70844238
P1, tp=6, ts=6, x0=983436499
P3, tp=6, ts=6, x0=983436499, x1=470452467
P0, tp=6, ts=6
P3, tp=6, ts=6, x0=709641777, x1=52043129
P2, tp=6, ts=6, x0=936007018, x1=885233413
P3, tp=6, ts=6, x0=321037901, x1=451407445
P3, tp=6, ts=6, x0=133165140, x1=94143331
P1, tp=6, ts=6, x0=500383292
P0, tp=6, ts=6
P2, tp=6, ts=6, x0=963393648, x1=650362771
P1, tp=6, ts=6, x0=23511654
P0, tp=6, ts=6
P3, tp=6, ts=6, x0=253147927, x1=591364332
P0, tp=6, ts=6
P0, tp=6, ts=6
P1, tp=6, ts=6, x0=291760023
P2, tp=6, ts=6, x0=321037901, x1=108112204
P0, tp=6, ts=6
P0, tp=6, ts=6
P0, tp=6, ts=6
P2, tp=6, ts=6, x0=227503296, x1=181739991
P2, tp=6, ts=6, x0=213655767, x1=764925690
P1, tp=6, ts=6, x0=983436499
P3, tp=6, ts=6, x0=255273009, x1=761806304
P1, tp=6, ts=6, x0=133165140
P0, tp=6, ts=6
P3, tp=6, ts=6, x0=904188454, x1=843468459
P3, tp=6, ts=6, x0=905206312, x1=253845955
P2, tp=6, ts=6, x0=367814836, x1=591364332
P3, tp=6, ts=6, x0=740482629, x1=105960860
P2, tp=6, ts=6, x0=334636178, x1=291760023
P0, tp=6, ts=6
P0, tp=6, ts=6
P3, tp=6, ts=6, x0=701446546, x1=560973240
P2, tp=6, ts=6, x0=530343416, x1=513647090
P1, tp=6, ts=6, x0=924324086
P3, tp=6, ts=6, x0=881401427, x1=269043948
P3, tp=6, ts=6, x0=282094763, x1=598474596
P3, tp=6, ts=6, x0=321037901, x1=253845955
P2, tp=6, ts=6, x0=108112204, x1=409374706
P0, tp=6, ts=6
P2, tp=6, ts=6, x0=16265941, x1=308137186
P0, tp=6, ts=6
P3, tp=6, ts=6, x0=500383292, x1=535143151
P1, tp=6, ts=6, x0=255273009
P0, tp=6, ts=6
P0, tp=6, ts=6
P1, tp=6, ts=6, x0=154075157
P0, tp=6, ts=6
P3, tp=6, ts=6, x0=131020436, x1=568581665
P1, tp=6, ts=6, x0=161191281
P1, tp=6, ts=6, x0=881401427
P1, tp=6, ts=6, x0=149134593
P2, tp=6, ts=6, x0=893893293, x1=227503296
P0, tp=6, ts=6
P0, tp=6, ts=6
P3, tp=6, ts=6, x0=348201101, x1=990081632
P0, tp=6, ts=6
P1, tp=6, ts=6, x0=843468459
P0, tp=6, ts=6
P3, tp=6, ts=6, x0=530343416, x1=595369293
P3, tp=6, ts=6, x0=530343416, x1=133165140
P3, tp=6, ts=6, x0=261204615, x1=697693402
P3, tp=6, ts=6, x0=541793764, x1=23511654
P1, tp=6, ts=6, x0=541793764
P2, tp=6, ts=6, x0=195915514, x1=604560246
P2, tp=6, ts=6, x0=904188454, x1=135466172
P0, tp=6, ts=6
P3, tp=6, ts=6, x0=291760023, x1=227503296
P1, tp=6, ts=6, x0=893893293
P2, tp=6, ts=6, x0=613979073, x1=885233413
P2, tp=6, ts=6, x0=617974819, x1=131020436
P1, tp=6, ts=6, x0=185292178
P0, tp=6, ts=6
P2, tp=6, ts=6, x0=133165140, x1=521435522
P0, tp=6, ts=6
P1, tp=6, ts=6, x0=449880464
P3, tp=6, ts=6, x0=789340274, x1=761806304
P2, tp=6, ts=6, x0=128228522, x1=213655767
P3, tp=6, ts=6, x0=459470182, x1=449880464
P0, tp=6, ts=6
P0, tp=6, ts=6
P3, tp=6, ts=6, x0=269440805, x1=474942301
P0, tp=6, ts=6
P2, tp=6, ts=6, x0=500383292, x1=367814836
P0, tp=6, ts=6
P2, tp=6, ts=6, x0=830294979, x1=377567995
P2, tp=6, ts=6, x0=621169062, x1=883172188
P2, tp=6, ts=6, x0=122088512, x1=500383292
P0, tp=6, ts=6
P0, tp=6, ts=6
P2, tp=6, ts=6, x0=608500021, x1=691364092
P3, tp=6, ts=6, x0=608500021, x1=149134593
P1, tp=6, ts=6, x0=608500021
P3, tp=6, ts=6, x0=967373649, x1=921382694
P2, tp=6, ts=6, x0=598474596, x1=764925690
P1, tp=6, ts=6, x0=451407445
P2, tp=6, ts=6, x0=400188003, x1=449880464
P0, tp=6, ts=6
P1, tp=6, ts=6, x0=479414963
P3, tp=6, ts=6, x0=883172188, x1=149134593
P1, tp=6, ts=6, x0=535143151
P0, tp=6, ts=6
P3, tp=6, ts=6, x0=701446546, x1=57653800
P2, tp=6, ts=6, x0=23511654, x1=885233413
P2, tp=6, ts=6, x0=272933059, x1=936007018
P2, tp=6, ts=6, x0=598474596, x1=344440560
P1, tp=6, ts=6, x0=344440560
P3, tp=6, ts=6, x0=105960860, x1=269623304
P3, tp=6, ts=6, x0=237015335, x1=881401427
P1, tp=6, ts=6, x0=38162545
P1, tp=6, ts=6, x0=574472811
P1, tp=6, ts=6, x0=530343416
P0, tp=6, ts=6
P0, tp=6, ts=6
P3, tp=6, ts=6, x0=541793764, x1=893893293
P2, tp=6, ts=6, x0=23511654, x1=38162545
P1, tp=6, ts=6, x0=530343416
P3, tp=6, ts=6, x0=697693402, x1=128228522
P2, tp=6, ts=6, x0=4169698, x1=963393648
P0, tp=6, ts=6
P1, tp=6, ts=6, x0=227503296
P0, tp=6, ts=6
P0, tp=6, ts=6
P2, tp=6, ts=6, x0=924324086, x1=245009023
P3, tp=6, ts=6, x0=300701925, x1=452790618
P2, tp=6, ts=6, x0=650362771, x1=23511654
P0, tp=6, ts=6
P1, tp=6, ts=6, x0=108112204
P0, tp=6, ts=6
P2, tp=6, ts=6, x0=348201101, x1=16265941
P3, tp=6, ts=6, x0=521435522, x1=133165140
P3, tp=6, ts=6, x0=227503296, x1=613979073
P1, tp=6, ts=6, x0=572143154
P0, tp=6, ts=6
P2, tp=6, ts=6, x0=57653800, x1=568581665
P0, tp=6, ts=6
P3, tp=6, ts=6, x0=114543374, x1=181739991
P3, tp=6, ts=6, x0=789340274, x1=237015335
P3, tp=6, ts=6, x0=133165140, x1=963393648
P3, tp=6, ts=6, x0=269623304, x1=135466172
P0, tp=6, ts=6
P2, tp=6, ts=6, x0=789340274, x1=247600319
P0, tp=6, ts=6
P1, tp=6, ts=6, x0=247600319
P1, tp=6, ts=6, x0=621169062
P2, tp=6, ts=6, x0=377567995, x1=31950599
P1, tp=6, ts=6, x0=4169698
P3, tp=6, ts=6, x0=218548375, x1=247600319
P1, tp=6, ts=6, x0=933912693
P2, tp=6, ts=6, x0=568746433, x1=586593153
P0, tp=6, ts=6
P3, tp=6, ts=6, x0=57653800, x1=300701925
P1, tp=6, ts=6, x0=527146384
P3, tp=6, ts=6, x0=253147927, x1=155967104
P1, tp=6, ts=6, x0=177605669
P3, tp=6, ts=6, x0=344138838, x1=53171466
P0, tp=6, ts=6
P1, tp=6, ts=6, x0=530343416
P1, tp=6, ts=6, x0=789340274
P3, tp=6, ts=6, x0=568746433, x1=890796740
P1, tp=6, ts=6, x0=893893293
P2, tp=6, ts=6, x0=36811890, x1=291760023
P3, tp=6, ts=6, x0=598474596, x1=105960860
P1, tp=6, ts=6, x0=568746433
P0, tp=6, ts=6
P0, tp=6, ts=6
P2, tp=6, ts=6, x0=105960860, x1=762680907
P1, tp=6, ts=6, x0=272933059
P1, tp=6, ts=6, x0=131020436
P1, tp=6, ts=6, x0=893893293
P3, tp=6, ts=6, x0=255273009, x1=764184679
P2, tp=6, ts=6, x0=704427958, x1=904188454
P1, tp=6, ts=6, x0=348201101
P3, tp=6, ts=6, x0=157547610, x1=521435522
P2, tp=6, ts=6, x0=23511654, x1=905206312
P0, tp=6, ts=6
P1, tp=6, ts=6, x0=272933059
P0, tp=6, ts=6
P2, tp=6, ts=6, x0=697693402, x1=420958464
P0, tp=6, ts=6
P2, tp=6, ts=6, x0=155967104, x1=154075157
P1, tp=6, ts=6, x0=367814836
P2, tp=6, ts=6, x0=758642448, x1=452790618
P0, tp=6, ts=6
P1, tp=6, ts=6, x0=921382694
P3, tp=6, ts=6, x0=921382694, x1=921382694
P0, tp=6, ts=6
P2, tp=6, ts=6, x0=227503296, x1=758642448
P1, tp=6, ts=6, x0=574472811
P0, tp=6, ts=6
P0, tp=6, ts=6
P1, tp=6, ts=6, x0=185292178
P0, tp=6, ts=6
P0, tp=6, ts=6
P3, tp=6, ts=6, x0=269440805, x1=479414963
P1, tp=6, ts=6, x0=704427958
P3, tp=6, ts=6, x0=530343416, x1=933912693
P3, tp=6, ts=6, x0=936007018, x1=181739991
P0, tp=6, ts=6
P2, tp=6, ts=6, x0=701446546, x1=650362771
P2, tp=6, ts=6, x0=574472811, x1=789340274
P0, tp=6, ts=6
P2, tp=6, ts=6, x0=57653800, x1=269623304
P2, tp=6, ts=6, x0=452790618, x1=990081632
P2, tp=6, ts=6, x0=344138838, x1=53171466
P3, tp=6, ts=6, x0=68732922, x1=764925690
P0, tp=6, ts=6
P0, tp=6, ts=6
P0, tp=6, ts=6
P3, tp=6, ts=6, x0=154075157, x1=154075157
P3, tp=6, ts=6, x0=158989396, x1=57653800
P1, tp=6, ts=6, x0=758642448
P3, tp=6, ts=6, x0=924324086, x1=990081632
P3, tp=6, ts=6, x0=31950599, x1=704427958
P0, tp=6, ts=6
P2, tp=6, ts=6, x0=990081632, x1=789340274
P3, tp=6, ts=6, x0=409374706, x1=31950599
P3, tp=6, ts=6, x0=157547610, x1=339642720
P3, tp=6, ts=6, x0=131020436, x1=23511654
P1, tp=6, ts=6, x0=881401427
P0, tp=6, ts=6
P1, tp=6, ts=6, x0=4169698
P2, tp=6, ts=6, x0=527146384, x1=830294979
P3, tp=6, ts=6, x0=255273009, x1=154075157
P1, tp=6, ts=6, x0=933912693
P1, tp=6, ts=6, x0=535143151
P0, tp=6, ts=6
P2, tp=6, ts=6, x0=608500021, x1=269623304
P2, tp=6, ts=6, x0=247600319, x1=255273009
P3, tp=6, ts=6, x0=247600319, x1=737250489
P1, tp=6, ts=6, x0=31950599
P2, tp=6, ts=6, x0=183427998, x1=990081632
P0, tp=6, ts=6
P1, tp=6, ts=6, x0=598474596
P0, tp=6, ts=6
P0, tp=6, ts=6
P0, tp=6, ts=6
P0, tp=6, ts=6
P3, tp=6, ts=6, x0=921382694, x1=500383292
P3, tp=6, ts=6, x0=31950599, x1=218548375
P1, tp=6, ts=6, x0=400188003
P0, tp=6, ts=6
P3, tp=6, ts=6, x0=52043129, x1=308137186
P2, tp=6, ts=6, x0=697693402, x1=990081632
P2, tp=6, ts=6, x0=189440773, x1=269623304
P0, tp=6, ts=6
P1, tp=6, ts=6, x0=905206312
P1, tp=6, ts=6, x0=648931437
P2, tp=6, ts=6, x0=904188454, x1=272933059
P1, tp=6, ts=6, x0=269043948
P2, tp=6, ts=6, x0=245009023, x1=695213184
P0, tp=6, ts=6
P2, tp=6, ts=6, x0=921382694, x1=114543374
P3, tp=6, ts=6, x0=762680907, x1=924324086
P1, tp=6, ts=6, x0=648931437
P1, tp=6, ts=6, x0=568746433
P0, tp=6, ts=6
P2, tp=6, ts=6, x0=154075157, x1=253845955
P1, tp=6, ts=6, x0=500383292
P2, tp=6, ts=6, x0=500383292, x1=195915514
P3, tp=6, ts=6, x0=924324086, x1=181739991
P2, tp=6, ts=6, x0=344440560, x1=747068441
P1, tp=6, ts=6, x0=452790618
P0, tp=6, ts=6
P3, tp=6, ts=6, x0=747068441, x1=452790618
P1, tp=6, ts=6, x0=112895561
P2, tp=6, ts=6, x0=195915514, x1=128228522
P1, tp=6, ts=6, x0=185292178
P0, tp=6, ts=6
P0, tp=6, ts=6
P2, tp=6, ts=6, x0=701446546, x1=189440773
P3, tp=6, ts=6, x0=924324086, x1=890796740
P2, tp=6, ts=6, x0=477616538, x1=367814836
P2, tp=6, ts=6, x0=568746433, x1=218548375
P3, tp=6, ts=6, x0=158989396, x1=636142374
P2, tp=6, ts=6, x0=924324086, x1=924324086
P2, tp=6, ts=6, x0=218548375, x1=154075157
P0, tp=6, ts=6
P0, tp=6, ts=6
P0, tp=6, ts=6
P2, tp=6, ts=6, x0=477616538, x1=53171466
P0, tp=6, ts=6
P1, tp=6, ts=6, x0=830294979
P3, tp=6, ts=6, x0=905206312, x1=195915514
P0, tp=6, ts=6
P1, tp=6, ts=6, x0=474942301
P3, tp=6, ts=6, x0=983436499, x1=737250489
P0, tp=6, ts=6
P2, tp=6, ts=6, x0=377567995, x1=881401427
P1, tp=6, ts=6, x0=253845955
P0, tp=6, ts=6
P2, tp=6, ts=6, x0=308137186, x1=636142374
P3, tp=6, ts=6, x0=247600319, x1=128228522
P1, tp=6, ts=6, x0=691364092
P2, tp=6, ts=6, x0=23511654, x1=319087073
P0, tp=6, ts=6
P3, tp=6, ts=6, x0=572143154, x1=269043948
P0, tp=6, ts=6
P3, tp=6, ts=6, x0=701446546, x1=189440773
P0, tp=6, ts=6
P2, tp=6, ts=6, x0=983436499, x1=636142374
P0, tp=6, ts=6
P2, tp=6, ts=6, x0=758642448, x1=530343416
P1, tp=6, ts=6, x0=269440805
P2, tp=6, ts=6, x0=227503296, x1=31950599
P1, tp=6, ts=6, x0=319087073
P3, tp=6, ts=6, x0=177605669, x1=218548375
P2, tp=6, ts=6, x0=701446546, x1=420958464
P3, tp=6, ts=6, x0=881401427, x1=747068441
P1, tp=6, ts=6, x0=843468459
P2, tp=6, ts=6, x0=608500021, x1=764184679
P1, tp=6, ts=6, x0=108112204
P1, tp=6, ts=6, x0=319087073
P2, tp=6, ts=6, x0=227503296, x1=500383292
P2, tp=6, ts=6, x0=68732922, x1=452790618
P2, tp=6, ts=6, x0=381554859, x1=300701925
P3, tp=6, ts=6, x0=317625599, x1=457806080
P0, tp=6, ts=6
P2, tp=6, ts=6, x0=344440560, x1=881401427
P3, tp=6, ts=6, x0=598474596, x1=51298768
P2, tp=6, ts=6, x0=697693402, x1=890796740
P1, tp=6, ts=6, x0=348970867
P2, tp=6, ts=6, x0=269623304, x1=933912693
P3, tp=6, ts=6, x0=23511654, x1=23511654
P3, tp=6, ts=6, x0=695213184, x1=112895561
P0, tp=6, ts=6
P2, tp=6, ts=6, x0=574472811, x1=247600319
P3, tp=6, ts=6, x0=237015335, x1=144104258
P3, tp=6, ts=6, x0=381554859, x1=38162545
P2, tp=6, ts=6, x0=23511654, x1=308137186
P0, tp=6, ts=6
P2, tp=6, ts=6, x0=890796740, x1=650362771
P2, tp=6, ts=6, x0=963393648, x1=36811890
P0, tp=6, ts=6
P3, tp=6, ts=6, x0=350833544, x1=144104258
P1, tp=6, ts=6, x0=500383292
P3, tp=6, ts=6, x0=269440805, x1=377567995
P0, tp=6, ts=6
P1, tp=6, ts=6, x0=133165140
P0, tp=6, ts=6
P0, tp=6, ts=6
P2, tp=6, ts=6, x0=227503296, x1=350833544
P3, tp=6, ts=6, x0=983436499, x1=521435522
P0, tp=6, ts=6
P0, tp=6, ts=6
P3, tp=6, ts=6, x0=269623304, x1=274805406
P0, tp=6, ts=6
P1, tp=6, ts=6, x0=247600319
P2, tp=6, ts=6, x0=291760023, x1=500845362
P3, tp=6, ts=6, x0=648931437, x1=53171466
P1, tp=6, ts=6, x0=158989396
P1, tp=6, ts=6, x0=747068441
P2, tp=6, ts=6, x0=157547610, x1=261204615
P2, tp=6, ts=6, x0=890796740, x1=42634425
P0, tp=6, ts=6
P0, tp=6, ts=6
P3, tp=6, ts=6, x0=57653800, x1=479414963
P1, tp=6, ts=6, x0=158989396
P3, tp=6, ts=6, x0=762680907, x1=747068441
P0, tp=6, ts=6
P0, tp=6, ts=6
P3, tp=6, ts=6, x0=52043129, x1=131020436
P0, tp=6, ts=6
P1, tp=6, ts=6, x0=317625599
P3, tp=6, ts=6, x0=764184679, x1=348201101
P2, tp=6, ts=6, x0=568581665, x1=250892749
P3, tp=6, ts=6, x0=348970867, x1=52043129
P1, tp=6, ts=6, x0=586593153
P3, tp=6, ts=6, x0=269623304, x1=319087073
P1, tp=6, ts=6, x0=269440805
P0, tp=6, ts=6
P1, tp=6, ts=6, x0=31950599
P0, tp=6, ts=6
P0, tp=6, ts=6
P2, tp=6, ts=6, x0=108112204, x1=477616538
P2, tp=6, ts=6, x0=185292178, x1=247600319
P0, tp=6, ts=6
P0, tp=6, ts=6
P0, tp=6, ts=6
P3, tp=6, ts=6, x0=272933059, x1=300701925
P0, tp=6, ts=6
P1, tp=6, ts=6, x0=181739991
P2, tp=6, ts=6, x0=265819506, x1=245009023
P3, tp=6, ts=6, x0=189440773, x1=381554859
P0, tp=6, ts=6
P2, tp=6, ts=6, x0=747068441, x1=697693402
P2, tp=6, ts=6, x0=459470182, x1=122088512
P3, tp=6, ts=6, x0=253845955, x1=684086643
P3, tp=6, ts=6, x0=36811890, x1=758642448
P2, tp=6, ts=6, x0=452790618, x1=158989396
P1, tp=6, ts=6, x0=740482629
P0, tp=6, ts=6
P1, tp=6, ts=6, x0=237015335
P3, tp=6, ts=6, x0=568746433, x1=300701925
P2, tp=6, ts=6, x0=702894713, x1=269623304
P0, tp=6, ts=6
P0, tp=6, ts=6
P3, tp=6, ts=6, x0=367814836, x1=568746433
P3, tp=6, ts=6, x0=697693402, x1=500383292
P3, tp=6, ts=6, x0=905206312, x1=955039569
P3, tp=6, ts=6, x0=881401427, x1=409374706
P3, tp=6, ts=6, x0=181739991, x1=400188003
P2, tp=6, ts=6, x0=608500021, x1=227503296
P1, tp=7, ts=7, x0=291760023
P3, tp=7, ts=7, x0=158989396, x1=695213184
P2, tp=7, ts=7, x0=198906492, x1=527146384
P3, tp=7, ts=7, x0=108112204, x1=38162545
P1, tp=7, ts=7, x0=627375426
P2, tp=7, ts=7, x0=183427998, x1=479414963
P3, tp=7, ts=7, x0=274805406, x1=702894713
P2, tp=7, ts=7, x0=344138838, x1=684086643
P3, tp=7, ts=7, x0=500845362, x1=269440805
P3, tp=7, ts=7, x0=189440773, x1=452790618
P3, tp=7, ts=7, x0=189440773, x1=261204615
P0, tp=7, ts=7
P3, tp=7, ts=7, x0=747068441, x1=42634425
P0, tp=7, ts=7
P3, tp=7, ts=7, x0=955039569, x1=457806080
P0, tp=7, ts=7
P1, tp=7, ts=7, x0=956143349
P3, tp=7, ts=7, x0=348970867, x1=617974819
P1, tp=7, ts=7, x0=452790618
P1, tp=7, ts=7, x0=300701925
P3, tp=7, ts=7, x0=474942301, x1=747068441
P2, tp=7, ts=7, x0=157547610, x1=517025485
P3, tp=7, ts=7, x0=737250489, x1=636142374
P0, tp=7, ts=7
P1, tp=7, ts=7, x0=659197931
P2, tp=7, ts=7, x0=695213184, x1=627375426
P1, tp=7, ts=7, x0=112895561
P1, tp=7, ts=7, x0=409374706
P1, tp=7, ts=7, x0=348201101
P2, tp=7, ts=7, x0=924324086, x1=261204615
P2, tp=7, ts=7, x0=695213184, x1=714780081
P3, tp=7, ts=7, x0=737250489, x1=189440773
P2, tp=7, ts=7, x0=758642448, x1=112895561
P2, tp=7, ts=7, x0=253845955, x1=420958464
P1, tp=7, ts=7, x0=269440805
P3, tp=7, ts=7, x0=648931437, x1=890796740
P3, tp=7, ts=7, x0=291760023, x1=269623304
P0, tp=7, ts=7
P3, tp=7, ts=7, x0=604560246, x1=890796740
P2, tp=7, ts=7, x0=586593153, x1=714780081
P0, tp=7, ts=7
P1, tp=7, ts=7, x0=608500021
P1, tp=7, ts=7, x0=905206312
P2, tp=7, ts=7, x0=144104258, x1=36811890
P1, tp=7, ts=7, x0=598474596
P3, tp=7, ts=7, x0=530343416, x1=933912693
P1, tp=7, ts=7, x0=747068441
P2, tp=7, ts=7, x0=255273009, x1=31950599
P1, tp=7, ts=7, x0=479414963
P3, tp=7, ts=7, x0=530343416, x1=474942301
P0, tp=7, ts=7
P3, tp=7, ts=7, x0=375871556, x1=586593153
P0, tp=7, ts=7
P1, tp=7, ts=7, x0=890796740
P3, tp=7, ts=7, x0=133165140, x1=955039569
P3, tp=7, ts=7, x0=758642448, x1=189440773
P3, tp=7, ts=7, x0=527146384, x1=255273009
P3, tp=7, ts=7, x0=659197931, x1=517025485
P1, tp=7, ts=7, x0=627375426
P2, tp=7, ts=7, x0=762680907, x1=617974819
P3, tp=7, ts=7, x0=574472811, x1=144104258
P2, tp=7, ts=7, x0=737250489, x1=809815384
P1, tp=7, ts=7, x0=122088512
P1, tp=7, ts=7, x0=714780081
P1, tp=7, ts=7, x0=613979073
P0, tp=7, ts=7
P3, tp=7, ts=7, x0=198906492, x1=881401427
P3, tp=7, ts=7, x0=500845362, x1=133165140
P1, tp=7, ts=7, x0=608727628
P0, tp=7, ts=7
P1, tp=7, ts=7, x0=695213184
P2, tp=7, ts=7, x0=274805406, x1=269440805
P2, tp=7, ts=7, x0=650362771, x1=955039569
P2, tp=7, ts=7, x0=227503296, x1=158989396
P2, tp=7, ts=7, x0=381554859, x1=177605669
P3, tp=7, ts=7, x0=291760023, x1=932614293
P1, tp=7, ts=7, x0=568581665
P0, tp=7, ts=7
P0, tp=7, ts=7
P2, tp=7, ts=7, x0=31950599, x1=527146384
P0, tp=7, ts=7
P3, tp=7, ts=7, x0=650362771, x1=317625599
P1, tp=7, ts=7, x0=31950599
P3, tp=7, ts=7, x0=253845955, x1=973370573
P2, tp=7, ts=7, x0=586593153, x1=797699563
P0, tp=7, ts=7
P3, tp=7, ts=7, x0=500845362, x1=420958464
P2, tp=7, ts=7, x0=758642448, x1=973370573
P2, tp=7, ts=7, x0=498248164, x1=650362771
P1, tp=7, ts=7, x0=185292178
P2, tp=7, ts=7, x0=684086643, x1=586593153
P3, tp=7, ts=7, x0=367814836, x1=568746433
P2, tp=7, ts=7, x0=969430043, x1=177605669
P1, tp=7, ts=7, x0=684086643
P3, tp=7, ts=7, x0=586593153, x1=114543374
P0, tp=7, ts=7
P2, tp=7, ts=7, x0=969430043, x1=659197931
P0, tp=7, ts=7
P2, tp=7, ts=7, x0=52043129, x1=36811890
P3, tp=7, ts=7, x0=477616538, x1=714780081
P1, tp=7, ts=7, x0=990081632
P1, tp=7, ts=7, x0=52043129
P3, tp=7, ts=7, x0=449880464, x1=500383292
P3, tp=7, ts=7, x0=586593153, x1=185292178
P0, tp=7, ts=7
P2, tp=7, ts=7, x0=344138838, x1=841125469
P3, tp=7, ts=7, x0=344138838, x1=737250489
P1, tp=7, ts=7, x0=604560246
P3, tp=7, ts=7, x0=449880464, x1=112895561
P0, tp=7, ts=7
P0, tp=7, ts=7
P3, tp=7, ts=7, x0=956143349, x1=535143151
P1, tp=7, ts=7, x0=245009023
P3, tp=7, ts=7, x0=177605669, x1=969430043
P1, tp=7, ts=7, x0=691364092
P3, tp=7, ts=7, x0=714780081, x1=348201101
P1, tp=7, ts=7, x0=53171466
P0, tp=7, ts=7
P2, tp=7, ts=7, x0=636142374, x1=521435522
P2, tp=7, ts=7, x0=348970867, x1=648931437
P1, tp=7, ts=7, x0=762680907
P0, tp=7, ts=7
P0, tp=7, ts=7
P1, tp=7, ts=7, x0=684086643
P2, tp=7, ts=7, x0=714780081, x1=568581665
P2, tp=7, ts=7, x0=154075157, x1=574472811
P2, tp=7, ts=7, x0=459470182, x1=710935671
P3, tp=7, ts=7, x0=38162545, x1=42634425
P0, tp=7, ts=7
P2, tp=7, ts=7, x0=154075157, x1=650362771
P2, tp=7, ts=7, x0=177605669, x1=52043129
P2, tp=7, ts=7, x0=375871556, x1=459470182
P1, tp=7, ts=7, x0=535143151
P0, tp=7, ts=7
P1, tp=7, ts=7, x0=261204615
P1, tp=7, ts=7, x0=568581665
P0, tp=7, ts=7
P2, tp=7, ts=7, x0=477616538, x1=269623304
P3, tp=7, ts=7, x0=272933059, x1=608727628
P2, tp=7, ts=7, x0=586593153, x1=612746923
P0, tp=7, ts=7
P0, tp=7, ts=7
P3, tp=7, ts=7, x0=247600319, x1=157547610
P2, tp=7, ts=7, x0=809815384, x1=381554859
P2, tp=7, ts=7, x0=498248164, x1=367241594
P2, tp=7, ts=7, x0=530343416, x1=409374706
P2, tp=7, ts=7, x0=969430043, x1=527146384
P3, tp=7, ts=7, x0=527146384, x1=612746923
P0, tp=7, ts=7
P1, tp=7, ts=7, x0=955039569
P0, tp=7, ts=7
P0, tp=7, ts=7
P1, tp=7, ts=7, x0=449880464
P1, tp=7, ts=7, x0=158989396
P3, tp=7, ts=7, x0=367241594, x1=189440773
P0, tp=7, ts=7
P1, tp=7, ts=7, x0=348970867
P2, tp=7, ts=7, x0=274805406, x1=344138838
P3, tp=7, ts=7, x0=348970867, x1=648931437
P1, tp=7, ts=7, x0=890796740
P2, tp=7, ts=7, x0=752075541, x1=168980624
P1, tp=7, ts=7, x0=841125469
P0, tp=7, ts=7
P1, tp=7, ts=7, x0=198906492
P2, tp=7, ts=7, x0=272933059, x1=269043948
P0, tp=7, ts=7
P0, tp=7, ts=7
P0, tp=7, ts=7
P3, tp=7, ts=7, x0=344138838, x1=702894713
P0, tp=7, ts=7
P3, tp=7, ts=7, x0=187498055, x1=627375426
P2, tp=7, ts=7, x0=521435522, x1=636142374
P2, tp=7, ts=7, x0=409374706, x1=650362771
P1, tp=7, ts=7, x0=272933059
P1, tp=7, ts=7, x0=990081632
P3, tp=7, ts=7, x0=477616538, x1=53171466
P3, tp=7, ts=7, x0=608727628, x1=955039569
P3, tp=7, ts=7, x0=183427998, x1=168980624
P1, tp=7, ts=7, x0=956143349
P1, tp=7, ts=7, x0=218080949
P0, tp=7, ts=7
P0, tp=7, ts=7
P3, tp=7, ts=7, x0=265819506, x1=608727628
P0, tp=7, ts=7
P0, tp=7, ts=7
P2, tp=7, ts=7, x0=809815384, x1=710935671
P1, tp=7, ts=7, x0=695213184
P1, tp=7, ts=7, x0=932614293
P0, tp=7, ts=7
P0, tp=7, ts=7
P3, tp=7, ts=7, x0=586593153, x1=684086643
P0, tp=7, ts=7
P1, tp=7, ts=7, x0=758642448
P2, tp=7, ts=7, x0=822678545, x1=319087073
P2, tp=7, ts=7, x0=527146384, x1=272933059
P3, tp=7, ts=7, x0=237015335, x1=198906492
P3, tp=7, ts=7, x0=740736543, x1=659197931
P0, tp=7, ts=7
P0, tp=7, ts=7
P0, tp=7, ts=7
P0, tp=7, ts=7
P1, tp=7, ts=7, x0=449880464
P2, tp=7, ts=7, x0=348201101, x1=272933059
P1, tp=7, ts=7, x0=697693402
P3, tp=7, ts=7, x0=350833544, x1=459470182
P3, tp=7, ts=7, x0=933912693, x1=245009023
P2, tp=7, ts=7, x0=517025485, x1=250892749
P2, tp=7, ts=7, x0=265819506, x1=350833544
P0, tp=7, ts=7
P3, tp=7, ts=7, x0=659197931, x1=420958464
P0, tp=7, ts=7
P2, tp=7, ts=7, x0=809815384, x1=218080949
P0, tp=7, ts=7
P3, tp=7, ts=7, x0=905206312, x1=973370573
P1, tp=7, ts=7, x0=932614293
P3, tp=7, ts=7, x0=447045436, x1=498248164
P1, tp=7, ts=7, x0=697693402
P2, tp=7, ts=7, x0=714780081, x1=765811245
P3, tp=7, ts=7, x0=963393648, x1=247600319
P0, tp=7, ts=7
P3, tp=7, ts=7, x0=616494935, x1=269623304
P0, tp=7, ts=7
P3, tp=7, ts=7, x0=447045436, x1=38162545
P3, tp=7, ts=7, x0=52043129, x1=187498055
P1, tp=7, ts=7, x0=765811245
P3, tp=7, ts=7, x0=747068441, x1=747068441
P1, tp=7, ts=7, x0=684086643
P0, tp=7, ts=7
P0, tp=7, ts=7
P0, tp=7, ts=7
P3, tp=7, ts=7, x0=177605669, x1=553592147
P2, tp=7, ts=7, x0=765811245, x1=367241594
P3, tp=7, ts=7, x0=187498055, x1=498248164
P0, tp=7, ts=7
P2, tp=7, ts=7, x0=447045436, x1=253845955
P1, tp=7, ts=7, x0=367814836
P3, tp=7, ts=7, x0=255273009, x1=459470182
P1, tp=7, ts=7, x0=648931437
P2, tp=7, ts=7, x0=122088512, x1=498248164
P2, tp=7, ts=7, x0=574472811, x1=31950599
P0, tp=7, ts=7
P2, tp=7, ts=7, x0=500845362, x1=521435522
P2, tp=7, ts=7, x0=329515871, x1=963393648
P2, tp=7, ts=7, x0=933912693, x1=227503296
P2, tp=7, ts=7, x0=36811890, x1=198906492
P3, tp=7, ts=7, x0=269440805, x1=659197931
P2, tp=7, ts=7, x0=740736543, x1=265819506
P0, tp=7, ts=7
P3, tp=7, ts=7, x0=702894713, x1=274805406
P0, tp=7, ts=7
P2, tp=7, ts=7, x0=300701925, x1=459470182
P3, tp=7, ts=7, x0=627375426, x1=168980624
P0, tp=7, ts=7
P0, tp=7, ts=7
P0, tp=7, ts=7
P0, tp=7, ts=7
P2, tp=7, ts=7, x0=218080949, x1=498248164
P0, tp=7, ts=7
P1, tp=7, ts=7, x0=527146384
P2, tp=7, ts=7, x0=758642448, x1=963393648
P2, tp=7, ts=7, x0=189440773, x1=269623304
P2, tp=7, ts=7, x0=38162545, x1=616494935
P2, tp=7, ts=7, x0=319087073, x1=154075157
P1, tp=7, ts=7, x0=480377009
P1, tp=7, ts=7, x0=348201101
P0, tp=7, ts=7
P2, tp=7, ts=7, x0=572270637, x1=269440805
P3, tp=7, ts=7, x0=447045436, x1=616494935
P1, tp=7, ts=7, x0=31950599
P1, tp=7, ts=7, x0=830294979
P3, tp=7, ts=7, x0=765811245, x1=797699563
P3, tp=7, ts=7, x0=695213184, x1=758642448
P2, tp=7, ts=7, x0=933912693, x1=809815384
P3, tp=7, ts=7, x0=114543374, x1=737250489
P3, tp=7, ts=7, x0=697693402, x1=168980624
P1, tp=7, ts=7, x0=265819506
P1, tp=7, ts=7, x0=339642720
P1, tp=7, ts=7, x0=765811245
P1, tp=7, ts=7, x0=367241594
P3, tp=7, ts=7, x0=367241594, x1=272933059
P2, tp=7, ts=7, x0=505076929, x1=189440773
P3, tp=7, ts=7, x0=112895561, x1=154075157
P3, tp=7, ts=7, x0=636142374, x1=183427998
P0, tp=7, ts=7
P3, tp=7, ts=7, x0=375871556, x1=498248164
P3, tp=7, ts=7, x0=31950599, x1=380238356
P0, tp=7, ts=7
P2, tp=7, ts=7, x0=498248164, x1=933912693
P1, tp=7, ts=7, x0=969430043
P3, tp=7, ts=7, x0=702894713, x1=737250489
P2, tp=7, ts=7, x0=380238356, x1=822678545
P3, tp=7, ts=7, x0=350833544, x1=890796740
P0, tp=7, ts=7
P3, tp=7, ts=7, x0=881401427, x1=710935671
P0, tp=7, ts=7
P1, tp=7, ts=7, x0=752075541
P1, tp=7, ts=7, x0=861201589
P3, tp=7, ts=7, x0=517025485, x1=905206312
P1, tp=7, ts=7, x0=822678545
P1, tp=7, ts=7, x0=830294979
P2, tp=7, ts=7, x0=586593153, x1=329515871
P3, tp=7, ts=7, x0=951706554, x1=154463842
P2, tp=7, ts=7, x0=933912693, x1=697693402
P3, tp=7, ts=7, x0=616494935, x1=291760023
P0, tp=7, ts=7
P1, tp=7, ts=7, x0=42634425
P0, tp=7, ts=7
P1, tp=7, ts=7, x0=797699563
P3, tp=7, ts=7, x0=218080949, x1=477616538
P2, tp=7, ts=7, x0=905206312, x1=274805406
P2, tp=7, ts=7, x0=265819506, x1=747068441
P0, tp=7, ts=7
P2, tp=7, ts=7, x0=890796740, x1=237015335
P3, tp=7, ts=7, x0=137995652, x1=265819506
P0, tp=7, ts=7
P2, tp=7, ts=7, x0=36811890, x1=574472811
P0, tp=7, ts=7
P2, tp=7, ts=7, x0=52043129, x1=827760083
P3, tp=7, ts=7, x0=457806080, x1=586593153
P1, tp=7, ts=7, x0=459470182
P0, tp=7, ts=7
P0, tp=7, ts=7
P0, tp=7, ts=7
P2, tp=7, ts=7, x0=586593153, x1=976008645
P2, tp=7, ts=7, x0=969430043, x1=595090153
P0, tp=7, ts=7
P0, tp=7, ts=7
P1, tp=7, ts=7, x0=459470182
P2, tp=7, ts=7, x0=969430043, x1=809815384
P0, tp=7, ts=7
P2, tp=7, ts=7, x0=348970867, x1=348201101
P0, tp=7, ts=7
P2, tp=7, ts=7, x0=553592147, x1=937242680
P3, tp=7, ts=7, x0=250892749, x1=956143349
P2, tp=7, ts=7, x0=187498055, x1=905206312
P0, tp=7, ts=7
P0, tp=7, ts=7
P2, tp=7, ts=7, x0=269623304, x1=350833544
P0, tp=7, ts=7
P1, tp=7, ts=7, x0=517025485
P2, tp=7, ts=7, x0=752075541, x1=339642720
P0, tp=7, ts=7
P3, tp=7, ts=7, x0=367814836, x1=881401427
P0, tp=7, ts=7
P1, tp=7, ts=7, x0=809815384
P0, tp=7, ts=7
P3, tp=7, ts=7, x0=684086643, x1=367814836
P0, tp=7, ts=7
P0, tp=7, ts=7
P2, tp=7, ts=7, x0=344138838, x1=809815384
P2, tp=7, ts=7, x0=955039569, x1=317625599
P3, tp=7, ts=7, x0=42634425, x1=648931437
P2, tp=7, ts=7, x0=36811890, x1=163410501
P2, tp=7, ts=7, x0=969430043, x1=375871556
P2, tp=7, ts=7, x0=636142374, x1=937242680
P2, tp=7, ts=7, x0=339642720, x1=636142374
P0, tp=7, ts=7
P0, tp=7, ts=7
P3, tp=7, ts=7, x0=168980624, x1=317625599
P0, tp=7, ts=7
P0, tp=7, ts=7
P3, tp=7, ts=7, x0=187498055, x1=329515871
P0, tp=7, ts=7
P2, tp=7, ts=7, x0=612746923, x1=932614293
P2, tp=7, ts=7, x0=616494935, x1=702894713
P3, tp=7, ts=7, x0=157547610, x1=955039569
P1, tp=7, ts=7, x0=380238356
P3, tp=7, ts=7, x0=517025485, x1=477616538
P3, tp=7, ts=7, x0=822678545, x1=274805406
P1, tp=7, ts=7, x0=553592147
P3, tp=7, ts=7, x0=187498055, x1=797699563
P3, tp=7, ts=7, x0=218080949, x1=250892749
P2, tp=7, ts=7, x0=956143349, x1=752075541
P3, tp=7, ts=7, x0=740736543, x1=300701925
P2, tp=7, ts=7, x0=329515871, x1=42634425
P2, tp=7, ts=7, x0=659197931, x1=650362771
P1, tp=7, ts=7, x0=969430043
P0, tp=7, ts=7
P3, tp=7, ts=7, x0=714780081, x1=650362771
P2, tp=7, ts=7, x0=474942301, x1=380238356
P0, tp=7, ts=7
P2, tp=7, ts=7, x0=695213184, x1=380238356
P3, tp=7, ts=7, x0=740736543, x1=861201589
P2, tp=7, ts=7, x0=474942301, x1=344138838
P2, tp=7, ts=7, x0=955039569, x1=218080949
P2, tp=7, ts=7, x0=112895561, x1=659197931
P3, tp=7, ts=7, x0=457806080, x1=740736543
P0, tp=7, ts=7
P1, tp=7, ts=7, x0=574472811
P1, tp=7, ts=7, x0=648931437
P0, tp=7, ts=7
P0, tp=7, ts=7
P2, tp=7, ts=7, x0=932614293, x1=52043129
P3, tp=7, ts=7, x0=477616538, x1=269440805
P0, tp=7, ts=7
P1, tp=7, ts=7, x0=650362771
P0, tp=7, ts=7
P0, tp=7, ts=7
P2, tp=7, ts=7, x0=608727628, x1=187498055
P2, tp=7, ts=7, x0=710935671, x1=702894713
P3, tp=7, ts=7, x0=861201589, x1=317625599
P0, tp=7, ts=7
P2, tp=7, ts=7, x0=517025485, x1=963393648
P1, tp=7, ts=7, x0=329515871
P3, tp=7, ts=7, x0=269440805, x1=650362771
P2, tp=7, ts=7, x0=572270637, x1=747068441
P1, tp=7, ts=7, x0=659197931
P1, tp=7, ts=7, x0=329515871
P2, tp=7, ts=7, x0=765811245, x1=300701925
P1, tp=7, ts=7, x0=702894713
P3, tp=7, ts=7, x0=265819506, x1=269440805
P1, tp=7, ts=7, x0=809815384
P3, tp=7, ts=7, x0=710935671, x1=367241594
P1, tp=7, ts=7, x0=658754500
P2, tp=7, ts=7, x0=45951975, x1=500845362
P0, tp=7, ts=7
P3, tp=7, ts=7, x0=42634425, x1=648931437
P1, tp=7, ts=7, x0=659197931
P1, tp=7, ts=7, x0=45951975
P1, tp=7, ts=7, x0=890796740
P3, tp=7, ts=7, x0=521435522, x1=122088512
P0, tp=7, ts=7
P3, tp=7, ts=7, x0=189440773, x1=586593153
P3, tp=7, ts=7, x0=112895561, x1=213028520
P2, tp=7, ts=7, x0=480377009, x1=154075157
P1, tp=7, ts=7, x0=956143349
P0, tp=7, ts=7
P3, tp=7, ts=7, x0=809815384, x1=265819506
P1, tp=7, ts=7, x0=636142374
P1, tp=7, ts=7, x0=695213184
P2, tp=7, ts=7, x0=319087073, x1=521435522
P0, tp=7, ts=7
P3, tp=7, ts=7, x0=636142374, x1=339642720
P2, tp=7, ts=7, x0=361307135, x1=329515871
P1, tp=7, ts=7, x0=177605669
P0, tp=7, ts=7
P0, tp=7, ts=7
P3, tp=7, ts=7, x0=708633412, x1=782186587
P3, tp=7, ts=7, x0=765811245, x1=112895561
P3, tp=7, ts=7, x0=521435522, x1=765811245
P2, tp=7, ts=7, x0=157547610, x1=608727628
P3, tp=7, ts=7, x0=688518772, x1=380238356
P1, tp=7, ts=7, x0=890796740
P3, tp=7, ts=7, x0=350833544, x1=183427998
P3, tp=7, ts=7, x0=177605669, x1=213028520
P3, tp=7, ts=7, x0=187498055, x1=177605669
P0, tp=7, ts=7
P0, tp=7, ts=7
P1, tp=7, ts=7, x0=608727628
P2, tp=7, ts=7, x0=697693402, x1=827760083
P2, tp=7, ts=7, x0=122088512, x1=688518772
P0, tp=7, ts=7
P2, tp=7, ts=7, x0=752075541, x1=157547610
P0, tp=7, ts=7
P2, tp=7, ts=7, x0=137995652, x1=178707963
P2, tp=7, ts=7, x0=517025485, x1=177605669
P0, tp=7, ts=7
P2, tp=7, ts=7, x0=319087073, x1=976008645
P1, tp=7, ts=7, x0=956143349
P3, tp=7, ts=7, x0=332850846, x1=956143349
P0, tp=7, ts=7
P0, tp=7, ts=7
P3, tp=7, ts=7, x0=932614293, x1=168980624
P0, tp=7, ts=7
P1, tp=7, ts=7, x0=748052066
P2, tp=7, ts=7, x0=45951975, x1=265819506
P3, tp=7, ts=7, x0=517025485, x1=477616538
P1, tp=7, ts=7, x0=627375426
P3, tp=7, ts=7, x0=691364092, x1=375871556
P2, tp=7, ts=7, x0=822678545, x1=459470182
P2, tp=7, ts=7, x0=521435522, x1=747068441
P3, tp=7, ts=7, x0=937242680, x1=797699563
P2, tp=7, ts=7, x0=809815384, x1=38162545
P0, tp=7, ts=7
P1, tp=7, ts=7, x0=310156684
P2, tp=7, ts=7, x0=608727628, x1=68732922
P2, tp=7, ts=7, x0=387069668, x1=213028520
P1, tp=7, ts=7, x0=721393634
P3, tp=7, ts=7, x0=740736543, x1=708633412
P0, tp=7, ts=7
P0, tp=7, ts=7
P2, tp=7, ts=7, x0=418892856, x1=608727628
P2, tp=7, ts=7, x0=348970867, x1=474942301
P0, tp=7, ts=7
P3, tp=7, ts=7, x0=881216091, x1=659197931
P3, tp=7, ts=7, x0=122088512, x1=348970867
P3, tp=7, ts=7, x0=822678545, x1=36811890
P1, tp=7, ts=7, x0=934400684
P0, tp=7, ts=7
P2, tp=7, ts=7, x0=380238356, x1=122088512
P0, tp=7, ts=7
P0, tp=7, ts=7
P3, tp=7, ts=7, x0=213028520, x1=684086643
P0, tp=7, ts=7
P2, tp=7, ts=7, x0=956143349, x1=112895561
P2, tp=7, ts=7, x0=329515871, x1=782186587
P0, tp=7, ts=7
P3, tp=7, ts=7, x0=752075541, x1=387069668
P3, tp=7, ts=7, x0=572270637, x1=189440773
P3, tp=7, ts=7, x0=973370573, x1=114543374
P2, tp=7, ts=7, x0=505076929, x1=595688185
P1, tp=7, ts=7, x0=112895561
P0, tp=7, ts=7
P3, tp=7, ts=7, x0=350833544, x1=15268353
P3, tp=7, ts=7, x0=189440773, x1=932609710
P0, tp=7, ts=7
P0, tp=7, ts=7
P3, tp=7, ts=7, x0=710935671, x1=636142374
P1, tp=7, ts=7, x0=178707963
P2, tp=7, ts=7, x0=387069668, x1=636142374
P0, tp=7, ts=7
P1, tp=7, ts=7, x0=480377009
P0, tp=7, ts=7
P0, tp=7, ts=7
P0, tp=7, ts=7
P0, tp=7, ts=7
P1, tp=7, ts=7, x0=274805406
P2, tp=7, ts=7, x0=574472811, x1=53171466
P2, tp=7, ts=7, x0=797699563, x1=574472811
P3, tp=7, ts=7, x0=752075541, x1=208713609
P3, tp=7, ts=7, x0=659197931, x1=688518772
P0, tp=7, ts=7
P2, tp=7, ts=7, x0=932609710, x1=154463842
P3, tp=7, ts=7, x0=208202698, x1=339642720
P0, tp=7, ts=7
P1, tp=7, ts=7, x0=659197931
P2, tp=7, ts=7, x0=932614293, x1=782186587
P3, tp=7, ts=7, x0=500845362, x1=955039569
P0, tp=7, ts=7
P0, tp=7, ts=7
P2, tp=7, ts=7, x0=726788942, x1=748052066
P2, tp=7, ts=7, x0=265819506, x1=636142374
P2, tp=7, ts=7, x0=556594, x1=969430043
P0, tp=7, ts=7
P1, tp=7, ts=7, x0=973370573
P3, tp=7, ts=7, x0=782186587, x1=350833544
P1, tp=7, ts=7, x0=319087073
P2, tp=7, ts=7, x0=53171466, x1=721393634
P2, tp=7, ts=7, x0=879001706, x1=418892856
P1, tp=7, ts=7, x0=595688185
P0, tp=7, ts=7
P3, tp=7, ts=7, x0=934400684, x1=319087073
P0, tp=7, ts=7
P3, tp=7, ts=7, x0=332850846, x1=112895561
P0, tp=7, ts=7
P2, tp=7, ts=7, x0=765811245, x1=183427998
P2, tp=7, ts=7, x0=229122669, x1=85177655
P0, tp=7, ts=7
P0, tp=7, ts=7
P1, tp=7, ts=7, x0=42634425
P1, tp=7, ts=7, x0=163410501
P1, tp=7, ts=7, x0=937242680
P2, tp=7, ts=7, x0=627375426, x1=271567608
P2, tp=7, ts=7, x0=708633412, x1=480377009
P3, tp=7, ts=7, x0=955039569, x1=695213184
P1, tp=7, ts=7, x0=765811245
P0, tp=7, ts=7
P0, tp=7, ts=7
P2, tp=7, ts=7, x0=213028520, x1=163410501
P3, tp=7, ts=7, x0=972999477, x1=932609710
P2, tp=7, ts=7, x0=627375426, x1=42634425
P1, tp=7, ts=7, x0=308581288
P3, tp=7, ts=7, x0=15268353, x1=827760083
P2, tp=7, ts=7, x0=627375426, x1=274805406
P1, tp=7, ts=7, x0=955039569
P0, tp=7, ts=7
P3, tp=7, ts=7, x0=208713609, x1=51298768
P1, tp=7, ts=7, x0=951706554
P0, tp=7, ts=7
P3, tp=7, ts=7, x0=932614293, x1=308581288
P1, tp=7, ts=7, x0=612746923
P2, tp=7, ts=7, x0=955039569, x1=572270637
P1, tp=7, ts=7, x0=612746923
P2, tp=7, ts=7, x0=187498055, x1=178707963
P2, tp=7, ts=7, x0=183427998, x1=747068441
P0, tp=7, ts=7
P0, tp=7, ts=7
P1, tp=7, ts=7, x0=972999477
P3, tp=7, ts=7, x0=198906492, x1=317625599
P2, tp=7, ts=7, x0=627375426, x1=136370809
P2, tp=7, ts=7, x0=695213184, x1=361307135
P2, tp=7, ts=7, x0=737250489, x1=229122669
P2, tp=7, ts=7, x0=684086643, x1=85177655
P0, tp=7, ts=7
P3, tp=7, ts=7, x0=861201589, x1=136370809
P3, tp=7, ts=7, x0=612746923, x1=332850846
P1, tp=7, ts=7, x0=752075541
P0, tp=7, ts=7
P1, tp=7, ts=7, x0=969430043
P0, tp=7, ts=7
P1, tp=7, ts=7, x0=797699563
P2, tp=7, ts=7, x0=934400684, x1=939342317
P2, tp=7, ts=7, x0=612746923, x1=154463842
P3, tp=7, ts=7, x0=367241594, x1=708633412
P1, tp=7, ts=7, x0=310156684
P3, tp=7, ts=7, x0=384733233, x1=42634425
P3, tp=7, ts=7, x0=595090153, x1=627375426
P2, tp=7, ts=7, x0=137995652, x1=154463842
P1, tp=7, ts=7, x0=137995652
P1, tp=7, ts=7, x0=187498055
P2, tp=7, ts=7, x0=500845362, x1=189440773
P2, tp=7, ts=7, x0=68732922, x1=112895561
P2, tp=7, ts=7, x0=375871556, x1=250892749
P0, tp=7, ts=7
P1, tp=7, ts=7, x0=447045436
P3, tp=7, ts=7, x0=457806080, x1=477616538
P3, tp=7, ts=7, x0=271567608, x1=500845362
P3, tp=7, ts=7, x0=271567608, x1=721393634
P1, tp=7, ts=7, x0=271862780
P2, tp=7, ts=7, x0=387069668, x1=765811245
P3, tp=7, ts=7, x0=695213184, x1=51298768
P2, tp=7, ts=7, x0=952022390, x1=608727628
P1, tp=7, ts=7, x0=752075541
P3, tp=7, ts=7, x0=310156684, x1=178707963
P1, tp=7, ts=7, x0=955039569
P3, tp=7, ts=7, x0=42634425, x1=658754500
P2, tp=7, ts=7, x0=187498055, x1=740736543
P0, tp=7, ts=7
P2, tp=7, ts=7, x0=595688185, x1=229122669
P2, tp=7, ts=7, x0=397341233, x1=170624020
P3, tp=7, ts=7, x0=955039569, x1=218080949
P0, tp=7, ts=7
P3, tp=7, ts=7, x0=317625599, x1=274805406
P1, tp=7, ts=7, x0=271567608
P2, tp=7, ts=7, x0=636142374, x1=310156684
P3, tp=7, ts=7, x0=939342317, x1=553592147
P0, tp=7, ts=7
P1, tp=7, ts=7, x0=608727628
P0, tp=7, ts=7
P2, tp=7, ts=7, x0=380238356, x1=381554859
P3, tp=7, ts=7, x0=806431899, x1=85177655
P2, tp=7, ts=7, x0=51298768, x1=955039569
P1, tp=7, ts=7, x0=168980624
P0, tp=7, ts=7
P1, tp=7, ts=7, x0=45951975
P2, tp=7, ts=7, x0=976008645, x1=178707963
P0, tp=7, ts=7
P1, tp=7, ts=7, x0=595688185
P3, tp=7, ts=7, x0=308581288, x1=319087073
P1, tp=7, ts=7, x0=616494935
P3, tp=7, ts=7, x0=348970867, x1=553592147
P2, tp=7, ts=7, x0=332850846, x1=747068441
P0, tp=7, ts=7
P3, tp=7, ts=7, x0=726788942, x1=710935671
P1, tp=7, ts=7, x0=112895561
P2, tp=7, ts=7, x0=477616538, x1=85177655
P3, tp=7, ts=7, x0=861201589, x1=168980624
P2, tp=7, ts=7, x0=172972170, x1=932614293
P0, tp=7, ts=7
P3, tp=7, ts=7, x0=636142374, x1=429758646
P3, tp=7, ts=7, x0=350833544, x1=187498055
P3, tp=7, ts=7, x0=932614293, x1=85177655
P2, tp=7, ts=7, x0=208713609, x1=861201589
P0, tp=7, ts=7
P2, tp=7, ts=7, x0=319087073, x1=136370809
P3, tp=7, ts=7, x0=710935671, x1=659197931
P0, tp=7, ts=7
P2, tp=7, ts=7, x0=310156684, x1=136370809
P2, tp=7, ts=7, x0=608727628, x1=595090153
P2, tp=7, ts=7, x0=636142374, x1=384733233
P3, tp=7, ts=7, x0=955039569, x1=85177655
P2, tp=7, ts=7, x0=973370573, x1=849540748
P0, tp=7, ts=7
P0, tp=7, ts=7
P1, tp=7, ts=7, x0=137995652
P3, tp=7, ts=7, x0=765811245, x1=627375426
P1, tp=7, ts=7, x0=387069668
P3, tp=7, ts=7, x0=712947938, x1=178707963
P3, tp=7, ts=7, x0=168980624, x1=239708445
P1, tp=7, ts=7, x0=381554859
P0, tp=7, ts=7
P2, tp=7, ts=7, x0=556594, x1=397341233
P3, tp=7, ts=7, x0=381554859, x1=951706554
P3, tp=7, ts=7, x0=168980624, x1=208202698
P0, tp=7, ts=7
P3, tp=7, ts=7, x0=310156684, x1=198906492
P2, tp=7, ts=7, x0=271567608, x1=976008645
P3, tp=7, ts=7, x0=721393634, x1=956143349
P0, tp=7, ts=7
P2, tp=7, ts=7, x0=239708445, x1=822678545
P2, tp=7, ts=7, x0=544701979, x1=879001706
P2, tp=7, ts=7, x0=934400684, x1=42634425
P0, tp=7, ts=7
P2, tp=7, ts=7, x0=350833544, x1=973370573
P3, tp=7, ts=7, x0=688518772, x1=208713609
P1, tp=7, ts=7, x0=612746923
P3, tp=7, ts=7, x0=658754500, x1=973370573
P0, tp=7, ts=7
P2, tp=7, ts=7, x0=154463842, x1=595688185
P1, tp=7, ts=7, x0=748052066
P0, tp=7, ts=7
P2, tp=7, ts=7, x0=213028520, x1=163410501
P2, tp=7, ts=7, x0=806431899, x1=239708445
P1, tp=7, ts=7, x0=480377009
P0, tp=7, ts=7
P1, tp=7, ts=7, x0=700816526
P0, tp=7, ts=7
P3, tp=7, ts=7, x0=195033435, x1=752075541
P0, tp=7, ts=7
P2, tp=7, ts=7, x0=380238356, x1=65557192
P0, tp=7, ts=7
P1, tp=7, ts=7, x0=329515871
P3, tp=7, ts=7, x0=721393634, x1=973370573
P0, tp=7, ts=7
P0, tp=7, ts=7
P2, tp=7, ts=7, x0=939342317, x1=849540748
P1, tp=7, ts=7, x0=955039569
P1, tp=7, ts=7, x0=447045436
P2, tp=7, ts=7, x0=480377009, x1=939342317
P3, tp=7, ts=7, x0=781601832, x1=934400684
P0, tp=7, ts=7
P3, tp=7, ts=7, x0=972999477, x1=939342317
P0, tp=7, ts=7
P3, tp=7, ts=7, x0=332850846, x1=45951975
P2, tp=7, ts=7, x0=556594, x1=380238356
P2, tp=7, ts=7, x0=480377009, x1=710935671
P1, tp=7, ts=7, x0=271862780
P2, tp=7, ts=7, x0=239708445, x1=932609710
P2, tp=7, ts=7, x0=208713609, x1=714780081
P0, tp=7, ts=7
P1, tp=7, ts=7, x0=154463842
P0, tp=7, ts=7
P3, tp=7, ts=7, x0=505076929, x1=310156684
P0, tp=7, ts=7
P2, tp=7, ts=7, x0=498248164, x1=956143349
P1, tp=7, ts=7, x0=195033435
P3, tp=7, ts=7, x0=544701979, x1=809815384
P1, tp=7, ts=7, x0=612746923
P1, tp=7, ts=7, x0=976008645
P1, tp=7, ts=7, x0=554526673
P1, tp=7, ts=7, x0=375871556
P3, tp=7, ts=7, x0=85177655, x1=714780081
P1, tp=7, ts=7, x0=879001706
P1, tp=7, ts=7, x0=517025485
P0, tp=7, ts=7
P2, tp=7, ts=7, x0=170624020, x1=367241594
P3, tp=7, ts=7, x0=748052066, x1=348970867
P0, tp=7, ts=7
P3, tp=7, ts=7, x0=348970867, x1=271862780
P3, tp=7, ts=7, x0=955039569, x1=397341233
P1, tp=7, ts=7, x0=265819506
P0, tp=7, ts=7
P2, tp=7, ts=7, x0=827760083, x1=429758646
P1, tp=7, ts=7, x0=397341233
P1, tp=7, ts=7, x0=218080949
P3, tp=7, ts=7, x0=616494935, x1=688518772
P2, tp=7, ts=7, x0=748052066, x1=684086643
P0, tp=7, ts=7
P3, tp=7, ts=7, x0=616494935, x1=932609710
P3, tp=7, ts=7, x0=49151050, x1=480377009
P3, tp=7, ts=7, x0=274805406, x1=198906492
P1, tp=7, ts=7, x0=350833544
P0, tp=7, ts=7
P2, tp=7, ts=7, x0=934400684, x1=213028520
P0, tp=7, ts=7
P0, tp=7, ts=7
P2, tp=7, ts=7, x0=154463842, x1=616494935
P0, tp=7, ts=7
P0, tp=7, ts=7
P1, tp=7, ts=7, x0=952022390
P3, tp=7, ts=7, x0=137995652, x1=489243614
P3, tp=7, ts=7, x0=415232822, x1=976008645
P2, tp=7, ts=7, x0=827760083, x1=213028520
P2, tp=7, ts=7, x0=710935671, x1=572270637
P1, tp=7, ts=7, x0=367241594
P3, tp=7, ts=7, x0=265819506, x1=187498055
P3, tp=7, ts=7, x0=726983517, x1=195033435
P0, tp=7, ts=7
P3, tp=7, ts=7, x0=879001706, x1=900855224
P3, tp=7, ts=7, x0=310156684, x1=375871556
P1, tp=7, ts=7, x0=781601832
P1, tp=7, ts=7, x0=976008645
P2, tp=7, ts=7, x0=861201589, x1=595688185
P3, tp=7, ts=7, x0=384733233, x1=218080949
P2, tp=7, ts=7, x0=489243614, x1=849540748
P0, tp=7, ts=7
P2, tp=7, ts=7, x0=345030965, x1=85177655
P0, tp=7, ts=7
P3, tp=7, ts=7, x0=881216091, x1=172972170
P2, tp=7, ts=7, x0=2568354, x1=616494935
P3, tp=7, ts=7, x0=879001706, x1=168980624
P2, tp=7, ts=7, x0=415232822, x1=939342317
P2, tp=7, ts=7, x0=612746923, x1=361307135
P0, tp=7, ts=7
P3, tp=7, ts=7, x0=567850687, x1=782186587
P1, tp=7, ts=7, x0=781601832
P3, tp=7, ts=7, x0=608727628, x1=271567608
P2, tp=7, ts=7, x0=849540748, x1=726788942
P1, tp=7, ts=7, x0=49151050
P0, tp=7, ts=7
P0, tp=7, ts=7
P0, tp=7, ts=7
P1, tp=7, ts=7, x0=951706554
P1, tp=7, ts=7, x0=208202698
P2, tp=7, ts=7, x0=375871556, x1=170624020
P3, tp=7, ts=7, x0=415232822, x1=544701979
P2, tp=7, ts=7, x0=781601832, x1=822678545
P3, tp=7, ts=7, x0=45951975, x1=726983517
P2, tp=7, ts=7, x0=608727628, x1=397341233
P2, tp=7, ts=7, x0=556594, x1=302023083
P3, tp=7, ts=7, x0=900855224, x1=480377009
P0, tp=7, ts=7
P2, tp=7, ts=7, x0=85177655, x1=752075541
P2, tp=7, ts=7, x0=308581288, x1=932609710
P0, tp=7, ts=7
P1, tp=7, ts=7, x0=172972170
P0, tp=7, ts=7
P0, tp=7, ts=7
P2, tp=7, ts=7, x0=308581288, x1=112192426
P2, tp=7, ts=7, x0=554526673, x1=936759123
P0, tp=7, ts=7
P1, tp=7, ts=7, x0=721393634
P1, tp=7, ts=7, x0=969430043
P1, tp=7, ts=7, x0=49151050
P1, tp=7, ts=7, x0=572270637
P1, tp=7, ts=7, x0=714780081
P0, tp=7, ts=7
P0, tp=7, ts=7
P1, tp=7, ts=7, x0=721393634
P0, tp=7, ts=7
P0, tp=7, ts=7
P2, tp=7, ts=7, x0=172972170, x1=714780081
P3, tp=7, ts=7, x0=932609710, x1=544701979
P1, tp=7, ts=7, x0=595688185
P3, tp=7, ts=7, x0=748052066, x1=595090153
P3, tp=7, ts=7, x0=743456985, x1=608727628
P2, tp=7, ts=7, x0=822678545, x1=218080949
P3, tp=7, ts=7, x0=980705516, x1=743456985
P0, tp=7, ts=7
P1, tp=7, ts=7, x0=136370809
P0, tp=7, ts=7
P3, tp=7, ts=7, x0=726788942, x1=345030965
P0, tp=7, ts=7
P3, tp=7, ts=7, x0=712947938, x1=556594
P2, tp=7, ts=7, x0=748052066, x1=308581288
P1, tp=7, ts=7, x0=822678545
P1, tp=7, ts=7, x0=554526673
P1, tp=7, ts=7, x0=447045436
P2, tp=7, ts=7, x0=748052066, x1=136370809
P3, tp=7, ts=7, x0=517025485, x1=740736543
P2, tp=7, ts=7, x0=934400684, x1=418892856
P1, tp=7, ts=7, x0=714780081
P2, tp=7, ts=7, x0=969430043, x1=688518772
P2, tp=7, ts=7, x0=271862780, x1=714780081
P2, tp=7, ts=7, x0=934400684, x1=85177655
P2, tp=7, ts=7, x0=937242680, x1=937242680
P0, tp=7, ts=7
P0, tp=7, ts=7
P3, tp=7, ts=7, x0=206750180, x1=553592147
P3, tp=7, ts=7, x0=757338871, x1=229122669
P1, tp=7, ts=7, x0=973370573
P0, tp=7, ts=7
P3, tp=7, ts=7, x0=740736543, x1=708633412
P2, tp=7, ts=7, x0=554526673, x1=862056810
P2, tp=7, ts=7, x0=752075541, x1=822678545
P0, tp=7, ts=7
P1, tp=7, ts=7, x0=195033435
P0, tp=7, ts=7
P3, tp=7, ts=7, x0=375871556, x1=900855224
P0, tp=7, ts=7
P2, tp=7, ts=7, x0=879001706, x1=447045436
P0, tp=7, ts=7
P3, tp=7, ts=7, x0=45951975, x1=726983517
P2, tp=7, ts=7, x0=932614293, x1=572270637
P0, tp=7, ts=7
P3, tp=7, ts=7, x0=195033435, x1=980705516
P3, tp=7, ts=7, x0=463803964, x1=85177655
P3, tp=7, ts=7, x0=361307135, x1=498248164
P2, tp=7, ts=7, x0=505076929, x1=976008645
P0, tp=7, ts=7
P0, tp=7, ts=7
P3, tp=7, ts=7, x0=881216091, x1=934400684
P3, tp=7, ts=7, x0=170624020, x1=213028520
P1, tp=7, ts=7, x0=168980624
P0, tp=7, ts=7
P0, tp=7, ts=7
P3, tp=7, ts=7, x0=544701979, x1=271567608
P1, tp=7, ts=7, x0=438415994
P2, tp=7, ts=7, x0=85177655, x1=332850846
P1, tp=7, ts=7, x0=489243614
P0, tp=7, ts=7
P2, tp=7, ts=7, x0=972999477, x1=809815384
P1, tp=7, ts=7, x0=572270637
P0, tp=7, ts=7
P0, tp=7, ts=7
P0, tp=7, ts=7
P3, tp=7, ts=7, x0=658754500, x1=310156684
P2, tp=7, ts=7, x0=708633412, x1=168980624
P3, tp=7, ts=7, x0=861201589, x1=726788942
P2, tp=7, ts=7, x0=952022390, x1=881216091
P3, tp=7, ts=7, x0=213028520, x1=835491395
P3, tp=7, ts=7, x0=881216091, x1=743456985
P2, tp=7, ts=7, x0=951706554, x1=721393634
P0, tp=7, ts=7
P3, tp=7, ts=7, x0=422559397, x1=308581288
P1, tp=7, ts=7, x0=2568354
P1, tp=7, ts=7, x0=923296263
P1, tp=7, ts=7, x0=345030965
P0, tp=7, ts=7
P0, tp=7, ts=7
P2, tp=7, ts=7, x0=972999477, x1=178707963
P0, tp=7, ts=7
P3, tp=7, ts=7, x0=170624020, x1=308581288
P1, tp=7, ts=7, x0=554526673
P2, tp=7, ts=7, x0=463803964, x1=757338871
P1, tp=7, ts=7, x0=612746923
P2, tp=7, ts=7, x0=748052066, x1=827760083
P2, tp=7, ts=7, x0=187498055, x1=726788942
P0, tp=7, ts=7
P3, tp=7, ts=7, x0=384733233, x1=15268353
P0, tp=7, ts=7
P3, tp=7, ts=7, x0=187498055, x1=743456985
P3, tp=7, ts=7, x0=740736543, x1=544701979
P3, tp=7, ts=7, x0=206750180, x1=271862780
P0, tp=7, ts=7
P3, tp=7, ts=7, x0=229122669, x1=554526673
P2, tp=7, ts=7, x0=822678545, x1=862056810
P1, tp=7, ts=7, x0=85177655
P1, tp=7, ts=7, x0=136370809
P1, tp=7, ts=7, x0=980705516
P0, tp=7, ts=7
P2, tp=7, ts=7, x0=937242680, x1=438415994
P3, tp=7, ts=7, x0=752075541, x1=428530342
P0, tp=7, ts=7
P2, tp=7, ts=7, x0=712947938, x1=757338871
P2, tp=7, ts=7, x0=710935671, x1=726983517
P2, tp=7, ts=7, x0=195033435, x1=544701979
P1, tp=7, ts=7, x0=170624020
P0, tp=7, ts=7
P3, tp=7, ts=7, x0=271862780, x1=879001706
P1, tp=7, ts=7, x0=806431899
P2, tp=7, ts=7, x0=748052066, x1=498248164
P3, tp=7, ts=7, x0=208713609, x1=498248164
P2, tp=7, ts=7, x0=937242680, x1=229122669
P2, tp=7, ts=7, x0=612746923, x1=361307135
P0, tp=7, ts=7
P1, tp=7, ts=7, x0=287729989
P2, tp=7, ts=7, x0=287729989, x1=429758646
P0, tp=7, ts=7
P3, tp=7, ts=7, x0=302023083, x1=361307135
P0, tp=7, ts=7
P3, tp=7, ts=7, x0=806431899, x1=862056810
P2, tp=7, ts=7, x0=615641913, x1=934400684
P3, tp=7, ts=7, x0=310156684, x1=154463842
P3, tp=7, ts=7, x0=544701979, x1=740736543
P2, tp=7, ts=7, x0=879001706, x1=743456985
P3, tp=7, ts=7, x0=271567608, x1=806431899
P0, tp=7, ts=7
P3, tp=7, ts=7, x0=168980624, x1=239708445
P3, tp=7, ts=7, x0=822678545, x1=806431899
P3, tp=7, ts=7, x0=229122669, x1=739044663
P0, tp=7, ts=7
P3, tp=7, ts=7, x0=743456985, x1=45951975
P1, tp=7, ts=7, x0=966231251
P2, tp=7, ts=7, x0=2568354, x1=163410501
P2, tp=7, ts=7, x0=429758646, x1=708633412
P3, tp=7, ts=7, x0=726788942, x1=168980624
P3, tp=7, ts=7, x0=664371258, x1=438415994
P0, tp=7, ts=7
P2, tp=7, ts=7, x0=361307135, x1=428530342
P2, tp=7, ts=7, x0=172972170, x1=367241594
P0, tp=7, ts=7
P3, tp=7, ts=7, x0=688518772, x1=595090153
P3, tp=7, ts=7, x0=329515871, x1=208202698
P3, tp=7, ts=7, x0=572270637, x1=172972170
P3, tp=7, ts=7, x0=9985140, x1=195033435
P1, tp=7, ts=7, x0=195033435
P0, tp=7, ts=7
P1, tp=7, ts=7, x0=489243614
P2, tp=7, ts=7, x0=822678545, x1=781601832
P0, tp=7, ts=7
P2, tp=7, ts=7, x0=188878972, x1=849540748
P3, tp=7, ts=7, x0=287729989, x1=743456985
P1, tp=7, ts=7, x0=615641913
P1, tp=7, ts=7, x0=849540748
P2, tp=7, ts=7, x0=595090153, x1=447045436
P2, tp=7, ts=7, x0=112306834, x1=923296263
P1, tp=7, ts=7, x0=345030965
P2, tp=7, ts=7, x0=739044663, x1=726983517
P2, tp=7, ts=7, x0=757338871, x1=849540748
P1, tp=7, ts=7, x0=332850846
P2, tp=7, ts=7, x0=726983517, x1=361307135
P3, tp=7, ts=7, x0=658754500, x1=951706554
P2, tp=7, ts=7, x0=772445030, x1=972999477
P2, tp=7, ts=7, x0=496702222, x1=939342317
P3, tp=7, ts=7, x0=849540748, x1=206750180
P1, tp=7, ts=7, x0=806431899
P2, tp=7, ts=7, x0=112192426, x1=310156684
P2, tp=7, ts=7, x0=918798986, x1=239708445
P2, tp=7, ts=7, x0=208713609, x1=881216091
P3, tp=7, ts=7, x0=554526673, x1=806431899
P1, tp=7, ts=7, x0=772445030
P1, tp=7, ts=7, x0=700816526
P0, tp=7, ts=7
P3, tp=7, ts=7, x0=163410501, x1=136370809
P0, tp=7, ts=7
P0, tp=7, ts=7
P1, tp=7, ts=7, x0=664371258
P2, tp=7, ts=7, x0=23866347, x1=15268353
P1, tp=7, ts=7, x0=726983517
P1, tp=8, ts=8, x0=195033435
P2, tp=8, ts=8, x0=823920997, x1=849540748
P0, tp=8, ts=8
P1, tp=8, ts=8, x0=664371258
P1, tp=8, ts=8, x0=239708445
P0, tp=8, ts=8
P2, tp=8, ts=8, x0=849540748, x1=23866347
P1, tp=8, ts=8, x0=861201589
P3, tp=8, ts=8, x0=429758646, x1=489243614
P2, tp=8, ts=8, x0=380238356, x1=923296263
P3, tp=8, ts=8, x0=9985140, x1=772445030
P2, tp=8, ts=8, x0=85177655, x1=939342317
P2, tp=8, ts=8, x0=163410501, x1=397341233
P3, tp=8, ts=8, x0=939342317, x1=188878972
P1, tp=8, ts=8, x0=554526673
P1, tp=8, ts=8, x0=966231251
P3, tp=8, ts=8, x0=422559397, x1=664371258
P2, tp=8, ts=8, x0=500231923, x1=616494935
P2, tp=8, ts=8, x0=188878972, x1=748052066
P0, tp=8, ts=8
P1, tp=8, ts=8, x0=206750180
P0, tp=8, ts=8
P3, tp=8, ts=8, x0=823920997, x1=826913284
P0, tp=8, ts=8
P2, tp=8, ts=8, x0=936759123, x1=712947938
P2, tp=8, ts=8, x0=937242680, x1=688518772
P0, tp=8, ts=8
P3, tp=8, ts=8, x0=170624020, x1=387069668
P3, tp=8, ts=8, x0=163410501, x1=918798986
P1, tp=8, ts=8, x0=743456985
P0, tp=8, ts=8
P3, tp=8, ts=8, x0=739044663, x1=112306834
P0, tp=8, ts=8
P0, tp=8, ts=8
P2, tp=8, ts=8, x0=213028520, x1=553592147
P0, tp=8, ts=8
P1, tp=8, ts=8, x0=9985140
P0, tp=8, ts=8
P1, tp=8, ts=8, x0=782186587
P0, tp=8, ts=8
P2, tp=8, ts=8, x0=595090153, x1=208713609
P2, tp=8, ts=8, x0=438415994, x1=438415994
P3, tp=8, ts=8, x0=726788942, x1=697358937
P1, tp=8, ts=8, x0=556594
P1, tp=8, ts=8, x0=15268353
P0, tp=8, ts=8
P1, tp=8, ts=8, x0=966231251
P1, tp=8, ts=8, x0=572270637
P3, tp=8, ts=8, x0=500231923, x1=85177655
P3, tp=8, ts=8, x0=428530342, x1=489243614
P2, tp=8, ts=8, x0=881216091, x1=122493935
P3, tp=8, ts=8, x0=112192426, x1=229122669
P1, tp=8, ts=8, x0=960775700
P1, tp=8, ts=8, x0=163410501
P3, tp=8, ts=8, x0=271567608, x1=112192426
P3, tp=8, ts=8, x0=544701979, x1=170624020
P1, tp=8, ts=8, x0=345030965
P3, tp=8, ts=8, x0=188878972, x1=952022390
P2, tp=8, ts=8, x0=384733233, x1=556594
P1, tp=8, ts=8, x0=500231923
P2, tp=8, ts=8, x0=980705516, x1=952022390
P1, tp=8, ts=8, x0=781601832
P3, tp=8, ts=8, x0=700816526, x1=208202698
P0, tp=8, ts=8
P2, tp=8, ts=8, x0=879001706, x1=332850846
P3, tp=8, ts=8, x0=195033435, x1=861201589
P2, tp=8, ts=8, x0=923296263, x1=934400684
P3, tp=8, ts=8, x0=308581288, x1=380238356
P1, tp=8, ts=8, x0=823920997
P2, tp=8, ts=8, x0=923296263, x1=195033435
P2, tp=8, ts=8, x0=918863245, x1=208713609
P0, tp=8, ts=8
P1, tp=8, ts=8, x0=781601832
P2, tp=8, ts=8, x0=835491395, x1=914774884
P0, tp=8, ts=8
P2, tp=8, ts=8, x0=849540748, x1=489243614
P1, tp=8, ts=8, x0=939342317
P0, tp=8, ts=8
P3, tp=8, ts=8, x0=743456985, x1=781601832
P3, tp=8, ts=8, x0=544701979, x1=966231251
P1, tp=8, ts=8, x0=743456985
P2, tp=8, ts=8, x0=781601832, x1=739044663
P0, tp=8, ts=8
P2, tp=8, ts=8, x0=966231251, x1=500231923
P2, tp=8, ts=8, x0=170624020, x1=49151050
P2, tp=8, ts=8, x0=361307135, x1=951706554
P1, tp=8, ts=8, x0=178707963
P1, tp=8, ts=8, x0=387069668
P2, tp=8, ts=8, x0=697358937, x1=721393634
P1, tp=8, ts=8, x0=397341233
P3, tp=8, ts=8, x0=823920997, x1=743456985
P2, tp=8, ts=8, x0=208202698, x1=287729989
P0, tp=8, ts=8
P0, tp=8, ts=8
P1, tp=8, ts=8, x0=567850687
P3, tp=8, ts=8, x0=556594, x1=112306834
P3, tp=8, ts=8, x0=772445030, x1=556594
P0, tp=8, ts=8
P2, tp=8, ts=8, x0=271862780, x1=700816526
P3, tp=8, ts=8, x0=361307135, x1=486403572
P2, tp=8, ts=8, x0=163410501, x1=826913284
P0, tp=8, ts=8
P1, tp=8, ts=8, x0=721393634
P3, tp=8, ts=8, x0=67069358, x1=539890280
P0, tp=8, ts=8
P1, tp=8, ts=8, x0=208713609
P1, tp=8, ts=8, x0=429758646
P3, tp=8, ts=8, x0=615641913, x1=823620660
P0, tp=8, ts=8
P2, tp=8, ts=8, x0=544701979, x1=556594
P1, tp=8, ts=8, x0=428530342
P0, tp=8, ts=8
P2, tp=8, ts=8, x0=239708445, x1=849540748
P3, tp=8, ts=8, x0=429758646, x1=823620660
P1, tp=8, ts=8, x0=712947938
P1, tp=8, ts=8, x0=708633412
P0, tp=8, ts=8
P0, tp=8, ts=8
P1, tp=8, ts=8, x0=239708445
P0, tp=8, ts=8
P0, tp=8, ts=8
P2, tp=8, ts=8, x0=67069358, x1=112192426
P3, tp=8, ts=8, x0=900855224, x1=712947938
P3, tp=8, ts=8, x0=492290108, x1=467134771
P2, tp=8, ts=8, x0=65557192, x1=415232822
P3, tp=8, ts=8, x0=914774884, x1=65557192
P1, tp=8, ts=8, x0=112306834
P2, tp=8, ts=8, x0=544701979, x1=835491395
P3, tp=8, ts=8, x0=213028520, x1=748052066
P2, tp=8, ts=8, x0=496702222, x1=397341233
P0, tp=8, ts=8
P0, tp=8, ts=8
P1, tp=8, ts=8, x0=208202698
P0, tp=8, ts=8
P1, tp=8, ts=8, x0=500231923
P2, tp=8, ts=8, x0=188878972, x1=213028520
P2, tp=8, ts=8, x0=539890280, x1=438415994
P1, tp=8, ts=8, x0=208713609
P1, tp=8, ts=8, x0=544701979
P2, tp=8, ts=8, x0=308581288, x1=208202698
P2, tp=8, ts=8, x0=11998615, x1=748052066
P1, tp=8, ts=8, x0=960775700
P0, tp=8, ts=8
P3, tp=8, ts=8, x0=934400684, x1=980705516
P0, tp=8, ts=8
P3, tp=8, ts=8, x0=726788942, x1=208713609
P0, tp=8, ts=8
P0, tp=8, ts=8
P1, tp=8, ts=8, x0=85177655
P2, tp=8, ts=8, x0=49151050, x1=726983517
P1, tp=8, ts=8, x0=595688185
P0, tp=8, ts=8
P3, tp=8, ts=8, x0=415232822, x1=932609710
P3, tp=8, ts=8, x0=141389909, x1=726788942
P1, tp=8, ts=8, x0=178707963
P3, tp=8, ts=8, x0=2568354, x1=85177655
P2, tp=8, ts=8, x0=544701979, x1=556594
P2, tp=8, ts=8, x0=15268353, x1=271567608
P3, tp=8, ts=8, x0=141389909, x1=688518772
P0, tp=8, ts=8
P3, tp=8, ts=8, x0=208202698, x1=879001706
P2, tp=8, ts=8, x0=881216091, x1=923296263
P2, tp=8, ts=8, x0=849540748, x1=429758646
P2, tp=8, ts=8, x0=397341233, x1=85177655
P3, tp=8, ts=8, x0=726983517, x1=523403424
P0, tp=8, ts=8
P3, tp=8, ts=8, x0=849540748, x1=136370809
P1, tp=8, ts=8, x0=355656593
P1, tp=8, ts=8, x0=835491395
P1, tp=8, ts=8, x0=81792497
P3, tp=8, ts=8, x0=489243614, x1=595688185
P0, tp=8, ts=8
P1, tp=8, ts=8, x0=361307135
P3, tp=8, ts=8, x0=271567608, x1=397341233
P2, tp=8, ts=8, x0=428530342, x1=141389909
P2, tp=8, ts=8, x0=960775700, x1=308581288
P0, tp=8, ts=8
P3, tp=8, ts=8, x0=206750180, x1=123079245
P1, tp=8, ts=8, x0=595688185
P0, tp=8, ts=8
P0, tp=8, ts=8
P2, tp=8, ts=8, x0=700816526, x1=862056810
P2, tp=8, ts=8, x0=567850687, x1=966231251
P3, tp=8, ts=8, x0=195033435, x1=15268353
P3, tp=8, ts=8, x0=178707963, x1=463803964
P1, tp=8, ts=8, x0=178707963
P3, tp=8, ts=8, x0=615641913, x1=302023083
P3, tp=8, ts=8, x0=700816526, x1=136370809
P0, tp=8, ts=8
P0, tp=8, ts=8
P2, tp=8, ts=8, x0=721393634, x1=748052066
P3, tp=8, ts=8, x0=287729989, x1=489243614
P2, tp=8, ts=8, x0=826913284, x1=208202698
P3, tp=8, ts=8, x0=271862780, x1=100024140
P2, tp=8, ts=8, x0=806431899, x1=823620660
P2, tp=8, ts=8, x0=595688185, x1=397341233
P0, tp=8, ts=8
P0, tp=8, ts=8
P2, tp=8, ts=8, x0=65557192, x1=271862780
P3, tp=8, ts=8, x0=688518772, x1=384733233
P1, tp=8, ts=8, x0=271567608
P2, tp=8, ts=8, x0=85177655, x1=428530342
P2, tp=8, ts=8, x0=486403572, x1=492290108
P2, tp=8, ts=8, x0=311315550, x1=355656593
P0, tp=8, ts=8
P1, tp=8, ts=8, x0=65557192
P2, tp=8, ts=8, x0=936759123, x1=418892856
P1, tp=8, ts=8, x0=664371258
P2, tp=8, ts=8, x0=172972170, x1=123079245
P1, tp=8, ts=8, x0=438415994
P3, tp=8, ts=8, x0=664371258, x1=112306834
P0, tp=8, ts=8
P3, tp=8, ts=8, x0=308581288, x1=556594
P2, tp=8, ts=8, x0=300985657, x1=952022390
P3, tp=8, ts=8, x0=170624020, x1=980705516
P3, tp=8, ts=8, x0=496702222, x1=918863245
P0, tp=8, ts=8
P2, tp=8, ts=8, x0=239708445, x1=539890280
P2, tp=8, ts=8, x0=721393634, x1=9985140
P2, tp=8, ts=8, x0=934400684, x1=966231251
P0, tp=8, ts=8
P3, tp=8, ts=8, x0=170624020, x1=486403572
P1, tp=8, ts=8, x0=208713609
P3, tp=8, ts=8, x0=123079245, x1=547363970
P3, tp=8, ts=8, x0=743456985, x1=345030965
P2, tp=8, ts=8, x0=700816526, x1=387069668
P1, tp=8, ts=8, x0=463803964
P3, tp=8, ts=8, x0=254977997, x1=15268353
P1, tp=8, ts=8, x0=489243614
P3, tp=8, ts=8, x0=547363970, x1=918863245
P1, tp=8, ts=8, x0=489243614
P1, tp=8, ts=8, x0=757338871
P2, tp=8, ts=8, x0=271567608, x1=208713609
P3, tp=8, ts=8, x0=500231923, x1=721393634
P3, tp=8, ts=8, x0=823920997, x1=806431899
P1, tp=8, ts=8, x0=337918436
P2, tp=8, ts=8, x0=726788942, x1=188878972
P2, tp=8, ts=8, x0=467134771, x1=123079245
P1, tp=8, ts=8, x0=923296263
P0, tp=8, ts=8
P0, tp=8, ts=8
P3, tp=8, ts=8, x0=123079245, x1=772445030
P1, tp=8, ts=8, x0=712947938
P2, tp=8, ts=8, x0=486403572, x1=337918436
P1, tp=8, ts=8, x0=239708445
P3, tp=8, ts=8, x0=123079245, x1=918863245
P0, tp=8, ts=8
P3, tp=8, ts=8, x0=900855224, x1=939342317
P1, tp=8, ts=8, x0=966231251
P3, tp=8, ts=8, x0=195033435, x1=934400684
P3, tp=8, ts=8, x0=547363970, x1=467134771
P3, tp=8, ts=8, x0=743456985, x1=332850846
P2, tp=8, ts=8, x0=960775700, x1=595688185
P1, tp=8, ts=8, x0=595688185
P1, tp=8, ts=8, x0=544701979
P3, tp=8, ts=8, x0=188878972, x1=384733233
P1, tp=8, ts=8, x0=496702222
P3, tp=8, ts=8, x0=726788942, x1=254977997
P0, tp=8, ts=8
P2, tp=8, ts=8, x0=952022390, x1=918863245
P1, tp=8, ts=8, x0=418892856
P2, tp=8, ts=8, x0=932609710, x1=936759123
P3, tp=8, ts=8, x0=819798208, x1=122493935
P0, tp=8, ts=8
P0, tp=8, ts=8
P0, tp=8, ts=8
P2, tp=8, ts=8, x0=123079245, x1=757338871
P3, tp=8, ts=8, x0=823620660, x1=428530342
P3, tp=8, ts=8, x0=239708445, x1=311315550
P1, tp=8, ts=8, x0=500231923
P1, tp=8, ts=8, x0=397341233
P1, tp=8, ts=8, x0=492290108
P2, tp=8, ts=8, x0=544701979, x1=726983517
P1, tp=8, ts=8, x0=936759123
P0, tp=8, ts=8
P3, tp=8, ts=8, x0=539890280, x1=781601832
P0, tp=8, ts=8
P3, tp=8, ts=8, x0=172972170, x1=772445030
P0, tp=8, ts=8
P1, tp=8, ts=8, x0=835491395
P1, tp=8, ts=8, x0=826913284
P3, tp=8, ts=8, x0=960775700, x1=819798208
P3, tp=8, ts=8, x0=387069668, x1=523403424
P0, tp=8, ts=8
P0, tp=8, ts=8
P1, tp=8, ts=8, x0=918863245
P0, tp=8, ts=8
P1, tp=8, ts=8, x0=944009299
P3, tp=8, ts=8, x0=966231251, x1=438415994
P1, tp=8, ts=8, x0=664371258
P2, tp=8, ts=8, x0=914774884, x1=311315550
P2, tp=8, ts=8, x0=881216091, x1=900855224
P3, tp=8, ts=8, x0=195033435, x1=980705516
P0, tp=8, ts=8
P2, tp=8, ts=8, x0=428530342, x1=123079245
P0, tp=8, ts=8
P1, tp=8, ts=8, x0=486403572
P1, tp=8, ts=8, x0=823620660
P2, tp=8, ts=8, x0=697358937, x1=862056810
P1, tp=8, ts=8, x0=944009299
P3, tp=8, ts=8, x0=819798208, x1=523403424
P1, tp=8, ts=8, x0=757338871
P3, tp=8, ts=8, x0=418892856, x1=952022390
P1, tp=8, ts=8, x0=544071605
P0, tp=8, ts=8
P2, tp=8, ts=8, x0=11998615, x1=980705516
P2, tp=8, ts=8, x0=387069668, x1=615641913
P0, tp=8, ts=8
P0, tp=8, ts=8
P1, tp=8, ts=8, x0=835491395
P1, tp=8, ts=8, x0=486403572
P0, tp=8, ts=8
P1, tp=8, ts=8, x0=914774884
P0, tp=8, ts=8
P0, tp=8, ts=8
P3, tp=8, ts=8, x0=100024140, x1=204699496
P3, tp=8, ts=8, x0=726983517, x1=141389909
P2, tp=8, ts=8, x0=923296263, x1=337918436
P2, tp=8, ts=8, x0=355656593, x1=532902732
P2, tp=8, ts=8, x0=739044663, x1=271862780
P3, tp=8, ts=8, x0=963379966, x1=627596850
P3, tp=8, ts=8, x0=939342317, x1=195033435
P0, tp=8, ts=8
P0, tp=8, ts=8
P3, tp=8, ts=8, x0=26992958, x1=308581288
P3, tp=8, ts=8, x0=914774884, x1=172972170
P0, tp=8, ts=8
P1, tp=8, ts=8, x0=966231251
P1, tp=8, ts=8, x0=123079245
P0, tp=8, ts=8
P2, tp=8, ts=8, x0=384733233, x1=556594
P3, tp=8, ts=8, x0=500231923, x1=952022390
P0, tp=8, ts=8
P1, tp=8, ts=8, x0=712947938
P0, tp=8, ts=8
P2, tp=8, ts=8, x0=772445030, x1=918863245
P3, tp=8, ts=8, x0=345030965, x1=447867249
P1, tp=8, ts=8, x0=486403572
P2, tp=8, ts=8, x0=172972170, x1=489243614
P0, tp=8, ts=8
P3, tp=8, ts=8, x0=492290108, x1=428530342
P1, tp=8, ts=8, x0=65557192
P0, tp=8, ts=8
P0, tp=8, ts=8
P3, tp=8, ts=8, x0=939342317, x1=819798208
P0, tp=8, ts=8
P2, tp=8, ts=8, x0=966449355, x1=105303821
P3, tp=8, ts=8, x0=300985657, x1=615641913
P3, tp=8, ts=8, x0=464973275, x1=544701979
P2, tp=8, ts=8, x0=615641913, x1=11998615
P0, tp=8, ts=8
P1, tp=8, ts=8, x0=532902732
P1, tp=8, ts=8, x0=239708445
P2, tp=8, ts=8, x0=170624020, x1=266747719
P3, tp=8, ts=8, x0=819798208, x1=491940098
P3, tp=8, ts=8, x0=170624020, x1=554526673
P2, tp=8, ts=8, x0=422559397, x1=300985657
P3, tp=8, ts=8, x0=123079245, x1=952022390
P1, tp=8, ts=8, x0=188878972
P2, tp=8, ts=8, x0=700816526, x1=914774884
P0, tp=8, ts=8
P1, tp=8, ts=8, x0=67069358
P2, tp=8, ts=8, x0=819798208, x1=141389909
P0, tp=8, ts=8
P3, tp=8, ts=8, x0=939342317, x1=840207541
P2, tp=8, ts=8, x0=239708445, x1=118954638
P1, tp=8, ts=8, x0=204699496
P3, tp=8, ts=8, x0=966231251, x1=355656593
P0, tp=8, ts=8
P0, tp=8, ts=8
P3, tp=8, ts=8, x0=65557192, x1=271862780
P2, tp=8, ts=8, x0=664371258, x1=195033435
P1, tp=8, ts=8, x0=492290108
P2, tp=8, ts=8, x0=118954638, x1=678384546
P2, tp=8, ts=8, x0=26992958, x1=547665196
P2, tp=8, ts=8, x0=415232822, x1=972999477
P2, tp=8, ts=8, x0=757338871, x1=781601832
P2, tp=8, ts=8, x0=664371258, x1=972999477
P3, tp=8, ts=8, x0=5741545, x1=914774884
P3, tp=8, ts=8, x0=271862780, x1=397341233
P2, tp=8, ts=8, x0=806431899, x1=939342317
P0, tp=8, ts=8
P3, tp=8, ts=8, x0=781601832, x1=136370809
P1, tp=8, ts=8, x0=100024140
P3, tp=8, ts=8, x0=914774884, x1=954835648
P1, tp=8, ts=8, x0=501588591
P3, tp=8, ts=8, x0=743456985, x1=122493935
P3, tp=8, ts=8, x0=118954638, x1=918863245
P0, tp=8, ts=8
P3, tp=8, ts=8, x0=467134771, x1=555070484
P2, tp=8, ts=8, x0=384733233, x1=963379966
P3, tp=8, ts=8, x0=105303821, x1=539890280
P1, tp=8, ts=8, x0=966449355
P2, tp=8, ts=8, x0=287729989, x1=302023083
P0, tp=8, ts=8
P0, tp=8, ts=8
P2, tp=8, ts=8, x0=438415994, x1=279648100
P0, tp=8, ts=8
P3, tp=8, ts=8, x0=952022390, x1=123079245
P2, tp=8, ts=8, x0=447867249, x1=300985657
P3, tp=8, ts=8, x0=923296263, x1=771351668
P2, tp=8, ts=8, x0=567850687, x1=936759123
P3, tp=8, ts=8, x0=674041665, x1=954835648
P3, tp=8, ts=8, x0=849540748, x1=355656593
P0, tp=8, ts=8
P2, tp=8, ts=8, x0=406368118, x1=496702222
P2, tp=8, ts=8, x0=918863245, x1=823920997
P2, tp=8, ts=8, x0=112306834, x1=23866347
P1, tp=8, ts=8, x0=772445030
P3, tp=8, ts=8, x0=523403424, x1=122493935
P1, tp=8, ts=8, x0=501588591
P1, tp=8, ts=8, x0=397341233
P2, tp=8, ts=8, x0=823920997, x1=180731078
P1, tp=8, ts=8, x0=544701979
P3, tp=8, ts=8, x0=532902732, x1=112306834
P0, tp=8, ts=8
P0, tp=8, ts=8
P0, tp=8, ts=8
P2, tp=8, ts=8, x0=966231251, x1=739044663
P3, tp=8, ts=8, x0=554526673, x1=65557192
P2, tp=8, ts=8, x0=204699496, x1=936759123
P3, tp=8, ts=8, x0=757338871, x1=311315550
P1, tp=8, ts=8, x0=9985140
P3, tp=8, ts=8, x0=447867249, x1=963379966
P2, tp=8, ts=8, x0=337918436, x1=826913284
P0, tp=8, ts=8
P2, tp=8, ts=8, x0=26992958, x1=806431899
P0, tp=8, ts=8
P3, tp=8, ts=8, x0=532902732, x1=467134771
P3, tp=8, ts=8, x0=960775700, x1=862056810
P2, tp=8, ts=8, x0=447867249, x1=615641913
P3, tp=8, ts=8, x0=960775700, x1=547363970
P2, tp=8, ts=8, x0=105303821, x1=849540748
P1, tp=8, ts=8, x0=544701979
P3, tp=8, ts=8, x0=206750180, x1=2568354
P3, tp=8, ts=8, x0=302023083, x1=302023083
P3, tp=8, ts=8, x0=934948706, x1=726983517
P3, tp=8, ts=8, x0=112192426, x1=753539074
P3, tp=8, ts=8, x0=862056810, x1=771351668
P2, tp=8, ts=8, x0=65557192, x1=279648100
P0, tp=8, ts=8
P3, tp=8, ts=8, x0=757338871, x1=112192426
P0, tp=8, ts=8
P3, tp=8, ts=8, x0=429758646, x1=963379966
P3, tp=8, ts=8, x0=835491395, x1=501588591
P0, tp=8, ts=8
P0, tp=8, ts=8
P1, tp=8, ts=8, x0=428530342
P3, tp=8, ts=8, x0=739044663, x1=188878972
P3, tp=8, ts=8, x0=489243614, x1=700816526
P3, tp=8, ts=8, x0=700816526, x1=966449355
P2, tp=8, ts=8, x0=300985657, x1=206750180
P2, tp=8, ts=8, x0=980705516, x1=204699496
P1, tp=8, ts=8, x0=422559397
P1, tp=8, ts=8, x0=239708445
P0, tp=8, ts=8
P1, tp=8, ts=8, x0=409121799
P0, tp=8, ts=8
P3, tp=8, ts=8, x0=960775700, x1=555070484
P3, tp=8, ts=8, x0=11998615, x1=65557192
P1, tp=8, ts=8, x0=532902732
P0, tp=8, ts=8
P2, tp=8, ts=8, x0=239708445, x1=772445030
P2, tp=8, ts=8, x0=300985657, x1=849540748
P2, tp=8, ts=8, x0=100024140, x1=188878972
P2, tp=8, ts=8, x0=757338871, x1=523403424
P3, tp=8, ts=8, x0=112306834, x1=835491395
P2, tp=8, ts=8, x0=554526673, x1=819798208
P0, tp=8, ts=8
P3, tp=8, ts=8, x0=567850687, x1=415232822
P0, tp=8, ts=8
P1, tp=8, ts=8, x0=226579847
P1, tp=8, ts=8, x0=188878972
P3, tp=8, ts=8, x0=409121799, x1=279648100
P2, tp=8, ts=8, x0=523403424, x1=491940098
P2, tp=8, ts=8, x0=739044663, x1=302023083
P2, tp=8, ts=8, x0=757338871, x1=900855224
P1, tp=8, ts=8, x0=141389909
P1, tp=8, ts=8, x0=239708445
P2, tp=8, ts=8, x0=204699496, x1=726983517
P3, tp=8, ts=8, x0=486403572, x1=500231923
P3, tp=8, ts=8, x0=538457406, x1=112306834
P3, tp=8, ts=8, x0=337596192, x1=577097142
P2, tp=8, ts=8, x0=544071605, x1=409121799
P3, tp=8, ts=8, x0=112192426, x1=963379966
P2, tp=8, ts=8, x0=664371258, x1=963379966
P2, tp=8, ts=8, x0=447867249, x1=226579847
P2, tp=8, ts=8, x0=283849757, x1=415232822
P1, tp=8, ts=8, x0=547363970
P1, tp=8, ts=8, x0=980705516
P0, tp=8, ts=8
P1, tp=8, ts=8, x0=112306834
P3, tp=8, ts=8, x0=904933081, x1=966231251
P2, tp=8, ts=8, x0=422559397, x1=447867249
P0, tp=8, ts=8
P0, tp=8, ts=8
P3, tp=8, ts=8, x0=772445030, x1=753539074
P2, tp=8, ts=8, x0=65557192, x1=100024140
P2, tp=8, ts=8, x0=195033435, x1=674041665
P3, tp=8, ts=8, x0=283849757, x1=593551701
P3, tp=8, ts=8, x0=196157495, x1=204699496
P0, tp=8, ts=8
P3, tp=8, ts=8, x0=188878972, x1=141389909
P1, tp=8, ts=8, x0=615641913
P0, tp=8, ts=8
P2, tp=8, ts=8, x0=345030965, x1=904933081
P0, tp=8, ts=8
P0, tp=8, ts=8
P3, tp=8, ts=8, x0=753539074, x1=934948706
P2, tp=8, ts=8, x0=980705516, x1=105303821
P3, tp=8, ts=8, x0=771351668, x1=496702222
P3, tp=8, ts=8, x0=118954638, x1=547665196
P1, tp=8, ts=8, x0=467134771
P3, tp=8, ts=8, x0=914774884, x1=601317838
P3, tp=8, ts=8, x0=118954638, x1=204699496
P2, tp=8, ts=8, x0=862056810, x1=283849757
P0, tp=8, ts=8
P2, tp=8, ts=8, x0=615641913, x1=491940098
P3, tp=8, ts=8, x0=100024140, x1=547363970
P2, tp=8, ts=8, x0=862056810, x1=49151050
P2, tp=8, ts=8, x0=567850687, x1=757338871
P0, tp=8, ts=8
P3, tp=8, ts=8, x0=823920997, x1=547363970
P0, tp=8, ts=8
P1, tp=8, ts=8, x0=81792497
P0, tp=8, ts=8
P1, tp=8, ts=8, x0=523403424
P1, tp=8, ts=8, x0=100024140
P2, tp=8, ts=8, x0=300985657, x1=523403424
P3, tp=8, ts=8, x0=943928499, x1=254977997
P1, tp=8, ts=8, x0=934948706
P3, tp=8, ts=8, x0=428530342, x1=963379966
P2, tp=8, ts=8, x0=100024140, x1=125465599
P0, tp=8, ts=8
P0, tp=8, ts=8
P2, tp=8, ts=8, x0=72384031, x1=538457406
P2, tp=8, ts=8, x0=567850687, x1=934948706
P0, tp=8, ts=8
P1, tp=8, ts=8, x0=966231251
P2, tp=8, ts=8, x0=944009299, x1=642376088
P3, tp=8, ts=8, x0=934948706, x1=141389909
P0, tp=8, ts=8
P0, tp=8, ts=8
P0, tp=8, ts=8
P0, tp=8, ts=8
P1, tp=8, ts=8, x0=71041447
P0, tp=8, ts=8
P0, tp=8, ts=8
P0, tp=8, ts=8
P3, tp=8, ts=8, x0=966231251, x1=312225745
P0, tp=8, ts=8
P0, tp=8, ts=8
P1, tp=8, ts=8, x0=923296263
P2, tp=8, ts=8, x0=601317838, x1=112306834
P3, tp=8, ts=8, x0=678384546, x1=180731078
P2, tp=8, ts=8, x0=593551701, x1=914774884
P3, tp=8, ts=8, x0=601317838, x1=966231251
P1, tp=8, ts=8, x0=500231923
P1, tp=8, ts=8, x0=593551701
P1, tp=8, ts=8, x0=980705516
P3, tp=8, ts=8, x0=496702222, x1=312225745
P2, tp=8, ts=8, x0=862056810, x1=757338871
P1, tp=8, ts=8, x0=547363970
P1, tp=8, ts=8, x0=492290108
P1, tp=8, ts=8, x0=547363970
P3, tp=8, ts=8, x0=539890280, x1=467134771
P1, tp=8, ts=8, x0=141389909
P2, tp=8, ts=8, x0=918863245, x1=428530342
P3, tp=8, ts=8, x0=112306834, x1=743456985
P2, tp=8, ts=8, x0=772445030, x1=500231923
P2, tp=8, ts=8, x0=141389909, x1=196157495
P2, tp=8, ts=8, x0=954835648, x1=2568354
P1, tp=8, ts=8, x0=500231923
P2, tp=8, ts=8, x0=601317838, x1=615641913
P1, tp=8, ts=8, x0=577097142
P2, tp=8, ts=8, x0=71041447, x1=206750180
P2, tp=8, ts=8, x0=125465599, x1=71041447
P3, tp=8, ts=8, x0=125465599, x1=496702222
P3, tp=8, ts=8, x0=826913284, x1=923296263
P0, tp=8, ts=8
P3, tp=8, ts=8, x0=627596850, x1=300187350
P3, tp=8, ts=8, x0=923296263, x1=467134771
P0, tp=8, ts=8
P1, tp=8, ts=8, x0=739044663
P1, tp=8, ts=8, x0=447867249
P0, tp=8, ts=8
P2, tp=8, ts=8, x0=826913284, x1=428530342
P3, tp=8, ts=8, x0=943928499, x1=826913284
P3, tp=8, ts=8, x0=601317838, x1=337918436
P0, tp=8, ts=8
P3, tp=8, ts=8, x0=158560553, x1=500231923
P3, tp=8, ts=8, x0=934948706, x1=422559397
P1, tp=8, ts=8, x0=904933081
P2, tp=8, ts=8, x0=71041447, x1=923296263
P3, tp=8, ts=8, x0=753539074, x1=944009299
P1, tp=8, ts=8, x0=936759123
P3, tp=8, ts=8, x0=835491395, x1=300187350
P2, tp=8, ts=8, x0=81792497, x1=201613029
P3, tp=8, ts=8, x0=500231923, x1=118954638
P1, tp=8, ts=8, x0=312225745
P3, tp=8, ts=8, x0=406368118, x1=615641913
P1, tp=8, ts=8, x0=266747719
P0, tp=8, ts=8
P3, tp=8, ts=8, x0=966449355, x1=966449355
P3, tp=8, ts=8, x0=997989984, x1=771351668
P2, tp=8, ts=8, x0=753539074, x1=118954638
P0, tp=8, ts=8
P0, tp=8, ts=8
P2, tp=8, ts=8, x0=960775700, x1=283849757
P0, tp=8, ts=8
P2, tp=8, ts=8, x0=914774884, x1=627596850
P1, tp=8, ts=8, x0=943928499
P3, tp=8, ts=8, x0=601317838, x1=71041447
P2, tp=8, ts=8, x0=204699496, x1=409121799
P0, tp=8, ts=8
P2, tp=8, ts=8, x0=494890671, x1=966449355
P3, tp=8, ts=8, x0=997989984, x1=523403424
P1, tp=8, ts=8, x0=615641913
P1, tp=8, ts=8, x0=9985140
P3, tp=8, ts=8, x0=918863245, x1=739044663
P3, tp=8, ts=8, x0=960775700, x1=772445030
P1, tp=8, ts=8, x0=757338871
P3, tp=8, ts=8, x0=491940098, x1=678384546
P0, tp=8, ts=8
P2, tp=8, ts=8, x0=26992958, x1=5741545
P2, tp=8, ts=8, x0=122493935, x1=196157495
P1, tp=8, ts=8, x0=593551701
P0, tp=8, ts=8
P2, tp=8, ts=8, x0=743456985, x1=201613029
P3, tp=8, ts=8, x0=409121799, x1=642376088
P0, tp=8, ts=8
P0, tp=8, ts=8
P1, tp=8, ts=8, x0=11998615
P3, tp=8, ts=8, x0=9985140, x1=100024140
P2, tp=8, ts=8, x0=251511563, x1=204699496
P2, tp=8, ts=8, x0=26992958, x1=311315550
P2, tp=8, ts=8, x0=254977997, x1=954835648
P2, tp=8, ts=8, x0=516737116, x1=934707963
P1, tp=8, ts=8, x0=9985140
P1, tp=8, ts=8, x0=300187350
P3, tp=8, ts=8, x0=53638880, x1=355656593
P2, tp=8, ts=8, x0=934707963, x1=494890671
P3, tp=8, ts=8, x0=312225745, x1=337918436
P3, tp=8, ts=8, x0=997989984, x1=966449355
P2, tp=8, ts=8, x0=753539074, x1=918863245
P1, tp=8, ts=8, x0=840207541
P1, tp=8, ts=8, x0=984592494
P3, tp=8, ts=8, x0=26992958, x1=966449355
P1, tp=8, ts=8, x0=201613029
P0, tp=8, ts=8
P0, tp=8, ts=8
P2, tp=8, ts=8, x0=406368118, x1=300985657
P0, tp=8, ts=8
P1, tp=8, ts=8, x0=81792497
P0, tp=8, ts=8
P3, tp=8, ts=8, x0=312225745, x1=547363970
P2, tp=8, ts=8, x0=72384031, x1=422559397
P0, tp=8, ts=8
P2, tp=8, ts=8, x0=771351668, x1=300187350
P2, tp=8, ts=8, x0=555070484, x1=251511563
P1, tp=8, ts=8, x0=627596850
P2, tp=8, ts=8, x0=772445030, x1=72384031
P3, tp=8, ts=8, x0=918863245, x1=688034261
P1, tp=8, ts=8, x0=9985140
P1, tp=8, ts=8, x0=118954638
P0, tp=8, ts=8
P1, tp=8, ts=8, x0=627596850
P2, tp=8, ts=8, x0=491940098, x1=494890671
P2, tp=8, ts=8, x0=530534284, x1=602022337
P2, tp=8, ts=8, x0=406368118, x1=823620660
P2, tp=8, ts=8, x0=539890280, x1=934707963
P3, tp=8, ts=8, x0=943928499, x1=500231923
P3, tp=8, ts=8, x0=266747719, x1=81792497
P0, tp=8, ts=8
P0, tp=8, ts=8
P1, tp=8, ts=8, x0=337596192
P0, tp=8, ts=8
P2, tp=8, ts=8, x0=42311534, x1=532902732
P1, tp=8, ts=8, x0=496702222
P0, tp=8, ts=8
P2, tp=8, ts=8, x0=627596850, x1=615641913
P3, tp=8, ts=8, x0=728512992, x1=447867249
P2, tp=8, ts=8, x0=100024140, x1=125465599
P3, tp=8, ts=8, x0=753539074, x1=158560553
P2, tp=8, ts=8, x0=646443325, x1=516737116
P1, tp=8, ts=8, x0=593551701
P1, tp=8, ts=8, x0=728512992
P1, tp=8, ts=8, x0=997989984
P1, tp=8, ts=8, x0=772445030
P0, tp=8, ts=8
P3, tp=8, ts=8, x0=251511563, x1=337918436
P3, tp=8, ts=8, x0=819798208, x1=918863245
P2, tp=8, ts=8, x0=602022337, x1=105303821
P2, tp=8, ts=8, x0=486403572, x1=904933081
P3, tp=8, ts=8, x0=984592494, x1=516737116
P1, tp=8, ts=8, x0=593551701
P0, tp=8, ts=8
P2, tp=8, ts=8, x0=627596850, x1=934948706
P0, tp=8, ts=8
P1, tp=8, ts=8, x0=500231923
P2, tp=8, ts=8, x0=539890280, x1=337596192
P1, tp=8, ts=8, x0=728512992
P2, tp=8, ts=8, x0=538457406, x1=9985140
P0, tp=8, ts=8
P0, tp=8, ts=8
P0, tp=8, ts=8
P1, tp=8, ts=8, x0=547665196
P1, tp=8, ts=8, x0=188626430
P2, tp=8, ts=8, x0=56202885, x1=674943322
P3, tp=8, ts=8, x0=105303821, x1=688034261
P2, tp=8, ts=8, x0=226579847, x1=311315550
P0, tp=8, ts=8
P0, tp=8, ts=8
P1, tp=8, ts=8, x0=53638880
P1, tp=8, ts=8, x0=823920997
P2, tp=8, ts=8, x0=501588591, x1=539890280
P0, tp=8, ts=8
P3, tp=8, ts=8, x0=610164751, x1=984592494
P1, tp=8, ts=8, x0=300985657
P1, tp=8, ts=8, x0=118954638
P2, tp=8, ts=8, x0=516737116, x1=516737116
P1, tp=8, ts=8, x0=772445030
P3, tp=8, ts=8, x0=819798208, x1=500231923
P3, tp=8, ts=8, x0=934948706, x1=67069358
P1, tp=8, ts=8, x0=494890671
P1, tp=8, ts=8, x0=678384546
P3, tp=8, ts=8, x0=819798208, x1=966449355
P3, tp=8, ts=8, x0=538457406, x1=653598428
P3, tp=8, ts=8, x0=761772854, x1=72384031
P0, tp=8, ts=8
P3, tp=8, ts=8, x0=547665196, x1=283849757
P0, tp=8, ts=8
P2, tp=8, ts=8, x0=496702222, x1=834715146
P0, tp=8, ts=8
P0, tp=8, ts=8
P0, tp=8, ts=8
P1, tp=8, ts=8, x0=918863245
P0, tp=8, ts=8
P2, tp=8, ts=8, x0=532902732, x1=204699496
P3, tp=8, ts=8, x0=180731078, x1=81792497
P3, tp=8, ts=8, x0=105303821, x1=539890280
P3, tp=8, ts=8, x0=254977997, x1=501588591
P2, tp=8, ts=8, x0=312225745, x1=11998615
P2, tp=8, ts=8, x0=315295147, x1=492290108
P0, tp=8, ts=8
P1, tp=8, ts=8, x0=552357329
P0, tp=8, ts=8
P0, tp=8, ts=8
P1, tp=8, ts=8, x0=944009299
P0, tp=8, ts=8
P1, tp=8, ts=8, x0=196157495
P3, tp=8, ts=8, x0=772445030, x1=761772854
P3, tp=8, ts=8, x0=494890671, x1=279648100
P2, tp=8, ts=8, x0=300187350, x1=934948706
P3, tp=8, ts=8, x0=67069358, x1=610164751
P2, tp=8, ts=8, x0=122493935, x1=826913284
P0, tp=8, ts=8
P1, tp=8, ts=8, x0=204699496
P3, tp=8, ts=8, x0=118954638, x1=23866347
P2, tp=8, ts=8, x0=118954638, x1=610164751
P0, tp=8, ts=8
P0, tp=8, ts=8
P3, tp=8, ts=8, x0=362221548, x1=251511563
P0, tp=8, ts=8
P3, tp=8, ts=8, x0=486403572, x1=591400030
P1, tp=8, ts=8, x0=627596850
P1, tp=8, ts=8, x0=337918436
P1, tp=8, ts=8, x0=523403424
P0, tp=8, ts=8
P1, tp=8, ts=8, x0=589870243
P0, tp=8, ts=8
P2, tp=8, ts=8, x0=158560553, x1=42311534
P3, tp=8, ts=8, x0=934707963, x1=593551701
P0, tp=8, ts=8
P3, tp=8, ts=8, x0=337596192, x1=158560553
P0, tp=8, ts=8
P0, tp=8, ts=8
P3, tp=8, ts=8, x0=251511563, x1=204699496
P2, tp=8, ts=8, x0=627596850, x1=678384546
P2, tp=8, ts=8, x0=362221548, x1=311315550
P1, tp=8, ts=8, x0=839588077
P3, tp=8, ts=8, x0=516737116, x1=823920997
P2, tp=8, ts=8, x0=125465599, x1=355656593
P0, tp=8, ts=8
P3, tp=8, ts=8, x0=523403424, x1=823920997
P3, tp=8, ts=8, x0=934948706, x1=610164751
P2, tp=8, ts=8, x0=610164751, x1=978301447
P0, tp=8, ts=8
P1, tp=8, ts=8, x0=674943322
P2, tp=8, ts=8, x0=56202885, x1=494890671
P2, tp=8, ts=8, x0=279648100, x1=295992551
P3, tp=8, ts=8, x0=591400030, x1=351865331
P3, tp=8, ts=8, x0=26992958, x1=728849411
P0, tp=8, ts=8
P3, tp=8, ts=8, x0=978301447, x1=934707963
P0, tp=8, ts=8
P1, tp=8, ts=8, x0=591400030
P1, tp=8, ts=8, x0=307980237
P1, tp=8, ts=8, x0=538457406
P3, tp=8, ts=8, x0=943928499, x1=254977997
P1, tp=8, ts=8, x0=125465599
P3, tp=8, ts=8, x0=123079245, x1=315295147
P0, tp=8, ts=8
P0, tp=8, ts=8
P1, tp=8, ts=8, x0=486403572
P0, tp=8, ts=8
P2, tp=8, ts=8, x0=555070484, x1=830572316
P0, tp=8, ts=8
P2, tp=8, ts=8, x0=761772854, x1=532902732
P2, tp=8, ts=8, x0=26992958, x1=72384031
P0, tp=8, ts=8
P3, tp=8, ts=8, x0=834715146, x1=190931507
P1, tp=8, ts=8, x0=839588077
P3, tp=8, ts=8, x0=943928499, x1=422962173
P2, tp=8, ts=8, x0=337918436, x1=311315550
P1, tp=8, ts=8, x0=501588591
P1, tp=8, ts=8, x0=610164751
P3, tp=8, ts=8, x0=486403572, x1=943928499
P0, tp=8, ts=8
P0, tp=8, ts=8
P3, tp=8, ts=8, x0=978301447, x1=409121799
P0, tp=8, ts=8
P0, tp=8, ts=8
P3, tp=8, ts=8, x0=728512992, x1=753539074
P2, tp=8, ts=8, x0=337918436, x1=251511563
P0, tp=8, ts=8
P3, tp=8, ts=8, x0=251511563, x1=840207541
P3, tp=8, ts=8, x0=53638880, x1=593551701
P1, tp=8, ts=8, x0=158560553
P1, tp=8, ts=8, x0=966449355
P3, tp=8, ts=8, x0=50073148, x1=539890280
P2, tp=8, ts=8, x0=158560553, x1=904933081
P2, tp=8, ts=8, x0=904959560, x1=494890671
P0, tp=8, ts=8
P1, tp=8, ts=8, x0=674943322
P3, tp=8, ts=8, x0=118954638, x1=355656593
P1, tp=8, ts=8, x0=467134771
P3, tp=8, ts=8, x0=653598428, x1=516737116
P1, tp=8, ts=8, x0=492290108
P2, tp=8, ts=8, x0=555070484, x1=516737116
P1, tp=8, ts=8, x0=881796676
P3, tp=8, ts=8, x0=283849757, x1=300187350
P3, tp=8, ts=8, x0=819798208, x1=337596192
P2, tp=8, ts=8, x0=398500191, x1=501588591
P2, tp=8, ts=8, x0=254977997, x1=26992958
P3, tp=8, ts=8, x0=71041447, x1=295992551
P2, tp=8, ts=8, x0=11998615, x1=904933081
P0, tp=8, ts=8
P1, tp=8, ts=8, x0=544071605
P3, tp=8, ts=8, x0=158560553, x1=984592494
P0, tp=8, ts=8
P1, tp=8, ts=8, x0=904933081
P1, tp=8, ts=8, x0=447867249
P0, tp=8, ts=8
P1, tp=8, ts=8, x0=547363970
P0, tp=8, ts=8
P2, tp=8, ts=8, x0=966449355, x1=882599041
P3, tp=8, ts=8, x0=204699496, x1=315295147
P3, tp=8, ts=8, x0=4871310, x1=544071605
P1, tp=8, ts=8, x0=11998615
P2, tp=8, ts=8, x0=406368118, x1=834715146
P2, tp=8, ts=8, x0=978301447, x1=277382462
P3, tp=8, ts=8, x0=934948706, x1=72384031
P0, tp=8, ts=8
P1, tp=8, ts=8, x0=283849757
P2, tp=8, ts=8, x0=538457406, x1=158560553
P2, tp=8, ts=8, x0=966449355, x1=984592494
P3, tp=8, ts=8, x0=337596192, x1=251511563
P1, tp=8, ts=8, x0=464973275
P2, tp=8, ts=8, x0=765383698, x1=688034261
P0, tp=8, ts=8
P3, tp=8, ts=8, x0=646443325, x1=254977997
P1, tp=8, ts=8, x0=506965613
P0, tp=8, ts=8
P2, tp=8, ts=8, x0=350202132, x1=226579847
P3, tp=8, ts=8, x0=728512992, x1=591400030
P0, tp=8, ts=8
P0, tp=8, ts=8
P3, tp=8, ts=8, x0=998904564, x1=100024140
P2, tp=8, ts=8, x0=123079245, x1=601317838
P2, tp=8, ts=8, x0=642376088, x1=50073148
P0, tp=8, ts=8
P3, tp=8, ts=8, x0=677585855, x1=279648100
P2, tp=8, ts=8, x0=397231860, x1=627596850
P2, tp=8, ts=8, x0=71041447, x1=839588077
P3, tp=8, ts=8, x0=300985657, x1=315295147
P3, tp=8, ts=8, x0=530534284, x1=351865331
P2, tp=8, ts=8, x0=978301447, x1=494890671
P3, tp=8, ts=8, x0=552357329, x1=251511563
P1, tp=8, ts=8, x0=601317838
P3, tp=8, ts=8, x0=5741545, x1=963379966
P3, tp=8, ts=8, x0=552357329, x1=904933081
P3, tp=8, ts=8, x0=904959560, x1=552357329
P3, tp=8, ts=8, x0=188626430, x1=601317838
P2, tp=8, ts=8, x0=538457406, x1=998904564
P2, tp=8, ts=8, x0=50073148, x1=311303366
P1, tp=8, ts=8, x0=963379966
P2, tp=8, ts=8, x0=409121799, x1=595528183
P2, tp=8, ts=8, x0=491940098, x1=530157450
P1, tp=8, ts=8, x0=295992551
P0, tp=8, ts=8
P2, tp=8, ts=8, x0=283849757, x1=547665196
P2, tp=8, ts=8, x0=397231860, x1=966449355
P2, tp=8, ts=8, x0=251511563, x1=295992551
P3, tp=8, ts=8, x0=538457406, x1=816016374
P3, tp=8, ts=8, x0=840207541, x1=50073148
P2, tp=8, ts=8, x0=530534284, x1=934948706
P2, tp=8, ts=8, x0=4871310, x1=934707963
P3, tp=8, ts=8, x0=577097142, x1=71041447
P1, tp=8, ts=8, x0=398500191
P3, tp=8, ts=8, x0=251511563, x1=72384031
P2, tp=8, ts=8, x0=653598428, x1=547665196
P1, tp=8, ts=8, x0=538457406
P2, tp=8, ts=8, x0=728512992, x1=530157450
P2, tp=8, ts=8, x0=158560553, x1=351865331
P0, tp=8, ts=8
P2, tp=8, ts=8, x0=125465599, x1=677585855
P0, tp=8, ts=8
P2, tp=8, ts=8, x0=590105816, x1=753539074
P3, tp=8, ts=8, x0=303568015, x1=839588077
P3, tp=8, ts=8, x0=406368118, x1=607480795
P3, tp=8, ts=8, x0=350202132, x1=56202885
P1, tp=8, ts=8, x0=653598428
P0, tp=8, ts=8
P2, tp=8, ts=8, x0=765383698, x1=71041447
P3, tp=8, ts=8, x0=79867053, x1=642376088
P0, tp=8, ts=8
P3, tp=8, ts=8, x0=653598428, x1=761772854
P1, tp=8, ts=8, x0=882599041
P3, tp=8, ts=8, x0=501588591, x1=422962173
P2, tp=8, ts=8, x0=312225745, x1=881796676
P1, tp=8, ts=8, x0=337596192
P3, tp=8, ts=8, x0=721943022, x1=963379966
P1, tp=8, ts=8, x0=678384546
P2, tp=8, ts=8, x0=547665196, x1=4871310
P1, tp=8, ts=8, x0=79867053
P3, tp=8, ts=8, x0=642376088, x1=56202885
P0, tp=8, ts=8
P3, tp=8, ts=8, x0=4871310, x1=966449355
P1, tp=8, ts=8, x0=351865331
P1, tp=8, ts=8, x0=839588077
P3, tp=8, ts=8, x0=450922778, x1=315295147
P1, tp=8, ts=8, x0=710501673
P0, tp=8, ts=8
P0, tp=8, ts=8
P3, tp=8, ts=8, x0=982763553, x1=464603956
P1, tp=8, ts=8, x0=125465599
P0, tp=8, ts=8
P3, tp=8, ts=8, x0=710501673, x1=279648100
P2, tp=8, ts=8, x0=118954638, x1=188626430
P0, tp=8, ts=8
P0, tp=8, ts=8
P2, tp=8, ts=8, x0=464973275, x1=422962173
P1, tp=8, ts=8, x0=568184368
P0, tp=8, ts=8
P3, tp=8, ts=8, x0=72384031, x1=460316739
P0, tp=8, ts=8
P2, tp=8, ts=8, x0=50073148, x1=830572316
P2, tp=8, ts=8, x0=674041665, x1=72384031
P2, tp=8, ts=8, x0=881796676, x1=196157495
P2, tp=8, ts=8, x0=555070484, x1=530157450
P3, tp=8, ts=8, x0=898765600, x1=590105816
P2, tp=8, ts=8, x0=196157495, x1=565578745
P1, tp=8, ts=8, x0=4871310
P1, tp=8, ts=8, x0=516737116
P2, tp=8, ts=8, x0=397231860, x1=506965613
P0, tp=8, ts=8
P1, tp=8, ts=8, x0=761772854
P3, tp=8, ts=8, x0=753539074, x1=765383698
P1, tp=8, ts=8, x0=678384546
P1, tp=8, ts=8, x0=898765600
P3, tp=8, ts=8, x0=771351668, x1=882599041
P1, tp=8, ts=8, x0=984592494
P0, tp=8, ts=8
P3, tp=8, ts=8, x0=882599041, x1=592141669
P0, tp=8, ts=8
P0, tp=8, ts=8
P0, tp=8, ts=8
P0, tp=8, ts=8
P2, tp=8, ts=8, x0=839588077, x1=834715146
P3, tp=8, ts=8, x0=898765600, x1=607480795
P2, tp=8, ts=8, x0=721943022, x1=406368118
P1, tp=8, ts=8, x0=592141669
P2, tp=8, ts=8, x0=506965613, x1=180731078
P2, tp=8, ts=8, x0=607480795, x1=881796676
P1, tp=8, ts=8, x0=642376088
P2, tp=8, ts=8, x0=765383698, x1=840207541
P0, tp=8, ts=8
P3, tp=8, ts=8, x0=568184368, x1=201613029
P3, tp=8, ts=8, x0=530157450, x1=491940098
P0, tp=8, ts=8
P3, tp=8, ts=8, x0=771351668, x1=998904564
P0, tp=8, ts=8
P3, tp=8, ts=8, x0=72384031, x1=67501958
P3, tp=8, ts=8, x0=602022337, x1=883022386
P3, tp=8, ts=8, x0=589870243, x1=934707963
P3, tp=8, ts=8, x0=118954638, x1=882599041
P0, tp=8, ts=8
P0, tp=8, ts=8
P1, tp=8, ts=8, x0=677585855
P2, tp=9, ts=9, x0=904933081, x1=883022386
P1, tp=9, ts=9, x0=516737116
P0, tp=9, ts=9
P1, tp=9, ts=9, x0=350202132
P0, tp=9, ts=9
P2, tp=9, ts=9, x0=50073148, x1=547665196
P3, tp=9, ts=9, x0=56202885, x1=934707963
P3, tp=9, ts=9, x0=716774833, x1=552357329
P0, tp=9, ts=9
P2, tp=9, ts=9, x0=72384031, x1=830572316
P0, tp=9, ts=9
P2, tp=9, ts=9, x0=283849757, x1=565578745
P2, tp=9, ts=9, x0=1763596, x1=677585855
P1, tp=9, ts=9, x0=409121799
P0, tp=9, ts=9
P3, tp=9, ts=9, x0=688034261, x1=196157495
P1, tp=9, ts=9, x0=279648100
P2, tp=9, ts=9, x0=279648100, x1=674943322
P1, tp=9, ts=9, x0=939086868
P3, tp=9, ts=9, x0=53638880, x1=4871310
P0, tp=9, ts=9
P3, tp=9, ts=9, x0=464603956, x1=5741545
P0, tp=9, ts=9
P0, tp=9, ts=9
P3, tp=9, ts=9, x0=315295147, x1=538457406
P3, tp=9, ts=9, x0=589870243, x1=398500191
P1, tp=9, ts=9, x0=761772854
P2, tp=9, ts=9, x0=337596192, x1=226579847
P0, tp=9, ts=9
P1, tp=9, ts=9, x0=494890671
P1, tp=9, ts=9, x0=728849411
P0, tp=9, ts=9
P0, tp=9, ts=9
P0, tp=9, ts=9
P3, tp=9, ts=9, x0=593551701, x1=914083710
P0, tp=9, ts=9
P0, tp=9, ts=9
P1, tp=9, ts=9, x0=530157450
P2, tp=9, ts=9, x0=898765600, x1=464603956
P0, tp=9, ts=9
P3, tp=9, ts=9, x0=997989984, x1=753539074
P0, tp=9, ts=9
P3, tp=9, ts=9, x0=351865331, x1=530157450
P2, tp=9, ts=9, x0=834715146, x1=753539074
P3, tp=9, ts=9, x0=592141669, x1=761772854
P1, tp=9, ts=9, x0=317970701
P3, tp=9, ts=9, x0=555070484, x1=552357329
P1, tp=9, ts=9, x0=354548238
P3, tp=9, ts=9, x0=450922778, x1=978301447
P0, tp=9, ts=9
P3, tp=9, ts=9, x0=753539074, x1=311303366
P2, tp=9, ts=9, x0=984592494, x1=646443325
P0, tp=9, ts=9
P0, tp=9, ts=9
P3, tp=9, ts=9, x0=716774833, x1=710501673
P0, tp=9, ts=9
P0, tp=9, ts=9
P2, tp=9, ts=9, x0=998904564, x1=589870243
P1, tp=9, ts=9, x0=642376088
P0, tp=9, ts=9
P2, tp=9, ts=9, x0=753539074, x1=593551701
P3, tp=9, ts=9, x0=337596192, x1=311303366
P3, tp=9, ts=9, x0=499799366, x1=279648100
P3, tp=9, ts=9, x0=771351668, x1=406368118
P2, tp=9, ts=9, x0=53638880, x1=397231860
P1, tp=9, ts=9, x0=891385135
P2, tp=9, ts=9, x0=646443325, x1=351865331
P2, tp=9, ts=9, x0=834715146, x1=226097377
P3, tp=9, ts=9, x0=552357329, x1=283849757
P0, tp=9, ts=9
P0, tp=9, ts=9
P2, tp=9, ts=9, x0=422657725, x1=523717936
P3, tp=9, ts=9, x0=610164751, x1=939086868
P1, tp=9, ts=9, x0=914083710
P2, tp=9, ts=9, x0=721943022, x1=226097377
P1, tp=9, ts=9, x0=351865331
P0, tp=9, ts=9
P2, tp=9, ts=9, x0=42311534, x1=201613029
P1, tp=9, ts=9, x0=601317838
P2, tp=9, ts=9, x0=593551701, x1=816016374
P2, tp=9, ts=9, x0=589870243, x1=984592494
P0, tp=9, ts=9
P3, tp=9, ts=9, x0=56202885, x1=642376088
P1, tp=9, ts=9, x0=998904564
P0, tp=9, ts=9
P1, tp=9, ts=9, x0=362221548
P3, tp=9, ts=9, x0=362221548, x1=984592494
P1, tp=9, ts=9, x0=816016374
P2, tp=9, ts=9, x0=891385135, x1=351865331
P2, tp=9, ts=9, x0=577097142, x1=4871310
P2, tp=9, ts=9, x0=393390495, x1=277382462
P2, tp=9, ts=9, x0=307980237, x1=75858449
P0, tp=9, ts=9
P0, tp=9, ts=9
P0, tp=9, ts=9
P1, tp=9, ts=9, x0=728849411
P3, tp=9, ts=9, x0=393390495, x1=816016374
P0, tp=9, ts=9
P1, tp=9, ts=9, x0=904933081
P0, tp=9, ts=9
P2, tp=9, ts=9, x0=499799366, x1=362221548
P1, tp=9, ts=9, x0=753539074
P1, tp=9, ts=9, x0=50073148
P3, tp=9, ts=9, x0=422657725, x1=71041447
P3, tp=9, ts=9, x0=397231860, x1=839588077
P2, tp=9, ts=9, x0=998904564, x1=1763596
P0, tp=9, ts=9
P3, tp=9, ts=9, x0=307980237, x1=554742894
P2, tp=9, ts=9, x0=677585855, x1=362221548
P2, tp=9, ts=9, x0=847910387, x1=422962173
P3, tp=9, ts=9, x0=595528183, x1=530157450
P2, tp=9, ts=9, x0=934707963, x1=554742894
P0, tp=9, ts=9
P0, tp=9, ts=9
P1, tp=9, ts=9, x0=337596192
P3, tp=9, ts=9, x0=827435987, x1=728512992
P3, tp=9, ts=9, x0=677585855, x1=484111673
P3, tp=9, ts=9, x0=354548238, x1=398500191
P2, tp=9, ts=9, x0=595528183, x1=158560553
P1, tp=9, ts=9, x0=397231860
P1, tp=9, ts=9, x0=698619591
P0, tp=9, ts=9
P3, tp=9, ts=9, x0=710501673, x1=716774833
P2, tp=9, ts=9, x0=530534284, x1=188626430
P3, tp=9, ts=9, x0=166616719, x1=830572316
P1, tp=9, ts=9, x0=898765600
P0, tp=9, ts=9
P2, tp=9, ts=9, x0=393390495, x1=847910387
P0, tp=9, ts=9
P2, tp=9, ts=9, x0=568184368, x1=530534284
P1, tp=9, ts=9, x0=523717936
P3, tp=9, ts=9, x0=499799366, x1=307980237
P3, tp=9, ts=9, x0=226097377, x1=71041447
P2, tp=9, ts=9, x0=607480795, x1=158560553
P2, tp=9, ts=9, x0=315295147, x1=790023925
P2, tp=9, ts=9, x0=450922778, x1=610164751
P0, tp=9, ts=9
P0, tp=9, ts=9
P1, tp=9, ts=9, x0=303568015
P2, tp=9, ts=9, x0=350202132, x1=716774833
P3, tp=9, ts=9, x0=317970701, x1=226097377
P3, tp=9, ts=9, x0=460316739, x1=978301447
P3, tp=9, ts=9, x0=790023925, x1=530157450
P1, tp=9, ts=9, x0=677585855
P0, tp=9, ts=9
P0, tp=9, ts=9
P1, tp=9, ts=9, x0=351865331
P0, tp=9, ts=9
P2, tp=9, ts=9, x0=300187350, x1=898765600
P3, tp=9, ts=9, x0=393390495, x1=540617402
P2, tp=9, ts=9, x0=540617402, x1=898765600
P0, tp=9, ts=9
P1, tp=9, ts=9, x0=540617402
P0, tp=9, ts=9
P3, tp=9, ts=9, x0=997989984, x1=484111673
P2, tp=9, ts=9, x0=404407099, x1=428509340
P2, tp=9, ts=9, x0=4871310, x1=882599041
P0, tp=9, ts=9
P0, tp=9, ts=9
P3, tp=9, ts=9, x0=943928499, x1=904959560
P3, tp=9, ts=9, x0=982763553, x1=834715146
P0, tp=9, ts=9
P2, tp=9, ts=9, x0=677585855, x1=464603956
P2, tp=9, ts=9, x0=50073148, x1=589870243
P2, tp=9, ts=9, x0=502170321, x1=882599041
P0, tp=9, ts=9
P2, tp=9, ts=9, x0=590105816, x1=688034261
P1, tp=9, ts=9, x0=295992551
P3, tp=9, ts=9, x0=490686796, x1=56202885
P3, tp=9, ts=9, x0=589870243, x1=978301447
P1, tp=9, ts=9, x0=72384031
P3, tp=9, ts=9, x0=315295147, x1=552357329
P3, tp=9, ts=9, x0=201613029, x1=728512992
P1, tp=9, ts=9, x0=565578745
P0, tp=9, ts=9
P0, tp=9, ts=9
P0, tp=9, ts=9
P1, tp=9, ts=9, x0=226097377
P1, tp=9, ts=9, x0=506965613
P0, tp=9, ts=9
P0, tp=9, ts=9
P2, tp=9, ts=9, x0=506965613, x1=71041447
P3, tp=9, ts=9, x0=404407099, x1=883022386
P3, tp=9, ts=9, x0=42000149, x1=590105816
P0, tp=9, ts=9
P3, tp=9, ts=9, x0=393390495, x1=834715146
P3, tp=9, ts=9, x0=540617402, x1=547586130
P1, tp=9, ts=9, x0=765383698
P3, tp=9, ts=9, x0=939086868, x1=506965613
P3, tp=9, ts=9, x0=998904564, x1=610164751
P1, tp=9, ts=9, x0=547586130
P1, tp=9, ts=9, x0=698619591
P0, tp=9, ts=9
P3, tp=9, ts=9, x0=354548238, x1=904959560
P2, tp=9, ts=9, x0=158560553, x1=674943322
P1, tp=9, ts=9, x0=523717936
P3, tp=9, ts=9, x0=75858449, x1=847910387
P2, tp=9, ts=9, x0=312225745, x1=939086868
P2, tp=9, ts=9, x0=904959560, x1=460316739
P0, tp=9, ts=9
P0, tp=9, ts=9
P2, tp=9, ts=9, x0=79867053, x1=397231860
P3, tp=9, ts=9, x0=741587037, x1=362221548
P1, tp=9, ts=9, x0=56202885
P0, tp=9, ts=9
P0, tp=9, ts=9
P1, tp=9, ts=9, x0=540617402
P2, tp=9, ts=9, x0=698619591, x1=728512992
P1, tp=9, ts=9, x0=460316739
P2, tp=9, ts=9, x0=4871310, x1=914083710
P2, tp=9, ts=9, x0=201613029, x1=530157450
P1, tp=9, ts=9, x0=354548238
P0, tp=9, ts=9
P1, tp=9, ts=9, x0=79867053
P2, tp=9, ts=9, x0=351865331, x1=351865331
P3, tp=9, ts=9, x0=354548238, x1=201927437
P3, tp=9, ts=9, x0=741587037, x1=450922778
P3, tp=9, ts=9, x0=351865331, x1=565578745
P0, tp=9, ts=9
P1, tp=9, ts=9, x0=728512992
P2, tp=9, ts=9, x0=670831175, x1=998904564
P3, tp=9, ts=9, x0=523717936, x1=201613029
P2, tp=9, ts=9, x0=595528183, x1=516737116
P2, tp=9, ts=9, x0=315295147, x1=484111673
P1, tp=9, ts=9, x0=765383698
P1, tp=9, ts=9, x0=595528183
P2, tp=9, ts=9, x0=982763553, x1=568184368
P3, tp=9, ts=9, x0=653598428, x1=315295147
P1, tp=9, ts=9, x0=591400030
P0, tp=9, ts=9
P3, tp=9, ts=9, x0=50073148, x1=350202132
P0, tp=9, ts=9
P1, tp=9, ts=9, x0=984592494
P3, tp=9, ts=9, x0=761772854, x1=226097377
P2, tp=9, ts=9, x0=398500191, x1=251511563
P3, tp=9, ts=9, x0=67501958, x1=718164311
P1, tp=9, ts=9, x0=721943022
P3, tp=9, ts=9, x0=716774833, x1=602022337
P1, tp=9, ts=9, x0=350202132
P3, tp=9, ts=9, x0=602022337, x1=982763553
P2, tp=9, ts=9, x0=554742894, x1=898765600
P3, tp=9, ts=9, x0=226097377, x1=552357329
P3, tp=9, ts=9, x0=710501673, x1=830572316
P2, tp=9, ts=9, x0=188626430, x1=41052826
P3, tp=9, ts=9, x0=422962173, x1=914083710
P0, tp=9, ts=9
P0, tp=9, ts=9
P0, tp=9, ts=9
P3, tp=9, ts=9, x0=670831175, x1=787956711
P1, tp=9, ts=9, x0=939086868
P3, tp=9, ts=9, x0=787956711, x1=670831175
P2, tp=9, ts=9, x0=984592494, x1=934707963
P2, tp=9, ts=9, x0=393390495, x1=554742894
P1, tp=9, ts=9, x0=490686796
P2, tp=9, ts=9, x0=716774833, x1=761772854
P0, tp=9, ts=9
P2, tp=9, ts=9, x0=716774833, x1=393390495
P2, tp=9, ts=9, x0=362221548, x1=978301447
P1, tp=9, ts=9, x0=882599041
P2, tp=9, ts=9, x0=568184368, x1=602022337
P0, tp=9, ts=9
P2, tp=9, ts=9, x0=311303366, x1=494890671
P3, tp=9, ts=9, x0=646443325, x1=568184368
P1, tp=9, ts=9, x0=710501673
P2, tp=9, ts=9, x0=839588077, x1=595528183
P0, tp=9, ts=9
P1, tp=9, ts=9, x0=484111673
P0, tp=9, ts=9
P3, tp=9, ts=9, x0=646025175, x1=670831175
P0, tp=9, ts=9
P2, tp=9, ts=9, x0=79867053, x1=41052826
P2, tp=9, ts=9, x0=998904564, x1=589870243
P2, tp=9, ts=9, x0=540617402, x1=827435987
P0, tp=9, ts=9
P1, tp=9, ts=9, x0=53638880
P2, tp=9, ts=9, x0=251511563, x1=67501958
P0, tp=9, ts=9
P0, tp=9, ts=9
P2, tp=9, ts=9, x0=499799366, x1=881796676
P0, tp=9, ts=9
P1, tp=9, ts=9, x0=460316739
P3, tp=9, ts=9, x0=303568015, x1=41052826
P1, tp=9, ts=9, x0=490686796
P3, tp=9, ts=9, x0=422962173, x1=303568015
P3, tp=9, ts=9, x0=4871310, x1=780522634
P2, tp=9, ts=9, x0=839588077, x1=350202132
P1, tp=9, ts=9, x0=523717936
P0, tp=9, ts=9
P2, tp=9, ts=9, x0=192852983, x1=422657725
P0, tp=9, ts=9
P1, tp=9, ts=9, x0=787956711
P1, tp=9, ts=9, x0=404407099
P3, tp=9, ts=9, x0=646025175, x1=490686796
P2, tp=9, ts=9, x0=464603956, x1=882599041
P0, tp=9, ts=9
P0, tp=9, ts=9
P0, tp=9, ts=9
P2, tp=9, ts=9, x0=716774833, x1=450922778
P0, tp=9, ts=9
P3, tp=9, ts=9, x0=761772854, x1=591400030
P3, tp=9, ts=9, x0=827435987, x1=607480795
P3, tp=9, ts=9, x0=75858449, x1=311303366
P2, tp=9, ts=9, x0=827435987, x1=958128414
P0, tp=9, ts=9
P1, tp=9, ts=9, x0=698619591
P1, tp=9, ts=9, x0=592141669
P3, tp=9, ts=9, x0=554742894, x1=602022337
P3, tp=9, ts=9, x0=192852983, x1=315295147
P0, tp=9, ts=9
P0, tp=9, ts=9
P3, tp=9, ts=9, x0=75858449, x1=728512992
P0, tp=9, ts=9
P2, tp=9, ts=9, x0=484111673, x1=688034261
P2, tp=9, ts=9, x0=565578745, x1=883022386
P3, tp=9, ts=9, x0=315295147, x1=718164311
P2, tp=9, ts=9, x0=484111673, x1=398214030
P3, tp=9, ts=9, x0=646025175, x1=490686796
P2, tp=9, ts=9, x0=63115009, x1=303568015
P3, tp=9, ts=9, x0=698619591, x1=351865331
P0, tp=9, ts=9
P0, tp=9, ts=9
P1, tp=9, ts=9, x0=610164751
P0, tp=9, ts=9
P3, tp=9, ts=9, x0=882599041, x1=49121881
P0, tp=9, ts=9
P0, tp=9, ts=9
P0, tp=9, ts=9
P3, tp=9, ts=9, x0=787956711, x1=839588077
P1, tp=9, ts=9, x0=816016374
P0, tp=9, ts=9
P0, tp=9, ts=9
P0, tp=9, ts=9
P2, tp=9, ts=9, x0=295992551, x1=595528183
P0, tp=9, ts=9
P1, tp=9, ts=9, x0=591400030
P3, tp=9, ts=9, x0=397231860, x1=816016374
P0, tp=9, ts=9
P1, tp=9, ts=9, x0=49121881
P3, tp=9, ts=9, x0=590105816, x1=49121881
P2, tp=9, ts=9, x0=554742894, x1=698619591
P2, tp=9, ts=9, x0=590105816, x1=56202885
P1, tp=9, ts=9, x0=4871310
P1, tp=9, ts=9, x0=166616719
P1, tp=9, ts=9, x0=718164311
P1, tp=9, ts=9, x0=595528183
P0, tp=9, ts=9
P0, tp=9, ts=9
P3, tp=9, ts=9, x0=939086868, x1=41052826
P2, tp=9, ts=9, x0=882599041, x1=589870243
P3, tp=9, ts=9, x0=602022337, x1=765383698
P1, tp=9, ts=9, x0=607480795
P3, tp=9, ts=9, x0=460316739, x1=939717081
P1, tp=9, ts=9, x0=607480795
P3, tp=9, ts=9, x0=362221548, x1=607480795
P2, tp=9, ts=9, x0=422962173, x1=839588077
P1, tp=9, ts=9, x0=393390495
P1, tp=9, ts=9, x0=499799366
P1, tp=9, ts=9, x0=362221548
P0, tp=9, ts=9
P1, tp=9, ts=9, x0=315295147
P0, tp=9, ts=9
P3, tp=9, ts=9, x0=998904564, x1=836501802
P3, tp=9, ts=9, x0=816016374, x1=311303366
P2, tp=9, ts=9, x0=201927437, x1=595528183
P3, tp=9, ts=9, x0=1763596, x1=192852983
P1, tp=9, ts=9, x0=182591019
P1, tp=9, ts=9, x0=589870243
P0, tp=9, ts=9
P1, tp=9, ts=9, x0=393390495
P3, tp=9, ts=9, x0=618138213, x1=591400030
P3, tp=9, ts=9, x0=898765600, x1=277382462
P3, tp=9, ts=9, x0=568184368, x1=398500191
P1, tp=9, ts=9, x0=307980237
P1, tp=9, ts=9, x0=718164311
P2, tp=9, ts=9, x0=295992551, x1=30812942
P2, tp=9, ts=9, x0=56202885, x1=490686796
P0, tp=9, ts=9
P2, tp=9, ts=9, x0=787956711, x1=891385135
P1, tp=9, ts=9, x0=618138213
P3, tp=9, ts=9, x0=192852983, x1=607480795
P0, tp=9, ts=9
P1, tp=9, ts=9, x0=610164751
P2, tp=9, ts=9, x0=190756685, x1=554742894
P2, tp=9, ts=9, x0=484111673, x1=350202132
P0, tp=9, ts=9
P3, tp=9, ts=9, x0=75858449, x1=413688358
P2, tp=9, ts=9, x0=218776740, x1=978301447
P3, tp=9, ts=9, x0=718164311, x1=554742894
P2, tp=9, ts=9, x0=131178659, x1=939086868
P3, tp=9, ts=9, x0=710501673, x1=398500191
P0, tp=9, ts=9
P1, tp=9, ts=9, x0=42000149
P0, tp=9, ts=9
P3, tp=9, ts=9, x0=75858449, x1=393390495
P1, tp=9, ts=9, x0=716774833
P2, tp=9, ts=9, x0=568184368, x1=459789883
P1, tp=9, ts=9, x0=847910387
P1, tp=9, ts=9, x0=146570656
P2, tp=9, ts=9, x0=490686796, x1=499799366
P2, tp=9, ts=9, x0=192852983, x1=565578745
P3, tp=9, ts=9, x0=450922778, x1=530678512
P3, tp=9, ts=9, x0=67501958, x1=460316739
P3, tp=9, ts=9, x0=836501802, x1=595528183
P0, tp=9, ts=9
P2, tp=9, ts=9, x0=4871310, x1=484111673
P0, tp=9, ts=9
P0, tp=9, ts=9
P1, tp=9, ts=9, x0=830572316
P1, tp=9, ts=9, x0=190756685
P3, tp=9, ts=9, x0=836501802, x1=982763553
P3, tp=9, ts=9, x0=201927437, x1=523717936
P3, tp=9, ts=9, x0=718164311, x1=30812942
P3, tp=9, ts=9, x0=765383698, x1=1763596
P2, tp=9, ts=9, x0=554742894, x1=607480795
P2, tp=9, ts=9, x0=816016374, x1=670831175
P0, tp=9, ts=9
P0, tp=9, ts=9
P2, tp=9, ts=9, x0=830572316, x1=192852983
P3, tp=9, ts=9, x0=784635324, x1=79867053
P0, tp=9, ts=9
P0, tp=9, ts=9
P3, tp=9, ts=9, x0=502170321, x1=428509340
P3, tp=9, ts=9, x0=827435987, x1=226097377
P0, tp=9, ts=9
P1, tp=9, ts=9, x0=404407099
P1, tp=9, ts=9, x0=758112575
P0, tp=9, ts=9
P2, tp=9, ts=9, x0=404407099, x1=303568015
P2, tp=9, ts=9, x0=422962173, x1=282666617
P0, tp=9, ts=9
P0, tp=9, ts=9
P3, tp=9, ts=9, x0=397231860, x1=295992551
P1, tp=9, ts=9, x0=830572316
P3, tp=9, ts=9, x0=827435987, x1=718164311
P2, tp=9, ts=9, x0=311303366, x1=447138414
P3, tp=9, ts=9, x0=428509340, x1=50073148
P3, tp=9, ts=9, x0=540617402, x1=914083710
P0, tp=9, ts=9
P2, tp=9, ts=9, x0=618138213, x1=618138213
P0, tp=9, ts=9
P3, tp=9, ts=9, x0=530678512, x1=484111673
P3, tp=9, ts=9, x0=484111673, x1=215451544
P2, tp=9, ts=9, x0=79867053, x1=881796676
P1, tp=9, ts=9, x0=479332536
P2, tp=9, ts=9, x0=215451544, x1=941305857
P2, tp=9, ts=9, x0=502170321, x1=422962173
P0, tp=9, ts=9
P3, tp=9, ts=9, x0=891385135, x1=939717081
P0, tp=9, ts=9
P0, tp=9, ts=9
P2, tp=9, ts=9, x0=982763553, x1=131178659
P2, tp=9, ts=9, x0=146570656, x1=728849411
P1, tp=9, ts=9, x0=63115009
P3, tp=9, ts=9, x0=698619591, x1=146570656
P3, tp=9, ts=9, x0=530157450, x1=146570656
P1, tp=9, ts=9, x0=484111673
P0, tp=9, ts=9
P1, tp=9, ts=9, x0=146570656
P0, tp=9, ts=9
P3, tp=9, ts=9, x0=307980237, x1=530157450
P1, tp=9, ts=9, x0=809260180
P2, tp=9, ts=9, x0=890171475, x1=618138213
P3, tp=9, ts=9, x0=502170321, x1=67501958
P1, tp=9, ts=9, x0=595528183
P2, tp=9, ts=9, x0=484111673, x1=460316739
P3, tp=9, ts=9, x0=618138213, x1=350202132
P1, tp=9, ts=9, x0=698619591
P1, tp=9, ts=9, x0=710501673
P0, tp=9, ts=9
P2, tp=9, ts=9, x0=499799366, x1=540617402
P2, tp=9, ts=9, x0=40356829, x1=565578745
P0, tp=9, ts=9
P2, tp=9, ts=9, x0=898765600, x1=716774833
P3, tp=9, ts=9, x0=192852983, x1=765383698
P1, tp=9, ts=9, x0=192852983
P1, tp=9, ts=9, x0=1763596
P3, tp=9, ts=9, x0=758112575, x1=958128414
P1, tp=9, ts=9, x0=308164123
P0, tp=9, ts=9
P3, tp=9, ts=9, x0=422657725, x1=317970701
P3, tp=9, ts=9, x0=830572316, x1=447138414
P3, tp=9, ts=9, x0=847910387, x1=898765600
P3, tp=9, ts=9, x0=49121881, x1=914083710
P1, tp=9, ts=9, x0=350202132
P0, tp=9, ts=9
P2, tp=9, ts=9, x0=958128414, x1=506965613
P0, tp=9, ts=9
P3, tp=9, ts=9, x0=646025175, x1=530157450
P0, tp=9, ts=9
P2, tp=9, ts=9, x0=523717936, x1=817136937
P3, tp=9, ts=9, x0=428509340, x1=218776740
P0, tp=9, ts=9
P1, tp=9, ts=9, x0=883022386
P2, tp=9, ts=9, x0=63115009, x1=867984
P0, tp=9, ts=9
P0, tp=9, ts=9
P2, tp=9, ts=9, x0=428509340, x1=677585855
P2, tp=9, ts=9, x0=460316739, x1=890171475
P0, tp=9, ts=9
P0, tp=9, ts=9
P3, tp=9, ts=9, x0=75858449, x1=329003184
P3, tp=9, ts=9, x0=166616719, x1=765383698
P1, tp=9, ts=9, x0=40356829
P2, tp=9, ts=9, x0=218776740, x1=594748054
P0, tp=9, ts=9
P1, tp=9, ts=9, x0=847910387
P3, tp=9, ts=9, x0=79867053, x1=63115009
P0, tp=9, ts=9
P0, tp=9, ts=9
P3, tp=9, ts=9, x0=398500191, x1=809260180
P2, tp=9, ts=9, x0=741587037, x1=758112575
P0, tp=9, ts=9
P3, tp=9, ts=9, x0=198577977, x1=201927437
P0, tp=9, ts=9
P0, tp=9, ts=9
P1, tp=9, ts=9, x0=941305857
P1, tp=9, ts=9, x0=393390495
P1, tp=9, ts=9, x0=939717081
P1, tp=9, ts=9, x0=698619591
P1, tp=9, ts=9, x0=817136937
P2, tp=9, ts=9, x0=215451544, x1=182591019
P0, tp=9, ts=9
P1, tp=9, ts=9, x0=860668718
P2, tp=9, ts=9, x0=607480795, x1=914083710
P2, tp=9, ts=9, x0=816016374, x1=914083710
P3, tp=9, ts=9, x0=765383698, x1=890171475
P1, tp=9, ts=9, x0=422657725
P1, tp=9, ts=9, x0=784635324
P0, tp=9, ts=9
P3, tp=9, ts=9, x0=218776740, x1=305613449
P3, tp=9, ts=9, x0=784635324, x1=698619591
P2, tp=9, ts=9, x0=809260180, x1=881020123
P0, tp=9, ts=9
P3, tp=9, ts=9, x0=404407099, x1=75858449
P2, tp=9, ts=9, x0=565578745, x1=303568015
P3, tp=9, ts=9, x0=698619591, x1=329003184
P1, tp=9, ts=9, x0=698619591
P2, tp=9, ts=9, x0=890171475, x1=765383698
P0, tp=9, ts=9
P1, tp=9, ts=9, x0=809260180
P0, tp=9, ts=9
P2, tp=9, ts=9, x0=718164311, x1=484111673
P2, tp=9, ts=9, x0=898765600, x1=710501673
P3, tp=9, ts=9, x0=450922778, x1=479332536
P0, tp=9, ts=9
P3, tp=9, ts=9, x0=350202132, x1=809260180
P1, tp=9, ts=9, x0=943933142
P0, tp=9, ts=9
P1, tp=9, ts=9, x0=226097377
P0, tp=9, ts=9
P2, tp=9, ts=9, x0=836501802, x1=595528183
P1, tp=9, ts=9, x0=998904564
P1, tp=9, ts=9, x0=1763596
P1, tp=9, ts=9, x0=698619591
P0, tp=9, ts=9
P0, tp=9, ts=9
P0, tp=9, ts=9
P2, tp=9, ts=9, x0=664397662, x1=787956711
P0, tp=9, ts=9
P3, tp=9, ts=9, x0=816016374, x1=1763596
P0, tp=9, ts=9
P0, tp=9, ts=9
P1, tp=9, ts=9, x0=450922778
P3, tp=9, ts=9, x0=490686796, x1=182591019
P1, tp=9, ts=9, x0=63115009
P2, tp=9, ts=9, x0=67501958, x1=881020123
P0, tp=9, ts=9
P2, tp=9, ts=9, x0=698619591, x1=1763596
P2, tp=9, ts=9, x0=40356829, x1=710501673
P2, tp=9, ts=9, x0=413688358, x1=721943022
P0, tp=9, ts=9
P2, tp=9, ts=9, x0=939086868, x1=75858449
P1, tp=9, ts=9, x0=499799366
P2, tp=9, ts=9, x0=815444399, x1=670831175
P2, tp=9, ts=9, x0=218776740, x1=215451544
P0, tp=9, ts=9
P1, tp=9, ts=9, x0=350202132
P3, tp=9, ts=9, x0=758112575, x1=166616719
P1, tp=9, ts=9, x0=30812942
P0, tp=9, ts=9
P0, tp=9, ts=9
P1, tp=9, ts=9, x0=787956711
P3, tp=9, ts=9, x0=827435987, x1=664397662
P1, tp=9, ts=9, x0=898765600
P1, tp=9, ts=9, x0=547586130
P3, tp=9, ts=9, x0=741587037, x1=646025175
P3, tp=9, ts=9, x0=1763596, x1=778896774
P1, tp=9, ts=9, x0=341739853
P1, tp=9, ts=9, x0=308164123
P0, tp=9, ts=9
P1, tp=9, ts=9, x0=939717081
P0, tp=9, ts=9
P0, tp=9, ts=9
P1, tp=9, ts=9, x0=329003184
P3, tp=9, ts=9, x0=397231860, x1=595528183
P0, tp=9, ts=9
P3, tp=9, ts=9, x0=883022386, x1=459789883
P0, tp=9, ts=9
P0, tp=9, ts=9
P3, tp=9, ts=9, x0=308164123, x1=1763596
P1, tp=9, ts=9, x0=565578745
P2, tp=9, ts=9, x0=30812942, x1=847910387
P1, tp=9, ts=9, x0=215451544
P3, tp=9, ts=9, x0=40356829, x1=460316739
P2, tp=9, ts=9, x0=741587037, x1=982763553
P0, tp=9, ts=9
P1, tp=9, ts=9, x0=404407099
P2, tp=9, ts=9, x0=664397662, x1=450922778
P1, tp=9, ts=9, x0=836501802
P2, tp=9, ts=9, x0=523717936, x1=218776740
P0, tp=9, ts=9
P0, tp=9, ts=9
P2, tp=9, ts=9, x0=780522634, x1=618138213
P3, tp=9, ts=9, x0=915172168, x1=809260180
P2, tp=9, ts=9, x0=479332536, x1=890171475
P1, tp=9, ts=9, x0=554742894
P1, tp=9, ts=9, x0=670831175
P0, tp=9, ts=9
P2, tp=9, ts=9, x0=226097377, x1=303568015
P0, tp=9, ts=9
P0, tp=9, ts=9
P1, tp=9, ts=9, x0=317970701
P3, tp=9, ts=9, x0=540617402, x1=941305857
P3, tp=9, ts=9, x0=883022386, x1=75858449
P2, tp=9, ts=9, x0=303568015, x1=914083710
P0, tp=9, ts=9
P1, tp=9, ts=9, x0=192852983
P2, tp=9, ts=9, x0=939717081, x1=393390495
P3, tp=9, ts=9, x0=341739853, x1=447138414
P0, tp=9, ts=9
P0, tp=9, ts=9
P3, tp=9, ts=9, x0=780522634, x1=883022386
P1, tp=9, ts=9, x0=939086868
P0, tp=9, ts=9
P1, tp=9, ts=9, x0=677585855
P3, tp=9, ts=9, x0=341739853, x1=490686796
P1, tp=9, ts=9, x0=459789883
P0, tp=9, ts=9
P2, tp=9, ts=9, x0=63115009, x1=547586130
P0, tp=9, ts=9
P1, tp=9, ts=9, x0=778896774
P0, tp=9, ts=9
P2, tp=9, ts=9, x0=479332536, x1=105469970
P3, tp=9, ts=9, x0=881020123, x1=812701956
P0, tp=9, ts=9
P2, tp=9, ts=9, x0=790023925, x1=778896774
P3, tp=9, ts=9, x0=190756685, x1=710501673
P2, tp=9, ts=9, x0=607480795, x1=499799366
P3, tp=9, ts=9, x0=329003184, x1=305613449
P3, tp=9, ts=9, x0=67501958, x1=876414971
P3, tp=9, ts=9, x0=67501958, x1=198577977
P1, tp=9, ts=9, x0=592141669
P1, tp=9, ts=9, x0=460316739
P3, tp=9, ts=9, x0=758112575, x1=305613449
P2, tp=9, ts=9, x0=790023925, x1=958128414
P0, tp=9, ts=9
P2, tp=9, ts=9, x0=958128414, x1=428509340
P0, tp=9, ts=9
P2, tp=9, ts=9, x0=891385135, x1=595528183
P2, tp=9, ts=9, x0=305613449, x1=847910387
P3, tp=9, ts=9, x0=982763553, x1=943933142
P2, tp=9, ts=9, x0=67501958, x1=876414971
P2, tp=9, ts=9, x0=501235448, x1=226097377
P1, tp=9, ts=9, x0=303568015
P0, tp=9, ts=9
P3, tp=9, ts=9, x0=146570656, x1=501235448
P1, tp=9, ts=9, x0=815444399
P0, tp=9, ts=9
P2, tp=9, ts=9, x0=847910387, x1=607480795
P2, tp=9, ts=9, x0=592141669, x1=329003184
P2, tp=9, ts=9, x0=523717936, x1=646025175
P0, tp=9, ts=9
P2, tp=9, ts=9, x0=303568015, x1=784635324
P1, tp=9, ts=9, x0=305613449
P0, tp=9, ts=9
P2, tp=9, ts=9, x0=881020123, x1=79867053
P0, tp=9, ts=9
P1, tp=9, ts=9, x0=698619591
P3, tp=9, ts=9, x0=939086868, x1=898765600
P2, tp=9, ts=9, x0=890171475, x1=943933142
P3, tp=9, ts=9, x0=660893435, x1=809260180
P1, tp=9, ts=9, x0=422657725
P0, tp=9, ts=9
P0, tp=9, ts=9
P1, tp=9, ts=9, x0=718164311
P0, tp=9, ts=9
P1, tp=9, ts=9, x0=982763553
P2, tp=9, ts=9, x0=817136937, x1=939717081
P3, tp=9, ts=9, x0=338033406, x1=883022386
P0, tp=9, ts=9
P1, tp=9, ts=9, x0=941305857
P2, tp=9, ts=9, x0=341739853, x1=404407099
P2, tp=9, ts=9, x0=836501802, x1=664397662
P1, tp=9, ts=9, x0=490686796
P3, tp=9, ts=9, x0=710501673, x1=490686796
P3, tp=9, ts=9, x0=190756685, x1=914083710
P1, tp=9, ts=9, x0=718164311
P3, tp=9, ts=9, x0=501235448, x1=341739853
P1, tp=9, ts=9, x0=490686796
P3, tp=9, ts=9, x0=698619591, x1=218776740
P0, tp=9, ts=9
P3, tp=9, ts=9, x0=607480795, x1=718164311
P2, tp=9, ts=9, x0=460316739, x1=809260180
P2, tp=9, ts=9, x0=890171475, x1=812701956
P1, tp=9, ts=9, x0=941305857
P0, tp=9, ts=9
P1, tp=9, ts=9, x0=660893435
P1, tp=9, ts=9, x0=915172168
P3, tp=9, ts=9, x0=790023925, x1=450922778
P3, tp=9, ts=9, x0=1763596, x1=660893435
P2, tp=9, ts=9, x0=891385135, x1=447138414
P1, tp=9, ts=9, x0=1763596
P2, tp=9, ts=9, x0=261177465, x1=827435987
P3, tp=9, ts=9, x0=317970701, x1=815444399
P3, tp=9, ts=9, x0=939086868, x1=698619591
P3, tp=9, ts=9, x0=428509340, x1=546559397
P3, tp=9, ts=9, x0=190756685, x1=41052826
P2, tp=9, ts=9, x0=464603956, x1=516911069
P0, tp=9, ts=9
P0, tp=9, ts=9
P3, tp=9, ts=9, x0=502170321, x1=568184368
P0, tp=9, ts=9
P2, tp=9, ts=9, x0=780522634, x1=546559397
P3, tp=9, ts=9, x0=914083710, x1=827435987
P0, tp=9, ts=9
P3, tp=9, ts=9, x0=741587037, x1=398214030
P2, tp=9, ts=9, x0=716774833, x1=559386320
P2, tp=9, ts=9, x0=393390495, x1=778896774
P1, tp=9, ts=9, x0=226097377
P3, tp=9, ts=9, x0=516911069, x1=460316739
P1, tp=9, ts=9, x0=915172168
P2, tp=9, ts=9, x0=79867053, x1=812701956
P1, tp=9, ts=9, x0=939086868
P3, tp=9, ts=9, x0=530678512, x1=784635324
P2, tp=9, ts=9, x0=75858449, x1=914083710
P3, tp=9, ts=9, x0=404407099, x1=915172168
P3, tp=9, ts=9, x0=778896774, x1=628408378
P1, tp=9, ts=9, x0=812701956
P3, tp=9, ts=9, x0=710501673, x1=790023925
P3, tp=9, ts=9, x0=30812942, x1=523717936
P1, tp=9, ts=9, x0=131178659
P0, tp=9, ts=9
P3, tp=9, ts=9, x0=710501673, x1=784635324
P1, tp=9, ts=9, x0=939717081
P1, tp=9, ts=9, x0=554742894
P2, tp=9, ts=9, x0=490686796, x1=891385135
P2, tp=9, ts=9, x0=484111673, x1=166616719
P2, tp=9, ts=9, x0=664397662, x1=282666617
P1, tp=9, ts=9, x0=398214030
P2, tp=9, ts=9, x0=958128414, x1=881020123
P3, tp=9, ts=9, x0=1763596, x1=490686796
P0, tp=9, ts=9
P3, tp=9, ts=9, x0=628408378, x1=460316739
P3, tp=9, ts=9, x0=484111673, x1=316541151
P1, tp=9, ts=9, x0=422657725
P1, tp=9, ts=9, x0=883022386
P1, tp=9, ts=9, x0=530678512
P1, tp=9, ts=9, x0=718164311
P3, tp=9, ts=9, x0=523717936, x1=809260180
P0, tp=9, ts=9
P0, tp=9, ts=9
P3, tp=9, ts=9, x0=943933142, x1=502170321
P1, tp=9, ts=9, x0=499799366
P3, tp=9, ts=9, x0=305613449, x1=462979794
P1, tp=9, ts=9, x0=329003184
P2, tp=9, ts=9, x0=982763553, x1=943933142
P2, tp=9, ts=9, x0=67501958, x1=915172168
P1, tp=9, ts=9, x0=182591019
P2, tp=9, ts=9, x0=530678512, x1=317970701
P1, tp=9, ts=9, x0=422657725
P0, tp=9, ts=9
P0, tp=9, ts=9
P1, tp=9, ts=9, x0=105469970
P0, tp=9, ts=9
P3, tp=9, ts=9, x0=282666617, x1=939717081
P1, tp=9, ts=9, x0=540617402
P2, tp=9, ts=9, x0=393390495, x1=38675433
P2, tp=9, ts=9, x0=778896774, x1=546559397
P2, tp=9, ts=9, x0=49121881, x1=716774833
P3, tp=9, ts=9, x0=594748054, x1=422657725
P1, tp=9, ts=9, x0=915172168
P2, tp=9, ts=9, x0=795427463, x1=516911069
P2, tp=9, ts=9, x0=49121881, x1=876414971
P1, tp=9, ts=9, x0=282666617
P3, tp=9, ts=9, x0=516911069, x1=546559397
P1, tp=9, ts=9, x0=530678512
P2, tp=9, ts=9, x0=741587037, x1=107882179
P0, tp=9, ts=9
P1, tp=9, ts=9, x0=523717936
P1, tp=9, ts=9, x0=660893435
P2, tp=9, ts=9, x0=970798799, x1=787956711
P1, tp=9, ts=9, x0=646025175
P3, tp=9, ts=9, x0=404407099, x1=354548238
P1, tp=9, ts=9, x0=547586130
P0, tp=9, ts=9
P1, tp=9, ts=9, x0=815444399
P3, tp=9, ts=9, x0=664397662, x1=146570656
P1, tp=9, ts=9, x0=943933142
P2, tp=9, ts=9, x0=192852983, x1=479332536
P1, tp=9, ts=9, x0=49121881
P2, tp=9, ts=9, x0=104192052, x1=42000149
P1, tp=9, ts=9, x0=592141669
P2, tp=9, ts=9, x0=890171475, x1=890171475
P3, tp=9, ts=9, x0=660893435, x1=462979794
P3, tp=9, ts=9, x0=790023925, x1=479332536
P3, tp=9, ts=9, x0=836501802, x1=664397662
P2, tp=9, ts=9, x0=914083710, x1=316541151
P2, tp=9, ts=9, x0=190756685, x1=565578745
P0, tp=9, ts=9
P2, tp=9, ts=9, x0=484111673, x1=559386320
P2, tp=9, ts=9, x0=891385135, x1=836501802
P2, tp=9, ts=9, x0=941305857, x1=192852983
P1, tp=9, ts=9, x0=190756685
P3, tp=9, ts=9, x0=787956711, x1=317970701
P1, tp=9, ts=9, x0=105469970
P0, tp=9, ts=9
P2, tp=9, ts=9, x0=565578745, x1=428509340
P0, tp=9, ts=9
P0, tp=9, ts=9
P2, tp=9, ts=9, x0=727063096, x1=664397662
P1, tp=9, ts=9, x0=890171475
P0, tp=9, ts=9
P1, tp=9, ts=9, x0=104192052
P1, tp=9, ts=9, x0=329003184
P0, tp=9, ts=9
P3, tp=9, ts=9, x0=166616719, x1=718164311
P2, tp=9, ts=9, x0=206092724, x1=778896774
P3, tp=9, ts=9, x0=540617402, x1=166616719
P3, tp=9, ts=9, x0=353375641, x1=559386320
P3, tp=9, ts=9, x0=67501958, x1=479332536
P2, tp=9, ts=9, x0=860668718, x1=393390495
P2, tp=9, ts=9, x0=727063096, x1=422657725
P1, tp=9, ts=9, x0=847910387
P2, tp=9, ts=9, x0=516911069, x1=614282512
P0, tp=9, ts=9
P0, tp=9, ts=9
P1, tp=9, ts=9, x0=49121881
P3, tp=9, ts=9, x0=939717081, x1=670831175
P3, tp=9, ts=9, x0=104192052, x1=353375641
P2, tp=9, ts=9, x0=970798799, x1=447138414
P2, tp=9, ts=9, x0=754974279, x1=970798799
P0, tp=9, ts=9
P2, tp=9, ts=9, x0=939086868, x1=206092724
P1, tp=9, ts=9, x0=941305857
P1, tp=9, ts=9, x0=618138213
P2, tp=9, ts=9, x0=333289503, x1=75858449
P3, tp=9, ts=9, x0=890171475, x1=42000149
P0, tp=9, ts=9
P3, tp=9, ts=9, x0=547586130, x1=664397662
P2, tp=9, ts=9, x0=477582209, x1=317970701
P3, tp=9, ts=9, x0=618138213, x1=354548238
P0, tp=9, ts=9
P0, tp=9, ts=9
P3, tp=9, ts=9, x0=105469970, x1=554742894
P0, tp=9, ts=9
P2, tp=9, ts=9, x0=618138213, x1=146570656
P2, tp=9, ts=9, x0=105469970, x1=428509340
P2, tp=9, ts=9, x0=353375641, x1=393390495
P1, tp=9, ts=9, x0=867984
P3, tp=9, ts=9, x0=198577977, x1=422657725
P3, tp=9, ts=9, x0=523717936, x1=860668718
P1, tp=9, ts=9, x0=413688358
P1, tp=9, ts=9, x0=148036197
P3, tp=9, ts=9, x0=670831175, x1=501235448
P3, tp=9, ts=9, x0=49121881, x1=398214030
P2, tp=9, ts=9, x0=628408378, x1=546559397
P0, tp=9, ts=9
P1, tp=9, ts=9, x0=453761830
P0, tp=9, ts=9
P0, tp=9, ts=9
P2, tp=9, ts=9, x0=780522634, x1=190756685
P2, tp=9, ts=9, x0=38675433, x1=817136937
P0, tp=9, ts=9
P3, tp=9, ts=9, x0=943933142, x1=333289503
P1, tp=9, ts=9, x0=787956711
P2, tp=9, ts=9, x0=941305857, x1=790023925
P0, tp=9, ts=9
P2, tp=9, ts=9, x0=317970701, x1=836501802
P3, tp=9, ts=9, x0=501235448, x1=341739853
P0, tp=9, ts=9
P2, tp=9, ts=9, x0=166616719, x1=941305857
P1, tp=9, ts=9, x0=2518992
P3, tp=9, ts=9, x0=594748054, x1=588089653
P2, tp=9, ts=9, x0=554742894, x1=146570656
P3, tp=9, ts=9, x0=670831175, x1=727063096
P0, tp=9, ts=9
P2, tp=9, ts=9, x0=827435987, x1=741587037
P3, tp=9, ts=9, x0=614282512, x1=192852983
P1, tp=9, ts=9, x0=422657725
P0, tp=9, ts=9
P2, tp=9, ts=9, x0=40356829, x1=540617402
P1, tp=9, ts=9, x0=75858449
P0, tp=9, ts=9
P1, tp=9, ts=9, x0=316541151
P1, tp=9, ts=9, x0=40356829
P1, tp=9, ts=9, x0=941305857
P2, tp=9, ts=9, x0=939717081, x1=758112575
P2, tp=9, ts=9, x0=698619591, x1=490686796
P0, tp=9, ts=9
P3, tp=9, ts=9, x0=523717936, x1=196820585
P2, tp=9, ts=9, x0=958128414, x1=754974279
P0, tp=9, ts=9
P1, tp=9, ts=9, x0=2518992
P3, tp=9, ts=9, x0=166616719, x1=554742894
P3, tp=9, ts=9, x0=836501802, x1=678817513
P1, tp=9, ts=9, x0=670831175
P3, tp=9, ts=9, x0=670831175, x1=790023925
P3, tp=9, ts=9, x0=780522634, x1=63115009
P1, tp=9, ts=9, x0=305613449
P3, tp=9, ts=9, x0=490686796, x1=159591444
P1, tp=9, ts=9, x0=166616719
P2, tp=9, ts=9, x0=970798799, x1=915172168
P2, tp=9, ts=9, x0=131178659, x1=906201059
P0, tp=9, ts=9
P3, tp=9, ts=9, x0=305613449, x1=182591019
P1, tp=9, ts=9, x0=876414971
P0, tp=9, ts=9
P2, tp=9, ts=9, x0=179640226, x1=670831175
P0, tp=9, ts=9
P0, tp=9, ts=9
P3, tp=9, ts=9, x0=42000149, x1=562114765
P0, tp=9, ts=9
P1, tp=9, ts=9, x0=146570656
P2, tp=9, ts=9, x0=477582209, x1=628408378
P3, tp=9, ts=9, x0=646025175, x1=404407099
P1, tp=9, ts=9, x0=428509340
P3, tp=9, ts=9, x0=809260180, x1=588089653
P3, tp=9, ts=9, x0=758112575, x1=754974279
P0, tp=9, ts=9
P0, tp=9, ts=9
P3, tp=9, ts=9, x0=890171475, x1=30812942
P3, tp=9, ts=9, x0=847910387, x1=75858449
P2, tp=9, ts=9, x0=261177465, x1=159591444
P3, tp=9, ts=9, x0=618138213, x1=554742894
P1, tp=9, ts=9, x0=182591019
P1, tp=9, ts=9, x0=490686796
P2, tp=9, ts=9, x0=619252410, x1=817136937
P3, tp=9, ts=9, x0=847910387, x1=688763861
P0, tp=9, ts=9
P0, tp=9, ts=9
P1, tp=9, ts=9, x0=459789883
P1, tp=9, ts=9, x0=741587037
P2, tp=9, ts=9, x0=40356829, x1=41052826
P2, tp=9, ts=9, x0=646025175, x1=890171475
P2, tp=9, ts=9, x0=2518992, x1=218776740
P0, tp=9, ts=9
P3, tp=9, ts=9, x0=490686796, x1=881020123
P0, tp=9, ts=9
P2, tp=9, ts=9, x0=338033406, x1=795427463
P1, tp=9, ts=9, x0=594748054
P0, tp=9, ts=9
P1, tp=9, ts=9, x0=958128414
P0, tp=9, ts=9
P1, tp=9, ts=9, x0=105469970
P2, tp=9, ts=9, x0=404407099, x1=501235448
P2, tp=9, ts=9, x0=824870942, x1=516911069
P3, tp=9, ts=9, x0=790023925, x1=955355131
P3, tp=9, ts=9, x0=30812942, x1=434272864
P3, tp=9, ts=9, x0=140488967, x1=836501802
P0, tp=9, ts=9
P3, tp=9, ts=9, x0=790023925, x1=166616719
P1, tp=9, ts=9, x0=540617402
P0, tp=9, ts=9
P3, tp=9, ts=9, x0=660893435, x1=540617402
P3, tp=9, ts=9, x0=876414971, x1=726753416
P3, tp=9, ts=9, x0=196820585, x1=404407099
P0, tp=9, ts=9
P3, tp=9, ts=9, x0=787956711, x1=161817652
P3, tp=9, ts=9, x0=614282512, x1=618138213
P2, tp=9, ts=9, x0=516911069, x1=490686796
P3, tp=9, ts=9, x0=338033406, x1=196820585
P3, tp=9, ts=9, x0=484877364, x1=972682282
P1, tp=9, ts=9, x0=727063096
P0, tp=9, ts=9
P0, tp=9, ts=9
P2, tp=9, ts=9, x0=660893435, x1=30812942
P0, tp=9, ts=9
P1, tp=9, ts=9, x0=972682282
P0, tp=9, ts=9
P2, tp=9, ts=9, x0=329003184, x1=815444399
P0, tp=9, ts=9
P1, tp=9, ts=9, x0=190756685
P3, tp=9, ts=9, x0=726753416, x1=860668718
P3, tp=9, ts=9, x0=793005151, x1=447138414
P2, tp=9, ts=9, x0=447138414, x1=726753416
P3, tp=9, ts=9, x0=447138414, x1=63115009
P0, tp=9, ts=9
P1, tp=9, ts=9, x0=63115009
P3, tp=9, ts=9, x0=955355131, x1=546559397
P1, tp=9, ts=9, x0=881020123
P3, tp=9, ts=9, x0=836501802, x1=578719418
P3, tp=9, ts=9, x0=628408378, x1=206092724
P0, tp=9, ts=9
P1, tp=9, ts=9, x0=618138213
P1, tp=9, ts=9, x0=555245092
P1, tp=9, ts=9, x0=15141468
P2, tp=9, ts=9, x0=793005151, x1=546559397
P2, tp=9, ts=9, x0=182591019, x1=30812942
P1, tp=9, ts=9, x0=547586130
P1, tp=9, ts=9, x0=516911069
