P1, tp=0, ts=0, x0=569872521, x1=373321178
P0, tp=0, ts=0
P1, tp=0, ts=0, x0=328515787, x1=587230719
P0, tp=0, ts=0
P2, tp=0, ts=0, x0=24488068, x1=559514287
P0, tp=0, ts=0
P1, tp=0, ts=0, x0=263078228, x1=703748452
P3, tp=0, ts=0, x0=70079853, x1=782304503
P3, tp=0, ts=0, x0=192577637, x1=148737049
P0, tp=0, ts=0
P3, tp=0, ts=0, x0=606967315, x1=230151851
P1, tp=0, ts=0, x0=790519442, x1=759454589
P0, tp=0, ts=0
P3, tp=0, ts=0, x0=943366250, x1=819702502
P0, tp=0, ts=0
P0, tp=0, ts=0
P3, tp=0, ts=0, x0=55280525, x1=551152087
P0, tp=0, ts=0
P0, tp=0, ts=0
P2, tp=0, ts=0, x0=37375084, x1=107019939
P3, tp=0, ts=0, x0=544727831, x1=226070484
P1, tp=0, ts=0, x0=196980072, x1=454158356
P0, tp=0, ts=0
P2, tp=0, ts=0, x0=16373219, x1=583930965
P1, tp=0, ts=0, x0=240156530, x1=762707131
P2, tp=0, ts=0, x0=18709334, x1=194765226
P3, tp=0, ts=0, x0=228331474, x1=973945504
P3, tp=0, ts=0, x0=382513159, x1=298920788
P2, tp=0, ts=0, x0=722268122, x1=105778896
P2, tp=0, ts=0, x0=136297361, x1=248774096
P1, tp=0, ts=0, x0=73269769, x1=665429171
P3, tp=0, ts=0, x0=332126636, x1=666082975
P2, tp=0, ts=0, x0=5126561, x1=81369220
P0, tp=0, ts=0
P1, tp=0, ts=0, x0=741139708, x1=63979174
P1, tp=0, ts=0, x0=648016028, x1=541053556
P0, tp=0, ts=0
P1, tp=0, ts=0, x0=10932329, x1=332126636
P2, tp=0, ts=0, x0=543446181, x1=63979174
P0, tp=0, ts=0
P0, tp=0, ts=0
P1, tp=0, ts=0, x0=941288943, x1=943366250
P2, tp=0, ts=0, x0=508738113, x1=555916203
P2, tp=0, ts=0, x0=973945504, x1=703748452
P1, tp=0, ts=0, x0=226070484, x1=73269769
P0, tp=0, ts=0
P3, tp=0, ts=0, x0=5126561, x1=606967315
P1, tp=0, ts=0, x0=541053556, x1=263078228
P2, tp=0, ts=0, x0=5126561, x1=105778896
P3, tp=0, ts=0, x0=665429171, x1=544727831
P3, tp=0, ts=0, x0=741139708, x1=782304503
P2, tp=0, ts=0, x0=973945504, x1=583930965
P0, tp=0, ts=0
P1, tp=0, ts=0, x0=215333375, x1=722268122
P0, tp=0, ts=0
P0, tp=0, ts=0
P1, tp=0, ts=0, x0=118766102, x1=165210697
P2, tp=0, ts=0, x0=741139708, x1=298920788
P1, tp=0, ts=0, x0=722268122, x1=703748452
P0, tp=0, ts=0
P1, tp=0, ts=0, x0=105778896, x1=148737049
P3, tp=0, ts=0, x0=544727831, x1=196980072
P3, tp=0, ts=0, x0=332126636, x1=194765226
P1, tp=0, ts=0, x0=382513159, x1=759454589
P3, tp=0, ts=0, x0=508738113, x1=215333375
P2, tp=0, ts=0, x0=790519442, x1=741139708
P1, tp=0, ts=0, x0=118766102, x1=641299034
P2, tp=0, ts=0, x0=131587651, x1=240156530
P0, tp=0, ts=0
P2, tp=0, ts=0, x0=544727831, x1=16373219
P2, tp=0, ts=0, x0=543446181, x1=606967315
P2, tp=0, ts=0, x0=73269769, x1=943366250
P1, tp=0, ts=0, x0=192577637, x1=332126636
P0, tp=0, ts=0
P0, tp=0, ts=0
P0, tp=0, ts=0
P2, tp=0, ts=0, x0=165210697, x1=37375084
P1, tp=0, ts=0, x0=230151851, x1=131587651
P2, tp=0, ts=0, x0=5126561, x1=583468608
P2, tp=0, ts=0, x0=18709334, x1=641299034
P2, tp=0, ts=0, x0=759454589, x1=105778896
P1, tp=0, ts=0, x0=544727831, x1=703748452
P3, tp=0, ts=0, x0=648016028, x1=63979174
P1, tp=0, ts=0, x0=543446181, x1=332126636
P3, tp=0, ts=0, x0=37375084, x1=298920788
P2, tp=0, ts=0, x0=583468608, x1=230151851
P3, tp=0, ts=0, x0=665429171, x1=555916203
P3, tp=0, ts=0, x0=606967315, x1=18709334
P1, tp=0, ts=0, x0=583468608, x1=226070484
P3, tp=0, ts=0, x0=105778896, x1=544727831
P1, tp=0, ts=0, x0=543446181, x1=230151851
P2, tp=0, ts=0, x0=226070484, x1=328515787
P1, tp=0, ts=0, x0=583930965, x1=373321178
P2, tp=0, ts=0, x0=759454589, x1=328515787
P2, tp=0, ts=0, x0=230151851, x1=346649967
P2, tp=0, ts=0, x0=722268122, x1=508738113
P0, tp=0, ts=0
P0, tp=0, ts=0
P2, tp=0, ts=0, x0=741139708, x1=298920788
P1, tp=0, ts=0, x0=105778896, x1=559514287
P2, tp=0, ts=0, x0=328515787, x1=569872521
P3, tp=0, ts=0, x0=5126561, x1=81369220
P0, tp=0, ts=0
P0, tp=0, ts=0
P1, tp=0, ts=0, x0=118766102, x1=943366250
P2, tp=0, ts=0, x0=666082975, x1=346649967
P1, tp=0, ts=0, x0=551152087, x1=592957960
P0, tp=0, ts=0
P3, tp=0, ts=0, x0=541053556, x1=665429171
P2, tp=0, ts=0, x0=192577637, x1=382513159
P0, tp=0, ts=0
P2, tp=0, ts=0, x0=228331474, x1=543446181
P3, tp=0, ts=0, x0=298920788, x1=782304503
P1, tp=0, ts=0, x0=741139708, x1=587230719
P3, tp=0, ts=0, x0=762707131, x1=641299034
P0, tp=0, ts=0
P3, tp=0, ts=0, x0=192577637, x1=871032537
P0, tp=0, ts=0
P3, tp=0, ts=0, x0=544727831, x1=555916203
P3, tp=0, ts=0, x0=790519442, x1=5126561
P0, tp=0, ts=0
P1, tp=0, ts=0, x0=5126561, x1=476461901
P3, tp=0, ts=0, x0=583468608, x1=332126636
P1, tp=0, ts=0, x0=583930965, x1=559514287
P2, tp=0, ts=0, x0=973945504, x1=24488068
P3, tp=0, ts=0, x0=240156530, x1=192577637
P3, tp=0, ts=0, x0=555916203, x1=790519442
P2, tp=0, ts=0, x0=703748452, x1=722268122
P1, tp=0, ts=0, x0=18709334, x1=559514287
P1, tp=0, ts=0, x0=583930965, x1=551152087
P3, tp=0, ts=0, x0=555916203, x1=592957960
P1, tp=0, ts=0, x0=587230719, x1=37375084
P2, tp=0, ts=0, x0=10932329, x1=666082975
P1, tp=0, ts=0, x0=215333375, x1=587230719
P2, tp=0, ts=0, x0=710125852, x1=16373219
P1, tp=0, ts=0, x0=248774096, x1=298920788
P1, tp=0, ts=0, x0=606967315, x1=741139708
P3, tp=0, ts=0, x0=63979174, x1=148737049
P0, tp=0, ts=0
P3, tp=0, ts=0, x0=68305482, x1=871032537
P2, tp=0, ts=0, x0=68305482, x1=118766102
P2, tp=0, ts=0, x0=263399110, x1=5126561
P0, tp=0, ts=0
P2, tp=0, ts=0, x0=592957960, x1=16373219
P3, tp=0, ts=0, x0=226070484, x1=544727831
P0, tp=0, ts=0
P0, tp=0, ts=0
P0, tp=0, ts=0
P1, tp=0, ts=0, x0=871032537, x1=196980072
P0, tp=0, ts=0
P2, tp=0, ts=0, x0=666082975, x1=741139708
P1, tp=0, ts=0, x0=569872521, x1=722268122
P1, tp=0, ts=0, x0=328515787, x1=24488068
P3, tp=0, ts=0, x0=18709334, x1=37375084
P0, tp=0, ts=0
P2, tp=0, ts=0, x0=55280525, x1=240156530
P0, tp=0, ts=0
P2, tp=0, ts=0, x0=226070484, x1=762707131
P0, tp=0, ts=0
P3, tp=0, ts=0, x0=648016028, x1=248774096
P3, tp=0, ts=0, x0=18709334, x1=665429171
P0, tp=0, ts=0
P1, tp=0, ts=0, x0=118766102, x1=543446181
P0, tp=0, ts=0
P3, tp=0, ts=0, x0=405073702, x1=703748452
P0, tp=0, ts=0
P0, tp=0, ts=0
P3, tp=0, ts=0, x0=263399110, x1=225997902
P2, tp=0, ts=0, x0=68305482, x1=454158356
P0, tp=0, ts=0
P3, tp=0, ts=0, x0=543446181, x1=225997902
P1, tp=0, ts=0, x0=118766102, x1=328515787
P3, tp=0, ts=0, x0=284711236, x1=284711236
P0, tp=0, ts=0
P2, tp=0, ts=0, x0=226070484, x1=68305482
P1, tp=0, ts=0, x0=741139708, x1=10932329
P2, tp=0, ts=0, x0=131587651, x1=131587651
P3, tp=0, ts=0, x0=476461901, x1=332126636
P0, tp=0, ts=0
P0, tp=0, ts=0
P2, tp=0, ts=0, x0=874772219, x1=855472932
P3, tp=0, ts=0, x0=240156530, x1=606967315
P0, tp=0, ts=0
P1, tp=0, ts=0, x0=196980072, x1=551152087
P3, tp=0, ts=0, x0=37375084, x1=24488068
P0, tp=0, ts=0
P1, tp=0, ts=0, x0=346649967, x1=703748452
P1, tp=0, ts=0, x0=26082932, x1=508738113
P1, tp=0, ts=0, x0=105778896, x1=448471958
P2, tp=0, ts=0, x0=541053556, x1=73269769
P3, tp=0, ts=0, x0=430085063, x1=263399110
P1, tp=0, ts=0, x0=165210697, x1=741139708
P3, tp=0, ts=0, x0=228331474, x1=666720567
P3, tp=0, ts=0, x0=240156530, x1=332126636
P2, tp=0, ts=0, x0=710125852, x1=871032537
P0, tp=0, ts=0
P1, tp=0, ts=0, x0=871032537, x1=81369220
P1, tp=0, ts=0, x0=641299034, x1=814243750
P0, tp=0, ts=0
P0, tp=0, ts=0
P2, tp=0, ts=0, x0=508738113, x1=346649967
P1, tp=0, ts=0, x0=555916203, x1=923094017
P3, tp=0, ts=0, x0=24488068, x1=228331474
P0, tp=0, ts=0
P1, tp=0, ts=0, x0=588626817, x1=814243750
P0, tp=0, ts=0
P3, tp=0, ts=0, x0=298920788, x1=165210697
P3, tp=0, ts=0, x0=454158356, x1=782304503
P3, tp=0, ts=0, x0=24488068, x1=230151851
P1, tp=0, ts=0, x0=196980072, x1=240156530
P1, tp=0, ts=0, x0=583930965, x1=874772219
P2, tp=0, ts=0, x0=973945504, x1=814243750
P2, tp=0, ts=0, x0=814243750, x1=396326229
P0, tp=0, ts=0
P2, tp=0, ts=0, x0=5126561, x1=973945504
P3, tp=0, ts=0, x0=722268122, x1=405073702
P2, tp=0, ts=0, x0=551152087, x1=328515787
P3, tp=0, ts=0, x0=328515787, x1=666082975
P1, tp=0, ts=0, x0=476461901, x1=867732629
P2, tp=0, ts=0, x0=598221135, x1=10932329
P1, tp=0, ts=0, x0=5126561, x1=165210697
P3, tp=0, ts=0, x0=70079853, x1=30049184
P1, tp=0, ts=0, x0=587230719, x1=665429171
P2, tp=0, ts=0, x0=814243750, x1=308103836
P0, tp=0, ts=0
P3, tp=0, ts=0, x0=871032537, x1=225997902
P2, tp=0, ts=0, x0=588626817, x1=722268122
P1, tp=0, ts=0, x0=508738113, x1=5126561
P3, tp=0, ts=0, x0=648016028, x1=648016028
P3, tp=0, ts=0, x0=105778896, x1=867732629
P2, tp=0, ts=0, x0=587230719, x1=160877148
P3, tp=0, ts=0, x0=242370524, x1=194765226
P3, tp=0, ts=0, x0=762707131, x1=587230719
P2, tp=0, ts=0, x0=373321178, x1=871032537
P3, tp=0, ts=0, x0=248774096, x1=973945504
P1, tp=0, ts=0, x0=148737049, x1=298920788
P2, tp=0, ts=0, x0=583468608, x1=107019939
P1, tp=0, ts=0, x0=541053556, x1=606967315
P1, tp=0, ts=0, x0=606967315, x1=759454589
P2, tp=0, ts=0, x0=215333375, x1=26082932
P2, tp=0, ts=0, x0=606967315, x1=759454589
P2, tp=0, ts=0, x0=136297361, x1=37375084
P0, tp=0, ts=0
P2, tp=0, ts=0, x0=382513159, x1=774389284
P1, tp=0, ts=0, x0=107019939, x1=16373219
P1, tp=0, ts=0, x0=192577637, x1=73269769
P3, tp=0, ts=0, x0=192577637, x1=194765226
P1, tp=0, ts=0, x0=544727831, x1=941288943
P1, tp=0, ts=0, x0=665429171, x1=874772219
P3, tp=0, ts=0, x0=70079853, x1=63979174
P2, tp=0, ts=0, x0=985628215, x1=871032537
P1, tp=0, ts=0, x0=68305482, x1=373321178
P3, tp=0, ts=0, x0=18709334, x1=226070484
P0, tp=0, ts=0
P3, tp=0, ts=0, x0=569872521, x1=18709334
P0, tp=0, ts=0
P1, tp=0, ts=0, x0=328515787, x1=284711236
P0, tp=0, ts=0
P1, tp=0, ts=0, x0=543446181, x1=855472932
P1, tp=0, ts=0, x0=641299034, x1=373321178
P2, tp=0, ts=0, x0=543446181, x1=206179259
P2, tp=0, ts=0, x0=70079853, x1=263078228
P3, tp=0, ts=0, x0=666082975, x1=148737049
P1, tp=0, ts=0, x0=985628215, x1=648016028
P1, tp=0, ts=0, x0=648016028, x1=345522830
P0, tp=0, ts=0
P1, tp=0, ts=0, x0=814243750, x1=10932329
P2, tp=0, ts=0, x0=722268122, x1=5126561
P1, tp=0, ts=0, x0=508738113, x1=569872521
P2, tp=0, ts=0, x0=598221135, x1=24488068
P3, tp=0, ts=0, x0=328515787, x1=30049184
P2, tp=0, ts=0, x0=569872521, x1=476461901
P2, tp=0, ts=0, x0=543446181, x1=774389284
P3, tp=0, ts=0, x0=215333375, x1=973945504
P2, tp=0, ts=0, x0=194765226, x1=636597273
P3, tp=0, ts=0, x0=923094017, x1=544727831
P2, tp=0, ts=0, x0=871032537, x1=559514287
P2, tp=0, ts=0, x0=943366250, x1=741139708
P2, tp=0, ts=0, x0=160877148, x1=24488068
P2, tp=0, ts=0, x0=123410650, x1=179238138
P2, tp=0, ts=0, x0=448471958, x1=242370524
P1, tp=0, ts=0, x0=602614663, x1=168480877
P1, tp=0, ts=0, x0=629874149, x1=160877148
P0, tp=0, ts=0
P1, tp=0, ts=0, x0=345522830, x1=583930965
P0, tp=0, ts=0
P2, tp=0, ts=0, x0=985628215, x1=814243750
P2, tp=0, ts=0, x0=541053556, x1=160877148
P0, tp=0, ts=0
P1, tp=0, ts=0, x0=665429171, x1=757769813
P0, tp=0, ts=0
P0, tp=0, ts=0
P3, tp=0, ts=0, x0=430085063, x1=284711236
P2, tp=0, ts=0, x0=814243750, x1=606967315
P3, tp=0, ts=0, x0=10932329, x1=148737049
P2, tp=0, ts=0, x0=703748452, x1=165210697
P2, tp=0, ts=0, x0=131587651, x1=665429171
P1, tp=0, ts=0, x0=543446181, x1=692301800
P3, tp=0, ts=0, x0=242370524, x1=583930965
P1, tp=0, ts=0, x0=430085063, x1=215333375
P2, tp=0, ts=0, x0=263078228, x1=454158356
P2, tp=0, ts=0, x0=179238138, x1=248774096
P2, tp=0, ts=0, x0=544727831, x1=985628215
P1, tp=0, ts=0, x0=874772219, x1=629874149
P3, tp=0, ts=0, x0=923094017, x1=648016028
P0, tp=0, ts=0
P3, tp=0, ts=0, x0=284711236, x1=588626817
P1, tp=0, ts=0, x0=37375084, x1=192577637
P2, tp=0, ts=0, x0=757769813, x1=168480877
P3, tp=0, ts=0, x0=215333375, x1=500447516
P0, tp=0, ts=0
P3, tp=0, ts=0, x0=123410650, x1=382513159
P1, tp=0, ts=0, x0=583930965, x1=782304503
P3, tp=0, ts=0, x0=65250914, x1=814243750
P3, tp=0, ts=0, x0=396326229, x1=588626817
P3, tp=0, ts=0, x0=692301800, x1=636597273
P3, tp=0, ts=0, x0=239525156, x1=405073702
P0, tp=0, ts=0
P0, tp=0, ts=0
P3, tp=0, ts=0, x0=448471958, x1=55280525
P1, tp=0, ts=0, x0=382513159, x1=37375084
P3, tp=0, ts=0, x0=759439638, x1=298920788
P1, tp=0, ts=0, x0=16373219, x1=225997902
P0, tp=0, ts=0
P2, tp=0, ts=0, x0=138767712, x1=284711236
P1, tp=0, ts=0, x0=5126561, x1=288408177
P3, tp=0, ts=0, x0=206179259, x1=230151851
P3, tp=0, ts=0, x0=18709334, x1=65250914
P1, tp=0, ts=0, x0=592957960, x1=105778896
P1, tp=0, ts=0, x0=454158356, x1=248774096
P0, tp=0, ts=0
P0, tp=0, ts=0
P1, tp=0, ts=0, x0=240735579, x1=65250914
P2, tp=0, ts=0, x0=819702502, x1=973945504
P3, tp=0, ts=0, x0=165210697, x1=179248493
P3, tp=0, ts=0, x0=762707131, x1=179248493
P3, tp=0, ts=0, x0=148737049, x1=665429171
P1, tp=0, ts=0, x0=757769813, x1=215333375
P2, tp=0, ts=0, x0=206179259, x1=118766102
P3, tp=0, ts=0, x0=855472932, x1=26082932
P2, tp=0, ts=0, x0=160877148, x1=36062873
P1, tp=0, ts=0, x0=598221135, x1=759454589
P2, tp=0, ts=0, x0=382513159, x1=107019939
P3, tp=0, ts=0, x0=430085063, x1=759439638
P1, tp=0, ts=0, x0=240156530, x1=248774096
P3, tp=0, ts=0, x0=179248493, x1=288408177
P1, tp=0, ts=0, x0=288408177, x1=26082932
P3, tp=0, ts=0, x0=63979174, x1=179248493
P2, tp=0, ts=0, x0=592957960, x1=55280525
P2, tp=0, ts=0, x0=588626817, x1=551152087
P1, tp=0, ts=0, x0=192577637, x1=226070484
P0, tp=0, ts=0
P2, tp=0, ts=0, x0=68305482, x1=382513159
P3, tp=0, ts=0, x0=228331474, x1=544727831
P1, tp=0, ts=0, x0=194765226, x1=36012099
P1, tp=0, ts=0, x0=413539410, x1=36062873
P1, tp=0, ts=0, x0=762707131, x1=215333375
P3, tp=0, ts=0, x0=629874149, x1=606967315
P2, tp=0, ts=0, x0=36062873, x1=179248493
P3, tp=0, ts=0, x0=814243750, x1=867732629
P2, tp=0, ts=0, x0=242370524, x1=179238138
P1, tp=0, ts=0, x0=551152087, x1=55280525
P2, tp=0, ts=0, x0=819702502, x1=551152087
P0, tp=0, ts=0
P0, tp=0, ts=0
P3, tp=0, ts=0, x0=241400894, x1=345522830
P2, tp=0, ts=0, x0=430085063, x1=138767712
P3, tp=0, ts=0, x0=648016028, x1=710125852
P3, tp=0, ts=0, x0=405073702, x1=583930965
P3, tp=0, ts=0, x0=16373219, x1=165210697
P2, tp=0, ts=0, x0=762707131, x1=592957960
P3, tp=0, ts=0, x0=241400894, x1=759454589
P2, tp=0, ts=0, x0=105778896, x1=123410650
P1, tp=0, ts=0, x0=943366250, x1=648016028
P1, tp=0, ts=0, x0=196980072, x1=73269769
P0, tp=0, ts=0
P1, tp=0, ts=0, x0=239525156, x1=665429171
P3, tp=0, ts=0, x0=448471958, x1=583930965
P0, tp=0, ts=0
P0, tp=0, ts=0
P0, tp=0, ts=0
P2, tp=0, ts=0, x0=555916203, x1=985628215
P3, tp=0, ts=0, x0=63979174, x1=284711236
P3, tp=0, ts=0, x0=608677348, x1=345522830
P0, tp=0, ts=0
P2, tp=0, ts=0, x0=107019939, x1=641299034
P2, tp=0, ts=0, x0=138767712, x1=448471958
P2, tp=0, ts=0, x0=544727831, x1=123410650
P0, tp=0, ts=0
P2, tp=0, ts=0, x0=666720567, x1=583930965
P0, tp=0, ts=0
P1, tp=0, ts=0, x0=30049184, x1=608677348
P0, tp=0, ts=0
P3, tp=0, ts=0, x0=602614663, x1=33059026
P1, tp=0, ts=0, x0=648016028, x1=943366250
P3, tp=0, ts=0, x0=420569102, x1=551152087
P2, tp=0, ts=0, x0=45158346, x1=138767712
P3, tp=0, ts=0, x0=611665132, x1=583930965
P0, tp=0, ts=0
P2, tp=0, ts=0, x0=136297361, x1=160877148
P0, tp=0, ts=0
P0, tp=0, ts=0
P3, tp=0, ts=0, x0=1760702, x1=814243750
P2, tp=0, ts=0, x0=16373219, x1=134457235
P1, tp=0, ts=0, x0=226070484, x1=555916203
P0, tp=0, ts=0
P1, tp=0, ts=0, x0=215333375, x1=741139708
P0, tp=0, ts=0
P2, tp=0, ts=0, x0=901893964, x1=18709334
P0, tp=0, ts=0
P1, tp=0, ts=0, x0=284711236, x1=665429171
P3, tp=0, ts=0, x0=923094017, x1=81369220
P2, tp=0, ts=0, x0=611665132, x1=448471958
P0, tp=0, ts=0
P2, tp=0, ts=0, x0=551152087, x1=63979174
P2, tp=0, ts=0, x0=196980072, x1=722268122
P1, tp=0, ts=0, x0=179248493, x1=107019939
P2, tp=0, ts=0, x0=611665132, x1=239525156
P0, tp=0, ts=0
P2, tp=0, ts=0, x0=923094017, x1=626199108
P0, tp=0, ts=0
P0, tp=0, ts=0
P1, tp=0, ts=0, x0=26082932, x1=822765760
P1, tp=0, ts=0, x0=240156530, x1=874772219
P2, tp=0, ts=0, x0=256742142, x1=626199108
P2, tp=0, ts=0, x0=829977396, x1=183452338
P1, tp=0, ts=0, x0=33059026, x1=583468608
P0, tp=0, ts=0
P1, tp=0, ts=0, x0=134457235, x1=382513159
P3, tp=0, ts=0, x0=16373219, x1=911304320
P1, tp=0, ts=0, x0=738312471, x1=665429171
P0, tp=0, ts=0
P3, tp=0, ts=0, x0=239525156, x1=508738113
P1, tp=0, ts=0, x0=179248493, x1=134457235
P1, tp=0, ts=0, x0=5126561, x1=308103836
P3, tp=0, ts=0, x0=45158346, x1=757769813
P2, tp=0, ts=0, x0=5126561, x1=741139708
P0, tp=0, ts=0
P1, tp=0, ts=0, x0=629874149, x1=194765226
P2, tp=0, ts=0, x0=241400894, x1=131587651
P1, tp=0, ts=0, x0=10932329, x1=240735579
P2, tp=0, ts=0, x0=239525156, x1=543446181
P1, tp=0, ts=0, x0=81369220, x1=602614663
P1, tp=0, ts=0, x0=263399110, x1=18709334
P2, tp=0, ts=0, x0=911304320, x1=228331474
P2, tp=0, ts=0, x0=63979174, x1=179238138
P2, tp=0, ts=0, x0=165210697, x1=45158346
P0, tp=0, ts=0
P0, tp=0, ts=0
P1, tp=0, ts=0, x0=26082932, x1=871032537
P1, tp=0, ts=0, x0=832761777, x1=242370524
P1, tp=0, ts=0, x0=36062873, x1=448471958
P2, tp=0, ts=0, x0=583468608, x1=666082975
P3, tp=0, ts=0, x0=867732629, x1=855472932
P3, tp=0, ts=0, x0=118766102, x1=874772219
P3, tp=0, ts=0, x0=179248493, x1=332126636
P1, tp=0, ts=0, x0=248774096, x1=160877148
P0, tp=0, ts=0
P0, tp=0, ts=0
P3, tp=0, ts=0, x0=641299034, x1=1760702
P2, tp=0, ts=0, x0=722268122, x1=822765760
P0, tp=0, ts=0
P2, tp=0, ts=0, x0=163395779, x1=583468608
P3, tp=0, ts=0, x0=692301800, x1=741139708
P0, tp=0, ts=0
P1, tp=0, ts=0, x0=973945504, x1=179248493
P1, tp=0, ts=0, x0=228331474, x1=13974331
P3, tp=0, ts=0, x0=636597273, x1=215333375
P1, tp=0, ts=0, x0=922166512, x1=871032537
P1, tp=0, ts=0, x0=163395779, x1=692301800
P0, tp=0, ts=0
P3, tp=0, ts=0, x0=206179259, x1=555916203
P3, tp=0, ts=0, x0=420569102, x1=105778896
P3, tp=0, ts=0, x0=512398701, x1=1760702
P1, tp=0, ts=0, x0=136297361, x1=36062873
P1, tp=0, ts=0, x0=183452338, x1=134457235
P3, tp=0, ts=0, x0=65585272, x1=163395779
P0, tp=0, ts=0
P3, tp=0, ts=0, x0=225997902, x1=264344249
P1, tp=0, ts=0, x0=738312471, x1=131587651
P0, tp=0, ts=0
P1, tp=0, ts=0, x0=30049184, x1=626199108
P1, tp=0, ts=0, x0=710125852, x1=822765760
P2, tp=0, ts=0, x0=332126636, x1=738312471
P0, tp=0, ts=0
P0, tp=0, ts=0
P3, tp=0, ts=0, x0=814243750, x1=240735579
P2, tp=0, ts=0, x0=922166512, x1=430085063
P1, tp=0, ts=0, x0=33059026, x1=722268122
P3, tp=0, ts=0, x0=384243421, x1=543446181
P1, tp=0, ts=0, x0=867732629, x1=165210697
P3, tp=0, ts=0, x0=134457235, x1=666720567
P1, tp=0, ts=0, x0=871032537, x1=45158346
P3, tp=0, ts=0, x0=287337523, x1=384243421
P0, tp=0, ts=0
P2, tp=0, ts=0, x0=26082932, x1=173189939
P3, tp=0, ts=0, x0=163395779, x1=240735579
P2, tp=0, ts=0, x0=985628215, x1=874772219
P1, tp=0, ts=0, x0=33059026, x1=922166512
P1, tp=0, ts=0, x0=134457235, x1=136297361
P3, tp=0, ts=0, x0=332126636, x1=583468608
P1, tp=0, ts=0, x0=65585272, x1=429566986
P2, tp=0, ts=0, x0=448471958, x1=10932329
P3, tp=0, ts=0, x0=13974331, x1=626199108
P1, tp=0, ts=0, x0=636597273, x1=290477442
P1, tp=0, ts=0, x0=290477442, x1=168480877
P2, tp=0, ts=0, x0=665429171, x1=271306927
P1, tp=0, ts=0, x0=611665132, x1=127300202
P2, tp=0, ts=0, x0=13974331, x1=1760702
P3, tp=0, ts=0, x0=332126636, x1=855472932
P0, tp=0, ts=0
P2, tp=0, ts=0, x0=436134506, x1=648121738
P2, tp=0, ts=0, x0=123410650, x1=476461901
P2, tp=0, ts=0, x0=867732629, x1=822765760
P1, tp=0, ts=0, x0=608677348, x1=543446181
P3, tp=0, ts=0, x0=436134506, x1=588626817
P3, tp=0, ts=0, x0=741139708, x1=512398701
P3, tp=0, ts=0, x0=774389284, x1=759439638
P2, tp=0, ts=0, x0=179238138, x1=179238138
P1, tp=0, ts=0, x0=588626817, x1=629874149
P2, tp=0, ts=0, x0=508738113, x1=757769813
P0, tp=0, ts=0
P0, tp=0, ts=0
P2, tp=0, ts=0, x0=183126695, x1=138767712
P3, tp=0, ts=0, x0=829977396, x1=293190843
P0, tp=0, ts=0
P3, tp=0, ts=0, x0=242370524, x1=448471958
P0, tp=0, ts=0
P3, tp=0, ts=0, x0=13974331, x1=65585272
P1, tp=0, ts=0, x0=263399110, x1=225997902
P0, tp=0, ts=0
P0, tp=0, ts=0
P1, tp=0, ts=0, x0=183452338, x1=911304320
P2, tp=0, ts=0, x0=160877148, x1=240735579
P1, tp=0, ts=0, x0=396326229, x1=923094017
P1, tp=0, ts=0, x0=941288943, x1=555916203
P0, tp=0, ts=0
P1, tp=0, ts=0, x0=118766102, x1=583468608
P3, tp=0, ts=0, x0=288408177, x1=290477442
P2, tp=0, ts=0, x0=831623960, x1=123410650
P2, tp=0, ts=0, x0=30049184, x1=636597273
P3, tp=0, ts=0, x0=183126695, x1=293190843
P2, tp=0, ts=0, x0=345522830, x1=13974331
P0, tp=0, ts=0
P2, tp=0, ts=0, x0=183452338, x1=293190843
P3, tp=0, ts=0, x0=448471958, x1=131587651
P3, tp=0, ts=0, x0=168480877, x1=405073702
P1, tp=0, ts=0, x0=588626817, x1=179238138
P2, tp=0, ts=0, x0=271306927, x1=648121738
P3, tp=0, ts=0, x0=641299034, x1=543446181
P3, tp=0, ts=0, x0=692301800, x1=346649967
P1, tp=0, ts=0, x0=241400894, x1=345522830
P3, tp=0, ts=0, x0=160877148, x1=476461901
P3, tp=0, ts=0, x0=923094017, x1=384243421
P2, tp=0, ts=0, x0=774389284, x1=33059026
P2, tp=0, ts=0, x0=822765760, x1=346649967
P3, tp=0, ts=0, x0=123410650, x1=831623960
P2, tp=0, ts=0, x0=271306927, x1=911304320
P0, tp=0, ts=0
P1, tp=0, ts=0, x0=420569102, x1=814243750
P0, tp=0, ts=0
P1, tp=0, ts=0, x0=160877148, x1=555916203
P2, tp=0, ts=0, x0=774389284, x1=611665132
P3, tp=0, ts=0, x0=846303794, x1=855472932
P1, tp=0, ts=0, x0=859290031, x1=413539410
P2, tp=0, ts=0, x0=13974331, x1=629874149
P0, tp=0, ts=0
P0, tp=0, ts=0
P3, tp=0, ts=0, x0=183126695, x1=923094017
P2, tp=0, ts=0, x0=1760702, x1=592455190
P0, tp=0, ts=0
P2, tp=0, ts=0, x0=985628215, x1=922166512
P2, tp=0, ts=0, x0=131587651, x1=225997902
P3, tp=0, ts=0, x0=473237444, x1=215333375
P3, tp=0, ts=0, x0=36419522, x1=127300202
P0, tp=0, ts=0
P1, tp=0, ts=0, x0=118766102, x1=500447516
P2, tp=0, ts=0, x0=36419522, x1=242370524
P3, tp=0, ts=0, x0=384243421, x1=871032537
P2, tp=0, ts=0, x0=774389284, x1=429566986
P3, tp=0, ts=0, x0=345522830, x1=512398701
P0, tp=0, ts=0
P2, tp=0, ts=0, x0=859290031, x1=583468608
P1, tp=0, ts=0, x0=831623960, x1=373000334
P3, tp=0, ts=0, x0=215333375, x1=308103836
P1, tp=0, ts=0, x0=626199108, x1=138767712
P3, tp=0, ts=0, x0=30049184, x1=127300202
P0, tp=0, ts=0
P0, tp=0, ts=0
P1, tp=0, ts=0, x0=436134506, x1=225997902
P3, tp=0, ts=0, x0=429566986, x1=183126695
P3, tp=0, ts=0, x0=859290031, x1=555916203
P3, tp=0, ts=0, x0=65585272, x1=183452338
P0, tp=0, ts=0
P0, tp=0, ts=0
P3, tp=0, ts=0, x0=473237444, x1=968393584
P3, tp=0, ts=0, x0=290477442, x1=987663363
P3, tp=0, ts=0, x0=346649967, x1=555916203
P3, tp=0, ts=0, x0=36419522, x1=293190843
P2, tp=0, ts=0, x0=611665132, x1=264344249
P3, tp=0, ts=0, x0=271306927, x1=867732629
P2, tp=0, ts=0, x0=629874149, x1=379640782
P2, tp=0, ts=0, x0=36419522, x1=934255303
P2, tp=0, ts=0, x0=242370524, x1=36419522
P0, tp=0, ts=0
P3, tp=0, ts=0, x0=598221135, x1=168480877
P0, tp=0, ts=0
P2, tp=0, ts=0, x0=757769813, x1=832761777
P1, tp=0, ts=0, x0=183126695, x1=592957960
P0, tp=0, ts=0
P3, tp=0, ts=0, x0=160877148, x1=985628215
P0, tp=0, ts=0
P2, tp=0, ts=0, x0=648121738, x1=271306927
P2, tp=0, ts=0, x0=231932094, x1=738312471
P1, tp=0, ts=0, x0=45158346, x1=604760530
P2, tp=0, ts=0, x0=231932094, x1=533458709
P0, tp=0, ts=0
P1, tp=0, ts=0, x0=855472932, x1=346649967
P0, tp=0, ts=0
P3, tp=0, ts=0, x0=160877148, x1=846303794
P2, tp=0, ts=0, x0=592957960, x1=831623960
P1, tp=0, ts=0, x0=859702507, x1=629874149
P3, tp=0, ts=0, x0=258571183, x1=264344249
P1, tp=0, ts=0, x0=602614663, x1=30049184
P2, tp=0, ts=0, x0=598221135, x1=138767712
P1, tp=0, ts=0, x0=163395779, x1=373000334
P3, tp=0, ts=0, x0=814243750, x1=308103836
P0, tp=0, ts=0
P3, tp=0, ts=0, x0=648121738, x1=968393584
P0, tp=0, ts=0
P2, tp=0, ts=0, x0=287337523, x1=264344249
P3, tp=0, ts=0, x0=598221135, x1=608677348
P0, tp=0, ts=0
P1, tp=0, ts=0, x0=65585272, x1=846303794
P1, tp=0, ts=0, x0=473237444, x1=822765760
P2, tp=0, ts=0, x0=814243750, x1=271306927
P3, tp=0, ts=0, x0=68305482, x1=923094017
P0, tp=0, ts=0
P3, tp=0, ts=0, x0=985628215, x1=512398701
P3, tp=0, ts=0, x0=256742142, x1=163395779
P2, tp=0, ts=0, x0=345522830, x1=288408177
P3, tp=0, ts=0, x0=413539410, x1=911304320
P0, tp=0, ts=0
P0, tp=0, ts=0
P2, tp=0, ts=0, x0=985628215, x1=290477442
P2, tp=0, ts=0, x0=611665132, x1=68305482
P2, tp=0, ts=0, x0=163395779, x1=256742142
P2, tp=0, ts=0, x0=923094017, x1=183452338
P3, tp=0, ts=0, x0=127300202, x1=829977396
P1, tp=0, ts=0, x0=429566986, x1=345522830
P2, tp=0, ts=0, x0=831623960, x1=829977396
P1, tp=0, ts=0, x0=829977396, x1=901893964
P1, tp=0, ts=0, x0=968393584, x1=473237444
P2, tp=0, ts=0, x0=287337523, x1=598221135
P1, tp=0, ts=0, x0=831623960, x1=241400894
P3, tp=0, ts=0, x0=241400894, x1=231932094
P0, tp=0, ts=0
P1, tp=0, ts=0, x0=405073702, x1=68305482
P3, tp=0, ts=0, x0=690209791, x1=759439638
P0, tp=0, ts=0
P1, tp=0, ts=0, x0=111882559, x1=183452338
P2, tp=0, ts=0, x0=123410650, x1=263399110
P3, tp=0, ts=0, x0=68305482, x1=127300202
P2, tp=0, ts=0, x0=33059026, x1=26082932
P0, tp=0, ts=0
P2, tp=0, ts=0, x0=692301800, x1=264344249
P0, tp=0, ts=0
P2, tp=0, ts=0, x0=373000334, x1=379640782
P1, tp=0, ts=0, x0=284711236, x1=242370524
P0, tp=0, ts=0
P3, tp=0, ts=0, x0=473237444, x1=832761777
P1, tp=0, ts=0, x0=757769813, x1=757769813
P2, tp=0, ts=0, x0=36012099, x1=293190843
P3, tp=0, ts=0, x0=65250914, x1=65585272
P1, tp=0, ts=0, x0=757769813, x1=264344249
P0, tp=0, ts=0
P2, tp=0, ts=0, x0=379640782, x1=692301800
P3, tp=0, ts=0, x0=163395779, x1=290477442
P0, tp=0, ts=0
P0, tp=0, ts=0
P1, tp=0, ts=0, x0=65585272, x1=290477442
P2, tp=0, ts=0, x0=602614663, x1=36419522
P0, tp=0, ts=0
P1, tp=0, ts=0, x0=692301800, x1=308103836
P1, tp=0, ts=0, x0=225997902, x1=271306927
P3, tp=0, ts=0, x0=287337523, x1=859290031
P1, tp=0, ts=0, x0=598221135, x1=225997902
P1, tp=0, ts=0, x0=160877148, x1=430085063
P3, tp=0, ts=0, x0=258571183, x1=111882559
P2, tp=0, ts=0, x0=179248493, x1=396326229
P0, tp=0, ts=0
P2, tp=0, ts=0, x0=911304320, x1=36062873
P0, tp=0, ts=0
P0, tp=0, ts=0
P0, tp=0, ts=0
P0, tp=0, ts=0
P2, tp=0, ts=0, x0=134457235, x1=173189939
P1, tp=0, ts=0, x0=901893964, x1=923094017
P0, tp=0, ts=0
P3, tp=0, ts=0, x0=179238138, x1=602614663
P0, tp=0, ts=0
P0, tp=0, ts=0
P1, tp=0, ts=0, x0=36062873, x1=163395779
P2, tp=0, ts=0, x0=173189939, x1=384243421
P1, tp=0, ts=0, x0=500447516, x1=183126695
P1, tp=0, ts=0, x0=874772219, x1=922166512
P2, tp=0, ts=0, x0=163395779, x1=163395779
P2, tp=0, ts=0, x0=263399110, x1=588626817
P3, tp=0, ts=0, x0=759439638, x1=258571183
P2, tp=0, ts=0, x0=592957960, x1=258571183
P1, tp=0, ts=0, x0=206179259, x1=206179259
P2, tp=0, ts=0, x0=293190843, x1=473237444
P0, tp=0, ts=0
P0, tp=0, ts=0
P2, tp=0, ts=0, x0=648121738, x1=636597273
P0, tp=0, ts=0
P3, tp=0, ts=0, x0=26082932, x1=626199108
P2, tp=0, ts=0, x0=592455190, x1=545396997
P2, tp=0, ts=0, x0=411857858, x1=163395779
P0, tp=0, ts=0
P2, tp=0, ts=0, x0=206179259, x1=533458709
P1, tp=0, ts=0, x0=287337523, x1=16487533
P1, tp=0, ts=0, x0=436134506, x1=138767712
P0, tp=0, ts=0
P2, tp=0, ts=0, x0=757769813, x1=690209791
P3, tp=0, ts=0, x0=430085063, x1=183126695
P1, tp=0, ts=0, x0=774389284, x1=373000334
P1, tp=0, ts=0, x0=690209791, x1=413539410
P0, tp=0, ts=0
P2, tp=0, ts=0, x0=160877148, x1=361839242
P2, tp=0, ts=0, x0=65250914, x1=240735579
P2, tp=0, ts=0, x0=160877148, x1=263399110
P1, tp=0, ts=0, x0=287337523, x1=16487533
P1, tp=0, ts=0, x0=922166512, x1=831623960
P1, tp=0, ts=0, x0=173189939, x1=183126695
P2, tp=0, ts=0, x0=690209791, x1=642402964
P2, tp=0, ts=0, x0=288408177, x1=430085063
P3, tp=0, ts=0, x0=626199108, x1=379640782
P3, tp=0, ts=0, x0=604760530, x1=759439638
P1, tp=0, ts=0, x0=911304320, x1=308103836
P1, tp=0, ts=0, x0=985628215, x1=111882559
P1, tp=0, ts=0, x0=123410650, x1=256742142
P2, tp=0, ts=0, x0=30049184, x1=592455190
P3, tp=0, ts=0, x0=405965086, x1=710720380
P0, tp=0, ts=0
P1, tp=0, ts=0, x0=642402964, x1=179238138
P2, tp=0, ts=0, x0=867732629, x1=923094017
P1, tp=0, ts=0, x0=855472932, x1=968393584
P1, tp=0, ts=0, x0=36419522, x1=183452338
P2, tp=0, ts=0, x0=111882559, x1=123410650
P3, tp=0, ts=0, x0=416374701, x1=45158346
P0, tp=0, ts=0
P2, tp=0, ts=0, x0=420569102, x1=604760530
P2, tp=0, ts=0, x0=829977396, x1=666720567
P3, tp=0, ts=0, x0=416374701, x1=500447516
P1, tp=0, ts=0, x0=179248493, x1=179238138
P2, tp=0, ts=0, x0=308103836, x1=436134506
P0, tp=0, ts=0
P3, tp=0, ts=0, x0=293190843, x1=308103836
P0, tp=0, ts=0
P0, tp=0, ts=0
P3, tp=0, ts=0, x0=903421800, x1=611665132
P3, tp=0, ts=0, x0=29002103, x1=429566986
P2, tp=0, ts=0, x0=846303794, x1=411857858
P0, tp=0, ts=0
P2, tp=0, ts=0, x0=793960407, x1=859290031
P3, tp=0, ts=0, x0=793960407, x1=127300202
P1, tp=0, ts=0, x0=361839242, x1=288408177
P1, tp=0, ts=0, x0=36062873, x1=379640782
P1, tp=0, ts=0, x0=239525156, x1=512398701
P3, tp=0, ts=0, x0=626199108, x1=934255303
P2, tp=0, ts=0, x0=16487533, x1=163395779
P1, tp=0, ts=0, x0=473237444, x1=436134506
P1, tp=0, ts=0, x0=859290031, x1=588626817
P1, tp=0, ts=0, x0=859290031, x1=36419522
P0, tp=0, ts=0
P0, tp=0, ts=0
P2, tp=0, ts=0, x0=65250914, x1=533458709
P0, tp=0, ts=0
P2, tp=0, ts=0, x0=287337523, x1=127300202
P1, tp=0, ts=0, x0=45158346, x1=473237444
P3, tp=0, ts=0, x0=73363563, x1=143318074
P0, tp=0, ts=0
P3, tp=0, ts=0, x0=533458709, x1=413539410
P3, tp=0, ts=0, x0=831623960, x1=288408177
P2, tp=0, ts=0, x0=934255303, x1=831623960
P0, tp=0, ts=0
P1, tp=0, ts=0, x0=349100025, x1=138767712
P3, tp=0, ts=0, x0=420569102, x1=901893964
P0, tp=0, ts=0
P1, tp=0, ts=0, x0=9044, x1=533458709
P2, tp=0, ts=0, x0=36062873, x1=592455190
P0, tp=0, ts=0
P2, tp=0, ts=0, x0=822765760, x1=934255303
P2, tp=0, ts=0, x0=604760530, x1=271306927
P0, tp=0, ts=0
P0, tp=0, ts=0
P1, tp=0, ts=0, x0=173189939, x1=258571183
P0, tp=0, ts=0
P0, tp=0, ts=0
P2, tp=0, ts=0, x0=288408177, x1=710720380
P3, tp=0, ts=0, x0=143318074, x1=36062873
P2, tp=0, ts=0, x0=111882559, x1=636597273
P3, tp=0, ts=0, x0=598221135, x1=183452338
P1, tp=0, ts=0, x0=36062873, x1=690209791
P0, tp=0, ts=0
P0, tp=0, ts=0
P2, tp=0, ts=0, x0=290477442, x1=411857858
P3, tp=0, ts=0, x0=968393584, x1=923094017
P3, tp=0, ts=0, x0=271306927, x1=287337523
P0, tp=0, ts=0
P2, tp=0, ts=0, x0=224093314, x1=127300202
P1, tp=0, ts=0, x0=832761777, x1=241400894
P1, tp=0, ts=0, x0=990406599, x1=179248493
P2, tp=0, ts=0, x0=179248493, x1=264344249
P3, tp=0, ts=0, x0=598221135, x1=629874149
P3, tp=0, ts=0, x0=138767712, x1=345522830
P0, tp=0, ts=0
P0, tp=0, ts=0
P3, tp=0, ts=0, x0=349100025, x1=65585272
P3, tp=0, ts=0, x0=314982384, x1=179238138
P3, tp=0, ts=0, x0=179248493, x1=859657893
P3, tp=0, ts=0, x0=832761777, x1=987663363
P0, tp=0, ts=0
P2, tp=0, ts=0, x0=65250914, x1=36012099
P1, tp=0, ts=0, x0=648121738, x1=314982384
P3, tp=0, ts=0, x0=241400894, x1=738312471
P1, tp=0, ts=0, x0=626199108, x1=384243421
P0, tp=0, ts=0
P1, tp=0, ts=0, x0=290477442, x1=256742142
P0, tp=0, ts=0
P1, tp=0, ts=0, x0=256742142, x1=258571183
P1, tp=0, ts=0, x0=361839242, x1=179238138
P1, tp=0, ts=0, x0=1760702, x1=16487533
P1, tp=0, ts=0, x0=179248493, x1=405965086
P2, tp=0, ts=0, x0=179238138, x1=258571183
P3, tp=0, ts=0, x0=241400894, x1=436134506
P3, tp=0, ts=0, x0=611665132, x1=592455190
P3, tp=0, ts=0, x0=13974331, x1=179238138
P0, tp=0, ts=0
P1, tp=0, ts=0, x0=416374701, x1=143318074
P2, tp=0, ts=0, x0=123410650, x1=405965086
P2, tp=0, ts=0, x0=822765760, x1=922166512
P1, tp=0, ts=0, x0=13974331, x1=384243421
P3, tp=0, ts=0, x0=604760530, x1=224093314
P3, tp=0, ts=0, x0=242370524, x1=512398701
P3, tp=0, ts=0, x0=160877148, x1=308103836
P0, tp=0, ts=0
P1, tp=0, ts=0, x0=793960407, x1=379640782
P3, tp=0, ts=0, x0=36012099, x1=29002103
P0, tp=0, ts=0
P1, tp=0, ts=0, x0=206179259, x1=985628215
P2, tp=0, ts=0, x0=406644952, x1=604760530
P0, tp=0, ts=0
P0, tp=0, ts=0
P3, tp=0, ts=0, x0=636597273, x1=179248493
P1, tp=0, ts=0, x0=345522830, x1=13819891
P2, tp=0, ts=0, x0=323383664, x1=990406599
P2, tp=0, ts=0, x0=822765760, x1=240735579
P3, tp=0, ts=0, x0=373000334, x1=642402964
P2, tp=0, ts=0, x0=242370524, x1=173189939
P3, tp=0, ts=0, x0=33059026, x1=512398701
P3, tp=0, ts=0, x0=308103836, x1=163395779
P1, tp=0, ts=0, x0=859702507, x1=127300202
P2, tp=0, ts=0, x0=985628215, x1=379640782
P1, tp=0, ts=0, x0=413539410, x1=206179259
P2, tp=0, ts=0, x0=626199108, x1=592455190
P2, tp=0, ts=0, x0=111882559, x1=710720380
P3, tp=0, ts=0, x0=859290031, x1=629874149
P2, tp=0, ts=0, x0=608677348, x1=264344249
P2, tp=0, ts=0, x0=611665132, x1=540011444
P3, tp=0, ts=0, x0=134457235, x1=345522830
P2, tp=0, ts=0, x0=491488954, x1=436134506
P2, tp=0, ts=0, x0=757769813, x1=36419522
P0, tp=0, ts=0
P3, tp=0, ts=0, x0=901893964, x1=473237444
P1, tp=0, ts=0, x0=1760702, x1=239525156
P0, tp=0, ts=0
P1, tp=0, ts=0, x0=629874149, x1=636597273
P0, tp=0, ts=0
P1, tp=0, ts=0, x0=769575720, x1=206179259
P2, tp=0, ts=0, x0=608677348, x1=36419522
P0, tp=0, ts=0
P3, tp=0, ts=0, x0=710720380, x1=831623960
P0, tp=0, ts=0
P3, tp=0, ts=0, x0=73363563, x1=1760702
P3, tp=0, ts=0, x0=173189939, x1=240735579
P1, tp=0, ts=0, x0=36419522, x1=648121738
P0, tp=0, ts=0
P2, tp=0, ts=0, x0=411857858, x1=239525156
P0, tp=0, ts=0
P3, tp=0, ts=0, x0=163395779, x1=173189939
P0, tp=0, ts=0
P3, tp=0, ts=0, x0=903421800, x1=416374701
P0, tp=0, ts=0
P1, tp=0, ts=0, x0=440579536, x1=127300202
P0, tp=0, ts=0
P1, tp=0, ts=0, x0=533458709, x1=512398701
P1, tp=0, ts=0, x0=271306927, x1=206179259
P1, tp=0, ts=0, x0=416374701, x1=36062873
P0, tp=0, ts=0
P3, tp=0, ts=0, x0=1760702, x1=134457235
P1, tp=0, ts=0, x0=602614663, x1=357794322
P1, tp=0, ts=0, x0=138767712, x1=769575720
P0, tp=0, ts=0
P2, tp=0, ts=0, x0=491488954, x1=987663363
P3, tp=0, ts=0, x0=512398701, x1=405965086
P1, tp=0, ts=0, x0=127300202, x1=256742142
P2, tp=0, ts=0, x0=13974331, x1=224093314
P1, tp=0, ts=0, x0=901893964, x1=241400894
P3, tp=0, ts=0, x0=491488954, x1=287337523
P0, tp=0, ts=0
P2, tp=0, ts=0, x0=846303794, x1=379640782
P2, tp=0, ts=0, x0=710720380, x1=13974331
P3, tp=0, ts=0, x0=911304320, x1=903421800
P0, tp=0, ts=0
P3, tp=0, ts=0, x0=512398701, x1=183452338
P0, tp=0, ts=0
P3, tp=0, ts=0, x0=420569102, x1=911304320
P1, tp=0, ts=0, x0=361839242, x1=13974331
P0, tp=0, ts=0
P1, tp=0, ts=0, x0=314982384, x1=804290433
P0, tp=0, ts=0
P0, tp=0, ts=0
P1, tp=0, ts=0, x0=636105593, x1=545396997
P1, tp=0, ts=0, x0=602614663, x1=692301800
P3, tp=0, ts=0, x0=36012099, x1=968393584
P2, tp=0, ts=0, x0=444535693, x1=429566986
P0, tp=0, ts=0
P3, tp=0, ts=0, x0=65585272, x1=36012099
P2, tp=0, ts=0, x0=473237444, x1=73363563
P3, tp=0, ts=0, x0=648121738, x1=411857858
P1, tp=0, ts=0, x0=287337523, x1=793960407
P1, tp=0, ts=0, x0=143318074, x1=626199108
P0, tp=0, ts=0
P3, tp=0, ts=0, x0=413539410, x1=256742142
P0, tp=0, ts=0
P3, tp=0, ts=0, x0=940829925, x1=73363563
P1, tp=0, ts=0, x0=420569102, x1=626199108
P1, tp=0, ts=0, x0=231932094, x1=241400894
P0, tp=0, ts=0
P3, tp=0, ts=0, x0=512398701, x1=533458709
P1, tp=0, ts=0, x0=690209791, x1=611665132
P1, tp=0, ts=0, x0=655358986, x1=168480877
P3, tp=0, ts=0, x0=183452338, x1=65585272
P1, tp=0, ts=0, x0=33059026, x1=357794322
P2, tp=0, ts=0, x0=163395779, x1=709611043
P1, tp=0, ts=0, x0=420569102, x1=288408177
P1, tp=0, ts=0, x0=1760702, x1=473237444
P0, tp=0, ts=0
P0, tp=0, ts=0
P3, tp=0, ts=0, x0=636105593, x1=968393584
P0, tp=0, ts=0
P1, tp=0, ts=0, x0=73363563, x1=65585272
P0, tp=0, ts=0
P3, tp=0, ts=0, x0=127300202, x1=111882559
P3, tp=0, ts=0, x0=429566986, x1=183452338
P0, tp=0, ts=0
P0, tp=0, ts=0
P2, tp=0, ts=0, x0=223745878, x1=271306927
P3, tp=0, ts=0, x0=710720380, x1=163395779
P3, tp=0, ts=0, x0=940829925, x1=690209791
P2, tp=0, ts=0, x0=111882559, x1=793960407
P0, tp=0, ts=0
P0, tp=0, ts=0
P1, tp=0, ts=0, x0=256742142, x1=429566986
P3, tp=0, ts=0, x0=45158346, x1=223745878
P0, tp=0, ts=0
P3, tp=0, ts=0, x0=290477442, x1=846303794
P1, tp=0, ts=0, x0=692301800, x1=163395779
P3, tp=0, ts=0, x0=277349066, x1=134457235
P2, tp=0, ts=0, x0=859290031, x1=234108216
P3, tp=0, ts=0, x0=831623960, x1=592455190
P1, tp=0, ts=0, x0=288408177, x1=239525156
P1, tp=0, ts=0, x0=290477442, x1=901893964
P2, tp=0, ts=0, x0=349100025, x1=223745878
P3, tp=0, ts=0, x0=460781810, x1=831623960
P1, tp=0, ts=0, x0=759439638, x1=323383664
P0, tp=0, ts=0
P0, tp=0, ts=0
P1, tp=0, ts=0, x0=460781810, x1=968393584
P3, tp=0, ts=0, x0=429566986, x1=323383664
P3, tp=0, ts=0, x0=940829925, x1=802859921
P2, tp=0, ts=0, x0=900919027, x1=429566986
P3, tp=0, ts=0, x0=690209791, x1=757829496
P0, tp=0, ts=0
P1, tp=0, ts=0, x0=34216644, x1=379640782
P2, tp=0, ts=0, x0=574663892, x1=655358986
P3, tp=0, ts=0, x0=281208801, x1=256742142
P2, tp=0, ts=0, x0=793960407, x1=23838
P2, tp=0, ts=0, x0=757829496, x1=134457235
P0, tp=0, ts=0
P2, tp=0, ts=0, x0=29002103, x1=709611043
P2, tp=0, ts=0, x0=13974331, x1=183452338
P3, tp=0, ts=0, x0=224093314, x1=648121738
P2, tp=0, ts=0, x0=323383664, x1=460781810
P0, tp=0, ts=0
P3, tp=0, ts=0, x0=277349066, x1=234108216
P1, tp=0, ts=0, x0=540011444, x1=13819891
P2, tp=0, ts=0, x0=289743064, x1=314982384
P2, tp=1, ts=1, x0=349100025, x1=416374701
P1, tp=1, ts=1, x0=846303794, x1=281208801
P1, tp=1, ts=1, x0=757829496, x1=349100025
P1, tp=1, ts=1, x0=655358986, x1=512398701
P1, tp=1, ts=1, x0=846303794, x1=33059026
P2, tp=1, ts=1, x0=65585272, x1=420569102
P2, tp=1, ts=1, x0=349100025, x1=234108216
P3, tp=1, ts=1, x0=900919027, x1=231932094
P2, tp=1, ts=1, x0=636105593, x1=429566986
P0, tp=1, ts=1
P2, tp=1, ts=1, x0=859657893, x1=940829925
P1, tp=1, ts=1, x0=256742142, x1=436134506
P2, tp=1, ts=1, x0=448781608, x1=712030295
P2, tp=1, ts=1, x0=405965086, x1=846052324
P2, tp=1, ts=1, x0=9044, x1=757829496
P0, tp=1, ts=1
P2, tp=1, ts=1, x0=448781608, x1=636105593
P1, tp=1, ts=1, x0=655358986, x1=608677348
P2, tp=1, ts=1, x0=922166512, x1=241400894
P1, tp=1, ts=1, x0=436134506, x1=163395779
P0, tp=1, ts=1
P2, tp=1, ts=1, x0=592455190, x1=444535693
P3, tp=1, ts=1, x0=183126695, x1=574663892
P3, tp=1, ts=1, x0=551695068, x1=769575720
P1, tp=1, ts=1, x0=429566986, x1=429566986
P3, tp=1, ts=1, x0=968393584, x1=710720380
P0, tp=1, ts=1
P2, tp=1, ts=1, x0=34216644, x1=73363563
P1, tp=1, ts=1, x0=9044, x1=636105593
P1, tp=1, ts=1, x0=859290031, x1=373000334
P0, tp=1, ts=1
P0, tp=1, ts=1
P3, tp=1, ts=1, x0=626199108, x1=922166512
P2, tp=1, ts=1, x0=545396997, x1=846052324
P3, tp=1, ts=1, x0=281208801, x1=901893964
P1, tp=1, ts=1, x0=127300202, x1=77867102
P2, tp=1, ts=1, x0=457379983, x1=406644952
P1, tp=1, ts=1, x0=551695068, x1=448781608
P1, tp=1, ts=1, x0=512398701, x1=314982384
P0, tp=1, ts=1
P3, tp=1, ts=1, x0=712030295, x1=231932094
P1, tp=1, ts=1, x0=372304439, x1=183452338
P2, tp=1, ts=1, x0=271306927, x1=901893964
P3, tp=1, ts=1, x0=793960407, x1=829977396
P3, tp=1, ts=1, x0=814564738, x1=540011444
P1, tp=1, ts=1, x0=859290031, x1=690209791
P3, tp=1, ts=1, x0=712030295, x1=900919027
P0, tp=1, ts=1
P3, tp=1, ts=1, x0=769575720, x1=968393584
P2, tp=1, ts=1, x0=460781810, x1=865149973
P2, tp=1, ts=1, x0=831623960, x1=540011444
P2, tp=1, ts=1, x0=802859921, x1=13819891
P1, tp=1, ts=1, x0=405965086, x1=712030295
P2, tp=1, ts=1, x0=592455190, x1=323383664
P2, tp=1, ts=1, x0=406644952, x1=143318074
P3, tp=1, ts=1, x0=457379983, x1=173189939
P2, tp=1, ts=1, x0=183452338, x1=264344249
P2, tp=1, ts=1, x0=551695068, x1=709611043
P2, tp=1, ts=1, x0=271306927, x1=405965086
P2, tp=1, ts=1, x0=436134506, x1=901371451
P2, tp=1, ts=1, x0=869550133, x1=429566986
P2, tp=1, ts=1, x0=281208801, x1=757829496
P1, tp=1, ts=1, x0=357794322, x1=277349066
P2, tp=1, ts=1, x0=626199108, x1=738312471
P0, tp=1, ts=1
P0, tp=1, ts=1
P3, tp=1, ts=1, x0=173189939, x1=592455190
P2, tp=1, ts=1, x0=709611043, x1=759260157
P2, tp=1, ts=1, x0=264344249, x1=111882559
P0, tp=1, ts=1
P2, tp=1, ts=1, x0=465832210, x1=465832210
P1, tp=1, ts=1, x0=357794322, x1=379640782
P0, tp=1, ts=1
P3, tp=1, ts=1, x0=802859921, x1=323383664
P3, tp=1, ts=1, x0=293190843, x1=183126695
P1, tp=1, ts=1, x0=398881811, x1=293190843
P3, tp=1, ts=1, x0=293190843, x1=846052324
P1, tp=1, ts=1, x0=223745878, x1=440579536
P2, tp=1, ts=1, x0=953979760, x1=16487533
P0, tp=1, ts=1
P0, tp=1, ts=1
P3, tp=1, ts=1, x0=804290433, x1=859702507
P0, tp=1, ts=1
P0, tp=1, ts=1
P3, tp=1, ts=1, x0=398881811, x1=406644952
P0, tp=1, ts=1
P1, tp=1, ts=1, x0=865149973, x1=919358086
P0, tp=1, ts=1
P0, tp=1, ts=1
P2, tp=1, ts=1, x0=900919027, x1=901371451
P0, tp=1, ts=1
P2, tp=1, ts=1, x0=373000334, x1=53293739
P0, tp=1, ts=1
P1, tp=1, ts=1, x0=56996216, x1=574663892
P0, tp=1, ts=1
P1, tp=1, ts=1, x0=29002103, x1=16487533
P0, tp=1, ts=1
P3, tp=1, ts=1, x0=903421800, x1=323383664
P0, tp=1, ts=1
P3, tp=1, ts=1, x0=460781810, x1=163395779
P2, tp=1, ts=1, x0=473237444, x1=77867102
P1, tp=1, ts=1, x0=953979760, x1=759260157
P2, tp=1, ts=1, x0=757829496, x1=444535693
P2, tp=1, ts=1, x0=473237444, x1=968393584
P3, tp=1, ts=1, x0=416374701, x1=315429654
P2, tp=1, ts=1, x0=635321484, x1=473936628
P1, tp=1, ts=1, x0=903421800, x1=919358086
P0, tp=1, ts=1
P2, tp=1, ts=1, x0=56996216, x1=77867102
P3, tp=1, ts=1, x0=173189939, x1=566223654
P3, tp=1, ts=1, x0=436134506, x1=372304439
P0, tp=1, ts=1
P0, tp=1, ts=1
P2, tp=1, ts=1, x0=919358086, x1=379640782
P0, tp=1, ts=1
P3, tp=1, ts=1, x0=77867102, x1=23499221
P1, tp=1, ts=1, x0=533458709, x1=814564738
P1, tp=1, ts=1, x0=457379983, x1=604760530
P0, tp=1, ts=1
P2, tp=1, ts=1, x0=919358086, x1=29002103
P0, tp=1, ts=1
P1, tp=1, ts=1, x0=831623960, x1=398881811
P2, tp=1, ts=1, x0=769575720, x1=379640782
P0, tp=1, ts=1
P3, tp=1, ts=1, x0=710720380, x1=29002103
P2, tp=1, ts=1, x0=379640782, x1=655358986
P0, tp=1, ts=1
P1, tp=1, ts=1, x0=574663892, x1=23838
P0, tp=1, ts=1
P3, tp=1, ts=1, x0=968393584, x1=635321484
P2, tp=1, ts=1, x0=934255303, x1=710720380
P3, tp=1, ts=1, x0=73363563, x1=709611043
P2, tp=1, ts=1, x0=968393584, x1=224093314
P3, tp=1, ts=1, x0=23499221, x1=489159876
P3, tp=1, ts=1, x0=710720380, x1=712030295
P3, tp=1, ts=1, x0=759260157, x1=934255303
P0, tp=1, ts=1
P1, tp=1, ts=1, x0=127300202, x1=73363563
P1, tp=1, ts=1, x0=23499221, x1=436134506
P3, tp=1, ts=1, x0=16487533, x1=804290433
P1, tp=1, ts=1, x0=859657893, x1=903421800
P2, tp=1, ts=1, x0=29002103, x1=384243421
P2, tp=1, ts=1, x0=224093314, x1=900919027
P3, tp=1, ts=1, x0=73363563, x1=372304439
P0, tp=1, ts=1
P3, tp=1, ts=1, x0=314982384, x1=73363563
P2, tp=1, ts=1, x0=398881811, x1=264344249
P3, tp=1, ts=1, x0=831623960, x1=990406599
P0, tp=1, ts=1
P0, tp=1, ts=1
P3, tp=1, ts=1, x0=227066681, x1=406644952
P3, tp=1, ts=1, x0=143318074, x1=473237444
P3, tp=1, ts=1, x0=852937355, x1=406644952
P1, tp=1, ts=1, x0=551695068, x1=473936628
P3, tp=1, ts=1, x0=444535693, x1=111882559
P0, tp=1, ts=1
P2, tp=1, ts=1, x0=448781608, x1=227066681
P0, tp=1, ts=1
P1, tp=1, ts=1, x0=234108216, x1=231932094
P0, tp=1, ts=1
P1, tp=1, ts=1, x0=968393584, x1=473237444
P3, tp=1, ts=1, x0=831623960, x1=802859921
P3, tp=1, ts=1, x0=709611043, x1=918172626
P2, tp=1, ts=1, x0=372304439, x1=709611043
P2, tp=1, ts=1, x0=373000334, x1=846052324
P1, tp=1, ts=1, x0=757829496, x1=127300202
P1, tp=1, ts=1, x0=36419522, x1=290156642
P2, tp=1, ts=1, x0=465832210, x1=919358086
P3, tp=1, ts=1, x0=29002103, x1=804290433
P1, tp=1, ts=1, x0=869550133, x1=473237444
P2, tp=1, ts=1, x0=277349066, x1=977132019
P3, tp=1, ts=1, x0=315429654, x1=900919027
P0, tp=1, ts=1
P0, tp=1, ts=1
P1, tp=1, ts=1, x0=540011444, x1=540011444
P1, tp=1, ts=1, x0=271306927, x1=143318074
P0, tp=1, ts=1
P0, tp=1, ts=1
P2, tp=1, ts=1, x0=977132019, x1=642402964
P1, tp=1, ts=1, x0=361839242, x1=865149973
P0, tp=1, ts=1
P3, tp=1, ts=1, x0=846303794, x1=140657797
P2, tp=1, ts=1, x0=869550133, x1=271306927
P1, tp=1, ts=1, x0=183126695, x1=127300202
P1, tp=1, ts=1, x0=900919027, x1=281208801
P1, tp=1, ts=1, x0=473237444, x1=968393584
P3, tp=1, ts=1, x0=14884036, x1=113318747
P2, tp=1, ts=1, x0=684603222, x1=987663363
P3, tp=1, ts=1, x0=709611043, x1=53293739
P3, tp=1, ts=1, x0=183126695, x1=379640782
P1, tp=1, ts=1, x0=846303794, x1=884519888
P3, tp=1, ts=1, x0=53293739, x1=293190843
P2, tp=1, ts=1, x0=566223654, x1=846052324
P1, tp=1, ts=1, x0=712030295, x1=411857858
P3, tp=1, ts=1, x0=677028439, x1=290156642
P1, tp=1, ts=1, x0=13819891, x1=709611043
P3, tp=1, ts=1, x0=473237444, x1=277349066
P0, tp=1, ts=1
P2, tp=1, ts=1, x0=13819891, x1=406644952
P3, tp=1, ts=1, x0=357794322, x1=440579536
P1, tp=1, ts=1, x0=357794322, x1=234108216
P1, tp=1, ts=1, x0=227066681, x1=23838
P2, tp=1, ts=1, x0=113318747, x1=642402964
P0, tp=1, ts=1
P2, tp=1, ts=1, x0=398881811, x1=143318074
P1, tp=1, ts=1, x0=481385687, x1=977132019
P1, tp=1, ts=1, x0=968393584, x1=677028439
P1, tp=1, ts=1, x0=314982384, x1=23838
P3, tp=1, ts=1, x0=831623960, x1=491488954
P0, tp=1, ts=1
P3, tp=1, ts=1, x0=224093314, x1=357794322
P0, tp=1, ts=1
P1, tp=1, ts=1, x0=574663892, x1=990406599
P2, tp=1, ts=1, x0=448781608, x1=465832210
P2, tp=1, ts=1, x0=769575720, x1=491488954
P0, tp=1, ts=1
P2, tp=1, ts=1, x0=23499221, x1=440579536
P3, tp=1, ts=1, x0=224093314, x1=869550133
P0, tp=1, ts=1
P2, tp=1, ts=1, x0=987663363, x1=444535693
P3, tp=1, ts=1, x0=859290031, x1=13819891
P2, tp=1, ts=1, x0=277349066, x1=113318747
P0, tp=1, ts=1
P1, tp=1, ts=1, x0=804290433, x1=635321484
P2, tp=1, ts=1, x0=987663363, x1=113318747
P0, tp=1, ts=1
P1, tp=1, ts=1, x0=836524570, x1=281208801
P2, tp=1, ts=1, x0=574663892, x1=846052324
P1, tp=1, ts=1, x0=846303794, x1=540011444
P0, tp=1, ts=1
P3, tp=1, ts=1, x0=859657893, x1=373000334
P1, tp=1, ts=1, x0=491488954, x1=94191527
P2, tp=1, ts=1, x0=642402964, x1=234108216
P3, tp=1, ts=1, x0=473936628, x1=111882559
P2, tp=1, ts=1, x0=29002103, x1=901371451
P1, tp=1, ts=1, x0=635321484, x1=901371451
P1, tp=1, ts=1, x0=551695068, x1=53293739
P3, tp=1, ts=1, x0=769575720, x1=448781608
P0, tp=1, ts=1
P2, tp=1, ts=1, x0=234108216, x1=473936628
P1, tp=1, ts=1, x0=540011444, x1=574663892
P2, tp=1, ts=1, x0=977132019, x1=361839242
P0, tp=1, ts=1
P2, tp=1, ts=1, x0=36419522, x1=258571183
P2, tp=1, ts=1, x0=444535693, x1=289743064
P0, tp=1, ts=1
P3, tp=1, ts=1, x0=111882559, x1=481385687
P0, tp=1, ts=1
P2, tp=1, ts=1, x0=655358986, x1=23838
P3, tp=1, ts=1, x0=140657797, x1=372304439
P3, tp=1, ts=1, x0=444535693, x1=289743064
P2, tp=1, ts=1, x0=143318074, x1=940829925
P1, tp=1, ts=1, x0=460781810, x1=690209791
P3, tp=1, ts=1, x0=712030295, x1=636105593
P0, tp=1, ts=1
P2, tp=1, ts=1, x0=859657893, x1=293612122
P0, tp=1, ts=1
P2, tp=1, ts=1, x0=242831894, x1=533458709
P1, tp=1, ts=1, x0=411857858, x1=836524570
P2, tp=1, ts=1, x0=700653903, x1=361839242
P2, tp=1, ts=1, x0=290156642, x1=759260157
P2, tp=1, ts=1, x0=357794322, x1=368303704
P2, tp=1, ts=1, x0=234108216, x1=968393584
P3, tp=1, ts=1, x0=113318747, x1=793960407
P0, tp=1, ts=1
P1, tp=1, ts=1, x0=990406599, x1=604760530
P1, tp=1, ts=1, x0=677028439, x1=13819891
P0, tp=1, ts=1
P1, tp=1, ts=1, x0=405965086, x1=869550133
P1, tp=1, ts=1, x0=242831894, x1=782747705
P0, tp=1, ts=1
P2, tp=1, ts=1, x0=277349066, x1=34216644
P0, tp=1, ts=1
P2, tp=1, ts=1, x0=636105593, x1=859657893
P3, tp=1, ts=1, x0=34216644, x1=865149973
P2, tp=1, ts=1, x0=655924144, x1=635321484
P2, tp=1, ts=1, x0=481385687, x1=143318074
P1, tp=1, ts=1, x0=709611043, x1=712030295
P3, tp=1, ts=1, x0=94191527, x1=655924144
P0, tp=1, ts=1
P0, tp=1, ts=1
P2, tp=1, ts=1, x0=315429654, x1=367062533
P0, tp=1, ts=1
P0, tp=1, ts=1
P2, tp=1, ts=1, x0=227066681, x1=987663363
P3, tp=1, ts=1, x0=290156642, x1=859702507
P0, tp=1, ts=1
P3, tp=1, ts=1, x0=113318747, x1=111882559
P1, tp=1, ts=1, x0=987663363, x1=859702507
P3, tp=1, ts=1, x0=223745878, x1=281208801
P0, tp=1, ts=1
P3, tp=1, ts=1, x0=368303704, x1=361839242
P2, tp=1, ts=1, x0=918172626, x1=524049753
P3, tp=1, ts=1, x0=34216644, x1=574663892
P1, tp=1, ts=1, x0=940829925, x1=934255303
P2, tp=1, ts=1, x0=56996216, x1=491488954
P1, tp=1, ts=1, x0=143318074, x1=846052324
P2, tp=1, ts=1, x0=566223654, x1=23764225
P0, tp=1, ts=1
P1, tp=1, ts=1, x0=481385687, x1=604760530
P2, tp=1, ts=1, x0=710720380, x1=444535693
P3, tp=1, ts=1, x0=655358986, x1=782747705
P3, tp=1, ts=1, x0=852937355, x1=884519888
P1, tp=1, ts=1, x0=757829496, x1=411857858
P3, tp=1, ts=1, x0=382459427, x1=804290433
P1, tp=1, ts=1, x0=865149973, x1=406644952
P3, tp=1, ts=1, x0=782747705, x1=289743064
P2, tp=1, ts=1, x0=636105593, x1=94191527
P1, tp=1, ts=1, x0=382459427, x1=757829496
P0, tp=1, ts=1
P3, tp=1, ts=1, x0=551695068, x1=655358986
P1, tp=1, ts=1, x0=13819891, x1=593991400
P2, tp=1, ts=1, x0=869550133, x1=465832210
P3, tp=1, ts=1, x0=976062358, x1=406644952
P3, tp=1, ts=1, x0=574663892, x1=655924144
P3, tp=1, ts=1, x0=566223654, x1=782747705
P1, tp=1, ts=1, x0=901371451, x1=901371451
P1, tp=1, ts=1, x0=636105593, x1=918172626
P0, tp=1, ts=1
P2, tp=1, ts=1, x0=140657797, x1=700653903
P3, tp=1, ts=1, x0=457379983, x1=540011444
P1, tp=1, ts=1, x0=73363563, x1=449778620
P1, tp=1, ts=1, x0=900919027, x1=655358986
P3, tp=1, ts=1, x0=814564738, x1=444535693
P3, tp=1, ts=1, x0=793960407, x1=224093314
P3, tp=1, ts=1, x0=655924144, x1=473936628
P0, tp=1, ts=1
P0, tp=1, ts=1
P3, tp=1, ts=1, x0=460781810, x1=369252188
P1, tp=1, ts=1, x0=846052324, x1=405965086
P3, tp=1, ts=1, x0=234108216, x1=918172626
P2, tp=1, ts=1, x0=34216644, x1=234108216
P0, tp=1, ts=1
P1, tp=1, ts=1, x0=953979760, x1=14917224
P3, tp=1, ts=1, x0=293612122, x1=416374701
P3, tp=1, ts=1, x0=277349066, x1=23764225
P3, tp=1, ts=1, x0=836524570, x1=210400692
P1, tp=1, ts=1, x0=655358986, x1=314982384
P1, tp=1, ts=1, x0=688675544, x1=457379983
P3, tp=1, ts=1, x0=357794322, x1=440579536
P3, tp=1, ts=1, x0=551695068, x1=357794322
P3, tp=1, ts=1, x0=382459427, x1=53293739
P2, tp=1, ts=1, x0=393040144, x1=684603222
P2, tp=1, ts=1, x0=357794322, x1=229332431
P3, tp=1, ts=1, x0=56996216, x1=382459427
P0, tp=1, ts=1
P2, tp=1, ts=1, x0=524049753, x1=449778620
P2, tp=1, ts=1, x0=435941031, x1=113318747
P3, tp=1, ts=1, x0=53293739, x1=354985508
P2, tp=1, ts=1, x0=34216644, x1=976062358
P1, tp=1, ts=1, x0=449778620, x1=368303704
P0, tp=1, ts=1
P2, tp=1, ts=1, x0=491488954, x1=465832210
P3, tp=1, ts=1, x0=724934364, x1=435941031
P1, tp=1, ts=1, x0=416374701, x1=369252188
P3, tp=1, ts=1, x0=865149973, x1=457379983
P1, tp=1, ts=1, x0=655358986, x1=368303704
P1, tp=1, ts=1, x0=814564738, x1=655924144
P2, tp=1, ts=1, x0=293612122, x1=481385687
P1, tp=1, ts=1, x0=977132019, x1=540011444
P1, tp=1, ts=1, x0=859657893, x1=447033727
P2, tp=1, ts=1, x0=710720380, x1=919358086
P0, tp=1, ts=1
P3, tp=1, ts=1, x0=64324883, x1=357794322
P2, tp=1, ts=1, x0=277349066, x1=223745878
P3, tp=1, ts=1, x0=531025210, x1=224093314
P1, tp=1, ts=1, x0=382459427, x1=457379983
P3, tp=1, ts=1, x0=684603222, x1=524049753
P1, tp=1, ts=1, x0=859657893, x1=460781810
P2, tp=1, ts=1, x0=531025210, x1=290156642
P0, tp=1, ts=1
P1, tp=1, ts=1, x0=293612122, x1=372304439
P1, tp=1, ts=1, x0=551695068, x1=13819891
P2, tp=1, ts=1, x0=143318074, x1=34216644
P3, tp=1, ts=1, x0=782747705, x1=548803266
P2, tp=1, ts=1, x0=802859921, x1=289743064
P3, tp=1, ts=1, x0=440579536, x1=757829496
P1, tp=1, ts=1, x0=566223654, x1=323383664
P0, tp=1, ts=1
P0, tp=1, ts=1
P0, tp=1, ts=1
P1, tp=1, ts=1, x0=846052324, x1=804290433
P3, tp=1, ts=1, x0=782747705, x1=814564738
P0, tp=1, ts=1
P3, tp=1, ts=1, x0=918172626, x1=593991400
P2, tp=1, ts=1, x0=976062358, x1=224093314
P1, tp=1, ts=1, x0=349100025, x1=34216644
P0, tp=1, ts=1
P1, tp=1, ts=1, x0=953979760, x1=804290433
P0, tp=1, ts=1
P3, tp=1, ts=1, x0=229332431, x1=368303704
P0, tp=1, ts=1
P3, tp=1, ts=1, x0=759260157, x1=531025210
P0, tp=1, ts=1
P2, tp=1, ts=1, x0=655924144, x1=804290433
P3, tp=1, ts=1, x0=836524570, x1=489159876
P0, tp=1, ts=1
P3, tp=1, ts=1, x0=77867102, x1=448781608
P2, tp=1, ts=1, x0=440579536, x1=13819891
P3, tp=1, ts=1, x0=289743064, x1=859657893
P2, tp=1, ts=1, x0=884519888, x1=953979760
P2, tp=1, ts=1, x0=401764149, x1=802859921
P0, tp=1, ts=1
P0, tp=1, ts=1
P2, tp=1, ts=1, x0=367062533, x1=23764225
P2, tp=1, ts=1, x0=406644952, x1=349100025
P1, tp=1, ts=1, x0=210400692, x1=548803266
P1, tp=1, ts=1, x0=473936628, x1=524049753
P0, tp=1, ts=1
P0, tp=1, ts=1
P2, tp=1, ts=1, x0=435941031, x1=53293739
P3, tp=1, ts=1, x0=277349066, x1=990406599
P1, tp=1, ts=1, x0=793960407, x1=489159876
P2, tp=1, ts=1, x0=884519888, x1=491488954
P0, tp=1, ts=1
P0, tp=1, ts=1
P2, tp=1, ts=1, x0=314982384, x1=94191527
P3, tp=1, ts=1, x0=277349066, x1=73363563
P3, tp=1, ts=1, x0=769575720, x1=709611043
P3, tp=1, ts=1, x0=900919027, x1=940829925
P2, tp=1, ts=1, x0=655924144, x1=886151951
P2, tp=1, ts=1, x0=23764225, x1=813149273
P2, tp=1, ts=1, x0=382459427, x1=750808985
P3, tp=1, ts=1, x0=684603222, x1=444535693
P0, tp=1, ts=1
P2, tp=1, ts=1, x0=481385687, x1=242831894
P2, tp=1, ts=1, x0=14917224, x1=465832210
P0, tp=1, ts=1
P1, tp=1, ts=1, x0=401764149, x1=210400692
P2, tp=1, ts=1, x0=759260157, x1=836524570
P2, tp=1, ts=1, x0=369252188, x1=227066681
P0, tp=1, ts=1
P3, tp=1, ts=1, x0=551695068, x1=53293739
P0, tp=1, ts=1
P2, tp=1, ts=1, x0=865149973, x1=551695068
P1, tp=1, ts=1, x0=491488954, x1=140657797
P0, tp=1, ts=1
P2, tp=1, ts=1, x0=401764149, x1=314982384
P1, tp=1, ts=1, x0=23838, x1=782747705
P3, tp=1, ts=1, x0=234108216, x1=457379983
P3, tp=1, ts=1, x0=368303704, x1=769575720
P2, tp=1, ts=1, x0=304424824, x1=13819891
P2, tp=1, ts=1, x0=491488954, x1=140657797
P1, tp=1, ts=1, x0=750808985, x1=13819891
P3, tp=1, ts=1, x0=448781608, x1=688675544
P1, tp=1, ts=1, x0=310706839, x1=53293739
P2, tp=1, ts=1, x0=304424824, x1=14917224
P1, tp=1, ts=1, x0=13819891, x1=990406599
P2, tp=1, ts=1, x0=206233341, x1=836524570
P3, tp=1, ts=1, x0=859657893, x1=299037955
P3, tp=1, ts=1, x0=314982384, x1=813149273
P2, tp=1, ts=1, x0=869550133, x1=14884036
P1, tp=1, ts=1, x0=782747705, x1=712030295
P0, tp=1, ts=1
P1, tp=1, ts=1, x0=304424824, x1=548803266
P3, tp=1, ts=1, x0=813149273, x1=77867102
P0, tp=1, ts=1
P1, tp=1, ts=1, x0=655924144, x1=548803266
P0, tp=1, ts=1
P3, tp=1, ts=1, x0=398881811, x1=206233341
P3, tp=1, ts=1, x0=435941031, x1=613671267
P3, tp=1, ts=1, x0=940829925, x1=460781810
P3, tp=1, ts=1, x0=435941031, x1=613671267
P3, tp=1, ts=1, x0=518614260, x1=593991400
P3, tp=1, ts=1, x0=23499221, x1=113318747
P1, tp=1, ts=1, x0=655358986, x1=465832210
P1, tp=1, ts=1, x0=435941031, x1=900919027
P2, tp=1, ts=1, x0=688675544, x1=368303704
P1, tp=1, ts=1, x0=448781608, x1=813149273
P0, tp=1, ts=1
P1, tp=1, ts=1, x0=34216644, x1=700653903
P2, tp=1, ts=1, x0=750808985, x1=304424824
P3, tp=1, ts=1, x0=836162962, x1=368303704
P2, tp=1, ts=1, x0=551695068, x1=940829925
P3, tp=1, ts=1, x0=688675544, x1=23838
P1, tp=1, ts=1, x0=844358578, x1=457379983
P2, tp=1, ts=1, x0=901371451, x1=769575720
P0, tp=1, ts=1
P0, tp=1, ts=1
P0, tp=1, ts=1
P0, tp=1, ts=1
P0, tp=1, ts=1
P2, tp=1, ts=1, x0=802859921, x1=540011444
P0, tp=1, ts=1
P1, tp=1, ts=1, x0=613671267, x1=750808985
P1, tp=1, ts=1, x0=435941031, x1=551695068
P3, tp=1, ts=1, x0=206233341, x1=372304439
P1, tp=1, ts=1, x0=315429654, x1=14917224
P0, tp=1, ts=1
P0, tp=1, ts=1
P1, tp=1, ts=1, x0=491488954, x1=227066681
P3, tp=1, ts=1, x0=844358578, x1=593991400
P2, tp=1, ts=1, x0=566223654, x1=315429654
P2, tp=1, ts=1, x0=435941031, x1=206233341
P2, tp=1, ts=1, x0=976062358, x1=293612122
P2, tp=1, ts=1, x0=449778620, x1=401764149
P0, tp=1, ts=1
P3, tp=1, ts=1, x0=977132019, x1=435941031
P2, tp=1, ts=1, x0=440579536, x1=367062533
P2, tp=1, ts=1, x0=372304439, x1=382459427
P1, tp=1, ts=1, x0=64324883, x1=227066681
P3, tp=1, ts=1, x0=677028439, x1=290156642
P0, tp=1, ts=1
P2, tp=1, ts=1, x0=56996216, x1=548803266
P1, tp=1, ts=1, x0=655924144, x1=531025210
P2, tp=1, ts=1, x0=56996216, x1=518614260
P0, tp=1, ts=1
P3, tp=1, ts=1, x0=757829496, x1=886151951
P1, tp=1, ts=1, x0=64324883, x1=688675544
P2, tp=1, ts=1, x0=677028439, x1=401764149
P1, tp=1, ts=1, x0=919358086, x1=489159876
P3, tp=1, ts=1, x0=14884036, x1=293612122
P1, tp=1, ts=1, x0=977132019, x1=814564738
P0, tp=1, ts=1
P0, tp=1, ts=1
P3, tp=1, ts=1, x0=449778620, x1=234108216
P1, tp=1, ts=1, x0=77867102, x1=677028439
P0, tp=1, ts=1
P3, tp=1, ts=1, x0=229332431, x1=574663892
P0, tp=1, ts=1
P1, tp=1, ts=1, x0=548803266, x1=223745878
P3, tp=1, ts=1, x0=23499221, x1=918172626
P1, tp=1, ts=1, x0=457379983, x1=393040144
P0, tp=1, ts=1
P1, tp=1, ts=1, x0=473936628, x1=206233341
P0, tp=1, ts=1
P0, tp=1, ts=1
P1, tp=1, ts=1, x0=242831894, x1=759260157
P0, tp=1, ts=1
P2, tp=1, ts=1, x0=846052324, x1=635321484
P1, tp=1, ts=1, x0=369252188, x1=919358086
P2, tp=1, ts=1, x0=759260157, x1=457379983
P1, tp=1, ts=1, x0=639405936, x1=354985508
P0, tp=1, ts=1
P3, tp=1, ts=1, x0=865149973, x1=444535693
P2, tp=1, ts=1, x0=481385687, x1=435941031
P3, tp=1, ts=1, x0=884519888, x1=53293739
P2, tp=1, ts=1, x0=440579536, x1=813149273
P1, tp=1, ts=1, x0=540011444, x1=548803266
P3, tp=1, ts=1, x0=113318747, x1=210400692
P3, tp=1, ts=1, x0=551695068, x1=782747705
P3, tp=1, ts=1, x0=802859921, x1=53293739
P0, tp=1, ts=1
P0, tp=1, ts=1
P1, tp=1, ts=1, x0=290156642, x1=900919027
P2, tp=1, ts=1, x0=242831894, x1=814564738
P1, tp=1, ts=1, x0=23838, x1=449778620
P3, tp=1, ts=1, x0=64324883, x1=449778620
P2, tp=1, ts=1, x0=677028439, x1=524049753
P2, tp=1, ts=1, x0=354985508, x1=677028439
P3, tp=1, ts=1, x0=836162962, x1=304424824
P1, tp=1, ts=1, x0=379060307, x1=140657797
P3, tp=1, ts=1, x0=465832210, x1=802859921
P2, tp=1, ts=1, x0=531025210, x1=23499221
P1, tp=1, ts=1, x0=460781810, x1=367062533
P0, tp=1, ts=1
P2, tp=1, ts=1, x0=901371451, x1=684603222
P2, tp=1, ts=1, x0=113318747, x1=473936628
P2, tp=1, ts=1, x0=712030295, x1=801579932
P3, tp=1, ts=1, x0=460781810, x1=489159876
P2, tp=1, ts=1, x0=442194634, x1=382459427
P1, tp=1, ts=1, x0=34216644, x1=206233341
P2, tp=1, ts=1, x0=677028439, x1=369252188
P1, tp=1, ts=1, x0=288896971, x1=918172626
P1, tp=1, ts=1, x0=518614260, x1=976062358
P3, tp=1, ts=1, x0=354985508, x1=369252188
P3, tp=1, ts=1, x0=918172626, x1=140657797
P0, tp=1, ts=1
P1, tp=1, ts=1, x0=473936628, x1=242232605
P2, tp=1, ts=1, x0=801579932, x1=613671267
P2, tp=1, ts=1, x0=277349066, x1=518614260
P2, tp=1, ts=1, x0=639405936, x1=354985508
P0, tp=1, ts=1
P1, tp=1, ts=1, x0=310706839, x1=551695068
P3, tp=1, ts=1, x0=234108216, x1=566223654
P0, tp=1, ts=1
P1, tp=1, ts=1, x0=435941031, x1=293612122
P1, tp=1, ts=1, x0=14917224, x1=368303704
P3, tp=1, ts=1, x0=724934364, x1=113318747
P0, tp=1, ts=1
P2, tp=1, ts=1, x0=684603222, x1=521237446
P2, tp=1, ts=1, x0=900919027, x1=700653903
P3, tp=1, ts=1, x0=23838, x1=293612122
P1, tp=1, ts=1, x0=398881811, x1=524049753
P3, tp=1, ts=1, x0=918172626, x1=655358986
P1, tp=1, ts=1, x0=813149273, x1=813149273
P0, tp=1, ts=1
P1, tp=1, ts=1, x0=953979760, x1=750970743
P3, tp=1, ts=1, x0=901371451, x1=782747705
P0, tp=1, ts=1
P2, tp=1, ts=1, x0=884519888, x1=382459427
P1, tp=1, ts=1, x0=447033727, x1=375036726
P3, tp=1, ts=1, x0=551695068, x1=531025210
P0, tp=1, ts=1
P3, tp=1, ts=1, x0=566223654, x1=593991400
P0, tp=1, ts=1
P2, tp=1, ts=1, x0=684864064, x1=548803266
P0, tp=1, ts=1
P2, tp=1, ts=1, x0=53293739, x1=688675544
P0, tp=1, ts=1
P3, tp=1, ts=1, x0=242232605, x1=473936628
P2, tp=1, ts=1, x0=23764225, x1=14884036
P1, tp=1, ts=1, x0=844358578, x1=876487336
P3, tp=1, ts=1, x0=712030295, x1=368303704
P1, tp=1, ts=1, x0=677028439, x1=709611043
P2, tp=1, ts=1, x0=34216644, x1=56996216
P2, tp=1, ts=1, x0=976062358, x1=566223654
P3, tp=1, ts=1, x0=449967910, x1=566223654
P3, tp=1, ts=1, x0=782747705, x1=750808985
P2, tp=1, ts=1, x0=684864064, x1=242232605
P0, tp=1, ts=1
P1, tp=1, ts=1, x0=367062533, x1=56996216
P2, tp=1, ts=1, x0=521237446, x1=712030295
P2, tp=1, ts=1, x0=277349066, x1=724934364
P1, tp=1, ts=1, x0=688675544, x1=133795120
P0, tp=1, ts=1
P0, tp=1, ts=1
P1, tp=1, ts=1, x0=14917224, x1=300874371
P1, tp=1, ts=1, x0=521237446, x1=369252188
P0, tp=1, ts=1
P2, tp=1, ts=1, x0=64324883, x1=481385687
P0, tp=1, ts=1
P1, tp=1, ts=1, x0=369252188, x1=684603222
P0, tp=1, ts=1
P0, tp=1, ts=1
P3, tp=1, ts=1, x0=481385687, x1=884519888
P1, tp=1, ts=1, x0=524049753, x1=77867102
P2, tp=1, ts=1, x0=591324785, x1=977132019
P1, tp=1, ts=1, x0=23499221, x1=368303704
P1, tp=1, ts=1, x0=712030295, x1=757829496
P0, tp=1, ts=1
P3, tp=1, ts=1, x0=678285908, x1=900919027
P0, tp=1, ts=1
P3, tp=1, ts=1, x0=447033727, x1=932777661
P1, tp=1, ts=1, x0=14917224, x1=876487336
P3, tp=1, ts=1, x0=113318747, x1=367062533
P3, tp=1, ts=1, x0=953979760, x1=401764149
P3, tp=1, ts=1, x0=531025210, x1=995226452
P1, tp=1, ts=1, x0=382459427, x1=518614260
P2, tp=1, ts=1, x0=56996216, x1=300874371
P3, tp=1, ts=1, x0=932777661, x1=750970743
P3, tp=1, ts=1, x0=315429654, x1=677028439
P2, tp=1, ts=1, x0=289743064, x1=884519888
P3, tp=1, ts=1, x0=425279847, x1=932527379
P2, tp=1, ts=1, x0=465832210, x1=393040144
P0, tp=1, ts=1
P1, tp=1, ts=1, x0=918172626, x1=531025210
P1, tp=1, ts=1, x0=442194634, x1=876487336
P2, tp=1, ts=1, x0=288896971, x1=401764149
P3, tp=1, ts=1, x0=88956117, x1=23764225
P2, tp=1, ts=1, x0=281208801, x1=454567728
P1, tp=1, ts=1, x0=712030295, x1=242232605
P3, tp=1, ts=1, x0=782747705, x1=369252188
P2, tp=1, ts=1, x0=678285908, x1=210400692
P3, tp=1, ts=1, x0=976062358, x1=677028439
P0, tp=1, ts=1
P1, tp=1, ts=1, x0=242831894, x1=639405936
P0, tp=1, ts=1
P3, tp=1, ts=1, x0=852937355, x1=379060307
P1, tp=1, ts=1, x0=299037955, x1=288896971
P1, tp=1, ts=1, x0=932527379, x1=375036726
P0, tp=1, ts=1
P3, tp=1, ts=1, x0=531025210, x1=242831894
P3, tp=1, ts=1, x0=229332431, x1=518614260
P2, tp=1, ts=1, x0=88956117, x1=369252188
P2, tp=1, ts=1, x0=206233341, x1=229332431
P0, tp=1, ts=1
P3, tp=1, ts=1, x0=635321484, x1=827064897
P3, tp=1, ts=1, x0=375036726, x1=368303704
P1, tp=1, ts=1, x0=472517426, x1=869550133
P0, tp=1, ts=1
P2, tp=1, ts=1, x0=750808985, x1=686188530
P3, tp=1, ts=1, x0=511362766, x1=869550133
P2, tp=1, ts=1, x0=472517426, x1=518614260
P2, tp=1, ts=1, x0=140657797, x1=300874371
P0, tp=1, ts=1
P2, tp=1, ts=1, x0=876487336, x1=425279847
P2, tp=1, ts=1, x0=591324785, x1=238575907
P0, tp=1, ts=1
P0, tp=1, ts=1
P1, tp=1, ts=1, x0=14917224, x1=64324883
P3, tp=1, ts=1, x0=814564738, x1=884519888
P2, tp=1, ts=1, x0=369252188, x1=290156642
P3, tp=1, ts=1, x0=901371451, x1=678285908
P1, tp=1, ts=1, x0=293612122, x1=379060307
P2, tp=1, ts=1, x0=511362766, x1=242831894
P3, tp=1, ts=1, x0=457379983, x1=290156642
P2, tp=1, ts=1, x0=635321484, x1=457379983
P2, tp=1, ts=1, x0=43353433, x1=566223654
P3, tp=1, ts=1, x0=43353433, x1=844358578
P1, tp=1, ts=1, x0=113318747, x1=465832210
P1, tp=1, ts=1, x0=64324883, x1=655924144
P1, tp=1, ts=1, x0=977132019, x1=876487336
P0, tp=1, ts=1
P0, tp=1, ts=1
P3, tp=1, ts=1, x0=788343862, x1=613671267
P1, tp=1, ts=1, x0=524049753, x1=359782881
P3, tp=1, ts=1, x0=750970743, x1=531025210
P0, tp=1, ts=1
P2, tp=1, ts=1, x0=700653903, x1=43353433
P2, tp=1, ts=1, x0=901371451, x1=639405936
P2, tp=1, ts=1, x0=425279847, x1=382459427
P0, tp=1, ts=1
P1, tp=1, ts=1, x0=23499221, x1=566223654
P2, tp=1, ts=1, x0=901371451, x1=901371451
P2, tp=1, ts=1, x0=210400692, x1=14884036
P0, tp=1, ts=1
P1, tp=1, ts=1, x0=94191527, x1=210400692
P1, tp=1, ts=1, x0=53293739, x1=613671267
P2, tp=1, ts=1, x0=310706839, x1=750808985
P1, tp=1, ts=1, x0=304424824, x1=884519888
P2, tp=1, ts=1, x0=398059616, x1=288896971
P0, tp=1, ts=1
P1, tp=1, ts=1, x0=23499221, x1=449967910
P3, tp=1, ts=1, x0=435941031, x1=359782881
P0, tp=1, ts=1
P3, tp=1, ts=1, x0=238575907, x1=518614260
P1, tp=1, ts=1, x0=229332431, x1=425279847
P3, tp=1, ts=1, x0=852937355, x1=359782881
P0, tp=1, ts=1
P2, tp=1, ts=1, x0=359782881, x1=977132019
P1, tp=1, ts=1, x0=901371451, x1=684603222
P3, tp=1, ts=1, x0=800699294, x1=133795120
P2, tp=1, ts=1, x0=932777661, x1=844358578
P1, tp=1, ts=1, x0=435941031, x1=995226452
P1, tp=1, ts=1, x0=133795120, x1=884519888
P1, tp=1, ts=1, x0=379060307, x1=635321484
P3, tp=1, ts=1, x0=382459427, x1=759260157
P0, tp=1, ts=1
P1, tp=1, ts=1, x0=443552734, x1=884519888
P2, tp=1, ts=1, x0=17781403, x1=932777661
P2, tp=1, ts=1, x0=398059616, x1=750808985
P2, tp=1, ts=1, x0=300874371, x1=14917224
P1, tp=1, ts=1, x0=23499221, x1=359782881
P2, tp=1, ts=1, x0=368303704, x1=379060307
P2, tp=1, ts=1, x0=242831894, x1=373298134
P1, tp=1, ts=1, x0=852937355, x1=844358578
P2, tp=1, ts=1, x0=53293739, x1=449967910
P1, tp=1, ts=1, x0=210400692, x1=562062224
P0, tp=1, ts=1
P1, tp=1, ts=1, x0=23764225, x1=750970743
P3, tp=1, ts=1, x0=290156642, x1=750970743
P0, tp=1, ts=1
P0, tp=1, ts=1
P3, tp=1, ts=1, x0=300874371, x1=425279847
P3, tp=1, ts=1, x0=886151951, x1=886151951
P3, tp=1, ts=1, x0=976062358, x1=884519888
P0, tp=1, ts=1
P2, tp=1, ts=1, x0=531025210, x1=443552734
P3, tp=1, ts=1, x0=852937355, x1=14917224
P3, tp=1, ts=1, x0=140657797, x1=401764149
P0, tp=1, ts=1
P1, tp=1, ts=1, x0=88956117, x1=293612122
P3, tp=1, ts=1, x0=548803266, x1=242232605
P0, tp=1, ts=1
P1, tp=1, ts=1, x0=548803266, x1=229332431
P1, tp=1, ts=1, x0=369252188, x1=481385687
P0, tp=1, ts=1
P3, tp=1, ts=1, x0=310706839, x1=310706839
P3, tp=1, ts=1, x0=290156642, x1=354985508
P3, tp=1, ts=1, x0=206233341, x1=591324785
P2, tp=1, ts=1, x0=369252188, x1=242831894
P1, tp=1, ts=1, x0=398059616, x1=524049753
P0, tp=1, ts=1
P3, tp=1, ts=1, x0=750970743, x1=750970743
P1, tp=1, ts=1, x0=884519888, x1=113318747
P0, tp=1, ts=1
P0, tp=1, ts=1
P1, tp=1, ts=1, x0=472517426, x1=133795120
P1, tp=1, ts=1, x0=449778620, x1=153064521
P2, tp=1, ts=1, x0=655924144, x1=591324785
P3, tp=1, ts=1, x0=700653903, x1=884519888
P2, tp=1, ts=1, x0=443552734, x1=827064897
P3, tp=1, ts=1, x0=566223654, x1=17781403
P3, tp=1, ts=1, x0=627939908, x1=288896971
P2, tp=1, ts=1, x0=442194634, x1=153064521
P0, tp=1, ts=1
P0, tp=1, ts=1
P1, tp=1, ts=1, x0=813149273, x1=293612122
P1, tp=1, ts=1, x0=639405936, x1=359782881
P0, tp=1, ts=1
P2, tp=1, ts=1, x0=827064897, x1=562062224
P1, tp=1, ts=1, x0=827064897, x1=953979760
P3, tp=1, ts=1, x0=976062358, x1=836162962
P3, tp=1, ts=1, x0=481385687, x1=750808985
P3, tp=1, ts=1, x0=801579932, x1=449778620
P3, tp=1, ts=1, x0=876487336, x1=562062224
P1, tp=1, ts=1, x0=290156642, x1=928016206
P3, tp=1, ts=1, x0=447033727, x1=14917224
P0, tp=1, ts=1
P0, tp=1, ts=1
P2, tp=1, ts=1, x0=442194634, x1=750808985
P0, tp=1, ts=1
P2, tp=1, ts=1, x0=853248313, x1=300874371
P3, tp=1, ts=1, x0=401476346, x1=535572610
P1, tp=1, ts=1, x0=928016206, x1=113318747
P0, tp=1, ts=1
P0, tp=1, ts=1
P3, tp=1, ts=1, x0=242232605, x1=976062358
P1, tp=1, ts=1, x0=64324883, x1=836524570
P1, tp=1, ts=1, x0=932527379, x1=852937355
P0, tp=1, ts=1
P3, tp=1, ts=1, x0=853248313, x1=932527379
P0, tp=1, ts=1
P1, tp=1, ts=1, x0=401476346, x1=288896971
P1, tp=1, ts=1, x0=94191527, x1=684864064
P2, tp=1, ts=1, x0=655924144, x1=686188530
P3, tp=1, ts=1, x0=454567728, x1=367062533
P3, tp=1, ts=1, x0=800699294, x1=530272142
P2, tp=1, ts=1, x0=684864064, x1=401764149
P0, tp=1, ts=1
P1, tp=1, ts=1, x0=613671267, x1=918172626
P2, tp=1, ts=1, x0=518614260, x1=17781403
P1, tp=1, ts=1, x0=535572610, x1=17781403
P0, tp=1, ts=1
P2, tp=1, ts=1, x0=64324883, x1=886151951
P2, tp=1, ts=1, x0=210400692, x1=23764225
P0, tp=1, ts=1
P3, tp=1, ts=1, x0=14884036, x1=562062224
P2, tp=1, ts=1, x0=88956117, x1=750808985
P3, tp=1, ts=1, x0=485435588, x1=936917204
P2, tp=1, ts=1, x0=655924144, x1=977132019
P0, tp=1, ts=1
P0, tp=1, ts=1
P0, tp=1, ts=1
P1, tp=1, ts=1, x0=447033727, x1=758722199
P2, tp=1, ts=1, x0=788343862, x1=43353433
P3, tp=1, ts=1, x0=210400692, x1=293612122
P1, tp=1, ts=1, x0=724934364, x1=995226452
P0, tp=1, ts=1
P2, tp=1, ts=1, x0=677028439, x1=292801224
P0, tp=1, ts=1
P2, tp=1, ts=1, x0=827064897, x1=368303704
P1, tp=1, ts=1, x0=210400692, x1=14917224
P2, tp=1, ts=1, x0=977132019, x1=918172626
P1, tp=1, ts=1, x0=591324785, x1=14884036
P0, tp=1, ts=1
P1, tp=1, ts=1, x0=884519888, x1=300874371
P3, tp=1, ts=1, x0=425279847, x1=884519888
P3, tp=1, ts=1, x0=229332431, x1=375036726
P2, tp=1, ts=1, x0=928016206, x1=393040144
P3, tp=1, ts=1, x0=229332431, x1=801579932
P0, tp=1, ts=1
P3, tp=1, ts=1, x0=782747705, x1=750808985
P1, tp=1, ts=1, x0=64324883, x1=293612122
P0, tp=1, ts=1
P1, tp=1, ts=1, x0=932527379, x1=788343862
P3, tp=1, ts=1, x0=17781403, x1=238575907
P2, tp=1, ts=1, x0=547689030, x1=521237446
P2, tp=1, ts=1, x0=538206939, x1=521237446
P0, tp=1, ts=1
P1, tp=1, ts=1, x0=153064521, x1=704032238
P0, tp=1, ts=1
P2, tp=1, ts=1, x0=310706839, x1=521237446
P2, tp=1, ts=1, x0=813149273, x1=886151951
P1, tp=1, ts=1, x0=304424824, x1=521237446
P0, tp=1, ts=1
P3, tp=1, ts=1, x0=454567728, x1=290156642
P2, tp=1, ts=1, x0=133795120, x1=932527379
P1, tp=1, ts=1, x0=442194634, x1=758722199
P1, tp=1, ts=1, x0=290156642, x1=562062224
P3, tp=1, ts=1, x0=844358578, x1=133795120
P0, tp=1, ts=1
P1, tp=1, ts=1, x0=686188530, x1=918172626
P2, tp=1, ts=1, x0=538206939, x1=242232605
P2, tp=1, ts=1, x0=447033727, x1=679824419
P2, tp=1, ts=1, x0=750808985, x1=677028439
P2, tp=1, ts=1, x0=627939908, x1=449967910
P2, tp=1, ts=1, x0=524049753, x1=562062224
P0, tp=1, ts=1
P1, tp=1, ts=1, x0=367062533, x1=43353433
P0, tp=1, ts=1
P0, tp=1, ts=1
P1, tp=1, ts=1, x0=454567728, x1=782747705
P0, tp=1, ts=1
P1, tp=1, ts=1, x0=229332431, x1=206233341
P3, tp=1, ts=1, x0=379060307, x1=535572610
P2, tp=1, ts=1, x0=393040144, x1=853248313
P2, tp=1, ts=1, x0=17781403, x1=511362766
P0, tp=1, ts=1
P0, tp=1, ts=1
P1, tp=1, ts=1, x0=431733222, x1=449778620
P1, tp=1, ts=1, x0=782747705, x1=562062224
P2, tp=1, ts=1, x0=977132019, x1=94191527
P3, tp=1, ts=1, x0=511362766, x1=548803266
P2, tp=1, ts=1, x0=548803266, x1=242831894
P1, tp=1, ts=1, x0=684864064, x1=382459427
P1, tp=1, ts=1, x0=627939908, x1=778896462
P3, tp=1, ts=1, x0=591324785, x1=481385687
P0, tp=1, ts=1
P0, tp=1, ts=1
P0, tp=1, ts=1
P0, tp=1, ts=1
P3, tp=1, ts=1, x0=107287293, x1=932777661
P1, tp=1, ts=1, x0=932777661, x1=886151951
P1, tp=1, ts=1, x0=524049753, x1=472517426
P1, tp=1, ts=1, x0=684603222, x1=936917204
P3, tp=1, ts=1, x0=750970743, x1=69956859
P0, tp=1, ts=1
P2, tp=1, ts=1, x0=299037955, x1=591324785
P3, tp=1, ts=1, x0=431733222, x1=836162962
P0, tp=1, ts=1
P1, tp=1, ts=1, x0=443552734, x1=271364576
P1, tp=1, ts=1, x0=300874371, x1=778896462
P2, tp=1, ts=1, x0=359782881, x1=345065294
P1, tp=1, ts=1, x0=397440397, x1=511362766
P2, tp=1, ts=1, x0=310706839, x1=773414477
P1, tp=1, ts=1, x0=153064521, x1=524049753
P0, tp=1, ts=1
P2, tp=1, ts=1, x0=242831894, x1=368303704
P1, tp=1, ts=1, x0=827064897, x1=292801224
P1, tp=1, ts=1, x0=538206939, x1=521237446
P0, tp=1, ts=1
P3, tp=1, ts=1, x0=778896462, x1=449967910
P2, tp=1, ts=1, x0=139763056, x1=379060307
P2, tp=1, ts=1, x0=299037955, x1=485435588
P3, tp=1, ts=1, x0=242831894, x1=369252188
P1, tp=1, ts=1, x0=800699294, x1=359782881
P3, tp=1, ts=1, x0=639405936, x1=535572610
P2, tp=1, ts=1, x0=518614260, x1=700653903
P2, tp=1, ts=1, x0=547689030, x1=442194634
P0, tp=1, ts=1
P2, tp=1, ts=1, x0=530272142, x1=531025210
P0, tp=1, ts=1
P3, tp=1, ts=1, x0=349069954, x1=271364576
P1, tp=1, ts=1, x0=524049753, x1=521237446
P3, tp=1, ts=1, x0=813149273, x1=485435588
P1, tp=1, ts=1, x0=538206939, x1=827064897
P2, tp=1, ts=1, x0=442194634, x1=300874371
P1, tp=1, ts=1, x0=447033727, x1=271364576
P1, tp=1, ts=1, x0=431733222, x1=627939908
P1, tp=1, ts=1, x0=367062533, x1=299037955
P2, tp=1, ts=1, x0=750808985, x1=976062358
P2, tp=1, ts=1, x0=518614260, x1=782747705
P1, tp=1, ts=1, x0=375767226, x1=133795120
P1, tp=1, ts=1, x0=485435588, x1=271364576
P3, tp=1, ts=1, x0=518614260, x1=562062224
P3, tp=1, ts=1, x0=271364576, x1=393040144
P1, tp=1, ts=1, x0=561504385, x1=382459427
P0, tp=1, ts=1
P0, tp=1, ts=1
P3, tp=1, ts=1, x0=390831443, x1=788343862
P2, tp=1, ts=1, x0=700653903, x1=210400692
P1, tp=1, ts=1, x0=511362766, x1=425279847
P1, tp=1, ts=1, x0=800699294, x1=520025109
P3, tp=1, ts=1, x0=300874371, x1=788343862
P3, tp=1, ts=1, x0=64324883, x1=543174093
P3, tp=1, ts=1, x0=454567728, x1=750970743
P0, tp=1, ts=1
P2, tp=1, ts=1, x0=535572610, x1=686188530
P0, tp=1, ts=1
P3, tp=1, ts=1, x0=543174093, x1=518614260
P0, tp=1, ts=1
P3, tp=1, ts=1, x0=229332431, x1=678285908
P3, tp=1, ts=1, x0=538206939, x1=836162962
P0, tp=1, ts=1
P0, tp=1, ts=1
P2, tp=1, ts=1, x0=292801224, x1=447033727
P1, tp=1, ts=1, x0=122211783, x1=521237446
P2, tp=1, ts=1, x0=639405936, x1=304424824
P0, tp=1, ts=1
P1, tp=1, ts=1, x0=382459427, x1=836162962
P2, tp=1, ts=1, x0=627939908, x1=373298134
P1, tp=1, ts=1, x0=543931490, x1=88956117
P2, tp=1, ts=1, x0=299037955, x1=122211783
P0, tp=1, ts=1
P0, tp=1, ts=1
P2, tp=1, ts=1, x0=591324785, x1=345065294
P1, tp=1, ts=1, x0=836162962, x1=535572610
P3, tp=1, ts=1, x0=449967910, x1=205508342
P1, tp=1, ts=1, x0=205508342, x1=678285908
P1, tp=1, ts=1, x0=401476346, x1=750970743
P3, tp=1, ts=1, x0=627939908, x1=650163376
P0, tp=1, ts=1
P3, tp=1, ts=1, x0=435941031, x1=670058263
P2, tp=1, ts=1, x0=561504385, x1=447033727
P0, tp=1, ts=1
P3, tp=1, ts=1, x0=613671267, x1=548803266
P2, tp=1, ts=1, x0=361352518, x1=670058263
P0, tp=1, ts=1
P0, tp=1, ts=1
P1, tp=1, ts=1, x0=292801224, x1=205508342
P2, tp=1, ts=1, x0=932527379, x1=349069954
P1, tp=1, ts=1, x0=292801224, x1=454567728
P1, tp=1, ts=1, x0=801579932, x1=88956117
P2, tp=1, ts=1, x0=548803266, x1=153064521
P1, tp=1, ts=1, x0=689395199, x1=354985508
P3, tp=1, ts=1, x0=205508342, x1=543931490
P1, tp=1, ts=1, x0=827064897, x1=398059616
P3, tp=1, ts=1, x0=485982654, x1=689395199
P2, tp=1, ts=1, x0=686188530, x1=82146286
P1, tp=1, ts=1, x0=704032238, x1=442194634
P1, tp=1, ts=1, x0=773414477, x1=179241364
P0, tp=1, ts=1
P3, tp=1, ts=1, x0=750970743, x1=561504385
P2, tp=1, ts=1, x0=210400692, x1=153064521
P3, tp=1, ts=1, x0=520025109, x1=179241364
P2, tp=1, ts=1, x0=361352518, x1=932527379
P2, tp=1, ts=1, x0=310706839, x1=43353433
P0, tp=1, ts=1
P0, tp=2, ts=2
P1, tp=2, ts=2, x0=521237446, x1=435941031
P1, tp=2, ts=2, x0=447033727, x1=287234369
P3, tp=2, ts=2, x0=562062224, x1=390831443
P3, tp=2, ts=2, x0=345065294, x1=928016206
P3, tp=2, ts=2, x0=206233341, x1=844358578
P2, tp=2, ts=2, x0=932527379, x1=650163376
P3, tp=2, ts=2, x0=398059616, x1=443552734
P2, tp=2, ts=2, x0=650163376, x1=286136032
P2, tp=2, ts=2, x0=64324883, x1=613671267
P2, tp=2, ts=2, x0=310706839, x1=670058263
P0, tp=2, ts=2
P2, tp=2, ts=2, x0=274133801, x1=627939908
P1, tp=2, ts=2, x0=379060307, x1=353081573
P0, tp=2, ts=2
P2, tp=2, ts=2, x0=650163376, x1=485435588
P1, tp=2, ts=2, x0=304455931, x1=723499295
P0, tp=2, ts=2
P2, tp=2, ts=2, x0=750808985, x1=750808985
P1, tp=2, ts=2, x0=310706839, x1=375036726
P3, tp=2, ts=2, x0=442194634, x1=521237446
P1, tp=2, ts=2, x0=304455931, x1=813149273
P0, tp=2, ts=2
P2, tp=2, ts=2, x0=271364576, x1=390831443
P2, tp=2, ts=2, x0=531025210, x1=518614260
P3, tp=2, ts=2, x0=535572610, x1=778896462
P2, tp=2, ts=2, x0=548803266, x1=375036726
P0, tp=2, ts=2
P3, tp=2, ts=2, x0=538206939, x1=397440397
P2, tp=2, ts=2, x0=485982654, x1=361352518
P3, tp=2, ts=2, x0=800699294, x1=511362766
P2, tp=2, ts=2, x0=562062224, x1=725883183
P2, tp=2, ts=2, x0=773414477, x1=548803266
P1, tp=2, ts=2, x0=853248313, x1=521237446
P2, tp=2, ts=2, x0=932527379, x1=591324785
P3, tp=2, ts=2, x0=704032238, x1=304455931
P0, tp=2, ts=2
P3, tp=2, ts=2, x0=286136032, x1=299037955
P0, tp=2, ts=2
P3, tp=2, ts=2, x0=276056805, x1=689395199
P2, tp=2, ts=2, x0=725883183, x1=530272142
P1, tp=2, ts=2, x0=521237446, x1=133795120
P3, tp=2, ts=2, x0=359782881, x1=650163376
P0, tp=2, ts=2
P0, tp=2, ts=2
P3, tp=2, ts=2, x0=132232845, x1=678285908
P2, tp=2, ts=2, x0=442194634, x1=679824419
P2, tp=2, ts=2, x0=299037955, x1=64324883
P3, tp=2, ts=2, x0=548803266, x1=932527379
P0, tp=2, ts=2
P2, tp=2, ts=2, x0=122211783, x1=518614260
P1, tp=2, ts=2, x0=373298134, x1=721139557
P0, tp=2, ts=2
P3, tp=2, ts=2, x0=485435588, x1=43353433
P1, tp=2, ts=2, x0=844358578, x1=721139557
P1, tp=2, ts=2, x0=530272142, x1=132232845
P0, tp=2, ts=2
P3, tp=2, ts=2, x0=591324785, x1=122211783
P3, tp=2, ts=2, x0=304455931, x1=153064521
P2, tp=2, ts=2, x0=375036726, x1=932527379
P2, tp=2, ts=2, x0=205508342, x1=274133801
P0, tp=2, ts=2
P1, tp=2, ts=2, x0=472517426, x1=425279847
P1, tp=2, ts=2, x0=844358578, x1=287234369
P0, tp=2, ts=2
P3, tp=2, ts=2, x0=774869215, x1=122211783
P3, tp=2, ts=2, x0=431733222, x1=288896971
P3, tp=2, ts=2, x0=401476346, x1=122211783
P3, tp=2, ts=2, x0=723499295, x1=778896462
P2, tp=2, ts=2, x0=774869215, x1=485435588
P3, tp=2, ts=2, x0=932777661, x1=836162962
P0, tp=2, ts=2
P2, tp=2, ts=2, x0=472517426, x1=397440397
P2, tp=2, ts=2, x0=679824419, x1=304424824
P1, tp=2, ts=2, x0=758722199, x1=431733222
P2, tp=2, ts=2, x0=844358578, x1=678285908
P0, tp=2, ts=2
P3, tp=2, ts=2, x0=895050005, x1=375036726
P1, tp=2, ts=2, x0=425279847, x1=670058263
P3, tp=2, ts=2, x0=932777661, x1=139763056
P0, tp=2, ts=2
P2, tp=2, ts=2, x0=543174093, x1=827064897
P1, tp=2, ts=2, x0=696837071, x1=670058263
P2, tp=2, ts=2, x0=443552734, x1=886151951
P1, tp=2, ts=2, x0=721139557, x1=107287293
P2, tp=2, ts=2, x0=179241364, x1=853248313
P1, tp=2, ts=2, x0=721139557, x1=778896462
P2, tp=2, ts=2, x0=132232845, x1=443552734
P1, tp=2, ts=2, x0=758722199, x1=122211783
P3, tp=2, ts=2, x0=886151951, x1=758722199
P3, tp=2, ts=2, x0=836162962, x1=758722199
P0, tp=2, ts=2
P3, tp=2, ts=2, x0=300874371, x1=800699294
P0, tp=2, ts=2
P2, tp=2, ts=2, x0=721139557, x1=359782881
P1, tp=2, ts=2, x0=543174093, x1=758722199
P0, tp=2, ts=2
P2, tp=2, ts=2, x0=353081573, x1=896337574
P1, tp=2, ts=2, x0=778896462, x1=530272142
P3, tp=2, ts=2, x0=287234369, x1=696837071
P0, tp=2, ts=2
P2, tp=2, ts=2, x0=639405936, x1=689395199
P3, tp=2, ts=2, x0=696837071, x1=547689030
P2, tp=2, ts=2, x0=535572610, x1=375036726
P2, tp=2, ts=2, x0=358881560, x1=375036726
P0, tp=2, ts=2
P1, tp=2, ts=2, x0=304424824, x1=82146286
P1, tp=2, ts=2, x0=774869215, x1=518614260
P1, tp=2, ts=2, x0=844358578, x1=274133801
P3, tp=2, ts=2, x0=276056805, x1=299037955
P1, tp=2, ts=2, x0=562062224, x1=206233341
P1, tp=2, ts=2, x0=345065294, x1=679824419
P3, tp=2, ts=2, x0=521237446, x1=288896971
P2, tp=2, ts=2, x0=853248313, x1=788343862
P2, tp=2, ts=2, x0=788343862, x1=7269934
P1, tp=2, ts=2, x0=627939908, x1=231154087
P1, tp=2, ts=2, x0=276056805, x1=300874371
P3, tp=2, ts=2, x0=398059616, x1=300874371
P2, tp=2, ts=2, x0=17781403, x1=361352518
P1, tp=2, ts=2, x0=932777661, x1=485435588
P1, tp=2, ts=2, x0=179241364, x1=347227054
P0, tp=2, ts=2
P2, tp=2, ts=2, x0=347227054, x1=543931490
P2, tp=2, ts=2, x0=778896462, x1=521237446
P0, tp=2, ts=2
P1, tp=2, ts=2, x0=613671267, x1=122211783
P2, tp=2, ts=2, x0=88956117, x1=238575907
P2, tp=2, ts=2, x0=379060307, x1=895050005
P2, tp=2, ts=2, x0=82146286, x1=398059616
P1, tp=2, ts=2, x0=485982654, x1=704032238
P3, tp=2, ts=2, x0=639405936, x1=538206939
P1, tp=2, ts=2, x0=801579932, x1=288896971
P0, tp=2, ts=2
P3, tp=2, ts=2, x0=721139557, x1=562062224
P3, tp=2, ts=2, x0=107287293, x1=347227054
P1, tp=2, ts=2, x0=670058263, x1=122211783
P1, tp=2, ts=2, x0=401476346, x1=300874371
P2, tp=2, ts=2, x0=238575907, x1=530272142
P2, tp=2, ts=2, x0=995226452, x1=17781403
P3, tp=2, ts=2, x0=288896971, x1=485982654
P1, tp=2, ts=2, x0=274133801, x1=535572610
P1, tp=2, ts=2, x0=686188530, x1=774869215
P3, tp=2, ts=2, x0=238575907, x1=704032238
P3, tp=2, ts=2, x0=895050005, x1=472517426
P3, tp=2, ts=2, x0=431733222, x1=650163376
P1, tp=2, ts=2, x0=686188530, x1=442194634
P1, tp=2, ts=2, x0=398059616, x1=853248313
P2, tp=2, ts=2, x0=7269934, x1=696837071
P2, tp=2, ts=2, x0=287234369, x1=689395199
P3, tp=2, ts=2, x0=679824419, x1=778896462
P3, tp=2, ts=2, x0=521237446, x1=286136032
P0, tp=2, ts=2
P2, tp=2, ts=2, x0=844358578, x1=696837071
P1, tp=2, ts=2, x0=686188530, x1=271364576
P2, tp=2, ts=2, x0=639405936, x1=679824419
P0, tp=2, ts=2
P0, tp=2, ts=2
P0, tp=2, ts=2
P3, tp=2, ts=2, x0=696837071, x1=990717429
P0, tp=2, ts=2
P2, tp=2, ts=2, x0=750970743, x1=836162962
P1, tp=2, ts=2, x0=359782881, x1=725883183
P0, tp=2, ts=2
P3, tp=2, ts=2, x0=300874371, x1=876487336
P3, tp=2, ts=2, x0=535572610, x1=485435588
P0, tp=2, ts=2
P1, tp=2, ts=2, x0=827064897, x1=88956117
P0, tp=2, ts=2
P0, tp=2, ts=2
P0, tp=2, ts=2
P1, tp=2, ts=2, x0=543174093, x1=750970743
P2, tp=2, ts=2, x0=287234369, x1=827064897
P2, tp=2, ts=2, x0=639405936, x1=425279847
P3, tp=2, ts=2, x0=43353433, x1=390661313
P3, tp=2, ts=2, x0=390661313, x1=347227054
P0, tp=2, ts=2
P2, tp=2, ts=2, x0=678285908, x1=153064521
P2, tp=2, ts=2, x0=401476346, x1=686188530
P3, tp=2, ts=2, x0=678285908, x1=286136032
P1, tp=2, ts=2, x0=454567728, x1=800699294
P2, tp=2, ts=2, x0=69956859, x1=242232605
P1, tp=2, ts=2, x0=562062224, x1=928016206
P0, tp=2, ts=2
P3, tp=2, ts=2, x0=231154087, x1=286136032
P3, tp=2, ts=2, x0=936917204, x1=827064897
P1, tp=2, ts=2, x0=788343862, x1=981708921
P2, tp=2, ts=2, x0=928016206, x1=627939908
P2, tp=2, ts=2, x0=401476346, x1=7269934
P3, tp=2, ts=2, x0=973098385, x1=353081573
P0, tp=2, ts=2
P2, tp=2, ts=2, x0=485435588, x1=133795120
P3, tp=2, ts=2, x0=375036726, x1=88956117
P2, tp=2, ts=2, x0=725883183, x1=973098385
P1, tp=2, ts=2, x0=657525344, x1=666069912
P3, tp=2, ts=2, x0=361352518, x1=725883183
P0, tp=2, ts=2
P2, tp=2, ts=2, x0=359782881, x1=449967910
P1, tp=2, ts=2, x0=591324785, x1=830685839
P1, tp=2, ts=2, x0=133795120, x1=774869215
P2, tp=2, ts=2, x0=530272142, x1=973098385
P3, tp=2, ts=2, x0=535572610, x1=472517426
P3, tp=2, ts=2, x0=69956859, x1=788343862
P2, tp=2, ts=2, x0=401476346, x1=684864064
P3, tp=2, ts=2, x0=520025109, x1=443552734
P0, tp=2, ts=2
P2, tp=2, ts=2, x0=288896971, x1=431733222
P3, tp=2, ts=2, x0=928016206, x1=760355294
P2, tp=2, ts=2, x0=666069912, x1=827064897
P1, tp=2, ts=2, x0=995226452, x1=547689030
P1, tp=2, ts=2, x0=561504385, x1=678285908
P3, tp=2, ts=2, x0=679824419, x1=750970743
P3, tp=2, ts=2, x0=359782881, x1=82146286
P0, tp=2, ts=2
P0, tp=2, ts=2
P2, tp=2, ts=2, x0=689934696, x1=717187128
P3, tp=2, ts=2, x0=521237446, x1=82146286
P0, tp=2, ts=2
P2, tp=2, ts=2, x0=995226452, x1=800699294
P2, tp=2, ts=2, x0=778896462, x1=304455931
P3, tp=2, ts=2, x0=678285908, x1=800699294
P3, tp=2, ts=2, x0=347227054, x1=231154087
P0, tp=2, ts=2
P0, tp=2, ts=2
P3, tp=2, ts=2, x0=696837071, x1=788343862
P0, tp=2, ts=2
P0, tp=2, ts=2
P0, tp=2, ts=2
P1, tp=2, ts=2, x0=43353433, x1=17781403
P2, tp=2, ts=2, x0=562062224, x1=923843939
P1, tp=2, ts=2, x0=153064521, x1=561504385
P0, tp=2, ts=2
P3, tp=2, ts=2, x0=535572610, x1=271364576
P2, tp=2, ts=2, x0=830685839, x1=591324785
P1, tp=2, ts=2, x0=449967910, x1=274133801
P0, tp=2, ts=2
P3, tp=2, ts=2, x0=932527379, x1=242232605
P1, tp=2, ts=2, x0=179241364, x1=7269934
P3, tp=2, ts=2, x0=205508342, x1=830685839
P1, tp=2, ts=2, x0=238575907, x1=760355294
P1, tp=2, ts=2, x0=191353083, x1=636201402
P2, tp=2, ts=2, x0=425279847, x1=349069954
P3, tp=2, ts=2, x0=543174093, x1=276056805
P1, tp=2, ts=2, x0=562062224, x1=191353083
P0, tp=2, ts=2
P0, tp=2, ts=2
P2, tp=2, ts=2, x0=995226452, x1=932527379
P2, tp=2, ts=2, x0=880523698, x1=973098385
P2, tp=2, ts=2, x0=688669994, x1=670058263
P1, tp=2, ts=2, x0=829467575, x1=758722199
P1, tp=2, ts=2, x0=472517426, x1=454567728
P0, tp=2, ts=2
P2, tp=2, ts=2, x0=401476346, x1=688669994
P0, tp=2, ts=2
P2, tp=2, ts=2, x0=650163376, x1=591324785
P3, tp=2, ts=2, x0=990717429, x1=238575907
P2, tp=2, ts=2, x0=876487336, x1=345065294
P1, tp=2, ts=2, x0=122211783, x1=562062224
P2, tp=2, ts=2, x0=373298134, x1=427917125
P2, tp=2, ts=2, x0=69956859, x1=689395199
P2, tp=2, ts=2, x0=179577391, x1=895050005
P2, tp=2, ts=2, x0=88956117, x1=973098385
P2, tp=2, ts=2, x0=717187128, x1=153064521
P0, tp=2, ts=2
P3, tp=2, ts=2, x0=788343862, x1=717187128
P1, tp=2, ts=2, x0=670058263, x1=650163376
P3, tp=2, ts=2, x0=538206939, x1=286136032
P1, tp=2, ts=2, x0=666069912, x1=686188530
P2, tp=2, ts=2, x0=686188530, x1=139763056
P1, tp=2, ts=2, x0=286136032, x1=657525344
P3, tp=2, ts=2, x0=725883183, x1=853248313
P1, tp=2, ts=2, x0=139763056, x1=543931490
P1, tp=2, ts=2, x0=758722199, x1=936917204
P0, tp=2, ts=2
P3, tp=2, ts=2, x0=345065294, x1=647786055
P3, tp=2, ts=2, x0=361352518, x1=919048829
P1, tp=2, ts=2, x0=179577391, x1=7269934
P0, tp=2, ts=2
P2, tp=2, ts=2, x0=276056805, x1=287234369
P2, tp=2, ts=2, x0=520025109, x1=689934696
P1, tp=2, ts=2, x0=802939665, x1=880523698
P3, tp=2, ts=2, x0=760355294, x1=995226452
P0, tp=2, ts=2
P1, tp=2, ts=2, x0=276056805, x1=778896462
P0, tp=2, ts=2
P3, tp=2, ts=2, x0=688669994, x1=485435588
P2, tp=2, ts=2, x0=829467575, x1=666069912
P1, tp=2, ts=2, x0=511362766, x1=82146286
P1, tp=2, ts=2, x0=721139557, x1=895050005
P2, tp=2, ts=2, x0=292801224, x1=528002546
P2, tp=2, ts=2, x0=69956859, x1=647786055
P3, tp=2, ts=2, x0=781549095, x1=361352518
P3, tp=2, ts=2, x0=82146286, x1=689395199
P3, tp=2, ts=2, x0=760355294, x1=880523698
P1, tp=2, ts=2, x0=271364576, x1=725883183
P2, tp=2, ts=2, x0=390661313, x1=689934696
P1, tp=2, ts=2, x0=778896462, x1=721139557
P1, tp=2, ts=2, x0=286136032, x1=862126338
P2, tp=2, ts=2, x0=397440397, x1=7269934
P3, tp=2, ts=2, x0=862126338, x1=398059616
P0, tp=2, ts=2
P3, tp=2, ts=2, x0=800699294, x1=862126338
P3, tp=2, ts=2, x0=650163376, x1=345065294
P0, tp=2, ts=2
P3, tp=2, ts=2, x0=107287293, x1=535572610
P1, tp=2, ts=2, x0=409864920, x1=390661313
P3, tp=2, ts=2, x0=990717429, x1=758722199
P0, tp=2, ts=2
P3, tp=2, ts=2, x0=431733222, x1=689395199
P0, tp=2, ts=2
P3, tp=2, ts=2, x0=511362766, x1=203816316
P0, tp=2, ts=2
P0, tp=2, ts=2
P3, tp=2, ts=2, x0=485435588, x1=990717429
P1, tp=2, ts=2, x0=919048829, x1=530272142
P2, tp=2, ts=2, x0=5943, x1=827064897
P3, tp=2, ts=2, x0=107287293, x1=802939665
P3, tp=2, ts=2, x0=973098385, x1=359782881
P0, tp=2, ts=2
P2, tp=2, ts=2, x0=973098385, x1=928016206
P2, tp=2, ts=2, x0=721139557, x1=538206939
P2, tp=2, ts=2, x0=397440397, x1=688669994
P1, tp=2, ts=2, x0=203816316, x1=973098385
P1, tp=2, ts=2, x0=427917125, x1=778896462
P1, tp=2, ts=2, x0=800699294, x1=139763056
P3, tp=2, ts=2, x0=686188530, x1=431733222
P2, tp=2, ts=2, x0=276056805, x1=286136032
P2, tp=2, ts=2, x0=547689030, x1=82146286
P3, tp=2, ts=2, x0=353081573, x1=292801224
P0, tp=2, ts=2
P1, tp=2, ts=2, x0=179241364, x1=657525344
P0, tp=2, ts=2
P0, tp=2, ts=2
P2, tp=2, ts=2, x0=431733222, x1=43353433
P3, tp=2, ts=2, x0=666069912, x1=696837071
P2, tp=2, ts=2, x0=454567728, x1=627939908
P0, tp=2, ts=2
P2, tp=2, ts=2, x0=896337574, x1=853248313
P2, tp=2, ts=2, x0=562062224, x1=431733222
P3, tp=2, ts=2, x0=690945555, x1=561504385
P2, tp=2, ts=2, x0=650163376, x1=156465141
P0, tp=2, ts=2
P1, tp=2, ts=2, x0=562062224, x1=928016206
P2, tp=2, ts=2, x0=276056805, x1=543174093
P2, tp=2, ts=2, x0=981708921, x1=179577391
P0, tp=2, ts=2
P1, tp=2, ts=2, x0=721139557, x1=778896462
P1, tp=2, ts=2, x0=696837071, x1=5943
P1, tp=2, ts=2, x0=543931490, x1=704032238
P3, tp=2, ts=2, x0=349069954, x1=349069954
P2, tp=2, ts=2, x0=647786055, x1=778896462
P3, tp=2, ts=2, x0=666069912, x1=758722199
P0, tp=2, ts=2
P3, tp=2, ts=2, x0=292801224, x1=543931490
P2, tp=2, ts=2, x0=973098385, x1=179241364
P1, tp=2, ts=2, x0=717187128, x1=427917125
P3, tp=2, ts=2, x0=107287293, x1=139763056
P0, tp=2, ts=2
P2, tp=2, ts=2, x0=543931490, x1=373298134
P2, tp=2, ts=2, x0=778896462, x1=689934696
P2, tp=2, ts=2, x0=43353433, x1=397440397
P1, tp=2, ts=2, x0=398059616, x1=721139557
P2, tp=2, ts=2, x0=896337574, x1=758722199
P1, tp=2, ts=2, x0=373298134, x1=358881560
P1, tp=2, ts=2, x0=390661313, x1=688669994
P0, tp=2, ts=2
P0, tp=2, ts=2
P1, tp=2, ts=2, x0=928016206, x1=97101423
P0, tp=2, ts=2
P3, tp=2, ts=2, x0=520025109, x1=43353433
P0, tp=2, ts=2
P0, tp=2, ts=2
P0, tp=2, ts=2
P2, tp=2, ts=2, x0=830685839, x1=353081573
P0, tp=2, ts=2
P2, tp=2, ts=2, x0=511362766, x1=443552734
P1, tp=2, ts=2, x0=778896462, x1=17781403
P1, tp=2, ts=2, x0=880523698, x1=650163376
P3, tp=2, ts=2, x0=717187128, x1=522398784
P2, tp=2, ts=2, x0=670058263, x1=657525344
P2, tp=2, ts=2, x0=358881560, x1=788343862
P0, tp=2, ts=2
P2, tp=2, ts=2, x0=405424725, x1=721139557
P0, tp=2, ts=2
P1, tp=2, ts=2, x0=443552734, x1=928016206
P1, tp=2, ts=2, x0=650163376, x1=650163376
P2, tp=2, ts=2, x0=17781403, x1=7269934
P3, tp=2, ts=2, x0=666069912, x1=122211783
P3, tp=2, ts=2, x0=276056805, x1=896337574
P3, tp=2, ts=2, x0=543931490, x1=717187128
P2, tp=2, ts=2, x0=191353083, x1=199164441
P1, tp=2, ts=2, x0=760355294, x1=304455931
P0, tp=2, ts=2
P2, tp=2, ts=2, x0=409864920, x1=139763056
P0, tp=2, ts=2
P0, tp=2, ts=2
P2, tp=2, ts=2, x0=286136032, x1=43353433
P2, tp=2, ts=2, x0=205508342, x1=55627669
P2, tp=2, ts=2, x0=696837071, x1=528002546
P0, tp=2, ts=2
P3, tp=2, ts=2, x0=390831443, x1=443552734
P2, tp=2, ts=2, x0=636201402, x1=205508342
P2, tp=2, ts=2, x0=528002546, x1=725883183
P0, tp=2, ts=2
P1, tp=2, ts=2, x0=528002546, x1=723499295
P0, tp=2, ts=2
P3, tp=2, ts=2, x0=721139557, x1=485982654
P1, tp=2, ts=2, x0=636201402, x1=657525344
P3, tp=2, ts=2, x0=895050005, x1=802939665
P3, tp=2, ts=2, x0=679824419, x1=800699294
P2, tp=2, ts=2, x0=788343862, x1=528002546
P0, tp=2, ts=2
P1, tp=2, ts=2, x0=689934696, x1=829467575
P0, tp=2, ts=2
P1, tp=2, ts=2, x0=361352518, x1=205508342
P3, tp=2, ts=2, x0=990717429, x1=788343862
P3, tp=2, ts=2, x0=562062224, x1=118511531
P1, tp=2, ts=2, x0=666069912, x1=139763056
P2, tp=2, ts=2, x0=744376998, x1=485982654
P1, tp=2, ts=2, x0=717187128, x1=179241364
P1, tp=2, ts=2, x0=390831443, x1=689934696
P3, tp=2, ts=2, x0=781549095, x1=717187128
P2, tp=2, ts=2, x0=26364352, x1=409864920
P1, tp=2, ts=2, x0=830685839, x1=861618486
P3, tp=2, ts=2, x0=179577391, x1=373298134
P3, tp=2, ts=2, x0=840851095, x1=936917204
P3, tp=2, ts=2, x0=485435588, x1=69956859
P0, tp=2, ts=2
P0, tp=2, ts=2
P3, tp=2, ts=2, x0=485435588, x1=666069912
P3, tp=2, ts=2, x0=485982654, x1=485982654
P0, tp=2, ts=2
P3, tp=2, ts=2, x0=721139557, x1=520025109
P3, tp=2, ts=2, x0=107287293, x1=231154087
P0, tp=2, ts=2
P3, tp=2, ts=2, x0=191353083, x1=139763056
P0, tp=2, ts=2
P3, tp=2, ts=2, x0=896337574, x1=853248313
P0, tp=2, ts=2
P1, tp=2, ts=2, x0=361352518, x1=779278546
P3, tp=2, ts=2, x0=829467575, x1=373298134
P0, tp=2, ts=2
P3, tp=2, ts=2, x0=522398784, x1=528002546
P1, tp=2, ts=2, x0=636201402, x1=690945555
P3, tp=2, ts=2, x0=107287293, x1=156465141
P3, tp=2, ts=2, x0=287234369, x1=717187128
P2, tp=2, ts=2, x0=345065294, x1=679824419
P1, tp=2, ts=2, x0=430070623, x1=401476346
P2, tp=2, ts=2, x0=122211783, x1=274133801
P1, tp=2, ts=2, x0=401476346, x1=292801224
P2, tp=2, ts=2, x0=895050005, x1=840851095
P1, tp=2, ts=2, x0=55627669, x1=522398784
P2, tp=2, ts=2, x0=375767226, x1=390831443
P1, tp=2, ts=2, x0=203816316, x1=647786055
P1, tp=2, ts=2, x0=353081573, x1=861545272
P0, tp=2, ts=2
P0, tp=2, ts=2
P3, tp=2, ts=2, x0=375767226, x1=409864920
P0, tp=2, ts=2
P2, tp=2, ts=2, x0=274133801, x1=543174093
P3, tp=2, ts=2, x0=199164441, x1=561504385
P1, tp=2, ts=2, x0=758722199, x1=696837071
P1, tp=2, ts=2, x0=895050005, x1=704032238
P0, tp=2, ts=2
P3, tp=2, ts=2, x0=829467575, x1=271364576
P2, tp=2, ts=2, x0=322941355, x1=758722199
P0, tp=2, ts=2
P0, tp=2, ts=2
P2, tp=2, ts=2, x0=520025109, x1=292911051
P3, tp=2, ts=2, x0=535572610, x1=744376998
P3, tp=2, ts=2, x0=286136032, x1=405424725
P1, tp=2, ts=2, x0=354257193, x1=274133801
P3, tp=2, ts=2, x0=5943, x1=936917204
P3, tp=2, ts=2, x0=347227054, x1=829467575
P2, tp=2, ts=2, x0=636201402, x1=774869215
P2, tp=2, ts=2, x0=713711806, x1=69956859
P1, tp=2, ts=2, x0=345065294, x1=773414477
P0, tp=2, ts=2
P3, tp=2, ts=2, x0=895050005, x1=375245637
P1, tp=2, ts=2, x0=758722199, x1=286136032
P0, tp=2, ts=2
P3, tp=2, ts=2, x0=122211783, x1=530272142
P2, tp=2, ts=2, x0=773414477, x1=704032238
P1, tp=2, ts=2, x0=358881560, x1=97101423
P1, tp=2, ts=2, x0=670058263, x1=862126338
P2, tp=2, ts=2, x0=132232845, x1=390661313
P3, tp=2, ts=2, x0=714335726, x1=358881560
P0, tp=2, ts=2
P2, tp=2, ts=2, x0=543174093, x1=271364576
P0, tp=2, ts=2
P2, tp=2, ts=2, x0=923843939, x1=543174093
P2, tp=2, ts=2, x0=538206939, x1=666069912
P1, tp=2, ts=2, x0=81025596, x1=69956859
P3, tp=2, ts=2, x0=990717429, x1=840851095
P0, tp=2, ts=2
P3, tp=2, ts=2, x0=561504385, x1=725883183
P3, tp=2, ts=2, x0=561504385, x1=118511531
P3, tp=2, ts=2, x0=688669994, x1=406345966
P1, tp=2, ts=2, x0=758722199, x1=276056805
P2, tp=2, ts=2, x0=276056805, x1=778896462
P1, tp=2, ts=2, x0=410054227, x1=69956859
P0, tp=2, ts=2
P3, tp=2, ts=2, x0=723499295, x1=690945555
P3, tp=2, ts=2, x0=8152389, x1=179478885
P2, tp=2, ts=2, x0=829467575, x1=132232845
P2, tp=2, ts=2, x0=689395199, x1=286136032
P0, tp=2, ts=2
P3, tp=2, ts=2, x0=132232845, x1=744376998
P0, tp=2, ts=2
P2, tp=2, ts=2, x0=896337574, x1=779278546
P2, tp=2, ts=2, x0=485982654, x1=287234369
P3, tp=2, ts=2, x0=774869215, x1=830685839
P2, tp=2, ts=2, x0=287234369, x1=725883183
P0, tp=2, ts=2
P1, tp=2, ts=2, x0=981708921, x1=973098385
P1, tp=2, ts=2, x0=670058263, x1=97101423
P1, tp=2, ts=2, x0=292911051, x1=286136032
P2, tp=2, ts=2, x0=714335726, x1=688669994
P3, tp=2, ts=2, x0=97101423, x1=375245637
P3, tp=2, ts=2, x0=7269934, x1=636201402
P2, tp=2, ts=2, x0=636201402, x1=543931490
P3, tp=2, ts=2, x0=760355294, x1=26860460
P0, tp=2, ts=2
P1, tp=2, ts=2, x0=721139557, x1=689395199
P2, tp=2, ts=2, x0=397220999, x1=81025596
P0, tp=2, ts=2
P1, tp=2, ts=2, x0=26860460, x1=689395199
P2, tp=2, ts=2, x0=880523698, x1=650163376
P0, tp=2, ts=2
P3, tp=2, ts=2, x0=880523698, x1=353081573
P2, tp=2, ts=2, x0=82146286, x1=829467575
P1, tp=2, ts=2, x0=689395199, x1=520025109
P1, tp=2, ts=2, x0=107287293, x1=169709190
P1, tp=2, ts=2, x0=169709190, x1=69956859
P1, tp=2, ts=2, x0=390661313, x1=169709190
P0, tp=2, ts=2
P0, tp=2, ts=2
P3, tp=2, ts=2, x0=666069912, x1=714335726
P3, tp=2, ts=2, x0=107287293, x1=650163376
P3, tp=2, ts=2, x0=287234369, x1=107287293
P0, tp=2, ts=2
P1, tp=2, ts=2, x0=160723572, x1=664393022
P0, tp=2, ts=2
P1, tp=2, ts=2, x0=664393022, x1=430070623
P3, tp=2, ts=2, x0=313561148, x1=725883183
P2, tp=2, ts=2, x0=107287293, x1=169709190
P1, tp=2, ts=2, x0=354257193, x1=297443443
P2, tp=2, ts=2, x0=132232845, x1=397220999
P0, tp=2, ts=2
P1, tp=2, ts=2, x0=81025596, x1=973098385
P2, tp=2, ts=2, x0=650163376, x1=390661313
P0, tp=2, ts=2
P1, tp=2, ts=2, x0=760355294, x1=861618486
P2, tp=2, ts=2, x0=132232845, x1=647786055
P1, tp=2, ts=2, x0=139763056, x1=688669994
P2, tp=2, ts=2, x0=670734080, x1=723499295
P3, tp=2, ts=2, x0=773414477, x1=289375385
P2, tp=2, ts=2, x0=304455931, x1=59921851
P0, tp=2, ts=2
P0, tp=2, ts=2
P0, tp=2, ts=2
P2, tp=2, ts=2, x0=409864920, x1=794071699
P1, tp=2, ts=2, x0=160723572, x1=794071699
P1, tp=2, ts=2, x0=830685839, x1=919048829
P1, tp=2, ts=2, x0=390831443, x1=918223692
P2, tp=2, ts=2, x0=8152389, x1=670058263
P2, tp=2, ts=2, x0=347227054, x1=390831443
P1, tp=2, ts=2, x0=714335726, x1=390661313
P1, tp=2, ts=2, x0=647786055, x1=717187128
P0, tp=2, ts=2
P2, tp=2, ts=2, x0=543174093, x1=427917125
P1, tp=2, ts=2, x0=107742758, x1=349069954
P0, tp=2, ts=2
P0, tp=2, ts=2
P3, tp=2, ts=2, x0=561504385, x1=179478885
P2, tp=2, ts=2, x0=774869215, x1=981708921
P2, tp=2, ts=2, x0=861545272, x1=169709190
P2, tp=2, ts=2, x0=231154087, x1=721139557
P1, tp=2, ts=2, x0=313561148, x1=26860460
P3, tp=2, ts=2, x0=430070623, x1=507430388
P0, tp=2, ts=2
P1, tp=2, ts=2, x0=287234369, x1=406345966
P0, tp=2, ts=2
P2, tp=2, ts=2, x0=179241364, x1=179241364
P3, tp=2, ts=2, x0=427917125, x1=688669994
P1, tp=2, ts=2, x0=861618486, x1=830685839
P1, tp=2, ts=2, x0=485982654, x1=830685839
P1, tp=2, ts=2, x0=688669994, x1=179241364
P3, tp=2, ts=2, x0=896337574, x1=286136032
P2, tp=2, ts=2, x0=895050005, x1=358881560
P1, tp=2, ts=2, x0=26860460, x1=169709190
P2, tp=2, ts=2, x0=905418107, x1=919048829
P1, tp=2, ts=2, x0=107742758, x1=179478885
P1, tp=2, ts=2, x0=191353083, x1=855879721
P0, tp=2, ts=2
P3, tp=2, ts=2, x0=361352518, x1=862126338
P1, tp=2, ts=2, x0=973098385, x1=802939665
P2, tp=2, ts=2, x0=664393022, x1=830685839
P1, tp=2, ts=2, x0=628101130, x1=179577391
P0, tp=2, ts=2
P2, tp=2, ts=2, x0=953424700, x1=107742758
P2, tp=2, ts=2, x0=430070623, x1=657525344
P1, tp=2, ts=2, x0=231154087, x1=347227054
P0, tp=2, ts=2
P3, tp=2, ts=2, x0=650163376, x1=896337574
P1, tp=2, ts=2, x0=895050005, x1=918223692
P3, tp=2, ts=2, x0=274133801, x1=981708921
P0, tp=2, ts=2
P1, tp=2, ts=2, x0=199164441, x1=647786055
P2, tp=2, ts=2, x0=132232845, x1=8152389
P3, tp=2, ts=2, x0=191353083, x1=855879721
P3, tp=2, ts=2, x0=895050005, x1=528002546
P3, tp=2, ts=2, x0=287234369, x1=59921851
P3, tp=2, ts=2, x0=829467575, x1=981708921
P3, tp=2, ts=2, x0=81025596, x1=794071699
P2, tp=2, ts=2, x0=794071699, x1=802939665
P0, tp=2, ts=2
P2, tp=2, ts=2, x0=231154087, x1=698916596
P3, tp=2, ts=2, x0=82146286, x1=696837071
P3, tp=2, ts=2, x0=923843939, x1=981708921
P1, tp=2, ts=2, x0=274133801, x1=179241364
P3, tp=2, ts=2, x0=5943, x1=97101423
P2, tp=2, ts=2, x0=543931490, x1=179577391
P2, tp=2, ts=2, x0=82146286, x1=322282226
P3, tp=2, ts=2, x0=522398784, x1=670058263
P3, tp=2, ts=2, x0=840851095, x1=981708921
P1, tp=2, ts=2, x0=829467575, x1=132232845
P3, tp=2, ts=2, x0=322282226, x1=276056805
P2, tp=2, ts=2, x0=390661313, x1=857202047
P2, tp=2, ts=2, x0=690945555, x1=923843939
P3, tp=2, ts=2, x0=8152389, x1=59921851
P0, tp=2, ts=2
P0, tp=2, ts=2
P2, tp=2, ts=2, x0=169709190, x1=657525344
P3, tp=2, ts=2, x0=528002546, x1=636201402
P3, tp=2, ts=2, x0=358881560, x1=507430388
P0, tp=2, ts=2
P1, tp=2, ts=2, x0=107742758, x1=840851095
P0, tp=2, ts=2
P1, tp=2, ts=2, x0=922192765, x1=714335726
P0, tp=2, ts=2
P1, tp=2, ts=2, x0=322282226, x1=341761146
P1, tp=2, ts=2, x0=922192765, x1=689934696
P3, tp=2, ts=2, x0=670734080, x1=923843939
P1, tp=2, ts=2, x0=664393022, x1=717187128
P1, tp=2, ts=2, x0=647786055, x1=713579292
P1, tp=2, ts=2, x0=485982654, x1=430070623
P0, tp=2, ts=2
P2, tp=2, ts=2, x0=723499295, x1=840851095
P3, tp=2, ts=2, x0=26860460, x1=802939665
P0, tp=2, ts=2
P2, tp=2, ts=2, x0=657525344, x1=714335726
P0, tp=2, ts=2
P1, tp=2, ts=2, x0=160723572, x1=405424725
P3, tp=2, ts=2, x0=857202047, x1=313561148
P0, tp=2, ts=2
P1, tp=2, ts=2, x0=507430388, x1=840851095
P1, tp=2, ts=2, x0=861545272, x1=317058386
P3, tp=2, ts=2, x0=802939665, x1=953424700
P3, tp=2, ts=2, x0=857202047, x1=276056805
P3, tp=2, ts=2, x0=522398784, x1=26860460
P3, tp=2, ts=2, x0=289375385, x1=26860460
P3, tp=2, ts=2, x0=713579292, x1=765715713
P2, tp=2, ts=2, x0=26860460, x1=713579292
P2, tp=2, ts=2, x0=905418107, x1=982149770
P0, tp=2, ts=2
P3, tp=2, ts=2, x0=358881560, x1=179478885
P3, tp=2, ts=2, x0=328744481, x1=347227054
P3, tp=2, ts=2, x0=670734080, x1=723499295
P3, tp=2, ts=2, x0=97101423, x1=830685839
P1, tp=2, ts=2, x0=696837071, x1=713579292
P3, tp=2, ts=2, x0=922192765, x1=830685839
P1, tp=2, ts=2, x0=409864920, x1=714335726
P1, tp=2, ts=2, x0=981708921, x1=427917125
P3, tp=2, ts=2, x0=354257193, x1=641742806
P2, tp=2, ts=2, x0=353081573, x1=880523698
P0, tp=2, ts=2
P3, tp=2, ts=2, x0=713579292, x1=179577391
P3, tp=2, ts=2, x0=802939665, x1=855879721
P3, tp=2, ts=2, x0=199164441, x1=774869215
P2, tp=2, ts=2, x0=628101130, x1=507430388
P2, tp=2, ts=2, x0=406345966, x1=231154087
P2, tp=2, ts=2, x0=328744481, x1=132232845
P1, tp=2, ts=2, x0=794071699, x1=7269934
P3, tp=2, ts=2, x0=297443443, x1=714335726
P2, tp=2, ts=2, x0=714335726, x1=862126338
P0, tp=2, ts=2
P2, tp=2, ts=2, x0=297443443, x1=670734080
P2, tp=2, ts=2, x0=958857716, x1=317058386
P0, tp=2, ts=2
P0, tp=2, ts=2
P3, tp=2, ts=2, x0=689934696, x1=912261263
P2, tp=2, ts=2, x0=304455931, x1=714335726
P1, tp=2, ts=2, x0=919048829, x1=958857716
P0, tp=2, ts=2
P3, tp=2, ts=2, x0=664393022, x1=358881560
P0, tp=2, ts=2
P2, tp=2, ts=2, x0=691535736, x1=143147677
P1, tp=2, ts=2, x0=169709190, x1=156465141
P1, tp=2, ts=2, x0=358881560, x1=507430388
P3, tp=2, ts=2, x0=670734080, x1=826658154
P0, tp=2, ts=2
P1, tp=2, ts=2, x0=191353083, x1=895050005
P3, tp=2, ts=2, x0=179478885, x1=896337574
P0, tp=2, ts=2
P1, tp=2, ts=2, x0=292911051, x1=203816316
P3, tp=2, ts=2, x0=405424725, x1=936031920
P2, tp=2, ts=2, x0=317058386, x1=175245603
P0, tp=2, ts=2
P0, tp=2, ts=2
P2, tp=2, ts=2, x0=132232845, x1=923843939
P0, tp=2, ts=2
P1, tp=2, ts=2, x0=341761146, x1=896337574
P3, tp=2, ts=2, x0=691535736, x1=313561148
P1, tp=2, ts=2, x0=160723572, x1=698916596
P2, tp=2, ts=2, x0=829467575, x1=802939665
P0, tp=2, ts=2
P0, tp=2, ts=2
P0, tp=2, ts=2
P2, tp=2, ts=2, x0=990717429, x1=680257802
P0, tp=2, ts=2
P2, tp=2, ts=2, x0=292911051, x1=59921851
P0, tp=2, ts=2
P2, tp=2, ts=2, x0=322282226, x1=895050005
P0, tp=2, ts=2
P2, tp=2, ts=2, x0=680257802, x1=179577391
P2, tp=2, ts=2, x0=953424700, x1=175245603
P0, tp=2, ts=2
P0, tp=2, ts=2
P2, tp=2, ts=2, x0=713711806, x1=636201402
P0, tp=2, ts=2
P1, tp=2, ts=2, x0=402361894, x1=313561148
P2, tp=2, ts=2, x0=347227054, x1=666069912
P0, tp=2, ts=2
P2, tp=2, ts=2, x0=690945555, x1=781549095
P3, tp=2, ts=2, x0=666069912, x1=923843939
P2, tp=2, ts=2, x0=973098385, x1=636201402
P1, tp=2, ts=2, x0=713579292, x1=929621501
P1, tp=2, ts=2, x0=628101130, x1=936031920
P2, tp=2, ts=2, x0=958857716, x1=160723572
P3, tp=2, ts=2, x0=5943, x1=55627669
P1, tp=2, ts=2, x0=191353083, x1=397220999
P1, tp=2, ts=2, x0=781549095, x1=918223692
P3, tp=2, ts=2, x0=179577391, x1=689934696
P2, tp=2, ts=2, x0=641742806, x1=714335726
P2, tp=2, ts=2, x0=59921851, x1=347227054
P2, tp=2, ts=2, x0=862126338, x1=179577391
P0, tp=2, ts=2
P2, tp=2, ts=2, x0=7269934, x1=317058386
P1, tp=2, ts=2, x0=191353083, x1=7269934
P0, tp=2, ts=2
P1, tp=2, ts=2, x0=409864920, x1=199164441
P2, tp=2, ts=2, x0=231154087, x1=830685839
P2, tp=2, ts=2, x0=354257193, x1=406345966
P2, tp=2, ts=2, x0=511753063, x1=696837071
P0, tp=2, ts=2
P0, tp=2, ts=2
P0, tp=2, ts=2
P2, tp=2, ts=2, x0=922192765, x1=322282226
P0, tp=2, ts=2
P2, tp=2, ts=2, x0=317058386, x1=990717429
P3, tp=2, ts=2, x0=292911051, x1=375245637
P0, tp=2, ts=2
P3, tp=2, ts=2, x0=688669994, x1=857202047
P1, tp=2, ts=2, x0=641742806, x1=8152389
P3, tp=2, ts=2, x0=81025596, x1=923843939
P0, tp=2, ts=2
P0, tp=2, ts=2
P0, tp=2, ts=2
P1, tp=2, ts=2, x0=862126338, x1=688669994
P1, tp=2, ts=2, x0=179577391, x1=81025596
P3, tp=2, ts=2, x0=786026892, x1=826658154
P3, tp=2, ts=2, x0=802939665, x1=25847941
P3, tp=2, ts=2, x0=169709190, x1=779278546
P2, tp=2, ts=2, x0=636201402, x1=857202047
P3, tp=2, ts=2, x0=507430388, x1=402361894
P1, tp=2, ts=2, x0=26364352, x1=664393022
P1, tp=2, ts=2, x0=768676076, x1=923843939
P1, tp=2, ts=2, x0=786026892, x1=160723572
P2, tp=2, ts=2, x0=199164441, x1=760355294
P3, tp=2, ts=2, x0=328744481, x1=26860460
P1, tp=2, ts=2, x0=918223692, x1=592178228
P2, tp=2, ts=2, x0=199164441, x1=522398784
P2, tp=2, ts=2, x0=160723572, x1=781549095
P2, tp=2, ts=2, x0=507430388, x1=670734080
P3, tp=2, ts=2, x0=406345966, x1=107742758
P2, tp=2, ts=2, x0=405424725, x1=912261263
P1, tp=2, ts=2, x0=292911051, x1=427917125
P1, tp=2, ts=2, x0=880523698, x1=458749650
P2, tp=2, ts=2, x0=292911051, x1=59921851
P3, tp=2, ts=2, x0=973098385, x1=689934696
P3, tp=2, ts=2, x0=107742758, x1=405424725
P1, tp=2, ts=2, x0=55627669, x1=292911051
P0, tp=2, ts=2
P3, tp=2, ts=2, x0=313561148, x1=328744481
P1, tp=2, ts=2, x0=923843939, x1=855879721
P3, tp=2, ts=2, x0=698916596, x1=179478885
P1, tp=2, ts=2, x0=5943, x1=118511531
P0, tp=2, ts=2
P1, tp=2, ts=2, x0=713579292, x1=802939665
P3, tp=2, ts=2, x0=830685839, x1=768676076
P2, tp=2, ts=2, x0=143147677, x1=55627669
P0, tp=2, ts=2
P1, tp=2, ts=2, x0=592178228, x1=802939665
P3, tp=2, ts=2, x0=156465141, x1=375245637
P3, tp=2, ts=2, x0=406345966, x1=8152389
P1, tp=2, ts=2, x0=826658154, x1=765715713
P1, tp=2, ts=2, x0=442273573, x1=898932244
P2, tp=2, ts=2, x0=592178228, x1=760355294
P2, tp=2, ts=2, x0=405424725, x1=802939665
P0, tp=2, ts=2
P0, tp=2, ts=2
P1, tp=2, ts=2, x0=528002546, x1=689934696
P2, tp=2, ts=2, x0=169709190, x1=322941355
P1, tp=2, ts=2, x0=26364352, x1=203816316
P2, tp=2, ts=2, x0=397220999, x1=794071699
P2, tp=2, ts=2, x0=97101423, x1=848061216
P0, tp=2, ts=2
P2, tp=2, ts=2, x0=981708921, x1=5943
P2, tp=2, ts=2, x0=918223692, x1=680257802
P3, tp=2, ts=2, x0=830685839, x1=119165411
P2, tp=2, ts=2, x0=690945555, x1=427917125
P3, tp=2, ts=2, x0=592178228, x1=274366280
P1, tp=2, ts=2, x0=691535736, x1=507430388
P0, tp=2, ts=2
P3, tp=2, ts=2, x0=427917125, x1=156465141
P2, tp=2, ts=2, x0=322941355, x1=919048829
P2, tp=2, ts=2, x0=688669994, x1=698916596
P0, tp=2, ts=2
P3, tp=2, ts=2, x0=354257193, x1=744376998
P1, tp=2, ts=2, x0=779278546, x1=857202047
P1, tp=2, ts=2, x0=861618486, x1=691535736
P1, tp=2, ts=2, x0=880523698, x1=861618486
P1, tp=2, ts=2, x0=341761146, x1=410054227
P0, tp=2, ts=2
P3, tp=2, ts=2, x0=284883598, x1=670734080
P3, tp=2, ts=2, x0=688669994, x1=322282226
P2, tp=2, ts=2, x0=284883598, x1=918223692
P2, tp=2, ts=2, x0=288423839, x1=898932244
P0, tp=2, ts=2
P2, tp=2, ts=2, x0=442273573, x1=366114030
P0, tp=2, ts=2
P1, tp=2, ts=2, x0=297443443, x1=982149770
P1, tp=2, ts=2, x0=118511531, x1=744376998
P2, tp=2, ts=2, x0=406345966, x1=284883598
P0, tp=2, ts=2
P1, tp=2, ts=2, x0=713711806, x1=405424725
P3, tp=2, ts=2, x0=794071699, x1=179577391
P1, tp=2, ts=2, x0=26860460, x1=698916596
P2, tp=2, ts=2, x0=25847941, x1=169709190
P3, tp=2, ts=2, x0=880523698, x1=830685839
P1, tp=2, ts=2, x0=855879721, x1=317058386
P2, tp=2, ts=2, x0=953424700, x1=25847941
P0, tp=2, ts=2
P1, tp=2, ts=2, x0=689934696, x1=289375385
P2, tp=2, ts=2, x0=880523698, x1=528002546
P2, tp=2, ts=2, x0=918223692, x1=399274317
P1, tp=2, ts=2, x0=522398784, x1=918223692
P1, tp=2, ts=2, x0=409864920, x1=297443443
P2, tp=2, ts=2, x0=765715713, x1=203816316
P0, tp=2, ts=2
P3, tp=2, ts=2, x0=397220999, x1=786026892
P3, tp=2, ts=2, x0=714335726, x1=26364352
P3, tp=2, ts=2, x0=143147677, x1=156465141
P2, tp=2, ts=2, x0=458749650, x1=26364352
P1, tp=2, ts=2, x0=690945555, x1=511753063
P2, tp=2, ts=2, x0=840851095, x1=297443443
P2, tp=2, ts=2, x0=507430388, x1=160723572
P1, tp=2, ts=2, x0=288423839, x1=290015491
P1, tp=2, ts=2, x0=341761146, x1=958857716
P3, tp=2, ts=2, x0=768676076, x1=169709190
P3, tp=2, ts=2, x0=199164441, x1=839319789
P0, tp=2, ts=2
P3, tp=2, ts=2, x0=670734080, x1=647786055
P1, tp=2, ts=2, x0=880523698, x1=399274317
P0, tp=2, ts=2
P0, tp=2, ts=2
P1, tp=2, ts=2, x0=402361894, x1=670734080
P3, tp=2, ts=2, x0=839319789, x1=713711806
P3, tp=2, ts=2, x0=474466037, x1=918223692
P2, tp=2, ts=2, x0=680257802, x1=169709190
P1, tp=2, ts=2, x0=397220999, x1=713711806
P2, tp=2, ts=2, x0=499671516, x1=628101130
P2, tp=2, ts=2, x0=744376998, x1=288423839
P1, tp=2, ts=2, x0=922192765, x1=511753063
P2, tp=2, ts=2, x0=522398784, x1=328744481
P0, tp=2, ts=2
P0, tp=2, ts=2
P3, tp=2, ts=2, x0=297443443, x1=328744481
P2, tp=2, ts=2, x0=406345966, x1=474466037
P1, tp=2, ts=2, x0=366114030, x1=670734080
P0, tp=2, ts=2
P1, tp=2, ts=2, x0=528002546, x1=822219488
P2, tp=2, ts=2, x0=322941355, x1=768676076
P0, tp=2, ts=2
P0, tp=2, ts=2
P0, tp=2, ts=2
P0, tp=2, ts=2
P0, tp=2, ts=2
P1, tp=2, ts=2, x0=744376998, x1=647786055
P3, tp=2, ts=2, x0=322941355, x1=829467575
P2, tp=2, ts=2, x0=834924130, x1=203816316
P1, tp=2, ts=2, x0=402361894, x1=354257193
P2, tp=2, ts=2, x0=348603372, x1=26860460
P2, tp=2, ts=2, x0=297443443, x1=919048829
P3, tp=2, ts=2, x0=442273573, x1=919048829
P3, tp=2, ts=2, x0=322941355, x1=59921851
P3, tp=2, ts=2, x0=399274317, x1=402361894
P0, tp=2, ts=2
P1, tp=2, ts=2, x0=958857716, x1=664393022
P3, tp=2, ts=2, x0=714335726, x1=458749650
P0, tp=2, ts=2
P1, tp=2, ts=2, x0=458749650, x1=822219488
P3, tp=2, ts=2, x0=688669994, x1=203816316
P1, tp=2, ts=2, x0=399274317, x1=794071699
P0, tp=2, ts=2
P3, tp=2, ts=2, x0=929621501, x1=81025596
P2, tp=2, ts=2, x0=107742758, x1=839319789
P2, tp=2, ts=2, x0=664393022, x1=439967705
P2, tp=2, ts=2, x0=119165411, x1=680257802
P0, tp=2, ts=2
P0, tp=2, ts=2
P2, tp=2, ts=2, x0=958857716, x1=834924130
P3, tp=2, ts=2, x0=714335726, x1=288423839
P1, tp=2, ts=2, x0=348603372, x1=354257193
P0, tp=2, ts=2
P3, tp=2, ts=2, x0=922192765, x1=169902816
P3, tp=2, ts=2, x0=210178946, x1=5943
P1, tp=2, ts=2, x0=26364352, x1=714335726
P1, tp=2, ts=2, x0=953424700, x1=511753063
P1, tp=2, ts=2, x0=322282226, x1=840851095
P2, tp=2, ts=2, x0=288423839, x1=855879721
P2, tp=2, ts=2, x0=794071699, x1=741366095
P1, tp=2, ts=2, x0=953424700, x1=834924130
P1, tp=2, ts=2, x0=409864920, x1=905418107
P0, tp=2, ts=2
P3, tp=2, ts=2, x0=528002546, x1=690945555
P3, tp=2, ts=2, x0=690945555, x1=802939665
P3, tp=2, ts=2, x0=288423839, x1=25847941
P3, tp=2, ts=2, x0=794071699, x1=826658154
P3, tp=2, ts=2, x0=5943, x1=8152389
P3, tp=2, ts=2, x0=511753063, x1=768676076
P0, tp=2, ts=2
P3, tp=2, ts=2, x0=516597723, x1=76560929
P2, tp=2, ts=2, x0=982149770, x1=328744481
P0, tp=2, ts=2
P1, tp=2, ts=2, x0=284883598, x1=912261263
P0, tp=2, ts=2
P1, tp=2, ts=2, x0=499267842, x1=604560841
P1, tp=2, ts=2, x0=406345966, x1=25847941
P2, tp=2, ts=2, x0=670734080, x1=507430388
P3, tp=2, ts=2, x0=898932244, x1=406345966
P1, tp=2, ts=2, x0=26364352, x1=848061216
P1, tp=2, ts=2, x0=861545272, x1=55627669
P2, tp=2, ts=2, x0=839319789, x1=741366095
P2, tp=2, ts=2, x0=698916596, x1=8152389
P1, tp=2, ts=2, x0=506382430, x1=313561148
P3, tp=2, ts=2, x0=59921851, x1=389551132
P2, tp=2, ts=2, x0=658923165, x1=658923165
P0, tp=2, ts=2
P3, tp=2, ts=2, x0=848061216, x1=705656553
P2, tp=2, ts=2, x0=107742758, x1=221601032
P2, tp=2, ts=2, x0=410054227, x1=680257802
P0, tp=2, ts=2
P0, tp=2, ts=2
P1, tp=2, ts=2, x0=861545272, x1=221601032
P1, tp=2, ts=2, x0=698916596, x1=430070623
P2, tp=2, ts=2, x0=628101130, x1=680257802
P0, tp=2, ts=2
P2, tp=2, ts=2, x0=357247781, x1=922192765
P0, tp=2, ts=2
P2, tp=2, ts=2, x0=705656553, x1=511753063
P2, tp=2, ts=2, x0=179478885, x1=953424700
P2, tp=2, ts=2, x0=474466037, x1=81025596
P0, tp=2, ts=2
P0, tp=2, ts=2
P1, tp=2, ts=2, x0=107742758, x1=511753063
P3, tp=2, ts=2, x0=680257802, x1=936031920
P2, tp=2, ts=2, x0=834924130, x1=184427475
P1, tp=2, ts=2, x0=160723572, x1=861618486
P3, tp=2, ts=2, x0=658923165, x1=836770281
P0, tp=2, ts=2
P2, tp=2, ts=2, x0=197438191, x1=664393022
P2, tp=2, ts=2, x0=439967705, x1=76560929
P1, tp=2, ts=2, x0=399274317, x1=354257193
P2, tp=2, ts=2, x0=658923165, x1=714335726
P0, tp=2, ts=2
P3, tp=2, ts=2, x0=107742758, x1=806354147
P0, tp=2, ts=2
P1, tp=2, ts=2, x0=442273573, x1=289375385
P3, tp=2, ts=2, x0=184427475, x1=406345966
P2, tp=2, ts=2, x0=328744481, x1=242747925
P3, tp=2, ts=2, x0=210178946, x1=857202047
P2, tp=2, ts=2, x0=221601032, x1=499267842
P2, tp=2, ts=2, x0=592178228, x1=81025596
P2, tp=2, ts=2, x0=826658154, x1=698916596
P2, tp=2, ts=2, x0=25847941, x1=994114840
P2, tp=2, ts=2, x0=288423839, x1=341761146
P2, tp=2, ts=2, x0=175504189, x1=836770281
P1, tp=2, ts=2, x0=744376998, x1=768676076
P2, tp=2, ts=2, x0=297471559, x1=289375385
P2, tp=3, ts=3, x0=348603372, x1=599149631
P3, tp=3, ts=3, x0=958857716, x1=175245603
P1, tp=3, ts=3, x0=119165411, x1=822219488
P1, tp=3, ts=3, x0=474466037, x1=898932244
P2, tp=3, ts=3, x0=474466037, x1=442273573
P1, tp=3, ts=3, x0=406345966, x1=682904797
P0, tp=3, ts=3
P2, tp=3, ts=3, x0=397220999, x1=284883598
P2, tp=3, ts=3, x0=242747925, x1=119165411
P1, tp=3, ts=3, x0=936031920, x1=826658154
P1, tp=3, ts=3, x0=786026892, x1=169709190
P0, tp=3, ts=3
P2, tp=3, ts=3, x0=836770281, x1=953424700
P2, tp=3, ts=3, x0=768676076, x1=143147677
P2, tp=3, ts=3, x0=354257193, x1=328744481
P2, tp=3, ts=3, x0=953424700, x1=289375385
P3, tp=3, ts=3, x0=861545272, x1=499267842
P3, tp=3, ts=3, x0=511753063, x1=698916596
P1, tp=3, ts=3, x0=861545272, x1=283691082
P3, tp=3, ts=3, x0=197438191, x1=698420683
P1, tp=3, ts=3, x0=288423839, x1=169709190
P1, tp=3, ts=3, x0=26860460, x1=953424700
P2, tp=3, ts=3, x0=982149770, x1=410054227
P0, tp=3, ts=3
P1, tp=3, ts=3, x0=210178946, x1=499671516
P0, tp=3, ts=3
P2, tp=3, ts=3, x0=918223692, x1=604560841
P0, tp=3, ts=3
P3, tp=3, ts=3, x0=283691082, x1=389551132
P3, tp=3, ts=3, x0=442273573, x1=839319789
P3, tp=3, ts=3, x0=499671516, x1=402361894
P1, tp=3, ts=3, x0=861545272, x1=8152389
P0, tp=3, ts=3
P2, tp=3, ts=3, x0=328744481, x1=179478885
P2, tp=3, ts=3, x0=905418107, x1=628101130
P2, tp=3, ts=3, x0=197438191, x1=175245603
P1, tp=3, ts=3, x0=357247781, x1=179478885
P2, tp=3, ts=3, x0=289375385, x1=599149631
P3, tp=3, ts=3, x0=958857716, x1=982149770
P3, tp=3, ts=3, x0=698420683, x1=183324264
P2, tp=3, ts=3, x0=402361894, x1=698420683
P0, tp=3, ts=3
P2, tp=3, ts=3, x0=410054227, x1=8152389
P0, tp=3, ts=3
P2, tp=3, ts=3, x0=169709190, x1=357247781
P0, tp=3, ts=3
P0, tp=3, ts=3
P2, tp=3, ts=3, x0=354257193, x1=76560929
P3, tp=3, ts=3, x0=26860460, x1=918223692
P1, tp=3, ts=3, x0=499267842, x1=292911051
P2, tp=3, ts=3, x0=107742758, x1=848061216
P2, tp=3, ts=3, x0=953424700, x1=918223692
P3, tp=3, ts=3, x0=834924130, x1=297471559
P2, tp=3, ts=3, x0=982149770, x1=994114840
P2, tp=3, ts=3, x0=698420683, x1=570285474
P3, tp=3, ts=3, x0=953424700, x1=741366095
P3, tp=3, ts=3, x0=297443443, x1=289375385
P0, tp=3, ts=3
P0, tp=3, ts=3
P2, tp=3, ts=3, x0=499267842, x1=511753063
P0, tp=3, ts=3
P2, tp=3, ts=3, x0=439967705, x1=169709190
P2, tp=3, ts=3, x0=516597723, x1=705656553
P0, tp=3, ts=3
P3, tp=3, ts=3, x0=786026892, x1=714335726
P2, tp=3, ts=3, x0=848061216, x1=834924130
P2, tp=3, ts=3, x0=348603372, x1=183324264
P2, tp=3, ts=3, x0=76560929, x1=354257193
P2, tp=3, ts=3, x0=898932244, x1=81025596
P1, tp=3, ts=3, x0=682904797, x1=442273573
P0, tp=3, ts=3
P2, tp=3, ts=3, x0=143147677, x1=406345966
P2, tp=3, ts=3, x0=59921851, x1=354257193
P0, tp=3, ts=3
P1, tp=3, ts=3, x0=994114840, x1=402361894
P1, tp=3, ts=3, x0=713579292, x1=918223692
P0, tp=3, ts=3
P2, tp=3, ts=3, x0=274366280, x1=698420683
P1, tp=3, ts=3, x0=936031920, x1=786026892
P3, tp=3, ts=3, x0=354257193, x1=713711806
P0, tp=3, ts=3
P0, tp=3, ts=3
P3, tp=3, ts=3, x0=698916596, x1=81025596
P3, tp=3, ts=3, x0=313561148, x1=410054227
P1, tp=3, ts=3, x0=322282226, x1=855879721
P2, tp=3, ts=3, x0=357247781, x1=831624436
P1, tp=3, ts=3, x0=664393022, x1=8152389
P2, tp=3, ts=3, x0=707085939, x1=698916596
P2, tp=3, ts=3, x0=741366095, x1=713711806
P1, tp=3, ts=3, x0=599149631, x1=253158667
P1, tp=3, ts=3, x0=664393022, x1=81025596
P1, tp=3, ts=3, x0=357247781, x1=768676076
P3, tp=3, ts=3, x0=210178946, x1=417730769
P0, tp=3, ts=3
P1, tp=3, ts=3, x0=322282226, x1=143147677
P1, tp=3, ts=3, x0=348603372, x1=506382430
P0, tp=3, ts=3
P2, tp=3, ts=3, x0=918223692, x1=284883598
P3, tp=3, ts=3, x0=898932244, x1=885480212
P1, tp=3, ts=3, x0=912261263, x1=929621501
P2, tp=3, ts=3, x0=284883598, x1=912261263
P2, tp=3, ts=3, x0=389551132, x1=143147677
P2, tp=3, ts=3, x0=297471559, x1=836770281
P3, tp=3, ts=3, x0=107742758, x1=439967705
P0, tp=3, ts=3
P2, tp=3, ts=3, x0=474466037, x1=458749650
P0, tp=3, ts=3
P3, tp=3, ts=3, x0=898932244, x1=169902816
P1, tp=3, ts=3, x0=169902816, x1=290015491
P3, tp=3, ts=3, x0=283691082, x1=511753063
P2, tp=3, ts=3, x0=59921851, x1=786026892
P0, tp=3, ts=3
P1, tp=3, ts=3, x0=8152389, x1=936031920
P3, tp=3, ts=3, x0=664393022, x1=107742758
P1, tp=3, ts=3, x0=389551132, x1=507430388
P3, tp=3, ts=3, x0=8152389, x1=831624436
P1, tp=3, ts=3, x0=658923165, x1=628101130
P3, tp=3, ts=3, x0=698916596, x1=59921851
P2, tp=3, ts=3, x0=297443443, x1=499671516
P3, tp=3, ts=3, x0=670734080, x1=119165411
P0, tp=3, ts=3
P3, tp=3, ts=3, x0=399274317, x1=346097253
P2, tp=3, ts=3, x0=76560929, x1=397220999
P3, tp=3, ts=3, x0=929621501, x1=848061216
P1, tp=3, ts=3, x0=506382430, x1=499671516
P3, tp=3, ts=3, x0=439967705, x1=741366095
P3, tp=3, ts=3, x0=341761146, x1=599149631
P0, tp=3, ts=3
P1, tp=3, ts=3, x0=8152389, x1=576429670
P2, tp=3, ts=3, x0=179478885, x1=417730769
P3, tp=3, ts=3, x0=458749650, x1=288423839
P1, tp=3, ts=3, x0=26860460, x1=982149770
P0, tp=3, ts=3
P1, tp=3, ts=3, x0=576429670, x1=175504189
P2, tp=3, ts=3, x0=76560929, x1=143147677
P3, tp=3, ts=3, x0=917552990, x1=713579292
P0, tp=3, ts=3
P0, tp=3, ts=3
P0, tp=3, ts=3
P1, tp=3, ts=3, x0=768676076, x1=322282226
P1, tp=3, ts=3, x0=848061216, x1=857202047
P1, tp=3, ts=3, x0=658923165, x1=474466037
P3, tp=3, ts=3, x0=929621501, x1=322282226
P2, tp=3, ts=3, x0=499267842, x1=628101130
P0, tp=3, ts=3
P1, tp=3, ts=3, x0=705656553, x1=184427475
P1, tp=3, ts=3, x0=458749650, x1=507430388
P3, tp=3, ts=3, x0=839319789, x1=499267842
P2, tp=3, ts=3, x0=707085939, x1=953424700
P1, tp=3, ts=3, x0=576429670, x1=76560929
P0, tp=3, ts=3
P2, tp=3, ts=3, x0=765715713, x1=918223692
P0, tp=3, ts=3
P1, tp=3, ts=3, x0=936031920, x1=8152389
P1, tp=3, ts=3, x0=399274317, x1=499671516
P0, tp=3, ts=3
P0, tp=3, ts=3
P3, tp=3, ts=3, x0=76560929, x1=641742806
P2, tp=3, ts=3, x0=76560929, x1=576429670
P3, tp=3, ts=3, x0=982149770, x1=439967705
P2, tp=3, ts=3, x0=297443443, x1=628101130
P2, tp=3, ts=3, x0=301121505, x1=929621501
P0, tp=3, ts=3
P3, tp=3, ts=3, x0=241608244, x1=994114840
P0, tp=3, ts=3
P1, tp=3, ts=3, x0=221601032, x1=439967705
P1, tp=3, ts=3, x0=241608244, x1=389551132
P3, tp=3, ts=3, x0=958857716, x1=576429670
P2, tp=3, ts=3, x0=290015491, x1=922192765
P1, tp=3, ts=3, x0=499267842, x1=834924130
P2, tp=3, ts=3, x0=713579292, x1=516597723
P2, tp=3, ts=3, x0=691535736, x1=59921851
P2, tp=3, ts=3, x0=885480212, x1=741366095
P2, tp=3, ts=3, x0=836770281, x1=442273573
P3, tp=3, ts=3, x0=905418107, x1=635805104
P3, tp=3, ts=3, x0=25847941, x1=290015491
P3, tp=3, ts=3, x0=143147677, x1=317058386
P3, tp=3, ts=3, x0=839319789, x1=691535736
P0, tp=3, ts=3
P3, tp=3, ts=3, x0=506382430, x1=598436321
P0, tp=3, ts=3
P1, tp=3, ts=3, x0=691535736, x1=175504189
P3, tp=3, ts=3, x0=499671516, x1=737714769
P1, tp=3, ts=3, x0=313561148, x1=301121505
P1, tp=3, ts=3, x0=184427475, x1=765715713
P1, tp=3, ts=3, x0=183324264, x1=253158667
P0, tp=3, ts=3
P1, tp=3, ts=3, x0=635805104, x1=241608244
P2, tp=3, ts=3, x0=516597723, x1=834924130
P1, tp=3, ts=3, x0=516597723, x1=329512743
P1, tp=3, ts=3, x0=783659908, x1=628101130
P1, tp=3, ts=3, x0=994114840, x1=341761146
P1, tp=3, ts=3, x0=474466037, x1=806354147
P0, tp=3, ts=3
P3, tp=3, ts=3, x0=283691082, x1=604178919
P1, tp=3, ts=3, x0=885480212, x1=10882792
P3, tp=3, ts=3, x0=917552990, x1=794071699
P0, tp=3, ts=3
P2, tp=3, ts=3, x0=826658154, x1=389551132
P2, tp=3, ts=3, x0=402361894, x1=346097253
P2, tp=3, ts=3, x0=126482799, x1=107742758
P2, tp=3, ts=3, x0=119165411, x1=885480212
P3, tp=3, ts=3, x0=698420683, x1=357247781
P3, tp=3, ts=3, x0=834924130, x1=322282226
P1, tp=3, ts=3, x0=289375385, x1=917552990
P2, tp=3, ts=3, x0=25847941, x1=857202047
P1, tp=3, ts=3, x0=822219488, x1=670734080
P0, tp=3, ts=3
P2, tp=3, ts=3, x0=783659908, x1=705656553
P0, tp=3, ts=3
P1, tp=3, ts=3, x0=806354147, x1=25847941
P0, tp=3, ts=3
P2, tp=3, ts=3, x0=328744481, x1=59921851
P1, tp=3, ts=3, x0=507430388, x1=982149770
P1, tp=3, ts=3, x0=953424700, x1=794071699
P1, tp=3, ts=3, x0=417730769, x1=329512743
P0, tp=3, ts=3
P2, tp=3, ts=3, x0=274366280, x1=439967705
P0, tp=3, ts=3
P0, tp=3, ts=3
P0, tp=3, ts=3
P1, tp=3, ts=3, x0=641742806, x1=958857716
P2, tp=3, ts=3, x0=848697260, x1=667668821
P3, tp=3, ts=3, x0=848061216, x1=346097253
P1, tp=3, ts=3, x0=241608244, x1=527902242
P3, tp=3, ts=3, x0=439967705, x1=918223692
P3, tp=3, ts=3, x0=399274317, x1=641742806
P1, tp=3, ts=3, x0=341761146, x1=183324264
P1, tp=3, ts=3, x0=826658154, x1=341761146
P0, tp=3, ts=3
P2, tp=3, ts=3, x0=929621501, x1=25847941
P2, tp=3, ts=3, x0=183324264, x1=929621501
P2, tp=3, ts=3, x0=119165411, x1=707085939
P1, tp=3, ts=3, x0=592178228, x1=599149631
P1, tp=3, ts=3, x0=958857716, x1=705656553
P2, tp=3, ts=3, x0=682904797, x1=765715713
P2, tp=3, ts=3, x0=826658154, x1=855879721
P0, tp=3, ts=3
P1, tp=3, ts=3, x0=221601032, x1=221601032
P2, tp=3, ts=3, x0=474466037, x1=794071699
P1, tp=3, ts=3, x0=857202047, x1=198565719
P3, tp=3, ts=3, x0=516597723, x1=834924130
P2, tp=3, ts=3, x0=442273573, x1=831624436
P0, tp=3, ts=3
P0, tp=3, ts=3
P1, tp=3, ts=3, x0=918223692, x1=741366095
P0, tp=3, ts=3
P2, tp=3, ts=3, x0=635805104, x1=713579292
P0, tp=3, ts=3
P1, tp=3, ts=3, x0=917552990, x1=918223692
P1, tp=3, ts=3, x0=322282226, x1=25847941
P0, tp=3, ts=3
P2, tp=3, ts=3, x0=768676076, x1=242747925
P3, tp=3, ts=3, x0=857202047, x1=707085939
P2, tp=3, ts=3, x0=936031920, x1=507430388
P0, tp=3, ts=3
P0, tp=3, ts=3
P0, tp=3, ts=3
P2, tp=3, ts=3, x0=737714769, x1=939198952
P3, tp=3, ts=3, x0=442273573, x1=439967705
P1, tp=3, ts=3, x0=346097253, x1=183324264
P1, tp=3, ts=3, x0=197438191, x1=628453384
P2, tp=3, ts=3, x0=635805104, x1=242747925
P2, tp=3, ts=3, x0=314490622, x1=994114840
P1, tp=3, ts=3, x0=834924130, x1=346097253
P1, tp=3, ts=3, x0=824472041, x1=143147677
P1, tp=3, ts=3, x0=328744481, x1=153488987
P1, tp=3, ts=3, x0=184427475, x1=197438191
P2, tp=3, ts=3, x0=346097253, x1=183324264
P1, tp=3, ts=3, x0=183324264, x1=506382430
P0, tp=3, ts=3
P1, tp=3, ts=3, x0=499671516, x1=511753063
P2, tp=3, ts=3, x0=314490622, x1=826658154
P2, tp=3, ts=3, x0=834924130, x1=604560841
P2, tp=3, ts=3, x0=848061216, x1=175504189
P3, tp=3, ts=3, x0=183324264, x1=290015491
P3, tp=3, ts=3, x0=183324264, x1=455918886
P2, tp=3, ts=3, x0=839319789, x1=922192765
P2, tp=3, ts=3, x0=499267842, x1=848697260
P2, tp=3, ts=3, x0=175245603, x1=826658154
P2, tp=3, ts=3, x0=917552990, x1=885480212
P2, tp=3, ts=3, x0=281460280, x1=297471559
P3, tp=3, ts=3, x0=993926176, x1=119165411
P2, tp=3, ts=3, x0=455918886, x1=958857716
P2, tp=3, ts=3, x0=592178228, x1=281460280
P3, tp=3, ts=3, x0=455918886, x1=346097253
P1, tp=3, ts=3, x0=598436321, x1=455918886
P0, tp=3, ts=3
P1, tp=3, ts=3, x0=604178919, x1=76560929
P2, tp=3, ts=3, x0=153488987, x1=389551132
P2, tp=3, ts=3, x0=516597723, x1=599208056
P0, tp=3, ts=3
P0, tp=3, ts=3
P1, tp=3, ts=3, x0=499267842, x1=346097253
P1, tp=3, ts=3, x0=698420683, x1=417730769
P0, tp=3, ts=3
P3, tp=3, ts=3, x0=153488987, x1=314490622
P2, tp=3, ts=3, x0=242747925, x1=197438191
P0, tp=3, ts=3
P3, tp=3, ts=3, x0=824472041, x1=210178946
P0, tp=3, ts=3
P3, tp=3, ts=3, x0=281460280, x1=511753063
P0, tp=3, ts=3
P2, tp=3, ts=3, x0=822219488, x1=527902242
P3, tp=3, ts=3, x0=221601032, x1=691535736
P1, tp=3, ts=3, x0=175504189, x1=559644849
P3, tp=3, ts=3, x0=768676076, x1=831624436
P0, tp=3, ts=3
P2, tp=3, ts=3, x0=341761146, x1=641742806
P3, tp=3, ts=3, x0=284883598, x1=143147677
P0, tp=3, ts=3
P1, tp=3, ts=3, x0=786026892, x1=783659908
P0, tp=3, ts=3
P1, tp=3, ts=3, x0=329512743, x1=765715713
P0, tp=3, ts=3
P1, tp=3, ts=3, x0=929621501, x1=836770281
P1, tp=3, ts=3, x0=253158667, x1=691535736
P1, tp=3, ts=3, x0=417730769, x1=317058386
P1, tp=3, ts=3, x0=898932244, x1=592178228
P3, tp=3, ts=3, x0=698420683, x1=274366280
P2, tp=3, ts=3, x0=939198952, x1=982149770
P3, tp=3, ts=3, x0=939198952, x1=242747925
P0, tp=3, ts=3
P2, tp=3, ts=3, x0=848061216, x1=698420683
P3, tp=3, ts=3, x0=874019698, x1=366114030
P2, tp=3, ts=3, x0=317058386, x1=929621501
P3, tp=3, ts=3, x0=682904797, x1=399274317
P1, tp=3, ts=3, x0=885480212, x1=958857716
P1, tp=3, ts=3, x0=678780265, x1=25847941
P2, tp=3, ts=3, x0=301121505, x1=824472041
P2, tp=3, ts=3, x0=346097253, x1=592178228
P2, tp=3, ts=3, x0=439967705, x1=198565719
P3, tp=3, ts=3, x0=993926176, x1=253158667
P2, tp=3, ts=3, x0=875651017, x1=474466037
P0, tp=3, ts=3
P1, tp=3, ts=3, x0=805572368, x1=220895260
P0, tp=3, ts=3
P2, tp=3, ts=3, x0=499671516, x1=175245603
P3, tp=3, ts=3, x0=328744481, x1=671926560
P2, tp=3, ts=3, x0=604178919, x1=366114030
P2, tp=3, ts=3, x0=281460280, x1=682904797
P0, tp=3, ts=3
P3, tp=3, ts=3, x0=768676076, x1=824472041
P3, tp=3, ts=3, x0=848061216, x1=834924130
P1, tp=3, ts=3, x0=592178228, x1=119165411
P0, tp=3, ts=3
P0, tp=3, ts=3
P0, tp=3, ts=3
P0, tp=3, ts=3
P3, tp=3, ts=3, x0=667668821, x1=805572368
P2, tp=3, ts=3, x0=576429670, x1=786026892
P1, tp=3, ts=3, x0=805572368, x1=25847941
P1, tp=3, ts=3, x0=394765550, x1=828273723
P2, tp=3, ts=3, x0=592178228, x1=153488987
P0, tp=3, ts=3
P3, tp=3, ts=3, x0=958857716, x1=737714769
P2, tp=3, ts=3, x0=253158667, x1=898932244
P3, tp=3, ts=3, x0=885480212, x1=958857716
P0, tp=3, ts=3
P0, tp=3, ts=3
P0, tp=3, ts=3
P1, tp=3, ts=3, x0=506382430, x1=394765550
P2, tp=3, ts=3, x0=958857716, x1=824472041
P2, tp=3, ts=3, x0=604560841, x1=682904797
P1, tp=3, ts=3, x0=786026892, x1=758616499
P3, tp=3, ts=3, x0=366114030, x1=592178228
P3, tp=3, ts=3, x0=912261263, x1=806354147
P1, tp=3, ts=3, x0=475693241, x1=828273723
P1, tp=3, ts=3, x0=184427475, x1=671926560
P0, tp=3, ts=3
P3, tp=3, ts=3, x0=848697260, x1=301121505
P0, tp=3, ts=3
P3, tp=3, ts=3, x0=499671516, x1=87197547
P1, tp=3, ts=3, x0=635805104, x1=917552990
P0, tp=3, ts=3
P1, tp=3, ts=3, x0=210178946, x1=348603372
P3, tp=3, ts=3, x0=314490622, x1=175245603
P2, tp=3, ts=3, x0=527902242, x1=370650392
P3, tp=3, ts=3, x0=874019698, x1=658923165
P3, tp=3, ts=3, x0=378418207, x1=848061216
P0, tp=3, ts=3
P3, tp=3, ts=3, x0=696288128, x1=242747925
P1, tp=3, ts=3, x0=288423839, x1=994114840
P3, tp=3, ts=3, x0=87197547, x1=570285474
P1, tp=3, ts=3, x0=329512743, x1=698420683
P3, tp=3, ts=3, x0=378418207, x1=516597723
P0, tp=3, ts=3
P1, tp=3, ts=3, x0=604178919, x1=262628136
P3, tp=3, ts=3, x0=836770281, x1=917552990
P0, tp=3, ts=3
P3, tp=3, ts=3, x0=198565719, x1=175504189
P3, tp=3, ts=3, x0=126482799, x1=183324264
P0, tp=3, ts=3
P2, tp=3, ts=3, x0=186907107, x1=822219488
P2, tp=3, ts=3, x0=604178919, x1=175504189
P0, tp=3, ts=3
P2, tp=3, ts=3, x0=242747925, x1=635805104
P3, tp=3, ts=3, x0=783659908, x1=475693241
P2, tp=3, ts=3, x0=768676076, x1=570285474
P2, tp=3, ts=3, x0=511753063, x1=994573408
P3, tp=3, ts=3, x0=76560929, x1=262628136
P1, tp=3, ts=3, x0=394765550, x1=399274317
P2, tp=3, ts=3, x0=527902242, x1=909799951
P0, tp=3, ts=3
P3, tp=3, ts=3, x0=696288128, x1=831624436
P1, tp=3, ts=3, x0=326995960, x1=635805104
P3, tp=3, ts=3, x0=682904797, x1=370650392
P1, tp=3, ts=3, x0=274366280, x1=848697260
P3, tp=3, ts=3, x0=274366280, x1=458749650
P1, tp=3, ts=3, x0=875651017, x1=346097253
P0, tp=3, ts=3
P1, tp=3, ts=3, x0=281460280, x1=875651017
P3, tp=3, ts=3, x0=358764715, x1=836770281
P3, tp=3, ts=3, x0=324604825, x1=474466037
P0, tp=3, ts=3
P3, tp=3, ts=3, x0=828273723, x1=768676076
P0, tp=3, ts=3
P1, tp=3, ts=3, x0=576429670, x1=828273723
P0, tp=3, ts=3
P1, tp=3, ts=3, x0=939198952, x1=366114030
P2, tp=3, ts=3, x0=394765550, x1=871328432
P0, tp=3, ts=3
P3, tp=3, ts=3, x0=939198952, x1=848697260
P0, tp=3, ts=3
P2, tp=3, ts=3, x0=274366280, x1=284883598
P1, tp=3, ts=3, x0=475693241, x1=221601032
P0, tp=3, ts=3
P2, tp=3, ts=3, x0=439967705, x1=696288128
P1, tp=3, ts=3, x0=898932244, x1=828273723
P0, tp=3, ts=3
P2, tp=3, ts=3, x0=290015491, x1=366114030
P0, tp=3, ts=3
P2, tp=3, ts=3, x0=874019698, x1=76560929
P0, tp=3, ts=3
P1, tp=3, ts=3, x0=758616499, x1=604560841
P3, tp=3, ts=3, x0=592178228, x1=370650392
P2, tp=3, ts=3, x0=805572368, x1=421759463
P2, tp=3, ts=3, x0=198565719, x1=599149631
P1, tp=3, ts=3, x0=939198952, x1=324604825
P1, tp=3, ts=3, x0=576429670, x1=253158667
P2, tp=3, ts=3, x0=221601032, x1=288423839
P2, tp=3, ts=3, x0=326995960, x1=939198952
P2, tp=3, ts=3, x0=40874643, x1=281460280
P2, tp=3, ts=3, x0=806354147, x1=994573408
P3, tp=3, ts=3, x0=824472041, x1=399274317
P2, tp=3, ts=3, x0=40874643, x1=198565719
P2, tp=3, ts=3, x0=921713915, x1=805572368
P3, tp=3, ts=3, x0=737714769, x1=126482799
P2, tp=3, ts=3, x0=475693241, x1=417730769
P2, tp=3, ts=3, x0=848061216, x1=475693241
P0, tp=3, ts=3
P0, tp=3, ts=3
P3, tp=3, ts=3, x0=329512743, x1=833485735
P0, tp=3, ts=3
P2, tp=3, ts=3, x0=994573408, x1=831624436
P1, tp=3, ts=3, x0=262628136, x1=324604825
P0, tp=3, ts=3
P0, tp=3, ts=3
P2, tp=3, ts=3, x0=875651017, x1=290015491
P2, tp=3, ts=3, x0=76560929, x1=559644849
P2, tp=3, ts=3, x0=939198952, x1=994573408
P3, tp=3, ts=3, x0=40874643, x1=737714769
P1, tp=3, ts=3, x0=205233360, x1=184427475
P3, tp=3, ts=3, x0=871328432, x1=758616499
P2, tp=3, ts=3, x0=559644849, x1=696288128
P3, tp=3, ts=3, x0=667668821, x1=314490622
P3, tp=3, ts=3, x0=939198952, x1=599149631
P0, tp=3, ts=3
P2, tp=3, ts=3, x0=994573408, x1=499267842
P1, tp=3, ts=3, x0=184427475, x1=635805104
P0, tp=3, ts=3
P2, tp=3, ts=3, x0=559644849, x1=725140564
P2, tp=3, ts=3, x0=220895260, x1=559644849
P1, tp=3, ts=3, x0=357247781, x1=40874643
P3, tp=3, ts=3, x0=62949616, x1=357247781
P3, tp=3, ts=3, x0=836770281, x1=288423839
P2, tp=3, ts=3, x0=346097253, x1=576429670
P1, tp=3, ts=3, x0=394765550, x1=366114030
P2, tp=3, ts=3, x0=635805104, x1=824472041
P0, tp=3, ts=3
P3, tp=3, ts=3, x0=241608244, x1=783659908
P3, tp=3, ts=3, x0=885480212, x1=346097253
P2, tp=3, ts=3, x0=682904797, x1=220895260
P1, tp=3, ts=3, x0=400885143, x1=921713915
P2, tp=3, ts=3, x0=658923165, x1=417730769
P3, tp=3, ts=3, x0=741366095, x1=599208056
P2, tp=3, ts=3, x0=994114840, x1=559644849
P2, tp=3, ts=3, x0=290015491, x1=197438191
P3, tp=3, ts=3, x0=76560929, x1=570285474
P2, tp=3, ts=3, x0=725140564, x1=833485735
P0, tp=3, ts=3
P0, tp=3, ts=3
P1, tp=3, ts=3, x0=839319789, x1=301121505
P2, tp=3, ts=3, x0=242747925, x1=417730769
P1, tp=3, ts=3, x0=301121505, x1=87197547
P1, tp=3, ts=3, x0=329512743, x1=559644849
P1, tp=3, ts=3, x0=297471559, x1=474466037
P0, tp=3, ts=3
P3, tp=3, ts=3, x0=909799951, x1=917043297
P0, tp=3, ts=3
P0, tp=3, ts=3
P1, tp=3, ts=3, x0=783659908, x1=576429670
P3, tp=3, ts=3, x0=917552990, x1=326995960
P1, tp=3, ts=3, x0=262628136, x1=205233360
P1, tp=3, ts=3, x0=658923165, x1=635805104
P2, tp=3, ts=3, x0=939198952, x1=874019698
P2, tp=3, ts=3, x0=805572368, x1=875651017
P3, tp=3, ts=3, x0=370650392, x1=10882792
P0, tp=3, ts=3
P2, tp=3, ts=3, x0=917043297, x1=628453384
P1, tp=3, ts=3, x0=559644849, x1=604560841
P0, tp=3, ts=3
P0, tp=3, ts=3
P1, tp=3, ts=3, x0=527902242, x1=283691082
P3, tp=3, ts=3, x0=169902816, x1=186907107
P2, tp=3, ts=3, x0=394765550, x1=993926176
P1, tp=3, ts=3, x0=783659908, x1=822219488
P1, tp=3, ts=3, x0=833485735, x1=10882792
P0, tp=3, ts=3
P1, tp=3, ts=3, x0=358764715, x1=678780265
P0, tp=3, ts=3
P3, tp=3, ts=3, x0=828273723, x1=598436321
P3, tp=3, ts=3, x0=604560841, x1=366114030
P0, tp=3, ts=3
P0, tp=3, ts=3
P1, tp=3, ts=3, x0=839319789, x1=474466037
P1, tp=3, ts=3, x0=671926560, x1=474466037
P0, tp=3, ts=3
P0, tp=3, ts=3
P1, tp=3, ts=3, x0=599208056, x1=499671516
P1, tp=3, ts=3, x0=758616499, x1=210178946
P2, tp=3, ts=3, x0=326650546, x1=871328432
P2, tp=3, ts=3, x0=705656553, x1=126482799
P0, tp=3, ts=3
P0, tp=3, ts=3
P2, tp=3, ts=3, x0=705656553, x1=378418207
P2, tp=3, ts=3, x0=628453384, x1=667668821
P0, tp=3, ts=3
P2, tp=3, ts=3, x0=184427475, x1=917552990
P0, tp=3, ts=3
P3, tp=3, ts=3, x0=628453384, x1=439967705
P1, tp=3, ts=3, x0=126482799, x1=205053976
P1, tp=3, ts=3, x0=725140564, x1=824472041
P1, tp=3, ts=3, x0=242747925, x1=253158667
P0, tp=3, ts=3
P2, tp=3, ts=3, x0=197438191, x1=62949616
P0, tp=3, ts=3
P0, tp=3, ts=3
P3, tp=3, ts=3, x0=324604825, x1=186907107
P0, tp=3, ts=3
P0, tp=3, ts=3
P1, tp=3, ts=3, x0=400885143, x1=146525744
P1, tp=3, ts=3, x0=783659908, x1=839319789
P1, tp=3, ts=3, x0=439967705, x1=682904797
P3, tp=3, ts=3, x0=370650392, x1=824472041
P3, tp=3, ts=3, x0=358764715, x1=828273723
P3, tp=3, ts=3, x0=658923165, x1=834924130
P2, tp=3, ts=3, x0=848697260, x1=184427475
P1, tp=3, ts=3, x0=559644849, x1=421759463
P2, tp=3, ts=3, x0=421759463, x1=917043297
P0, tp=3, ts=3
P2, tp=3, ts=3, x0=357247781, x1=82076505
P2, tp=3, ts=3, x0=497761576, x1=921713915
P0, tp=3, ts=3
P0, tp=3, ts=3
P1, tp=3, ts=3, x0=242747925, x1=696288128
P1, tp=3, ts=3, x0=262628136, x1=635805104
P0, tp=3, ts=3
P2, tp=3, ts=3, x0=389551132, x1=439967705
P3, tp=3, ts=3, x0=783659908, x1=475693241
P3, tp=3, ts=3, x0=87197547, x1=758616499
P3, tp=3, ts=3, x0=314490622, x1=205053976
P0, tp=3, ts=3
P2, tp=3, ts=3, x0=824472041, x1=559644849
P2, tp=3, ts=3, x0=400885143, x1=909799951
P3, tp=3, ts=3, x0=346097253, x1=831624436
P3, tp=3, ts=3, x0=297471559, x1=678780265
P0, tp=3, ts=3
P3, tp=3, ts=3, x0=604178919, x1=737714769
P3, tp=3, ts=3, x0=833485735, x1=183324264
P1, tp=3, ts=3, x0=183324264, x1=499267842
P2, tp=3, ts=3, x0=184427475, x1=241608244
P1, tp=3, ts=3, x0=175504189, x1=874019698
P1, tp=3, ts=3, x0=994114840, x1=82076505
P0, tp=3, ts=3
P3, tp=3, ts=3, x0=262628136, x1=245304478
P3, tp=3, ts=3, x0=421759463, x1=169902816
P0, tp=3, ts=3
P1, tp=3, ts=3, x0=871328432, x1=297471559
P3, tp=3, ts=3, x0=210178946, x1=848697260
P2, tp=3, ts=3, x0=10882792, x1=301121505
P3, tp=3, ts=3, x0=678780265, x1=370650392
P0, tp=3, ts=3
P3, tp=3, ts=3, x0=439967705, x1=82076505
P1, tp=3, ts=3, x0=346097253, x1=696288128
P2, tp=3, ts=3, x0=635805104, x1=783659908
P1, tp=3, ts=3, x0=314490622, x1=806354147
P2, tp=3, ts=3, x0=678780265, x1=909799951
P0, tp=3, ts=3
P0, tp=3, ts=3
P1, tp=3, ts=3, x0=599149631, x1=885480212
P3, tp=3, ts=3, x0=698420683, x1=874019698
P2, tp=3, ts=3, x0=599208056, x1=499267842
P2, tp=3, ts=3, x0=544564365, x1=183324264
P1, tp=3, ts=3, x0=40874643, x1=205053976
P1, tp=3, ts=3, x0=544564365, x1=604178919
P0, tp=3, ts=3
P0, tp=3, ts=3
P2, tp=3, ts=3, x0=598436321, x1=831624436
P1, tp=3, ts=3, x0=836770281, x1=725140564
P3, tp=3, ts=3, x0=499267842, x1=205053976
P2, tp=3, ts=3, x0=834924130, x1=725140564
P1, tp=3, ts=3, x0=82076505, x1=197438191
P1, tp=3, ts=3, x0=183324264, x1=499267842
P3, tp=3, ts=3, x0=220895260, x1=499267842
P2, tp=3, ts=3, x0=10882792, x1=324604825
P3, tp=3, ts=3, x0=909799951, x1=126482799
P1, tp=3, ts=3, x0=682904797, x1=516597723
P2, tp=3, ts=3, x0=741366095, x1=297471559
P0, tp=3, ts=3
P3, tp=3, ts=3, x0=400885143, x1=667668821
P0, tp=3, ts=3
P3, tp=3, ts=3, x0=824472041, x1=455918886
P2, tp=3, ts=3, x0=475693241, x1=348603372
P0, tp=3, ts=3
P0, tp=3, ts=3
P2, tp=3, ts=3, x0=987807329, x1=283691082
P2, tp=3, ts=3, x0=262628136, x1=314490622
P2, tp=3, ts=3, x0=146525744, x1=516597723
P3, tp=3, ts=3, x0=994573408, x1=389551132
P1, tp=3, ts=3, x0=987807329, x1=599208056
P2, tp=3, ts=3, x0=283691082, x1=570285474
P3, tp=3, ts=3, x0=669942889, x1=599208056
P2, tp=3, ts=3, x0=326650546, x1=322389486
P0, tp=3, ts=3
P0, tp=3, ts=3
P1, tp=3, ts=3, x0=82076505, x1=186907107
P3, tp=3, ts=3, x0=698420683, x1=39874208
P0, tp=3, ts=3
P1, tp=3, ts=3, x0=737714769, x1=725140564
P3, tp=3, ts=3, x0=389551132, x1=783659908
P0, tp=3, ts=3
P2, tp=3, ts=3, x0=39874208, x1=314490622
P2, tp=3, ts=3, x0=678780265, x1=604178919
P0, tp=3, ts=3
P3, tp=3, ts=3, x0=828273723, x1=831624436
P3, tp=3, ts=3, x0=878015212, x1=836770281
P2, tp=3, ts=3, x0=324604825, x1=499267842
P3, tp=3, ts=3, x0=389551132, x1=455918886
P0, tp=3, ts=3
P0, tp=3, ts=3
P3, tp=3, ts=3, x0=499267842, x1=314490622
P1, tp=3, ts=3, x0=696288128, x1=126482799
P2, tp=3, ts=3, x0=671926560, x1=242747925
P3, tp=3, ts=3, x0=186907107, x1=921713915
P0, tp=3, ts=3
P1, tp=3, ts=3, x0=10882792, x1=678780265
P2, tp=3, ts=3, x0=559644849, x1=281460280
P1, tp=3, ts=3, x0=262628136, x1=329512743
P2, tp=3, ts=3, x0=871328432, x1=516597723
P3, tp=3, ts=3, x0=805572368, x1=758616499
P3, tp=3, ts=3, x0=878015212, x1=40874643
P3, tp=3, ts=3, x0=833485735, x1=40874643
P3, tp=3, ts=3, x0=806354147, x1=389551132
P3, tp=3, ts=3, x0=758616499, x1=604178919
P1, tp=3, ts=3, x0=737714769, x1=183324264
P1, tp=3, ts=3, x0=262628136, x1=205053976
P1, tp=3, ts=3, x0=917552990, x1=667668821
P3, tp=3, ts=3, x0=917043297, x1=604560841
P0, tp=3, ts=3
P1, tp=3, ts=3, x0=455918886, x1=836770281
P1, tp=3, ts=3, x0=635805104, x1=205233360
P1, tp=3, ts=3, x0=604178919, x1=146525744
P1, tp=3, ts=3, x0=682904797, x1=635805104
P3, tp=3, ts=3, x0=570285474, x1=836770281
P3, tp=3, ts=3, x0=205233360, x1=556534690
P0, tp=3, ts=3
P1, tp=3, ts=3, x0=671926560, x1=220895260
P3, tp=3, ts=3, x0=329512743, x1=146525744
P2, tp=3, ts=3, x0=783659908, x1=297471559
P2, tp=3, ts=3, x0=544564365, x1=283691082
P1, tp=3, ts=3, x0=635805104, x1=698420683
P2, tp=3, ts=3, x0=783659908, x1=527902242
P2, tp=3, ts=3, x0=281460280, x1=497761576
P0, tp=3, ts=3
P0, tp=3, ts=3
P0, tp=3, ts=3
P1, tp=3, ts=3, x0=87197547, x1=153488987
P1, tp=3, ts=3, x0=556534690, x1=648980091
P0, tp=3, ts=3
P2, tp=3, ts=3, x0=326650546, x1=885480212
P2, tp=3, ts=3, x0=691833622, x1=707085939
P1, tp=3, ts=3, x0=329512743, x1=253158667
P1, tp=3, ts=3, x0=357247781, x1=576429670
P0, tp=3, ts=3
P1, tp=3, ts=3, x0=184427475, x1=82076505
P0, tp=3, ts=3
P0, tp=3, ts=3
P3, tp=3, ts=3, x0=628453384, x1=994114840
P1, tp=3, ts=3, x0=389551132, x1=725140564
P1, tp=3, ts=3, x0=283691082, x1=126482799
P2, tp=3, ts=3, x0=16136660, x1=186907107
P1, tp=3, ts=3, x0=220895260, x1=824472041
P2, tp=3, ts=3, x0=559644849, x1=621868507
P3, tp=3, ts=3, x0=833485735, x1=39874208
P3, tp=3, ts=3, x0=909799951, x1=599208056
P0, tp=3, ts=3
P3, tp=3, ts=3, x0=326995960, x1=994114840
P0, tp=3, ts=3
P1, tp=3, ts=3, x0=604178919, x1=705656553
P0, tp=3, ts=3
P1, tp=3, ts=3, x0=836770281, x1=917043297
P1, tp=3, ts=3, x0=205053976, x1=475693241
P0, tp=3, ts=3
P1, tp=3, ts=3, x0=326650546, x1=16136660
P0, tp=3, ts=3
P1, tp=3, ts=3, x0=921713915, x1=621868507
P2, tp=3, ts=3, x0=917552990, x1=725140564
P0, tp=3, ts=3
P3, tp=3, ts=3, x0=459655874, x1=389551132
P1, tp=3, ts=3, x0=875651017, x1=10882792
P3, tp=3, ts=3, x0=874019698, x1=527902242
P2, tp=3, ts=3, x0=660974677, x1=146525744
P0, tp=3, ts=3
P3, tp=3, ts=3, x0=329512743, x1=598436321
P0, tp=3, ts=3
P3, tp=3, ts=3, x0=242747925, x1=783659908
P0, tp=3, ts=3
P2, tp=3, ts=3, x0=326650546, x1=326995960
P1, tp=3, ts=3, x0=197438191, x1=183324264
P2, tp=3, ts=3, x0=210846375, x1=10882792
P1, tp=3, ts=3, x0=40874643, x1=283691082
P3, tp=3, ts=3, x0=242747925, x1=917552990
P1, tp=3, ts=3, x0=16136660, x1=939198952
P3, tp=3, ts=3, x0=682904797, x1=559644849
P3, tp=3, ts=3, x0=370650392, x1=455918886
P3, tp=3, ts=3, x0=220895260, x1=245304478
P3, tp=3, ts=3, x0=544564365, x1=635805104
P0, tp=3, ts=3
P2, tp=3, ts=3, x0=987807329, x1=648980091
P1, tp=3, ts=3, x0=921713915, x1=805572368
P3, tp=3, ts=3, x0=828273723, x1=805572368
P3, tp=3, ts=3, x0=909799951, x1=828273723
P1, tp=3, ts=3, x0=281460280, x1=253158667
P1, tp=3, ts=3, x0=210846375, x1=283691082
P0, tp=3, ts=3
P2, tp=3, ts=3, x0=944089724, x1=805572368
P0, tp=3, ts=3
P2, tp=3, ts=3, x0=678780265, x1=993926176
P2, tp=3, ts=3, x0=758616499, x1=758616499
P3, tp=3, ts=3, x0=698420683, x1=241608244
P3, tp=3, ts=3, x0=197438191, x1=833485735
P1, tp=3, ts=3, x0=186907107, x1=917043297
P0, tp=3, ts=3
P2, tp=3, ts=3, x0=917043297, x1=205053976
P1, tp=3, ts=3, x0=805572368, x1=667668821
P2, tp=3, ts=3, x0=370650392, x1=301121505
P2, tp=3, ts=3, x0=497761576, x1=40874643
P2, tp=3, ts=3, x0=87197547, x1=909799951
P0, tp=3, ts=3
P1, tp=3, ts=3, x0=111014918, x1=806354147
P0, tp=3, ts=3
P2, tp=3, ts=3, x0=909799951, x1=324604825
P3, tp=3, ts=3, x0=40874643, x1=527902242
P2, tp=3, ts=3, x0=322389486, x1=184427475
P3, tp=3, ts=3, x0=682904797, x1=785516389
P3, tp=3, ts=3, x0=707085939, x1=245304478
P0, tp=3, ts=3
P2, tp=3, ts=3, x0=917043297, x1=400885143
P1, tp=3, ts=3, x0=599208056, x1=570285474
P2, tp=3, ts=3, x0=87197547, x1=746052433
P3, tp=3, ts=3, x0=604178919, x1=490126166
P2, tp=3, ts=3, x0=707085939, x1=707085939
P0, tp=3, ts=3
P1, tp=3, ts=3, x0=833485735, x1=831624436
P1, tp=3, ts=3, x0=262628136, x1=671926560
P3, tp=3, ts=3, x0=899588254, x1=987807329
P1, tp=3, ts=3, x0=490126166, x1=126482799
P1, tp=3, ts=3, x0=848697260, x1=993926176
P0, tp=3, ts=3
P1, tp=3, ts=3, x0=455918886, x1=785516389
P3, tp=3, ts=3, x0=16136660, x1=208924491
P3, tp=3, ts=3, x0=994573408, x1=824472041
P0, tp=3, ts=3
P1, tp=3, ts=3, x0=698420683, x1=917043297
P3, tp=3, ts=3, x0=783659908, x1=394765550
P3, tp=3, ts=3, x0=411401212, x1=899588254
P1, tp=3, ts=3, x0=322389486, x1=939198952
P2, tp=3, ts=3, x0=262628136, x1=994573408
P3, tp=3, ts=3, x0=570285474, x1=635805104
P0, tp=3, ts=3
P3, tp=3, ts=3, x0=678780265, x1=698420683
P1, tp=3, ts=3, x0=604178919, x1=833485735
P0, tp=3, ts=3
P2, tp=3, ts=3, x0=39874208, x1=241608244
P3, tp=3, ts=3, x0=421759463, x1=126482799
P0, tp=3, ts=3
P1, tp=3, ts=3, x0=497761576, x1=917552990
P1, tp=3, ts=3, x0=669942889, x1=685853111
P0, tp=3, ts=3
P2, tp=3, ts=3, x0=16136660, x1=994573408
P2, tp=3, ts=3, x0=39874208, x1=314490622
P2, tp=3, ts=3, x0=660974677, x1=87197547
P0, tp=3, ts=3
P0, tp=3, ts=3
P2, tp=3, ts=3, x0=358764715, x1=16136660
P2, tp=3, ts=3, x0=205233360, x1=691833622
P1, tp=3, ts=3, x0=490126166, x1=559644849
P2, tp=3, ts=3, x0=987807329, x1=301121505
P3, tp=3, ts=3, x0=220895260, x1=737714769
P1, tp=3, ts=3, x0=208924491, x1=538077878
P1, tp=3, ts=3, x0=805572368, x1=417730769
P3, tp=3, ts=3, x0=283691082, x1=314490622
P1, tp=3, ts=3, x0=737714769, x1=974356170
P0, tp=3, ts=3
P1, tp=3, ts=3, x0=944089724, x1=805572368
P2, tp=3, ts=3, x0=648980091, x1=696011574
P3, tp=3, ts=3, x0=875651017, x1=411401212
P3, tp=3, ts=3, x0=878015212, x1=707085939
P1, tp=3, ts=3, x0=455918886, x1=556534690
P3, tp=3, ts=3, x0=210846375, x1=220895260
P1, tp=3, ts=3, x0=39874208, x1=969100848
P3, tp=3, ts=3, x0=326995960, x1=210846375
P0, tp=3, ts=3
P0, tp=3, ts=3
P3, tp=3, ts=3, x0=22095674, x1=805572368
P1, tp=3, ts=3, x0=358764715, x1=411401212
P0, tp=3, ts=3
P0, tp=3, ts=3
P2, tp=3, ts=3, x0=10882792, x1=262628136
P3, tp=3, ts=3, x0=785516389, x1=718815901
P1, tp=3, ts=3, x0=170535467, x1=394765550
P3, tp=3, ts=3, x0=245304478, x1=824472041
P3, tp=3, ts=3, x0=82076505, x1=724940258
P3, tp=3, ts=3, x0=828273723, x1=16136660
P1, tp=3, ts=3, x0=544952570, x1=758616499
P3, tp=3, ts=3, x0=987807329, x1=40874643
P1, tp=3, ts=3, x0=737714769, x1=599208056
P2, tp=3, ts=3, x0=358764715, x1=648980091
P0, tp=3, ts=3
P3, tp=3, ts=3, x0=81391188, x1=678780265
P0, tp=3, ts=3
P3, tp=3, ts=3, x0=899588254, x1=939198952
P2, tp=3, ts=3, x0=671926560, x1=198565719
P0, tp=3, ts=3
P1, tp=3, ts=3, x0=874019698, x1=917552990
P0, tp=3, ts=3
P1, tp=3, ts=3, x0=994573408, x1=326650546
P3, tp=3, ts=3, x0=909799951, x1=969100848
P2, tp=3, ts=3, x0=459655874, x1=667668821
P1, tp=3, ts=3, x0=604178919, x1=378418207
P2, tp=3, ts=3, x0=559644849, x1=696288128
P3, tp=3, ts=3, x0=459655874, x1=824472041
P1, tp=3, ts=3, x0=210846375, x1=800087051
P1, tp=3, ts=3, x0=544952570, x1=871328432
P1, tp=3, ts=3, x0=135008159, x1=604178919
P1, tp=3, ts=3, x0=576429670, x1=855083177
P0, tp=3, ts=3
P3, tp=3, ts=3, x0=111014918, x1=301121505
P2, tp=3, ts=3, x0=685853111, x1=358764715
P2, tp=3, ts=3, x0=971204661, x1=875651017
P2, tp=3, ts=3, x0=394765550, x1=544564365
P0, tp=3, ts=3
P2, tp=3, ts=3, x0=170535467, x1=87197547
P1, tp=3, ts=3, x0=358764715, x1=324604825
P2, tp=3, ts=3, x0=459655874, x1=370650392
P3, tp=3, ts=3, x0=993926176, x1=800087051
P1, tp=3, ts=3, x0=974356170, x1=969100848
P0, tp=3, ts=3
P1, tp=3, ts=3, x0=220895260, x1=82076505
P3, tp=3, ts=3, x0=370650392, x1=921713915
P0, tp=3, ts=3
P1, tp=3, ts=3, x0=262628136, x1=724940258
P1, tp=3, ts=3, x0=648980091, x1=326650546
P2, tp=3, ts=3, x0=394765550, x1=153488987
P2, tp=3, ts=3, x0=993926176, x1=899588254
P2, tp=3, ts=3, x0=987807329, x1=314490622
P0, tp=3, ts=3
P0, tp=3, ts=3
P1, tp=3, ts=3, x0=746052433, x1=974356170
P0, tp=3, ts=3
P1, tp=3, ts=3, x0=527902242, x1=628517659
P1, tp=3, ts=3, x0=22095674, x1=848697260
P1, tp=3, ts=3, x0=329512743, x1=241608244
P3, tp=3, ts=3, x0=281460280, x1=971204661
P1, tp=3, ts=3, x0=691833622, x1=660974677
P3, tp=3, ts=3, x0=875651017, x1=718815901
P2, tp=3, ts=3, x0=198565719, x1=648980091
P1, tp=3, ts=3, x0=10882792, x1=527902242
P1, tp=3, ts=3, x0=718815901, x1=660974677
P1, tp=3, ts=3, x0=758616499, x1=326650546
P0, tp=3, ts=3
P3, tp=3, ts=3, x0=875651017, x1=39874208
P1, tp=3, ts=3, x0=628517659, x1=459655874
P1, tp=3, ts=3, x0=39874208, x1=411401212
P3, tp=3, ts=3, x0=220895260, x1=459655874
P3, tp=3, ts=3, x0=329512743, x1=775448190
P3, tp=3, ts=3, x0=459655874, x1=87197547
P2, tp=3, ts=3, x0=497761576, x1=746052433
P2, tp=3, ts=3, x0=974356170, x1=971204661
P0, tp=3, ts=3
P0, tp=3, ts=3
P0, tp=3, ts=3
P1, tp=3, ts=3, x0=804175966, x1=421759463
P2, tp=3, ts=3, x0=691833622, x1=544952570
P3, tp=3, ts=3, x0=671926560, x1=875651017
P3, tp=3, ts=3, x0=329512743, x1=725140564
P3, tp=3, ts=3, x0=210846375, x1=186907107
P3, tp=3, ts=3, x0=746052433, x1=629998525
P0, tp=3, ts=3
P1, tp=3, ts=3, x0=737714769, x1=571598936
P1, tp=3, ts=3, x0=909799951, x1=31712170
P2, tp=3, ts=3, x0=878015212, x1=725140564
P2, tp=3, ts=3, x0=378418207, x1=400885143
P2, tp=3, ts=3, x0=833485735, x1=544952570
P2, tp=3, ts=3, x0=628453384, x1=39874208
P1, tp=3, ts=3, x0=329512743, x1=969100848
P3, tp=3, ts=3, x0=855083177, x1=691833622
P2, tp=3, ts=3, x0=208924491, x1=40874643
P0, tp=3, ts=3
P0, tp=3, ts=3
P1, tp=3, ts=3, x0=746052433, x1=378418207
P3, tp=3, ts=3, x0=878015212, x1=208924491
P1, tp=3, ts=3, x0=833485735, x1=40874643
P3, tp=3, ts=3, x0=691833622, x1=969100848
P3, tp=3, ts=3, x0=10882792, x1=301408761
P2, tp=3, ts=3, x0=370650392, x1=559644849
P3, tp=3, ts=3, x0=855083177, x1=490126166
P3, tp=3, ts=3, x0=944089724, x1=718815901
P3, tp=3, ts=3, x0=775448190, x1=262628136
P1, tp=3, ts=3, x0=490126166, x1=198565719
P0, tp=3, ts=3
P0, tp=3, ts=3
P2, tp=3, ts=3, x0=824472041, x1=696011574
P0, tp=3, ts=3
P0, tp=3, ts=3
P0, tp=3, ts=3
P1, tp=3, ts=3, x0=671926560, x1=987807329
P2, tp=3, ts=3, x0=556534690, x1=828273723
P3, tp=3, ts=3, x0=411401212, x1=326650546
P0, tp=3, ts=3
P3, tp=3, ts=3, x0=87197547, x1=39874208
P3, tp=3, ts=3, x0=455918886, x1=87197547
P1, tp=3, ts=3, x0=994573408, x1=875651017
P3, tp=3, ts=3, x0=358764715, x1=629998525
P2, tp=3, ts=3, x0=828273723, x1=556534690
P3, tp=3, ts=3, x0=994573408, x1=790034738
P1, tp=3, ts=3, x0=991599736, x1=208924491
P3, tp=3, ts=3, x0=358764715, x1=660974677
P2, tp=3, ts=3, x0=971204661, x1=40874643
P2, tp=3, ts=3, x0=324604825, x1=111014918
P1, tp=3, ts=3, x0=126482799, x1=301408761
P0, tp=3, ts=3
P2, tp=3, ts=3, x0=987807329, x1=220895260
P1, tp=3, ts=3, x0=993926176, x1=31712170
P2, tp=3, ts=3, x0=39874208, x1=490126166
P2, tp=3, ts=3, x0=628453384, x1=378418207
P3, tp=3, ts=3, x0=971204661, x1=198565719
P0, tp=3, ts=3
P3, tp=3, ts=3, x0=111014918, x1=805572368
P1, tp=3, ts=3, x0=971204661, x1=571598936
P3, tp=3, ts=3, x0=436859522, x1=993926176
P1, tp=3, ts=3, x0=153488987, x1=696288128
P3, tp=3, ts=3, x0=678780265, x1=874019698
P1, tp=3, ts=3, x0=111014918, x1=281460280
P1, tp=3, ts=3, x0=135008159, x1=218792971
P1, tp=3, ts=3, x0=146525744, x1=260419518
P0, tp=3, ts=3
P3, tp=3, ts=3, x0=82076505, x1=758616499
P1, tp=3, ts=3, x0=848697260, x1=878015212
P0, tp=3, ts=3
P0, tp=3, ts=3
P0, tp=3, ts=3
P0, tp=3, ts=3
P2, tp=3, ts=3, x0=758616499, x1=974356170
P3, tp=3, ts=3, x0=871328432, x1=559644849
P0, tp=3, ts=3
P1, tp=3, ts=3, x0=205233360, x1=696011574
P3, tp=3, ts=3, x0=62949616, x1=725140564
P3, tp=3, ts=3, x0=411401212, x1=378418207
P0, tp=3, ts=3
P0, tp=3, ts=3
P0, tp=3, ts=3
P3, tp=3, ts=3, x0=991599736, x1=987807329
P1, tp=3, ts=3, x0=875651017, x1=833485735
P1, tp=3, ts=3, x0=187187076, x1=974356170
P1, tp=3, ts=3, x0=87197547, x1=229605487
P0, tp=3, ts=3
P3, tp=3, ts=3, x0=785516389, x1=691833622
P1, tp=3, ts=3, x0=497761576, x1=758616499
P1, tp=3, ts=3, x0=81391188, x1=660974677
P2, tp=3, ts=3, x0=421759463, x1=621868507
P2, tp=3, ts=3, x0=455918886, x1=210846375
P2, tp=3, ts=3, x0=22095674, x1=599208056
P1, tp=3, ts=3, x0=987807329, x1=833485735
P3, tp=3, ts=3, x0=378418207, x1=909799951
P3, tp=3, ts=3, x0=497761576, x1=229605487
P3, tp=3, ts=3, x0=599208056, x1=455918886
P1, tp=3, ts=3, x0=691833622, x1=921713915
P0, tp=3, ts=3
P3, tp=4, ts=4, x0=210846375, x1=994573408
P2, tp=4, ts=4, x0=220895260, x1=718815901
P3, tp=4, ts=4, x0=218792971, x1=893234148
P2, tp=4, ts=4, x0=87197547, x1=775448190
P3, tp=4, ts=4, x0=186907107, x1=824472041
P2, tp=4, ts=4, x0=917043297, x1=198565719
P1, tp=4, ts=4, x0=648980091, x1=497761576
P1, tp=4, ts=4, x0=805572368, x1=568315041
P1, tp=4, ts=4, x0=436859522, x1=628517659
P0, tp=4, ts=4
P1, tp=4, ts=4, x0=571598936, x1=671926560
P1, tp=4, ts=4, x0=669942889, x1=994573408
P0, tp=4, ts=4
P3, tp=4, ts=4, x0=909799951, x1=186907107
P1, tp=4, ts=4, x0=262628136, x1=421759463
P1, tp=4, ts=4, x0=974356170, x1=538077878
P0, tp=4, ts=4
P1, tp=4, ts=4, x0=557620776, x1=660974677
P0, tp=4, ts=4
P2, tp=4, ts=4, x0=800087051, x1=789126390
P0, tp=4, ts=4
P3, tp=4, ts=4, x0=960197595, x1=653776203
P3, tp=4, ts=4, x0=229605487, x1=621868507
P2, tp=4, ts=4, x0=996159201, x1=370650392
P3, tp=4, ts=4, x0=804175966, x1=871328432
P2, tp=4, ts=4, x0=921713915, x1=619507635
P2, tp=4, ts=4, x0=960197595, x1=893234148
P2, tp=4, ts=4, x0=521190547, x1=871328432
P3, tp=4, ts=4, x0=22095674, x1=800087051
P3, tp=4, ts=4, x0=960197595, x1=538077878
P0, tp=4, ts=4
P2, tp=4, ts=4, x0=874019698, x1=895944523
P0, tp=4, ts=4
P2, tp=4, ts=4, x0=326995960, x1=146525744
P3, tp=4, ts=4, x0=358764715, x1=245304478
P0, tp=4, ts=4
P2, tp=4, ts=4, x0=917043297, x1=187187076
P0, tp=4, ts=4
P2, tp=4, ts=4, x0=660826492, x1=205233360
P1, tp=4, ts=4, x0=39874208, x1=571598936
P3, tp=4, ts=4, x0=31712170, x1=895944523
P0, tp=4, ts=4
P2, tp=4, ts=4, x0=828273723, x1=969100848
P2, tp=4, ts=4, x0=187187076, x1=210846375
P3, tp=4, ts=4, x0=994573408, x1=899588254
P3, tp=4, ts=4, x0=187187076, x1=874019698
P2, tp=4, ts=4, x0=996159201, x1=648980091
P2, tp=4, ts=4, x0=660826492, x1=987807329
P0, tp=4, ts=4
P3, tp=4, ts=4, x0=170535467, x1=804175966
P2, tp=4, ts=4, x0=991599736, x1=187187076
P3, tp=4, ts=4, x0=991599736, x1=378418207
P0, tp=4, ts=4
P2, tp=4, ts=4, x0=839798115, x1=454979003
P1, tp=4, ts=4, x0=31049026, x1=758616499
P3, tp=4, ts=4, x0=893128751, x1=696011574
P3, tp=4, ts=4, x0=746052433, x1=971204661
P0, tp=4, ts=4
P3, tp=4, ts=4, x0=878015212, x1=40874643
P0, tp=4, ts=4
P1, tp=4, ts=4, x0=187187076, x1=325560851
P0, tp=4, ts=4
P0, tp=4, ts=4
P2, tp=4, ts=4, x0=556534690, x1=804175966
P1, tp=4, ts=4, x0=260419518, x1=220895260
P3, tp=4, ts=4, x0=896656003, x1=135008159
P2, tp=4, ts=4, x0=648980091, x1=443126849
P1, tp=4, ts=4, x0=758616499, x1=828273723
P2, tp=4, ts=4, x0=893128751, x1=896656003
P2, tp=4, ts=4, x0=301408761, x1=218792971
P2, tp=4, ts=4, x0=544564365, x1=669942889
P0, tp=4, ts=4
P1, tp=4, ts=4, x0=669942889, x1=208924491
P3, tp=4, ts=4, x0=326650546, x1=22095674
P3, tp=4, ts=4, x0=987807329, x1=135008159
P1, tp=4, ts=4, x0=790034738, x1=839798115
P0, tp=4, ts=4
P3, tp=4, ts=4, x0=895944523, x1=653776203
P0, tp=4, ts=4
P1, tp=4, ts=4, x0=893234148, x1=87197547
P2, tp=4, ts=4, x0=436859522, x1=944089724
P1, tp=4, ts=4, x0=944089724, x1=358764715
P1, tp=4, ts=4, x0=245304478, x1=944089724
P0, tp=4, ts=4
P1, tp=4, ts=4, x0=135008159, x1=82076505
P0, tp=4, ts=4
P3, tp=4, ts=4, x0=971204661, x1=459655874
P3, tp=4, ts=4, x0=482297242, x1=895944523
P2, tp=4, ts=4, x0=899588254, x1=262628136
P0, tp=4, ts=4
P2, tp=4, ts=4, x0=804175966, x1=556534690
P1, tp=4, ts=4, x0=893234148, x1=775448190
P1, tp=4, ts=4, x0=568315041, x1=827173646
P3, tp=4, ts=4, x0=804175966, x1=804175966
P0, tp=4, ts=4
P1, tp=4, ts=4, x0=660974677, x1=758616499
P1, tp=4, ts=4, x0=568315041, x1=322389486
P1, tp=4, ts=4, x0=210846375, x1=724940258
P2, tp=4, ts=4, x0=324604825, x1=944089724
P1, tp=4, ts=4, x0=691833622, x1=400885143
P2, tp=4, ts=4, x0=31712170, x1=81391188
P2, tp=4, ts=4, x0=229605487, x1=696288128
P2, tp=4, ts=4, x0=538077878, x1=800087051
P1, tp=4, ts=4, x0=512089808, x1=262628136
P3, tp=4, ts=4, x0=39874208, x1=378418207
P1, tp=4, ts=4, x0=208924491, x1=718815901
P0, tp=4, ts=4
P2, tp=4, ts=4, x0=696288128, x1=31049026
P1, tp=4, ts=4, x0=154772311, x1=899588254
P2, tp=4, ts=4, x0=512089808, x1=896656003
P2, tp=4, ts=4, x0=927109174, x1=960197595
P0, tp=4, ts=4
P3, tp=4, ts=4, x0=994573408, x1=768417664
P1, tp=4, ts=4, x0=301408761, x1=324604825
P2, tp=4, ts=4, x0=544952570, x1=725140564
P2, tp=4, ts=4, x0=789126390, x1=921713915
P1, tp=4, ts=4, x0=909799951, x1=325560851
P2, tp=4, ts=4, x0=996159201, x1=62949616
P1, tp=4, ts=4, x0=629998525, x1=896656003
P1, tp=4, ts=4, x0=696011574, x1=827173646
P2, tp=4, ts=4, x0=557620776, x1=944089724
P2, tp=4, ts=4, x0=146525744, x1=871328432
P1, tp=4, ts=4, x0=628517659, x1=685853111
P0, tp=4, ts=4
P2, tp=4, ts=4, x0=621868507, x1=557620776
P1, tp=4, ts=4, x0=525505566, x1=135008159
P3, tp=4, ts=4, x0=482297242, x1=111044320
P3, tp=4, ts=4, x0=718815901, x1=944089724
P3, tp=4, ts=4, x0=443126849, x1=400885143
P0, tp=4, ts=4
P3, tp=4, ts=4, x0=556534690, x1=669942889
P1, tp=4, ts=4, x0=790034738, x1=521190547
P3, tp=4, ts=4, x0=994573408, x1=245304478
P1, tp=4, ts=4, x0=969100848, x1=205233360
P3, tp=4, ts=4, x0=436859522, x1=222134378
P0, tp=4, ts=4
P3, tp=4, ts=4, x0=861159218, x1=229605487
P1, tp=4, ts=4, x0=724940258, x1=81391188
P1, tp=4, ts=4, x0=927109174, x1=678977599
P1, tp=4, ts=4, x0=525505566, x1=512089808
P2, tp=4, ts=4, x0=39874208, x1=653776203
P0, tp=4, ts=4
P1, tp=4, ts=4, x0=893234148, x1=895944523
P3, tp=4, ts=4, x0=358764715, x1=715448842
P1, tp=4, ts=4, x0=895944523, x1=210846375
P0, tp=4, ts=4
P2, tp=4, ts=4, x0=222134378, x1=525505566
P3, tp=4, ts=4, x0=260038037, x1=619507635
P3, tp=4, ts=4, x0=917043297, x1=22095674
P3, tp=4, ts=4, x0=878015212, x1=82076505
P1, tp=4, ts=4, x0=991599736, x1=927109174
P2, tp=4, ts=4, x0=482297242, x1=273509818
P3, tp=4, ts=4, x0=895944523, x1=512089808
P2, tp=4, ts=4, x0=983715049, x1=696011574
P3, tp=4, ts=4, x0=421759463, x1=210846375
P1, tp=4, ts=4, x0=878015212, x1=653776203
P3, tp=4, ts=4, x0=69140036, x1=896656003
P3, tp=4, ts=4, x0=568315041, x1=893234148
P3, tp=4, ts=4, x0=629998525, x1=937041280
P3, tp=4, ts=4, x0=893128751, x1=669942889
P1, tp=4, ts=4, x0=896656003, x1=205053976
P2, tp=4, ts=4, x0=960197595, x1=790034738
P3, tp=4, ts=4, x0=937041280, x1=660826492
P2, tp=4, ts=4, x0=31712170, x1=208924491
P2, tp=4, ts=4, x0=39874208, x1=205053976
P2, tp=4, ts=4, x0=790034738, x1=893234148
P1, tp=4, ts=4, x0=443126849, x1=544564365
P0, tp=4, ts=4
P3, tp=4, ts=4, x0=696011574, x1=260038037
P2, tp=4, ts=4, x0=893234148, x1=921713915
P2, tp=4, ts=4, x0=827173646, x1=895944523
P2, tp=4, ts=4, x0=31049026, x1=154772311
P2, tp=4, ts=4, x0=775448190, x1=991599736
P3, tp=4, ts=4, x0=725140564, x1=917043297
P2, tp=4, ts=4, x0=827173646, x1=896656003
P0, tp=4, ts=4
P3, tp=4, ts=4, x0=332184314, x1=960197595
P1, tp=4, ts=4, x0=678977599, x1=273509818
P3, tp=4, ts=4, x0=369947661, x1=260038037
P3, tp=4, ts=4, x0=789126390, x1=82076505
P2, tp=4, ts=4, x0=82076505, x1=899588254
P1, tp=4, ts=4, x0=785516389, x1=653776203
P0, tp=4, ts=4
P0, tp=4, ts=4
P1, tp=4, ts=4, x0=210846375, x1=715448842
P0, tp=4, ts=4
P2, tp=4, ts=4, x0=478903784, x1=855083177
P2, tp=4, ts=4, x0=154772311, x1=301408761
P3, tp=4, ts=4, x0=39874208, x1=369947661
P3, tp=4, ts=4, x0=332184314, x1=454979003
P3, tp=4, ts=4, x0=987807329, x1=927109174
P0, tp=4, ts=4
P0, tp=4, ts=4
P1, tp=4, ts=4, x0=229605487, x1=111014918
P0, tp=4, ts=4
P0, tp=4, ts=4
P0, tp=4, ts=4
P1, tp=4, ts=4, x0=718815901, x1=111014918
P3, tp=4, ts=4, x0=798467068, x1=81391188
P2, tp=4, ts=4, x0=325560851, x1=205053976
P2, tp=4, ts=4, x0=490126166, x1=653776203
P1, tp=4, ts=4, x0=785516389, x1=544952570
P2, tp=4, ts=4, x0=682724905, x1=355157195
P0, tp=4, ts=4
P1, tp=4, ts=4, x0=827173646, x1=619507635
P0, tp=4, ts=4
P2, tp=4, ts=4, x0=893234148, x1=865897959
P3, tp=4, ts=4, x0=691833622, x1=525505566
P3, tp=4, ts=4, x0=865897959, x1=260038037
P0, tp=4, ts=4
P0, tp=4, ts=4
P1, tp=4, ts=4, x0=959840046, x1=724940258
P3, tp=4, ts=4, x0=629998525, x1=861159218
P1, tp=4, ts=4, x0=893128751, x1=544564365
P0, tp=4, ts=4
P3, tp=4, ts=4, x0=525505566, x1=332184314
P3, tp=4, ts=4, x0=326650546, x1=222134378
P3, tp=4, ts=4, x0=154772311, x1=135008159
P0, tp=4, ts=4
P3, tp=4, ts=4, x0=691756830, x1=682724905
P2, tp=4, ts=4, x0=81391188, x1=798467068
P2, tp=4, ts=4, x0=893128751, x1=800087051
P0, tp=4, ts=4
P2, tp=4, ts=4, x0=660826492, x1=443126849
P1, tp=4, ts=4, x0=789126390, x1=512089808
P3, tp=4, ts=4, x0=374635915, x1=746052433
P0, tp=4, ts=4
P1, tp=4, ts=4, x0=538077878, x1=154772311
P0, tp=4, ts=4
P2, tp=4, ts=4, x0=773961174, x1=490126166
P0, tp=4, ts=4
P1, tp=4, ts=4, x0=983715049, x1=790034738
P0, tp=4, ts=4
P2, tp=4, ts=4, x0=775448190, x1=207002179
P1, tp=4, ts=4, x0=648980091, x1=135008159
P2, tp=4, ts=4, x0=839798115, x1=31049026
P2, tp=4, ts=4, x0=669942889, x1=895944523
P3, tp=4, ts=4, x0=696011574, x1=996159201
P0, tp=4, ts=4
P2, tp=4, ts=4, x0=983715049, x1=478903784
P1, tp=4, ts=4, x0=222134378, x1=268830605
P2, tp=4, ts=4, x0=544564365, x1=260038037
P3, tp=4, ts=4, x0=944089724, x1=187187076
P3, tp=4, ts=4, x0=619507635, x1=800087051
P2, tp=4, ts=4, x0=557620776, x1=768417664
P1, tp=4, ts=4, x0=896656003, x1=987807329
P1, tp=4, ts=4, x0=369947661, x1=724940258
P1, tp=4, ts=4, x0=678977599, x1=648980091
P2, tp=4, ts=4, x0=218792971, x1=482297242
P1, tp=4, ts=4, x0=538077878, x1=678977599
P1, tp=4, ts=4, x0=893234148, x1=685853111
P2, tp=4, ts=4, x0=245304478, x1=865897959
P3, tp=4, ts=4, x0=974356170, x1=678977599
P3, tp=4, ts=4, x0=208924491, x1=959840046
P1, tp=4, ts=4, x0=544952570, x1=443126849
P1, tp=4, ts=4, x0=260419518, x1=691833622
P2, tp=4, ts=4, x0=715448842, x1=660974677
P1, tp=4, ts=4, x0=861159218, x1=660974677
P2, tp=4, ts=4, x0=991944501, x1=991599736
P2, tp=4, ts=4, x0=369947661, x1=557620776
P3, tp=4, ts=4, x0=991599736, x1=768417664
P1, tp=4, ts=4, x0=544952570, x1=899588254
P1, tp=4, ts=4, x0=696011574, x1=260419518
P0, tp=4, ts=4
P3, tp=4, ts=4, x0=724940258, x1=789126390
P1, tp=4, ts=4, x0=39874208, x1=111014918
P1, tp=4, ts=4, x0=557620776, x1=436859522
P1, tp=4, ts=4, x0=789126390, x1=746052433
P3, tp=4, ts=4, x0=849010376, x1=31049026
P0, tp=4, ts=4
P3, tp=4, ts=4, x0=746052433, x1=322389486
P2, tp=4, ts=4, x0=839798115, x1=785516389
P1, tp=4, ts=4, x0=969100848, x1=568315041
P2, tp=4, ts=4, x0=959840046, x1=554368371
P3, tp=4, ts=4, x0=991599736, x1=855083177
P2, tp=4, ts=4, x0=899588254, x1=944089724
P2, tp=4, ts=4, x0=893234148, x1=207002179
P3, tp=4, ts=4, x0=800087051, x1=459655874
P3, tp=4, ts=4, x0=648365780, x1=111044320
P1, tp=4, ts=4, x0=273509818, x1=111044320
P3, tp=4, ts=4, x0=544952570, x1=621868507
P3, tp=4, ts=4, x0=773961174, x1=648365780
P0, tp=4, ts=4
P1, tp=4, ts=4, x0=768417664, x1=286514879
P1, tp=4, ts=4, x0=696011574, x1=648980091
P2, tp=4, ts=4, x0=629998525, x1=682724905
P0, tp=4, ts=4
P3, tp=4, ts=4, x0=135008159, x1=893128751
P2, tp=4, ts=4, x0=436859522, x1=785516389
P3, tp=4, ts=4, x0=959840046, x1=629998525
P3, tp=4, ts=4, x0=827173646, x1=959840046
P1, tp=4, ts=4, x0=960197595, x1=31712170
P0, tp=4, ts=4
P3, tp=4, ts=4, x0=768417664, x1=621868507
P1, tp=4, ts=4, x0=125622291, x1=829637607
P3, tp=4, ts=4, x0=855083177, x1=135008159
P0, tp=4, ts=4
P3, tp=4, ts=4, x0=31049026, x1=210846375
P0, tp=4, ts=4
P3, tp=4, ts=4, x0=22095674, x1=454979003
P2, tp=4, ts=4, x0=861159218, x1=413631096
P3, tp=4, ts=4, x0=927109174, x1=525505566
P3, tp=4, ts=4, x0=691756830, x1=895944523
P1, tp=4, ts=4, x0=682724905, x1=154772311
P2, tp=4, ts=4, x0=490126166, x1=959840046
P2, tp=4, ts=4, x0=691756830, x1=436859522
P3, tp=4, ts=4, x0=696011574, x1=960841218
P0, tp=4, ts=4
P3, tp=4, ts=4, x0=653776203, x1=411401212
P3, tp=4, ts=4, x0=767671825, x1=332184314
P3, tp=4, ts=4, x0=521190547, x1=222134378
P2, tp=4, ts=4, x0=653776203, x1=715448842
P2, tp=4, ts=4, x0=790034738, x1=170535467
P2, tp=4, ts=4, x0=170535467, x1=789126390
P2, tp=4, ts=4, x0=746052433, x1=22095674
P1, tp=4, ts=4, x0=895944523, x1=273509818
P0, tp=4, ts=4
P0, tp=4, ts=4
P3, tp=4, ts=4, x0=207002179, x1=899588254
P0, tp=4, ts=4
P3, tp=4, ts=4, x0=218792971, x1=861159218
P1, tp=4, ts=4, x0=827173646, x1=996159201
P0, tp=4, ts=4
P1, tp=4, ts=4, x0=783380479, x1=688256334
P3, tp=4, ts=4, x0=896656003, x1=416202885
P3, tp=4, ts=4, x0=268830605, x1=804175966
P2, tp=4, ts=4, x0=416202885, x1=374635915
P1, tp=4, ts=4, x0=775448190, x1=688256334
P1, tp=4, ts=4, x0=31712170, x1=236202006
P2, tp=4, ts=4, x0=406541599, x1=111044320
P2, tp=4, ts=4, x0=557620776, x1=628517659
P0, tp=4, ts=4
P0, tp=4, ts=4
P3, tp=4, ts=4, x0=893128751, x1=116155859
P2, tp=4, ts=4, x0=463416745, x1=800087051
P1, tp=4, ts=4, x0=628517659, x1=798467068
P0, tp=4, ts=4
P2, tp=4, ts=4, x0=971204661, x1=6430302
P0, tp=4, ts=4
P0, tp=4, ts=4
P0, tp=4, ts=4
P3, tp=4, ts=4, x0=187187076, x1=372147664
P2, tp=4, ts=4, x0=456248150, x1=724940258
P3, tp=4, ts=4, x0=827173646, x1=682724905
P2, tp=4, ts=4, x0=691756830, x1=685853111
P1, tp=4, ts=4, x0=715448842, x1=187187076
P0, tp=4, ts=4
P0, tp=4, ts=4
P0, tp=4, ts=4
P3, tp=4, ts=4, x0=69140036, x1=465568244
P0, tp=4, ts=4
P0, tp=4, ts=4
P3, tp=4, ts=4, x0=849010376, x1=927109174
P0, tp=4, ts=4
P1, tp=4, ts=4, x0=628517659, x1=773961174
P2, tp=4, ts=4, x0=800087051, x1=372147664
P0, tp=4, ts=4
P3, tp=4, ts=4, x0=6430302, x1=991944501
P1, tp=4, ts=4, x0=374635915, x1=974356170
P1, tp=4, ts=4, x0=538077878, x1=75624235
P3, tp=4, ts=4, x0=691756830, x1=465568244
P3, tp=4, ts=4, x0=229605487, x1=991944501
P0, tp=4, ts=4
P2, tp=4, ts=4, x0=301408761, x1=691756830
P1, tp=4, ts=4, x0=544952570, x1=81391188
P2, tp=4, ts=4, x0=369947661, x1=849010376
P3, tp=4, ts=4, x0=991599736, x1=629998525
P2, tp=4, ts=4, x0=855083177, x1=207002179
P2, tp=4, ts=4, x0=724940258, x1=260419518
P0, tp=4, ts=4
P2, tp=4, ts=4, x0=416202885, x1=648365780
P2, tp=4, ts=4, x0=691756830, x1=688256334
P1, tp=4, ts=4, x0=116155859, x1=260419518
P3, tp=4, ts=4, x0=696011574, x1=691756830
P0, tp=4, ts=4
P3, tp=4, ts=4, x0=377181535, x1=696011574
P3, tp=4, ts=4, x0=268830605, x1=286514879
P2, tp=4, ts=4, x0=969100848, x1=554368371
P3, tp=4, ts=4, x0=487261941, x1=715448842
P0, tp=4, ts=4
P0, tp=4, ts=4
P1, tp=4, ts=4, x0=594189553, x1=436859522
P1, tp=4, ts=4, x0=260038037, x1=372147664
P0, tp=4, ts=4
P3, tp=4, ts=4, x0=261252512, x1=135008159
P0, tp=4, ts=4
P0, tp=4, ts=4
P2, tp=4, ts=4, x0=800087051, x1=260419518
P2, tp=4, ts=4, x0=893234148, x1=845674636
P2, tp=4, ts=4, x0=463416745, x1=416202885
P2, tp=4, ts=4, x0=893128751, x1=798467068
P2, tp=4, ts=4, x0=789126390, x1=594189553
P1, tp=4, ts=4, x0=218792971, x1=711341966
P2, tp=4, ts=4, x0=554368371, x1=775448190
P2, tp=4, ts=4, x0=865897959, x1=966303282
P2, tp=4, ts=4, x0=135008159, x1=512089808
P3, tp=4, ts=4, x0=718815901, x1=594189553
P3, tp=4, ts=4, x0=456248150, x1=767671825
P2, tp=4, ts=4, x0=767671825, x1=971204661
P3, tp=4, ts=4, x0=268830605, x1=521190547
P3, tp=4, ts=4, x0=865897959, x1=269660228
P3, tp=4, ts=4, x0=827173646, x1=515488298
P2, tp=4, ts=4, x0=724940258, x1=619507635
P3, tp=4, ts=4, x0=286514879, x1=991599736
P2, tp=4, ts=4, x0=521190547, x1=691756830
P1, tp=4, ts=4, x0=660826492, x1=594189553
P1, tp=4, ts=4, x0=960841218, x1=827173646
P1, tp=4, ts=4, x0=482297242, x1=637499217
P1, tp=4, ts=4, x0=193706648, x1=487261941
P2, tp=4, ts=4, x0=996159201, x1=135008159
P2, tp=4, ts=4, x0=377181535, x1=521190547
P1, tp=4, ts=4, x0=678977599, x1=960197595
P2, tp=4, ts=4, x0=465568244, x1=512089808
P3, tp=4, ts=4, x0=207002179, x1=31049026
P1, tp=4, ts=4, x0=39715806, x1=286514879
P0, tp=4, ts=4
P3, tp=4, ts=4, x0=688256334, x1=783380479
P3, tp=4, ts=4, x0=154772311, x1=594189553
P1, tp=4, ts=4, x0=229605487, x1=456248150
P1, tp=4, ts=4, x0=839798115, x1=855083177
P3, tp=4, ts=4, x0=301408761, x1=369947661
P0, tp=4, ts=4
P3, tp=4, ts=4, x0=966303282, x1=465568244
P3, tp=4, ts=4, x0=116155859, x1=443126849
P1, tp=4, ts=4, x0=855083177, x1=6430302
P2, tp=4, ts=4, x0=194621906, x1=413631096
P3, tp=4, ts=4, x0=798467068, x1=273509818
P3, tp=4, ts=4, x0=456248150, x1=789126390
P2, tp=4, ts=4, x0=893128751, x1=39715806
P2, tp=4, ts=4, x0=893128751, x1=154772311
P2, tp=4, ts=4, x0=301408761, x1=715448842
P0, tp=4, ts=4
P0, tp=4, ts=4
P0, tp=4, ts=4
P2, tp=4, ts=4, x0=798467068, x1=648365780
P3, tp=4, ts=4, x0=487261941, x1=959840046
P0, tp=4, ts=4
P3, tp=4, ts=4, x0=207002179, x1=6430302
P1, tp=4, ts=4, x0=594189553, x1=691756830
P3, tp=4, ts=4, x0=691756830, x1=637499217
P2, tp=4, ts=4, x0=554368371, x1=619507635
P0, tp=4, ts=4
P3, tp=4, ts=4, x0=31712170, x1=804175966
P2, tp=4, ts=4, x0=454979003, x1=691756830
P1, tp=4, ts=4, x0=893128751, x1=454979003
P3, tp=4, ts=4, x0=798467068, x1=154772311
P3, tp=4, ts=4, x0=207002179, x1=372147664
P2, tp=4, ts=4, x0=768417664, x1=895944523
P2, tp=4, ts=4, x0=31712170, x1=406541599
P3, tp=4, ts=4, x0=369947661, x1=773961174
P2, tp=4, ts=4, x0=247669909, x1=6430302
P2, tp=4, ts=4, x0=991944501, x1=861159218
P2, tp=4, ts=4, x0=629998525, x1=75624235
P1, tp=4, ts=4, x0=125622291, x1=301408761
P3, tp=4, ts=4, x0=782588046, x1=653776203
P0, tp=4, ts=4
P2, tp=4, ts=4, x0=896656003, x1=991599736
P3, tp=4, ts=4, x0=463416745, x1=269660228
P0, tp=4, ts=4
P0, tp=4, ts=4
P1, tp=4, ts=4, x0=325560851, x1=790034738
P2, tp=4, ts=4, x0=861159218, x1=456248150
P0, tp=4, ts=4
P3, tp=4, ts=4, x0=222134378, x1=648365780
P1, tp=4, ts=4, x0=480240985, x1=269660228
P3, tp=4, ts=4, x0=218792971, x1=369947661
P3, tp=4, ts=4, x0=893128751, x1=804175966
P1, tp=4, ts=4, x0=637499217, x1=682724905
P2, tp=4, ts=4, x0=218792971, x1=678977599
P3, tp=4, ts=4, x0=827173646, x1=660826492
P2, tp=4, ts=4, x0=554368371, x1=927109174
P1, tp=4, ts=4, x0=768417664, x1=817047335
P2, tp=4, ts=4, x0=991599736, x1=768417664
P1, tp=4, ts=4, x0=991599736, x1=554368371
P2, tp=4, ts=4, x0=893128751, x1=790034738
P1, tp=4, ts=4, x0=678977599, x1=377181535
P1, tp=4, ts=4, x0=454979003, x1=895944523
P2, tp=4, ts=4, x0=39715806, x1=568315041
P0, tp=4, ts=4
P0, tp=4, ts=4
P0, tp=4, ts=4
P1, tp=4, ts=4, x0=783380479, x1=554368371
P2, tp=4, ts=4, x0=991944501, x1=443126849
P0, tp=4, ts=4
P3, tp=4, ts=4, x0=39715806, x1=849010376
P0, tp=4, ts=4
P1, tp=4, ts=4, x0=261252512, x1=69140036
P0, tp=4, ts=4
P1, tp=4, ts=4, x0=682724905, x1=69140036
P0, tp=4, ts=4
P1, tp=4, ts=4, x0=261252512, x1=374635915
P0, tp=4, ts=4
P3, tp=4, ts=4, x0=829637607, x1=436859522
P1, tp=4, ts=4, x0=236202006, x1=691756830
P0, tp=4, ts=4
P3, tp=4, ts=4, x0=895944523, x1=269660228
P2, tp=4, ts=4, x0=515488298, x1=487261941
P3, tp=4, ts=4, x0=804175966, x1=927109174
P2, tp=4, ts=4, x0=960841218, x1=594189553
P2, tp=4, ts=4, x0=463416745, x1=798467068
P2, tp=4, ts=4, x0=443126849, x1=653776203
P3, tp=4, ts=4, x0=269660228, x1=798467068
P1, tp=4, ts=4, x0=374635915, x1=966303282
P2, tp=4, ts=4, x0=269660228, x1=715448842
P2, tp=4, ts=4, x0=194621906, x1=960197595
P1, tp=4, ts=4, x0=325560851, x1=364297204
P2, tp=4, ts=4, x0=436859522, x1=895944523
P2, tp=4, ts=4, x0=269660228, x1=845674636
P2, tp=4, ts=4, x0=991599736, x1=478903784
P2, tp=4, ts=4, x0=377181535, x1=286514879
P1, tp=4, ts=4, x0=594189553, x1=260419518
P3, tp=4, ts=4, x0=207002179, x1=187187076
P1, tp=4, ts=4, x0=783380479, x1=286514879
P0, tp=4, ts=4
P2, tp=4, ts=4, x0=521190547, x1=768417664
P2, tp=4, ts=4, x0=865897959, x1=364297204
P0, tp=4, ts=4
P2, tp=4, ts=4, x0=406541599, x1=268830605
P2, tp=4, ts=4, x0=218792971, x1=525505566
P2, tp=4, ts=4, x0=773961174, x1=268830605
P0, tp=4, ts=4
P1, tp=4, ts=4, x0=478903784, x1=798467068
P3, tp=4, ts=4, x0=691756830, x1=154772311
P0, tp=4, ts=4
P2, tp=4, ts=4, x0=768417664, x1=525505566
P1, tp=4, ts=4, x0=31712170, x1=927109174
P0, tp=4, ts=4
P0, tp=4, ts=4
P2, tp=4, ts=4, x0=571598936, x1=378025987
P1, tp=4, ts=4, x0=136918708, x1=273509818
P3, tp=4, ts=4, x0=767671825, x1=773961174
P1, tp=4, ts=4, x0=865897959, x1=966303282
P0, tp=4, ts=4
P3, tp=4, ts=4, x0=798467068, x1=768417664
P2, tp=4, ts=4, x0=896656003, x1=773961174
P2, tp=4, ts=4, x0=377181535, x1=416202885
P3, tp=4, ts=4, x0=893128751, x1=194621906
P1, tp=4, ts=4, x0=927109174, x1=332184314
P3, tp=4, ts=4, x0=937041280, x1=798467068
P2, tp=4, ts=4, x0=301408761, x1=789126390
P0, tp=4, ts=4
P3, tp=4, ts=4, x0=39715806, x1=480240985
P2, tp=4, ts=4, x0=839798115, x1=895944523
P0, tp=4, ts=4
P3, tp=4, ts=4, x0=355157195, x1=372147664
P2, tp=4, ts=4, x0=218792971, x1=332184314
P3, tp=4, ts=4, x0=247669909, x1=959840046
P3, tp=4, ts=4, x0=619507635, x1=512089808
P0, tp=4, ts=4
P3, tp=4, ts=4, x0=364297204, x1=893234148
P2, tp=4, ts=4, x0=154772311, x1=416202885
P3, tp=4, ts=4, x0=478903784, x1=233427644
P1, tp=4, ts=4, x0=286514879, x1=207002179
P2, tp=4, ts=4, x0=193706648, x1=269660228
P0, tp=4, ts=4
P0, tp=4, ts=4
P1, tp=4, ts=4, x0=682724905, x1=207002179
P0, tp=4, ts=4
P0, tp=4, ts=4
P0, tp=4, ts=4
P0, tp=4, ts=4
P2, tp=4, ts=4, x0=861159218, x1=273509818
P0, tp=4, ts=4
P0, tp=4, ts=4
P1, tp=4, ts=4, x0=416202885, x1=849010376
P0, tp=4, ts=4
P2, tp=4, ts=4, x0=767671825, x1=711341966
P1, tp=4, ts=4, x0=721663097, x1=991599736
P2, tp=4, ts=4, x0=619507635, x1=154772311
P1, tp=4, ts=4, x0=637499217, x1=512089808
P1, tp=4, ts=4, x0=893234148, x1=487261941
P2, tp=4, ts=4, x0=937041280, x1=218792971
P3, tp=4, ts=4, x0=9458546, x1=623542647
P3, tp=4, ts=4, x0=829266065, x1=222134378
P1, tp=4, ts=4, x0=487261941, x1=436859522
P3, tp=4, ts=4, x0=829637607, x1=39715806
P1, tp=4, ts=4, x0=782588046, x1=927109174
P0, tp=4, ts=4
P0, tp=4, ts=4
P2, tp=4, ts=4, x0=841489267, x1=218792971
P3, tp=4, ts=4, x0=374635915, x1=966303282
P3, tp=4, ts=4, x0=768417664, x1=960841218
P0, tp=4, ts=4
P2, tp=4, ts=4, x0=269660228, x1=136918708
P3, tp=4, ts=4, x0=222134378, x1=594189553
P3, tp=4, ts=4, x0=554368371, x1=653776203
P2, tp=4, ts=4, x0=478903784, x1=512089808
P2, tp=4, ts=4, x0=364297204, x1=286514879
P3, tp=4, ts=4, x0=960197595, x1=487261941
P1, tp=4, ts=4, x0=959840046, x1=895944523
P1, tp=4, ts=4, x0=465568244, x1=465568244
P2, tp=4, ts=4, x0=456248150, x1=568315041
P3, tp=4, ts=4, x0=767671825, x1=849010376
P1, tp=4, ts=4, x0=990229554, x1=767671825
P3, tp=4, ts=4, x0=789126390, x1=849010376
P2, tp=4, ts=4, x0=378025987, x1=463416745
P0, tp=4, ts=4
P3, tp=4, ts=4, x0=187187076, x1=193706648
P1, tp=4, ts=4, x0=940602364, x1=31049026
P0, tp=4, ts=4
P0, tp=4, ts=4
P2, tp=4, ts=4, x0=849010376, x1=439055059
P3, tp=4, ts=4, x0=773961174, x1=454979003
P1, tp=4, ts=4, x0=691756830, x1=446162547
P0, tp=4, ts=4
P3, tp=4, ts=4, x0=849010376, x1=960841218
P1, tp=4, ts=4, x0=793955134, x1=332184314
P3, tp=4, ts=4, x0=178447784, x1=768747209
P3, tp=4, ts=4, x0=940602364, x1=653776203
P1, tp=4, ts=4, x0=715448842, x1=691756830
P3, tp=4, ts=4, x0=136918708, x1=273509818
P2, tp=4, ts=4, x0=355157195, x1=446162547
P3, tp=4, ts=4, x0=960841218, x1=525505566
P2, tp=4, ts=4, x0=841489267, x1=793955134
P2, tp=4, ts=4, x0=194621906, x1=482297242
P2, tp=4, ts=4, x0=798467068, x1=222134378
P2, tp=4, ts=4, x0=193706648, x1=482297242
P0, tp=4, ts=4
P3, tp=4, ts=4, x0=222134378, x1=940602364
P0, tp=4, ts=4
P0, tp=4, ts=4
P1, tp=4, ts=4, x0=982080583, x1=721243929
P0, tp=4, ts=4
P3, tp=4, ts=4, x0=678977599, x1=377181535
P0, tp=4, ts=4
P1, tp=4, ts=4, x0=233427644, x1=983715049
P3, tp=4, ts=4, x0=463416745, x1=893128751
P0, tp=4, ts=4
P0, tp=4, ts=4
P0, tp=4, ts=4
P1, tp=4, ts=4, x0=273509818, x1=623394804
P3, tp=4, ts=4, x0=865897959, x1=829637607
P0, tp=4, ts=4
P3, tp=4, ts=4, x0=487261941, x1=207002179
P1, tp=4, ts=4, x0=773961174, x1=194621906
P2, tp=4, ts=4, x0=178447784, x1=378025987
P1, tp=4, ts=4, x0=798467068, x1=351192341
P1, tp=4, ts=4, x0=372147664, x1=865897959
P3, tp=4, ts=4, x0=125622291, x1=896656003
P2, tp=4, ts=4, x0=648365780, x1=487261941
P3, tp=4, ts=4, x0=767671825, x1=351192341
P0, tp=4, ts=4
P3, tp=4, ts=4, x0=525876842, x1=178447784
P3, tp=4, ts=4, x0=273509818, x1=839798115
P0, tp=4, ts=4
P3, tp=4, ts=4, x0=525505566, x1=767671825
P1, tp=4, ts=4, x0=991944501, x1=990614552
P2, tp=4, ts=4, x0=454979003, x1=938288107
P2, tp=4, ts=4, x0=369947661, x1=550284623
P3, tp=4, ts=4, x0=154772311, x1=991944501
P2, tp=4, ts=4, x0=233427644, x1=154772311
P3, tp=4, ts=4, x0=515488298, x1=482297242
P3, tp=4, ts=4, x0=31049026, x1=116155859
P2, tp=4, ts=4, x0=691756830, x1=31049026
P1, tp=4, ts=4, x0=777602721, x1=798467068
P0, tp=4, ts=4
P3, tp=4, ts=4, x0=31049026, x1=260038037
P1, tp=4, ts=4, x0=827173646, x1=154772311
P1, tp=4, ts=4, x0=75624235, x1=637499217
P0, tp=4, ts=4
P1, tp=4, ts=4, x0=865897959, x1=154772311
P1, tp=4, ts=4, x0=478903784, x1=793955134
P1, tp=4, ts=4, x0=268830605, x1=193706648
P0, tp=4, ts=4
P1, tp=4, ts=4, x0=795788526, x1=377181535
P2, tp=4, ts=4, x0=325560851, x1=75624235
P2, tp=4, ts=4, x0=260038037, x1=893128751
P0, tp=4, ts=4
P3, tp=4, ts=4, x0=721663097, x1=478903784
P2, tp=4, ts=4, x0=651352390, x1=154772311
P3, tp=4, ts=4, x0=783380479, x1=268830605
P0, tp=4, ts=4
P0, tp=4, ts=4
P0, tp=4, ts=4
P1, tp=4, ts=4, x0=990614552, x1=691756830
P0, tp=4, ts=4
P0, tp=4, ts=4
P2, tp=4, ts=4, x0=222134378, x1=9458546
P1, tp=4, ts=4, x0=783380479, x1=525876842
P2, tp=4, ts=4, x0=773961174, x1=595470176
P3, tp=4, ts=4, x0=865897959, x1=383406018
P0, tp=4, ts=4
P3, tp=4, ts=4, x0=6430302, x1=648365780
P0, tp=4, ts=4
P3, tp=4, ts=4, x0=6430302, x1=286514879
P3, tp=4, ts=4, x0=554368371, x1=247669909
P3, tp=4, ts=4, x0=355157195, x1=369947661
P1, tp=4, ts=4, x0=222134378, x1=525876842
P0, tp=4, ts=4
P3, tp=4, ts=4, x0=827173646, x1=768747209
P2, tp=4, ts=4, x0=439055059, x1=383406018
P3, tp=4, ts=4, x0=525505566, x1=817047335
P2, tp=4, ts=4, x0=827173646, x1=648365780
P2, tp=4, ts=4, x0=554368371, x1=275897331
P2, tp=4, ts=4, x0=861159218, x1=413631096
P2, tp=4, ts=4, x0=256195547, x1=256195547
P3, tp=4, ts=4, x0=623542647, x1=261252512
P1, tp=4, ts=4, x0=273509818, x1=875745578
P2, tp=4, ts=4, x0=154772311, x1=480240985
P3, tp=4, ts=4, x0=155339606, x1=566174730
P1, tp=4, ts=4, x0=525505566, x1=721243929
P3, tp=4, ts=4, x0=793955134, x1=69140036
P3, tp=4, ts=4, x0=991944501, x1=990229554
P1, tp=4, ts=4, x0=515488298, x1=6430302
P0, tp=4, ts=4
P0, tp=4, ts=4
P1, tp=4, ts=4, x0=594189553, x1=849010376
P3, tp=4, ts=4, x0=194621906, x1=256195547
P3, tp=4, ts=4, x0=236202006, x1=715448842
P2, tp=4, ts=4, x0=194621906, x1=286514879
P1, tp=4, ts=4, x0=768747209, x1=721663097
P2, tp=4, ts=4, x0=768747209, x1=691756830
P1, tp=4, ts=4, x0=116155859, x1=849010376
P0, tp=4, ts=4
P2, tp=4, ts=4, x0=193706648, x1=222134378
P3, tp=4, ts=4, x0=256195547, x1=399120484
P2, tp=4, ts=4, x0=767671825, x1=849010376
P2, tp=4, ts=4, x0=691756830, x1=982080583
P0, tp=4, ts=4
P2, tp=4, ts=4, x0=230944434, x1=768417664
P0, tp=4, ts=4
P1, tp=4, ts=4, x0=966303282, x1=465568244
P2, tp=4, ts=4, x0=990614552, x1=595470176
P0, tp=4, ts=4
P3, tp=4, ts=4, x0=721243929, x1=966303282
P2, tp=4, ts=4, x0=589937967, x1=777602721
P1, tp=4, ts=4, x0=711341966, x1=623542647
P1, tp=4, ts=4, x0=207002179, x1=594189553
P1, tp=4, ts=4, x0=795788526, x1=654874248
P3, tp=4, ts=4, x0=416202885, x1=959840046
P3, tp=4, ts=4, x0=332184314, x1=286514879
P0, tp=4, ts=4
P1, tp=4, ts=4, x0=383406018, x1=594189553
P3, tp=4, ts=4, x0=623542647, x1=767671825
P1, tp=4, ts=4, x0=369947661, x1=990229554
P3, tp=4, ts=4, x0=88988497, x1=193706648
P3, tp=4, ts=4, x0=178447784, x1=374635915
P3, tp=4, ts=4, x0=554368371, x1=845674636
P3, tp=4, ts=4, x0=937041280, x1=39715806
P0, tp=4, ts=4
P2, tp=4, ts=4, x0=651352390, x1=525876842
P1, tp=4, ts=4, x0=155339606, x1=233427644
P1, tp=4, ts=4, x0=715448842, x1=39715806
P1, tp=4, ts=4, x0=261252512, x1=222134378
P1, tp=4, ts=4, x0=983715049, x1=446162547
P2, tp=4, ts=4, x0=637499217, x1=351192341
P2, tp=4, ts=4, x0=793955134, x1=351192341
P3, tp=4, ts=4, x0=849010376, x1=897962761
P1, tp=4, ts=4, x0=966303282, x1=957569083
P3, tp=4, ts=4, x0=915035320, x1=682724905
P0, tp=4, ts=4
P0, tp=4, ts=4
P3, tp=4, ts=4, x0=829266065, x1=256195547
P1, tp=4, ts=4, x0=721243929, x1=691756830
P0, tp=4, ts=4
P2, tp=4, ts=4, x0=273509818, x1=990229554
P1, tp=4, ts=4, x0=721243929, x1=383406018
P1, tp=4, ts=4, x0=230944434, x1=682724905
P3, tp=4, ts=4, x0=6430302, x1=550284623
P0, tp=4, ts=4
P2, tp=4, ts=4, x0=332184314, x1=413631096
P1, tp=4, ts=4, x0=651352390, x1=247669909
P2, tp=4, ts=4, x0=269660228, x1=865897959
P0, tp=4, ts=4
P2, tp=4, ts=4, x0=9458546, x1=261252512
P3, tp=4, ts=4, x0=817047335, x1=273509818
P3, tp=4, ts=4, x0=480240985, x1=230944434
P0, tp=4, ts=4
P0, tp=4, ts=4
P0, tp=4, ts=4
P2, tp=4, ts=4, x0=269660228, x1=623542647
P0, tp=4, ts=4
P3, tp=4, ts=4, x0=456248150, x1=937041280
P0, tp=4, ts=4
P3, tp=4, ts=4, x0=957569083, x1=688256334
P0, tp=4, ts=4
P0, tp=4, ts=4
P0, tp=4, ts=4
P1, tp=4, ts=4, x0=116155859, x1=440736764
P1, tp=4, ts=4, x0=940602364, x1=233427644
P3, tp=4, ts=4, x0=230944434, x1=711341966
P1, tp=4, ts=4, x0=372147664, x1=136918708
P1, tp=4, ts=4, x0=982080583, x1=256195547
P0, tp=4, ts=4
P3, tp=4, ts=4, x0=525273246, x1=996880935
P3, tp=4, ts=4, x0=372147664, x1=940602364
P3, tp=4, ts=4, x0=236202006, x1=682724905
P2, tp=4, ts=4, x0=465568244, x1=767671825
P2, tp=4, ts=4, x0=990229554, x1=196541374
P3, tp=4, ts=4, x0=875745578, x1=940602364
P2, tp=4, ts=4, x0=845674636, x1=594189553
P0, tp=4, ts=4
P3, tp=4, ts=4, x0=594189553, x1=125622291
P0, tp=4, ts=4
P0, tp=4, ts=4
P2, tp=4, ts=4, x0=374635915, x1=196541374
P1, tp=4, ts=4, x0=966303282, x1=463416745
P0, tp=4, ts=4
P1, tp=4, ts=4, x0=332184314, x1=554368371
P1, tp=4, ts=4, x0=829266065, x1=6430302
P0, tp=4, ts=4
P1, tp=4, ts=4, x0=416202885, x1=135667386
P1, tp=4, ts=4, x0=550284623, x1=226466265
P2, tp=4, ts=4, x0=940602364, x1=589937967
P2, tp=4, ts=4, x0=915035320, x1=982080583
P2, tp=4, ts=4, x0=263573809, x1=841489267
P2, tp=4, ts=4, x0=845674636, x1=876481877
P3, tp=4, ts=4, x0=648365780, x1=372147664
P1, tp=4, ts=4, x0=463416745, x1=682724905
P3, tp=4, ts=4, x0=767671825, x1=773961174
P1, tp=4, ts=4, x0=989450625, x1=372147664
P0, tp=4, ts=4
P0, tp=4, ts=4
P1, tp=4, ts=4, x0=233427644, x1=74624411
P2, tp=4, ts=4, x0=413631096, x1=193706648
P2, tp=4, ts=4, x0=178447784, x1=875745578
P0, tp=4, ts=4
P1, tp=4, ts=4, x0=589937967, x1=795788526
P3, tp=4, ts=4, x0=372147664, x1=841489267
P2, tp=4, ts=4, x0=875745578, x1=915035320
P3, tp=4, ts=4, x0=263573809, x1=691756830
P3, tp=4, ts=4, x0=207002179, x1=876481877
P1, tp=4, ts=4, x0=566174730, x1=768747209
P3, tp=4, ts=4, x0=654874248, x1=654874248
P3, tp=4, ts=4, x0=959840046, x1=268830605
P1, tp=4, ts=4, x0=487261941, x1=377181535
P1, tp=4, ts=4, x0=88988497, x1=254649224
P3, tp=4, ts=4, x0=829637607, x1=990229554
P3, tp=4, ts=4, x0=178447784, x1=383406018
P2, tp=4, ts=4, x0=383406018, x1=268830605
P0, tp=4, ts=4
P0, tp=4, ts=4
P1, tp=4, ts=4, x0=829637607, x1=263573809
P3, tp=4, ts=4, x0=456248150, x1=550284623
P0, tp=4, ts=4
P0, tp=4, ts=4
P0, tp=4, ts=4
P3, tp=4, ts=4, x0=841489267, x1=793955134
P0, tp=4, ts=4
P0, tp=4, ts=4
P1, tp=4, ts=4, x0=938288107, x1=595470176
P3, tp=4, ts=4, x0=193706648, x1=446162547
P0, tp=4, ts=4
P2, tp=4, ts=4, x0=487261941, x1=135667386
P2, tp=4, ts=4, x0=207002179, x1=829266065
P0, tp=4, ts=4
P2, tp=4, ts=4, x0=377181535, x1=136918708
P1, tp=4, ts=4, x0=116155859, x1=463416745
P3, tp=4, ts=4, x0=6430302, x1=594189553
P2, tp=4, ts=4, x0=69097998, x1=688256334
P1, tp=4, ts=4, x0=777602721, x1=275897331
P1, tp=4, ts=4, x0=619011997, x1=991944501
P3, tp=4, ts=4, x0=254649224, x1=940602364
P0, tp=4, ts=4
P3, tp=4, ts=4, x0=525876842, x1=876481877
P1, tp=4, ts=4, x0=619011997, x1=767671825
P2, tp=4, ts=4, x0=196541374, x1=849010376
P1, tp=4, ts=4, x0=623542647, x1=480240985
P3, tp=4, ts=4, x0=795788526, x1=116155859
P3, tp=4, ts=4, x0=261252512, x1=876481877
P1, tp=4, ts=4, x0=841489267, x1=256195547
P0, tp=4, ts=4
P3, tp=4, ts=4, x0=525273246, x1=768747209
P0, tp=4, ts=4
P2, tp=4, ts=4, x0=915035320, x1=721663097
P2, tp=4, ts=4, x0=738094658, x1=487261941
P0, tp=4, ts=4
P1, tp=4, ts=4, x0=275897331, x1=594189553
P0, tp=4, ts=4
P3, tp=4, ts=4, x0=623394804, x1=777602721
P2, tp=4, ts=4, x0=817047335, x1=136918708
P2, tp=4, ts=4, x0=716910030, x1=69097998
P0, tp=4, ts=4
P0, tp=4, ts=4
P2, tp=4, ts=4, x0=957569083, x1=793955134
P0, tp=4, ts=4
P1, tp=4, ts=4, x0=782588046, x1=6430302
P0, tp=4, ts=4
P0, tp=4, ts=4
P2, tp=4, ts=4, x0=875745578, x1=849010376
P2, tp=4, ts=4, x0=721243929, x1=406541599
P1, tp=4, ts=4, x0=957569083, x1=875745578
P2, tp=4, ts=4, x0=554368371, x1=207002179
P1, tp=4, ts=4, x0=897962761, x1=782588046
P1, tp=4, ts=4, x0=525876842, x1=515488298
P0, tp=4, ts=4
P0, tp=4, ts=4
P1, tp=4, ts=4, x0=594189553, x1=525876842
P1, tp=4, ts=4, x0=525273246, x1=446162547
P2, tp=4, ts=4, x0=829637607, x1=116155859
P0, tp=4, ts=4
P0, tp=4, ts=4
P0, tp=4, ts=4
P1, tp=4, ts=4, x0=26454236, x1=407639747
P3, tp=4, ts=4, x0=651352390, x1=377181535
P1, tp=4, ts=4, x0=789142657, x1=997403862
P0, tp=4, ts=4
P0, tp=4, ts=4
P3, tp=4, ts=4, x0=256195547, x1=112976504
P0, tp=4, ts=4
P3, tp=4, ts=4, x0=554368371, x1=487261941
P2, tp=4, ts=4, x0=226466265, x1=721243929
P2, tp=4, ts=4, x0=383406018, x1=446162547
P0, tp=4, ts=4
P3, tp=4, ts=4, x0=465568244, x1=589937967
P1, tp=4, ts=4, x0=416202885, x1=875745578
P3, tp=4, ts=4, x0=446162547, x1=721243929
P1, tp=4, ts=4, x0=125622291, x1=594189553
P3, tp=4, ts=4, x0=224906571, x1=989450625
P1, tp=4, ts=4, x0=196541374, x1=275897331
P1, tp=4, ts=4, x0=767671825, x1=440736764
P0, tp=4, ts=4
P0, tp=4, ts=4
P3, tp=4, ts=4, x0=938288107, x1=623394804
P2, tp=4, ts=4, x0=688256334, x1=554368371
P3, tp=4, ts=4, x0=897962761, x1=364297204
P3, tp=4, ts=4, x0=721243929, x1=795788526
P2, tp=4, ts=4, x0=550284623, x1=897962761
P2, tp=4, ts=4, x0=226466265, x1=990614552
P1, tp=4, ts=4, x0=6430302, x1=996880935
P0, tp=4, ts=4
P2, tp=4, ts=4, x0=749678066, x1=505708687
P2, tp=4, ts=4, x0=637499217, x1=39715806
P1, tp=4, ts=4, x0=789142657, x1=411428405
P0, tp=4, ts=4
P0, tp=4, ts=4
P3, tp=4, ts=4, x0=623394804, x1=721243929
P2, tp=4, ts=4, x0=829266065, x1=406541599
P3, tp=4, ts=4, x0=233427644, x1=226466265
P2, tp=4, ts=4, x0=247669909, x1=135667386
P2, tp=4, ts=4, x0=637499217, x1=269660228
P0, tp=4, ts=4
P1, tp=4, ts=4, x0=487261941, x1=642378428
P1, tp=4, ts=4, x0=749678066, x1=845674636
P3, tp=4, ts=4, x0=957569083, x1=440736764
P0, tp=4, ts=4
P1, tp=4, ts=4, x0=996880935, x1=589937967
P3, tp=4, ts=4, x0=702625064, x1=364297204
P1, tp=4, ts=4, x0=224906571, x1=566174730
P3, tp=4, ts=4, x0=68901497, x1=136918708
P1, tp=4, ts=4, x0=637499217, x1=886671045
P2, tp=4, ts=4, x0=364297204, x1=88988497
P2, tp=4, ts=4, x0=136918708, x1=194621906
P2, tp=4, ts=4, x0=256195547, x1=789142657
P3, tp=4, ts=4, x0=789142657, x1=623542647
P1, tp=4, ts=4, x0=68901497, x1=996880935
P3, tp=4, ts=4, x0=982080583, x1=841489267
P0, tp=4, ts=4
P1, tp=4, ts=4, x0=957569083, x1=395394745
P3, tp=4, ts=4, x0=966303282, x1=981720470
P2, tp=4, ts=4, x0=829266065, x1=981720470
P1, tp=4, ts=4, x0=406541599, x1=193706648
P1, tp=4, ts=4, x0=795788526, x1=990614552
P1, tp=4, ts=4, x0=226466265, x1=406541599
P0, tp=4, ts=4
P3, tp=4, ts=4, x0=136918708, x1=836941184
P3, tp=4, ts=4, x0=654874248, x1=525876842
P3, tp=4, ts=4, x0=75624235, x1=406541599
P1, tp=4, ts=4, x0=768747209, x1=595470176
P0, tp=4, ts=4
P0, tp=4, ts=4
P1, tp=4, ts=4, x0=9458546, x1=75624235
P3, tp=4, ts=4, x0=637499217, x1=194621906
P3, tp=4, ts=4, x0=566174730, x1=793955134
P1, tp=4, ts=4, x0=836941184, x1=989450625
P1, tp=4, ts=4, x0=997403862, x1=795788526
P0, tp=4, ts=4
P2, tp=4, ts=4, x0=297115197, x1=782588046
P2, tp=4, ts=4, x0=938288107, x1=594189553
P0, tp=4, ts=4
P3, tp=4, ts=4, x0=782588046, x1=395394745
P0, tp=4, ts=4
P3, tp=4, ts=4, x0=782588046, x1=594189553
P1, tp=4, ts=4, x0=193706648, x1=886671045
P3, tp=4, ts=4, x0=407639747, x1=155339606
P0, tp=4, ts=4
P1, tp=4, ts=4, x0=990614552, x1=88988497
P1, tp=4, ts=4, x0=439055059, x1=777602721
P3, tp=4, ts=4, x0=439055059, x1=836941184
P3, tp=4, ts=4, x0=68901497, x1=642378428
P2, tp=4, ts=4, x0=372147664, x1=749678066
P2, tp=4, ts=4, x0=981720470, x1=194621906
P3, tp=4, ts=4, x0=623394804, x1=74624411
P0, tp=4, ts=4
P2, tp=4, ts=4, x0=256195547, x1=135667386
P0, tp=4, ts=4
P1, tp=4, ts=4, x0=224906571, x1=982080583
P3, tp=4, ts=4, x0=155339606, x1=155339606
P0, tp=4, ts=4
P1, tp=4, ts=4, x0=224906571, x1=193706648
P2, tp=4, ts=4, x0=236951520, x1=845674636
P2, tp=4, ts=4, x0=721243929, x1=915049420
P1, tp=4, ts=4, x0=841489267, x1=886671045
P3, tp=4, ts=4, x0=721663097, x1=989450625
P1, tp=4, ts=4, x0=505708687, x1=196541374
P0, tp=4, ts=4
P1, tp=4, ts=4, x0=525273246, x1=116155859
P2, tp=4, ts=4, x0=112976504, x1=651352390
P1, tp=4, ts=4, x0=9458546, x1=9458546
P3, tp=4, ts=4, x0=841489267, x1=716910030
P2, tp=5, ts=5, x0=39715806, x1=501896445
P0, tp=5, ts=5
P0, tp=5, ts=5
P1, tp=5, ts=5, x0=957569083, x1=155339606
P0, tp=5, ts=5
P1, tp=5, ts=5, x0=875745578, x1=711341966
P3, tp=5, ts=5, x0=749678066, x1=203484143
P1, tp=5, ts=5, x0=194621906, x1=377181535
P1, tp=5, ts=5, x0=594189553, x1=43237217
P1, tp=5, ts=5, x0=178447784, x1=263573809
P1, tp=5, ts=5, x0=777602721, x1=871415145
P3, tp=5, ts=5, x0=642378428, x1=236951520
P1, tp=5, ts=5, x0=196541374, x1=224906571
P3, tp=5, ts=5, x0=981720470, x1=990614552
P3, tp=5, ts=5, x0=897962761, x1=275897331
P3, tp=5, ts=5, x0=456248150, x1=875745578
P3, tp=5, ts=5, x0=749678066, x1=693030564
P1, tp=5, ts=5, x0=177186927, x1=817047335
P3, tp=5, ts=5, x0=501896445, x1=668394239
P0, tp=5, ts=5
P2, tp=5, ts=5, x0=439055059, x1=619011997
P1, tp=5, ts=5, x0=39715806, x1=112976504
P3, tp=5, ts=5, x0=263573809, x1=68901497
P0, tp=5, ts=5
P3, tp=5, ts=5, x0=297115197, x1=196541374
P3, tp=5, ts=5, x0=136918708, x1=768747209
P1, tp=5, ts=5, x0=135667386, x1=989450625
P3, tp=5, ts=5, x0=637499217, x1=886888726
P0, tp=5, ts=5
P3, tp=5, ts=5, x0=39715806, x1=841489267
P1, tp=5, ts=5, x0=875745578, x1=61958117
P1, tp=5, ts=5, x0=194621906, x1=795788526
P1, tp=5, ts=5, x0=623542647, x1=642378428
P1, tp=5, ts=5, x0=566174730, x1=693030564
P0, tp=5, ts=5
P1, tp=5, ts=5, x0=642378428, x1=982080583
P3, tp=5, ts=5, x0=196541374, x1=932420093
P3, tp=5, ts=5, x0=439055059, x1=795788526
P2, tp=5, ts=5, x0=623542647, x1=793955134
P1, tp=5, ts=5, x0=637499217, x1=397605244
P2, tp=5, ts=5, x0=795788526, x1=254649224
P2, tp=5, ts=5, x0=996880935, x1=981720470
P0, tp=5, ts=5
P3, tp=5, ts=5, x0=981720470, x1=411428405
P3, tp=5, ts=5, x0=269660228, x1=997403862
P1, tp=5, ts=5, x0=721663097, x1=724960077
P1, tp=5, ts=5, x0=459378328, x1=254649224
P1, tp=5, ts=5, x0=339497191, x1=990229554
P3, tp=5, ts=5, x0=990614552, x1=841489267
P0, tp=5, ts=5
P3, tp=5, ts=5, x0=106778167, x1=256195547
P3, tp=5, ts=5, x0=736203974, x1=505708687
P3, tp=5, ts=5, x0=782588046, x1=836941184
P1, tp=5, ts=5, x0=226466265, x1=768747209
P1, tp=5, ts=5, x0=642378428, x1=446162547
P0, tp=5, ts=5
P2, tp=5, ts=5, x0=407639747, x1=997403862
P1, tp=5, ts=5, x0=789142657, x1=88988497
P3, tp=5, ts=5, x0=768747209, x1=871415145
P1, tp=5, ts=5, x0=263573809, x1=446162547
P0, tp=5, ts=5
P3, tp=5, ts=5, x0=623394804, x1=871415145
P2, tp=5, ts=5, x0=395394745, x1=623394804
P0, tp=5, ts=5
P3, tp=5, ts=5, x0=595470176, x1=996880935
P3, tp=5, ts=5, x0=716910030, x1=566174730
P0, tp=5, ts=5
P0, tp=5, ts=5
P3, tp=5, ts=5, x0=136918708, x1=196541374
P1, tp=5, ts=5, x0=236951520, x1=724960077
P3, tp=5, ts=5, x0=595470176, x1=768747209
P3, tp=5, ts=5, x0=623542647, x1=364297204
P2, tp=5, ts=5, x0=203484143, x1=768747209
P3, tp=5, ts=5, x0=459378328, x1=504523701
P2, tp=5, ts=5, x0=395394745, x1=196541374
P0, tp=5, ts=5
P0, tp=5, ts=5
P2, tp=5, ts=5, x0=828415473, x1=233427644
P3, tp=5, ts=5, x0=178447784, x1=395394745
P3, tp=5, ts=5, x0=504523701, x1=721663097
P2, tp=5, ts=5, x0=247669909, x1=915049420
P3, tp=5, ts=5, x0=595470176, x1=938288107
P2, tp=5, ts=5, x0=43237217, x1=793955134
P1, tp=5, ts=5, x0=252022855, x1=932420093
P2, tp=5, ts=5, x0=568346948, x1=177186927
P0, tp=5, ts=5
P0, tp=5, ts=5
P2, tp=5, ts=5, x0=254649224, x1=957569083
P0, tp=5, ts=5
P3, tp=5, ts=5, x0=795788526, x1=69097998
P0, tp=5, ts=5
P1, tp=5, ts=5, x0=275897331, x1=177186927
P2, tp=5, ts=5, x0=990614552, x1=915035320
P3, tp=5, ts=5, x0=339497191, x1=395394745
P2, tp=5, ts=5, x0=795788526, x1=566174730
P1, tp=5, ts=5, x0=595470176, x1=875745578
P0, tp=5, ts=5
P0, tp=5, ts=5
P0, tp=5, ts=5
P2, tp=5, ts=5, x0=239002531, x1=135667386
P0, tp=5, ts=5
P3, tp=5, ts=5, x0=439055059, x1=480240985
P2, tp=5, ts=5, x0=716910030, x1=155339606
P2, tp=5, ts=5, x0=364297204, x1=990614552
P3, tp=5, ts=5, x0=915035320, x1=13937533
P3, tp=5, ts=5, x0=68901497, x1=777602721
P1, tp=5, ts=5, x0=480240985, x1=871415145
P1, tp=5, ts=5, x0=525876842, x1=915049420
P3, tp=5, ts=5, x0=938288107, x1=407639747
P2, tp=5, ts=5, x0=915049420, x1=88988497
P2, tp=5, ts=5, x0=795788526, x1=13937533
P0, tp=5, ts=5
P2, tp=5, ts=5, x0=938288107, x1=915049420
P1, tp=5, ts=5, x0=595470176, x1=399120484
P0, tp=5, ts=5
P3, tp=5, ts=5, x0=155339606, x1=589937967
P0, tp=5, ts=5
P1, tp=5, ts=5, x0=446162547, x1=915049420
P3, tp=5, ts=5, x0=177186927, x1=525273246
P1, tp=5, ts=5, x0=875745578, x1=989450625
P1, tp=5, ts=5, x0=378025987, x1=875745578
P1, tp=5, ts=5, x0=623542647, x1=351192341
P0, tp=5, ts=5
P0, tp=5, ts=5
P0, tp=5, ts=5
P1, tp=5, ts=5, x0=239002531, x1=429994021
P1, tp=5, ts=5, x0=768747209, x1=364297204
P2, tp=5, ts=5, x0=724960077, x1=740989092
P0, tp=5, ts=5
P0, tp=5, ts=5
P2, tp=5, ts=5, x0=88988497, x1=841489267
P2, tp=5, ts=5, x0=383406018, x1=411428405
P1, tp=5, ts=5, x0=91344904, x1=926459441
P3, tp=5, ts=5, x0=716910030, x1=738094658
P3, tp=5, ts=5, x0=619011997, x1=829266065
P2, tp=5, ts=5, x0=550284623, x1=177186927
P0, tp=5, ts=5
P1, tp=5, ts=5, x0=239002531, x1=668394239
P2, tp=5, ts=5, x0=886671045, x1=736203974
P3, tp=5, ts=5, x0=591364332, x1=789142657
P1, tp=5, ts=5, x0=233427644, x1=897962761
P1, tp=5, ts=5, x0=439055059, x1=926459441
P0, tp=5, ts=5
P0, tp=5, ts=5
P2, tp=5, ts=5, x0=915035320, x1=550284623
P0, tp=5, ts=5
P0, tp=5, ts=5
P3, tp=5, ts=5, x0=668394239, x1=724960077
P0, tp=5, ts=5
P3, tp=5, ts=5, x0=886671045, x1=591364332
P0, tp=5, ts=5
P1, tp=5, ts=5, x0=439055059, x1=91344904
P2, tp=5, ts=5, x0=440736764, x1=43237217
P1, tp=5, ts=5, x0=568346948, x1=709641777
P2, tp=5, ts=5, x0=9458546, x1=351192341
P1, tp=5, ts=5, x0=724960077, x1=399120484
P3, tp=5, ts=5, x0=230944434, x1=654874248
P2, tp=5, ts=5, x0=91344904, x1=926459441
P2, tp=5, ts=5, x0=196541374, x1=915049420
P2, tp=5, ts=5, x0=407639747, x1=256195547
P3, tp=5, ts=5, x0=459378328, x1=43237217
P0, tp=5, ts=5
P0, tp=5, ts=5
P0, tp=5, ts=5
P1, tp=5, ts=5, x0=395394745, x1=724960077
P2, tp=5, ts=5, x0=829266065, x1=957569083
P2, tp=5, ts=5, x0=591364332, x1=177186927
P1, tp=5, ts=5, x0=501896445, x1=923048838
P3, tp=5, ts=5, x0=504523701, x1=224906571
P3, tp=5, ts=5, x0=915049420, x1=399120484
P0, tp=5, ts=5
P0, tp=5, ts=5
P3, tp=5, ts=5, x0=709641777, x1=768747209
P1, tp=5, ts=5, x0=177186927, x1=178447784
P1, tp=5, ts=5, x0=795788526, x1=886671045
P0, tp=5, ts=5
P2, tp=5, ts=5, x0=651352390, x1=568346948
P2, tp=5, ts=5, x0=654874248, x1=876481877
P2, tp=5, ts=5, x0=651352390, x1=674342878
P2, tp=5, ts=5, x0=777602721, x1=395394745
P1, tp=5, ts=5, x0=440736764, x1=254649224
P3, tp=5, ts=5, x0=525273246, x1=550284623
P0, tp=5, ts=5
P2, tp=5, ts=5, x0=94143331, x1=70844238
P2, tp=5, ts=5, x0=68901497, x1=439055059
P1, tp=5, ts=5, x0=989450625, x1=178447784
P3, tp=5, ts=5, x0=69097998, x1=768747209
P0, tp=5, ts=5
P1, tp=5, ts=5, x0=203484143, x1=996880935
P3, tp=5, ts=5, x0=224906571, x1=340075065
P1, tp=5, ts=5, x0=170124953, x1=252022855
P1, tp=5, ts=5, x0=26454236, x1=217165976
P2, tp=5, ts=5, x0=693030564, x1=716910030
P3, tp=5, ts=5, x0=334636178, x1=106778167
P1, tp=5, ts=5, x0=74624411, x1=789142657
P0, tp=5, ts=5
P1, tp=5, ts=5, x0=559577864, x1=236951520
P1, tp=5, ts=5, x0=383406018, x1=828415473
P1, tp=5, ts=5, x0=170124953, x1=876481877
P0, tp=5, ts=5
P3, tp=5, ts=5, x0=982080583, x1=256195547
P3, tp=5, ts=5, x0=996880935, x1=254649224
P0, tp=5, ts=5
P1, tp=5, ts=5, x0=651352390, x1=623394804
P1, tp=5, ts=5, x0=440736764, x1=897962761
P3, tp=5, ts=5, x0=26454236, x1=351192341
P2, tp=5, ts=5, x0=836941184, x1=777602721
P2, tp=5, ts=5, x0=923048838, x1=651352390
P0, tp=5, ts=5
P3, tp=5, ts=5, x0=777602721, x1=74624411
P0, tp=5, ts=5
P2, tp=5, ts=5, x0=989450625, x1=407639747
P0, tp=5, ts=5
P2, tp=5, ts=5, x0=709641777, x1=69097998
P3, tp=5, ts=5, x0=177186927, x1=297115197
P3, tp=5, ts=5, x0=724960077, x1=926459441
P3, tp=5, ts=5, x0=926459441, x1=938288107
P0, tp=5, ts=5
P2, tp=5, ts=5, x0=217165976, x1=282094763
P0, tp=5, ts=5
P3, tp=5, ts=5, x0=915049420, x1=106778167
P3, tp=5, ts=5, x0=566174730, x1=550284623
P1, tp=5, ts=5, x0=275897331, x1=94143331
P2, tp=5, ts=5, x0=926459441, x1=836941184
P0, tp=5, ts=5
P1, tp=5, ts=5, x0=252022855, x1=589937967
P3, tp=5, ts=5, x0=178447784, x1=505708687
P0, tp=5, ts=5
P0, tp=5, ts=5
P3, tp=5, ts=5, x0=340075065, x1=43237217
P1, tp=5, ts=5, x0=619011997, x1=383406018
P2, tp=5, ts=5, x0=399120484, x1=395394745
P1, tp=5, ts=5, x0=828415473, x1=61958117
P3, tp=5, ts=5, x0=642378428, x1=203484143
P0, tp=5, ts=5
P1, tp=5, ts=5, x0=230944434, x1=459378328
P2, tp=5, ts=5, x0=721243929, x1=595369293
P0, tp=5, ts=5
P1, tp=5, ts=5, x0=106778167, x1=828415473
P2, tp=5, ts=5, x0=693030564, x1=693030564
P2, tp=5, ts=5, x0=525273246, x1=989450625
P0, tp=5, ts=5
P2, tp=5, ts=5, x0=256195547, x1=525273246
P3, tp=5, ts=5, x0=254649224, x1=709641777
P1, tp=5, ts=5, x0=724960077, x1=996880935
P1, tp=5, ts=5, x0=196541374, x1=642378428
P0, tp=5, ts=5
P2, tp=5, ts=5, x0=749678066, x1=196541374
P0, tp=5, ts=5
P1, tp=5, ts=5, x0=407639747, x1=395394745
P1, tp=5, ts=5, x0=981720470, x1=263573809
P2, tp=5, ts=5, x0=31811907, x1=224906571
P2, tp=5, ts=5, x0=876481877, x1=107111693
P2, tp=5, ts=5, x0=407639747, x1=351192341
P2, tp=5, ts=5, x0=595369293, x1=252022855
P0, tp=5, ts=5
P1, tp=5, ts=5, x0=395394745, x1=203484143
P0, tp=5, ts=5
P2, tp=5, ts=5, x0=230944434, x1=738094658
P3, tp=5, ts=5, x0=252022855, x1=26454236
P3, tp=5, ts=5, x0=871415145, x1=915035320
P1, tp=5, ts=5, x0=871415145, x1=275897331
P1, tp=5, ts=5, x0=283024524, x1=789142657
P2, tp=5, ts=5, x0=981720470, x1=230944434
P0, tp=5, ts=5
P0, tp=5, ts=5
P2, tp=5, ts=5, x0=595470176, x1=224906571
P0, tp=5, ts=5
P2, tp=5, ts=5, x0=155339606, x1=566174730
P3, tp=5, ts=5, x0=340075065, x1=938288107
P0, tp=5, ts=5
P2, tp=5, ts=5, x0=736203974, x1=932420093
P1, tp=5, ts=5, x0=297115197, x1=642378428
P3, tp=5, ts=5, x0=8537553, x1=161191281
P2, tp=5, ts=5, x0=619011997, x1=525273246
P0, tp=5, ts=5
P3, tp=5, ts=5, x0=876481877, x1=397605244
P1, tp=5, ts=5, x0=956822708, x1=651352390
P2, tp=5, ts=5, x0=154741804, x1=88988497
P3, tp=5, ts=5, x0=440736764, x1=595369293
P3, tp=5, ts=5, x0=88988497, x1=468306960
P2, tp=5, ts=5, x0=239002531, x1=263573809
P0, tp=5, ts=5
P1, tp=5, ts=5, x0=263573809, x1=595369293
P0, tp=5, ts=5
P2, tp=5, ts=5, x0=263573809, x1=738094658
P3, tp=5, ts=5, x0=550284623, x1=161191281
P0, tp=5, ts=5
P2, tp=5, ts=5, x0=282094763, x1=625476605
P1, tp=5, ts=5, x0=16265941, x1=525273246
P0, tp=5, ts=5
P0, tp=5, ts=5
P2, tp=5, ts=5, x0=340075065, x1=256195547
P3, tp=5, ts=5, x0=275897331, x1=236951520
P0, tp=5, ts=5
P1, tp=5, ts=5, x0=106778167, x1=693030564
P1, tp=5, ts=5, x0=16265941, x1=334636178
P2, tp=5, ts=5, x0=654874248, x1=68901497
P2, tp=5, ts=5, x0=668394239, x1=135466172
P2, tp=5, ts=5, x0=91344904, x1=897962761
P1, tp=5, ts=5, x0=135667386, x1=876481877
P3, tp=5, ts=5, x0=468306960, x1=674342878
P3, tp=5, ts=5, x0=217165976, x1=8537553
P2, tp=5, ts=5, x0=871415145, x1=254649224
P2, tp=5, ts=5, x0=724960077, x1=107111693
P2, tp=5, ts=5, x0=568346948, x1=26454236
P3, tp=5, ts=5, x0=740989092, x1=106778167
P1, tp=5, ts=5, x0=107111693, x1=716910030
P1, tp=5, ts=5, x0=282094763, x1=74624411
P1, tp=5, ts=5, x0=91344904, x1=568346948
P2, tp=5, ts=5, x0=91344904, x1=154741804
P1, tp=5, ts=5, x0=738094658, x1=107111693
P1, tp=5, ts=5, x0=997403862, x1=91344904
P0, tp=5, ts=5
P0, tp=5, ts=5
P1, tp=5, ts=5, x0=339497191, x1=275897331
P1, tp=5, ts=5, x0=8537553, x1=568346948
P2, tp=5, ts=5, x0=468306960, x1=886888726
P0, tp=5, ts=5
P3, tp=5, ts=5, x0=595369293, x1=595369293
P1, tp=5, ts=5, x0=69097998, x1=651352390
P3, tp=5, ts=5, x0=716910030, x1=997403862
P2, tp=5, ts=5, x0=459378328, x1=170124953
P1, tp=5, ts=5, x0=595470176, x1=224906571
P2, tp=5, ts=5, x0=566174730, x1=915035320
P3, tp=5, ts=5, x0=595369293, x1=407639747
P2, tp=5, ts=5, x0=957569083, x1=923048838
P3, tp=5, ts=5, x0=957569083, x1=254649224
P0, tp=5, ts=5
P3, tp=5, ts=5, x0=828415473, x1=26454236
P1, tp=5, ts=5, x0=263573809, x1=13937533
P2, tp=5, ts=5, x0=566174730, x1=112976504
P2, tp=5, ts=5, x0=981720470, x1=61958117
P1, tp=5, ts=5, x0=31811907, x1=595470176
P1, tp=5, ts=5, x0=170124953, x1=619011997
P0, tp=5, ts=5
P0, tp=5, ts=5
P1, tp=5, ts=5, x0=275897331, x1=454311334
P1, tp=5, ts=5, x0=981720470, x1=136252704
P1, tp=5, ts=5, x0=69097998, x1=26454236
P0, tp=5, ts=5
P0, tp=5, ts=5
P2, tp=5, ts=5, x0=693030564, x1=566174730
P1, tp=5, ts=5, x0=213655767, x1=340075065
P2, tp=5, ts=5, x0=224906571, x1=749678066
P3, tp=5, ts=5, x0=875745578, x1=967373649
P1, tp=5, ts=5, x0=886671045, x1=230944434
P2, tp=5, ts=5, x0=69097998, x1=595369293
P2, tp=5, ts=5, x0=283024524, x1=619011997
P0, tp=5, ts=5
P0, tp=5, ts=5
P3, tp=5, ts=5, x0=702625064, x1=693030564
P2, tp=5, ts=5, x0=106778167, x1=621169062
P2, tp=5, ts=5, x0=61958117, x1=297115197
P0, tp=5, ts=5
P2, tp=5, ts=5, x0=451407445, x1=740989092
P0, tp=5, ts=5
P2, tp=5, ts=5, x0=88988497, x1=560973240
P0, tp=5, ts=5
P1, tp=5, ts=5, x0=70844238, x1=203484143
P2, tp=5, ts=5, x0=254649224, x1=693030564
P2, tp=5, ts=5, x0=16265941, x1=897962761
P0, tp=5, ts=5
P2, tp=5, ts=5, x0=31811907, x1=836941184
P2, tp=5, ts=5, x0=633522603, x1=915035320
P3, tp=5, ts=5, x0=621169062, x1=956822708
P2, tp=5, ts=5, x0=981720470, x1=724960077
P0, tp=5, ts=5
P3, tp=5, ts=5, x0=203484143, x1=26454236
P1, tp=5, ts=5, x0=501896445, x1=252022855
P0, tp=5, ts=5
P0, tp=5, ts=5
P0, tp=5, ts=5
P3, tp=5, ts=5, x0=135667386, x1=633522603
P0, tp=5, ts=5
P0, tp=5, ts=5
P1, tp=5, ts=5, x0=749678066, x1=886888726
P0, tp=5, ts=5
P1, tp=5, ts=5, x0=339497191, x1=506607601
P0, tp=5, ts=5
P2, tp=5, ts=5, x0=43237217, x1=61958117
P2, tp=5, ts=5, x0=505708687, x1=740989092
P2, tp=5, ts=5, x0=926459441, x1=923048838
P2, tp=5, ts=5, x0=619011997, x1=321037901
P0, tp=5, ts=5
P0, tp=5, ts=5
P2, tp=5, ts=5, x0=709641777, x1=254649224
P1, tp=5, ts=5, x0=915035320, x1=923048838
P1, tp=5, ts=5, x0=161191281, x1=8537553
P2, tp=5, ts=5, x0=334636178, x1=989450625
P2, tp=5, ts=5, x0=254649224, x1=589937967
P3, tp=5, ts=5, x0=589937967, x1=135667386
P2, tp=5, ts=5, x0=996880935, x1=619011997
P2, tp=5, ts=5, x0=541793764, x1=693030564
P0, tp=5, ts=5
P2, tp=5, ts=5, x0=915035320, x1=501896445
P2, tp=5, ts=5, x0=236951520, x1=886671045
P2, tp=5, ts=5, x0=876481877, x1=595369293
P3, tp=5, ts=5, x0=836941184, x1=674342878
P0, tp=5, ts=5
P0, tp=5, ts=5
P3, tp=5, ts=5, x0=981720470, x1=501896445
P0, tp=5, ts=5
P0, tp=5, ts=5
P1, tp=5, ts=5, x0=619011997, x1=263573809
P2, tp=5, ts=5, x0=429994021, x1=886671045
P2, tp=5, ts=5, x0=239002531, x1=105960860
P3, tp=5, ts=5, x0=334636178, x1=395394745
P0, tp=5, ts=5
P2, tp=5, ts=5, x0=8537553, x1=736203974
P1, tp=5, ts=5, x0=967373649, x1=454311334
P0, tp=5, ts=5
P1, tp=5, ts=5, x0=440736764, x1=505708687
P0, tp=5, ts=5
P2, tp=5, ts=5, x0=334636178, x1=155967104
P0, tp=5, ts=5
P3, tp=5, ts=5, x0=724960077, x1=702625064
P0, tp=5, ts=5
P1, tp=5, ts=5, x0=321037901, x1=981720470
P1, tp=5, ts=5, x0=429994021, x1=740989092
P2, tp=5, ts=5, x0=789340274, x1=283024524
P2, tp=5, ts=5, x0=915035320, x1=736203974
P3, tp=5, ts=5, x0=904188454, x1=253147927
P0, tp=5, ts=5
P3, tp=5, ts=5, x0=31811907, x1=236951520
P0, tp=5, ts=5
P2, tp=5, ts=5, x0=871415145, x1=236951520
P2, tp=5, ts=5, x0=997403862, x1=621169062
P1, tp=5, ts=5, x0=967373649, x1=997403862
P2, tp=5, ts=5, x0=380858942, x1=16265941
P0, tp=5, ts=5
P0, tp=5, ts=5
P3, tp=5, ts=5, x0=395394745, x1=541793764
P3, tp=5, ts=5, x0=621169062, x1=836941184
P2, tp=5, ts=5, x0=107111693, x1=31811907
P1, tp=5, ts=5, x0=967373649, x1=736203974
P0, tp=5, ts=5
P1, tp=5, ts=5, x0=203484143, x1=282094763
P1, tp=5, ts=5, x0=740989092, x1=282094763
P2, tp=5, ts=5, x0=367568060, x1=989450625
P3, tp=5, ts=5, x0=252022855, x1=541793764
P0, tp=5, ts=5
P1, tp=5, ts=5, x0=297115197, x1=112976504
P1, tp=5, ts=5, x0=716910030, x1=749678066
P0, tp=5, ts=5
P1, tp=5, ts=5, x0=789340274, x1=68901497
P0, tp=5, ts=5
P2, tp=5, ts=5, x0=13937533, x1=736203974
P3, tp=5, ts=5, x0=936007018, x1=135466172
P0, tp=5, ts=5
P3, tp=5, ts=5, x0=70844238, x1=871415145
P2, tp=5, ts=5, x0=239002531, x1=932420093
P2, tp=5, ts=5, x0=621169062, x1=923048838
P1, tp=5, ts=5, x0=997403862, x1=633522603
P0, tp=5, ts=5
P3, tp=5, ts=5, x0=13937533, x1=429994021
P1, tp=5, ts=5, x0=740989092, x1=106778167
P2, tp=5, ts=5, x0=213655767, x1=642378428
P1, tp=5, ts=5, x0=674342878, x1=43237217
P0, tp=5, ts=5
P1, tp=5, ts=5, x0=505708687, x1=557929790
P2, tp=5, ts=5, x0=411207098, x1=367568060
P2, tp=5, ts=5, x0=380858942, x1=282094763
P0, tp=5, ts=5
P0, tp=5, ts=5
P2, tp=5, ts=5, x0=170124953, x1=886888726
P3, tp=5, ts=5, x0=128228522, x1=932420093
P3, tp=5, ts=5, x0=926459441, x1=967373649
P1, tp=5, ts=5, x0=702625064, x1=468306960
P2, tp=5, ts=5, x0=560973240, x1=94143331
P1, tp=5, ts=5, x0=407639747, x1=936007018
P3, tp=5, ts=5, x0=557929790, x1=716910030
P1, tp=5, ts=5, x0=738094658, x1=8537553
P0, tp=5, ts=5
P3, tp=5, ts=5, x0=716910030, x1=252022855
P1, tp=5, ts=5, x0=91344904, x1=451407445
P3, tp=5, ts=5, x0=468306960, x1=105960860
P3, tp=5, ts=5, x0=633522603, x1=633522603
P3, tp=5, ts=5, x0=738094658, x1=871415145
P1, tp=5, ts=5, x0=591364332, x1=836941184
P1, tp=5, ts=5, x0=740989092, x1=617109892
P3, tp=5, ts=5, x0=154741804, x1=224906571
P2, tp=5, ts=5, x0=13937533, x1=904188454
P1, tp=5, ts=5, x0=16265941, x1=716910030
P2, tp=5, ts=5, x0=559577864, x1=213655767
P2, tp=5, ts=5, x0=981720470, x1=407639747
P2, tp=5, ts=5, x0=94143331, x1=621169062
P1, tp=5, ts=5, x0=828415473, x1=560973240
P0, tp=5, ts=5
P1, tp=5, ts=5, x0=997403862, x1=702625064
P0, tp=5, ts=5
P3, tp=5, ts=5, x0=16265941, x1=704427958
P3, tp=5, ts=5, x0=217165976, x1=709641777
P0, tp=5, ts=5
P1, tp=5, ts=5, x0=407639747, x1=254649224
P1, tp=5, ts=5, x0=367568060, x1=392432443
P3, tp=5, ts=5, x0=505708687, x1=468306960
P3, tp=5, ts=5, x0=43237217, x1=112976504
P0, tp=5, ts=5
P3, tp=5, ts=5, x0=506607601, x1=997403862
P1, tp=5, ts=5, x0=761806304, x1=716910030
P1, tp=5, ts=5, x0=459378328, x1=764925690
P1, tp=5, ts=5, x0=106778167, x1=16265941
P1, tp=5, ts=5, x0=344440560, x1=392432443
P3, tp=5, ts=5, x0=43237217, x1=43237217
P1, tp=5, ts=5, x0=224906571, x1=70844238
P2, tp=5, ts=5, x0=454311334, x1=8537553
P1, tp=5, ts=5, x0=334636178, x1=619011997
P2, tp=5, ts=5, x0=68901497, x1=252022855
P3, tp=5, ts=5, x0=340075065, x1=94143331
P3, tp=5, ts=5, x0=935501997, x1=68901497
P1, tp=5, ts=5, x0=871415145, x1=224906571
P0, tp=5, ts=5
P0, tp=5, ts=5
P0, tp=5, ts=5
P2, tp=5, ts=5, x0=505708687, x1=16265941
P0, tp=5, ts=5
P0, tp=5, ts=5
P2, tp=5, ts=5, x0=13937533, x1=367568060
P2, tp=5, ts=5, x0=282094763, x1=380858942
P2, tp=5, ts=5, x0=135466172, x1=828415473
P0, tp=5, ts=5
P1, tp=5, ts=5, x0=8537553, x1=239002531
P0, tp=5, ts=5
P1, tp=5, ts=5, x0=836941184, x1=395394745
P3, tp=5, ts=5, x0=224906571, x1=367568060
P0, tp=5, ts=5
P0, tp=5, ts=5
P1, tp=5, ts=5, x0=468306960, x1=170124953
P3, tp=5, ts=5, x0=557929790, x1=935501997
P1, tp=5, ts=5, x0=568346948, x1=31811907
P3, tp=5, ts=5, x0=154741804, x1=505708687
P2, tp=5, ts=5, x0=144399779, x1=13937533
P3, tp=5, ts=5, x0=505708687, x1=144399779
P0, tp=5, ts=5
P3, tp=5, ts=5, x0=26454236, x1=617109892
P1, tp=5, ts=5, x0=106778167, x1=239002531
P3, tp=5, ts=5, x0=740989092, x1=397605244
P2, tp=5, ts=5, x0=935501997, x1=926459441
P3, tp=5, ts=5, x0=749678066, x1=429994021
P3, tp=5, ts=5, x0=339497191, x1=380858942
P1, tp=5, ts=5, x0=764925690, x1=967373649
P0, tp=5, ts=5
P2, tp=5, ts=5, x0=557929790, x1=131362575
P1, tp=5, ts=5, x0=252022855, x1=897285471
P3, tp=5, ts=5, x0=128228522, x1=923048838
P3, tp=5, ts=5, x0=155967104, x1=572143154
P1, tp=5, ts=5, x0=283024524, x1=16265941
P1, tp=5, ts=5, x0=392432443, x1=724960077
P1, tp=5, ts=5, x0=923048838, x1=367568060
P1, tp=5, ts=5, x0=397605244, x1=203484143
P0, tp=5, ts=5
P2, tp=5, ts=5, x0=828415473, x1=935501997
P0, tp=5, ts=5
P3, tp=5, ts=5, x0=367568060, x1=704427958
P3, tp=5, ts=5, x0=923048838, x1=501896445
P2, tp=5, ts=5, x0=764184679, x1=724960077
P3, tp=5, ts=5, x0=112976504, x1=395394745
P1, tp=5, ts=5, x0=411207098, x1=541793764
P3, tp=5, ts=5, x0=70844238, x1=411207098
P3, tp=5, ts=5, x0=454311334, x1=112976504
P1, tp=5, ts=5, x0=923048838, x1=429994021
P1, tp=5, ts=5, x0=181739991, x1=454311334
P0, tp=5, ts=5
P3, tp=5, ts=5, x0=91344904, x1=429994021
P2, tp=5, ts=5, x0=61958117, x1=16265941
P2, tp=5, ts=5, x0=595369293, x1=621169062
P0, tp=5, ts=5
P3, tp=5, ts=5, x0=468306960, x1=828415473
P3, tp=5, ts=5, x0=203484143, x1=935501997
P1, tp=5, ts=5, x0=144399779, x1=668394239
P1, tp=5, ts=5, x0=704427958, x1=107111693
P1, tp=5, ts=5, x0=736203974, x1=107111693
P2, tp=5, ts=5, x0=344440560, x1=625476605
P0, tp=5, ts=5
P0, tp=5, ts=5
P0, tp=5, ts=5
P3, tp=5, ts=5, x0=68901497, x1=621169062
P0, tp=5, ts=5
P2, tp=5, ts=5, x0=625476605, x1=932420093
P3, tp=5, ts=5, x0=591364332, x1=170124953
P1, tp=5, ts=5, x0=506607601, x1=144399779
P1, tp=5, ts=5, x0=736203974, x1=591602694
P0, tp=5, ts=5
P3, tp=5, ts=5, x0=107111693, x1=541793764
P3, tp=5, ts=5, x0=282094763, x1=674342878
P0, tp=5, ts=5
P0, tp=5, ts=5
P3, tp=5, ts=5, x0=724960077, x1=789340274
P1, tp=5, ts=5, x0=107111693, x1=674342878
P2, tp=5, ts=5, x0=108112204, x1=764925690
P0, tp=5, ts=5
P3, tp=5, ts=5, x0=340075065, x1=468306960
P0, tp=5, ts=5
P0, tp=5, ts=5
P3, tp=5, ts=5, x0=617109892, x1=70844238
P1, tp=5, ts=5, x0=57653800, x1=789340274
P0, tp=5, ts=5
P0, tp=5, ts=5
P1, tp=5, ts=5, x0=924324086, x1=392432443
P1, tp=5, ts=5, x0=297115197, x1=935501997
P2, tp=5, ts=5, x0=828415473, x1=897285471
P0, tp=5, ts=5
P3, tp=5, ts=5, x0=340075065, x1=904188454
P3, tp=5, ts=5, x0=340075065, x1=591602694
P3, tp=5, ts=5, x0=828415473, x1=344440560
P3, tp=5, ts=5, x0=4169698, x1=761806304
P1, tp=5, ts=5, x0=31811907, x1=958866728
P2, tp=5, ts=5, x0=956822708, x1=591602694
P2, tp=5, ts=5, x0=459378328, x1=764925690
P1, tp=5, ts=5, x0=392432443, x1=367568060
P3, tp=5, ts=5, x0=915049420, x1=557929790
P2, tp=5, ts=5, x0=344440560, x1=61958117
P1, tp=5, ts=5, x0=468306960, x1=709641777
P2, tp=5, ts=5, x0=454311334, x1=936007018
P1, tp=5, ts=5, x0=392432443, x1=154741804
P3, tp=5, ts=5, x0=886888726, x1=297115197
P2, tp=5, ts=5, x0=548419584, x1=704427958
P3, tp=5, ts=5, x0=252022855, x1=981720470
P0, tp=5, ts=5
P0, tp=5, ts=5
P1, tp=5, ts=5, x0=13937533, x1=399355728
P2, tp=5, ts=5, x0=144399779, x1=736203974
P2, tp=5, ts=5, x0=504523701, x1=454311334
P3, tp=5, ts=5, x0=170124953, x1=107111693
P1, tp=5, ts=5, x0=926459441, x1=932420093
P0, tp=5, ts=5
P1, tp=5, ts=5, x0=311077215, x1=548419584
P1, tp=5, ts=5, x0=411207098, x1=789340274
P2, tp=5, ts=5, x0=43237217, x1=541793764
P2, tp=5, ts=5, x0=560973240, x1=181739991
P0, tp=5, ts=5
P3, tp=5, ts=5, x0=924324086, x1=924324086
P0, tp=5, ts=5
P1, tp=5, ts=5, x0=958866728, x1=981720470
P3, tp=5, ts=5, x0=571619243, x1=177186927
P3, tp=5, ts=5, x0=144399779, x1=932420093
P3, tp=5, ts=5, x0=31811907, x1=135466172
P2, tp=5, ts=5, x0=548419584, x1=397605244
P2, tp=5, ts=5, x0=107111693, x1=924324086
P3, tp=5, ts=5, x0=144104258, x1=105960860
P2, tp=5, ts=5, x0=668394239, x1=572143154
P3, tp=5, ts=5, x0=789340274, x1=693030564
P1, tp=5, ts=5, x0=367568060, x1=557929790
P2, tp=5, ts=5, x0=367568060, x1=730248318
P0, tp=5, ts=5
P1, tp=5, ts=5, x0=380858942, x1=344440560
P2, tp=5, ts=5, x0=924324086, x1=253147927
P3, tp=5, ts=5, x0=128228522, x1=923048838
P1, tp=5, ts=5, x0=468306960, x1=107111693
P3, tp=5, ts=5, x0=31811907, x1=459378328
P2, tp=5, ts=5, x0=334636178, x1=613979073
P1, tp=5, ts=5, x0=459378328, x1=923048838
P1, tp=5, ts=5, x0=958866728, x1=107111693
P0, tp=5, ts=5
P0, tp=5, ts=5
P2, tp=5, ts=5, x0=617974819, x1=321037901
P1, tp=5, ts=5, x0=203484143, x1=155967104
P1, tp=5, ts=5, x0=107111693, x1=506607601
P2, tp=5, ts=5, x0=144104258, x1=935501997
P2, tp=5, ts=5, x0=31811907, x1=4169698
P1, tp=5, ts=5, x0=500383292, x1=380858942
P1, tp=5, ts=5, x0=500383292, x1=4169698
P3, tp=5, ts=5, x0=617109892, x1=411207098
P2, tp=5, ts=5, x0=170124953, x1=956822708
P3, tp=5, ts=5, x0=340075065, x1=154741804
P0, tp=5, ts=5
P0, tp=5, ts=5
P2, tp=5, ts=5, x0=177186927, x1=967373649
P2, tp=5, ts=5, x0=625476605, x1=252022855
P2, tp=5, ts=5, x0=155967104, x1=16265941
P0, tp=5, ts=5
P3, tp=5, ts=5, x0=541793764, x1=136252704
P1, tp=5, ts=5, x0=16265941, x1=834698196
P2, tp=5, ts=5, x0=958866728, x1=4169698
P1, tp=5, ts=5, x0=557929790, x1=674342878
P2, tp=5, ts=5, x0=506607601, x1=764184679
P3, tp=5, ts=5, x0=736203974, x1=693030564
P2, tp=5, ts=5, x0=897285471, x1=339497191
P1, tp=5, ts=5, x0=535143151, x1=43237217
P2, tp=5, ts=5, x0=261204615, x1=397605244
P1, tp=5, ts=5, x0=932420093, x1=704427958
P1, tp=5, ts=5, x0=595369293, x1=181739991
P3, tp=5, ts=5, x0=598474596, x1=70844238
P2, tp=5, ts=5, x0=106778167, x1=924324086
P2, tp=5, ts=5, x0=367568060, x1=924324086
P1, tp=5, ts=5, x0=828415473, x1=340075065
P2, tp=5, ts=5, x0=411207098, x1=693030564
P1, tp=5, ts=5, x0=568346948, x1=459192419
P0, tp=5, ts=5
P0, tp=5, ts=5
P1, tp=5, ts=5, x0=399355728, x1=392432443
P0, tp=5, ts=5
P1, tp=5, ts=5, x0=936007018, x1=935501997
P3, tp=5, ts=5, x0=990081632, x1=990081632
P0, tp=5, ts=5
P2, tp=5, ts=5, x0=633522603, x1=261204615
P0, tp=5, ts=5
P1, tp=5, ts=5, x0=94143331, x1=135466172
P2, tp=5, ts=5, x0=613979073, x1=834698196
P2, tp=5, ts=5, x0=449304916, x1=321037901
P3, tp=5, ts=5, x0=541793764, x1=339497191
P1, tp=5, ts=5, x0=282094763, x1=591602694
P0, tp=5, ts=5
P2, tp=5, ts=5, x0=106778167, x1=399355728
P0, tp=5, ts=5
P2, tp=5, ts=5, x0=761806304, x1=595369293
P1, tp=5, ts=5, x0=70844238, x1=252022855
P3, tp=5, ts=5, x0=344440560, x1=16265941
P1, tp=5, ts=5, x0=828415473, x1=459192419
P1, tp=5, ts=5, x0=557929790, x1=432064988
P1, tp=5, ts=5, x0=392432443, x1=617109892
P3, tp=5, ts=5, x0=344440560, x1=932420093
P3, tp=5, ts=5, x0=400188003, x1=541793764
P2, tp=5, ts=5, x0=321037901, x1=557929790
P3, tp=5, ts=5, x0=572143154, x1=8537553
P3, tp=5, ts=5, x0=339497191, x1=94143331
P3, tp=5, ts=5, x0=571619243, x1=843468459
P2, tp=5, ts=5, x0=621169062, x1=500383292
P2, tp=5, ts=5, x0=724960077, x1=568346948
P2, tp=5, ts=5, x0=108112204, x1=736203974
P3, tp=5, ts=5, x0=283024524, x1=252022855
P3, tp=5, ts=5, x0=595369293, x1=843468459
P3, tp=5, ts=5, x0=70844238, x1=568581665
P2, tp=5, ts=5, x0=185292178, x1=161191281
P1, tp=5, ts=5, x0=621169062, x1=267627622
P0, tp=5, ts=5
P3, tp=5, ts=5, x0=429994021, x1=400188003
P2, tp=5, ts=5, x0=568746433, x1=730248318
P3, tp=5, ts=5, x0=105960860, x1=267627622
P0, tp=5, ts=5
P2, tp=5, ts=5, x0=633522603, x1=340075065
P3, tp=5, ts=5, x0=247600319, x1=557929790
P0, tp=5, ts=5
P3, tp=5, ts=5, x0=245009023, x1=16265941
P1, tp=5, ts=5, x0=598474596, x1=429994021
P0, tp=5, ts=5
P0, tp=5, ts=5
P0, tp=5, ts=5
P3, tp=5, ts=5, x0=181739991, x1=560973240
P1, tp=5, ts=5, x0=956822708, x1=740989092
P2, tp=5, ts=5, x0=527146384, x1=400188003
P3, tp=5, ts=5, x0=133165140, x1=144104258
P3, tp=5, ts=5, x0=144399779, x1=924324086
P1, tp=5, ts=5, x0=990081632, x1=924324086
P0, tp=5, ts=5
P2, tp=5, ts=5, x0=399355728, x1=468306960
P1, tp=5, ts=5, x0=269043948, x1=135466172
P1, tp=5, ts=5, x0=411207098, x1=283024524
P3, tp=5, ts=5, x0=400188003, x1=571619243
P0, tp=5, ts=5
P0, tp=5, ts=5
P3, tp=5, ts=5, x0=321037901, x1=158989396
P3, tp=5, ts=5, x0=559577864, x1=392432443
P1, tp=5, ts=5, x0=625476605, x1=400188003
P1, tp=5, ts=5, x0=704427958, x1=13937533
P0, tp=5, ts=5
P0, tp=5, ts=5
P2, tp=5, ts=5, x0=568746433, x1=625476605
P3, tp=5, ts=5, x0=144399779, x1=621169062
P3, tp=5, ts=5, x0=227503296, x1=181739991
P3, tp=5, ts=5, x0=181739991, x1=709641777
P3, tp=5, ts=5, x0=272933059, x1=253147927
P2, tp=5, ts=5, x0=449880464, x1=541793764
P0, tp=5, ts=5
P0, tp=5, ts=5
P0, tp=5, ts=5
P1, tp=5, ts=5, x0=897285471, x1=217165976
P1, tp=5, ts=5, x0=617109892, x1=247600319
P1, tp=5, ts=5, x0=91344904, x1=131362575
P1, tp=5, ts=5, x0=958866728, x1=617109892
P2, tp=5, ts=5, x0=4169698, x1=963274312
P0, tp=5, ts=5
P1, tp=5, ts=5, x0=181739991, x1=449304916
P1, tp=5, ts=5, x0=311077215, x1=449304916
P1, tp=5, ts=5, x0=245009023, x1=462578321
P3, tp=5, ts=5, x0=192930643, x1=571619243
P2, tp=5, ts=5, x0=617974819, x1=605766328
P2, tp=5, ts=5, x0=144043987, x1=136252704
P2, tp=5, ts=5, x0=764925690, x1=245009023
P1, tp=5, ts=5, x0=559577864, x1=311077215
P3, tp=5, ts=5, x0=181739991, x1=459192419
P3, tp=5, ts=5, x0=311077215, x1=283024524
P1, tp=5, ts=5, x0=449880464, x1=105960860
P3, tp=5, ts=5, x0=936007018, x1=990081632
P1, tp=5, ts=5, x0=764184679, x1=687599720
P2, tp=5, ts=5, x0=227503296, x1=575645881
P2, tp=5, ts=5, x0=267627622, x1=213655767
P3, tp=5, ts=5, x0=217165976, x1=572143154
P2, tp=5, ts=5, x0=283024524, x1=367568060
P1, tp=5, ts=5, x0=161191281, x1=155967104
P1, tp=5, ts=5, x0=764184679, x1=443786006
P2, tp=5, ts=5, x0=598474596, x1=70844238
P3, tp=5, ts=5, x0=559577864, x1=311077215
P1, tp=5, ts=5, x0=605766328, x1=321037901
P3, tp=5, ts=5, x0=449880464, x1=154741804
P3, tp=5, ts=5, x0=245009023, x1=990081632
P3, tp=5, ts=5, x0=267627622, x1=133165140
P1, tp=5, ts=5, x0=185292178, x1=245009023
P3, tp=5, ts=5, x0=843468459, x1=128228522
P0, tp=5, ts=5
P2, tp=5, ts=5, x0=625476605, x1=621169062
P1, tp=5, ts=5, x0=904188454, x1=449304916
P0, tp=5, ts=5
P2, tp=5, ts=5, x0=170124953, x1=606783974
P0, tp=5, ts=5
P2, tp=5, ts=5, x0=571619243, x1=484790675
P1, tp=5, ts=5, x0=956822708, x1=181739991
P2, tp=5, ts=5, x0=155967104, x1=459192419
P3, tp=5, ts=5, x0=958866728, x1=443786006
P0, tp=5, ts=5
P2, tp=5, ts=5, x0=155967104, x1=400188003
P0, tp=5, ts=5
P2, tp=5, ts=5, x0=105960860, x1=834698196
P1, tp=5, ts=5, x0=904188454, x1=575645881
P1, tp=5, ts=5, x0=459192419, x1=380858942
P1, tp=5, ts=5, x0=761806304, x1=500383292
P2, tp=5, ts=5, x0=247600319, x1=282094763
P1, tp=5, ts=5, x0=936007018, x1=298621315
P0, tp=5, ts=5
P1, tp=5, ts=5, x0=462578321, x1=105960860
P0, tp=5, ts=5
P1, tp=5, ts=5, x0=936007018, x1=936007018
P3, tp=5, ts=5, x0=449880464, x1=843468459
P0, tp=5, ts=5
P3, tp=5, ts=5, x0=367568060, x1=443786006
P1, tp=5, ts=5, x0=136252704, x1=161191281
P1, tp=5, ts=5, x0=449304916, x1=411207098
P1, tp=5, ts=5, x0=217165976, x1=739291160
P2, tp=5, ts=5, x0=571619243, x1=936007018
P2, tp=5, ts=5, x0=462578321, x1=181739991
P2, tp=5, ts=5, x0=730248318, x1=392432443
P1, tp=5, ts=5, x0=591602694, x1=454311334
P1, tp=5, ts=5, x0=459192419, x1=764184679
P1, tp=5, ts=5, x0=321037901, x1=566746607
P0, tp=5, ts=5
P3, tp=5, ts=5, x0=261204615, x1=568581665
P3, tp=5, ts=5, x0=311077215, x1=990081632
P3, tp=5, ts=5, x0=990081632, x1=161191281
P1, tp=5, ts=5, x0=311077215, x1=449880464
P3, tp=5, ts=5, x0=559577864, x1=734963543
P3, tp=5, ts=5, x0=52043129, x1=956822708
P0, tp=5, ts=5
P2, tp=5, ts=5, x0=128228522, x1=380858942
P2, tp=5, ts=5, x0=52043129, x1=272933059
P2, tp=5, ts=5, x0=449304916, x1=990081632
P0, tp=5, ts=5
P2, tp=5, ts=5, x0=963393648, x1=484790675
P1, tp=5, ts=5, x0=591602694, x1=432064988
P3, tp=5, ts=5, x0=617109892, x1=31811907
P0, tp=5, ts=5
P0, tp=5, ts=5
P1, tp=5, ts=5, x0=687599720, x1=484790675
P2, tp=5, ts=5, x0=571619243, x1=739291160
P0, tp=5, ts=5
P0, tp=5, ts=5
P2, tp=5, ts=5, x0=462578321, x1=399355728
P2, tp=5, ts=5, x0=321037901, x1=572143154
P1, tp=5, ts=5, x0=311077215, x1=535143151
P2, tp=5, ts=5, x0=897285471, x1=963274312
P0, tp=5, ts=5
P0, tp=5, ts=5
P3, tp=5, ts=5, x0=128228522, x1=247600319
P3, tp=5, ts=5, x0=905206312, x1=253845955
P2, tp=5, ts=5, x0=367814836, x1=905206312
P3, tp=5, ts=5, x0=834698196, x1=936007018
P2, tp=5, ts=5, x0=154741804, x1=687599720
P0, tp=5, ts=5
P0, tp=5, ts=5
P3, tp=5, ts=5, x0=935501997, x1=904188454
P2, tp=5, ts=5, x0=843468459, x1=468306960
P1, tp=5, ts=5, x0=613979073, x1=939510428
P3, tp=5, ts=5, x0=939510428, x1=449880464
P3, tp=5, ts=5, x0=625476605, x1=400188003
P3, tp=5, ts=5, x0=380858942, x1=734963543
P2, tp=5, ts=5, x0=571619243, x1=409374706
P0, tp=5, ts=5
P2, tp=5, ts=5, x0=560973240, x1=4169698
P0, tp=5, ts=5
P3, tp=5, ts=5, x0=990081632, x1=449304916
P1, tp=5, ts=5, x0=443786006, x1=617974819
P0, tp=5, ts=5
P1, tp=5, ts=5, x0=154075157, x1=131362575
P3, tp=5, ts=5, x0=548419584, x1=245009023
P1, tp=5, ts=5, x0=213655767, x1=568746433
P0, tp=5, ts=5
P1, tp=5, ts=5, x0=454311334, x1=739291160
P3, tp=5, ts=5, x0=462578321, x1=154075157
P0, tp=5, ts=5
P3, tp=5, ts=5, x0=348201101, x1=185292178
P0, tp=5, ts=5
P1, tp=5, ts=5, x0=247600319, x1=367814836
P3, tp=5, ts=5, x0=843468459, x1=16265941
P3, tp=5, ts=5, x0=843468459, x1=272933059
P3, tp=5, ts=5, x0=432064988, x1=697693402
P3, tp=5, ts=5, x0=367568060, x1=591602694
P1, tp=5, ts=5, x0=367568060, x1=990081632
P2, tp=5, ts=5, x0=267627622, x1=272933059
P1, tp=5, ts=5, x0=633522603, x1=696179508
P1, tp=5, ts=5, x0=462578321, x1=617109892
P0, tp=5, ts=5
P2, tp=5, ts=5, x0=598474596, x1=541793764
P2, tp=5, ts=5, x0=459192419, x1=548419584
P1, tp=5, ts=5, x0=527146384, x1=131362575
P2, tp=5, ts=5, x0=272933059, x1=521435522
P0, tp=5, ts=5
P1, tp=5, ts=5, x0=605766328, x1=617974819
P0, tp=5, ts=5
P3, tp=5, ts=5, x0=272933059, x1=764925690
P2, tp=5, ts=5, x0=613979073, x1=459470182
P2, tp=5, ts=5, x0=227503296, x1=192930643
P3, tp=5, ts=5, x0=269440805, x1=474942301
P0, tp=5, ts=5
P2, tp=5, ts=5, x0=990081632, x1=52043129
P0, tp=5, ts=5
P2, tp=5, ts=5, x0=830294979, x1=181739991
P2, tp=5, ts=5, x0=155967104, x1=506607601
P2, tp=5, ts=5, x0=122088512, x1=990081632
P0, tp=5, ts=5
P0, tp=5, ts=5
P2, tp=5, ts=5, x0=535143151, x1=691364092
P3, tp=5, ts=5, x0=535143151, x1=269440805
P1, tp=5, ts=5, x0=535143151, x1=261204615
P1, tp=5, ts=5, x0=57653800, x1=935501997
P0, tp=5, ts=5
P0, tp=5, ts=5
P1, tp=5, ts=5, x0=789340274, x1=181739991
P3, tp=5, ts=5, x0=605766328, x1=568746433
P1, tp=5, ts=5, x0=500383292, x1=691364092
P3, tp=5, ts=5, x0=269440805, x1=144104258
P1, tp=5, ts=5, x0=548419584, x1=728580880
P0, tp=5, ts=5
P2, tp=5, ts=5, x0=591602694, x1=541793764
P2, tp=5, ts=5, x0=192930643, x1=761806304
P2, tp=5, ts=5, x0=400188003, x1=764184679
P1, tp=5, ts=5, x0=764184679, x1=154075157
P0, tp=5, ts=5
P1, tp=5, ts=5, x0=572143154, x1=237015335
P1, tp=5, ts=5, x0=38162545, x1=344440560
P3, tp=5, ts=5, x0=131362575, x1=400188003
P2, tp=5, ts=5, x0=201934782, x1=521435522
P2, tp=5, ts=5, x0=344440560, x1=521435522
P0, tp=5, ts=5
P1, tp=5, ts=5, x0=237015335, x1=843468459
P3, tp=5, ts=5, x0=939510428, x1=764925690
P2, tp=5, ts=5, x0=617974819, x1=739291160
P0, tp=5, ts=5
P1, tp=5, ts=5, x0=462578321, x1=261204615
P0, tp=5, ts=5
P2, tp=5, ts=5, x0=613979073, x1=158989396
P3, tp=5, ts=5, x0=300701925, x1=144104258
P2, tp=5, ts=5, x0=484790675, x1=591602694
P0, tp=5, ts=5
P1, tp=5, ts=5, x0=571619243, x1=158989396
P2, tp=5, ts=5, x0=367814836, x1=237015335
P3, tp=5, ts=5, x0=409374706, x1=272933059
P3, tp=5, ts=5, x0=462578321, x1=598474596
P1, tp=5, ts=5, x0=924324086, x1=478926975
P3, tp=5, ts=5, x0=245009023, x1=443786006
P3, tp=5, ts=5, x0=114543374, x1=399355728
P3, tp=5, ts=5, x0=411207098, x1=269440805
P3, tp=5, ts=5, x0=272933059, x1=739291160
P3, tp=5, ts=5, x0=606783974, x1=38162545
P0, tp=5, ts=5
P2, tp=5, ts=5, x0=411207098, x1=269043948
P0, tp=5, ts=5
P1, tp=5, ts=5, x0=269043948, x1=557929790
P0, tp=5, ts=5
P2, tp=5, ts=5, x0=181739991, x1=144043987
P1, tp=5, ts=5, x0=617974819, x1=761806304
P2, tp=5, ts=5, x0=269043948, x1=348201101
P0, tp=5, ts=5
P3, tp=5, ts=5, x0=4169698, x1=133165140
P1, tp=5, ts=5, x0=500383292, x1=272933059
P3, tp=5, ts=5, x0=730248318, x1=122088512
P1, tp=5, ts=5, x0=227503296, x1=605766328
P0, tp=5, ts=5
P3, tp=5, ts=5, x0=572143154, x1=177605669
P3, tp=5, ts=5, x0=344138838, x1=53171466
P0, tp=5, ts=5
P1, tp=5, ts=5, x0=843468459, x1=181739991
P2, tp=5, ts=5, x0=527146384, x1=133165140
P3, tp=5, ts=5, x0=571619243, x1=367814836
P2, tp=5, ts=5, x0=344440560, x1=36811890
P3, tp=5, ts=5, x0=300701925, x1=400188003
P3, tp=5, ts=5, x0=696179508, x1=133165140
P0, tp=5, ts=5
P0, tp=5, ts=5
P2, tp=5, ts=5, x0=936007018, x1=568581665
P1, tp=5, ts=5, x0=192930643, x1=761806304
P2, tp=5, ts=5, x0=704427958, x1=344440560
P3, tp=5, ts=5, x0=443786006, x1=958866728
P2, tp=5, ts=5, x0=131362575, x1=128228522
P1, tp=5, ts=5, x0=367814836, x1=714432740
P2, tp=5, ts=5, x0=409374706, x1=811491782
P1, tp=5, ts=5, x0=598474596, x1=834698196
P3, tp=5, ts=5, x0=478926975, x1=449880464
P1, tp=5, ts=5, x0=420958464, x1=571619243
P2, tp=5, ts=5, x0=557929790, x1=253845955
P1, tp=5, ts=5, x0=52043129, x1=4169698
P0, tp=6, ts=6
P3, tp=6, ts=6, x0=144104258, x1=36811890
P1, tp=6, ts=6, x0=57653800, x1=144399779
P3, tp=6, ts=6, x0=57653800, x1=177605669
P2, tp=6, ts=6, x0=462578321, x1=53171466
P1, tp=6, ts=6, x0=830294979, x1=245009023
P0, tp=6, ts=6
P1, tp=6, ts=6, x0=527146384, x1=269043948
P0, tp=6, ts=6
P3, tp=6, ts=6, x0=348201101, x1=500383292
P1, tp=6, ts=6, x0=131362575, x1=201934782
P3, tp=6, ts=6, x0=728580880, x1=237015335
P0, tp=6, ts=6
P0, tp=6, ts=6
P0, tp=6, ts=6
P2, tp=6, ts=6, x0=935501997, x1=484790675
P2, tp=6, ts=6, x0=830294979, x1=411207098
P0, tp=6, ts=6
P2, tp=6, ts=6, x0=730248318, x1=606783974
P2, tp=6, ts=6, x0=144104258, x1=185292178
P2, tp=6, ts=6, x0=201934782, x1=300701925
P3, tp=6, ts=6, x0=68732922, x1=572143154
P0, tp=6, ts=6
P0, tp=6, ts=6
P0, tp=6, ts=6
P3, tp=6, ts=6, x0=253845955, x1=253845955
P3, tp=6, ts=6, x0=963274312, x1=730248318
P1, tp=6, ts=6, x0=53171466, x1=571619243
P2, tp=6, ts=6, x0=185292178, x1=409374706
P2, tp=6, ts=6, x0=131362575, x1=427527394
P1, tp=6, ts=6, x0=427527394, x1=399256606
P1, tp=6, ts=6, x0=449304916, x1=177605669
P0, tp=6, ts=6
P0, tp=6, ts=6
P3, tp=6, ts=6, x0=548419584, x1=591602694
P1, tp=6, ts=6, x0=963393648, x1=245009023
P1, tp=6, ts=6, x0=617974819, x1=144399779
P0, tp=6, ts=6
P2, tp=6, ts=6, x0=36811890, x1=443786006
P1, tp=6, ts=6, x0=462578321, x1=728580880
P1, tp=6, ts=6, x0=449304916, x1=591602694
P2, tp=6, ts=6, x0=535143151, x1=606783974
P2, tp=6, ts=6, x0=269043948, x1=443786006
P3, tp=6, ts=6, x0=269043948, x1=737250489
P1, tp=6, ts=6, x0=144043987, x1=348201101
P3, tp=6, ts=6, x0=122088512, x1=185292178
P0, tp=6, ts=6
P1, tp=6, ts=6, x0=400188003, x1=568581665
P0, tp=6, ts=6
P0, tp=6, ts=6
P0, tp=6, ts=6
P3, tp=6, ts=6, x0=57653800, x1=990081632
P3, tp=6, ts=6, x0=144043987, x1=144399779
P1, tp=6, ts=6, x0=568746433, x1=739291160
P3, tp=6, ts=6, x0=298621315, x1=4169698
P2, tp=6, ts=6, x0=939510428, x1=185292178
P2, tp=6, ts=6, x0=189440773, x1=606783974
P0, tp=6, ts=6
P1, tp=6, ts=6, x0=566746607, x1=739291160
P1, tp=6, ts=6, x0=133165140, x1=253845955
P1, tp=6, ts=6, x0=192930643, x1=344138838
P2, tp=6, ts=6, x0=500383292, x1=158989396
P2, tp=6, ts=6, x0=399355728, x1=696179508
P2, tp=6, ts=6, x0=57653800, x1=691364092
P3, tp=6, ts=6, x0=568581665, x1=613979073
P1, tp=6, ts=6, x0=427527394, x1=958866728
P3, tp=6, ts=6, x0=131362575, x1=608791862
P2, tp=6, ts=6, x0=691364092, x1=990081632
P2, tp=6, ts=6, x0=990081632, x1=108112204
P3, tp=6, ts=6, x0=613979073, x1=399355728
P2, tp=6, ts=6, x0=764184679, x1=747068441
P1, tp=6, ts=6, x0=144104258, x1=300701925
P3, tp=6, ts=6, x0=737250489, x1=144104258
P1, tp=6, ts=6, x0=112895561, x1=122088512
P0, tp=6, ts=6
P0, tp=6, ts=6
P1, tp=6, ts=6, x0=527146384, x1=737250489
P0, tp=6, ts=6
P2, tp=6, ts=6, x0=935501997, x1=68732922
P3, tp=6, ts=6, x0=613979073, x1=478926975
P2, tp=6, ts=6, x0=477616538, x1=52043129
P2, tp=6, ts=6, x0=133165140, x1=144399779
P3, tp=6, ts=6, x0=963274312, x1=636142374
P2, tp=6, ts=6, x0=613979073, x1=613979073
P2, tp=6, ts=6, x0=144399779, x1=253845955
P0, tp=6, ts=6
P0, tp=6, ts=6
P0, tp=6, ts=6
P2, tp=6, ts=6, x0=608791862, x1=300701925
P0, tp=6, ts=6
P1, tp=6, ts=6, x0=696179508, x1=158989396
P2, tp=6, ts=6, x0=108112204, x1=739291160
P1, tp=6, ts=6, x0=697693402, x1=298621315
P1, tp=6, ts=6, x0=811491782, x1=261204615
P2, tp=6, ts=6, x0=181739991, x1=963393648
P1, tp=6, ts=6, x0=734963543, x1=399256606
P2, tp=6, ts=6, x0=4169698, x1=747068441
P3, tp=6, ts=6, x0=269043948, x1=112895561
P1, tp=6, ts=6, x0=459470182, x1=568746433
P2, tp=6, ts=6, x0=319087073, x1=527146384
P3, tp=6, ts=6, x0=924324086, x1=449880464
P0, tp=6, ts=6
P3, tp=6, ts=6, x0=636142374, x1=68732922
P0, tp=6, ts=6
P2, tp=6, ts=6, x0=311077215, x1=747068441
P0, tp=6, ts=6
P2, tp=6, ts=6, x0=53171466, x1=843468459
P1, tp=6, ts=6, x0=348201101, x1=598474596
P1, tp=6, ts=6, x0=144043987, x1=591602694
P0, tp=6, ts=6
P3, tp=6, ts=6, x0=38162545, x1=319087073
P2, tp=6, ts=6, x0=636142374, x1=344138838
P3, tp=6, ts=6, x0=963393648, x1=737250489
P1, tp=6, ts=6, x0=247600319, x1=697693402
P0, tp=6, ts=6
P2, tp=6, ts=6, x0=905206312, x1=571619243
P1, tp=6, ts=6, x0=112895561, x1=53171466
P1, tp=6, ts=6, x0=990081632, x1=201934782
P0, tp=6, ts=6
P2, tp=6, ts=6, x0=300701925, x1=381554859
P0, tp=6, ts=6
P3, tp=6, ts=6, x0=317625599, x1=457806080
P0, tp=6, ts=6
P2, tp=6, ts=6, x0=764184679, x1=963393648
P3, tp=6, ts=6, x0=400188003, x1=51298768
P2, tp=6, ts=6, x0=939510428, x1=478926975
P1, tp=6, ts=6, x0=348970867, x1=267627622
P2, tp=6, ts=6, x0=728580880, x1=830294979
P2, tp=6, ts=6, x0=591602694, x1=697693402
P2, tp=6, ts=6, x0=189440773, x1=114543374
P2, tp=6, ts=6, x0=830294979, x1=269043948
P3, tp=6, ts=6, x0=269440805, x1=261204615
P3, tp=6, ts=6, x0=477616538, x1=474942301
P2, tp=6, ts=6, x0=591602694, x1=4169698
P0, tp=6, ts=6
P2, tp=6, ts=6, x0=478926975, x1=484790675
P2, tp=6, ts=6, x0=739291160, x1=114543374
P0, tp=6, ts=6
P3, tp=6, ts=6, x0=350833544, x1=261204615
P1, tp=6, ts=6, x0=990081632, x1=636142374
P0, tp=6, ts=6
P1, tp=6, ts=6, x0=830294979, x1=605766328
P2, tp=6, ts=6, x0=144104258, x1=747068441
P2, tp=6, ts=6, x0=462578321, x1=457806080
P3, tp=6, ts=6, x0=311077215, x1=409374706
P0, tp=6, ts=6
P0, tp=6, ts=6
P3, tp=6, ts=6, x0=606783974, x1=274805406
P0, tp=6, ts=6
P1, tp=6, ts=6, x0=269043948, x1=158719929
P0, tp=6, ts=6
P0, tp=6, ts=6
P3, tp=6, ts=6, x0=427527394, x1=300701925
P1, tp=6, ts=6, x0=963274312, x1=548419584
P2, tp=6, ts=6, x0=449880464, x1=177605669
P2, tp=6, ts=6, x0=122088512, x1=478926975
P3, tp=6, ts=6, x0=432017238, x1=192930643
P3, tp=6, ts=6, x0=730248318, x1=500383292
P1, tp=6, ts=6, x0=963274312, x1=432017238
P2, tp=6, ts=6, x0=737250489, x1=237015335
P0, tp=6, ts=6
P3, tp=6, ts=6, x0=298621315, x1=548419584
P0, tp=6, ts=6
P1, tp=6, ts=6, x0=636142374, x1=348970867
P1, tp=6, ts=6, x0=367814836, x1=484790675
P3, tp=6, ts=6, x0=250892749, x1=605766328
P2, tp=6, ts=6, x0=298621315, x1=755129506
P3, tp=6, ts=6, x0=606783974, x1=112895561
P1, tp=6, ts=6, x0=348201101, x1=144104258
P1, tp=6, ts=6, x0=144043987, x1=484790675
P0, tp=6, ts=6
P2, tp=6, ts=6, x0=571619243, x1=608791862
P2, tp=6, ts=6, x0=527146384, x1=269043948
P0, tp=6, ts=6
P0, tp=6, ts=6
P0, tp=6, ts=6
P3, tp=6, ts=6, x0=192930643, x1=122088512
P0, tp=6, ts=6
P1, tp=6, ts=6, x0=399355728, x1=158989396
P3, tp=6, ts=6, x0=739291160, x1=158989396
P3, tp=6, ts=6, x0=68732922, x1=477616538
P0, tp=6, ts=6
P2, tp=6, ts=6, x0=737250489, x1=939510428
P2, tp=6, ts=6, x0=154075157, x1=521435522
P3, tp=6, ts=6, x0=734963543, x1=684086643
P3, tp=6, ts=6, x0=114543374, x1=53171466
P2, tp=6, ts=6, x0=144104258, x1=963274312
P1, tp=6, ts=6, x0=834698196, x1=697693402
P1, tp=6, ts=6, x0=269440805, x1=474942301
P3, tp=6, ts=6, x0=122088512, x1=459470182
P1, tp=6, ts=6, x0=432017238, x1=606783974
P0, tp=6, ts=6
P0, tp=6, ts=6
P3, tp=6, ts=6, x0=52043129, x1=133165140
P3, tp=6, ts=6, x0=939510428, x1=990081632
P3, tp=6, ts=6, x0=566746607, x1=955039569
P3, tp=6, ts=6, x0=963393648, x1=905206312
P3, tp=6, ts=6, x0=955039569, x1=568746433
P2, tp=6, ts=6, x0=535143151, x1=462578321
P1, tp=6, ts=6, x0=687599720, x1=449880464
P0, tp=6, ts=6
P3, tp=6, ts=6, x0=227503296, x1=198906492
P1, tp=6, ts=6, x0=714432740, x1=571619243
P0, tp=6, ts=6
P1, tp=6, ts=6, x0=627375426, x1=51298768
P1, tp=6, ts=6, x0=500383292, x1=636142374
P0, tp=6, ts=6
P2, tp=6, ts=6, x0=459192419, x1=201934782
P1, tp=6, ts=6, x0=627375426, x1=348970867
P1, tp=6, ts=6, x0=68732922, x1=68732922
P3, tp=6, ts=6, x0=613979073, x1=68732922
P1, tp=6, ts=6, x0=484790675, x1=755129506
P1, tp=6, ts=6, x0=350833544, x1=830294979
P3, tp=6, ts=6, x0=755129506, x1=319087073
P0, tp=6, ts=6
P1, tp=6, ts=6, x0=956143349, x1=527146384
P3, tp=6, ts=6, x0=459192419, x1=734963543
P3, tp=6, ts=6, x0=381554859, x1=122088512
P3, tp=6, ts=6, x0=697693402, x1=737250489
P2, tp=6, ts=6, x0=177605669, x1=517025485
P3, tp=6, ts=6, x0=811491782, x1=747068441
P0, tp=6, ts=6
P1, tp=6, ts=6, x0=659197931, x1=714432740
P1, tp=6, ts=6, x0=955039569, x1=821397077
P1, tp=6, ts=6, x0=905206312, x1=247600319
P0, tp=6, ts=6
P2, tp=6, ts=6, x0=659197931, x1=432064988
P2, tp=6, ts=6, x0=399256606, x1=714780081
P3, tp=6, ts=6, x0=811491782, x1=68732922
P2, tp=6, ts=6, x0=53171466, x1=189440773
P2, tp=6, ts=6, x0=734963543, x1=344138838
P1, tp=6, ts=6, x0=348201101, x1=381554859
P0, tp=6, ts=6
P1, tp=6, ts=6, x0=443786006, x1=687599720
P1, tp=6, ts=6, x0=568746433, x1=298621315
P2, tp=6, ts=6, x0=478926975, x1=319087073
P0, tp=6, ts=6
P0, tp=6, ts=6
P0, tp=6, ts=6
P1, tp=6, ts=6, x0=535143151, x1=535143151
P2, tp=6, ts=6, x0=459470182, x1=261204615
P1, tp=6, ts=6, x0=457806080, x1=400188003
P3, tp=6, ts=6, x0=843468459, x1=728580880
P1, tp=6, ts=6, x0=737250489, x1=517025485
P1, tp=6, ts=6, x0=144043987, x1=684086643
P0, tp=6, ts=6
P3, tp=6, ts=6, x0=843468459, x1=697693402
P0, tp=6, ts=6
P3, tp=6, ts=6, x0=375871556, x1=237015335
P0, tp=6, ts=6
P1, tp=6, ts=6, x0=478926975, x1=598474596
P0, tp=6, ts=6
P0, tp=6, ts=6
P3, tp=6, ts=6, x0=53171466, x1=68732922
P3, tp=6, ts=6, x0=227503296, x1=443786006
P3, tp=6, ts=6, x0=956143349, x1=627375426
P1, tp=6, ts=6, x0=955039569, x1=636142374
P1, tp=6, ts=6, x0=459192419, x1=274805406
P1, tp=6, ts=6, x0=261204615, x1=714780081
P3, tp=6, ts=6, x0=809815384, x1=608791862
P3, tp=6, ts=6, x0=673805507, x1=843468459
P3, tp=6, ts=6, x0=319087073, x1=269043948
P0, tp=6, ts=6
P1, tp=6, ts=6, x0=568746433, x1=348970867
P3, tp=6, ts=6, x0=459470182, x1=608727628
P0, tp=6, ts=6
P1, tp=6, ts=6, x0=399256606, x1=517025485
P1, tp=6, ts=6, x0=348201101, x1=755129506
P2, tp=6, ts=6, x0=755129506, x1=367814836
P2, tp=6, ts=6, x0=963274312, x1=963274312
P2, tp=6, ts=6, x0=38162545, x1=623074554
P1, tp=6, ts=6, x0=38162545, x1=114543374
P1, tp=6, ts=6, x0=245009023, x1=905206312
P0, tp=6, ts=6
P2, tp=6, ts=6, x0=144043987, x1=227503296
P0, tp=6, ts=6
P3, tp=6, ts=6, x0=484790675, x1=636142374
P1, tp=6, ts=6, x0=144043987, x1=348970867
P0, tp=6, ts=6
P0, tp=6, ts=6
P1, tp=6, ts=6, x0=427527394, x1=237015335
P3, tp=6, ts=6, x0=300701925, x1=687599720
P3, tp=6, ts=6, x0=348970867, x1=344138838
P2, tp=6, ts=6, x0=53171466, x1=809815384
P2, tp=6, ts=6, x0=498248164, x1=484790675
P1, tp=6, ts=6, x0=527146384, x1=714780081
P2, tp=6, ts=6, x0=237015335, x1=566746607
P0, tp=6, ts=6
P2, tp=6, ts=6, x0=317625599, x1=969430043
P1, tp=6, ts=6, x0=274805406, x1=432017238
P3, tp=6, ts=6, x0=237015335, x1=691364092
P0, tp=6, ts=6
P2, tp=6, ts=6, x0=623074554, x1=956143349
P0, tp=6, ts=6
P2, tp=6, ts=6, x0=298621315, x1=114543374
P3, tp=6, ts=6, x0=608791862, x1=517025485
P1, tp=6, ts=6, x0=185292178, x1=696179508
P2, tp=6, ts=6, x0=427527394, x1=605766328
P1, tp=6, ts=6, x0=747068441, x1=237015335
P0, tp=6, ts=6
P0, tp=6, ts=6
P2, tp=6, ts=6, x0=201934782, x1=575645881
P3, tp=6, ts=6, x0=201934782, x1=811491782
P1, tp=6, ts=6, x0=267627622, x1=327291409
P2, tp=6, ts=6, x0=208523542, x1=636142374
P2, tp=6, ts=6, x0=969430043, x1=237015335
P3, tp=6, ts=6, x0=272933059, x1=38162545
P3, tp=6, ts=6, x0=449880464, x1=459470182
P3, tp=6, ts=6, x0=517025485, x1=367814836
P1, tp=6, ts=6, x0=300701925, x1=830294979
P2, tp=6, ts=6, x0=747068441, x1=409374706
P2, tp=6, ts=6, x0=317625599, x1=427527394
P1, tp=6, ts=6, x0=568581665, x1=208523542
P0, tp=6, ts=6
P1, tp=6, ts=6, x0=432017238, x1=227503296
P3, tp=6, ts=6, x0=245009023, x1=821397077
P3, tp=6, ts=6, x0=830294979, x1=409374706
P1, tp=6, ts=6, x0=710935671, x1=737250489
P0, tp=6, ts=6
P1, tp=6, ts=6, x0=418512554, x1=253845955
P1, tp=6, ts=6, x0=608727628, x1=38162545
P3, tp=6, ts=6, x0=606783974, x1=659197931
P3, tp=6, ts=6, x0=889426579, x1=714432740
P1, tp=6, ts=6, x0=327291409, x1=710935671
P0, tp=6, ts=6
P0, tp=6, ts=6
P2, tp=6, ts=6, x0=608791862, x1=606783974
P3, tp=6, ts=6, x0=192930643, x1=714780081
P2, tp=6, ts=6, x0=237015335, x1=612746923
P0, tp=6, ts=6
P0, tp=6, ts=6
P3, tp=6, ts=6, x0=269043948, x1=177605669
P2, tp=6, ts=6, x0=821397077, x1=477616538
P2, tp=6, ts=6, x0=608727628, x1=367241594
P2, tp=6, ts=6, x0=710935671, x1=905206312
P2, tp=6, ts=6, x0=623074554, x1=227503296
P3, tp=6, ts=6, x0=227503296, x1=969430043
P0, tp=6, ts=6
P1, tp=6, ts=6, x0=755129506, x1=51298768
P0, tp=6, ts=6
P1, tp=6, ts=6, x0=605766328, x1=250892749
P3, tp=6, ts=6, x0=367241594, x1=327291409
P3, tp=6, ts=6, x0=681764332, x1=317625599
P2, tp=6, ts=6, x0=51298768, x1=201934782
P3, tp=6, ts=6, x0=317625599, x1=427527394
P1, tp=6, ts=6, x0=478926975, x1=477616538
P0, tp=6, ts=6
P3, tp=6, ts=6, x0=168980624, x1=381554859
P3, tp=6, ts=6, x0=48705562, x1=684086643
P2, tp=6, ts=6, x0=192930643, x1=449880464
P0, tp=6, ts=6
P0, tp=6, ts=6
P0, tp=6, ts=6
P3, tp=6, ts=6, x0=201934782, x1=250892749
P0, tp=6, ts=6
P3, tp=6, ts=6, x0=187498055, x1=955039569
P2, tp=6, ts=6, x0=409374706, x1=747068441
P2, tp=6, ts=6, x0=905206312, x1=484790675
P1, tp=6, ts=6, x0=192930643, x1=367241594
P3, tp=6, ts=6, x0=459470182, x1=608791862
P0, tp=6, ts=6
P3, tp=6, ts=6, x0=714780081, x1=755129506
P3, tp=6, ts=6, x0=420958464, x1=710935671
P1, tp=6, ts=6, x0=198906492, x1=574008414
P3, tp=6, ts=6, x0=462578321, x1=969430043
P0, tp=6, ts=6
P3, tp=6, ts=6, x0=158719929, x1=714780081
P0, tp=6, ts=6
P0, tp=6, ts=6
P2, tp=6, ts=6, x0=821397077, x1=498248164
P1, tp=6, ts=6, x0=399256606, x1=673805507
P0, tp=6, ts=6
P0, tp=6, ts=6
P0, tp=6, ts=6
P3, tp=6, ts=6, x0=237015335, x1=432017238
P0, tp=6, ts=6
P1, tp=6, ts=6, x0=53171466, x1=68732922
P1, tp=6, ts=6, x0=348201101, x1=112895561
P2, tp=6, ts=6, x0=227503296, x1=192930643
P3, tp=6, ts=6, x0=269440805, x1=684086643
P3, tp=6, ts=6, x0=740736543, x1=956143349
P0, tp=6, ts=6
P0, tp=6, ts=6
P0, tp=6, ts=6
P0, tp=6, ts=6
P1, tp=6, ts=6, x0=605766328, x1=606783974
P0, tp=6, ts=6
P0, tp=6, ts=6
P1, tp=6, ts=6, x0=939510428, x1=606783974
P2, tp=6, ts=6, x0=154075157, x1=566746607
P3, tp=6, ts=6, x0=740736543, x1=332550878
P1, tp=6, ts=6, x0=821397077, x1=158719929
P0, tp=6, ts=6
P0, tp=6, ts=6
P3, tp=6, ts=6, x0=956143349, x1=344138838
P0, tp=6, ts=6
P2, tp=6, ts=6, x0=821397077, x1=889426579
P0, tp=6, ts=6
P3, tp=6, ts=6, x0=566746607, x1=809815384
P1, tp=6, ts=6, x0=375871556, x1=755129506
P2, tp=6, ts=6, x0=963393648, x1=608727628
P1, tp=6, ts=6, x0=939510428, x1=420958464
P2, tp=6, ts=6, x0=765811245, x1=192930643
P2, tp=6, ts=6, x0=574008414, x1=684086643
P3, tp=6, ts=6, x0=616494935, x1=606783974
P0, tp=6, ts=6
P3, tp=6, ts=6, x0=681764332, x1=474942301
P3, tp=6, ts=6, x0=298621315, x1=418512554
P1, tp=6, ts=6, x0=168980624, x1=474942301
P3, tp=6, ts=6, x0=737250489, x1=821397077
P0, tp=6, ts=6
P0, tp=6, ts=6
P0, tp=6, ts=6
P0, tp=6, ts=6
P3, tp=6, ts=6, x0=38162545, x1=553592147
P2, tp=6, ts=6, x0=168980624, x1=327291409
P3, tp=6, ts=6, x0=418512554, x1=608727628
P0, tp=6, ts=6
P2, tp=6, ts=6, x0=681764332, x1=734963543
P1, tp=6, ts=6, x0=52043129, x1=158719929
P2, tp=6, ts=6, x0=154075157, x1=956143349
P0, tp=6, ts=6
P2, tp=6, ts=6, x0=521435522, x1=608727628
P2, tp=6, ts=6, x0=830294979, x1=144043987
P0, tp=6, ts=6
P2, tp=6, ts=6, x0=348970867, x1=409374706
P2, tp=6, ts=6, x0=329515871, x1=739291160
P2, tp=6, ts=6, x0=728580880, x1=329515871
P2, tp=6, ts=6, x0=114543374, x1=684086643
P3, tp=6, ts=6, x0=348201101, x1=956143349
P2, tp=6, ts=6, x0=367241594, x1=158719929
P0, tp=6, ts=6
P3, tp=6, ts=6, x0=250892749, x1=51298768
P0, tp=6, ts=6
P2, tp=6, ts=6, x0=122088512, x1=154075157
P3, tp=6, ts=6, x0=955039569, x1=710935671
P0, tp=6, ts=6
P0, tp=6, ts=6
P0, tp=6, ts=6
P0, tp=6, ts=6
P2, tp=6, ts=6, x0=889426579, x1=608727628
P0, tp=6, ts=6
P1, tp=6, ts=6, x0=332550878, x1=432017238
P3, tp=6, ts=6, x0=739291160, x1=955039569
P0, tp=6, ts=6
P1, tp=6, ts=6, x0=367814836, x1=474942301
P0, tp=6, ts=6
P2, tp=6, ts=6, x0=112895561, x1=253845955
P1, tp=6, ts=6, x0=480377009, x1=755129506
P0, tp=6, ts=6
P0, tp=6, ts=6
P2, tp=6, ts=6, x0=572270637, x1=348201101
P3, tp=6, ts=6, x0=681764332, x1=48705562
P1, tp=6, ts=6, x0=144043987, x1=253845955
P1, tp=6, ts=6, x0=122088512, x1=168980624
P0, tp=6, ts=6
P3, tp=6, ts=6, x0=399256606, x1=53171466
P2, tp=6, ts=6, x0=728580880, x1=821397077
P3, tp=6, ts=6, x0=691364092, x1=811491782
P3, tp=6, ts=6, x0=939510428, x1=710935671
P1, tp=6, ts=6, x0=158719929, x1=574008414
P0, tp=6, ts=6
P1, tp=6, ts=6, x0=168980624, x1=830294979
P2, tp=6, ts=6, x0=399256606, x1=327291409
P2, tp=6, ts=6, x0=737250489, x1=505076929
P2, tp=6, ts=6, x0=830294979, x1=189440773
P3, tp=6, ts=6, x0=636142374, x1=747068441
P0, tp=6, ts=6
P0, tp=6, ts=6
P3, tp=6, ts=6, x0=659197931, x1=608727628
P3, tp=6, ts=6, x0=505076929, x1=380238356
P0, tp=6, ts=6
P2, tp=6, ts=6, x0=608727628, x1=728580880
P1, tp=6, ts=6, x0=623074554, x1=498248164
P3, tp=6, ts=6, x0=811491782, x1=656084837
P3, tp=6, ts=6, x0=572270637, x1=457806080
P0, tp=6, ts=6
P0, tp=6, ts=6
P3, tp=6, ts=6, x0=963393648, x1=498248164
P0, tp=6, ts=6
P1, tp=6, ts=6, x0=208523542, x1=298621315
P2, tp=6, ts=6, x0=517025485, x1=237015335
P3, tp=6, ts=6, x0=566746607, x1=835461326
P0, tp=6, ts=6
P2, tp=6, ts=6, x0=237015335, x1=574008414
P3, tp=6, ts=6, x0=951706554, x1=154463842
P2, tp=6, ts=6, x0=728580880, x1=939510428
P3, tp=6, ts=6, x0=48705562, x1=380238356
P0, tp=6, ts=6
P1, tp=6, ts=6, x0=350833544, x1=811491782
P1, tp=6, ts=6, x0=673805507, x1=462716944
P0, tp=6, ts=6
P2, tp=6, ts=6, x0=566746607, x1=51298768
P2, tp=6, ts=6, x0=158719929, x1=737250489
P0, tp=6, ts=6
P2, tp=6, ts=6, x0=478926975, x1=269440805
P3, tp=6, ts=6, x0=137995652, x1=158719929
P0, tp=6, ts=6
P2, tp=6, ts=6, x0=114543374, x1=830294979
P0, tp=6, ts=6
P2, tp=6, ts=6, x0=462716944, x1=827760083
P3, tp=6, ts=6, x0=319087073, x1=237015335
P1, tp=6, ts=6, x0=154075157, x1=432017238
P0, tp=6, ts=6
P0, tp=6, ts=6
P2, tp=6, ts=6, x0=237015335, x1=976008645
P2, tp=6, ts=6, x0=623074554, x1=595090153
P0, tp=6, ts=6
P0, tp=6, ts=6
P1, tp=6, ts=6, x0=154075157, x1=68732922
P0, tp=6, ts=6
P3, tp=6, ts=6, x0=956143349, x1=51298768
P2, tp=6, ts=6, x0=367814836, x1=747068441
P2, tp=6, ts=6, x0=187498055, x1=937242680
P3, tp=6, ts=6, x0=274805406, x1=198906492
P2, tp=6, ts=6, x0=418512554, x1=827760083
P0, tp=6, ts=6
P0, tp=6, ts=6
P2, tp=6, ts=6, x0=951706554, x1=457806080
P0, tp=6, ts=6
P1, tp=6, ts=6, x0=627375426, x1=332550878
P0, tp=6, ts=6
P3, tp=6, ts=6, x0=300701925, x1=623074554
P1, tp=6, ts=6, x0=937242680, x1=189440773
P1, tp=6, ts=6, x0=821397077, x1=710935671
P3, tp=6, ts=6, x0=432017238, x1=595090153
P0, tp=6, ts=6
P0, tp=6, ts=6
P2, tp=6, ts=6, x0=201934782, x1=821397077
P2, tp=6, ts=6, x0=755129506, x1=636142374
P3, tp=6, ts=6, x0=350833544, x1=427527394
P2, tp=6, ts=6, x0=114543374, x1=163410501
P2, tp=6, ts=6, x0=623074554, x1=659197931
P2, tp=6, ts=6, x0=747068441, x1=835461326
P2, tp=6, ts=6, x0=714432740, x1=747068441
P0, tp=6, ts=6
P0, tp=6, ts=6
P3, tp=6, ts=6, x0=710935671, x1=636142374
P0, tp=6, ts=6
P0, tp=6, ts=6
P3, tp=6, ts=6, x0=418512554, x1=574008414
P0, tp=6, ts=6
P2, tp=6, ts=6, x0=969430043, x1=375871556
P2, tp=6, ts=6, x0=48705562, x1=250892749
P3, tp=6, ts=6, x0=177605669, x1=755129506
P1, tp=6, ts=6, x0=616494935, x1=426262851
P2, tp=6, ts=6, x0=956143349, x1=612746923
P2, tp=6, ts=6, x0=498248164, x1=187498055
P3, tp=6, ts=6, x0=418512554, x1=673805507
P3, tp=6, ts=6, x0=889426579, x1=274805406
P2, tp=6, ts=6, x0=198906492, x1=208523542
P3, tp=6, ts=6, x0=367241594, x1=122088512
P2, tp=6, ts=6, x0=574008414, x1=350833544
P2, tp=6, ts=6, x0=956143349, x1=154463842
P1, tp=6, ts=6, x0=623074554, x1=714432740
P3, tp=6, ts=6, x0=517025485, x1=154463842
P2, tp=6, ts=6, x0=697693402, x1=616494935
P0, tp=6, ts=6
P2, tp=6, ts=6, x0=399256606, x1=616494935
P3, tp=6, ts=6, x0=367241594, x1=553592147
P2, tp=6, ts=6, x0=697693402, x1=201934782
P2, tp=6, ts=6, x0=755129506, x1=889426579
P2, tp=6, ts=6, x0=189440773, x1=956143349
P3, tp=6, ts=6, x0=319087073, x1=367241594
P0, tp=6, ts=6
P1, tp=6, ts=6, x0=830294979, x1=354878282
P0, tp=6, ts=6
P0, tp=6, ts=6
P2, tp=6, ts=6, x0=375871556, x1=462716944
P3, tp=6, ts=6, x0=608791862, x1=348201101
P0, tp=6, ts=6
P1, tp=6, ts=6, x0=154463842, x1=673805507
P0, tp=6, ts=6
P2, tp=6, ts=6, x0=714780081, x1=418512554
P2, tp=6, ts=6, x0=498248164, x1=250892749
P3, tp=6, ts=6, x0=553592147, x1=636142374
P0, tp=6, ts=6
P2, tp=6, ts=6, x0=627375426, x1=137995652
P1, tp=6, ts=6, x0=574008414, x1=274805406
P3, tp=6, ts=6, x0=154463842, x1=696179508
P1, tp=6, ts=6, x0=737250489, x1=237015335
P2, tp=6, ts=6, x0=327291409, x1=574008414
P2, tp=6, ts=6, x0=168980624, x1=122088512
P1, tp=6, ts=6, x0=250892749, x1=951706554
P0, tp=6, ts=6
P2, tp=6, ts=6, x0=636142374, x1=821397077
P3, tp=6, ts=6, x0=498248164, x1=327291409
P1, tp=6, ts=6, x0=658754500, x1=572270637
P1, tp=6, ts=6, x0=51298768, x1=348970867
P0, tp=6, ts=6
P3, tp=6, ts=6, x0=350833544, x1=427527394
P1, tp=6, ts=6, x0=956143349, x1=168980624
P2, tp=6, ts=6, x0=656435858, x1=329515871
P3, tp=6, ts=6, x0=521435522, x1=740736543
P3, tp=6, ts=6, x0=68732922, x1=237015335
P3, tp=6, ts=6, x0=189440773, x1=213028520
P2, tp=6, ts=6, x0=740736543, x1=426262851
P1, tp=6, ts=6, x0=198906492, x1=375871556
P3, tp=6, ts=6, x0=821397077, x1=158719929
P1, tp=6, ts=6, x0=747068441, x1=317625599
P3, tp=6, ts=6, x0=399256606, x1=112895561
P1, tp=6, ts=6, x0=348970867, x1=696179508
P3, tp=6, ts=6, x0=714432740, x1=972241558
P0, tp=6, ts=6
P2, tp=6, ts=6, x0=474942301, x1=38162545
P0, tp=6, ts=6
P0, tp=6, ts=6
P3, tp=6, ts=6, x0=708633412, x1=782186587
P3, tp=6, ts=6, x0=168980624, x1=189440773
P3, tp=6, ts=6, x0=656435858, x1=168980624
P2, tp=6, ts=6, x0=177605669, x1=714780081
P3, tp=6, ts=6, x0=688518772, x1=616494935
P1, tp=6, ts=6, x0=478926975, x1=659197931
P2, tp=6, ts=6, x0=420958464, x1=137995652
P2, tp=6, ts=6, x0=137995652, x1=427527394
P1, tp=6, ts=6, x0=38162545, x1=319087073
P0, tp=6, ts=6
P1, tp=6, ts=6, x0=714780081, x1=477616538
P1, tp=6, ts=6, x0=505076929, x1=811491782
P3, tp=6, ts=6, x0=937242680, x1=399256606
P2, tp=6, ts=6, x0=208523542, x1=177605669
P0, tp=6, ts=6
P2, tp=6, ts=6, x0=572270637, x1=178707963
P2, tp=6, ts=6, x0=627375426, x1=38162545
P0, tp=6, ts=6
P2, tp=6, ts=6, x0=112895561, x1=380238356
P1, tp=6, ts=6, x0=198906492, x1=755129506
P3, tp=6, ts=6, x0=656084837, x1=198906492
P0, tp=6, ts=6
P0, tp=6, ts=6
P3, tp=6, ts=6, x0=375871556, x1=710935671
P0, tp=6, ts=6
P1, tp=6, ts=6, x0=748052066, x1=432017238
P3, tp=6, ts=6, x0=158719929, x1=36811890
P1, tp=6, ts=6, x0=608791862, x1=201119773
P3, tp=6, ts=6, x0=178707963, x1=659197931
P2, tp=6, ts=6, x0=612746923, x1=213028520
P2, tp=6, ts=6, x0=656435858, x1=737250489
P3, tp=6, ts=6, x0=835461326, x1=673805507
P2, tp=6, ts=6, x0=821397077, x1=201119773
P0, tp=6, ts=6
P1, tp=6, ts=6, x0=310156684, x1=627375426
P2, tp=6, ts=6, x0=36811890, x1=714432740
P2, tp=6, ts=6, x0=612746923, x1=137995652
P1, tp=6, ts=6, x0=721393634, x1=257414232
P0, tp=6, ts=6
P0, tp=6, ts=6
P0, tp=6, ts=6
P2, tp=6, ts=6, x0=418892856, x1=714780081
P2, tp=6, ts=6, x0=317625599, x1=708633412
P0, tp=6, ts=6
P3, tp=6, ts=6, x0=881216091, x1=956143349
P3, tp=6, ts=6, x0=688518772, x1=317625599
P3, tp=6, ts=6, x0=612746923, x1=114543374
P1, tp=6, ts=6, x0=934400684, x1=418892856
P2, tp=6, ts=6, x0=616494935, x1=688518772
P0, tp=6, ts=6
P0, tp=6, ts=6
P3, tp=6, ts=6, x0=137995652, x1=432017238
P0, tp=6, ts=6
P2, tp=6, ts=6, x0=198906492, x1=189440773
P2, tp=6, ts=6, x0=574008414, x1=595090153
P0, tp=6, ts=6
P3, tp=6, ts=6, x0=208523542, x1=656435858
P3, tp=6, ts=6, x0=332550878, x1=68732922
P3, tp=6, ts=6, x0=809815384, x1=257414232
P2, tp=6, ts=6, x0=765811245, x1=595688185
P1, tp=6, ts=6, x0=189440773, x1=572270637
P3, tp=6, ts=6, x0=457806080, x1=15268353
P3, tp=6, ts=6, x0=68732922, x1=932609710
P0, tp=6, ts=6
P0, tp=6, ts=6
P3, tp=6, ts=6, x0=498248164, x1=747068441
P1, tp=6, ts=6, x0=163410501, x1=782186587
P0, tp=6, ts=6
P3, tp=6, ts=6, x0=664918509, x1=740736543
P0, tp=6, ts=6
P0, tp=6, ts=6
P0, tp=6, ts=6
P0, tp=6, ts=6
P1, tp=6, ts=6, x0=51298768, x1=866592039
P2, tp=6, ts=6, x0=189440773, x1=673805507
P3, tp=6, ts=6, x0=755129506, x1=208523542
P3, tp=6, ts=6, x0=350833544, x1=809815384
P1, tp=6, ts=6, x0=937242680, x1=168980624
P2, tp=6, ts=6, x0=748052066, x1=480377009
P3, tp=6, ts=6, x0=208202698, x1=714432740
P0, tp=6, ts=6
P1, tp=6, ts=6, x0=956143349, x1=477616538
P1, tp=6, ts=6, x0=595090153, x1=755129506
P2, tp=6, ts=6, x0=755129506, x1=379689865
P2, tp=6, ts=6, x0=726788942, x1=354878282
P2, tp=6, ts=6, x0=158719929, x1=747068441
P2, tp=6, ts=6, x0=556594, x1=623074554
P0, tp=6, ts=6
P1, tp=6, ts=6, x0=809815384, x1=380238356
P1, tp=6, ts=6, x0=457806080, x1=955039569
P3, tp=6, ts=6, x0=623074554, x1=15268353
P0, tp=6, ts=6
P2, tp=6, ts=6, x0=879001706, x1=972241558
P1, tp=6, ts=6, x0=688518772, x1=574008414
P3, tp=6, ts=6, x0=782186587, x1=112895561
P0, tp=6, ts=6
P3, tp=6, ts=6, x0=426262851, x1=189440773
P0, tp=6, ts=6
P2, tp=6, ts=6, x0=168980624, x1=420958464
P2, tp=6, ts=6, x0=229122669, x1=85177655
P0, tp=6, ts=6
P0, tp=6, ts=6
P1, tp=6, ts=6, x0=350833544, x1=553592147
P1, tp=6, ts=6, x0=688518772, x1=835461326
P2, tp=6, ts=6, x0=955039569, x1=271567608
P2, tp=6, ts=6, x0=976008645, x1=740736543
P3, tp=6, ts=6, x0=755129506, x1=399256606
P1, tp=6, ts=6, x0=168980624, x1=51298768
P0, tp=6, ts=6
P2, tp=6, ts=6, x0=137995652, x1=951706554
P3, tp=6, ts=6, x0=972999477, x1=748052066
P2, tp=6, ts=6, x0=955039569, x1=350833544
P1, tp=6, ts=6, x0=308581288, x1=213028520
P0, tp=6, ts=6
P0, tp=6, ts=6
P2, tp=6, ts=6, x0=955039569, x1=51298768
P1, tp=6, ts=6, x0=755129506, x1=710935671
P3, tp=6, ts=6, x0=201119773, x1=381554859
P1, tp=6, ts=6, x0=329515871, x1=163410501
P3, tp=6, ts=6, x0=375871556, x1=932609710
P1, tp=6, ts=6, x0=969430043, x1=274805406
P3, tp=6, ts=6, x0=332550878, x1=623074554
P2, tp=6, ts=6, x0=480377009, x1=418512554
P0, tp=6, ts=6
P2, tp=6, ts=6, x0=229122669, x1=308581288
P0, tp=6, ts=6
P0, tp=6, ts=6
P1, tp=6, ts=6, x0=15268353, x1=652736925
P2, tp=6, ts=6, x0=520570224, x1=136370809
P2, tp=6, ts=6, x0=972999477, x1=827760083
P2, tp=6, ts=6, x0=879001706, x1=881216091
P2, tp=6, ts=6, x0=432017238, x1=934400684
P0, tp=6, ts=6
P3, tp=6, ts=6, x0=553592147, x1=664918509
P3, tp=6, ts=6, x0=969430043, x1=426262851
P1, tp=6, ts=6, x0=208523542, x1=688518772
P1, tp=6, ts=6, x0=623074554, x1=993041908
P0, tp=6, ts=6
P2, tp=6, ts=6, x0=782186587, x1=939342317
P2, tp=6, ts=6, x0=969430043, x1=480377009
P3, tp=6, ts=6, x0=327291409, x1=976008645
P1, tp=6, ts=6, x0=658754500, x1=158719929
P0, tp=6, ts=6
P0, tp=6, ts=6
P2, tp=6, ts=6, x0=187498055, x1=656084837
P2, tp=6, ts=6, x0=681764332, x1=572270637
P1, tp=6, ts=6, x0=589230931, x1=418512554
P2, tp=6, ts=6, x0=348970867, x1=85177655
P2, tp=6, ts=6, x0=726788942, x1=652736925
P2, tp=6, ts=6, x0=659197931, x1=274805406
P0, tp=6, ts=6
P1, tp=6, ts=6, x0=681764332, x1=457806080
P1, tp=6, ts=6, x0=520570224, x1=271567608
P1, tp=6, ts=6, x0=348970867, x1=835461326
P2, tp=6, ts=6, x0=213028520, x1=972999477
P3, tp=6, ts=6, x0=329515871, x1=61852130
P1, tp=6, ts=6, x0=498248164, x1=972999477
P1, tp=6, ts=6, x0=835461326, x1=952022390
P1, tp=6, ts=6, x0=462716944, x1=208523542
P3, tp=6, ts=6, x0=658754500, x1=163410501
P1, tp=6, ts=6, x0=755129506, x1=726788942
P2, tp=6, ts=6, x0=154463842, x1=386888403
P2, tp=6, ts=6, x0=379689865, x1=201119773
P2, tp=6, ts=6, x0=881216091, x1=250892749
P1, tp=6, ts=6, x0=386888403, x1=170624020
P3, tp=6, ts=6, x0=755129506, x1=889426579
P0, tp=6, ts=6
P3, tp=6, ts=6, x0=589230931, x1=51298768
P1, tp=6, ts=6, x0=595688185, x1=951706554
P0, tp=6, ts=6
P1, tp=6, ts=6, x0=553592147, x1=866592039
P0, tp=6, ts=6
P0, tp=6, ts=6
P1, tp=6, ts=6, x0=714780081, x1=310156684
P2, tp=6, ts=6, x0=616494935, x1=939342317
P3, tp=6, ts=6, x0=806431899, x1=934400684
P2, tp=6, ts=6, x0=952022390, x1=755129506
P1, tp=6, ts=6, x0=710935671, x1=656084837
P1, tp=6, ts=6, x0=462716944, x1=659197931
P3, tp=6, ts=6, x0=163410501, x1=827760083
P1, tp=6, ts=6, x0=688518772, x1=889426579
P3, tp=6, ts=6, x0=993041908, x1=956143349
P0, tp=6, ts=6
P3, tp=6, ts=6, x0=386888403, x1=187498055
P2, tp=6, ts=6, x0=426262851, x1=308581288
P0, tp=6, ts=6
P3, tp=6, ts=6, x0=721393634, x1=498248164
P1, tp=6, ts=6, x0=652736925, x1=380238356
P2, tp=6, ts=6, x0=934400684, x1=659197931
P2, tp=6, ts=6, x0=710935671, x1=932609710
P0, tp=6, ts=6
P2, tp=6, ts=6, x0=375871556, x1=432017238
P3, tp=6, ts=6, x0=136370809, x1=429758646
P3, tp=6, ts=6, x0=170624020, x1=418512554
P3, tp=6, ts=6, x0=375871556, x1=934400684
P2, tp=6, ts=6, x0=201119773, x1=553592147
P0, tp=6, ts=6
P2, tp=6, ts=6, x0=993041908, x1=664918509
P3, tp=6, ts=6, x0=498248164, x1=956143349
P0, tp=6, ts=6
P2, tp=6, ts=6, x0=658754500, x1=664918509
P2, tp=6, ts=6, x0=714780081, x1=656084837
P2, tp=6, ts=6, x0=136370809, x1=208202698
P3, tp=6, ts=6, x0=755129506, x1=934400684
P2, tp=6, ts=6, x0=809815384, x1=849540748
P0, tp=6, ts=6
P0, tp=6, ts=6
P1, tp=6, ts=6, x0=572270637, x1=806431899
P0, tp=6, ts=6
P2, tp=6, ts=6, x0=673805507, x1=656435858
P3, tp=6, ts=6, x0=712947938, x1=163410501
P3, tp=6, ts=6, x0=710935671, x1=239708445
P1, tp=6, ts=6, x0=939342317, x1=574008414
P2, tp=6, ts=6, x0=257414232, x1=556594
P3, tp=6, ts=6, x0=939342317, x1=329515871
P3, tp=6, ts=6, x0=710935671, x1=310156684
P0, tp=6, ts=6
P3, tp=6, ts=6, x0=658754500, x1=684086643
P2, tp=6, ts=6, x0=595688185, x1=380238356
P3, tp=6, ts=6, x0=213028520, x1=198906492
P0, tp=6, ts=6
P2, tp=6, ts=6, x0=652736925, x1=612746923
P2, tp=6, ts=6, x0=544701979, x1=418892856
P2, tp=6, ts=6, x0=782186587, x1=849540748
P0, tp=6, ts=6
P2, tp=6, ts=6, x0=170624020, x1=809815384
P3, tp=6, ts=6, x0=937242680, x1=201119773
P1, tp=6, ts=6, x0=969430043, x1=656084837
P0, tp=6, ts=6
P0, tp=6, ts=6
P0, tp=6, ts=6
P2, tp=6, ts=6, x0=480377009, x1=688518772
P1, tp=6, ts=6, x0=354878282, x1=708633412
P2, tp=6, ts=6, x0=137995652, x1=951706554
P2, tp=6, ts=6, x0=229122669, x1=652736925
P1, tp=6, ts=6, x0=740736543, x1=462716944
P1, tp=6, ts=6, x0=700816526, x1=354878282
P3, tp=6, ts=6, x0=195033435, x1=208523542
P0, tp=6, ts=6
P2, tp=6, ts=6, x0=616494935, x1=65557192
P0, tp=6, ts=6
P1, tp=6, ts=6, x0=574008414, x1=835461326
P0, tp=6, ts=6
P1, tp=6, ts=6, x0=806431899, x1=418892856
P2, tp=6, ts=6, x0=866592039, x1=972999477
P1, tp=6, ts=6, x0=195033435, x1=681764332
P0, tp=6, ts=6
P2, tp=6, ts=6, x0=740736543, x1=866592039
P3, tp=6, ts=6, x0=781601832, x1=782186587
P0, tp=6, ts=6
P3, tp=6, ts=6, x0=15268353, x1=866592039
P0, tp=6, ts=6
P3, tp=6, ts=6, x0=426262851, x1=462716944
P2, tp=6, ts=6, x0=257414232, x1=616494935
P2, tp=6, ts=6, x0=740736543, x1=498248164
P1, tp=6, ts=6, x0=379689865, x1=380238356
P1, tp=6, ts=6, x0=748052066, x1=229122669
P0, tp=6, ts=6
P2, tp=6, ts=6, x0=517025485, x1=612746923
P0, tp=6, ts=6
P0, tp=6, ts=6
P3, tp=6, ts=6, x0=765811245, x1=658754500
P0, tp=6, ts=6
P2, tp=6, ts=6, x0=608727628, x1=198906492
P1, tp=6, ts=6, x0=993041908, x1=339579934
P2, tp=6, ts=6, x0=972999477, x1=969430043
P1, tp=6, ts=6, x0=380238356, x1=781601832
P2, tp=6, ts=6, x0=712947938, x1=233818601
P3, tp=6, ts=6, x0=934400684, x1=517025485
P1, tp=6, ts=6, x0=418892856, x1=187498055
P1, tp=6, ts=6, x0=972241558, x1=380238356
P3, tp=6, ts=6, x0=327291409, x1=418512554
P1, tp=6, ts=6, x0=386888403, x1=997584197
P2, tp=6, ts=6, x0=379689865, x1=35442257
P1, tp=6, ts=6, x0=239708445, x1=748052066
P2, tp=6, ts=6, x0=505076929, x1=271567608
P1, tp=6, ts=6, x0=556594, x1=544701979
P0, tp=6, ts=6
P3, tp=6, ts=6, x0=48705562, x1=937242680
P2, tp=6, ts=6, x0=354878282, x1=544701979
P0, tp=6, ts=6
P3, tp=6, ts=6, x0=48705562, x1=748052066
P3, tp=6, ts=6, x0=49151050, x1=740736543
P3, tp=6, ts=6, x0=806431899, x1=65557192
P1, tp=6, ts=6, x0=170624020, x1=170624020
P2, tp=6, ts=6, x0=782186587, x1=137995652
P0, tp=6, ts=6
P0, tp=6, ts=6
P2, tp=6, ts=6, x0=480377009, x1=48705562
P0, tp=6, ts=6
P0, tp=6, ts=6
P1, tp=6, ts=6, x0=726788942, x1=386888403
P0, tp=6, ts=6
P3, tp=6, ts=6, x0=612746923, x1=553592147
P2, tp=6, ts=6, x0=329515871, x1=380238356
P2, tp=6, ts=6, x0=505076929, x1=137995652
P2, tp=6, ts=6, x0=498248164, x1=332550878
P1, tp=6, ts=6, x0=327291409, x1=379689865
P2, tp=6, ts=6, x0=418512554, x1=849540748
P0, tp=6, ts=6
P1, tp=6, ts=6, x0=993041908, x1=327291409
P3, tp=6, ts=6, x0=418892856, x1=900855224
P3, tp=6, ts=6, x0=658754500, x1=49151050
P1, tp=6, ts=6, x0=589230931, x1=426262851
P0, tp=6, ts=6
P2, tp=6, ts=6, x0=553592147, x1=688518772
P3, tp=6, ts=6, x0=208202698, x1=889426579
P2, tp=6, ts=6, x0=386888403, x1=972999477
P0, tp=6, ts=6
P2, tp=6, ts=6, x0=345030965, x1=934400684
P0, tp=6, ts=6
P3, tp=6, ts=6, x0=708633412, x1=85177655
P2, tp=6, ts=6, x0=2568354, x1=48705562
P3, tp=6, ts=6, x0=418892856, x1=710935671
P2, tp=6, ts=6, x0=170624020, x1=866592039
P2, tp=6, ts=6, x0=969430043, x1=827760083
P0, tp=6, ts=6
P3, tp=6, ts=6, x0=567850687, x1=595090153
P1, tp=6, ts=6, x0=589230931, x1=952022390
P0, tp=6, ts=6
P2, tp=6, ts=6, x0=17535076, x1=721393634
P1, tp=6, ts=6, x0=952022390, x1=267935632
P0, tp=6, ts=6
P1, tp=6, ts=6, x0=329515871, x1=708633412
P2, tp=6, ts=6, x0=721393634, x1=49151050
P2, tp=6, ts=6, x0=827760083, x1=170624020
P1, tp=6, ts=6, x0=969430043, x1=589230931
P2, tp=6, ts=6, x0=612746923, x1=462716944
P3, tp=6, ts=6, x0=782186587, x1=345030965
P2, tp=6, ts=6, x0=163410501, x1=257414232
P2, tp=6, ts=6, x0=520570224, x1=239708445
P3, tp=6, ts=6, x0=740736543, x1=595688185
P2, tp=6, ts=6, x0=934400684, x1=208523542
P2, tp=6, ts=6, x0=932609710, x1=748052066
P0, tp=6, ts=6
P1, tp=6, ts=6, x0=85177655, x1=418512554
P0, tp=6, ts=6
P2, tp=6, ts=6, x0=932609710, x1=112192426
P2, tp=6, ts=6, x0=61852130, x1=936759123
P0, tp=6, ts=6
P1, tp=6, ts=6, x0=213028520, x1=137995652
P0, tp=6, ts=6
P1, tp=6, ts=6, x0=952022390, x1=48705562
P2, tp=6, ts=6, x0=567850687, x1=35442257
P0, tp=6, ts=6
P0, tp=6, ts=6
P1, tp=6, ts=6, x0=213028520, x1=370351049
P2, tp=6, ts=6, x0=85177655, x1=35442257
P3, tp=6, ts=6, x0=748052066, x1=520570224
P1, tp=6, ts=6, x0=688518772, x1=976008645
P0, tp=6, ts=6
P2, tp=6, ts=6, x0=2568354, x1=743456985
P1, tp=6, ts=6, x0=835461326, x1=612746923
P0, tp=6, ts=6
P3, tp=6, ts=6, x0=980705516, x1=65557192
P0, tp=6, ts=6
P1, tp=6, ts=6, x0=664918509, x1=881216091
P3, tp=6, ts=6, x0=721393634, x1=849540748
P0, tp=6, ts=6
P3, tp=6, ts=6, x0=308581288, x1=257414232
P2, tp=6, ts=6, x0=354878282, x1=932609710
P1, tp=6, ts=6, x0=612746923, x1=15268353
P0, tp=6, ts=6
P1, tp=6, ts=6, x0=681764332, x1=163410501
P0, tp=6, ts=6
P0, tp=6, ts=6
P3, tp=6, ts=6, x0=233818601, x1=367241594
P2, tp=6, ts=6, x0=782186587, x1=972241558
P1, tp=6, ts=6, x0=35442257, x1=721393634
P0, tp=6, ts=6
P1, tp=6, ts=6, x0=726788942, x1=379689865
P3, tp=6, ts=6, x0=556594, x1=782186587
P0, tp=6, ts=6
P2, tp=6, ts=6, x0=835461326, x1=835461326
P0, tp=6, ts=6
P0, tp=6, ts=6
P3, tp=6, ts=6, x0=206750180, x1=187498055
P3, tp=6, ts=6, x0=757338871, x1=881216091
P1, tp=6, ts=6, x0=567850687, x1=61852130
P3, tp=6, ts=6, x0=367241594, x1=976008645
P2, tp=6, ts=6, x0=61852130, x1=862056810
P2, tp=6, ts=6, x0=980705516, x1=612746923
P0, tp=6, ts=6
P1, tp=6, ts=6, x0=993041908, x1=758602097
P2, tp=6, ts=6, x0=429758646, x1=61852130
P2, tp=6, ts=6, x0=418892856, x1=681764332
P0, tp=6, ts=6
P3, tp=6, ts=6, x0=462716944, x1=806431899
P2, tp=6, ts=6, x0=2568354, x1=332550878
P0, tp=6, ts=6
P3, tp=6, ts=6, x0=993041908, x1=781601832
P3, tp=6, ts=6, x0=463803964, x1=934400684
P3, tp=6, ts=6, x0=827760083, x1=267935632
P2, tp=7, ts=7, x0=765811245, x1=380238356
P0, tp=7, ts=7
P0, tp=7, ts=7
P3, tp=7, ts=7, x0=708633412, x1=782186587
P3, tp=7, ts=7, x0=879001706, x1=137995652
P1, tp=7, ts=7, x0=206750180, x1=2568354
P0, tp=7, ts=7
P3, tp=7, ts=7, x0=520570224, x1=595688185
P1, tp=7, ts=7, x0=438415994, x1=553592147
P3, tp=7, ts=7, x0=426262851, x1=544701979
P1, tp=7, ts=7, x0=980705516, x1=544701979
P2, tp=7, ts=7, x0=900855224, x1=997584197
P0, tp=7, ts=7
P0, tp=7, ts=7
P0, tp=7, ts=7
P0, tp=7, ts=7
P3, tp=7, ts=7, x0=154463842, x1=658754500
P2, tp=7, ts=7, x0=976008645, x1=206750180
P3, tp=7, ts=7, x0=553592147, x1=721393634
P2, tp=7, ts=7, x0=726788942, x1=708633412
P3, tp=7, ts=7, x0=137995652, x1=835491395
P3, tp=7, ts=7, x0=708633412, x1=65557192
P2, tp=7, ts=7, x0=329515871, x1=213028520
P0, tp=7, ts=7
P3, tp=7, ts=7, x0=422559397, x1=932609710
P1, tp=7, ts=7, x0=712947938, x1=170624020
P3, tp=7, ts=7, x0=595090153, x1=572270637
P0, tp=7, ts=7
P0, tp=7, ts=7
P0, tp=7, ts=7
P2, tp=7, ts=7, x0=15268353, x1=163410501
P0, tp=7, ts=7
P3, tp=7, ts=7, x0=879001706, x1=932609710
P1, tp=7, ts=7, x0=61852130, x1=997584197
P3, tp=7, ts=7, x0=233818601, x1=835461326
P2, tp=7, ts=7, x0=951706554, x1=354878282
P0, tp=7, ts=7
P2, tp=7, ts=7, x0=757338871, x1=721393634
P0, tp=7, ts=7
P3, tp=7, ts=7, x0=208202698, x1=178707963
P0, tp=7, ts=7
P3, tp=7, ts=7, x0=757338871, x1=65557192
P3, tp=7, ts=7, x0=463803964, x1=520570224
P3, tp=7, ts=7, x0=339579934, x1=379689865
P0, tp=7, ts=7
P3, tp=7, ts=7, x0=881216091, x1=61852130
P2, tp=7, ts=7, x0=758602097, x1=997584197
P1, tp=7, ts=7, x0=934400684, x1=952022390
P0, tp=7, ts=7
P1, tp=7, ts=7, x0=781601832, x1=463803964
P2, tp=7, ts=7, x0=835461326, x1=49151050
P3, tp=7, ts=7, x0=980705516, x1=428530342
P0, tp=7, ts=7
P2, tp=7, ts=7, x0=308581288, x1=233818601
P2, tp=7, ts=7, x0=936759123, x1=806431899
P2, tp=7, ts=7, x0=993041908, x1=520570224
P1, tp=7, ts=7, x0=879001706, x1=652736925
P3, tp=7, ts=7, x0=379689865, x1=418892856
P1, tp=7, ts=7, x0=229122669, x1=980705516
P1, tp=7, ts=7, x0=267935632, x1=708633412
P1, tp=7, ts=7, x0=267935632, x1=835491395
P2, tp=7, ts=7, x0=881216091, x1=708633412
P1, tp=7, ts=7, x0=827760083, x1=438415994
P1, tp=7, ts=7, x0=287729989, x1=112192426
P1, tp=7, ts=7, x0=271567608, x1=163410501
P3, tp=7, ts=7, x0=544701979, x1=827760083
P0, tp=7, ts=7
P3, tp=7, ts=7, x0=229122669, x1=997584197
P2, tp=7, ts=7, x0=615641913, x1=782186587
P3, tp=7, ts=7, x0=658754500, x1=480377009
P3, tp=7, ts=7, x0=520570224, x1=463803964
P2, tp=7, ts=7, x0=418892856, x1=65557192
P3, tp=7, ts=7, x0=595688185, x1=229122669
P0, tp=7, ts=7
P3, tp=7, ts=7, x0=206750180, x1=652736925
P3, tp=7, ts=7, x0=758602097, x1=229122669
P3, tp=7, ts=7, x0=881216091, x1=739044663
P0, tp=7, ts=7
P3, tp=7, ts=7, x0=65557192, x1=462716944
P1, tp=7, ts=7, x0=966231251, x1=15268353
P1, tp=7, ts=7, x0=951706554, x1=616494935
P3, tp=7, ts=7, x0=976008645, x1=15268353
P0, tp=7, ts=7
P3, tp=7, ts=7, x0=900855224, x1=664371258
P0, tp=7, ts=7
P0, tp=7, ts=7
P2, tp=7, ts=7, x0=827760083, x1=567850687
P2, tp=7, ts=7, x0=85177655, x1=743456985
P0, tp=7, ts=7
P3, tp=7, ts=7, x0=937242680, x1=656084837
P3, tp=7, ts=7, x0=287729989, x1=310156684
P3, tp=7, ts=7, x0=739044663, x1=85177655
P3, tp=7, ts=7, x0=9985140, x1=993041908
P1, tp=7, ts=7, x0=993041908, x1=997584197
P1, tp=7, ts=7, x0=386888403, x1=2568354
P3, tp=7, ts=7, x0=589230931, x1=438415994
P2, tp=7, ts=7, x0=188878972, x1=972999477
P3, tp=7, ts=7, x0=17535076, x1=65557192
P1, tp=7, ts=7, x0=267935632, x1=572270637
P0, tp=7, ts=7
P2, tp=7, ts=7, x0=656084837, x1=438415994
P2, tp=7, ts=7, x0=112306834, x1=2568354
P1, tp=7, ts=7, x0=849540748, x1=365908620
P2, tp=7, ts=7, x0=664918509, x1=233818601
P3, tp=7, ts=7, x0=595090153, x1=426262851
P2, tp=7, ts=7, x0=806431899, x1=827760083
P3, tp=7, ts=7, x0=154463842, x1=188878972
P2, tp=7, ts=7, x0=772445030, x1=15268353
P2, tp=7, ts=7, x0=496702222, x1=866592039
P3, tp=7, ts=7, x0=972999477, x1=339579934
P1, tp=7, ts=7, x0=229122669, x1=345030965
P0, tp=7, ts=7
P3, tp=7, ts=7, x0=567850687, x1=918798986
P3, tp=7, ts=7, x0=386888403, x1=201119773
P3, tp=7, ts=7, x0=363781269, x1=229122669
P1, tp=7, ts=7, x0=757338871, x1=247619987
P0, tp=7, ts=7
P3, tp=7, ts=7, x0=247619987, x1=664918509
P0, tp=7, ts=7
P0, tp=7, ts=7
P1, tp=7, ts=7, x0=370351049, x1=615641913
P1, tp=7, ts=7, x0=463803964, x1=178707963
P1, tp=7, ts=7, x0=806431899, x1=688518772
P1, tp=7, ts=7, x0=658754500, x1=823920997
P2, tp=7, ts=7, x0=806431899, x1=721393634
P0, tp=7, ts=7
P1, tp=7, ts=7, x0=652736925, x1=743456985
P2, tp=7, ts=7, x0=972999477, x1=463803964
P1, tp=7, ts=7, x0=9985140, x1=136370809
P0, tp=7, ts=7
P3, tp=7, ts=7, x0=422559397, x1=664371258
P0, tp=7, ts=7
P3, tp=7, ts=7, x0=743456985, x1=757338871
P2, tp=7, ts=7, x0=934400684, x1=866592039
P2, tp=7, ts=7, x0=247619987, x1=556594
P3, tp=7, ts=7, x0=866592039, x1=980705516
P1, tp=7, ts=7, x0=61852130, x1=645361776
P3, tp=7, ts=7, x0=345030965, x1=370351049
P2, tp=7, ts=7, x0=500231923, x1=422559397
P2, tp=7, ts=7, x0=980705516, x1=354878282
P0, tp=7, ts=7
P1, tp=7, ts=7, x0=339579934, x1=664371258
P3, tp=7, ts=7, x0=438415994, x1=826913284
P0, tp=7, ts=7
P2, tp=7, ts=7, x0=195033435, x1=308581288
P2, tp=7, ts=7, x0=363781269, x1=937242680
P0, tp=7, ts=7
P3, tp=7, ts=7, x0=879001706, x1=656435858
P3, tp=7, ts=7, x0=247619987, x1=758602097
P1, tp=7, ts=7, x0=65557192, x1=239708445
P3, tp=7, ts=7, x0=112192426, x1=206750180
P0, tp=7, ts=7
P0, tp=7, ts=7
P2, tp=7, ts=7, x0=500231923, x1=428530342
P0, tp=7, ts=7
P1, tp=7, ts=7, x0=743456985, x1=496702222
P1, tp=7, ts=7, x0=595090153, x1=952022390
P2, tp=7, ts=7, x0=918798986, x1=201119773
P2, tp=7, ts=7, x0=49151050, x1=49151050
P3, tp=7, ts=7, x0=721393634, x1=697358937
P1, tp=7, ts=7, x0=257414232, x1=520570224
P3, tp=7, ts=7, x0=849540748, x1=17535076
P0, tp=7, ts=7
P1, tp=7, ts=7, x0=739044663, x1=664918509
P3, tp=7, ts=7, x0=934400684, x1=429758646
P0, tp=7, ts=7
P0, tp=7, ts=7
P2, tp=7, ts=7, x0=708633412, x1=122493935
P3, tp=7, ts=7, x0=700816526, x1=881216091
P1, tp=7, ts=7, x0=960775700, x1=826913284
P3, tp=7, ts=7, x0=547845444, x1=700816526
P3, tp=7, ts=7, x0=520570224, x1=879001706
P1, tp=7, ts=7, x0=849540748, x1=379689865
P0, tp=7, ts=7
P0, tp=7, ts=7
P2, tp=7, ts=7, x0=208202698, x1=257414232
P1, tp=7, ts=7, x0=835491395, x1=500231923
P0, tp=7, ts=7
P2, tp=7, ts=7, x0=112306834, x1=589230931
P3, tp=7, ts=7, x0=136370809, x1=310156684
P0, tp=7, ts=7
P2, tp=7, ts=7, x0=418892856, x1=426262851
P3, tp=7, ts=7, x0=993041908, x1=9985140
P2, tp=7, ts=7, x0=2568354, x1=782186587
P3, tp=7, ts=7, x0=932609710, x1=664371258
P1, tp=7, ts=7, x0=438415994, x1=426262851
P1, tp=7, ts=7, x0=993041908, x1=664918509
P0, tp=7, ts=7
P3, tp=7, ts=7, x0=201119773, x1=960775700
P1, tp=7, ts=7, x0=589230931, x1=233818601
P3, tp=7, ts=7, x0=914774884, x1=218664606
P2, tp=7, ts=7, x0=386888403, x1=122493935
P3, tp=7, ts=7, x0=49151050, x1=652736925
P2, tp=7, ts=7, x0=589230931, x1=615641913
P3, tp=7, ts=7, x0=936759123, x1=500231923
P1, tp=7, ts=7, x0=972999477, x1=589230931
P1, tp=7, ts=7, x0=835491395, x1=966231251
P0, tp=7, ts=7
P1, tp=7, ts=7, x0=615641913, x1=879001706
P0, tp=7, ts=7
P2, tp=7, ts=7, x0=826913284, x1=188878972
P1, tp=7, ts=7, x0=547845444, x1=826913284
P1, tp=7, ts=7, x0=428530342, x1=428530342
P1, tp=7, ts=7, x0=652736925, x1=556594
P3, tp=7, ts=7, x0=438415994, x1=65557192
P2, tp=7, ts=7, x0=310156684, x1=17535076
P0, tp=7, ts=7
P0, tp=7, ts=7
P1, tp=7, ts=7, x0=239708445, x1=239708445
P3, tp=7, ts=7, x0=206750180, x1=463803964
P2, tp=7, ts=7, x0=257414232, x1=380580857
P0, tp=7, ts=7
P0, tp=7, ts=7
P3, tp=7, ts=7, x0=826913284, x1=486403572
P2, tp=7, ts=7, x0=247619987, x1=422559397
P0, tp=7, ts=7
P1, tp=7, ts=7, x0=213028520, x1=739044663
P0, tp=7, ts=7
P1, tp=7, ts=7, x0=539890280, x1=486403572
P1, tp=7, ts=7, x0=201119773, x1=645361776
P0, tp=7, ts=7
P3, tp=7, ts=7, x0=267935632, x1=823620660
P0, tp=7, ts=7
P2, tp=7, ts=7, x0=520570224, x1=257414232
P1, tp=7, ts=7, x0=567850687, x1=772445030
P2, tp=7, ts=7, x0=652736925, x1=972999477
P3, tp=7, ts=7, x0=271567608, x1=112306834
P1, tp=7, ts=7, x0=308581288, x1=757338871
P3, tp=7, ts=7, x0=524133699, x1=520570224
P1, tp=7, ts=7, x0=339579934, x1=386888403
P2, tp=7, ts=7, x0=9985140, x1=700816526
P3, tp=7, ts=7, x0=429758646, x1=308581288
P3, tp=7, ts=7, x0=492290108, x1=467134771
P2, tp=7, ts=7, x0=939342317, x1=170624020
P3, tp=7, ts=7, x0=966231251, x1=939342317
P1, tp=7, ts=7, x0=206750180, x1=823920997
P1, tp=7, ts=7, x0=900855224, x1=112192426
P3, tp=7, ts=7, x0=218664606, x1=706597374
P1, tp=7, ts=7, x0=706597374, x1=835491395
P1, tp=7, ts=7, x0=310156684, x1=49151050
P1, tp=7, ts=7, x0=835491395, x1=496702222
P3, tp=7, ts=7, x0=500231923, x1=539890280
P1, tp=7, ts=7, x0=49151050, x1=652736925
P2, tp=7, ts=7, x0=993041908, x1=520570224
P2, tp=7, ts=7, x0=932609710, x1=310156684
P2, tp=7, ts=7, x0=11998615, x1=218664606
P1, tp=7, ts=7, x0=615641913, x1=726788942
P3, tp=7, ts=7, x0=492290108, x1=781601832
P0, tp=7, ts=7
P3, tp=7, ts=7, x0=721393634, x1=201119773
P0, tp=7, ts=7
P0, tp=7, ts=7
P1, tp=7, ts=7, x0=934400684, x1=27890052
P1, tp=7, ts=7, x0=136370809, x1=467134771
P0, tp=7, ts=7
P3, tp=7, ts=7, x0=170624020, x1=11998615
P3, tp=7, ts=7, x0=141389909, x1=721393634
P1, tp=7, ts=7, x0=547845444, x1=835491395
P2, tp=7, ts=7, x0=934400684, x1=700816526
P2, tp=7, ts=7, x0=257414232, x1=721393634
P3, tp=7, ts=7, x0=595688185, x1=960775700
P0, tp=7, ts=7
P0, tp=7, ts=7
P0, tp=7, ts=7
P3, tp=7, ts=7, x0=141389909, x1=418892856
P2, tp=7, ts=7, x0=524133699, x1=2568354
P2, tp=7, ts=7, x0=972999477, x1=271567608
P2, tp=7, ts=7, x0=556594, x1=934400684
P3, tp=7, ts=7, x0=806431899, x1=523403424
P0, tp=7, ts=7
P3, tp=7, ts=7, x0=972999477, x1=664918509
P1, tp=7, ts=7, x0=355656593, x1=355656593
P0, tp=7, ts=7
P1, tp=7, ts=7, x0=81792497, x1=757338871
P2, tp=7, ts=7, x0=467134771, x1=726788942
P1, tp=7, ts=7, x0=826913284, x1=355656593
P3, tp=7, ts=7, x0=556594, x1=697358937
P1, tp=7, ts=7, x0=918798986, x1=422559397
P0, tp=7, ts=7
P2, tp=7, ts=7, x0=112306834, x1=500231923
P1, tp=7, ts=7, x0=123079245, x1=195033435
P1, tp=7, ts=7, x0=972999477, x1=188878972
P2, tp=7, ts=7, x0=136370809, x1=997584197
P2, tp=7, ts=7, x0=239708445, x1=936759123
P3, tp=7, ts=7, x0=993041908, x1=706597374
P3, tp=7, ts=7, x0=547845444, x1=35442257
P1, tp=7, ts=7, x0=547845444, x1=939342317
P0, tp=7, ts=7
P0, tp=7, ts=7
P3, tp=7, ts=7, x0=136370809, x1=664918509
P0, tp=7, ts=7
P0, tp=7, ts=7
P2, tp=7, ts=7, x0=539890280, x1=218664606
P3, tp=7, ts=7, x0=17535076, x1=386888403
P2, tp=7, ts=7, x0=422559397, x1=141389909
P3, tp=7, ts=7, x0=379689865, x1=100024140
P2, tp=7, ts=7, x0=229122669, x1=112306834
P2, tp=7, ts=7, x0=467134771, x1=556594
P0, tp=7, ts=7
P0, tp=7, ts=7
P2, tp=7, ts=7, x0=939342317, x1=379689865
P3, tp=7, ts=7, x0=960775700, x1=208202698
P1, tp=7, ts=7, x0=595688185, x1=936759123
P1, tp=7, ts=7, x0=567850687, x1=422559397
P2, tp=7, ts=7, x0=365908620, x1=81792497
P0, tp=7, ts=7
P0, tp=7, ts=7
P1, tp=7, ts=7, x0=539890280, x1=739044663
P2, tp=7, ts=7, x0=879001706, x1=195033435
P3, tp=7, ts=7, x0=567850687, x1=370351049
P2, tp=7, ts=7, x0=85177655, x1=645361776
P1, tp=7, ts=7, x0=49151050, x1=218664606
P1, tp=7, ts=7, x0=206750180, x1=706597374
P3, tp=7, ts=7, x0=932609710, x1=355656593
P2, tp=7, ts=7, x0=300985657, x1=726788942
P3, tp=7, ts=7, x0=879001706, x1=781601832
P3, tp=7, ts=7, x0=862056810, x1=739044663
P0, tp=7, ts=7
P2, tp=7, ts=7, x0=652736925, x1=188878972
P2, tp=7, ts=7, x0=539890280, x1=743456985
P2, tp=7, ts=7, x0=492290108, x1=936759123
P0, tp=7, ts=7
P3, tp=7, ts=7, x0=879001706, x1=664371258
P1, tp=7, ts=7, x0=27890052, x1=697358937
P3, tp=7, ts=7, x0=547363970, x1=712947938
P3, tp=7, ts=7, x0=849540748, x1=123079245
P0, tp=7, ts=7
P0, tp=7, ts=7
P1, tp=7, ts=7, x0=35442257, x1=980705516
P0, tp=7, ts=7
P0, tp=7, ts=7
P3, tp=7, ts=7, x0=997584197, x1=386888403
P3, tp=7, ts=7, x0=122493935, x1=739044663
P1, tp=7, ts=7, x0=386888403, x1=757338871
P2, tp=7, ts=7, x0=993041908, x1=300985657
P3, tp=7, ts=7, x0=27890052, x1=835491395
P2, tp=7, ts=7, x0=188878972, x1=438415994
P0, tp=7, ts=7
P1, tp=7, ts=7, x0=337918436, x1=960775700
P2, tp=7, ts=7, x0=980705516, x1=849540748
P0, tp=7, ts=7
P0, tp=7, ts=7
P1, tp=7, ts=7, x0=2568354, x1=271567608
P0, tp=7, ts=7
P3, tp=7, ts=7, x0=645361776, x1=757338871
P1, tp=7, ts=7, x0=308581288, x1=589230931
P2, tp=7, ts=7, x0=547845444, x1=9985140
P0, tp=7, ts=7
P3, tp=7, ts=7, x0=645361776, x1=739044663
P0, tp=7, ts=7
P3, tp=7, ts=7, x0=429758646, x1=866592039
P1, tp=7, ts=7, x0=936759123, x1=287729989
P2, tp=7, ts=7, x0=492290108, x1=952022390
P2, tp=7, ts=7, x0=772445030, x1=267935632
P2, tp=7, ts=7, x0=914774884, x1=980705516
P2, tp=7, ts=7, x0=467134771, x1=81792497
P1, tp=7, ts=7, x0=826913284, x1=520570224
P3, tp=7, ts=7, x0=980705516, x1=208202698
P1, tp=7, ts=7, x0=862056810, x1=363781269
P2, tp=7, ts=7, x0=960775700, x1=81792497
P2, tp=7, ts=7, x0=726788942, x1=739044663
P1, tp=7, ts=7, x0=823620660, x1=376666230
P3, tp=7, ts=7, x0=523403424, x1=819798208
P1, tp=7, ts=7, x0=35442257, x1=823920997
P0, tp=7, ts=7
P2, tp=7, ts=7, x0=645361776, x1=233818601
P3, tp=7, ts=7, x0=112306834, x1=567850687
P3, tp=7, ts=7, x0=652736925, x1=826913284
P1, tp=7, ts=7, x0=835491395, x1=739044663
P0, tp=7, ts=7
P1, tp=7, ts=7, x0=365908620, x1=380580857
P2, tp=7, ts=7, x0=806431899, x1=422559397
P2, tp=7, ts=7, x0=136370809, x1=136370809
P2, tp=7, ts=7, x0=589230931, x1=123079245
P3, tp=7, ts=7, x0=85177655, x1=757338871
P0, tp=7, ts=7
P1, tp=7, ts=7, x0=900855224, x1=939342317
P0, tp=7, ts=7
P3, tp=7, ts=7, x0=615641913, x1=914774884
P3, tp=7, ts=7, x0=486403572, x1=363781269
P0, tp=7, ts=7
P0, tp=7, ts=7
P1, tp=7, ts=7, x0=739044663, x1=218664606
P1, tp=7, ts=7, x0=944009299, x1=966231251
P3, tp=7, ts=7, x0=49151050, x1=496702222
P0, tp=7, ts=7
P2, tp=7, ts=7, x0=966231251, x1=826913284
P2, tp=7, ts=7, x0=524133699, x1=429758646
P3, tp=7, ts=7, x0=993041908, x1=781601832
P0, tp=7, ts=7
P2, tp=7, ts=7, x0=567850687, x1=645361776
P0, tp=7, ts=7
P1, tp=7, ts=7, x0=664371258, x1=712947938
P1, tp=7, ts=7, x0=544701979, x1=428530342
P1, tp=7, ts=7, x0=463803964, x1=218664606
P3, tp=7, ts=7, x0=914774884, x1=363781269
P1, tp=7, ts=7, x0=233818601, x1=271567608
P1, tp=7, ts=7, x0=726788942, x1=645361776
P0, tp=7, ts=7
P2, tp=7, ts=7, x0=457535434, x1=496702222
P0, tp=7, ts=7
P2, tp=7, ts=7, x0=486403572, x1=267935632
P0, tp=7, ts=7
P0, tp=7, ts=7
P1, tp=7, ts=7, x0=900855224, x1=239708445
P1, tp=7, ts=7, x0=195033435, x1=712947938
P0, tp=7, ts=7
P0, tp=7, ts=7
P0, tp=7, ts=7
P3, tp=7, ts=7, x0=500231923, x1=204699496
P3, tp=7, ts=7, x0=806431899, x1=918798986
P2, tp=7, ts=7, x0=2568354, x1=547845444
P2, tp=7, ts=7, x0=247619987, x1=532902732
P2, tp=7, ts=7, x0=112192426, x1=457535434
P3, tp=7, ts=7, x0=963379966, x1=627596850
P3, tp=7, ts=7, x0=819798208, x1=993041908
P0, tp=7, ts=7
P0, tp=7, ts=7
P3, tp=7, ts=7, x0=26992958, x1=337918436
P3, tp=7, ts=7, x0=966231251, x1=26992958
P0, tp=7, ts=7
P1, tp=7, ts=7, x0=936759123, x1=363781269
P1, tp=7, ts=7, x0=819798208, x1=819798208
P1, tp=7, ts=7, x0=355656593, x1=914774884
P2, tp=7, ts=7, x0=204699496, x1=748084517
P1, tp=7, ts=7, x0=823620660, x1=179078643
P0, tp=7, ts=7
P3, tp=7, ts=7, x0=849540748, x1=447867249
P1, tp=7, ts=7, x0=664371258, x1=960775700
P0, tp=7, ts=7
P2, tp=7, ts=7, x0=386888403, x1=697358937
P3, tp=7, ts=7, x0=567850687, x1=914774884
P3, tp=7, ts=7, x0=939342317, x1=9985140
P3, tp=7, ts=7, x0=819798208, x1=914774884
P0, tp=7, ts=7
P2, tp=7, ts=7, x0=966449355, x1=105303821
P3, tp=7, ts=7, x0=697358937, x1=267935632
P3, tp=7, ts=7, x0=464973275, x1=105303821
P2, tp=7, ts=7, x0=267935632, x1=496702222
P0, tp=7, ts=7
P1, tp=7, ts=7, x0=539890280, x1=532902732
P1, tp=7, ts=7, x0=960775700, x1=963379966
P3, tp=7, ts=7, x0=532902732, x1=300985657
P1, tp=7, ts=7, x0=491940098, x1=88625798
P1, tp=7, ts=7, x0=123079245, x1=345030965
P2, tp=7, ts=7, x0=386888403, x1=645361776
P1, tp=7, ts=7, x0=204699496, x1=980705516
P2, tp=7, ts=7, x0=464973275, x1=966231251
P0, tp=7, ts=7
P1, tp=7, ts=7, x0=9985140, x1=363781269
P1, tp=7, ts=7, x0=918798986, x1=772499901
P3, tp=7, ts=7, x0=823920997, x1=467134771
P2, tp=7, ts=7, x0=118954638, x1=365908620
P0, tp=7, ts=7
P3, tp=7, ts=7, x0=936759123, x1=247619987
P0, tp=7, ts=7
P0, tp=7, ts=7
P3, tp=7, ts=7, x0=88625798, x1=457535434
P2, tp=7, ts=7, x0=370351049, x1=491940098
P1, tp=7, ts=7, x0=365908620, x1=88625798
P1, tp=7, ts=7, x0=678384546, x1=17535076
P1, tp=7, ts=7, x0=547665196, x1=739044663
P0, tp=7, ts=7
P2, tp=7, ts=7, x0=997584197, x1=233818601
P0, tp=7, ts=7
P2, tp=7, ts=7, x0=370351049, x1=547363970
P3, tp=7, ts=7, x0=5741545, x1=966231251
P3, tp=7, ts=7, x0=457535434, x1=532902732
P2, tp=7, ts=7, x0=627596850, x1=819798208
P0, tp=7, ts=7
P3, tp=7, ts=7, x0=772499901, x1=376666230
P1, tp=7, ts=7, x0=500231923, x1=195033435
P3, tp=7, ts=7, x0=954835648, x1=11998615
P0, tp=7, ts=7
P0, tp=7, ts=7
P3, tp=7, ts=7, x0=65557192, x1=287729989
P3, tp=7, ts=7, x0=81792497, x1=739044663
P0, tp=7, ts=7
P3, tp=7, ts=7, x0=772445030, x1=555070484
P2, tp=7, ts=7, x0=944009299, x1=823620660
P3, tp=7, ts=7, x0=11998615, x1=188878972
P1, tp=7, ts=7, x0=706597374, x1=835491395
P2, tp=7, ts=7, x0=544701979, x1=539890280
P0, tp=7, ts=7
P2, tp=7, ts=7, x0=49151050, x1=279648100
P0, tp=7, ts=7
P3, tp=7, ts=7, x0=204699496, x1=645361776
P2, tp=7, ts=7, x0=467134771, x1=697358937
P3, tp=7, ts=7, x0=2568354, x1=771351668
P2, tp=7, ts=7, x0=239708445, x1=195033435
P3, tp=7, ts=7, x0=674041665, x1=547363970
P3, tp=7, ts=7, x0=179078643, x1=247619987
P0, tp=7, ts=7
P2, tp=7, ts=7, x0=406368118, x1=862056810
P2, tp=7, ts=7, x0=739044663, x1=438415994
P2, tp=7, ts=7, x0=206750180, x1=463803964
P1, tp=7, ts=7, x0=757338871, x1=247619987
P0, tp=7, ts=7
P1, tp=7, ts=7, x0=684343700, x1=365908620
P0, tp=7, ts=7
P2, tp=7, ts=7, x0=438415994, x1=180731078
P1, tp=7, ts=7, x0=105303821, x1=492290108
P1, tp=7, ts=7, x0=206750180, x1=900855224
P0, tp=7, ts=7
P0, tp=7, ts=7
P2, tp=7, ts=7, x0=936759123, x1=112192426
P3, tp=7, ts=7, x0=118954638, x1=88625798
P2, tp=7, ts=7, x0=486403572, x1=180731078
P3, tp=7, ts=7, x0=233818601, x1=826913284
P1, tp=7, ts=7, x0=743456985, x1=997584197
P3, tp=7, ts=7, x0=823620660, x1=635058679
P0, tp=7, ts=7
P0, tp=7, ts=7
P2, tp=7, ts=7, x0=492290108, x1=627596850
P0, tp=7, ts=7
P3, tp=7, ts=7, x0=539890280, x1=772445030
P3, tp=7, ts=7, x0=615641913, x1=997584197
P2, tp=7, ts=7, x0=467134771, x1=267935632
P3, tp=7, ts=7, x0=615641913, x1=122493935
P2, tp=7, ts=7, x0=11998615, x1=179078643
P1, tp=7, ts=7, x0=105303821, x1=823620660
P0, tp=7, ts=7
P0, tp=7, ts=7
P3, tp=7, ts=7, x0=406368118, x1=406368118
P3, tp=7, ts=7, x0=934948706, x1=954835648
P3, tp=7, ts=7, x0=684343700, x1=753539074
P3, tp=7, ts=7, x0=997584197, x1=944009299
P2, tp=7, ts=7, x0=88625798, x1=819798208
P0, tp=7, ts=7
P3, tp=7, ts=7, x0=233818601, x1=684343700
P0, tp=7, ts=7
P3, tp=7, ts=7, x0=748084517, x1=823620660
P3, tp=7, ts=7, x0=900855224, x1=337918436
P0, tp=7, ts=7
P0, tp=7, ts=7
P1, tp=7, ts=7, x0=567850687, x1=547665196
P1, tp=7, ts=7, x0=980705516, x1=900855224
P2, tp=7, ts=7, x0=464973275, x1=547845444
P0, tp=7, ts=7
P1, tp=7, ts=7, x0=524133699, x1=697358937
P0, tp=7, ts=7
P2, tp=7, ts=7, x0=934948706, x1=486403572
P1, tp=7, ts=7, x0=345030965, x1=100024140
P1, tp=7, ts=7, x0=734272740, x1=409121799
P0, tp=7, ts=7
P3, tp=7, ts=7, x0=615641913, x1=376666230
P3, tp=7, ts=7, x0=496702222, x1=88625798
P1, tp=7, ts=7, x0=539890280, x1=491940098
P2, tp=7, ts=7, x0=966449355, x1=757338871
P2, tp=7, ts=7, x0=697358937, x1=179078643
P2, tp=7, ts=7, x0=500231923, x1=980705516
P2, tp=7, ts=7, x0=734272740, x1=363781269
P3, tp=7, ts=7, x0=206750180, x1=900855224
P2, tp=7, ts=7, x0=118954638, x1=914774884
P0, tp=7, ts=7
P3, tp=7, ts=7, x0=674041665, x1=5741545
P0, tp=7, ts=7
P1, tp=7, ts=7, x0=226579847, x1=980705516
P3, tp=7, ts=7, x0=758602097, x1=26992958
P3, tp=7, ts=7, x0=365908620, x1=363781269
P0, tp=7, ts=7
P2, tp=7, ts=7, x0=112192426, x1=406368118
P2, tp=7, ts=7, x0=734272740, x1=555070484
P1, tp=7, ts=7, x0=918798986, x1=300985657
P3, tp=7, ts=7, x0=17535076, x1=486403572
P0, tp=7, ts=7
P3, tp=7, ts=7, x0=664371258, x1=835491395
P3, tp=7, ts=7, x0=538457406, x1=206750180
P3, tp=7, ts=7, x0=337596192, x1=577097142
P2, tp=7, ts=7, x0=380580857, x1=26992958
P3, tp=7, ts=7, x0=684343700, x1=823620660
P2, tp=7, ts=7, x0=370351049, x1=823620660
P2, tp=7, ts=7, x0=467134771, x1=748084517
P2, tp=7, ts=7, x0=283849757, x1=5741545
P1, tp=7, ts=7, x0=122493935, x1=954835648
P3, tp=7, ts=7, x0=88625798, x1=9985140
P2, tp=7, ts=7, x0=819798208, x1=904933081
P1, tp=7, ts=7, x0=615641913, x1=577097142
P1, tp=7, ts=7, x0=188878972, x1=874580733
P1, tp=7, ts=7, x0=627596850, x1=823920997
P1, tp=7, ts=7, x0=500231923, x1=547665196
P1, tp=7, ts=7, x0=457535434, x1=376666230
P0, tp=7, ts=7
P2, tp=7, ts=7, x0=963379966, x1=457535434
P0, tp=7, ts=7
P3, tp=7, ts=7, x0=748084517, x1=486403572
P0, tp=7, ts=7
P3, tp=7, ts=7, x0=980705516, x1=918798986
P1, tp=7, ts=7, x0=267935632, x1=491940098
P2, tp=7, ts=7, x0=279648100, x1=464973275
P0, tp=7, ts=7
P0, tp=7, ts=7
P3, tp=7, ts=7, x0=627596850, x1=963379966
P2, tp=7, ts=7, x0=934948706, x1=11998615
P3, tp=7, ts=7, x0=944009299, x1=862056810
P3, tp=7, ts=7, x0=81792497, x1=100024140
P1, tp=7, ts=7, x0=772445030, x1=743456985
P0, tp=7, ts=7
P0, tp=7, ts=7
P2, tp=7, ts=7, x0=635058679, x1=81792497
P1, tp=7, ts=7, x0=122493935, x1=409121799
P2, tp=7, ts=7, x0=664371258, x1=457535434
P3, tp=7, ts=7, x0=523403424, x1=615641913
P0, tp=7, ts=7
P1, tp=7, ts=7, x0=904933081, x1=409121799
P0, tp=7, ts=7
P2, tp=7, ts=7, x0=674041665, x1=734272740
P0, tp=7, ts=7
P3, tp=7, ts=7, x0=438415994, x1=122493935
P0, tp=7, ts=7
P1, tp=7, ts=7, x0=823920997, x1=893495619
P3, tp=7, ts=7, x0=147627260, x1=247619987
P3, tp=7, ts=7, x0=363781269, x1=893495619
P0, tp=7, ts=7
P1, tp=7, ts=7, x0=960775700, x1=463803964
P0, tp=7, ts=7
P3, tp=7, ts=7, x0=904933081, x1=823620660
P2, tp=7, ts=7, x0=500231923, x1=125465599
P0, tp=7, ts=7
P0, tp=7, ts=7
P2, tp=7, ts=7, x0=72384031, x1=179078643
P2, tp=7, ts=7, x0=674041665, x1=963379966
P0, tp=7, ts=7
P1, tp=7, ts=7, x0=125465599, x1=467134771
P0, tp=7, ts=7
P2, tp=7, ts=7, x0=759954087, x1=963379966
P3, tp=7, ts=7, x0=457535434, x1=914774884
P0, tp=7, ts=7
P0, tp=7, ts=7
P1, tp=7, ts=7, x0=71041447, x1=500231923
P0, tp=7, ts=7
P0, tp=7, ts=7
P3, tp=7, ts=7, x0=125465599, x1=312225745
P0, tp=7, ts=7
P0, tp=7, ts=7
P1, tp=7, ts=7, x0=283849757, x1=118954638
P3, tp=7, ts=7, x0=312225745, x1=422559397
P2, tp=7, ts=7, x0=532902732, x1=337596192
P2, tp=7, ts=7, x0=966231251, x1=141389909
P0, tp=7, ts=7
P3, tp=7, ts=7, x0=826913284, x1=835491395
P1, tp=7, ts=7, x0=491940098, x1=155903923
P3, tp=7, ts=7, x0=862056810, x1=555070484
P2, tp=7, ts=7, x0=409121799, x1=734272740
P1, tp=7, ts=7, x0=122493935, x1=739044663
P3, tp=7, ts=7, x0=422559397, x1=122493935
P3, tp=7, ts=7, x0=188878972, x1=772445030
P1, tp=7, ts=7, x0=918798986, x1=11998615
P1, tp=7, ts=7, x0=904933081, x1=538457406
P0, tp=7, ts=7
P0, tp=7, ts=7
P2, tp=7, ts=7, x0=155903923, x1=835491395
P2, tp=7, ts=7, x0=918798986, x1=88625798
P2, tp=7, ts=7, x0=547363970, x1=771351668
P1, tp=7, ts=7, x0=835491395, x1=279648100
P1, tp=7, ts=7, x0=893495619, x1=463803964
P0, tp=7, ts=7
P2, tp=7, ts=7, x0=954835648, x1=753539074
P2, tp=7, ts=7, x0=678384546, x1=954835648
P3, tp=7, ts=7, x0=678384546, x1=862056810
P3, tp=7, ts=7, x0=422559397, x1=283849757
P0, tp=7, ts=7
P3, tp=7, ts=7, x0=524133699, x1=300187350
P3, tp=7, ts=7, x0=283849757, x1=772445030
P0, tp=7, ts=7
P1, tp=7, ts=7, x0=147627260, x1=72384031
P1, tp=7, ts=7, x0=635058679, x1=492290108
P2, tp=7, ts=7, x0=904933081, x1=26992958
P3, tp=7, ts=7, x0=422559397, x1=12242492
P2, tp=7, ts=7, x0=748084517, x1=734272740
P0, tp=7, ts=7
P2, tp=7, ts=7, x0=835491395, x1=823920997
P1, tp=7, ts=7, x0=577097142, x1=5741545
P1, tp=7, ts=7, x0=457535434, x1=954835648
P3, tp=7, ts=7, x0=365908620, x1=627596850
P3, tp=7, ts=7, x0=125465599, x1=180731078
P3, tp=7, ts=7, x0=337596192, x1=279648100
P2, tp=7, ts=7, x0=823920997, x1=201613029
P3, tp=7, ts=7, x0=835491395, x1=81792497
P1, tp=7, ts=7, x0=555070484, x1=674041665
P2, tp=7, ts=7, x0=893495619, x1=355656593
P3, tp=7, ts=7, x0=819798208, x1=201613029
P0, tp=7, ts=7
P2, tp=7, ts=7, x0=555070484, x1=997989984
P1, tp=7, ts=7, x0=11998615, x1=627596850
P1, tp=7, ts=7, x0=492290108, x1=492290108
P2, tp=7, ts=7, x0=615641913, x1=105303821
P0, tp=7, ts=7
P2, tp=7, ts=7, x0=966231251, x1=524133699
P1, tp=7, ts=7, x0=118954638, x1=966449355
P1, tp=7, ts=7, x0=954835648, x1=376666230
P1, tp=7, ts=7, x0=26992958, x1=874580733
P2, tp=7, ts=7, x0=494890671, x1=706597374
P3, tp=7, ts=7, x0=406368118, x1=363781269
P1, tp=7, ts=7, x0=893495619, x1=795300578
P3, tp=7, ts=7, x0=739044663, x1=147627260
P3, tp=7, ts=7, x0=615641913, x1=155903923
P1, tp=7, ts=7, x0=734272740, x1=88625798
P1, tp=7, ts=7, x0=123079245, x1=71041447
P2, tp=7, ts=7, x0=492290108, x1=300985657
P2, tp=7, ts=7, x0=287729989, x1=88625798
P1, tp=7, ts=7, x0=491940098, x1=283849757
P2, tp=7, ts=7, x0=635058679, x1=674041665
P3, tp=7, ts=7, x0=26992958, x1=5741545
P0, tp=7, ts=7
P0, tp=7, ts=7
P1, tp=7, ts=7, x0=496702222, x1=141389909
P1, tp=7, ts=7, x0=500231923, x1=918798986
P1, tp=7, ts=7, x0=25267752, x1=997989984
P3, tp=7, ts=7, x0=826913284, x1=963379966
P3, tp=7, ts=7, x0=547363970, x1=122493935
P0, tp=7, ts=7
P2, tp=7, ts=7, x0=934707963, x1=376666230
P3, tp=7, ts=7, x0=494890671, x1=279648100
P3, tp=7, ts=7, x0=53638880, x1=247619987
P2, tp=7, ts=7, x0=934948706, x1=684343700
P3, tp=7, ts=7, x0=555070484, x1=547845444
P3, tp=7, ts=7, x0=406368118, x1=706597374
P2, tp=7, ts=7, x0=627596850, x1=739044663
P1, tp=7, ts=7, x0=355656593, x1=355656593
P0, tp=7, ts=7
P1, tp=7, ts=7, x0=771351668, x1=492290108
P0, tp=7, ts=7
P1, tp=7, ts=7, x0=674041665, x1=147627260
P0, tp=7, ts=7
P2, tp=7, ts=7, x0=204699496, x1=697358937
P0, tp=7, ts=7
P1, tp=7, ts=7, x0=823920997, x1=11998615
P3, tp=7, ts=7, x0=555070484, x1=122493935
P2, tp=7, ts=7, x0=547665196, x1=577097142
P0, tp=7, ts=7
P2, tp=7, ts=7, x0=944009299, x1=279648100
P2, tp=7, ts=7, x0=376666230, x1=180731078
P1, tp=7, ts=7, x0=524133699, x1=748084517
P0, tp=7, ts=7
P0, tp=7, ts=7
P3, tp=7, ts=7, x0=739044663, x1=688034261
P1, tp=7, ts=7, x0=759954087, x1=457535434
P0, tp=7, ts=7
P0, tp=7, ts=7
P1, tp=7, ts=7, x0=524133699, x1=524133699
P1, tp=7, ts=7, x0=684343700, x1=678384546
P3, tp=7, ts=7, x0=997989984, x1=602022337
P2, tp=7, ts=7, x0=204699496, x1=112306834
P2, tp=7, ts=7, x0=188878972, x1=934948706
P3, tp=7, ts=7, x0=118954638, x1=494890671
P3, tp=7, ts=7, x0=141389909, x1=823920997
P0, tp=7, ts=7
P0, tp=7, ts=7
P1, tp=7, ts=7, x0=447867249, x1=555070484
P2, tp=7, ts=7, x0=42311534, x1=539890280
P1, tp=7, ts=7, x0=300187350, x1=491940098
P2, tp=7, ts=7, x0=524133699, x1=893495619
P3, tp=7, ts=7, x0=728512992, x1=467134771
P2, tp=7, ts=7, x0=500231923, x1=678384546
P3, tp=7, ts=7, x0=627596850, x1=771351668
P2, tp=7, ts=7, x0=646443325, x1=635058679
P1, tp=7, ts=7, x0=491940098, x1=42311534
P0, tp=7, ts=7
P1, tp=7, ts=7, x0=406368118, x1=310436376
P0, tp=7, ts=7
P3, tp=7, ts=7, x0=180731078, x1=547845444
P3, tp=7, ts=7, x0=914774884, x1=688034261
P2, tp=7, ts=7, x0=538457406, x1=11998615
P2, tp=7, ts=7, x0=42311534, x1=464973275
P3, tp=7, ts=7, x0=734272740, x1=635058679
P1, tp=7, ts=7, x0=491940098, x1=706597374
P2, tp=7, ts=7, x0=524133699, x1=963379966
P0, tp=7, ts=7
P1, tp=7, ts=7, x0=494890671, x1=406368118
P2, tp=7, ts=7, x0=447867249, x1=578298568
P2, tp=7, ts=7, x0=179078643, x1=759954087
P0, tp=7, ts=7
P0, tp=7, ts=7
P0, tp=7, ts=7
P1, tp=7, ts=7, x0=100024140, x1=914774884
P1, tp=7, ts=7, x0=42311534, x1=409121799
P1, tp=7, ts=7, x0=728512992, x1=247619987
P2, tp=7, ts=7, x0=11998615, x1=215672608
P3, tp=7, ts=7, x0=457535301, x1=826913284
P0, tp=7, ts=7
P0, tp=7, ts=7
P1, tp=7, ts=7, x0=753539074, x1=26992958
P1, tp=7, ts=7, x0=904933081, x1=337918436
P1, tp=7, ts=7, x0=893495619, x1=218664606
P3, tp=7, ts=7, x0=547665196, x1=734272740
P1, tp=7, ts=7, x0=697358937, x1=578298568
P2, tp=7, ts=7, x0=547845444, x1=635058679
P2, tp=7, ts=7, x0=25267752, x1=155903923
P3, tp=7, ts=7, x0=914774884, x1=494890671
P3, tp=7, ts=7, x0=963379966, x1=728512992
P1, tp=7, ts=7, x0=684343700, x1=532902732
P0, tp=7, ts=7
P3, tp=7, ts=7, x0=914774884, x1=706597374
P3, tp=7, ts=7, x0=179078643, x1=653598428
P3, tp=7, ts=7, x0=761772854, x1=547665196
P0, tp=7, ts=7
P3, tp=7, ts=7, x0=100024140, x1=105303821
P0, tp=7, ts=7
P2, tp=7, ts=7, x0=300187350, x1=834715146
P0, tp=7, ts=7
P0, tp=7, ts=7
P0, tp=7, ts=7
P1, tp=7, ts=7, x0=688034261, x1=602022337
P2, tp=7, ts=7, x0=539890280, x1=486403572
P3, tp=7, ts=7, x0=532902732, x1=823920997
P3, tp=7, ts=7, x0=11998615, x1=646443325
P3, tp=7, ts=7, x0=960775700, x1=337918436
P2, tp=7, ts=7, x0=555070484, x1=457535301
P2, tp=7, ts=7, x0=315295147, x1=578298568
P0, tp=7, ts=7
P1, tp=7, ts=7, x0=552357329, x1=406368118
P0, tp=7, ts=7
P1, tp=7, ts=7, x0=218664606, x1=524133699
P1, tp=7, ts=7, x0=88625798, x1=577097142
P3, tp=7, ts=7, x0=72384031, x1=147627260
P1, tp=7, ts=7, x0=819798208, x1=728512992
P3, tp=7, ts=7, x0=963379966, x1=118954638
P1, tp=7, ts=7, x0=147627260, x1=492290108
P2, tp=7, ts=7, x0=795300578, x1=11998615
P1, tp=7, ts=7, x0=486403572, x1=547845444
P2, tp=7, ts=7, x0=201613029, x1=467134771
P1, tp=7, ts=7, x0=147627260, x1=167875128
P3, tp=7, ts=7, x0=362221548, x1=180731078
P0, tp=7, ts=7
P3, tp=7, ts=7, x0=42311534, x1=591400030
P1, tp=7, ts=7, x0=524133699, x1=457535301
P0, tp=7, ts=7
P1, tp=7, ts=7, x0=761772854, x1=376666230
P1, tp=7, ts=7, x0=589870243, x1=141389909
P2, tp=7, ts=7, x0=771351668, x1=337596192
P3, tp=7, ts=7, x0=934948706, x1=491940098
P0, tp=7, ts=7
P3, tp=7, ts=7, x0=447867249, x1=771351668
P0, tp=7, ts=7
P0, tp=7, ts=7
P3, tp=7, ts=7, x0=180731078, x1=486403572
P2, tp=7, ts=7, x0=524133699, x1=123079245
P2, tp=7, ts=7, x0=155903923, x1=362221548
P1, tp=7, ts=7, x0=839588077, x1=315295147
P2, tp=7, ts=7, x0=997989984, x1=761772854
P1, tp=7, ts=7, x0=834715146, x1=72384031
P3, tp=7, ts=7, x0=761772854, x1=997989984
P3, tp=7, ts=7, x0=963379966, x1=147627260
P2, tp=7, ts=7, x0=147627260, x1=978301447
P0, tp=7, ts=7
P1, tp=7, ts=7, x0=893495619, x1=337596192
P1, tp=7, ts=7, x0=684343700, x1=602022337
P3, tp=7, ts=7, x0=295992551, x1=904933081
P1, tp=7, ts=7, x0=351865331, x1=944009299
P1, tp=7, ts=7, x0=728849411, x1=954835648
P3, tp=7, ts=7, x0=997989984, x1=934948706
P0, tp=7, ts=7
P1, tp=7, ts=7, x0=300187350, x1=682778204
P2, tp=7, ts=7, x0=118954638, x1=179078643
P3, tp=7, ts=7, x0=118954638, x1=839588077
P1, tp=7, ts=7, x0=678384546, x1=524133699
P1, tp=7, ts=7, x0=71041447, x1=492290108
P0, tp=7, ts=7
P1, tp=7, ts=7, x0=42311534, x1=300985657
P2, tp=7, ts=7, x0=376666230, x1=830572316
P0, tp=7, ts=7
P2, tp=7, ts=7, x0=72384031, x1=830572316
P2, tp=7, ts=7, x0=492290108, x1=547665196
P0, tp=7, ts=7
P3, tp=7, ts=7, x0=759954087, x1=190931507
P1, tp=7, ts=7, x0=201613029, x1=179078643
P1, tp=7, ts=7, x0=422962173, x1=337596192
P2, tp=7, ts=7, x0=362221548, x1=88625798
P2, tp=7, ts=7, x0=491940098, x1=147627260
P3, tp=7, ts=7, x0=42311534, x1=118954638
P0, tp=7, ts=7
P0, tp=7, ts=7
P3, tp=7, ts=7, x0=997989984, x1=26992958
P0, tp=7, ts=7
P0, tp=7, ts=7
P3, tp=7, ts=7, x0=577097142, x1=627596850
P2, tp=7, ts=7, x0=978301447, x1=180731078
P0, tp=7, ts=7
P3, tp=7, ts=7, x0=180731078, x1=355656593
P3, tp=7, ts=7, x0=753539074, x1=491940098
P1, tp=7, ts=7, x0=771351668, x1=934948706
P3, tp=7, ts=7, x0=141389909, x1=50073148
P0, tp=7, ts=7
P2, tp=7, ts=7, x0=771351668, x1=464973275
P2, tp=7, ts=7, x0=904959560, x1=684343700
P0, tp=7, ts=7
P1, tp=7, ts=7, x0=893495619, x1=71041447
P2, tp=7, ts=7, x0=834715146, x1=53638880
P3, tp=7, ts=7, x0=602022337, x1=125465599
P1, tp=7, ts=7, x0=944009299, x1=578298568
P2, tp=7, ts=7, x0=376666230, x1=635058679
P1, tp=7, ts=7, x0=881796676, x1=795300578
P1, tp=7, ts=7, x0=279648100, x1=834715146
P2, tp=7, ts=7, x0=447867249, x1=300985657
P2, tp=7, ts=7, x0=688034261, x1=684343700
P2, tp=7, ts=7, x0=830572316, x1=839588077
P2, tp=7, ts=7, x0=464973275, x1=954835648
P1, tp=7, ts=7, x0=538457406, x1=457535301
P2, tp=7, ts=7, x0=362221548, x1=771351668
P0, tp=7, ts=7
P3, tp=7, ts=7, x0=771351668, x1=734272740
P0, tp=7, ts=7
P1, tp=7, ts=7, x0=464973275, x1=447867249
P0, tp=7, ts=7
P0, tp=7, ts=7
P1, tp=7, ts=7, x0=589870243, x1=753539074
P2, tp=7, ts=7, x0=881796676, x1=882599041
P3, tp=7, ts=7, x0=682778204, x1=71041447
P3, tp=7, ts=7, x0=4871310, x1=728849411
P1, tp=7, ts=7, x0=457535301, x1=315295147
P2, tp=7, ts=7, x0=759954087, x1=759954087
P1, tp=7, ts=7, x0=277382462, x1=432963228
P0, tp=7, ts=7
P0, tp=7, ts=7
P1, tp=7, ts=7, x0=105303821, x1=355656593
P2, tp=7, ts=7, x0=771351668, x1=728512992
P1, tp=7, ts=7, x0=734272740, x1=771351668
P3, tp=7, ts=7, x0=180731078, x1=753539074
P3, tp=7, ts=7, x0=125465599, x1=765383698
P1, tp=7, ts=7, x0=53638880, x1=179078643
P1, tp=7, ts=7, x0=839588077, x1=589870243
P2, tp=7, ts=7, x0=555070484, x1=830572316
P2, tp=7, ts=7, x0=350202132, x1=748084517
P3, tp=7, ts=7, x0=577097142, x1=300187350
P0, tp=7, ts=7
P0, tp=7, ts=7
P3, tp=7, ts=7, x0=998904564, x1=167875128
P2, tp=7, ts=7, x0=552357329, x1=772499901
P2, tp=7, ts=7, x0=5741545, x1=42311534
P0, tp=7, ts=7
P3, tp=7, ts=7, x0=677585855, x1=819798208
P2, tp=7, ts=7, x0=397231860, x1=422962173
P2, tp=7, ts=7, x0=954835648, x1=201613029
P3, tp=7, ts=7, x0=591400030, x1=71041447
P3, tp=7, ts=7, x0=226579847, x1=795300578
P2, tp=7, ts=7, x0=997989984, x1=684343700
P3, tp=7, ts=7, x0=312225745, x1=180731078
P1, tp=7, ts=7, x0=772499901, x1=882599041
P2, tp=7, ts=7, x0=190931507, x1=125465599
P0, tp=7, ts=7
P1, tp=7, ts=7, x0=761772854, x1=728512992
P2, tp=7, ts=7, x0=494890671, x1=904933081
P0, tp=7, ts=7
P2, tp=7, ts=7, x0=179078643, x1=315295147
P2, tp=7, ts=7, x0=42311534, x1=311303366
P1, tp=7, ts=7, x0=190931507, x1=728849411
P1, tp=7, ts=7, x0=595528183, x1=71041447
P0, tp=7, ts=7
P2, tp=7, ts=7, x0=578298568, x1=473786755
P0, tp=7, ts=7
P2, tp=7, ts=7, x0=105303821, x1=677585855
P2, tp=7, ts=7, x0=167875128, x1=881796676
P2, tp=7, ts=7, x0=180731078, x1=494890671
P3, tp=7, ts=7, x0=179078643, x1=816016374
P3, tp=7, ts=7, x0=765383698, x1=42311534
P2, tp=7, ts=7, x0=226579847, x1=963379966
P2, tp=7, ts=7, x0=215672608, x1=934948706
P3, tp=7, ts=7, x0=966449355, x1=954835648
P1, tp=7, ts=7, x0=310436376, x1=834715146
P3, tp=7, ts=7, x0=547665196, x1=532902732
P3, tp=7, ts=7, x0=677585855, x1=380265205
P2, tp=7, ts=7, x0=577097142, x1=589870243
P2, tp=7, ts=7, x0=771351668, x1=795300578
P0, tp=7, ts=7
P2, tp=7, ts=7, x0=678384546, x1=552357329
P0, tp=7, ts=7
P2, tp=7, ts=7, x0=590105816, x1=627596850
P3, tp=7, ts=7, x0=303568015, x1=201613029
P3, tp=7, ts=7, x0=303568015, x1=607480795
P3, tp=7, ts=7, x0=834715146, x1=874580733
P1, tp=7, ts=7, x0=125465599, x1=589870243
P2, tp=7, ts=7, x0=653598428, x1=954835648
P3, tp=7, ts=7, x0=79867053, x1=5741545
P0, tp=7, ts=7
P3, tp=7, ts=7, x0=125465599, x1=72384031
P1, tp=7, ts=7, x0=578298568, x1=283849757
P0, tp=7, ts=7
P0, tp=7, ts=7
P2, tp=7, ts=7, x0=555070484, x1=646443325
P1, tp=7, ts=7, x0=447867249, x1=155903923
P2, tp=7, ts=7, x0=53638880, x1=190931507
P1, tp=7, ts=7, x0=998904564, x1=12242492
P3, tp=7, ts=7, x0=215672608, x1=380265205
P0, tp=7, ts=7
P3, tp=7, ts=7, x0=5741545, x1=874580733
P0, tp=7, ts=7
P3, tp=7, ts=7, x0=215672608, x1=881796676
P1, tp=7, ts=7, x0=795300578, x1=881796676
P3, tp=7, ts=7, x0=881796676, x1=450922778
P1, tp=7, ts=7, x0=839588077, x1=710501673
P0, tp=7, ts=7
P0, tp=7, ts=7
P3, tp=7, ts=7, x0=982763553, x1=464603956
P1, tp=7, ts=7, x0=678384546, x1=646443325
P3, tp=7, ts=7, x0=190931507, x1=816016374
P2, tp=7, ts=7, x0=350202132, x1=904933081
P0, tp=7, ts=7
P0, tp=7, ts=7
P2, tp=7, ts=7, x0=4871310, x1=602022337
P1, tp=8, ts=8, x0=568184368, x1=816016374
P3, tp=8, ts=8, x0=547665196, x1=460316739
P0, tp=8, ts=8
P2, tp=8, ts=8, x0=42311534, x1=53638880
P2, tp=8, ts=8, x0=590105816, x1=547665196
P2, tp=8, ts=8, x0=646443325, x1=88625798
P2, tp=8, ts=8, x0=473786755, x1=589870243
P3, tp=8, ts=8, x0=898765600, x1=978301447
P2, tp=8, ts=8, x0=88625798, x1=565578745
P1, tp=8, ts=8, x0=215672608, x1=904959560
P3, tp=8, ts=8, x0=834715146, x1=167875128
P3, tp=8, ts=8, x0=978301447, x1=547665196
P0, tp=8, ts=8
P3, tp=8, ts=8, x0=450922778, x1=653598428
P1, tp=8, ts=8, x0=998904564, x1=646443325
P0, tp=8, ts=8
P3, tp=8, ts=8, x0=380265205, x1=578298568
P1, tp=8, ts=8, x0=734272740, x1=317512087
P1, tp=8, ts=8, x0=450922778, x1=310436376
P0, tp=8, ts=8
P0, tp=8, ts=8
P0, tp=8, ts=8
P2, tp=8, ts=8, x0=201613029, x1=759954087
P3, tp=8, ts=8, x0=882599041, x1=351865331
P2, tp=8, ts=8, x0=682778204, x1=303568015
P1, tp=8, ts=8, x0=277382462, x1=277382462
P0, tp=8, ts=8
P1, tp=8, ts=8, x0=772499901, x1=351865331
P3, tp=8, ts=8, x0=226579847, x1=5741545
P2, tp=8, ts=8, x0=653598428, x1=765383698
P0, tp=8, ts=8
P3, tp=8, ts=8, x0=904959560, x1=674041665
P3, tp=8, ts=8, x0=589870243, x1=432963228
P0, tp=8, ts=8
P3, tp=8, ts=8, x0=380265205, x1=315295147
P0, tp=8, ts=8
P3, tp=8, ts=8, x0=547665196, x1=67501958
P3, tp=8, ts=8, x0=538457406, x1=883022386
P3, tp=8, ts=8, x0=12242492, x1=934948706
P3, tp=8, ts=8, x0=350202132, x1=578298568
P0, tp=8, ts=8
P0, tp=8, ts=8
P1, tp=8, ts=8, x0=552357329, x1=591400030
P3, tp=8, ts=8, x0=765383698, x1=771351668
P2, tp=8, ts=8, x0=997989984, x1=674041665
P3, tp=8, ts=8, x0=215672608, x1=457535301
P1, tp=8, ts=8, x0=677585855, x1=310436376
P1, tp=8, ts=8, x0=934948706, x1=753539074
P0, tp=8, ts=8
P1, tp=8, ts=8, x0=312225745, x1=684343700
P2, tp=8, ts=8, x0=547665196, x1=53638880
P0, tp=8, ts=8
P2, tp=8, ts=8, x0=898765600, x1=4871310
P2, tp=8, ts=8, x0=1763596, x1=552357329
P1, tp=8, ts=8, x0=710501673, x1=653598428
P3, tp=8, ts=8, x0=409121799, x1=67501958
P1, tp=8, ts=8, x0=816016374, x1=595528183
P3, tp=8, ts=8, x0=893495619, x1=904959560
P0, tp=8, ts=8
P3, tp=8, ts=8, x0=5741545, x1=753539074
P0, tp=8, ts=8
P0, tp=8, ts=8
P3, tp=8, ts=8, x0=50073148, x1=397231860
P0, tp=8, ts=8
P0, tp=8, ts=8
P3, tp=8, ts=8, x0=71041447, x1=464603956
P3, tp=8, ts=8, x0=12242492, x1=310436376
P1, tp=8, ts=8, x0=72384031, x1=473786755
P2, tp=8, ts=8, x0=982763553, x1=688034261
P1, tp=8, ts=8, x0=684343700, x1=568184368
P3, tp=8, ts=8, x0=312225745, x1=397231860
P0, tp=8, ts=8
P3, tp=8, ts=8, x0=317512087, x1=914083710
P0, tp=8, ts=8
P0, tp=8, ts=8
P1, tp=8, ts=8, x0=589870243, x1=303568015
P0, tp=8, ts=8
P2, tp=8, ts=8, x0=432607272, x1=450922778
P0, tp=8, ts=8
P3, tp=8, ts=8, x0=795300578, x1=589870243
P2, tp=8, ts=8, x0=759954087, x1=450922778
P3, tp=8, ts=8, x0=277382462, x1=72384031
P1, tp=8, ts=8, x0=317970701, x1=432607272
P0, tp=8, ts=8
P2, tp=8, ts=8, x0=73525176, x1=457535301
P3, tp=8, ts=8, x0=830572316, x1=997989984
P0, tp=8, ts=8
P3, tp=8, ts=8, x0=450922778, x1=362221548
P2, tp=8, ts=8, x0=734272740, x1=283849757
P0, tp=8, ts=8
P0, tp=8, ts=8
P3, tp=8, ts=8, x0=350202132, x1=190931507
P0, tp=8, ts=8
P0, tp=8, ts=8
P2, tp=8, ts=8, x0=315295147, x1=12242492
P1, tp=8, ts=8, x0=317970701, x1=997989984
P2, tp=8, ts=8, x0=450922778, x1=317512087
P3, tp=8, ts=8, x0=568184368, x1=362221548
P3, tp=8, ts=8, x0=499799366, x1=816016374
P3, tp=8, ts=8, x0=380265205, x1=303568015
P2, tp=8, ts=8, x0=753539074, x1=167875128
P1, tp=8, ts=8, x0=891385135, x1=830572316
P3, tp=8, ts=8, x0=795300578, x1=362221548
P2, tp=8, ts=8, x0=226097377, x1=669538469
P3, tp=8, ts=8, x0=350202132, x1=108847391
P2, tp=8, ts=8, x0=215672608, x1=523717936
P3, tp=8, ts=8, x0=147627260, x1=677585855
P1, tp=8, ts=8, x0=397231860, x1=613351301
P0, tp=8, ts=8
P1, tp=8, ts=8, x0=795300578, x1=552357329
P2, tp=8, ts=8, x0=337596192, x1=669538469
P1, tp=8, ts=8, x0=883022386, x1=595528183
P2, tp=8, ts=8, x0=839588077, x1=904959560
P0, tp=8, ts=8
P0, tp=8, ts=8
P0, tp=8, ts=8
P3, tp=8, ts=8, x0=874580733, x1=317970701
P1, tp=8, ts=8, x0=315295147, x1=677585855
P1, tp=8, ts=8, x0=155903923, x1=552357329
P2, tp=8, ts=8, x0=734272740, x1=552357329
P3, tp=8, ts=8, x0=499799366, x1=816016374
P0, tp=8, ts=8
P2, tp=8, ts=8, x0=460316739, x1=215672608
P2, tp=8, ts=8, x0=393390495, x1=457535301
P2, tp=8, ts=8, x0=934707963, x1=75858449
P0, tp=8, ts=8
P0, tp=8, ts=8
P0, tp=8, ts=8
P1, tp=8, ts=8, x0=25267752, x1=432607272
P1, tp=8, ts=8, x0=839588077, x1=891385135
P1, tp=8, ts=8, x0=565578745, x1=761772854
P2, tp=8, ts=8, x0=473786755, x1=155903923
P1, tp=8, ts=8, x0=450922778, x1=881796676
P0, tp=8, ts=8
P3, tp=8, ts=8, x0=590105816, x1=73525176
P3, tp=8, ts=8, x0=167875128, x1=201613029
P2, tp=8, ts=8, x0=315295147, x1=998904564
P0, tp=8, ts=8
P3, tp=8, ts=8, x0=934707963, x1=554742894
P2, tp=8, ts=8, x0=552357329, x1=155903923
P2, tp=8, ts=8, x0=847910387, x1=602022337
P3, tp=8, ts=8, x0=591400030, x1=589870243
P2, tp=8, ts=8, x0=75858449, x1=450922778
P0, tp=8, ts=8
P0, tp=8, ts=8
P1, tp=8, ts=8, x0=568184368, x1=226579847
P0, tp=8, ts=8
P1, tp=8, ts=8, x0=577097142, x1=552357329
P3, tp=8, ts=8, x0=484111673, x1=380265205
P3, tp=8, ts=8, x0=310436376, x1=747365086
P1, tp=8, ts=8, x0=167875128, x1=795300578
P2, tp=8, ts=8, x0=688034261, x1=67501958
P3, tp=8, ts=8, x0=190931507, x1=350202132
P2, tp=8, ts=8, x0=747365086, x1=904933081
P3, tp=8, ts=8, x0=166616719, x1=53638880
P1, tp=8, ts=8, x0=882599041, x1=677585855
P2, tp=8, ts=8, x0=607480795, x1=710501673
P0, tp=8, ts=8
P2, tp=8, ts=8, x0=904959560, x1=747365086
P1, tp=8, ts=8, x0=303568015, x1=728849411
P1, tp=8, ts=8, x0=934707963, x1=565578745
P1, tp=8, ts=8, x0=73525176, x1=542161672
P0, tp=8, ts=8
P2, tp=8, ts=8, x0=71041447, x1=790023925
P2, tp=8, ts=8, x0=830572316, x1=147627260
P0, tp=8, ts=8
P0, tp=8, ts=8
P1, tp=8, ts=8, x0=295992551, x1=542161672
P3, tp=8, ts=8, x0=350202132, x1=166616719
P1, tp=8, ts=8, x0=380265205, x1=997989984
P3, tp=8, ts=8, x0=997989984, x1=298813852
P0, tp=8, ts=8
P1, tp=8, ts=8, x0=552357329, x1=591400030
P0, tp=8, ts=8
P1, tp=8, ts=8, x0=795300578, x1=578298568
P2, tp=8, ts=8, x0=891385135, x1=882599041
P3, tp=8, ts=8, x0=607480795, x1=540617402
P2, tp=8, ts=8, x0=565578745, x1=882599041
P0, tp=8, ts=8
P1, tp=8, ts=8, x0=565578745, x1=317512087
P3, tp=8, ts=8, x0=108847391, x1=464603956
P2, tp=8, ts=8, x0=404407099, x1=428509340
P2, tp=8, ts=8, x0=215672608, x1=578298568
P0, tp=8, ts=8
P0, tp=8, ts=8
P3, tp=8, ts=8, x0=1763596, x1=728512992
P3, tp=8, ts=8, x0=422962173, x1=759954087
P0, tp=8, ts=8
P2, tp=8, ts=8, x0=552357329, x1=50073148
P2, tp=8, ts=8, x0=42311534, x1=12242492
P2, tp=8, ts=8, x0=502170321, x1=578298568
P0, tp=8, ts=8
P2, tp=8, ts=8, x0=978301447, x1=484111673
P1, tp=8, ts=8, x0=494890671, x1=998904564
P1, tp=8, ts=8, x0=499799366, x1=404407099
P3, tp=8, ts=8, x0=12242492, x1=997989984
P1, tp=8, ts=8, x0=432607272, x1=350202132
P2, tp=8, ts=8, x0=312225745, x1=554742894
P2, tp=8, ts=8, x0=790023925, x1=73525176
P2, tp=8, ts=8, x0=595528183, x1=267454127
P1, tp=8, ts=8, x0=380265205, x1=277382462
P0, tp=8, ts=8
P0, tp=8, ts=8
P0, tp=8, ts=8
P2, tp=8, ts=8, x0=761772854, x1=73525176
P3, tp=8, ts=8, x0=317512087, x1=765383698
P3, tp=8, ts=8, x0=42000149, x1=978301447
P0, tp=8, ts=8
P3, tp=8, ts=8, x0=607480795, x1=759954087
P3, tp=8, ts=8, x0=565578745, x1=547586130
P1, tp=8, ts=8, x0=653598428, x1=747365086
P0, tp=8, ts=8
P0, tp=8, ts=8
P3, tp=8, ts=8, x0=315295147, x1=502170321
P1, tp=8, ts=8, x0=432607272, x1=226097377
P1, tp=8, ts=8, x0=53638880, x1=540617402
P2, tp=8, ts=8, x0=728512992, x1=790023925
P1, tp=8, ts=8, x0=428509340, x1=315295147
P0, tp=8, ts=8
P3, tp=8, ts=8, x0=79867053, x1=710501673
P2, tp=8, ts=8, x0=499799366, x1=677585855
P2, tp=8, ts=8, x0=728512992, x1=881796676
P0, tp=8, ts=8
P0, tp=8, ts=8
P2, tp=8, ts=8, x0=728849411, x1=167875128
P3, tp=8, ts=8, x0=741587037, x1=155903923
P1, tp=8, ts=8, x0=404407099, x1=728512992
P0, tp=8, ts=8
P1, tp=8, ts=8, x0=565578745, x1=547586130
P2, tp=8, ts=8, x0=790023925, x1=839588077
P1, tp=8, ts=8, x0=591400030, x1=215672608
P2, tp=8, ts=8, x0=964189489, x1=589870243
P1, tp=8, ts=8, x0=595528183, x1=883022386
P1, tp=8, ts=8, x0=728849411, x1=432607272
P3, tp=8, ts=8, x0=795300578, x1=457535301
P0, tp=8, ts=8
P1, tp=8, ts=8, x0=964189489, x1=484111673
P3, tp=8, ts=8, x0=830572316, x1=397231860
P1, tp=8, ts=8, x0=4871310, x1=964189489
P1, tp=8, ts=8, x0=790023925, x1=998904564
P0, tp=8, ts=8
P3, tp=8, ts=8, x0=315295147, x1=432963228
P1, tp=8, ts=8, x0=669538469, x1=42000149
P1, tp=8, ts=8, x0=393390495, x1=1763596
P3, tp=8, ts=8, x0=464603956, x1=1763596
P0, tp=8, ts=8
P1, tp=8, ts=8, x0=591400030, x1=404407099
P3, tp=8, ts=8, x0=904959560, x1=473786755
P2, tp=8, ts=8, x0=741587037, x1=42311534
P1, tp=8, ts=8, x0=267454127, x1=881796676
P3, tp=8, ts=8, x0=834715146, x1=542161672
P1, tp=8, ts=8, x0=847910387, x1=834715146
P1, tp=8, ts=8, x0=380265205, x1=881796676
P2, tp=8, ts=8, x0=613351301, x1=602022337
P0, tp=8, ts=8
P0, tp=8, ts=8
P3, tp=8, ts=8, x0=589870243, x1=682778204
P3, tp=8, ts=8, x0=350202132, x1=166616719
P1, tp=8, ts=8, x0=834715146, x1=208251083
P2, tp=8, ts=8, x0=665027710, x1=882599041
P3, tp=8, ts=8, x0=380265205, x1=964189489
P3, tp=8, ts=8, x0=190931507, x1=53638880
P2, tp=8, ts=8, x0=540617402, x1=41052826
P3, tp=8, ts=8, x0=602022337, x1=397231860
P0, tp=8, ts=8
P0, tp=8, ts=8
P0, tp=8, ts=8
P3, tp=8, ts=8, x0=499799366, x1=787956711
P1, tp=8, ts=8, x0=677585855, x1=904959560
P3, tp=8, ts=8, x0=499799366, x1=881796676
P1, tp=8, ts=8, x0=75858449, x1=277382462
P1, tp=8, ts=8, x0=450922778, x1=362221548
P1, tp=8, ts=8, x0=502170321, x1=350202132
P1, tp=8, ts=8, x0=4871310, x1=267454127
P3, tp=8, ts=8, x0=607480795, x1=226097377
P0, tp=8, ts=8
P3, tp=8, ts=8, x0=790023925, x1=578298568
P2, tp=8, ts=8, x0=904959560, x1=166616719
P0, tp=8, ts=8
P2, tp=8, ts=8, x0=362221548, x1=523717936
P3, tp=8, ts=8, x0=298813852, x1=904959560
P1, tp=8, ts=8, x0=190931507, x1=50073148
P1, tp=8, ts=8, x0=591400030, x1=653598428
P1, tp=8, ts=8, x0=464603956, x1=607480795
P3, tp=8, ts=8, x0=646025175, x1=499799366
P0, tp=8, ts=8
P2, tp=8, ts=8, x0=728849411, x1=226097377
P2, tp=8, ts=8, x0=315295147, x1=41052826
P2, tp=8, ts=8, x0=565578745, x1=982763553
P0, tp=8, ts=8
P1, tp=8, ts=8, x0=554742894, x1=883022386
P0, tp=8, ts=8
P1, tp=8, ts=8, x0=578298568, x1=42000149
P2, tp=8, ts=8, x0=473786755, x1=646443325
P0, tp=8, ts=8
P1, tp=8, ts=8, x0=881796676, x1=79867053
P2, tp=8, ts=8, x0=226097377, x1=795300578
P3, tp=8, ts=8, x0=710501673, x1=602022337
P0, tp=8, ts=8
P3, tp=8, ts=8, x0=215672608, x1=780522634
P2, tp=8, ts=8, x0=787956711, x1=834715146
P1, tp=8, ts=8, x0=303568015, x1=432607272
P2, tp=8, ts=8, x0=192852983, x1=590105816
P0, tp=8, ts=8
P1, tp=8, ts=8, x0=669538469, x1=747365086
P1, tp=8, ts=8, x0=350202132, x1=108847391
P3, tp=8, ts=8, x0=881796676, x1=50073148
P3, tp=8, ts=8, x0=350202132, x1=589870243
P0, tp=8, ts=8
P2, tp=8, ts=8, x0=350202132, x1=830572316
P0, tp=8, ts=8
P3, tp=8, ts=8, x0=42000149, x1=665027710
P3, tp=8, ts=8, x0=982763553, x1=351865331
P3, tp=8, ts=8, x0=79867053, x1=362221548
P2, tp=8, ts=8, x0=982763553, x1=958128414
P0, tp=8, ts=8
P1, tp=8, ts=8, x0=568184368, x1=28819871
P3, tp=8, ts=8, x0=450922778, x1=166616719
P3, tp=8, ts=8, x0=613351301, x1=741587037
P0, tp=8, ts=8
P0, tp=8, ts=8
P3, tp=8, ts=8, x0=79867053, x1=790023925
P0, tp=8, ts=8
P2, tp=8, ts=8, x0=464603956, x1=484111673
P2, tp=8, ts=8, x0=4871310, x1=765383698
P3, tp=8, ts=8, x0=741587037, x1=891385135
P2, tp=8, ts=8, x0=464603956, x1=398214030
P3, tp=8, ts=8, x0=108847391, x1=1763596
P2, tp=8, ts=8, x0=63115009, x1=295992551
P3, tp=8, ts=8, x0=568184368, x1=192852983
P0, tp=8, ts=8
P0, tp=8, ts=8
P1, tp=8, ts=8, x0=502170321, x1=964189489
P3, tp=8, ts=8, x0=578298568, x1=49121881
P0, tp=8, ts=8
P0, tp=8, ts=8
P0, tp=8, ts=8
P3, tp=8, ts=8, x0=669538469, x1=787956711
P1, tp=8, ts=8, x0=839588077, x1=71957095
P0, tp=8, ts=8
P2, tp=8, ts=8, x0=780522634, x1=591400030
P0, tp=8, ts=8
P1, tp=8, ts=8, x0=665027710, x1=267454127
P2, tp=8, ts=8, x0=839588077, x1=4871310
P1, tp=8, ts=8, x0=847910387, x1=710501673
P2, tp=8, ts=8, x0=847910387, x1=362221548
P2, tp=8, ts=8, x0=568184368, x1=380265205
P0, tp=8, ts=8
P2, tp=8, ts=8, x0=761772854, x1=215672608
P1, tp=8, ts=8, x0=460316739, x1=362221548
P0, tp=8, ts=8
P1, tp=8, ts=8, x0=591400030, x1=669538469
P0, tp=8, ts=8
P3, tp=8, ts=8, x0=677585855, x1=226097377
P2, tp=8, ts=8, x0=578298568, x1=41052826
P3, tp=8, ts=8, x0=166616719, x1=653598428
P1, tp=8, ts=8, x0=351865331, x1=373013108
P2, tp=8, ts=8, x0=464603956, x1=547586130
P2, tp=8, ts=8, x0=964189489, x1=208251083
P0, tp=8, ts=8
P2, tp=8, ts=8, x0=49121881, x1=787956711
P1, tp=8, ts=8, x0=607480795, x1=682778204
P3, tp=8, ts=8, x0=982763553, x1=208251083
P0, tp=8, ts=8
P1, tp=8, ts=8, x0=741587037, x1=295992551
P3, tp=8, ts=8, x0=315295147, x1=836501802
P3, tp=8, ts=8, x0=839588077, x1=362221548
P2, tp=8, ts=8, x0=73525176, x1=591400030
P3, tp=8, ts=8, x0=998904564, x1=613351301
P1, tp=8, ts=8, x0=182591019, x1=73525176
P0, tp=8, ts=8
P0, tp=8, ts=8
P1, tp=8, ts=8, x0=607480795, x1=303568015
P2, tp=8, ts=8, x0=1763596, x1=665027710
P3, tp=8, ts=8, x0=882599041, x1=457535301
P3, tp=8, ts=8, x0=904959560, x1=182591019
P1, tp=8, ts=8, x0=28819871, x1=589870243
P0, tp=8, ts=8
P2, tp=8, ts=8, x0=780522634, x1=30812942
P2, tp=8, ts=8, x0=404407099, x1=1763596
P0, tp=8, ts=8
P2, tp=8, ts=8, x0=669538469, x1=816016374
P1, tp=8, ts=8, x0=542161672, x1=496265552
P0, tp=8, ts=8
P0, tp=8, ts=8
P1, tp=8, ts=8, x0=502170321, x1=839588077
P0, tp=8, ts=8
P0, tp=8, ts=8
P2, tp=8, ts=8, x0=595528183, x1=464603956
P0, tp=8, ts=8
P0, tp=8, ts=8
P3, tp=8, ts=8, x0=79867053, x1=413688358
P2, tp=8, ts=8, x0=218776740, x1=646025175
P3, tp=8, ts=8, x0=891385135, x1=450922778
P2, tp=8, ts=8, x0=131178659, x1=677585855
P3, tp=8, ts=8, x0=190931507, x1=182591019
P0, tp=8, ts=8
P1, tp=8, ts=8, x0=914083710, x1=432607272
P3, tp=8, ts=8, x0=79867053, x1=607480795
P1, tp=8, ts=8, x0=350202132, x1=590105816
P3, tp=8, ts=8, x0=459789883, x1=460316739
P3, tp=8, ts=8, x0=882599041, x1=146570656
P2, tp=8, ts=8, x0=1763596, x1=473786755
P2, tp=8, ts=8, x0=613351301, x1=4871310
P3, tp=8, ts=8, x0=830572316, x1=530678512
P3, tp=8, ts=8, x0=432963228, x1=881796676
P3, tp=8, ts=8, x0=747365086, x1=591400030
P0, tp=8, ts=8
P2, tp=8, ts=8, x0=496265552, x1=464603956
P0, tp=8, ts=8
P0, tp=8, ts=8
P1, tp=8, ts=8, x0=398214030, x1=830572316
P3, tp=8, ts=8, x0=682778204, x1=747365086
P3, tp=8, ts=8, x0=351865331, x1=73525176
P1, tp=8, ts=8, x0=350202132, x1=891385135
P0, tp=8, ts=8
P3, tp=8, ts=8, x0=218776740, x1=998904564
P2, tp=8, ts=8, x0=450922778, x1=351865331
P2, tp=8, ts=8, x0=839588077, x1=499799366
P0, tp=8, ts=8
P0, tp=8, ts=8
P2, tp=8, ts=8, x0=398214030, x1=613351301
P3, tp=8, ts=8, x0=784635324, x1=728849411
P0, tp=8, ts=8
P0, tp=8, ts=8
P3, tp=8, ts=8, x0=883022386, x1=67501958
P3, tp=8, ts=8, x0=982763553, x1=380265205
P0, tp=8, ts=8
P1, tp=8, ts=8, x0=317512087, x1=277382462
P0, tp=8, ts=8
P3, tp=8, ts=8, x0=298813852, x1=373013108
P2, tp=8, ts=8, x0=317512087, x1=295992551
P2, tp=8, ts=8, x0=49121881, x1=282666617
P0, tp=8, ts=8
P0, tp=8, ts=8
P3, tp=8, ts=8, x0=784635324, x1=780522634
P1, tp=8, ts=8, x0=398214030, x1=881796676
P3, tp=8, ts=8, x0=891385135, x1=589870243
P3, tp=8, ts=8, x0=447138414, x1=480214716
P3, tp=8, ts=8, x0=595528183, x1=565578745
P2, tp=8, ts=8, x0=182591019, x1=311303366
P3, tp=8, ts=8, x0=542161672, x1=484111673
P3, tp=8, ts=8, x0=42000149, x1=464603956
P3, tp=8, ts=8, x0=464603956, x1=215451544
P2, tp=8, ts=8, x0=728849411, x1=836501802
P1, tp=8, ts=8, x0=479332536, x1=547586130
P2, tp=8, ts=8, x0=941305857, x1=542161672
P0, tp=8, ts=8
P0, tp=8, ts=8
P0, tp=8, ts=8
P3, tp=8, ts=8, x0=816016374, x1=484111673
P0, tp=8, ts=8
P0, tp=8, ts=8
P2, tp=8, ts=8, x0=422962173, x1=428509340
P2, tp=8, ts=8, x0=267454127, x1=958128414
P1, tp=8, ts=8, x0=554742894, x1=79867053
P2, tp=8, ts=8, x0=267454127, x1=73525176
P2, tp=8, ts=8, x0=267454127, x1=67501958
P1, tp=8, ts=8, x0=166616719, x1=350202132
P1, tp=8, ts=8, x0=218776740, x1=941305857
P2, tp=8, ts=8, x0=480214716, x1=511642952
P3, tp=8, ts=8, x0=665027710, x1=890171475
P1, tp=8, ts=8, x0=480214716, x1=883022386
P3, tp=8, ts=8, x0=73525176, x1=447138414
P2, tp=8, ts=8, x0=464603956, x1=881796676
P3, tp=8, ts=8, x0=542161672, x1=459789883
P1, tp=8, ts=8, x0=568184368, x1=298813852
P0, tp=8, ts=8
P0, tp=8, ts=8
P2, tp=8, ts=8, x0=473786755, x1=565578745
P2, tp=8, ts=8, x0=40356829, x1=4871310
P0, tp=8, ts=8
P2, tp=8, ts=8, x0=882599041, x1=350202132
P3, tp=8, ts=8, x0=613351301, x1=218776740
P1, tp=8, ts=8, x0=613351301, x1=890171475
P1, tp=8, ts=8, x0=267454127, x1=741587037
P0, tp=8, ts=8
P1, tp=8, ts=8, x0=308164123, x1=890171475
P3, tp=8, ts=8, x0=590105816, x1=311303366
P3, tp=8, ts=8, x0=398214030, x1=208251083
P3, tp=8, ts=8, x0=710501673, x1=882599041
P3, tp=8, ts=8, x0=847910387, x1=397231860
P1, tp=8, ts=8, x0=459789883, x1=215451544
P2, tp=8, ts=8, x0=393390495, x1=131178659
P0, tp=8, ts=8
P3, tp=8, ts=8, x0=108847391, x1=480214716
P0, tp=8, ts=8
P2, tp=8, ts=8, x0=303568015, x1=817136937
P3, tp=8, ts=8, x0=67501958, x1=404407099
P0, tp=8, ts=8
P1, tp=8, ts=8, x0=765383698, x1=226097377
P0, tp=8, ts=8
P1, tp=8, ts=8, x0=898765600, x1=765383698
P0, tp=8, ts=8
P2, tp=8, ts=8, x0=67501958, x1=530678512
P2, tp=8, ts=8, x0=881796676, x1=780522634
P0, tp=8, ts=8
P0, tp=8, ts=8
P3, tp=8, ts=8, x0=79867053, x1=329003184
P3, tp=8, ts=8, x0=460316739, x1=218776740
P1, tp=8, ts=8, x0=192852983, x1=532561243
P3, tp=8, ts=8, x0=816016374, x1=298813852
P1, tp=8, ts=8, x0=710501673, x1=63115009
P1, tp=8, ts=8, x0=554742894, x1=413688358
P0, tp=8, ts=8
P3, tp=8, ts=8, x0=182591019, x1=646025175
P2, tp=8, ts=8, x0=317970701, x1=741587037
P0, tp=8, ts=8
P3, tp=8, ts=8, x0=198577977, x1=73525176
P0, tp=8, ts=8
P0, tp=8, ts=8
P1, tp=8, ts=8, x0=787956711, x1=487342127
P1, tp=8, ts=8, x0=484111673, x1=40356829
P0, tp=8, ts=8
P1, tp=8, ts=8, x0=28819871, x1=646025175
P3, tp=8, ts=8, x0=166616719, x1=1763596
P1, tp=8, ts=8, x0=860668718, x1=1763596
P1, tp=8, ts=8, x0=397231860, x1=75858449
P2, tp=8, ts=8, x0=397231860, x1=487342127
P2, tp=8, ts=8, x0=780522634, x1=998904564
P0, tp=8, ts=8
P1, tp=8, ts=8, x0=547586130, x1=350202132
P3, tp=8, ts=8, x0=404407099, x1=305613449
P3, tp=8, ts=8, x0=547586130, x1=568184368
P2, tp=8, ts=8, x0=646025175, x1=881020123
P0, tp=8, ts=8
P3, tp=8, ts=8, x0=317512087, x1=79867053
P2, tp=8, ts=8, x0=305613449, x1=941305857
P3, tp=8, ts=8, x0=568184368, x1=63115009
P1, tp=8, ts=8, x0=568184368, x1=741587037
P2, tp=8, ts=8, x0=218776740, x1=890171475
P1, tp=8, ts=8, x0=646025175, x1=276090558
P2, tp=8, ts=8, x0=464603956, x1=542161672
P1, tp=8, ts=8, x0=817136937, x1=41052826
P0, tp=8, ts=8
P2, tp=8, ts=8, x0=479332536, x1=511642952
P1, tp=8, ts=8, x0=646025175, x1=860668718
P0, tp=8, ts=8
P1, tp=8, ts=8, x0=308164123, x1=595528183
P1, tp=8, ts=8, x0=215451544, x1=166616719
P1, tp=8, ts=8, x0=447138414, x1=511642952
P1, tp=8, ts=8, x0=298813852, x1=998904564
P1, tp=8, ts=8, x0=568184368, x1=669538469
P0, tp=8, ts=8
P0, tp=8, ts=8
P2, tp=8, ts=8, x0=664397662, x1=669538469
P0, tp=8, ts=8
P3, tp=8, ts=8, x0=215451544, x1=998904564
P0, tp=8, ts=8
P0, tp=8, ts=8
P1, tp=8, ts=8, x0=308164123, x1=397231860
P3, tp=8, ts=8, x0=166616719, x1=1763596
P2, tp=8, ts=8, x0=502170321, x1=276090558
P2, tp=8, ts=8, x0=496265552, x1=22164998
P1, tp=8, ts=8, x0=298813852, x1=192852983
P0, tp=8, ts=8
P2, tp=8, ts=8, x0=540617402, x1=40356829
P0, tp=8, ts=8
P2, tp=8, ts=8, x0=677585855, x1=79867053
P1, tp=8, ts=8, x0=473786755, x1=780522634
P1, tp=8, ts=8, x0=679990303, x1=595528183
P1, tp=8, ts=8, x0=665027710, x1=883022386
P1, tp=8, ts=8, x0=459789883, x1=554742894
P3, tp=8, ts=8, x0=460316739, x1=459789883
P1, tp=8, ts=8, x0=108847391, x1=459789883
P1, tp=8, ts=8, x0=669538469, x1=590105816
P2, tp=8, ts=8, x0=496265552, x1=317512087
P2, tp=8, ts=8, x0=914083710, x1=432607272
P3, tp=8, ts=8, x0=317970701, x1=108847391
P3, tp=8, ts=8, x0=679990303, x1=778896774
P1, tp=8, ts=8, x0=341739853, x1=393390495
P1, tp=8, ts=8, x0=63115009, x1=496265552
P0, tp=8, ts=8
P0, tp=8, ts=8
P0, tp=8, ts=8
P1, tp=8, ts=8, x0=63115009, x1=590105816
P3, tp=8, ts=8, x0=447138414, x1=9571253
P0, tp=8, ts=8
P0, tp=8, ts=8
P0, tp=8, ts=8
P3, tp=8, ts=8, x0=958128414, x1=679990303
P1, tp=8, ts=8, x0=305613449, x1=958128414
P0, tp=8, ts=8
P0, tp=8, ts=8
P1, tp=8, ts=8, x0=665027710, x1=499799366
P1, tp=8, ts=8, x0=487342127, x1=847910387
P0, tp=8, ts=8
P1, tp=8, ts=8, x0=464603956, x1=613351301
P1, tp=8, ts=8, x0=49121881, x1=496265552
P2, tp=8, ts=8, x0=276090558, x1=747365086
P2, tp=8, ts=8, x0=303568015, x1=404407099
P0, tp=8, ts=8
P0, tp=8, ts=8
P2, tp=8, ts=8, x0=523717936, x1=542161672
P3, tp=8, ts=8, x0=915172168, x1=646025175
P2, tp=8, ts=8, x0=41052826, x1=780522634
P1, tp=8, ts=8, x0=450922778, x1=646025175
P3, tp=8, ts=8, x0=317970701, x1=146570656
P2, tp=8, ts=8, x0=941305857, x1=192852983
P0, tp=8, ts=8
P1, tp=8, ts=8, x0=9571253, x1=428509340
P0, tp=8, ts=8
P3, tp=8, ts=8, x0=208251083, x1=664397662
P1, tp=8, ts=8, x0=447138414, x1=941305857
P3, tp=8, ts=8, x0=784635324, x1=784635324
P1, tp=8, ts=8, x0=473786755, x1=484111673
P1, tp=8, ts=8, x0=41052826, x1=131178659
P3, tp=8, ts=8, x0=166616719, x1=393390495
P3, tp=8, ts=8, x0=523717936, x1=664397662
P1, tp=8, ts=8, x0=778896774, x1=836501802
P1, tp=8, ts=8, x0=530678512, x1=305613449
P3, tp=8, ts=8, x0=1763596, x1=459789883
P3, tp=8, ts=8, x0=75858449, x1=860668718
P0, tp=8, ts=8
P2, tp=8, ts=8, x0=460316739, x1=590105816
P3, tp=8, ts=8, x0=499799366, x1=710501673
P3, tp=8, ts=8, x0=105469970, x1=941305857
P1, tp=8, ts=8, x0=812701956, x1=317970701
P2, tp=8, ts=8, x0=898765600, x1=218776740
P3, tp=8, ts=8, x0=298813852, x1=817136937
P2, tp=8, ts=8, x0=511642952, x1=105469970
P3, tp=8, ts=8, x0=63115009, x1=836501802
P3, tp=8, ts=8, x0=276090558, x1=876414971
P3, tp=8, ts=8, x0=276090558, x1=71957095
P1, tp=8, ts=8, x0=881020123, x1=71957095
P3, tp=8, ts=8, x0=790023925, x1=741587037
P2, tp=8, ts=8, x0=679990303, x1=898765600
P0, tp=8, ts=8
P0, tp=8, ts=8
P2, tp=8, ts=8, x0=393390495, x1=67501958
P0, tp=8, ts=8
P2, tp=8, ts=8, x0=812701956, x1=447138414
P2, tp=8, ts=8, x0=836501802, x1=710501673
P3, tp=8, ts=8, x0=329003184, x1=30812942
P2, tp=8, ts=8, x0=276090558, x1=784635324
P2, tp=8, ts=8, x0=501235448, x1=876414971
P1, tp=8, ts=8, x0=941305857, x1=499799366
P3, tp=8, ts=8, x0=267454127, x1=282666617
P1, tp=8, ts=8, x0=413688358, x1=532561243
P2, tp=8, ts=8, x0=710501673, x1=511642952
P2, tp=8, ts=8, x0=881020123, x1=63115009
P2, tp=8, ts=8, x0=303568015, x1=108847391
P0, tp=8, ts=8
P2, tp=8, ts=8, x0=941305857, x1=547586130
P1, tp=8, ts=8, x0=836501802, x1=447138414
P2, tp=8, ts=8, x0=182591019, x1=890171475
P0, tp=8, ts=8
P1, tp=8, ts=8, x0=568184368, x1=665027710
P1, tp=8, ts=8, x0=860668718, x1=157954015
P2, tp=8, ts=8, x0=11500481, x1=986784910
P1, tp=8, ts=8, x0=501235448, x1=404407099
P0, tp=8, ts=8
P1, tp=8, ts=8, x0=891385135, x1=71957095
P1, tp=8, ts=8, x0=329003184, x1=67501958
P2, tp=8, ts=8, x0=484111673, x1=540617402
P0, tp=8, ts=8
P0, tp=8, ts=8
P2, tp=8, ts=8, x0=75858449, x1=778896774
P0, tp=8, ts=8
P2, tp=8, ts=8, x0=131178659, x1=317512087
P2, tp=8, ts=8, x0=747365086, x1=496265552
P1, tp=8, ts=8, x0=1763596, x1=40356829
P3, tp=8, ts=8, x0=1763596, x1=41052826
P1, tp=8, ts=8, x0=341739853, x1=847910387
P3, tp=8, ts=8, x0=480214716, x1=282666617
P3, tp=8, ts=8, x0=881020123, x1=1763596
P3, tp=8, ts=8, x0=568184368, x1=404407099
P0, tp=8, ts=8
P3, tp=8, ts=8, x0=511642952, x1=891385135
P2, tp=8, ts=8, x0=487342127, x1=646025175
P2, tp=8, ts=8, x0=780522634, x1=530678512
P1, tp=8, ts=8, x0=787956711, x1=464603956
P1, tp=8, ts=8, x0=447138414, x1=487342127
P1, tp=8, ts=8, x0=192852983, x1=898765600
P1, tp=8, ts=8, x0=63115009, x1=679990303
P3, tp=8, ts=8, x0=540617402, x1=812701956
P1, tp=8, ts=8, x0=63115009, x1=679990303
P2, tp=8, ts=8, x0=261177465, x1=982763553
P3, tp=8, ts=8, x0=9571253, x1=413688358
P3, tp=8, ts=8, x0=778896774, x1=568184368
P3, tp=8, ts=8, x0=67501958, x1=546559397
P3, tp=8, ts=8, x0=298813852, x1=226097377
P2, tp=8, ts=8, x0=532561243, x1=516911069
P0, tp=8, ts=8
P0, tp=8, ts=8
P3, tp=8, ts=8, x0=883022386, x1=198577977
P0, tp=8, ts=8
P2, tp=8, ts=8, x0=523717936, x1=479332536
P3, tp=8, ts=8, x0=341739853, x1=516911069
P0, tp=8, ts=8
P3, tp=8, ts=8, x0=317970701, x1=75858449
P2, tp=8, ts=8, x0=22164998, x1=559386320
P2, tp=8, ts=8, x0=11500481, x1=218776740
P1, tp=8, ts=8, x0=876414971, x1=664397662
P3, tp=8, ts=8, x0=487342127, x1=298813852
P1, tp=8, ts=8, x0=404407099, x1=890171475
P2, tp=8, ts=8, x0=957822944, x1=784635324
P0, tp=8, ts=8
P2, tp=8, ts=8, x0=298813852, x1=986784910
P2, tp=8, ts=8, x0=669538469, x1=317512087
P1, tp=8, ts=8, x0=922311462, x1=628408378
P1, tp=8, ts=8, x0=530678512, x1=393390495
P2, tp=8, ts=8, x0=628408378, x1=891385135
P0, tp=8, ts=8
P1, tp=8, ts=8, x0=67501958, x1=428509340
P0, tp=8, ts=8
P3, tp=8, ts=8, x0=817136937, x1=547586130
P1, tp=8, ts=8, x0=484111673, x1=941305857
P3, tp=8, ts=8, x0=741587037, x1=1763596
P3, tp=8, ts=8, x0=679990303, x1=559386320
P1, tp=8, ts=8, x0=501235448, x1=496265552
P3, tp=8, ts=8, x0=432607272, x1=75858449
P2, tp=8, ts=8, x0=393390495, x1=182591019
P3, tp=8, ts=8, x0=679990303, x1=1763596
P0, tp=8, ts=8
P3, tp=8, ts=8, x0=890171475, x1=487342127
P3, tp=8, ts=8, x0=559386320, x1=316541151
P1, tp=8, ts=8, x0=501235448, x1=499799366
P3, tp=8, ts=8, x0=860668718, x1=42000149
P1, tp=8, ts=8, x0=891385135, x1=22164998
P3, tp=8, ts=8, x0=646025175, x1=554742894
P0, tp=8, ts=8
P3, tp=8, ts=8, x0=30812942, x1=883022386
P1, tp=8, ts=8, x0=105469970, x1=329003184
P3, tp=8, ts=8, x0=462979794, x1=780522634
P3, tp=8, ts=8, x0=613351301, x1=329003184
P1, tp=8, ts=8, x0=836501802, x1=276090558
P2, tp=8, ts=8, x0=915172168, x1=166616719
P2, tp=8, ts=8, x0=42000149, x1=9571253
P1, tp=8, ts=8, x0=501235448, x1=778896774
P0, tp=8, ts=8
P1, tp=8, ts=8, x0=146570656, x1=922311462
P3, tp=8, ts=8, x0=964189489, x1=484111673
P1, tp=8, ts=8, x0=316541151, x1=462979794
P1, tp=8, ts=8, x0=38675433, x1=298813852
P2, tp=8, ts=8, x0=479332536, x1=530678512
P2, tp=8, ts=8, x0=22164998, x1=860668718
P1, tp=8, ts=8, x0=501235448, x1=812701956
P3, tp=8, ts=8, x0=372373354, x1=28819871
P3, tp=8, ts=8, x0=613351301, x1=847910387
P2, tp=8, ts=8, x0=941305857, x1=964189489
P3, tp=8, ts=8, x0=941305857, x1=479332536
P1, tp=8, ts=8, x0=42000149, x1=303018540
P0, tp=8, ts=8
P2, tp=8, ts=8, x0=957822944, x1=679990303
P1, tp=8, ts=8, x0=847910387, x1=447138414
P2, tp=8, ts=8, x0=970798799, x1=669538469
P1, tp=8, ts=8, x0=108847391, x1=329003184
P1, tp=8, ts=8, x0=915172168, x1=208251083
P1, tp=8, ts=8, x0=986784910, x1=941305857
P1, tp=8, ts=8, x0=559386320, x1=496265552
P1, tp=8, ts=8, x0=38675433, x1=30812942
P2, tp=8, ts=8, x0=613351301, x1=41052826
P1, tp=8, ts=8, x0=847910387, x1=613351301
P2, tp=8, ts=8, x0=646025175, x1=970798799
P1, tp=8, ts=8, x0=881020123, x1=499799366
P0, tp=8, ts=8
P1, tp=8, ts=8, x0=784635324, x1=447138414
P0, tp=8, ts=8
P3, tp=8, ts=8, x0=628408378, x1=41052826
P3, tp=8, ts=8, x0=747365086, x1=496265552
P2, tp=8, ts=8, x0=341739853, x1=40356829
P2, tp=8, ts=8, x0=298813852, x1=305613449
P0, tp=8, ts=8
P2, tp=8, ts=8, x0=559386320, x1=511642952
P2, tp=8, ts=8, x0=812701956, x1=747365086
P2, tp=8, ts=8, x0=787956711, x1=613351301
P1, tp=8, ts=8, x0=298813852, x1=780522634
P1, tp=8, ts=8, x0=9571253, x1=30812942
P0, tp=8, ts=8
P0, tp=8, ts=8
P2, tp=8, ts=8, x0=305613449, x1=38675433
P0, tp=8, ts=8
P0, tp=8, ts=8
P2, tp=8, ts=8, x0=727063096, x1=496265552
P1, tp=8, ts=8, x0=780522634, x1=29847090
P2, tp=8, ts=8, x0=644944876, x1=192852983
P3, tp=8, ts=8, x0=922311462, x1=891385135
P2, tp=8, ts=8, x0=206092724, x1=218776740
P3, tp=8, ts=8, x0=316541151, x1=922311462
P3, tp=8, ts=8, x0=353375641, x1=511642952
P3, tp=8, ts=8, x0=276090558, x1=41052826
P2, tp=8, ts=8, x0=373013108, x1=11500481
P2, tp=8, ts=8, x0=860668718, x1=501235448
P1, tp=8, ts=8, x0=546559397, x1=30812942
P1, tp=8, ts=8, x0=614282512, x1=428509340
P0, tp=8, ts=8
P1, tp=8, ts=8, x0=847910387, x1=215451544
P1, tp=8, ts=8, x0=206092724, x1=931522374
P0, tp=8, ts=8
P2, tp=8, ts=8, x0=198577977, x1=208251083
P2, tp=8, ts=8, x0=754974279, x1=198577977
P0, tp=8, ts=8
P2, tp=8, ts=8, x0=778896774, x1=305613449
P1, tp=8, ts=8, x0=787956711, x1=547586130
P3, tp=8, ts=8, x0=308164123, x1=333289503
P2, tp=8, ts=8, x0=817136937, x1=780522634
P0, tp=8, ts=8
P0, tp=8, ts=8
P3, tp=8, ts=8, x0=727063096, x1=496265552
P2, tp=8, ts=8, x0=477582209, x1=9571253
P3, tp=8, ts=8, x0=542161672, x1=915172168
P0, tp=8, ts=8
P0, tp=8, ts=8
P3, tp=8, ts=8, x0=146570656, x1=261177465
P0, tp=8, ts=8
P2, tp=8, ts=8, x0=542161672, x1=267454127
P2, tp=8, ts=8, x0=146570656, x1=38675433
P2, tp=8, ts=8, x0=881020123, x1=11500481
P1, tp=8, ts=8, x0=398214030, x1=479332536
P2, tp=8, ts=8, x0=501235448, x1=881020123
P0, tp=8, ts=8
P0, tp=8, ts=8
P1, tp=8, ts=8, x0=540617402, x1=329003184
P3, tp=8, ts=8, x0=329003184, x1=860668718
P3, tp=8, ts=8, x0=282666617, x1=218776740
P1, tp=8, ts=8, x0=75858449, x1=778896774
P0, tp=8, ts=8
P1, tp=8, ts=8, x0=583139846, x1=453761830
P0, tp=8, ts=8
P0, tp=8, ts=8
P2, tp=8, ts=8, x0=333289503, x1=298813852
P2, tp=8, ts=8, x0=817136937, x1=28819871
P0, tp=8, ts=8
P3, tp=8, ts=8, x0=30812942, x1=22164998
P1, tp=8, ts=8, x0=931522374, x1=780522634
P0, tp=8, ts=8
P2, tp=8, ts=8, x0=487342127, x1=546559397
P1, tp=8, ts=8, x0=747365086, x1=341739853
P1, tp=8, ts=8, x0=131178659, x1=38675433
P2, tp=8, ts=8, x0=922311462, x1=787956711
P1, tp=8, ts=8, x0=2518992, x1=540617402
P1, tp=8, ts=8, x0=588089653, x1=644944876
P1, tp=8, ts=8, x0=267454127, x1=546559397
P1, tp=8, ts=8, x0=860668718, x1=192852983
P2, tp=8, ts=8, x0=516911069, x1=29847090
P3, tp=8, ts=8, x0=276090558, x1=477582209
P1, tp=8, ts=8, x0=501235448, x1=206092724
P2, tp=8, ts=8, x0=192852983, x1=316541151
P1, tp=8, ts=8, x0=986784910, x1=668900161
P0, tp=8, ts=8
P1, tp=8, ts=8, x0=192852983, x1=42000149
P0, tp=8, ts=8
P2, tp=8, ts=8, x0=668900161, x1=741587037
P2, tp=8, ts=8, x0=957822944, x1=303018540
P0, tp=8, ts=8
P3, tp=8, ts=8, x0=157954015, x1=196820585
P2, tp=8, ts=8, x0=583139846, x1=664397662
P0, tp=8, ts=8
P1, tp=8, ts=8, x0=9571253, x1=2518992
P2, tp=8, ts=8, x0=261177465, x1=22164998
P3, tp=8, ts=8, x0=678817513, x1=931522374
P3, tp=8, ts=8, x0=958128414, x1=206092724
P3, tp=8, ts=8, x0=741587037, x1=333289503
P0, tp=8, ts=8
P1, tp=8, ts=8, x0=836501802, x1=30812942
P3, tp=8, ts=8, x0=159591444, x1=754974279
P0, tp=8, ts=8
P2, tp=8, ts=8, x0=198577977, x1=459789883
P2, tp=8, ts=8, x0=428509340, x1=906201059
P0, tp=8, ts=8
P3, tp=8, ts=8, x0=836501802, x1=678817513
P1, tp=8, ts=8, x0=784635324, x1=206092724
P2, tp=8, ts=8, x0=179640226, x1=206092724
P0, tp=8, ts=8
P0, tp=8, ts=8
P3, tp=8, ts=8, x0=970798799, x1=562114765
P0, tp=8, ts=8
P1, tp=8, ts=8, x0=267454127, x1=530678512
P0, tp=8, ts=8
P1, tp=8, ts=8, x0=727063096, x1=754974279
P2, tp=8, ts=8, x0=922311462, x1=38675433
P3, tp=8, ts=8, x0=646025175, x1=915172168
P3, tp=8, ts=8, x0=741587037, x1=664397662
P0, tp=8, ts=8
P0, tp=8, ts=8
P3, tp=8, ts=8, x0=780522634, x1=906201059
P3, tp=8, ts=8, x0=546559397, x1=986784910
P2, tp=8, ts=8, x0=215451544, x1=876414971
P3, tp=8, ts=8, x0=159591444, x1=261177465
P1, tp=8, ts=8, x0=678817513, x1=530678512
P1, tp=8, ts=8, x0=29847090, x1=619252410
P0, tp=8, ts=8
P3, tp=8, ts=8, x0=546559397, x1=688763861
P0, tp=8, ts=8
P0, tp=8, ts=8
P1, tp=8, ts=8, x0=502170321, x1=282666617
P3, tp=8, ts=8, x0=42000149, x1=192852983
P1, tp=8, ts=8, x0=780522634, x1=754974279
P0, tp=8, ts=8
P2, tp=8, ts=8, x0=9571253, x1=619252410
P0, tp=8, ts=8
P3, tp=8, ts=8, x0=303018540, x1=182591019
P0, tp=8, ts=8
P2, tp=8, ts=8, x0=480214716, x1=329003184
P1, tp=8, ts=8, x0=49121881, x1=453761830
P1, tp=8, ts=8, x0=583139846, x1=28819871
P1, tp=8, ts=8, x0=146570656, x1=303018540
P3, tp=8, ts=8, x0=282666617, x1=780522634
P2, tp=8, ts=8, x0=29847090, x1=941305857
P3, tp=8, ts=8, x0=628408378, x1=955355131
P3, tp=8, ts=8, x0=906201059, x1=434272864
P3, tp=8, ts=8, x0=140488967, x1=196820585
P0, tp=8, ts=8
P3, tp=8, ts=8, x0=628408378, x1=922311462
P1, tp=8, ts=8, x0=316541151, x1=487342127
P3, tp=8, ts=8, x0=447138414, x1=316541151
P3, tp=8, ts=8, x0=784635324, x1=726753416
P3, tp=8, ts=8, x0=105469970, x1=462979794
P0, tp=8, ts=8
P3, tp=8, ts=8, x0=931522374, x1=161817652
P3, tp=8, ts=8, x0=276090558, x1=159591444
P2, tp=8, ts=8, x0=941305857, x1=303018540
P3, tp=8, ts=8, x0=480214716, x1=105469970
P3, tp=8, ts=8, x0=484877364, x1=972682282
P1, tp=8, ts=8, x0=860668718, x1=32202555
P2, tp=8, ts=8, x0=447138414, x1=906201059
P0, tp=8, ts=8
P1, tp=8, ts=8, x0=462979794, x1=459789883
P2, tp=8, ts=8, x0=63115009, x1=413688358
P0, tp=8, ts=8
P1, tp=8, ts=8, x0=179640226, x1=434272864
P2, tp=8, ts=8, x0=373013108, x1=619252410
P3, tp=8, ts=8, x0=559386320, x1=9571253
P2, tp=8, ts=8, x0=941305857, x1=972682282
P0, tp=8, ts=8
P3, tp=8, ts=8, x0=972682282, x1=2518992
P0, tp=8, ts=8
P1, tp=8, ts=8, x0=2518992, x1=38675433
P1, tp=8, ts=8, x0=479332536, x1=71957095
P3, tp=8, ts=8, x0=71957095, x1=196820585
P0, tp=8, ts=8
P2, tp=8, ts=8, x0=140488967, x1=890171475
P1, tp=8, ts=8, x0=913251738, x1=159591444
P1, tp=8, ts=8, x0=555245092, x1=22164998
P3, tp=8, ts=8, x0=986784910, x1=496265552
P3, tp=8, ts=8, x0=479332536, x1=646025175
P3, tp=8, ts=8, x0=906201059, x1=955355131
P1, tp=8, ts=8, x0=434272864, x1=941305857
P3, tp=8, ts=8, x0=915172168, x1=182591019
P3, tp=8, ts=8, x0=876414971, x1=32202555
P2, tp=8, ts=8, x0=588089653, x1=890171475
P0, tp=8, ts=8
P0, tp=8, ts=8
P2, tp=8, ts=8, x0=372373354, x1=9571253
P3, tp=8, ts=8, x0=906201059, x1=30812942
P3, tp=8, ts=8, x0=941305857, x1=480214716
P3, tp=8, ts=8, x0=159591444, x1=434272864
P2, tp=8, ts=8, x0=434272864, x1=316541151
P0, tp=8, ts=8
P3, tp=8, ts=8, x0=32202555, x1=477582209
P3, tp=8, ts=8, x0=890171475, x1=970798799
P0, tp=8, ts=8
P1, tp=8, ts=8, x0=11500481, x1=303018540
P0, tp=8, ts=8
P2, tp=8, ts=8, x0=477582209, x1=897499037
P2, tp=8, ts=8, x0=462979794, x1=890171475
P2, tp=8, ts=8, x0=727063096, x1=941305857
P2, tp=8, ts=8, x0=353375641, x1=588089653
P1, tp=8, ts=8, x0=434272864, x1=38675433
P0, tp=8, ts=8
P3, tp=8, ts=8, x0=678817513, x1=462979794
P2, tp=8, ts=8, x0=140488967, x1=972682282
P0, tp=8, ts=8
P1, tp=8, ts=8, x0=955355131, x1=97599358
P1, tp=8, ts=8, x0=182591019, x1=76604409
P0, tp=8, ts=8
P1, tp=8, ts=8, x0=688763861, x1=477582209
P1, tp=8, ts=8, x0=957573009, x1=11500481
P2, tp=8, ts=8, x0=285934160, x1=972682282
P1, tp=8, ts=8, x0=559386320, x1=828589384
P2, tp=8, ts=8, x0=955355131, x1=341739853
P3, tp=8, ts=8, x0=333289503, x1=76604409
P0, tp=8, ts=8
P1, tp=8, ts=8, x0=810071424, x1=447138414
P1, tp=8, ts=8, x0=532561243, x1=477582209
P1, tp=8, ts=8, x0=487342127, x1=303018540
P1, tp=8, ts=8, x0=516911069, x1=532561243
P0, tp=8, ts=8
P2, tp=8, ts=8, x0=198577977, x1=817136937
P2, tp=8, ts=8, x0=40356829, x1=316541151
P1, tp=8, ts=8, x0=619252410, x1=29847090
P0, tp=8, ts=8
P2, tp=8, ts=8, x0=619252410, x1=915172168
P3, tp=8, ts=8, x0=179640226, x1=970798799
P3, tp=8, ts=8, x0=897499037, x1=49121881
P3, tp=8, ts=8, x0=530678512, x1=644944876
P3, tp=8, ts=8, x0=890171475, x1=462979794
P3, tp=8, ts=8, x0=783217222, x1=88351912
P1, tp=8, ts=8, x0=308164123, x1=770066688
P3, tp=8, ts=8, x0=218776740, x1=439410113
P2, tp=8, ts=8, x0=881020123, x1=53360420
P2, tp=8, ts=8, x0=679990303, x1=532561243
P2, tp=8, ts=8, x0=413688358, x1=105469970
P0, tp=8, ts=8
P2, tp=8, ts=8, x0=480214716, x1=955355131
P3, tp=8, ts=8, x0=828589384, x1=97599358
P3, tp=8, ts=8, x0=986784910, x1=179640226
P3, tp=8, ts=8, x0=915172168, x1=931522374
P0, tp=8, ts=8
P3, tp=9, ts=9, x0=434272864, x1=501235448
P0, tp=9, ts=9
P2, tp=9, ts=9, x0=140488967, x1=972682282
P2, tp=9, ts=9, x0=906201059, x1=198577977
P3, tp=9, ts=9, x0=941305857, x1=32202555
P3, tp=9, ts=9, x0=218776740, x1=555245092
P0, tp=9, ts=9
P0, tp=9, ts=9
P0, tp=9, ts=9
P2, tp=9, ts=9, x0=447138414, x1=32202555
P0, tp=9, ts=9
P0, tp=9, ts=9
P1, tp=9, ts=9, x0=316541151, x1=303018540
P1, tp=9, ts=9, x0=179640226, x1=628408378
P2, tp=9, ts=9, x0=30812942, x1=198577977
P1, tp=9, ts=9, x0=798650493, x1=957822944
P1, tp=9, ts=9, x0=459789883, x1=501235448
P3, tp=9, ts=9, x0=865146644, x1=784635324
P2, tp=9, ts=9, x0=644944876, x1=11500481
P2, tp=9, ts=9, x0=783217222, x1=957573009
P2, tp=9, ts=9, x0=105469970, x1=867857077
P1, tp=9, ts=9, x0=218776740, x1=583139846
P3, tp=9, ts=9, x0=439410113, x1=530678512
P0, tp=9, ts=9
P2, tp=9, ts=9, x0=638305917, x1=798650493
P2, tp=9, ts=9, x0=530678512, x1=957573009
P3, tp=9, ts=9, x0=477582209, x1=215451544
P3, tp=9, ts=9, x0=40356829, x1=957573009
P2, tp=9, ts=9, x0=957573009, x1=986784910
P0, tp=9, ts=9
P0, tp=9, ts=9
P2, tp=9, ts=9, x0=462979794, x1=372373354
P2, tp=9, ts=9, x0=38675433, x1=487342127
P0, tp=9, ts=9
P2, tp=9, ts=9, x0=11500481, x1=727063096
P2, tp=9, ts=9, x0=817136937, x1=758218003
P0, tp=9, ts=9
P2, tp=9, ts=9, x0=32202555, x1=941305857
P0, tp=9, ts=9
P0, tp=9, ts=9
P3, tp=9, ts=9, x0=752065348, x1=276090558
P0, tp=9, ts=9
P0, tp=9, ts=9
P2, tp=9, ts=9, x0=400248449, x1=664397662
P2, tp=9, ts=9, x0=434272864, x1=88351912
P2, tp=9, ts=9, x0=668900161, x1=333289503
P2, tp=9, ts=9, x0=32202555, x1=583139846
P3, tp=9, ts=9, x0=867857077, x1=453761830
P0, tp=9, ts=9
P3, tp=9, ts=9, x0=628408378, x1=477582209
P2, tp=9, ts=9, x0=664397662, x1=798650493
P3, tp=9, ts=9, x0=159591444, x1=215451544
P1, tp=9, ts=9, x0=333289503, x1=955355131
P3, tp=9, ts=9, x0=619252410, x1=754974279
P2, tp=9, ts=9, x0=97599358, x1=931522374
P3, tp=9, ts=9, x0=952353448, x1=372373354
P0, tp=9, ts=9
P0, tp=9, ts=9
P1, tp=9, ts=9, x0=559386320, x1=336590823
P1, tp=9, ts=9, x0=812701956, x1=572286770
P1, tp=9, ts=9, x0=316541151, x1=38675433
P1, tp=9, ts=9, x0=871621233, x1=329003184
P0, tp=9, ts=9
P2, tp=9, ts=9, x0=305613449, x1=778896774
P0, tp=9, ts=9
P0, tp=9, ts=9
P1, tp=9, ts=9, x0=353375641, x1=881020123
P0, tp=9, ts=9
P1, tp=9, ts=9, x0=574450621, x1=105469970
P0, tp=9, ts=9
P1, tp=9, ts=9, x0=11500481, x1=206092724
P2, tp=9, ts=9, x0=206092724, x1=76604409
P2, tp=9, ts=9, x0=931522374, x1=435085600
P3, tp=9, ts=9, x0=38675433, x1=638305917
P2, tp=9, ts=9, x0=588089653, x1=336590823
P3, tp=9, ts=9, x0=453761830, x1=876414971
P1, tp=9, ts=9, x0=937976616, x1=619252410
P0, tp=9, ts=9
P3, tp=9, ts=9, x0=9571253, x1=475765237
P0, tp=9, ts=9
P3, tp=9, ts=9, x0=955355131, x1=435085600
P0, tp=9, ts=9
P2, tp=9, ts=9, x0=561575464, x1=63846705
P1, tp=9, ts=9, x0=2518992, x1=501235448
P2, tp=9, ts=9, x0=501235448, x1=63846705
P1, tp=9, ts=9, x0=316541151, x1=468117256
P2, tp=9, ts=9, x0=22164998, x1=501235448
P0, tp=9, ts=9
P0, tp=9, ts=9
P1, tp=9, ts=9, x0=986784910, x1=851692019
P0, tp=9, ts=9
P2, tp=9, ts=9, x0=434272864, x1=957822944
P2, tp=9, ts=9, x0=602419313, x1=754974279
P0, tp=9, ts=9
P1, tp=9, ts=9, x0=475765237, x1=644944876
P3, tp=9, ts=9, x0=588755650, x1=475765237
P2, tp=9, ts=9, x0=812701956, x1=851692019
P3, tp=9, ts=9, x0=758218003, x1=726753416
P3, tp=9, ts=9, x0=812701956, x1=588089653
P1, tp=9, ts=9, x0=688763861, x1=105469970
P0, tp=9, ts=9
P2, tp=9, ts=9, x0=53360420, x1=583139846
P1, tp=9, ts=9, x0=664397662, x1=76604409
P3, tp=9, ts=9, x0=462979794, x1=574450621
P2, tp=9, ts=9, x0=63846705, x1=303018540
P0, tp=9, ts=9
P2, tp=9, ts=9, x0=883070285, x1=688763861
P0, tp=9, ts=9
P1, tp=9, ts=9, x0=303018540, x1=668900161
P1, tp=9, ts=9, x0=206092724, x1=434272864
P1, tp=9, ts=9, x0=206092724, x1=495130328
P0, tp=9, ts=9
P0, tp=9, ts=9
P2, tp=9, ts=9, x0=972682282, x1=97599358
P1, tp=9, ts=9, x0=400248449, x1=678817513
P2, tp=9, ts=9, x0=559386320, x1=602419313
P1, tp=9, ts=9, x0=970798799, x1=758218003
P3, tp=9, ts=9, x0=316541151, x1=546559397
P0, tp=9, ts=9
P3, tp=9, ts=9, x0=80535078, x1=9571253
P0, tp=9, ts=9
P1, tp=9, ts=9, x0=913251738, x1=285934160
P2, tp=9, ts=9, x0=752065348, x1=931522374
P0, tp=9, ts=9
P1, tp=9, ts=9, x0=906201059, x1=678817513
P3, tp=9, ts=9, x0=561575464, x1=341739853
P0, tp=9, ts=9
P2, tp=9, ts=9, x0=678817513, x1=906201059
P2, tp=9, ts=9, x0=931522374, x1=475765237
P2, tp=9, ts=9, x0=2518992, x1=196820585
P3, tp=9, ts=9, x0=602419313, x1=261177465
P2, tp=9, ts=9, x0=400248449, x1=970798799
P0, tp=9, ts=9
P3, tp=9, ts=9, x0=63846705, x1=865146644
P2, tp=9, ts=9, x0=628408378, x1=305613449
P3, tp=9, ts=9, x0=140488967, x1=555245092
P3, tp=9, ts=9, x0=29847090, x1=851692019
P2, tp=9, ts=9, x0=333289503, x1=495130328
P0, tp=9, ts=9
P1, tp=9, ts=9, x0=644944876, x1=439410113
P3, tp=9, ts=9, x0=812701956, x1=986784910
P2, tp=9, ts=9, x0=968659691, x1=161817652
P2, tp=9, ts=9, x0=495130328, x1=831447879
P1, tp=9, ts=9, x0=484877364, x1=353375641
P0, tp=9, ts=9
P1, tp=9, ts=9, x0=495130328, x1=851692019
P3, tp=9, ts=9, x0=943429064, x1=851692019
P1, tp=9, ts=9, x0=871621233, x1=867857077
P0, tp=9, ts=9
P3, tp=9, ts=9, x0=664397662, x1=475765237
P3, tp=9, ts=9, x0=883070285, x1=906201059
P1, tp=9, ts=9, x0=810071424, x1=957573009
P0, tp=9, ts=9
P3, tp=9, ts=9, x0=179640226, x1=434272864
P1, tp=9, ts=9, x0=957822944, x1=876414971
P0, tp=9, ts=9
P0, tp=9, ts=9
P2, tp=9, ts=9, x0=572286770, x1=121570379
P2, tp=9, ts=9, x0=38675433, x1=303018540
P0, tp=9, ts=9
P3, tp=9, ts=9, x0=105469970, x1=206092724
P3, tp=9, ts=9, x0=196820585, x1=707983024
P3, tp=9, ts=9, x0=105469970, x1=105469970
P1, tp=9, ts=9, x0=883070285, x1=105469970
P3, tp=9, ts=9, x0=925951293, x1=80535078
P1, tp=9, ts=9, x0=562114765, x1=350338261
P2, tp=9, ts=9, x0=157954015, x1=317125440
P2, tp=9, ts=9, x0=350338261, x1=382260712
P1, tp=9, ts=9, x0=572286770, x1=986784910
P3, tp=9, ts=9, x0=628408378, x1=915172168
P1, tp=9, ts=9, x0=883070285, x1=583139846
P1, tp=9, ts=9, x0=453761830, x1=798650493
P2, tp=9, ts=9, x0=688763861, x1=475765237
P3, tp=9, ts=9, x0=849833313, x1=317125440
P0, tp=9, ts=9
P3, tp=9, ts=9, x0=937976616, x1=638305917
P1, tp=9, ts=9, x0=261177465, x1=45998784
P1, tp=9, ts=9, x0=952353448, x1=707983024
P0, tp=9, ts=9
P0, tp=9, ts=9
P1, tp=9, ts=9, x0=955355131, x1=574450621
P1, tp=9, ts=9, x0=688763861, x1=435085600
P0, tp=9, ts=9
P1, tp=9, ts=9, x0=435085600, x1=913251738
P2, tp=9, ts=9, x0=906201059, x1=345377727
P1, tp=9, ts=9, x0=968659691, x1=285934160
P2, tp=9, ts=9, x0=179640226, x1=559386320
P3, tp=9, ts=9, x0=434272864, x1=2518992
P2, tp=9, ts=9, x0=707983024, x1=559386320
P1, tp=9, ts=9, x0=906201059, x1=758218003
P0, tp=9, ts=9
P1, tp=9, ts=9, x0=70518830, x1=434272864
P2, tp=9, ts=9, x0=159591444, x1=179640226
P2, tp=9, ts=9, x0=345377727, x1=151075074
P0, tp=9, ts=9
P0, tp=9, ts=9
P1, tp=9, ts=9, x0=53360420, x1=678817513
P3, tp=9, ts=9, x0=140488967, x1=638305917
P3, tp=9, ts=9, x0=562114765, x1=747215440
P0, tp=9, ts=9
P2, tp=9, ts=9, x0=462979794, x1=345377727
P2, tp=9, ts=9, x0=931522374, x1=561575464
P1, tp=9, ts=9, x0=718287867, x1=957573009
P0, tp=9, ts=9
P2, tp=9, ts=9, x0=477582209, x1=484877364
P2, tp=9, ts=9, x0=412841457, x1=952353448
P1, tp=9, ts=9, x0=121570379, x1=747215440
P3, tp=9, ts=9, x0=336590823, x1=32202555
P3, tp=9, ts=9, x0=970798799, x1=434272864
P0, tp=9, ts=9
P2, tp=9, ts=9, x0=986784910, x1=849833313
P0, tp=9, ts=9
P2, tp=9, ts=9, x0=32202555, x1=31219596
P2, tp=9, ts=9, x0=726753416, x1=434272864
P2, tp=9, ts=9, x0=382260712, x1=29847090
P1, tp=9, ts=9, x0=906201059, x1=400248449
P2, tp=9, ts=9, x0=206092724, x1=668900161
P3, tp=9, ts=9, x0=747215440, x1=638305917
P1, tp=9, ts=9, x0=727063096, x1=747215440
P3, tp=9, ts=9, x0=937976616, x1=968659691
P2, tp=9, ts=9, x0=906201059, x1=923662193
P1, tp=9, ts=9, x0=867857077, x1=668900161
P3, tp=9, ts=9, x0=484877364, x1=883070285
P3, tp=9, ts=9, x0=29847090, x1=350338261
P3, tp=9, ts=9, x0=828589384, x1=913251738
P1, tp=9, ts=9, x0=468117256, x1=555245092
P2, tp=9, ts=9, x0=718287867, x1=462979794
P1, tp=9, ts=9, x0=31219596, x1=38675433
P0, tp=9, ts=9
P3, tp=9, ts=9, x0=957573009, x1=638305917
P2, tp=9, ts=9, x0=412841457, x1=76604409
P2, tp=9, ts=9, x0=434272864, x1=752065348
P0, tp=9, ts=9
P0, tp=9, ts=9
P1, tp=9, ts=9, x0=559386320, x1=865146644
P2, tp=9, ts=9, x0=583139846, x1=831447879
P0, tp=9, ts=9
P0, tp=9, ts=9
P2, tp=9, ts=9, x0=783217222, x1=159591444
P3, tp=9, ts=9, x0=931522374, x1=628408378
P2, tp=9, ts=9, x0=70518830, x1=443470965
P3, tp=9, ts=9, x0=31219596, x1=574450621
P1, tp=9, ts=9, x0=828589384, x1=29847090
P3, tp=9, ts=9, x0=38675433, x1=87927820
P3, tp=9, ts=9, x0=923662193, x1=468117256
P1, tp=9, ts=9, x0=770066688, x1=495130328
P3, tp=9, ts=9, x0=317125440, x1=161817652
P0, tp=9, ts=9
P3, tp=9, ts=9, x0=45998784, x1=285934160
P2, tp=9, ts=9, x0=522281055, x1=588089653
P2, tp=9, ts=9, x0=871621233, x1=758218003
P3, tp=9, ts=9, x0=345377727, x1=925951293
P1, tp=9, ts=9, x0=865146644, x1=752065348
P0, tp=9, ts=9
P2, tp=9, ts=9, x0=353375641, x1=196820585
P2, tp=9, ts=9, x0=91674199, x1=555245092
P0, tp=9, ts=9
P2, tp=9, ts=9, x0=522281055, x1=453761830
P3, tp=9, ts=9, x0=726753416, x1=588089653
P2, tp=9, ts=9, x0=53360420, x1=614282512
P3, tp=9, ts=9, x0=628408378, x1=87927820
P1, tp=9, ts=9, x0=588089653, x1=179640226
P1, tp=9, ts=9, x0=206092724, x1=955355131
P2, tp=9, ts=9, x0=91674199, x1=333289503
P0, tp=9, ts=9
P1, tp=9, ts=9, x0=87927820, x1=619252410
P0, tp=9, ts=9
P1, tp=9, ts=9, x0=827063372, x1=400248449
P2, tp=9, ts=9, x0=614282512, x1=758218003
P0, tp=9, ts=9
P2, tp=9, ts=9, x0=770066688, x1=770066688
P0, tp=9, ts=9
P0, tp=9, ts=9
P0, tp=9, ts=9
P1, tp=9, ts=9, x0=673394631, x1=434272864
P0, tp=9, ts=9
P1, tp=9, ts=9, x0=673394631, x1=990601271
P0, tp=9, ts=9
P2, tp=9, ts=9, x0=707983024, x1=614282512
P3, tp=9, ts=9, x0=727063096, x1=80535078
P3, tp=9, ts=9, x0=644944876, x1=572286770
P3, tp=9, ts=9, x0=925951293, x1=673394631
P2, tp=9, ts=9, x0=990601271, x1=31219596
P1, tp=9, ts=9, x0=97599358, x1=87927820
P0, tp=9, ts=9
P2, tp=9, ts=9, x0=439410113, x1=121570379
P3, tp=9, ts=9, x0=179640226, x1=906201059
P2, tp=9, ts=9, x0=453761830, x1=894242875
P3, tp=9, ts=9, x0=968659691, x1=568309908
P3, tp=9, ts=9, x0=522281055, x1=871621233
P2, tp=9, ts=9, x0=688763861, x1=439410113
P1, tp=9, ts=9, x0=990601271, x1=285934160
P3, tp=9, ts=9, x0=937976616, x1=439410113
P3, tp=9, ts=9, x0=200041071, x1=673394631
P2, tp=9, ts=9, x0=673394631, x1=707983024
P3, tp=9, ts=9, x0=614282512, x1=849833313
P3, tp=9, ts=9, x0=851692019, x1=151075074
P2, tp=9, ts=9, x0=588755650, x1=484877364
P0, tp=9, ts=9
P3, tp=9, ts=9, x0=726753416, x1=196820585
P3, tp=9, ts=9, x0=468117256, x1=727063096
P1, tp=9, ts=9, x0=894242875, x1=990601271
P2, tp=9, ts=9, x0=894242875, x1=689535243
P1, tp=9, ts=9, x0=831447879, x1=865146644
P0, tp=9, ts=9
P3, tp=9, ts=9, x0=171240771, x1=602419313
P0, tp=9, ts=9
P2, tp=9, ts=9, x0=285934160, x1=336590823
P0, tp=9, ts=9
P2, tp=9, ts=9, x0=828589384, x1=443470965
P1, tp=9, ts=9, x0=831447879, x1=212753102
P3, tp=9, ts=9, x0=943429064, x1=522281055
P2, tp=9, ts=9, x0=484877364, x1=382260712
P0, tp=9, ts=9
P0, tp=9, ts=9
P1, tp=9, ts=9, x0=849459659, x1=477582209
P2, tp=9, ts=9, x0=688763861, x1=689535243
P1, tp=9, ts=9, x0=943429064, x1=688763861
P3, tp=9, ts=9, x0=562114765, x1=196820585
P2, tp=9, ts=9, x0=336590823, x1=968659691
P1, tp=9, ts=9, x0=333289503, x1=151075074
P1, tp=9, ts=9, x0=304076057, x1=562114765
P0, tp=9, ts=9
P2, tp=9, ts=9, x0=304076057, x1=574450621
P3, tp=9, ts=9, x0=923662193, x1=865146644
P3, tp=9, ts=9, x0=883070285, x1=688763861
P3, tp=9, ts=9, x0=678817513, x1=747215440
P2, tp=9, ts=9, x0=707983024, x1=336590823
P1, tp=9, ts=9, x0=161817652, x1=894242875
P3, tp=9, ts=9, x0=73899995, x1=101424791
P2, tp=9, ts=9, x0=70518830, x1=32202555
P0, tp=9, ts=9
P1, tp=9, ts=9, x0=602419313, x1=904652448
P0, tp=9, ts=9
P0, tp=9, ts=9
P1, tp=9, ts=9, x0=997739665, x1=972682282
P0, tp=9, ts=9
P3, tp=9, ts=9, x0=568309908, x1=747215440
P0, tp=9, ts=9
P1, tp=9, ts=9, x0=356541048, x1=689535243
P3, tp=9, ts=9, x0=70518830, x1=63846705
P0, tp=9, ts=9
P0, tp=9, ts=9
P0, tp=9, ts=9
P2, tp=9, ts=9, x0=673394631, x1=179640226
P3, tp=9, ts=9, x0=688763861, x1=574450621
P3, tp=9, ts=9, x0=798650493, x1=385957904
P3, tp=9, ts=9, x0=997739665, x1=783217222
P3, tp=9, ts=9, x0=336590823, x1=923662193
P3, tp=9, ts=9, x0=161817652, x1=943429064
P0, tp=9, ts=9
P3, tp=9, ts=9, x0=434272864, x1=53360420
P0, tp=9, ts=9
P1, tp=9, ts=9, x0=91674199, x1=88351912
P1, tp=9, ts=9, x0=871621233, x1=345377727
P2, tp=9, ts=9, x0=555182841, x1=562114765
P2, tp=9, ts=9, x0=190622732, x1=382260712
P3, tp=9, ts=9, x0=2518992, x1=31219596
P2, tp=9, ts=9, x0=439410113, x1=572286770
P2, tp=9, ts=9, x0=453761830, x1=439410113
P2, tp=9, ts=9, x0=439410113, x1=31219596
P1, tp=9, ts=9, x0=468117256, x1=849833313
P0, tp=9, ts=9
P3, tp=9, ts=9, x0=955355131, x1=574450621
P0, tp=9, ts=9
P1, tp=9, ts=9, x0=990601271, x1=555182841
P1, tp=9, ts=9, x0=159591444, x1=990601271
P1, tp=9, ts=9, x0=867857077, x1=906201059
P3, tp=9, ts=9, x0=883070285, x1=668900161
P0, tp=9, ts=9
P3, tp=9, ts=9, x0=923662193, x1=759129688
P0, tp=9, ts=9
P3, tp=9, ts=9, x0=588755650, x1=495130328
P3, tp=9, ts=9, x0=439410113, x1=151075074
P0, tp=9, ts=9
P1, tp=9, ts=9, x0=53360420, x1=121570379
P2, tp=9, ts=9, x0=439410113, x1=385957904
P1, tp=9, ts=9, x0=143298775, x1=574450621
P3, tp=9, ts=9, x0=827063372, x1=555245092
P2, tp=9, ts=9, x0=689535243, x1=972682282
P0, tp=9, ts=9
P3, tp=9, ts=9, x0=475765237, x1=495130328
P2, tp=9, ts=9, x0=572286770, x1=285934160
P1, tp=9, ts=9, x0=396161007, x1=396161007
P3, tp=9, ts=9, x0=913251738, x1=968659691
P0, tp=9, ts=9
P0, tp=9, ts=9
P2, tp=9, ts=9, x0=668900161, x1=45998784
P1, tp=9, ts=9, x0=957573009, x1=561575464
P2, tp=9, ts=9, x0=495130328, x1=167112287
P3, tp=9, ts=9, x0=678817513, x1=997739665
P1, tp=9, ts=9, x0=746355009, x1=747215440
P0, tp=9, ts=9
P2, tp=9, ts=9, x0=562114765, x1=574450621
P0, tp=9, ts=9
P2, tp=9, ts=9, x0=561575464, x1=70518830
P2, tp=9, ts=9, x0=382260712, x1=350338261
P0, tp=9, ts=9
P1, tp=9, ts=9, x0=588755650, x1=972682282
P1, tp=9, ts=9, x0=140488967, x1=925951293
P3, tp=9, ts=9, x0=911677172, x1=575646256
P0, tp=9, ts=9
P3, tp=9, ts=9, x0=151075074, x1=913251738
P0, tp=9, ts=9
P2, tp=9, ts=9, x0=382260712, x1=91674199
P0, tp=9, ts=9
P2, tp=9, ts=9, x0=555182841, x1=396161007
P0, tp=9, ts=9
P0, tp=9, ts=9
P1, tp=9, ts=9, x0=88351912, x1=336590823
P3, tp=9, ts=9, x0=990601271, x1=972682282
P1, tp=9, ts=9, x0=555245092, x1=70518830
P2, tp=9, ts=9, x0=575646256, x1=752065348
P0, tp=9, ts=9
P0, tp=9, ts=9
P0, tp=9, ts=9
P0, tp=9, ts=9
P1, tp=9, ts=9, x0=140488967, x1=101424791
P1, tp=9, ts=9, x0=851692019, x1=831447879
P1, tp=9, ts=9, x0=97599358, x1=382260712
P1, tp=9, ts=9, x0=143298775, x1=955355131
P1, tp=9, ts=9, x0=865146644, x1=565367959
P2, tp=9, ts=9, x0=937976616, x1=561575464
P2, tp=9, ts=9, x0=602419313, x1=435085600
P0, tp=9, ts=9
P3, tp=9, ts=9, x0=31219596, x1=955355131
P3, tp=9, ts=9, x0=759129688, x1=826754745
P2, tp=9, ts=9, x0=345377727, x1=574450621
P1, tp=9, ts=9, x0=121570379, x1=828589384
P2, tp=9, ts=9, x0=382260712, x1=810071424
P1, tp=9, ts=9, x0=565367959, x1=578591671
P0, tp=9, ts=9
P2, tp=9, ts=9, x0=865146644, x1=465441343
P3, tp=9, ts=9, x0=673394631, x1=396161007
P2, tp=9, ts=9, x0=867857077, x1=555182841
P0, tp=9, ts=9
P3, tp=9, ts=9, x0=495130328, x1=53360420
P3, tp=9, ts=9, x0=718287867, x1=140488967
P3, tp=9, ts=9, x0=382260712, x1=957573009
P3, tp=9, ts=9, x0=955355131, x1=555182841
P1, tp=9, ts=9, x0=355946319, x1=200041071
P1, tp=9, ts=9, x0=73899995, x1=568309908
P2, tp=9, ts=9, x0=522281055, x1=304076057
P3, tp=9, ts=9, x0=285934160, x1=181066130
P0, tp=9, ts=9
P1, tp=9, ts=9, x0=161817652, x1=414633275
P2, tp=9, ts=9, x0=70518830, x1=783217222
P0, tp=9, ts=9
P0, tp=9, ts=9
P3, tp=9, ts=9, x0=73899995, x1=121570379
P3, tp=9, ts=9, x0=555182841, x1=759129688
P3, tp=9, ts=9, x0=968659691, x1=747215440
P0, tp=9, ts=9
P2, tp=9, ts=9, x0=317125440, x1=31219596
P2, tp=9, ts=9, x0=465441343, x1=385957904
P2, tp=9, ts=9, x0=345377727, x1=746355009
P0, tp=9, ts=9
P0, tp=9, ts=9
P0, tp=9, ts=9
P0, tp=9, ts=9
P3, tp=9, ts=9, x0=427877912, x1=304076057
P1, tp=9, ts=9, x0=849459659, x1=788212118
P3, tp=9, ts=9, x0=770066688, x1=923662193
P2, tp=9, ts=9, x0=468117256, x1=45998784
P3, tp=9, ts=9, x0=849459659, x1=752065348
P1, tp=9, ts=9, x0=400248449, x1=968659691
P3, tp=9, ts=9, x0=923662193, x1=87927820
P1, tp=9, ts=9, x0=76604409, x1=788212118
P2, tp=9, ts=9, x0=70518830, x1=911677172
P0, tp=9, ts=9
P3, tp=9, ts=9, x0=913251738, x1=747215440
P0, tp=9, ts=9
P1, tp=9, ts=9, x0=97599358, x1=350338261
P3, tp=9, ts=9, x0=588755650, x1=443470965
P1, tp=9, ts=9, x0=770066688, x1=555245092
P2, tp=9, ts=9, x0=32202555, x1=707983024
P3, tp=9, ts=9, x0=574450621, x1=925951293
P0, tp=9, ts=9
P1, tp=9, ts=9, x0=707983024, x1=883070285
P2, tp=9, ts=9, x0=356541048, x1=97599358
P2, tp=9, ts=9, x0=867857077, x1=356541048
P2, tp=9, ts=9, x0=810071424, x1=871621233
P1, tp=9, ts=9, x0=913251738, x1=53360420
P0, tp=9, ts=9
P3, tp=9, ts=9, x0=689535243, x1=851692019
P0, tp=9, ts=9
P0, tp=9, ts=9
P1, tp=9, ts=9, x0=849833313, x1=752065348
P3, tp=9, ts=9, x0=770066688, x1=32202555
P2, tp=9, ts=9, x0=63846705, x1=786550441
P1, tp=9, ts=9, x0=345377727, x1=770066688
P1, tp=9, ts=9, x0=53360420, x1=952353448
P2, tp=9, ts=9, x0=190622732, x1=171240771
P1, tp=9, ts=9, x0=88351912, x1=913251738
P1, tp=9, ts=9, x0=97599358, x1=412841457
P0, tp=9, ts=9
P2, tp=9, ts=9, x0=171240771, x1=568309908
P0, tp=9, ts=9
P0, tp=9, ts=9
P3, tp=9, ts=9, x0=689535243, x1=578591671
P3, tp=9, ts=9, x0=972682282, x1=439410113
P1, tp=9, ts=9, x0=31219596, x1=572286770
P3, tp=9, ts=9, x0=923662193, x1=904652448
P3, tp=9, ts=9, x0=400248449, x1=972682282
P1, tp=9, ts=9, x0=602419313, x1=45998784
P3, tp=9, ts=9, x0=752065348, x1=602419313
P3, tp=9, ts=9, x0=897499037, x1=894242875
P2, tp=9, ts=9, x0=911677172, x1=435085600
P1, tp=9, ts=9, x0=167112287, x1=45998784
P0, tp=9, ts=9
P2, tp=9, ts=9, x0=673394631, x1=673394631
P1, tp=9, ts=9, x0=588755650, x1=87927820
P1, tp=9, ts=9, x0=143298775, x1=831447879
P1, tp=9, ts=9, x0=829285369, x1=76604409
P3, tp=9, ts=9, x0=746355009, x1=783217222
P2, tp=9, ts=9, x0=412841457, x1=827063372
P0, tp=9, ts=9
P0, tp=9, ts=9
P0, tp=9, ts=9
P1, tp=9, ts=9, x0=913251738, x1=101424791
P3, tp=9, ts=9, x0=70518830, x1=673394631
P0, tp=9, ts=9
P2, tp=9, ts=9, x0=382260712, x1=241277285
P2, tp=9, ts=9, x0=568309908, x1=849459659
P2, tp=9, ts=9, x0=167112287, x1=957573009
P2, tp=9, ts=9, x0=171240771, x1=849459659
P1, tp=9, ts=9, x0=101424791, x1=181066130
P2, tp=9, ts=9, x0=435085600, x1=865146644
P1, tp=9, ts=9, x0=871621233, x1=400248449
P2, tp=9, ts=9, x0=923662193, x1=167112287
P2, tp=9, ts=9, x0=827063372, x1=575646256
P2, tp=9, ts=9, x0=535664485, x1=356541048
P1, tp=9, ts=9, x0=770066688, x1=582104468
P0, tp=9, ts=9
P0, tp=9, ts=9
P3, tp=9, ts=9, x0=87927820, x1=443470965
P3, tp=9, ts=9, x0=810071424, x1=522281055
P0, tp=9, ts=9
P3, tp=9, ts=9, x0=638305917, x1=689535243
P0, tp=9, ts=9
P2, tp=9, ts=9, x0=355946319, x1=997739665
P1, tp=9, ts=9, x0=786550441, x1=851692019
P1, tp=9, ts=9, x0=356541048, x1=555182841
P3, tp=9, ts=9, x0=304076057, x1=883070285
P3, tp=9, ts=9, x0=121570379, x1=786550441
P3, tp=9, ts=9, x0=53360420, x1=356541048
P1, tp=9, ts=9, x0=317125440, x1=80535078
P2, tp=9, ts=9, x0=990601271, x1=465441343
P3, tp=9, ts=9, x0=752065348, x1=897499037
P3, tp=9, ts=9, x0=171240771, x1=588755650
P0, tp=9, ts=9
P0, tp=9, ts=9
P2, tp=9, ts=9, x0=798650493, x1=45998784
P3, tp=9, ts=9, x0=76604409, x1=241277285
P3, tp=9, ts=9, x0=904652448, x1=468117256
P0, tp=9, ts=9
P2, tp=9, ts=9, x0=45998784, x1=828589384
P2, tp=9, ts=9, x0=568309908, x1=867857077
P1, tp=9, ts=9, x0=167112287, x1=443470965
P3, tp=9, ts=9, x0=97422155, x1=758218003
P3, tp=9, ts=9, x0=788212118, x1=73899995
P1, tp=9, ts=9, x0=788212118, x1=561575464
P3, tp=9, ts=9, x0=786550441, x1=602419313
P3, tp=9, ts=9, x0=638305917, x1=718287867
P1, tp=9, ts=9, x0=200041071, x1=45998784
P2, tp=9, ts=9, x0=871621233, x1=396161007
P3, tp=9, ts=9, x0=285934160, x1=555182841
P2, tp=9, ts=9, x0=317125440, x1=329027753
P3, tp=9, ts=9, x0=568309908, x1=572286770
P2, tp=9, ts=9, x0=911677172, x1=752065348
P0, tp=9, ts=9
P1, tp=9, ts=9, x0=74202772, x1=396161007
P2, tp=9, ts=9, x0=143298775, x1=212753102
P3, tp=9, ts=9, x0=74202772, x1=356541048
P1, tp=9, ts=9, x0=578591671, x1=689535243
P3, tp=9, ts=9, x0=578591671, x1=783217222
P0, tp=9, ts=9
P3, tp=9, ts=9, x0=867857077, x1=548863844
P2, tp=9, ts=9, x0=212753102, x1=827063372
P3, tp=9, ts=9, x0=535664485, x1=45998784
P3, tp=9, ts=9, x0=638305917, x1=952353448
P0, tp=9, ts=9
P0, tp=9, ts=9
P3, tp=9, ts=9, x0=602419313, x1=817850362
P0, tp=9, ts=9
P0, tp=9, ts=9
P2, tp=9, ts=9, x0=851692019, x1=439410113
P0, tp=9, ts=9
P2, tp=9, ts=9, x0=925951293, x1=746355009
P3, tp=9, ts=9, x0=871621233, x1=718287867
P3, tp=9, ts=9, x0=356541048, x1=385957904
P0, tp=9, ts=9
P3, tp=9, ts=9, x0=212753102, x1=432322344
P0, tp=9, ts=9
P3, tp=9, ts=9, x0=770066688, x1=828589384
P0, tp=9, ts=9
P1, tp=9, ts=9, x0=414633275, x1=786550441
P3, tp=9, ts=9, x0=522281055, x1=53360420
P1, tp=9, ts=9, x0=88351912, x1=828589384
P0, tp=9, ts=9
P2, tp=9, ts=9, x0=565367959, x1=495130328
P2, tp=9, ts=9, x0=73899995, x1=871621233
P1, tp=9, ts=9, x0=752065348, x1=465441343
P2, tp=9, ts=9, x0=87927820, x1=495130328
P1, tp=9, ts=9, x0=279547634, x1=279547634
P3, tp=9, ts=9, x0=849459659, x1=190622732
P0, tp=9, ts=9
P0, tp=9, ts=9
P3, tp=9, ts=9, x0=88351912, x1=279547634
P2, tp=9, ts=9, x0=798650493, x1=171240771
P3, tp=9, ts=9, x0=279547634, x1=143298775
P3, tp=9, ts=9, x0=826754745, x1=829285369
P1, tp=9, ts=9, x0=572286770, x1=871621233
P0, tp=9, ts=9
P3, tp=9, ts=9, x0=31219596, x1=638305917
P3, tp=9, ts=9, x0=572286770, x1=200041071
P2, tp=9, ts=9, x0=943429064, x1=74202772
P3, tp=9, ts=9, x0=439410113, x1=356541048
P0, tp=9, ts=9
P3, tp=9, ts=9, x0=568309908, x1=385957904
P0, tp=9, ts=9
P3, tp=9, ts=9, x0=345377727, x1=638305917
P2, tp=9, ts=9, x0=465441343, x1=443470965
P0, tp=9, ts=9
P3, tp=9, ts=9, x0=31219596, x1=473820255
P2, tp=9, ts=9, x0=718287867, x1=834273824
P3, tp=9, ts=9, x0=53360420, x1=143298775
P1, tp=9, ts=9, x0=382260712, x1=317125440
P0, tp=9, ts=9
P0, tp=9, ts=9
P2, tp=9, ts=9, x0=786550441, x1=673394631
P1, tp=9, ts=9, x0=345377727, x1=834273824
P0, tp=9, ts=9
P0, tp=9, ts=9
P2, tp=9, ts=9, x0=574450621, x1=638305917
P3, tp=9, ts=9, x0=73899995, x1=350338261
P2, tp=9, ts=9, x0=329027753, x1=465441343
P2, tp=9, ts=9, x0=279547634, x1=73899995
P0, tp=9, ts=9
P1, tp=9, ts=9, x0=101424791, x1=747215440
P0, tp=9, ts=9
P3, tp=9, ts=9, x0=31219596, x1=151075074
P2, tp=9, ts=9, x0=522281055, x1=834273824
P3, tp=9, ts=9, x0=200041071, x1=786550441
P2, tp=9, ts=9, x0=200041071, x1=279547634
P0, tp=9, ts=9
P1, tp=9, ts=9, x0=121570379, x1=829285369
P3, tp=9, ts=9, x0=432322344, x1=758218003
P1, tp=9, ts=9, x0=31219596, x1=414633275
P0, tp=9, ts=9
P1, tp=9, ts=9, x0=432322344, x1=151075074
P3, tp=9, ts=9, x0=336590823, x1=251946935
P1, tp=9, ts=9, x0=412841457, x1=74202772
P2, tp=9, ts=9, x0=317125440, x1=851692019
P3, tp=9, ts=9, x0=640732436, x1=495130328
P0, tp=9, ts=9
P3, tp=9, ts=9, x0=673394631, x1=747215440
P0, tp=9, ts=9
P2, tp=9, ts=9, x0=200041071, x1=304076057
P0, tp=9, ts=9
P3, tp=9, ts=9, x0=904652448, x1=752065348
P0, tp=9, ts=9
P1, tp=9, ts=9, x0=171240771, x1=336590823
P0, tp=9, ts=9
P1, tp=9, ts=9, x0=548863844, x1=439410113
P3, tp=9, ts=9, x0=894242875, x1=350338261
P3, tp=9, ts=9, x0=321741598, x1=997739665
P1, tp=9, ts=9, x0=350338261, x1=827063372
P2, tp=9, ts=9, x0=752065348, x1=943429064
P2, tp=9, ts=9, x0=582104468, x1=251946935
P2, tp=9, ts=9, x0=42870990, x1=911677172
P2, tp=9, ts=9, x0=414633275, x1=350338261
P1, tp=9, ts=9, x0=849459659, x1=952353448
P3, tp=9, ts=9, x0=45998784, x1=565367959
P2, tp=9, ts=9, x0=561575464, x1=101424791
P1, tp=9, ts=9, x0=241277285, x1=786550441
P1, tp=9, ts=9, x0=91674199, x1=181066130
P1, tp=9, ts=9, x0=572286770, x1=925951293
P3, tp=9, ts=9, x0=894242875, x1=495130328
P3, tp=9, ts=9, x0=904652448, x1=565367959
P2, tp=9, ts=9, x0=911677172, x1=42870990
P1, tp=9, ts=9, x0=212753102, x1=97422155
P0, tp=9, ts=9
P2, tp=9, ts=9, x0=867857077, x1=561575464
P3, tp=9, ts=9, x0=31219596, x1=414633275
P3, tp=9, ts=9, x0=561575464, x1=435085600
P3, tp=9, ts=9, x0=746355009, x1=851692019
P1, tp=9, ts=9, x0=602419313, x1=414633275
P2, tp=9, ts=9, x0=91674199, x1=396161007
P3, tp=9, ts=9, x0=588755650, x1=412841457
P3, tp=9, ts=9, x0=336590823, x1=609847950
P2, tp=9, ts=9, x0=73899995, x1=382260712
P3, tp=9, ts=9, x0=943429064, x1=279547634
P0, tp=9, ts=9
P2, tp=9, ts=9, x0=849459659, x1=251946935
P1, tp=9, ts=9, x0=952353448, x1=871621233
P3, tp=9, ts=9, x0=97422155, x1=535664485
P3, tp=9, ts=9, x0=817850362, x1=786550441
P1, tp=9, ts=9, x0=831447879, x1=582104468
P2, tp=9, ts=9, x0=336590823, x1=345377727
P3, tp=9, ts=9, x0=877937656, x1=412841457
P1, tp=9, ts=9, x0=640732436, x1=63846705
P3, tp=9, ts=9, x0=350338261, x1=831447879
P3, tp=9, ts=9, x0=548863844, x1=50118664
P0, tp=9, ts=9
P2, tp=9, ts=9, x0=91674199, x1=996420968
P1, tp=9, ts=9, x0=574450621, x1=427877912
P0, tp=9, ts=9
P1, tp=9, ts=9, x0=831447879, x1=752065348
P2, tp=9, ts=9, x0=689535243, x1=251946935
P0, tp=9, ts=9
P2, tp=9, ts=9, x0=321741598, x1=350338261
P2, tp=9, ts=9, x0=241277285, x1=574450621
P0, tp=9, ts=9
P0, tp=9, ts=9
P3, tp=9, ts=9, x0=338517891, x1=443470965
P3, tp=9, ts=9, x0=849833313, x1=834273824
P1, tp=9, ts=9, x0=396161007, x1=42870990
P1, tp=9, ts=9, x0=849833313, x1=350338261
P1, tp=9, ts=9, x0=568309908, x1=167112287
P3, tp=9, ts=9, x0=74202772, x1=350338261
P3, tp=9, ts=9, x0=923662193, x1=943429064
P3, tp=9, ts=9, x0=400248449, x1=923662193
P1, tp=9, ts=9, x0=575646256, x1=385957904
P2, tp=9, ts=9, x0=904652448, x1=969709089
P2, tp=9, ts=9, x0=495130328, x1=321741598
P2, tp=9, ts=9, x0=689535243, x1=877937656
P2, tp=9, ts=9, x0=660163000, x1=548863844
P2, tp=9, ts=9, x0=87927820, x1=385957904
P2, tp=9, ts=9, x0=321741598, x1=190622732
P1, tp=9, ts=9, x0=990601271, x1=831447879
P3, tp=9, ts=9, x0=624836172, x1=548863844
P2, tp=9, ts=9, x0=851692019, x1=513740519
P0, tp=9, ts=9
P1, tp=9, ts=9, x0=561575464, x1=786550441
P1, tp=9, ts=9, x0=241277285, x1=31219596
P2, tp=9, ts=9, x0=91674199, x1=241277285
P2, tp=9, ts=9, x0=350338261, x1=355946319
P0, tp=9, ts=9
P3, tp=9, ts=9, x0=911677172, x1=904652448
P2, tp=9, ts=9, x0=443470965, x1=707983024
P3, tp=9, ts=9, x0=356541048, x1=443470965
P0, tp=9, ts=9
P1, tp=9, ts=9, x0=968659691, x1=759817498
P3, tp=9, ts=9, x0=355946319, x1=414633275
P3, tp=9, ts=9, x0=73899995, x1=70518830
P0, tp=9, ts=9
P1, tp=9, ts=9, x0=759129688, x1=522281055
P2, tp=9, ts=9, x0=968659691, x1=385957904
P3, tp=9, ts=9, x0=574450621, x1=382260712
P3, tp=9, ts=9, x0=355946319, x1=473820255
P1, tp=9, ts=9, x0=87927820, x1=561575464
P3, tp=9, ts=9, x0=990601271, x1=834273824
P3, tp=9, ts=9, x0=826754745, x1=609847950
P1, tp=9, ts=9, x0=968659691, x1=759817498
P0, tp=9, ts=9
P1, tp=9, ts=9, x0=834273824, x1=435085600
P2, tp=9, ts=9, x0=826754745, x1=351241472
P3, tp=9, ts=9, x0=63846705, x1=660163000
P0, tp=9, ts=9
P2, tp=9, ts=9, x0=98397781, x1=640732436
P1, tp=9, ts=9, x0=925951293, x1=427877912
P2, tp=9, ts=9, x0=338517891, x1=937976616
P1, tp=9, ts=9, x0=788212118, x1=578591671
P3, tp=9, ts=9, x0=904652448, x1=624836172
P0, tp=9, ts=9
P3, tp=9, ts=9, x0=707983024, x1=582104468
P3, tp=9, ts=9, x0=707983024, x1=427877912
P2, tp=9, ts=9, x0=522281055, x1=304076057
P0, tp=9, ts=9
P2, tp=9, ts=9, x0=281882009, x1=937976616
P2, tp=9, ts=9, x0=190622732, x1=167112287
P2, tp=9, ts=9, x0=775009580, x1=70518830
P3, tp=9, ts=9, x0=97422155, x1=317125440
P2, tp=9, ts=9, x0=475765237, x1=834273824
P0, tp=9, ts=9
P2, tp=9, ts=9, x0=883070285, x1=432322344
P0, tp=9, ts=9
P2, tp=9, ts=9, x0=968659691, x1=350338261
P3, tp=9, ts=9, x0=45998784, x1=894242875
P0, tp=9, ts=9
P3, tp=9, ts=9, x0=827063372, x1=827063372
P3, tp=9, ts=9, x0=673394631, x1=718287867
P2, tp=9, ts=9, x0=990601271, x1=167112287
P1, tp=9, ts=9, x0=775009580, x1=548863844
P2, tp=9, ts=9, x0=432322344, x1=565367959
P0, tp=9, ts=9
P3, tp=9, ts=9, x0=969709089, x1=321741598
P2, tp=9, ts=9, x0=350338261, x1=565367959
P3, tp=9, ts=9, x0=97422155, x1=535664485
P0, tp=9, ts=9
P3, tp=9, ts=9, x0=969709089, x1=747215440
P3, tp=9, ts=9, x0=718287867, x1=212753102
P2, tp=9, ts=9, x0=97422155, x1=788212118
P0, tp=9, ts=9
P0, tp=9, ts=9
P0, tp=9, ts=9
P1, tp=9, ts=9, x0=464633348, x1=849459659
P2, tp=9, ts=9, x0=464633348, x1=805740458
P3, tp=9, ts=9, x0=831447879, x1=582104468
P3, tp=9, ts=9, x0=849459659, x1=465441343
P1, tp=9, ts=9, x0=462162488, x1=200041071
P3, tp=9, ts=9, x0=45998784, x1=883070285
P3, tp=9, ts=9, x0=817850362, x1=338517891
P0, tp=9, ts=9
P0, tp=9, ts=9
P1, tp=9, ts=9, x0=747215440, x1=588755650
P0, tp=9, ts=9
P1, tp=9, ts=9, x0=575646256, x1=355946319
P2, tp=9, ts=9, x0=101424791, x1=396161007
P1, tp=9, ts=9, x0=279547634, x1=473820255
P0, tp=9, ts=9
P3, tp=9, ts=9, x0=317125440, x1=462162488
P3, tp=9, ts=9, x0=746355009, x1=465441343
P3, tp=9, ts=9, x0=568309908, x1=817850362
P1, tp=9, ts=9, x0=775009580, x1=151075074
P1, tp=9, ts=9, x0=849459659, x1=911677172
P2, tp=9, ts=9, x0=382260712, x1=846789847
P0, tp=9, ts=9
P1, tp=9, ts=9, x0=555182841, x1=923662193
P1, tp=9, ts=9, x0=834273824, x1=382260712
P1, tp=9, ts=9, x0=555182841, x1=522281055
P2, tp=9, ts=9, x0=464633348, x1=304076057
P2, tp=9, ts=9, x0=788212118, x1=356541048
P0, tp=9, ts=9
P0, tp=9, ts=9
P2, tp=9, ts=9, x0=673394631, x1=31219596
P0, tp=9, ts=9
P0, tp=9, ts=9
P1, tp=9, ts=9, x0=805740458, x1=50118664
P2, tp=9, ts=9, x0=877937656, x1=80535078
P1, tp=9, ts=9, x0=892350788, x1=106748731
P3, tp=9, ts=9, x0=200041071, x1=465441343
P0, tp=9, ts=9
P0, tp=9, ts=9
P1, tp=9, ts=9, x0=73899995, x1=788212118
P0, tp=9, ts=9
P0, tp=9, ts=9
P2, tp=9, ts=9, x0=279547634, x1=805740458
P0, tp=9, ts=9
P0, tp=9, ts=9
P2, tp=9, ts=9, x0=548863844, x1=904652448
P1, tp=9, ts=9, x0=904652448, x1=582104468
P3, tp=9, ts=9, x0=355946319, x1=685675245
P1, tp=9, ts=9, x0=829285369, x1=97422155
P2, tp=9, ts=9, x0=968659691, x1=101424791
P0, tp=9, ts=9
P3, tp=9, ts=9, x0=70518830, x1=609847950
P3, tp=9, ts=9, x0=432322344, x1=759817498
P3, tp=9, ts=9, x0=829285369, x1=805740458
P0, tp=9, ts=9
P2, tp=9, ts=9, x0=396161007, x1=513740519
P3, tp=9, ts=9, x0=338517891, x1=582104468
P2, tp=9, ts=9, x0=894242875, x1=103084687
P3, tp=9, ts=9, x0=849833313, x1=427877912
P0, tp=9, ts=9
P0, tp=9, ts=9
P0, tp=9, ts=9
P1, tp=9, ts=9, x0=805740458, x1=97422155
P3, tp=9, ts=9, x0=578591671, x1=969709089
P2, tp=9, ts=9, x0=143298775, x1=707983024
P1, tp=9, ts=9, x0=660163000, x1=689913619
P3, tp=9, ts=9, x0=355946319, x1=45998784
P3, tp=9, ts=9, x0=151075074, x1=462162488
P3, tp=9, ts=9, x0=689535243, x1=351241472
P0, tp=9, ts=9
P3, tp=9, ts=9, x0=707983024, x1=200041071
P0, tp=9, ts=9
P2, tp=9, ts=9, x0=465441343, x1=640732436
P0, tp=9, ts=9
P3, tp=9, ts=9, x0=345377727, x1=892350788
P2, tp=9, ts=9, x0=535664485, x1=427877912
P1, tp=9, ts=9, x0=624836172, x1=167112287
P2, tp=9, ts=9, x0=70518830, x1=473820255
P2, tp=9, ts=9, x0=241277285, x1=689913619
P0, tp=9, ts=9
P3, tp=9, ts=9, x0=70518830, x1=831447879
P2, tp=9, ts=9, x0=212753102, x1=660163000
P0, tp=9, ts=9
P3, tp=9, ts=9, x0=969709089, x1=317125440
P1, tp=9, ts=9, x0=345377727, x1=281882009
P1, tp=9, ts=9, x0=660163000, x1=846789847
P1, tp=9, ts=9, x0=877937656, x1=943429064
P3, tp=9, ts=9, x0=382260712, x1=181066130
P1, tp=9, ts=9, x0=200041071, x1=892350788
P0, tp=9, ts=9
P2, tp=9, ts=9, x0=568309908, x1=167112287
P0, tp=9, ts=9
P2, tp=9, ts=9, x0=708841101, x1=70518830
P3, tp=9, ts=9, x0=97422155, x1=582104468
P1, tp=9, ts=9, x0=350338261, x1=718287867
P2, tp=9, ts=9, x0=382260712, x1=689535243
P3, tp=9, ts=9, x0=279547634, x1=393477495
P0, tp=9, ts=9
P1, tp=9, ts=9, x0=831447879, x1=70518830
P2, tp=9, ts=9, x0=70518830, x1=898474122
P3, tp=9, ts=9, x0=578591671, x1=685675245
P2, tp=9, ts=9, x0=759817498, x1=508246184
P3, tp=9, ts=9, x0=829285369, x1=877826782
P2, tp=9, ts=9, x0=708841101, x1=355946319
P2, tp=9, ts=9, x0=432322344, x1=382260712
P0, tp=9, ts=9
P0, tp=9, ts=9
P0, tp=9, ts=9
P1, tp=9, ts=9, x0=568309908, x1=98397781
P0, tp=9, ts=9
P3, tp=9, ts=9, x0=382260712, x1=894242875
P1, tp=9, ts=9, x0=304076057, x1=143298775
P2, tp=9, ts=9, x0=464633348, x1=97422155
P1, tp=9, ts=9, x0=97422155, x1=894242875
P1, tp=9, ts=9, x0=329027753, x1=412841457
P2, tp=9, ts=9, x0=834273824, x1=91674199
P0, tp=9, ts=9
P0, tp=9, ts=9
P0, tp=9, ts=9
P2, tp=9, ts=9, x0=74202772, x1=685675245
P0, tp=9, ts=9
P1, tp=9, ts=9, x0=412841457, x1=531758705
P3, tp=9, ts=9, x0=826754745, x1=345377727
P3, tp=9, ts=9, x0=432322344, x1=759817498
P1, tp=9, ts=9, x0=849459659, x1=432322344
P2, tp=9, ts=9, x0=73899995, x1=279547634
P2, tp=9, ts=9, x0=607634536, x1=894242875
P2, tp=9, ts=9, x0=181066130, x1=894242875
P1, tp=9, ts=9, x0=759817498, x1=200041071
P3, tp=9, ts=9, x0=330631119, x1=330631119
P2, tp=9, ts=9, x0=200041071, x1=345377727
P1, tp=9, ts=9, x0=382260712, x1=181066130
P3, tp=9, ts=9, x0=91674199, x1=535664485
P2, tp=9, ts=9, x0=317125440, x1=990601271
P1, tp=9, ts=9, x0=151075074, x1=747215440
P0, tp=9, ts=9
P0, tp=9, ts=9
P2, tp=9, ts=9, x0=317125440, x1=396161007
P2, tp=9, ts=9, x0=251946935, x1=74182263
P2, tp=9, ts=9, x0=877937656, x1=969709089
P0, tp=9, ts=9
P3, tp=9, ts=9, x0=660163000, x1=759817498
P3, tp=9, ts=9, x0=607634536, x1=329027753
P1, tp=9, ts=9, x0=31219596, x1=74182263
P3, tp=9, ts=9, x0=351241472, x1=279547634
P3, tp=9, ts=9, x0=97422155, x1=321741598
P3, tp=9, ts=9, x0=759129688, x1=356541048
P3, tp=9, ts=9, x0=396161007, x1=200041071
P3, tp=9, ts=9, x0=877937656, x1=304076057
P3, tp=9, ts=9, x0=443470965, x1=849459659
P1, tp=9, ts=9, x0=246927331, x1=329027753
P1, tp=9, ts=9, x0=689913619, x1=849459659
P3, tp=9, ts=9, x0=28582819, x1=911677172
P3, tp=9, ts=9, x0=42870990, x1=817850362
P1, tp=9, ts=9, x0=775009580, x1=151075074
P0, tp=9, ts=9
P0, tp=9, ts=9
P2, tp=9, ts=9, x0=143298775, x1=565367959
P1, tp=9, ts=9, x0=795782007, x1=385957904
P0, tp=9, ts=9
P2, tp=9, ts=9, x0=817850362, x1=829285369
P1, tp=9, ts=9, x0=640732436, x1=689913619
P2, tp=9, ts=9, x0=689535243, x1=522281055
P1, tp=9, ts=9, x0=535664485, x1=281882009
P1, tp=9, ts=9, x0=764340401, x1=385957904
P2, tp=9, ts=9, x0=759129688, x1=443470965
P1, tp=9, ts=9, x0=28582819, x1=412841457
P0, tp=9, ts=9
P1, tp=9, ts=9, x0=624836172, x1=101424791
P1, tp=9, ts=9, x0=578591671, x1=443470965
P2, tp=9, ts=9, x0=685675245, x1=508246184
P3, tp=9, ts=9, x0=877826782, x1=355946319
P3, tp=9, ts=9, x0=28582819, x1=74202772
P2, tp=9, ts=9, x0=826754745, x1=607634536
P3, tp=9, ts=9, x0=660163000, x1=849459659
P0, tp=9, ts=9
P3, tp=9, ts=9, x0=892350788, x1=689913619
P2, tp=9, ts=9, x0=786550441, x1=775009580
P1, tp=9, ts=9, x0=640732436, x1=609847950
P1, tp=9, ts=9, x0=338517891, x1=624836172
P2, tp=9, ts=9, x0=97422155, x1=143298775
P2, tp=9, ts=9, x0=42870990, x1=143298775
P3, tp=9, ts=9, x0=432322344, x1=508246184
P2, tp=9, ts=9, x0=513740519, x1=923662193
P1, tp=9, ts=9, x0=513740519, x1=904652448
P1, tp=9, ts=9, x0=689535243, x1=508246184
P0, tp=9, ts=9
P1, tp=9, ts=9, x0=575646256, x1=74202772
P2, tp=9, ts=9, x0=103084687, x1=414633275
P2, tp=9, ts=9, x0=355946319, x1=992521818
P2, tp=9, ts=9, x0=775009580, x1=246927331
P2, tp=9, ts=9, x0=904652448, x1=393477495
P0, tp=9, ts=9
P3, tp=9, ts=9, x0=414633275, x1=181066130
P3, tp=9, ts=9, x0=673394631, x1=877937656
P1, tp=9, ts=9, x0=826754745, x1=685675245
P1, tp=9, ts=9, x0=565367959, x1=673394631
P0, tp=9, ts=9
P0, tp=9, ts=9
P0, tp=9, ts=9
P2, tp=9, ts=9, x0=355946319, x1=846789847
P3, tp=9, ts=9, x0=746355009, x1=145329588
P0, tp=9, ts=9
P2, tp=9, ts=9, x0=212753102, x1=181066130
