P1, tp=0, ts=0, x0=569872521, x1=373321178
P0, tp=0, ts=0
P1, tp=0, ts=0, x0=328515787, x1=587230719
P0, tp=0, ts=0
P2, tp=0, ts=0, x0=24488068
P2, tp=0, ts=0, x0=132139073
P1, tp=0, ts=0, x0=263078228, x1=703748452
P3, tp=0, ts=0
P1, tp=0, ts=0, x0=782304503, x1=947669864
P0, tp=0, ts=0
P0, tp=0, ts=0
P0, tp=0, ts=0
P3, tp=0, ts=0
P1, tp=0, ts=0, x0=230151851, x1=642553759
P3, tp=0, ts=0
P3, tp=0, ts=0
P0, tp=0, ts=0
P3, tp=0, ts=0
P1, tp=0, ts=0, x0=819702502, x1=485979946
P0, tp=0, ts=0
P3, tp=0, ts=0
P0, tp=0, ts=0
P1, tp=0, ts=0, x0=393602475, x1=386218870
P2, tp=0, ts=0, x0=37375084
P0, tp=0, ts=0
P3, tp=0, ts=0
P1, tp=0, ts=0, x0=226070484, x1=811960572
P0, tp=0, ts=0
P0, tp=0, ts=0
P0, tp=0, ts=0
P2, tp=0, ts=0, x0=16373219
P2, tp=0, ts=0, x0=926246428
P0, tp=0, ts=0
P3, tp=0, ts=0
P2, tp=0, ts=0, x0=18709334
P2, tp=0, ts=0, x0=228331474
P1, tp=0, ts=0, x0=843943083, x1=382513159
P2, tp=0, ts=0, x0=118069191
P1, tp=0, ts=0, x0=105778896, x1=602083814
P3, tp=0, ts=0
P0, tp=0, ts=0
P0, tp=0, ts=0
P1, tp=0, ts=0, x0=73269769, x1=665429171
P3, tp=0, ts=0
P2, tp=0, ts=0, x0=666082975
P2, tp=0, ts=0, x0=5126561
P2, tp=0, ts=0, x0=351151922
P1, tp=0, ts=0, x0=741139708, x1=63979174
P1, tp=0, ts=0, x0=648016028, x1=541053556
P0, tp=0, ts=0
P1, tp=0, ts=0, x0=10932329, x1=919034261
P2, tp=0, ts=0, x0=543446181
P2, tp=0, ts=0, x0=536210395
P0, tp=0, ts=0
P1, tp=0, ts=0, x0=813891785, x1=941288943
P1, tp=0, ts=0, x0=461807606, x1=901589232
P3, tp=0, ts=0
P0, tp=0, ts=0
P0, tp=0, ts=0
P1, tp=0, ts=0, x0=367736408, x1=844775061
P1, tp=0, ts=0, x0=606113143, x1=264315048
P3, tp=0, ts=0
P0, tp=0, ts=0
P0, tp=0, ts=0
P1, tp=0, ts=0, x0=860587157, x1=377301598
P2, tp=0, ts=0, x0=947669864
P0, tp=0, ts=0
P3, tp=0, ts=0
P3, tp=0, ts=0
P1, tp=0, ts=0, x0=706859224, x1=666082975
P2, tp=0, ts=0, x0=741139708
P3, tp=0, ts=0
P0, tp=0, ts=0
P1, tp=0, ts=0, x0=263078228, x1=813891785
P1, tp=0, ts=0, x0=844775061, x1=16373219
P1, tp=0, ts=0, x0=73269769, x1=382513159
P3, tp=0, ts=0
P2, tp=0, ts=0, x0=10932329
P2, tp=0, ts=0, x0=10932329
P1, tp=0, ts=0, x0=24488068, x1=256810040
P1, tp=0, ts=0, x0=666082975, x1=386218870
P3, tp=0, ts=0
P1, tp=0, ts=0, x0=386218870, x1=782304503
P2, tp=0, ts=0, x0=226070484
P1, tp=0, ts=0, x0=63979174, x1=813891785
P3, tp=0, ts=0
P3, tp=0, ts=0
P3, tp=0, ts=0
P2, tp=0, ts=0, x0=105778896
P2, tp=0, ts=0, x0=536210395
P3, tp=0, ts=0
P3, tp=0, ts=0
P1, tp=0, ts=0, x0=5126561, x1=843943083
P2, tp=0, ts=0, x0=386218870
P0, tp=0, ts=0
P2, tp=0, ts=0, x0=226070484
P1, tp=0, ts=0, x0=23766626, x1=328515787
P2, tp=0, ts=0, x0=706859224
P1, tp=0, ts=0, x0=63979174, x1=351151922
P0, tp=0, ts=0
P0, tp=0, ts=0
P0, tp=0, ts=0
P0, tp=0, ts=0
P2, tp=0, ts=0, x0=16373219
P1, tp=0, ts=0, x0=819702502, x1=328515787
P0, tp=0, ts=0
P2, tp=0, ts=0, x0=328515787
P0, tp=0, ts=0
P1, tp=0, ts=0, x0=256810040, x1=230151851
P1, tp=0, ts=0, x0=393602475, x1=5126561
P1, tp=0, ts=0, x0=843943083, x1=228331474
P3, tp=0, ts=0
P3, tp=0, ts=0
P2, tp=0, ts=0, x0=386218870
P1, tp=0, ts=0, x0=602083814, x1=941288943
P3, tp=0, ts=0
P2, tp=0, ts=0, x0=386218870
P2, tp=0, ts=0, x0=541053556
P0, tp=0, ts=0
P3, tp=0, ts=0
P3, tp=0, ts=0
P3, tp=0, ts=0
P3, tp=0, ts=0
P0, tp=0, ts=0
P0, tp=0, ts=0
P1, tp=0, ts=0, x0=264315048, x1=843943083
P3, tp=0, ts=0
P1, tp=0, ts=0, x0=393602475, x1=844775061
P1, tp=0, ts=0, x0=118069191, x1=665429171
P1, tp=0, ts=0, x0=263078228, x1=606113143
P3, tp=0, ts=0
P2, tp=0, ts=0, x0=666082975
P1, tp=0, ts=0, x0=328515787, x1=703748452
P1, tp=0, ts=0, x0=741139708, x1=602083814
P2, tp=0, ts=0, x0=819702502
P1, tp=0, ts=0, x0=328515787, x1=263078228
P2, tp=0, ts=0, x0=10932329
P2, tp=0, ts=0, x0=328515787
P0, tp=0, ts=0
P2, tp=0, ts=0, x0=648016028
P2, tp=0, ts=0, x0=263078228
P3, tp=0, ts=0
P3, tp=0, ts=0
P1, tp=0, ts=0, x0=5126561, x1=662247677
P3, tp=0, ts=0
P0, tp=0, ts=0
P2, tp=0, ts=0, x0=24488068
P1, tp=0, ts=0, x0=782304503, x1=139116991
P1, tp=0, ts=0, x0=386218870, x1=105778896
P0, tp=0, ts=0
P3, tp=0, ts=0
P2, tp=0, ts=0, x0=844775061
P3, tp=0, ts=0
P0, tp=0, ts=0
P2, tp=0, ts=0, x0=228331474
P1, tp=0, ts=0, x0=751734655, x1=947669864
P1, tp=0, ts=0, x0=351151922, x1=686787631
P1, tp=0, ts=0, x0=373321178, x1=819702502
P3, tp=0, ts=0
P2, tp=0, ts=0, x0=602083814
P1, tp=0, ts=0, x0=642553759, x1=751734655
P0, tp=0, ts=0
P3, tp=0, ts=0
P3, tp=0, ts=0
P3, tp=0, ts=0
P1, tp=0, ts=0, x0=485979946, x1=666082975
P0, tp=0, ts=0
P2, tp=0, ts=0, x0=901589232
P3, tp=0, ts=0
P2, tp=0, ts=0, x0=461807606
P1, tp=0, ts=0, x0=666082975, x1=606113143
P2, tp=0, ts=0, x0=23766626
P2, tp=0, ts=0, x0=686787631
P3, tp=0, ts=0
P2, tp=0, ts=0, x0=23766626
P2, tp=0, ts=0, x0=844775061
P2, tp=0, ts=0, x0=393602475
P2, tp=0, ts=0, x0=666082975
P0, tp=0, ts=0
P0, tp=0, ts=0
P1, tp=0, ts=0, x0=105778896, x1=328515787
P3, tp=0, ts=0
P0, tp=0, ts=0
P2, tp=0, ts=0, x0=18709334
P1, tp=0, ts=0, x0=662247677, x1=813891785
P2, tp=0, ts=0, x0=16373219
P1, tp=0, ts=0, x0=666082975, x1=782304503
P2, tp=0, ts=0, x0=710125852
P1, tp=0, ts=0, x0=843943083, x1=461807606
P0, tp=0, ts=0
P1, tp=0, ts=0, x0=485979946, x1=10932329
P3, tp=0, ts=0
P2, tp=0, ts=0, x0=393602475
P0, tp=0, ts=0
P3, tp=0, ts=0
P3, tp=0, ts=0
P1, tp=0, ts=0, x0=18709334, x1=751734655
P3, tp=0, ts=0
P0, tp=0, ts=0
P2, tp=0, ts=0, x0=132139073
P3, tp=0, ts=0
P3, tp=0, ts=0
P0, tp=0, ts=0
P1, tp=0, ts=0, x0=844775061, x1=382513159
P2, tp=0, ts=0, x0=536210395
P3, tp=0, ts=0
P0, tp=0, ts=0
P1, tp=0, ts=0, x0=176404599, x1=860587157
P1, tp=0, ts=0, x0=18709334, x1=587230719
P0, tp=0, ts=0
P2, tp=0, ts=0, x0=919034261
P1, tp=0, ts=0, x0=105778896, x1=782304503
P1, tp=0, ts=0, x0=382513159, x1=751734655
P0, tp=0, ts=0
P3, tp=0, ts=0
P1, tp=0, ts=0, x0=741139708, x1=18709334
P2, tp=0, ts=0, x0=226070484
P2, tp=0, ts=0, x0=751734655
P2, tp=0, ts=0, x0=819702502
P0, tp=0, ts=0
P0, tp=0, ts=0
P3, tp=0, ts=0
P1, tp=0, ts=0, x0=686787631, x1=461807606
P1, tp=0, ts=0, x0=811960572, x1=105778896
P1, tp=0, ts=0, x0=901589232, x1=132139073
P0, tp=0, ts=0
P3, tp=0, ts=0
P3, tp=0, ts=0
P2, tp=0, ts=0, x0=118069191
P0, tp=0, ts=0
P0, tp=0, ts=0
P3, tp=0, ts=0
P0, tp=0, ts=0
P3, tp=0, ts=0
P0, tp=0, ts=0
P2, tp=0, ts=0, x0=706859224
P0, tp=0, ts=0
P0, tp=0, ts=0
P3, tp=0, ts=0
P2, tp=0, ts=0, x0=377301598
P1, tp=0, ts=0, x0=751734655, x1=941288943
P3, tp=0, ts=0
P3, tp=0, ts=0
P0, tp=0, ts=0
P2, tp=0, ts=0, x0=602083814
P2, tp=0, ts=0, x0=63979174
P1, tp=0, ts=0, x0=662247677, x1=386218870
P1, tp=0, ts=0, x0=606113143, x1=811960572
P1, tp=0, ts=0, x0=393602475, x1=860587157
P2, tp=0, ts=0, x0=37375084
P0, tp=0, ts=0
P2, tp=0, ts=0, x0=386218870
P1, tp=0, ts=0, x0=569872521, x1=264315048
P3, tp=0, ts=0
P0, tp=0, ts=0
P1, tp=0, ts=0, x0=820372790, x1=23766626
P1, tp=0, ts=0, x0=811960572, x1=648016028
P3, tp=0, ts=0
P0, tp=0, ts=0
P1, tp=0, ts=0, x0=952201501, x1=264717231
P1, tp=0, ts=0, x0=18709334, x1=118069191
P3, tp=0, ts=0
P3, tp=0, ts=0
P0, tp=0, ts=0
P2, tp=0, ts=0, x0=952201501
P1, tp=0, ts=0, x0=569872521, x1=706859224
P0, tp=0, ts=0
P3, tp=0, ts=0
P1, tp=0, ts=0, x0=373321178, x1=24488068
P3, tp=0, ts=0
P3, tp=0, ts=0
P1, tp=0, ts=0, x0=686787631, x1=105778896
P0, tp=0, ts=0
P2, tp=0, ts=0, x0=23766626
P2, tp=0, ts=0, x0=132139073
P0, tp=0, ts=0
P1, tp=0, ts=0, x0=5126561, x1=952201501
P1, tp=0, ts=0, x0=583518684, x1=264717231
P0, tp=0, ts=0
P0, tp=0, ts=0
P2, tp=0, ts=0, x0=176404599
P2, tp=0, ts=0, x0=351151922
P2, tp=0, ts=0, x0=706859224
P1, tp=0, ts=0, x0=819702502, x1=373321178
P0, tp=0, ts=0
P0, tp=0, ts=0
P1, tp=0, ts=0, x0=813891785, x1=941288943
P3, tp=0, ts=0
P0, tp=0, ts=0
P3, tp=0, ts=0
P1, tp=0, ts=0, x0=264315048, x1=367736408
P2, tp=0, ts=0, x0=226070484
P3, tp=0, ts=0
P1, tp=0, ts=0, x0=351151922, x1=16373219
P2, tp=0, ts=0, x0=606113143
P1, tp=0, ts=0, x0=662247677, x1=373321178
P2, tp=0, ts=0, x0=890625569
P2, tp=0, ts=0, x0=23766626
P2, tp=0, ts=0, x0=141720055
P2, tp=0, ts=0, x0=606113143
P3, tp=0, ts=0
P3, tp=0, ts=0
P2, tp=0, ts=0, x0=666082975
P2, tp=0, ts=0, x0=37375084
P3, tp=0, ts=0
P3, tp=0, ts=0
P2, tp=0, ts=0, x0=569872521
P1, tp=0, ts=0, x0=328515787, x1=820372790
P1, tp=0, ts=0, x0=543446181, x1=919034261
P1, tp=0, ts=0, x0=813891785, x1=543446181
P1, tp=0, ts=0, x0=377301598, x1=139116991
P1, tp=0, ts=0, x0=373321178, x1=264315048
P1, tp=0, ts=0, x0=105778896, x1=18709334
P2, tp=0, ts=0, x0=485979946
P0, tp=0, ts=0
P0, tp=0, ts=0
P0, tp=0, ts=0
P3, tp=0, ts=0
P0, tp=0, ts=0
P0, tp=0, ts=0
P2, tp=0, ts=0, x0=710125852
P2, tp=0, ts=0, x0=516863565
P1, tp=0, ts=0, x0=602083814, x1=666082975
P1, tp=0, ts=0, x0=819702502, x1=947669864
P0, tp=0, ts=0
P2, tp=0, ts=0, x0=686787631
P3, tp=0, ts=0
P2, tp=0, ts=0, x0=263078228
P2, tp=0, ts=0, x0=105778896
P1, tp=0, ts=0, x0=602083814, x1=941288943
P3, tp=0, ts=0
P2, tp=0, ts=0, x0=167447574
P3, tp=0, ts=0
P2, tp=0, ts=0, x0=710125852
P1, tp=0, ts=0, x0=592550046, x1=167447574
P0, tp=0, ts=0
P3, tp=0, ts=0
P1, tp=0, ts=0, x0=811960572, x1=710125852
P1, tp=0, ts=0, x0=382513159, x1=139116991
P2, tp=0, ts=0, x0=226070484
P3, tp=0, ts=0
P2, tp=0, ts=0, x0=37375084
P2, tp=0, ts=0, x0=386218870
P0, tp=0, ts=0
P0, tp=0, ts=0
P0, tp=0, ts=0
P2, tp=0, ts=0, x0=105778896
P3, tp=0, ts=0
P1, tp=0, ts=0, x0=63979174, x1=751734655
P1, tp=0, ts=0, x0=536210395, x1=919034261
P1, tp=0, ts=0, x0=587230719, x1=5126561
P1, tp=0, ts=0, x0=132139073, x1=665429171
P3, tp=0, ts=0
P1, tp=0, ts=0, x0=263078228, x1=665429171
P3, tp=0, ts=0
P2, tp=0, ts=0, x0=16373219
P2, tp=0, ts=0, x0=642553759
P3, tp=0, ts=0
P0, tp=0, ts=0
P1, tp=0, ts=0, x0=642553759, x1=63979174
P3, tp=0, ts=0
P1, tp=0, ts=0, x0=373321178, x1=642553759
P3, tp=0, ts=0
P2, tp=0, ts=0, x0=16373219
P0, tp=0, ts=0
P1, tp=0, ts=0, x0=485979946, x1=176404599
P0, tp=0, ts=0
P1, tp=0, ts=0, x0=536210395, x1=952201501
P1, tp=0, ts=0, x0=606113143, x1=63979174
P2, tp=0, ts=0, x0=665429171
P1, tp=0, ts=0, x0=139116991, x1=226070484
P2, tp=0, ts=0, x0=132139073
P3, tp=0, ts=0
P2, tp=0, ts=0, x0=5126561
P1, tp=0, ts=0, x0=351151922, x1=919034261
P1, tp=0, ts=0, x0=813891785, x1=118069191
P2, tp=0, ts=0, x0=377301598
P1, tp=0, ts=0, x0=367736408, x1=18709334
P2, tp=0, ts=0, x0=105778896
P2, tp=0, ts=0, x0=773076980
P2, tp=0, ts=0, x0=536210395
P2, tp=0, ts=0, x0=659523069
P2, tp=0, ts=0, x0=952201501
P2, tp=0, ts=0, x0=811960572
P2, tp=0, ts=0, x0=662247677
P0, tp=0, ts=0
P0, tp=0, ts=0
P3, tp=0, ts=0
P3, tp=0, ts=0
P2, tp=0, ts=0, x0=377301598
P1, tp=0, ts=0, x0=659523069, x1=773076980
P3, tp=0, ts=0
P3, tp=0, ts=0
P3, tp=0, ts=0
P1, tp=0, ts=0, x0=710125852, x1=606113143
P1, tp=0, ts=0, x0=541053556, x1=662247677
P2, tp=0, ts=0, x0=256810040
P3, tp=0, ts=0
P1, tp=0, ts=0, x0=659523069, x1=461807606
P3, tp=0, ts=0
P2, tp=0, ts=0, x0=813891785
P2, tp=0, ts=0, x0=16373219
P0, tp=0, ts=0
P0, tp=0, ts=0
P1, tp=0, ts=0, x0=226070484, x1=901589232
P3, tp=0, ts=0
P0, tp=0, ts=0
P1, tp=0, ts=0, x0=706859224, x1=543446181
P2, tp=0, ts=0, x0=536210395
P1, tp=0, ts=0, x0=536210395, x1=263078228
P0, tp=0, ts=0
P2, tp=0, ts=0, x0=23766626
P1, tp=0, ts=0, x0=797379357, x1=773076980
P0, tp=0, ts=0
P1, tp=0, ts=0, x0=947669864, x1=757769813
P0, tp=0, ts=0
P0, tp=0, ts=0
P3, tp=0, ts=0
P0, tp=0, ts=0
P0, tp=0, ts=0
P2, tp=0, ts=0, x0=495100256
P3, tp=0, ts=0
P2, tp=0, ts=0, x0=536210395
P2, tp=0, ts=0, x0=377301598
P1, tp=0, ts=0, x0=773076980, x1=139116991
P0, tp=0, ts=0
P1, tp=0, ts=0, x0=706859224, x1=5126561
P3, tp=0, ts=0
P3, tp=0, ts=0
P3, tp=0, ts=0
P2, tp=0, ts=0, x0=665429171
P1, tp=0, ts=0, x0=543446181, x1=5126561
P1, tp=0, ts=0, x0=706859224, x1=264315048
P3, tp=0, ts=0
P1, tp=0, ts=0, x0=686787631, x1=105778896
P1, tp=0, ts=0, x0=572594941, x1=782304503
P3, tp=0, ts=0
P1, tp=0, ts=0, x0=686787631, x1=572594941
P3, tp=0, ts=0
P3, tp=0, ts=0
P2, tp=0, ts=0, x0=782304503
P2, tp=0, ts=0, x0=659523069
P2, tp=0, ts=0, x0=587230719
P1, tp=0, ts=0, x0=642553759, x1=666082975
P3, tp=0, ts=0
P3, tp=0, ts=0
P2, tp=0, ts=0, x0=536210395
P3, tp=0, ts=0
P1, tp=0, ts=0, x0=382513159, x1=118069191
P1, tp=0, ts=0, x0=666082975, x1=230151851
P0, tp=0, ts=0
P0, tp=0, ts=0
P0, tp=0, ts=0
P3, tp=0, ts=0
P2, tp=0, ts=0, x0=139116991
P3, tp=0, ts=0
P2, tp=0, ts=0, x0=952201501
P3, tp=0, ts=0
P0, tp=0, ts=0
P0, tp=0, ts=0
P1, tp=0, ts=0, x0=941288943, x1=24488068
P3, tp=0, ts=0
P0, tp=0, ts=0
P0, tp=0, ts=0
P1, tp=0, ts=0, x0=256810040, x1=442251970
P3, tp=0, ts=0
P1, tp=0, ts=0, x0=141720055, x1=105778896
P1, tp=0, ts=0, x0=602083814, x1=105778896
P2, tp=0, ts=0, x0=228331474
P2, tp=0, ts=0, x0=10932329
P1, tp=0, ts=0, x0=797379357, x1=485979946
P0, tp=0, ts=0
P3, tp=0, ts=0
P3, tp=0, ts=0
P3, tp=0, ts=0
P3, tp=0, ts=0
P1, tp=0, ts=0, x0=820372790, x1=105778896
P2, tp=0, ts=0, x0=228331474
P1, tp=0, ts=0, x0=37375084, x1=263078228
P0, tp=0, ts=0
P0, tp=0, ts=0
P1, tp=0, ts=0, x0=373321178, x1=139116991
P3, tp=0, ts=0
P2, tp=0, ts=0, x0=141720055
P1, tp=0, ts=0, x0=797379357, x1=662247677
P0, tp=0, ts=0
P0, tp=0, ts=0
P3, tp=0, ts=0
P1, tp=0, ts=0, x0=543446181, x1=706859224
P3, tp=0, ts=0
P2, tp=0, ts=0, x0=118069191
P0, tp=0, ts=0
P0, tp=0, ts=0
P2, tp=0, ts=0, x0=23766626
P2, tp=0, ts=0, x0=606113143
P2, tp=0, ts=0, x0=118069191
P2, tp=0, ts=0, x0=536210395
P0, tp=0, ts=0
P3, tp=0, ts=0
P0, tp=0, ts=0
P1, tp=0, ts=0, x0=37375084, x1=587230719
P2, tp=0, ts=0, x0=710125852
P3, tp=0, ts=0
P3, tp=0, ts=0
P3, tp=0, ts=0
P0, tp=0, ts=0
P1, tp=0, ts=0, x0=629115626, x1=23766626
P0, tp=0, ts=0
P0, tp=0, ts=0
P1, tp=0, ts=0, x0=141720055, x1=811960572
P3, tp=0, ts=0
P2, tp=0, ts=0, x0=73269769
P2, tp=0, ts=0, x0=373321178
P0, tp=0, ts=0
P2, tp=0, ts=0, x0=367736408
P1, tp=0, ts=0, x0=703748452, x1=666082975
P2, tp=0, ts=0, x0=569872521
P2, tp=0, ts=0, x0=710125852
P1, tp=0, ts=0, x0=10932329, x1=461807606
P3, tp=0, ts=0
P1, tp=0, ts=0, x0=757769813, x1=516863565
P0, tp=0, ts=0
P1, tp=0, ts=0, x0=536210395, x1=592550046
P2, tp=0, ts=0, x0=5126561
P2, tp=0, ts=0, x0=616841478
P0, tp=0, ts=0
P0, tp=0, ts=0
P2, tp=0, ts=0, x0=472805505
P3, tp=0, ts=0
P3, tp=0, ts=0
P3, tp=0, ts=0
P2, tp=0, ts=0, x0=228331474
P2, tp=0, ts=0, x0=710125852
P2, tp=0, ts=0, x0=5126561
P2, tp=0, ts=0, x0=73269769
P1, tp=0, ts=0, x0=703748452, x1=141720055
P3, tp=0, ts=0
P3, tp=0, ts=0
P2, tp=0, ts=0, x0=819702502
P2, tp=0, ts=0, x0=16373219
P2, tp=0, ts=0, x0=741139708
P0, tp=0, ts=0
P1, tp=0, ts=0, x0=642553759, x1=757769813
P3, tp=0, ts=0
P3, tp=0, ts=0
P3, tp=0, ts=0
P3, tp=0, ts=0
P2, tp=0, ts=0, x0=820372790
P3, tp=0, ts=0
P3, tp=0, ts=0
P1, tp=0, ts=0, x0=659523069, x1=602083814
P1, tp=0, ts=0, x0=256810040, x1=132139073
P3, tp=0, ts=0
P1, tp=0, ts=0, x0=264717231, x1=901589232
P0, tp=0, ts=0
P0, tp=0, ts=0
P1, tp=0, ts=0, x0=516863565, x1=658978454
P1, tp=0, ts=0, x0=890625569, x1=373321178
P0, tp=0, ts=0
P0, tp=0, ts=0
P2, tp=0, ts=0, x0=926246428
P2, tp=0, ts=0, x0=118069191
P0, tp=0, ts=0
P2, tp=0, ts=0, x0=449527791
P1, tp=0, ts=0, x0=662247677, x1=919034261
P2, tp=0, ts=0, x0=577682907
P2, tp=0, ts=0, x0=662247677
P1, tp=0, ts=0, x0=516863565, x1=37375084
P3, tp=0, ts=0
P0, tp=0, ts=0
P2, tp=0, ts=0, x0=941288943
P3, tp=0, ts=0
P0, tp=0, ts=0
P1, tp=0, ts=0, x0=23766626, x1=947669864
P0, tp=0, ts=0
P3, tp=0, ts=0
P0, tp=0, ts=0
P2, tp=0, ts=0, x0=569872521
P1, tp=0, ts=0, x0=132139073, x1=167447574
P3, tp=0, ts=0
P2, tp=0, ts=0, x0=901589232
P0, tp=0, ts=0
P2, tp=0, ts=0, x0=666082975
P1, tp=0, ts=0, x0=461807606, x1=569872521
P2, tp=0, ts=0, x0=472805505
P3, tp=0, ts=0
P0, tp=0, ts=0
P2, tp=0, ts=0, x0=658978454
P0, tp=0, ts=0
P0, tp=0, ts=0
P0, tp=0, ts=0
P3, tp=0, ts=0
P2, tp=0, ts=0, x0=63979174
P2, tp=0, ts=0, x0=131550010
P1, tp=0, ts=0, x0=39682413, x1=432517481
P1, tp=0, ts=0, x0=141720055, x1=516863565
P0, tp=0, ts=0
P2, tp=0, ts=0, x0=543446181
P3, tp=0, ts=0
P0, tp=0, ts=0
P0, tp=0, ts=0
P1, tp=0, ts=0, x0=16373219, x1=230151851
P3, tp=0, ts=0
P3, tp=0, ts=0
P3, tp=0, ts=0
P2, tp=0, ts=0, x0=132139073
P2, tp=0, ts=0, x0=536210395
P2, tp=0, ts=0, x0=703748452
P2, tp=0, ts=0, x0=926246428
P3, tp=0, ts=0
P1, tp=0, ts=0, x0=941288943, x1=367736408
P0, tp=0, ts=0
P2, tp=0, ts=0, x0=602083814
P2, tp=0, ts=0, x0=141720055
P2, tp=0, ts=0, x0=226070484
P3, tp=0, ts=0
P1, tp=0, ts=0, x0=572594941, x1=572594941
P1, tp=0, ts=0, x0=919034261, x1=773076980
P1, tp=0, ts=0, x0=662247677, x1=890625569
P1, tp=0, ts=0, x0=74129238, x1=666082975
P1, tp=0, ts=0, x0=569872521, x1=583518684
P1, tp=0, ts=0, x0=24488068, x1=377301598
P1, tp=0, ts=0, x0=773076980, x1=941288943
P0, tp=0, ts=0
P1, tp=0, ts=0, x0=572594941, x1=167447574
P3, tp=0, ts=0
P2, tp=0, ts=0, x0=665429171
P3, tp=0, ts=0
P1, tp=0, ts=0, x0=738312471, x1=543446181
P0, tp=0, ts=0
P3, tp=0, ts=0
P0, tp=0, ts=0
P2, tp=0, ts=0, x0=587230719
P2, tp=0, ts=0, x0=10932329
P1, tp=0, ts=0, x0=642553759, x1=602083814
P3, tp=0, ts=0
P0, tp=0, ts=0
P0, tp=0, ts=0
P2, tp=0, ts=0, x0=264315048
P1, tp=0, ts=0, x0=819771110, x1=797379357
P0, tp=0, ts=0
P2, tp=0, ts=0, x0=819702502
P2, tp=0, ts=0, x0=629115626
P2, tp=0, ts=0, x0=147725726
P0, tp=0, ts=0
P0, tp=0, ts=0
P1, tp=0, ts=0, x0=819702502, x1=629115626
P1, tp=0, ts=0, x0=228331474, x1=18709334
P2, tp=0, ts=0, x0=577682907
P3, tp=0, ts=0
P2, tp=0, ts=0, x0=141720055
P0, tp=0, ts=0
P2, tp=0, ts=0, x0=941288943
P3, tp=0, ts=0
P0, tp=0, ts=0
P0, tp=0, ts=0
P1, tp=0, ts=0, x0=629115626, x1=583518684
P1, tp=0, ts=0, x0=264717231, x1=819702502
P0, tp=0, ts=0
P1, tp=0, ts=0, x0=73269769, x1=648016028
P2, tp=0, ts=0, x0=569872521
P2, tp=0, ts=0, x0=39682413
P0, tp=0, ts=0
P2, tp=0, ts=0, x0=820372790
P3, tp=0, ts=0
P3, tp=0, ts=0
P3, tp=0, ts=0
P3, tp=0, ts=0
P2, tp=0, ts=0, x0=393602475
P0, tp=0, ts=0
P0, tp=0, ts=0
P0, tp=0, ts=0
P0, tp=0, ts=0
P3, tp=0, ts=0
P0, tp=0, ts=0
P3, tp=0, ts=0
P2, tp=0, ts=0, x0=263078228
P0, tp=0, ts=0
P0, tp=0, ts=0
P2, tp=0, ts=0, x0=706859224
P0, tp=0, ts=0
P2, tp=0, ts=0, x0=382513159
P1, tp=0, ts=0, x0=844775061, x1=63979174
P1, tp=0, ts=0, x0=811960572, x1=472805505
P1, tp=0, ts=0, x0=226070484, x1=351151922
P0, tp=0, ts=0
P3, tp=0, ts=0
P1, tp=0, ts=0, x0=789648494, x1=18709334
P3, tp=0, ts=0
P2, tp=0, ts=0, x0=382513159
P1, tp=0, ts=0, x0=642553759, x1=602083814
P3, tp=0, ts=0
P3, tp=0, ts=0
P1, tp=0, ts=0, x0=16373219, x1=911223012
P3, tp=0, ts=0
P0, tp=0, ts=0
P2, tp=0, ts=0, x0=642553759
P1, tp=0, ts=0, x0=472805505, x1=147725726
P1, tp=0, ts=0, x0=662247677, x1=132139073
P3, tp=0, ts=0
P0, tp=0, ts=0
P0, tp=0, ts=0
P3, tp=0, ts=0
P0, tp=0, ts=0
P3, tp=0, ts=0
P0, tp=0, ts=0
P1, tp=0, ts=0, x0=911223012, x1=843943083
P2, tp=0, ts=0, x0=24488068
P0, tp=0, ts=0
P1, tp=0, ts=0, x0=536210395, x1=167447574
P1, tp=0, ts=0, x0=536210395, x1=382513159
P2, tp=0, ts=0, x0=105778896
P1, tp=0, ts=0, x0=587230719, x1=757769813
P3, tp=0, ts=0
P3, tp=0, ts=0
P2, tp=0, ts=0, x0=543446181
P0, tp=0, ts=0
P3, tp=0, ts=0
P1, tp=0, ts=0, x0=911223012, x1=516863565
P3, tp=0, ts=0
P1, tp=0, ts=0, x0=5126561, x1=549400089
P0, tp=0, ts=0
P1, tp=0, ts=0, x0=442251970, x1=919034261
P3, tp=0, ts=0
P1, tp=0, ts=0, x0=442251970, x1=328515787
P3, tp=0, ts=0
P2, tp=0, ts=0, x0=139116991
P0, tp=0, ts=0
P0, tp=0, ts=0
P2, tp=0, ts=0, x0=16373219
P2, tp=0, ts=0, x0=386218870
P3, tp=0, ts=0
P2, tp=0, ts=0, x0=264717231
P2, tp=0, ts=0, x0=461807606
P1, tp=0, ts=0, x0=228331474, x1=706859224
P1, tp=0, ts=0, x0=901589232, x1=377301598
P1, tp=0, ts=0, x0=263078228, x1=367736408
P1, tp=0, ts=0, x0=911223012, x1=844775061
P1, tp=0, ts=0, x0=264717231, x1=843943083
P2, tp=0, ts=0, x0=377301598
P3, tp=0, ts=0
P1, tp=0, ts=0, x0=131550010, x1=5126561
P2, tp=0, ts=0, x0=373321178
P0, tp=0, ts=0
P1, tp=0, ts=0, x0=73269769, x1=23766626
P2, tp=0, ts=0, x0=592550046
P1, tp=0, ts=0, x0=74129238, x1=577682907
P2, tp=0, ts=0, x0=738312471
P2, tp=0, ts=0, x0=16373219
P0, tp=0, ts=0
P3, tp=0, ts=0
P3, tp=0, ts=0
P0, tp=0, ts=0
P0, tp=0, ts=0
P0, tp=0, ts=0
P2, tp=0, ts=0, x0=230151851
P2, tp=0, ts=0, x0=947669864
P1, tp=0, ts=0, x0=773076980, x1=592550046
P0, tp=0, ts=0
P2, tp=0, ts=0, x0=367736408
P3, tp=0, ts=0
P1, tp=0, ts=0, x0=377301598, x1=602083814
P3, tp=0, ts=0
P1, tp=0, ts=0, x0=461807606, x1=367736408
P3, tp=0, ts=0
P1, tp=0, ts=0, x0=73269769, x1=472805505
P2, tp=0, ts=0, x0=18709334
P3, tp=0, ts=0
P3, tp=0, ts=0
P1, tp=0, ts=0, x0=10932329, x1=686787631
P2, tp=0, ts=0, x0=176404599
P0, tp=0, ts=0
P0, tp=0, ts=0
P0, tp=0, ts=0
P2, tp=0, ts=0, x0=39682413
P2, tp=0, ts=0, x0=472805505
P3, tp=0, ts=0
P1, tp=0, ts=0, x0=377301598, x1=587230719
P0, tp=0, ts=0
P3, tp=0, ts=0
P3, tp=0, ts=0
P1, tp=0, ts=0, x0=843943083, x1=485979946
P1, tp=0, ts=0, x0=495100256, x1=890625569
P0, tp=0, ts=0
P0, tp=0, ts=0
P0, tp=0, ts=0
P0, tp=0, ts=0
P1, tp=0, ts=0, x0=797379357, x1=386218870
P2, tp=0, ts=0, x0=10932329
P0, tp=0, ts=0
P1, tp=0, ts=0, x0=813891785, x1=541053556
P1, tp=0, ts=0, x0=228331474, x1=432517481
P0, tp=0, ts=0
P1, tp=0, ts=0, x0=351151922, x1=851873055
P2, tp=0, ts=0, x0=256810040
P1, tp=0, ts=0, x0=901589232, x1=587230719
P0, tp=0, ts=0
P2, tp=0, ts=0, x0=820372790
P2, tp=0, ts=0, x0=39682413
P0, tp=0, ts=0
P2, tp=0, ts=0, x0=666082975
P3, tp=0, ts=0
P2, tp=0, ts=0, x0=813891785
P2, tp=0, ts=0, x0=367736408
P0, tp=0, ts=0
P3, tp=0, ts=0
P2, tp=0, ts=0, x0=919034261
P3, tp=0, ts=0
P3, tp=0, ts=0
P3, tp=0, ts=0
P1, tp=0, ts=0, x0=10932329, x1=23766626
P2, tp=0, ts=0, x0=666082975
P2, tp=0, ts=0, x0=851873055
P3, tp=0, ts=0
P1, tp=0, ts=0, x0=472805505, x1=507529468
P1, tp=0, ts=0, x0=442251970, x1=382513159
P3, tp=0, ts=0
P0, tp=0, ts=0
P3, tp=0, ts=0
P3, tp=0, ts=0
P2, tp=0, ts=0, x0=485979946
P2, tp=0, ts=0, x0=147725726
P2, tp=0, ts=0, x0=461807606
P1, tp=0, ts=0, x0=507529468, x1=598148677
P2, tp=0, ts=0, x0=569872521
P0, tp=0, ts=0
P0, tp=0, ts=0
P0, tp=0, ts=0
P1, tp=0, ts=0, x0=592550046, x1=139116991
P0, tp=0, ts=0
P1, tp=0, ts=0, x0=147725726, x1=751734655
P2, tp=0, ts=0, x0=536210395
P2, tp=0, ts=0, x0=307569336
P1, tp=0, ts=0, x0=689997423, x1=382513159
P1, tp=0, ts=0, x0=583518684, x1=549400089
P3, tp=0, ts=0
P3, tp=0, ts=0
P0, tp=0, ts=0
P0, tp=0, ts=0
P3, tp=0, ts=0
P1, tp=0, ts=0, x0=941288943, x1=386218870
P2, tp=0, ts=0, x0=658978454
P2, tp=0, ts=0, x0=616841478
P2, tp=0, ts=0, x0=703748452
P2, tp=0, ts=0, x0=74129238
P3, tp=0, ts=0
P0, tp=0, ts=0
P3, tp=0, ts=0
P1, tp=0, ts=0, x0=264315048, x1=228331474
P3, tp=0, ts=0
P1, tp=0, ts=0, x0=738312471, x1=587230719
P0, tp=0, ts=0
P1, tp=0, ts=0, x0=592550046, x1=367736408
P2, tp=0, ts=0, x0=78592526
P3, tp=0, ts=0
P3, tp=0, ts=0
P3, tp=0, ts=0
P2, tp=0, ts=0, x0=843943083
P0, tp=0, ts=0
P3, tp=0, ts=0
P1, tp=0, ts=0, x0=328515787, x1=393602475
P2, tp=0, ts=0, x0=890625569
P1, tp=0, ts=0, x0=919034261, x1=539616166
P0, tp=0, ts=0
P3, tp=0, ts=0
P2, tp=0, ts=0, x0=393602475
P1, tp=0, ts=0, x0=118069191, x1=706859224
P3, tp=0, ts=0
P0, tp=0, ts=0
P0, tp=0, ts=0
P0, tp=0, ts=0
P0, tp=0, ts=0
P1, tp=0, ts=0, x0=230151851, x1=373321178
P3, tp=0, ts=0
P3, tp=0, ts=0
P3, tp=0, ts=0
P3, tp=0, ts=0
P3, tp=0, ts=0
P3, tp=0, ts=0
P3, tp=0, ts=0
P2, tp=0, ts=0, x0=181790834
P0, tp=0, ts=0
P3, tp=0, ts=0
P1, tp=0, ts=0, x0=968393584, x1=919034261
P1, tp=0, ts=0, x0=987663363, x1=583518684
P2, tp=0, ts=0, x0=662247677
P3, tp=0, ts=0
P1, tp=0, ts=0, x0=461807606, x1=629115626
P1, tp=0, ts=0, x0=351151922, x1=351151922
P0, tp=0, ts=0
P3, tp=0, ts=0
P2, tp=0, ts=0, x0=689997423
P3, tp=0, ts=0
P0, tp=0, ts=0
P2, tp=0, ts=0, x0=860587157
P2, tp=0, ts=0, x0=860587157
P2, tp=0, ts=0, x0=738312471
P1, tp=0, ts=0, x0=449527791, x1=891823365
P1, tp=0, ts=0, x0=851873055, x1=307569336
P2, tp=0, ts=0, x0=105778896
P1, tp=0, ts=0, x0=941288943, x1=264717231
P0, tp=0, ts=0
P3, tp=0, ts=0
P1, tp=0, ts=0, x0=147725726, x1=891823365
P2, tp=0, ts=0, x0=813891785
P0, tp=0, ts=0
P2, tp=0, ts=0, x0=231932094
P3, tp=0, ts=0
P1, tp=0, ts=0, x0=393602475, x1=604760530
P2, tp=0, ts=0, x0=139116991
P3, tp=0, ts=0
P2, tp=0, ts=0, x0=577682907
P1, tp=0, ts=0, x0=757769813, x1=952201501
P0, tp=0, ts=0
P3, tp=0, ts=0
P1, tp=0, ts=0, x0=367736408, x1=16373219
P1, tp=0, ts=0, x0=901589232, x1=947669864
P3, tp=0, ts=0
P1, tp=0, ts=0, x0=689997423, x1=226070484
P0, tp=0, ts=0
P0, tp=0, ts=0
P1, tp=0, ts=0, x0=592550046, x1=598148677
P3, tp=0, ts=0
P2, tp=0, ts=0, x0=131550010
P1, tp=0, ts=0, x0=751734655, x1=602083814
P2, tp=0, ts=0, x0=598148677
P3, tp=0, ts=0
P2, tp=0, ts=0, x0=78592526
P3, tp=0, ts=0
P3, tp=0, ts=0
P1, tp=0, ts=0, x0=911223012, x1=819702502
P0, tp=0, ts=0
P3, tp=0, ts=0
P3, tp=0, ts=0
P2, tp=0, ts=0, x0=642553759
P0, tp=0, ts=0
P1, tp=0, ts=0, x0=5126561, x1=367736408
P1, tp=0, ts=0, x0=264315048, x1=926246428
P2, tp=0, ts=0, x0=616841478
P1, tp=0, ts=0, x0=386218870, x1=516863565
P0, tp=0, ts=0
P0, tp=0, ts=0
P3, tp=0, ts=0
P1, tp=0, ts=0, x0=666082975, x1=331266200
P2, tp=0, ts=0, x0=543446181
P2, tp=0, ts=0, x0=604760530
P3, tp=0, ts=0
P0, tp=0, ts=0
P2, tp=0, ts=0, x0=851873055
P0, tp=0, ts=0
P2, tp=0, ts=0, x0=147725726
P1, tp=0, ts=0, x0=231932094, x1=386218870
P0, tp=0, ts=0
P2, tp=0, ts=0, x0=602083814
P0, tp=0, ts=0
P2, tp=0, ts=0, x0=472805505
P0, tp=0, ts=0
P3, tp=0, ts=0
P2, tp=0, ts=0, x0=228331474
P1, tp=0, ts=0, x0=541053556, x1=911223012
P2, tp=0, ts=0, x0=901589232
P1, tp=0, ts=0, x0=74129238, x1=228331474
P1, tp=0, ts=0, x0=987663363, x1=706859224
P2, tp=0, ts=0, x0=331266200
P2, tp=0, ts=0, x0=131550010
P1, tp=0, ts=0, x0=901589232, x1=230151851
P3, tp=0, ts=0
P3, tp=0, ts=0
P3, tp=0, ts=0
P0, tp=0, ts=0
P1, tp=0, ts=0, x0=592550046, x1=516863565
P3, tp=0, ts=0
P0, tp=0, ts=0
P1, tp=0, ts=0, x0=891823365, x1=351151922
P1, tp=0, ts=0, x0=111882559, x1=843943083
P2, tp=0, ts=0, x0=851873055
P3, tp=0, ts=0
P3, tp=0, ts=0
P2, tp=0, ts=0, x0=543446181
P2, tp=0, ts=0, x0=819702502
P0, tp=0, ts=0
P0, tp=0, ts=0
P2, tp=0, ts=0, x0=539616166
P3, tp=0, ts=0
P0, tp=0, ts=0
P2, tp=0, ts=0, x0=377301598
P3, tp=0, ts=0
P1, tp=0, ts=0, x0=659523069, x1=738312471
P0, tp=0, ts=0
P3, tp=0, ts=0
P3, tp=0, ts=0
P0, tp=0, ts=0
P1, tp=0, ts=0, x0=78592526, x1=78592526
P2, tp=0, ts=0, x0=782304503
P3, tp=0, ts=0
P3, tp=0, ts=0
P1, tp=0, ts=0, x0=5126561, x1=176404599
P2, tp=0, ts=0, x0=351151922
P0, tp=0, ts=0
P2, tp=0, ts=0, x0=23766626
P2, tp=1, ts=1, x0=10932329
P1, tp=1, ts=1, x0=10932329, x1=351151922
P0, tp=1, ts=1
P1, tp=1, ts=1, x0=5126561, x1=10932329
P2, tp=1, ts=1, x0=598148677
P2, tp=1, ts=1, x0=331266200
P1, tp=1, ts=1, x0=539616166, x1=432517481
P1, tp=1, ts=1, x0=773076980, x1=919034261
P3, tp=1, ts=1
P2, tp=1, ts=1, x0=844775061
P1, tp=1, ts=1, x0=131550010, x1=773076980
P1, tp=1, ts=1, x0=74129238, x1=442251970
P3, tp=1, ts=1
P3, tp=1, ts=1
P2, tp=1, ts=1, x0=844775061
P1, tp=1, ts=1, x0=449527791, x1=658978454
P2, tp=1, ts=1, x0=382513159
P2, tp=1, ts=1, x0=572594941
P0, tp=1, ts=1
P0, tp=1, ts=1
P0, tp=1, ts=1
P2, tp=1, ts=1, x0=226070484
P2, tp=1, ts=1, x0=139116991
P1, tp=1, ts=1, x0=472805505, x1=539616166
P3, tp=1, ts=1
P2, tp=1, ts=1, x0=598148677
P0, tp=1, ts=1
P0, tp=1, ts=1
P1, tp=1, ts=1, x0=703748452, x1=602083814
P2, tp=1, ts=1, x0=648016028
P3, tp=1, ts=1
P1, tp=1, ts=1, x0=181790834, x1=941288943
P1, tp=1, ts=1, x0=797379357, x1=665429171
P2, tp=1, ts=1, x0=602083814
P0, tp=1, ts=1
P2, tp=1, ts=1, x0=167447574
P1, tp=1, ts=1, x0=941288943, x1=891823365
P3, tp=1, ts=1
P2, tp=1, ts=1, x0=264717231
P1, tp=1, ts=1, x0=757769813, x1=789648494
P3, tp=1, ts=1
P2, tp=1, ts=1, x0=461807606
P1, tp=1, ts=1, x0=23766626, x1=572594941
P2, tp=1, ts=1, x0=813891785
P0, tp=1, ts=1
P0, tp=1, ts=1
P3, tp=1, ts=1
P3, tp=1, ts=1
P1, tp=1, ts=1, x0=901589232, x1=606113143
P0, tp=1, ts=1
P2, tp=1, ts=1, x0=741139708
P0, tp=1, ts=1
P0, tp=1, ts=1
P1, tp=1, ts=1, x0=74129238, x1=813891785
P1, tp=1, ts=1, x0=686787631, x1=658978454
P2, tp=1, ts=1, x0=16487533
P1, tp=1, ts=1, x0=536210395, x1=231932094
P0, tp=1, ts=1
P2, tp=1, ts=1, x0=78592526
P0, tp=1, ts=1
P3, tp=1, ts=1
P2, tp=1, ts=1, x0=941288943
P1, tp=1, ts=1, x0=819771110, x1=377301598
P1, tp=1, ts=1, x0=820372790, x1=947669864
P0, tp=1, ts=1
P2, tp=1, ts=1, x0=74129238
P2, tp=1, ts=1, x0=968393584
P2, tp=1, ts=1, x0=968393584
P2, tp=1, ts=1, x0=393602475
P0, tp=1, ts=1
P3, tp=1, ts=1
P1, tp=1, ts=1, x0=63979174, x1=890625569
P1, tp=1, ts=1, x0=665429171, x1=901589232
P1, tp=1, ts=1, x0=648016028, x1=941288943
P2, tp=1, ts=1, x0=820372790
P2, tp=1, ts=1, x0=642553759
P2, tp=1, ts=1, x0=604760530
P3, tp=1, ts=1
P3, tp=1, ts=1
P2, tp=1, ts=1, x0=23766626
P3, tp=1, ts=1
P0, tp=1, ts=1
P1, tp=1, ts=1, x0=63979174, x1=382513159
P2, tp=1, ts=1, x0=449527791
P3, tp=1, ts=1
P0, tp=1, ts=1
P1, tp=1, ts=1, x0=851873055, x1=18709334
P2, tp=1, ts=1, x0=39682413
P1, tp=1, ts=1, x0=137992865, x1=393602475
P1, tp=1, ts=1, x0=63979174, x1=139116991
P1, tp=1, ts=1, x0=516863565, x1=507529468
P2, tp=1, ts=1, x0=577682907
P2, tp=1, ts=1, x0=941288943
P1, tp=1, ts=1, x0=706859224, x1=369833068
P1, tp=1, ts=1, x0=706859224, x1=952201501
P3, tp=1, ts=1
P3, tp=1, ts=1
P1, tp=1, ts=1, x0=860587157, x1=393602475
P0, tp=1, ts=1
P2, tp=1, ts=1, x0=485979946
P1, tp=1, ts=1, x0=516863565, x1=228331474
P2, tp=1, ts=1, x0=3485024
P0, tp=1, ts=1
P1, tp=1, ts=1, x0=111882559, x1=507529468
P2, tp=1, ts=1, x0=432517481
P0, tp=1, ts=1
P0, tp=1, ts=1
P3, tp=1, ts=1
P0, tp=1, ts=1
P2, tp=1, ts=1, x0=472805505
P0, tp=1, ts=1
P3, tp=1, ts=1
P3, tp=1, ts=1
P3, tp=1, ts=1
P0, tp=1, ts=1
P3, tp=1, ts=1
P1, tp=1, ts=1, x0=843943083, x1=541053556
P2, tp=1, ts=1, x0=367736408
P2, tp=1, ts=1, x0=63979174
P2, tp=1, ts=1, x0=793960407
P1, tp=1, ts=1, x0=757769813, x1=757769813
P1, tp=1, ts=1, x0=616841478, x1=141720055
P0, tp=1, ts=1
P1, tp=1, ts=1, x0=16487533, x1=23766626
P1, tp=1, ts=1, x0=987663363, x1=666082975
P3, tp=1, ts=1
P2, tp=1, ts=1, x0=662247677
P2, tp=1, ts=1, x0=890625569
P0, tp=1, ts=1
P1, tp=1, ts=1, x0=264315048, x1=536210395
P1, tp=1, ts=1, x0=844775061, x1=658978454
P1, tp=1, ts=1, x0=844775061, x1=860587157
P0, tp=1, ts=1
P0, tp=1, ts=1
P2, tp=1, ts=1, x0=968393584
P3, tp=1, ts=1
P0, tp=1, ts=1
P2, tp=1, ts=1, x0=63979174
P0, tp=1, ts=1
P1, tp=1, ts=1, x0=393602475, x1=264315048
P3, tp=1, ts=1
P3, tp=1, ts=1
P0, tp=1, ts=1
P1, tp=1, ts=1, x0=851873055, x1=536210395
P3, tp=1, ts=1
P0, tp=1, ts=1
P1, tp=1, ts=1, x0=377301598, x1=901589232
P2, tp=1, ts=1, x0=139116991
P2, tp=1, ts=1, x0=901589232
P0, tp=1, ts=1
P1, tp=1, ts=1, x0=349100025, x1=231932094
P3, tp=1, ts=1
P0, tp=1, ts=1
P1, tp=1, ts=1, x0=844775061, x1=3485024
P2, tp=1, ts=1, x0=23766626
P1, tp=1, ts=1, x0=874465000, x1=606113143
P0, tp=1, ts=1
P2, tp=1, ts=1, x0=926246428
P3, tp=1, ts=1
P2, tp=1, ts=1, x0=751734655
P1, tp=1, ts=1, x0=797379357, x1=256810040
P1, tp=1, ts=1, x0=648016028, x1=176404599
P0, tp=1, ts=1
P0, tp=1, ts=1
P2, tp=1, ts=1, x0=604760530
P1, tp=1, ts=1, x0=572594941, x1=572594941
P0, tp=1, ts=1
P2, tp=1, ts=1, x0=952201501
P3, tp=1, ts=1
P3, tp=1, ts=1
P3, tp=1, ts=1
P1, tp=1, ts=1, x0=686787631, x1=16487533
P1, tp=1, ts=1, x0=461807606, x1=97401002
P0, tp=1, ts=1
P0, tp=1, ts=1
P3, tp=1, ts=1
P3, tp=1, ts=1
P3, tp=1, ts=1
P3, tp=1, ts=1
P2, tp=1, ts=1, x0=63979174
P0, tp=1, ts=1
P2, tp=1, ts=1, x0=224093314
P0, tp=1, ts=1
P1, tp=1, ts=1, x0=105778896, x1=3485024
P1, tp=1, ts=1, x0=990406599, x1=111882559
P2, tp=1, ts=1, x0=111882559
P1, tp=1, ts=1, x0=987663363, x1=131550010
P3, tp=1, ts=1
P3, tp=1, ts=1
P1, tp=1, ts=1, x0=911223012, x1=757769813
P0, tp=1, ts=1
P3, tp=1, ts=1
P3, tp=1, ts=1
P1, tp=1, ts=1, x0=118069191, x1=314982384
P1, tp=1, ts=1, x0=941288943, x1=111882559
P0, tp=1, ts=1
P3, tp=1, ts=1
P1, tp=1, ts=1, x0=820372790, x1=105778896
P3, tp=1, ts=1
P0, tp=1, ts=1
P2, tp=1, ts=1, x0=968393584
P0, tp=1, ts=1
P1, tp=1, ts=1, x0=813891785, x1=658978454
P3, tp=1, ts=1
P0, tp=1, ts=1
P2, tp=1, ts=1, x0=572594941
P1, tp=1, ts=1, x0=741139708, x1=367736408
P1, tp=1, ts=1, x0=10932329, x1=18709334
P0, tp=1, ts=1
P1, tp=1, ts=1, x0=18709334, x1=176404599
P1, tp=1, ts=1, x0=141720055, x1=507529468
P1, tp=1, ts=1, x0=990406599, x1=890625569
P1, tp=1, ts=1, x0=111882559, x1=167447574
P2, tp=1, ts=1, x0=507529468
P2, tp=1, ts=1, x0=118069191
P3, tp=1, ts=1
P1, tp=1, ts=1, x0=541053556, x1=224093314
P3, tp=1, ts=1
P3, tp=1, ts=1
P3, tp=1, ts=1
P1, tp=1, ts=1, x0=536210395, x1=941288943
P2, tp=1, ts=1, x0=572594941
P2, tp=1, ts=1, x0=851873055
P3, tp=1, ts=1
P2, tp=1, ts=1, x0=926246428
P3, tp=1, ts=1
P1, tp=1, ts=1, x0=73269769, x1=741139708
P3, tp=1, ts=1
P0, tp=1, ts=1
P2, tp=1, ts=1, x0=137992865
P2, tp=1, ts=1, x0=666082975
P3, tp=1, ts=1
P0, tp=1, ts=1
P0, tp=1, ts=1
P0, tp=1, ts=1
P1, tp=1, ts=1, x0=757769813, x1=23766626
P3, tp=1, ts=1
P1, tp=1, ts=1, x0=797379357, x1=351151922
P1, tp=1, ts=1, x0=789648494, x1=147725726
P2, tp=1, ts=1, x0=406644952
P2, tp=1, ts=1, x0=181790834
P0, tp=1, ts=1
P3, tp=1, ts=1
P2, tp=1, ts=1, x0=111882559
P1, tp=1, ts=1, x0=911223012, x1=13819891
P2, tp=1, ts=1, x0=323383664
P3, tp=1, ts=1
P2, tp=1, ts=1, x0=323383664
P3, tp=1, ts=1
P3, tp=1, ts=1
P0, tp=1, ts=1
P1, tp=1, ts=1, x0=773076980, x1=738312471
P3, tp=1, ts=1
P3, tp=1, ts=1
P3, tp=1, ts=1
P2, tp=1, ts=1, x0=890625569
P0, tp=1, ts=1
P2, tp=1, ts=1, x0=382513159
P0, tp=1, ts=1
P0, tp=1, ts=1
P2, tp=1, ts=1, x0=147725726
P2, tp=1, ts=1, x0=220454
P2, tp=1, ts=1, x0=349100025
P1, tp=1, ts=1, x0=606113143, x1=16487533
P1, tp=1, ts=1, x0=592550046, x1=543446181
P2, tp=1, ts=1, x0=689997423
P2, tp=1, ts=1, x0=793960407
P0, tp=1, ts=1
P2, tp=1, ts=1, x0=224093314
P3, tp=1, ts=1
P1, tp=1, ts=1, x0=23766626, x1=314982384
P1, tp=1, ts=1, x0=987663363, x1=491488954
P3, tp=1, ts=1
P2, tp=1, ts=1, x0=78592526
P2, tp=1, ts=1, x0=572594941
P3, tp=1, ts=1
P1, tp=1, ts=1, x0=264315048, x1=572594941
P0, tp=1, ts=1
P1, tp=1, ts=1, x0=539616166, x1=323383664
P0, tp=1, ts=1
P1, tp=1, ts=1, x0=231932094, x1=73269769
P1, tp=1, ts=1, x0=516863565, x1=789648494
P2, tp=1, ts=1, x0=793960407
P2, tp=1, ts=1, x0=577682907
P3, tp=1, ts=1
P1, tp=1, ts=1, x0=901589232, x1=844775061
P3, tp=1, ts=1
P1, tp=1, ts=1, x0=990406599, x1=377301598
P0, tp=1, ts=1
P0, tp=1, ts=1
P1, tp=1, ts=1, x0=860587157, x1=813891785
P0, tp=1, ts=1
P2, tp=1, ts=1, x0=583518684
P3, tp=1, ts=1
P0, tp=1, ts=1
P3, tp=1, ts=1
P2, tp=1, ts=1, x0=648016028
P0, tp=1, ts=1
P3, tp=1, ts=1
P2, tp=1, ts=1, x0=773076980
P0, tp=1, ts=1
P1, tp=1, ts=1, x0=440579536, x1=543446181
P0, tp=1, ts=1
P1, tp=1, ts=1, x0=686787631, x1=666082975
P1, tp=1, ts=1, x0=919034261, x1=789648494
P1, tp=1, ts=1, x0=773076980, x1=16487533
P0, tp=1, ts=1
P3, tp=1, ts=1
P1, tp=1, ts=1, x0=314982384, x1=349100025
P2, tp=1, ts=1, x0=357794322
P1, tp=1, ts=1, x0=231932094, x1=738312471
P0, tp=1, ts=1
P2, tp=1, ts=1, x0=74129238
P0, tp=1, ts=1
P3, tp=1, ts=1
P0, tp=1, ts=1
P1, tp=1, ts=1, x0=602083814, x1=543446181
P2, tp=1, ts=1, x0=472805505
P0, tp=1, ts=1
P1, tp=1, ts=1, x0=549400089, x1=406644952
P3, tp=1, ts=1
P3, tp=1, ts=1
P0, tp=1, ts=1
P2, tp=1, ts=1, x0=118069191
P2, tp=1, ts=1, x0=367736408
P2, tp=1, ts=1, x0=598148677
P0, tp=1, ts=1
P3, tp=1, ts=1
P3, tp=1, ts=1
P3, tp=1, ts=1
P0, tp=1, ts=1
P0, tp=1, ts=1
P3, tp=1, ts=1
P0, tp=1, ts=1
P1, tp=1, ts=1, x0=901589232, x1=167447574
P1, tp=1, ts=1, x0=357794322, x1=860587157
P1, tp=1, ts=1, x0=73269769, x1=351151922
P1, tp=1, ts=1, x0=658978454, x1=804290433
P0, tp=1, ts=1
P0, tp=1, ts=1
P1, tp=1, ts=1, x0=636105593, x1=264717231
P1, tp=1, ts=1, x0=598148677, x1=539616166
P3, tp=1, ts=1
P1, tp=1, ts=1, x0=706859224, x1=367082317
P0, tp=1, ts=1
P3, tp=1, ts=1
P0, tp=1, ts=1
P3, tp=1, ts=1
P2, tp=1, ts=1, x0=137992865
P2, tp=1, ts=1, x0=264315048
P2, tp=1, ts=1, x0=926600845
P3, tp=1, ts=1
P1, tp=1, ts=1, x0=63979174, x1=757769813
P1, tp=1, ts=1, x0=572594941, x1=13819891
P0, tp=1, ts=1
P3, tp=1, ts=1
P0, tp=1, ts=1
P3, tp=1, ts=1
P0, tp=1, ts=1
P3, tp=1, ts=1
P2, tp=1, ts=1, x0=5126561
P3, tp=1, ts=1
P1, tp=1, ts=1, x0=874465000, x1=13819891
P1, tp=1, ts=1, x0=139116991, x1=3485024
P0, tp=1, ts=1
P3, tp=1, ts=1
P1, tp=1, ts=1, x0=686787631, x1=741139708
P3, tp=1, ts=1
P0, tp=1, ts=1
P1, tp=1, ts=1, x0=655358986, x1=307569336
P3, tp=1, ts=1
P2, tp=1, ts=1, x0=5126561
P1, tp=1, ts=1, x0=349100025, x1=147725726
P2, tp=1, ts=1, x0=367082317
P2, tp=1, ts=1, x0=5126561
P1, tp=1, ts=1, x0=874465000, x1=604760530
P1, tp=1, ts=1, x0=990406599, x1=264315048
P0, tp=1, ts=1
P0, tp=1, ts=1
P3, tp=1, ts=1
P1, tp=1, ts=1, x0=706859224, x1=911223012
P1, tp=1, ts=1, x0=495100256, x1=5126561
P0, tp=1, ts=1
P3, tp=1, ts=1
P2, tp=1, ts=1, x0=952201501
P3, tp=1, ts=1
P1, tp=1, ts=1, x0=440579536, x1=926600845
P0, tp=1, ts=1
P2, tp=1, ts=1, x0=223745878
P2, tp=1, ts=1, x0=543446181
P0, tp=1, ts=1
P1, tp=1, ts=1, x0=648016028, x1=851873055
P0, tp=1, ts=1
P2, tp=1, ts=1, x0=952201501
P3, tp=1, ts=1
P0, tp=1, ts=1
P0, tp=1, ts=1
P1, tp=1, ts=1, x0=220454, x1=541053556
P3, tp=1, ts=1
P2, tp=1, ts=1, x0=307569336
P0, tp=1, ts=1
P3, tp=1, ts=1
P0, tp=1, ts=1
P1, tp=1, ts=1, x0=472805505, x1=539616166
P1, tp=1, ts=1, x0=167447574, x1=277349066
P2, tp=1, ts=1, x0=507529468
P0, tp=1, ts=1
P3, tp=1, ts=1
P0, tp=1, ts=1
P3, tp=1, ts=1
P0, tp=1, ts=1
P2, tp=1, ts=1, x0=440597854
P1, tp=1, ts=1, x0=541053556, x1=10932329
P3, tp=1, ts=1
P2, tp=1, ts=1, x0=442251970
P0, tp=1, ts=1
P3, tp=1, ts=1
P0, tp=1, ts=1
P0, tp=1, ts=1
P0, tp=1, ts=1
P1, tp=1, ts=1, x0=891823365, x1=39682413
P0, tp=1, ts=1
P0, tp=1, ts=1
P1, tp=1, ts=1, x0=539616166, x1=706859224
P3, tp=1, ts=1
P2, tp=1, ts=1, x0=39682413
P3, tp=1, ts=1
P2, tp=1, ts=1, x0=802859921
P2, tp=1, ts=1, x0=900919027
P0, tp=1, ts=1
P3, tp=1, ts=1
P3, tp=1, ts=1
P0, tp=1, ts=1
P3, tp=1, ts=1
P3, tp=1, ts=1
P0, tp=1, ts=1
P1, tp=1, ts=1, x0=34216644, x1=23766626
P2, tp=1, ts=1, x0=574663892
P2, tp=1, ts=1, x0=891823365
P0, tp=1, ts=1
P2, tp=1, ts=1, x0=220454
P2, tp=1, ts=1, x0=757769813
P3, tp=1, ts=1
P0, tp=1, ts=1
P2, tp=1, ts=1, x0=987663363
P0, tp=1, ts=1
P0, tp=1, ts=1
P2, tp=1, ts=1, x0=797379357
P1, tp=1, ts=1, x0=449527791, x1=926600845
P0, tp=1, ts=1
P3, tp=1, ts=1
P0, tp=1, ts=1
P3, tp=1, ts=1
P2, tp=1, ts=1, x0=39682413
P2, tp=1, ts=1, x0=449527791
P3, tp=1, ts=1
P1, tp=1, ts=1, x0=78592526, x1=344296220
P3, tp=1, ts=1
P2, tp=1, ts=1, x0=289743064
P0, tp=1, ts=1
P2, tp=1, ts=1, x0=442251970
P0, tp=1, ts=1
P1, tp=1, ts=1, x0=367736408, x1=604760530
P1, tp=1, ts=1, x0=987663363, x1=442251970
P1, tp=1, ts=1, x0=507529468, x1=223745878
P1, tp=1, ts=1, x0=367736408, x1=349100025
P2, tp=1, ts=1, x0=277349066
P2, tp=1, ts=1, x0=497306715
P2, tp=1, ts=1, x0=990406599
P3, tp=1, ts=1
P2, tp=1, ts=1, x0=592550046
P3, tp=1, ts=1
P3, tp=1, ts=1
P0, tp=1, ts=1
P2, tp=1, ts=1, x0=449527791
P3, tp=1, ts=1
P1, tp=1, ts=1, x0=220454, x1=536210395
P2, tp=1, ts=1, x0=448781608
P3, tp=1, ts=1
P1, tp=1, ts=1, x0=331266200, x1=167447574
P0, tp=1, ts=1
P1, tp=1, ts=1, x0=674995071, x1=987663363
P0, tp=1, ts=1
P2, tp=1, ts=1, x0=16487533
P2, tp=1, ts=1, x0=495100256
P3, tp=1, ts=1
P1, tp=1, ts=1, x0=111882559, x1=655358986
P3, tp=1, ts=1
P1, tp=1, ts=1, x0=448781608, x1=367082317
P0, tp=1, ts=1
P2, tp=1, ts=1, x0=606113143
P3, tp=1, ts=1
P3, tp=1, ts=1
P2, tp=1, ts=1, x0=231932094
P3, tp=1, ts=1
P2, tp=1, ts=1, x0=598148677
P2, tp=1, ts=1, x0=277349066
P3, tp=1, ts=1
P2, tp=1, ts=1, x0=793960407
P0, tp=1, ts=1
P2, tp=1, ts=1, x0=406644952
P2, tp=1, ts=1, x0=891823365
P1, tp=1, ts=1, x0=367736408, x1=629115626
P0, tp=1, ts=1
P1, tp=1, ts=1, x0=844775061, x1=377301598
P0, tp=1, ts=1
P0, tp=1, ts=1
P3, tp=1, ts=1
P1, tp=1, ts=1, x0=655358986, x1=789648494
P0, tp=1, ts=1
P2, tp=1, ts=1, x0=497306715
P1, tp=1, ts=1, x0=406644952, x1=357794322
P1, tp=1, ts=1, x0=77867102, x1=264315048
P3, tp=1, ts=1
P0, tp=1, ts=1
P1, tp=1, ts=1, x0=77867102, x1=3485024
P0, tp=1, ts=1
P1, tp=1, ts=1, x0=223745878, x1=658978454
P0, tp=1, ts=1
P3, tp=1, ts=1
P1, tp=1, ts=1, x0=139116991, x1=323383664
P2, tp=1, ts=1, x0=111882559
P2, tp=1, ts=1, x0=604760530
P0, tp=1, ts=1
P0, tp=1, ts=1
P3, tp=1, ts=1
P0, tp=1, ts=1
P0, tp=1, ts=1
P3, tp=1, ts=1
P1, tp=1, ts=1, x0=16487533, x1=432517481
P1, tp=1, ts=1, x0=844775061, x1=820372790
P3, tp=1, ts=1
P0, tp=1, ts=1
P0, tp=1, ts=1
P0, tp=1, ts=1
P3, tp=1, ts=1
P3, tp=1, ts=1
P0, tp=1, ts=1
P2, tp=1, ts=1, x0=539616166
P1, tp=1, ts=1, x0=493942240, x1=901589232
P0, tp=1, ts=1
P2, tp=1, ts=1, x0=181790834
P2, tp=1, ts=1, x0=647888196
P3, tp=1, ts=1
P2, tp=1, ts=1, x0=606113143
P0, tp=1, ts=1
P2, tp=1, ts=1, x0=577682907
P3, tp=1, ts=1
P3, tp=1, ts=1
P3, tp=1, ts=1
P2, tp=1, ts=1, x0=344296220
P0, tp=1, ts=1
P1, tp=1, ts=1, x0=13819891, x1=3485024
P2, tp=1, ts=1, x0=926600845
P2, tp=1, ts=1, x0=167447574
P2, tp=1, ts=1, x0=448781608
P1, tp=1, ts=1, x0=710125852, x1=369833068
P1, tp=1, ts=1, x0=308775951, x1=277349066
P1, tp=1, ts=1, x0=987663363, x1=141720055
P3, tp=1, ts=1
P1, tp=1, ts=1, x0=139116991, x1=13819891
P3, tp=1, ts=1
P0, tp=1, ts=1
P0, tp=1, ts=1
P3, tp=1, ts=1
P2, tp=1, ts=1, x0=606113143
P2, tp=1, ts=1, x0=598148677
P3, tp=1, ts=1
P1, tp=1, ts=1, x0=141720055, x1=440597854
P3, tp=1, ts=1
P0, tp=1, ts=1
P2, tp=1, ts=1, x0=465832210
P1, tp=1, ts=1, x0=990406599, x1=147725726
P3, tp=1, ts=1
P0, tp=1, ts=1
P3, tp=1, ts=1
P3, tp=1, ts=1
P0, tp=1, ts=1
P3, tp=1, ts=1
P1, tp=1, ts=1, x0=77867102, x1=23766626
P0, tp=1, ts=1
P0, tp=1, ts=1
P1, tp=1, ts=1, x0=540211513, x1=369833068
P1, tp=1, ts=1, x0=307569336, x1=819771110
P2, tp=1, ts=1, x0=953979760
P0, tp=1, ts=1
P0, tp=1, ts=1
P0, tp=1, ts=1
P3, tp=1, ts=1
P0, tp=1, ts=1
P0, tp=1, ts=1
P0, tp=1, ts=1
P0, tp=1, ts=1
P3, tp=1, ts=1
P3, tp=1, ts=1
P1, tp=1, ts=1, x0=793960407, x1=793960407
P1, tp=1, ts=1, x0=919358086, x1=516765512
P2, tp=1, ts=1, x0=968393584
P2, tp=1, ts=1, x0=689997423
P2, tp=1, ts=1, x0=516765512
P1, tp=1, ts=1, x0=819771110, x1=819771110
P1, tp=1, ts=1, x0=56996216, x1=231932094
P0, tp=1, ts=1
P1, tp=1, ts=1, x0=797379357, x1=890625569
P0, tp=1, ts=1
P3, tp=1, ts=1
P0, tp=1, ts=1
P3, tp=1, ts=1
P0, tp=1, ts=1
P3, tp=1, ts=1
P1, tp=1, ts=1, x0=367082317, x1=592550046
P2, tp=1, ts=1, x0=793960407
P1, tp=1, ts=1, x0=220454, x1=406644952
P2, tp=1, ts=1, x0=987663363
P0, tp=1, ts=1
P2, tp=1, ts=1, x0=953979760
P3, tp=1, ts=1
P3, tp=1, ts=1
P1, tp=1, ts=1, x0=315429654, x1=131550010
P3, tp=1, ts=1
P1, tp=1, ts=1, x0=473936628, x1=77867102
P2, tp=1, ts=1, x0=491488954
P0, tp=1, ts=1
P2, tp=1, ts=1, x0=357794322
P0, tp=1, ts=1
P3, tp=1, ts=1
P0, tp=1, ts=1
P0, tp=1, ts=1
P1, tp=1, ts=1, x0=549400089, x1=448781608
P3, tp=1, ts=1
P0, tp=1, ts=1
P0, tp=1, ts=1
P2, tp=1, ts=1, x0=491488954
P1, tp=1, ts=1, x0=629115626, x1=710125852
P2, tp=1, ts=1, x0=23499221
P1, tp=1, ts=1, x0=686787631, x1=97401002
P1, tp=1, ts=1, x0=349100025, x1=751734655
P0, tp=1, ts=1
P2, tp=1, ts=1, x0=491488954
P3, tp=1, ts=1
P0, tp=1, ts=1
P1, tp=1, ts=1, x0=647888196, x1=323383664
P2, tp=1, ts=1, x0=738312471
P0, tp=1, ts=1
P0, tp=1, ts=1
P3, tp=1, ts=1
P0, tp=1, ts=1
P0, tp=1, ts=1
P2, tp=1, ts=1, x0=473936628
P3, tp=1, ts=1
P0, tp=1, ts=1
P1, tp=1, ts=1, x0=231932094, x1=331266200
P0, tp=1, ts=1
P3, tp=1, ts=1
P3, tp=1, ts=1
P1, tp=1, ts=1, x0=23499221, x1=23499221
P2, tp=1, ts=1, x0=636105593
P3, tp=1, ts=1
P2, tp=1, ts=1, x0=655358986
P1, tp=1, ts=1, x0=616841478, x1=34216644
P3, tp=1, ts=1
P0, tp=1, ts=1
P2, tp=1, ts=1, x0=572594941
P0, tp=1, ts=1
P3, tp=1, ts=1
P3, tp=1, ts=1
P1, tp=1, ts=1, x0=23499221, x1=619094323
P2, tp=1, ts=1, x0=495100256
P1, tp=1, ts=1, x0=655358986, x1=448781608
P3, tp=1, ts=1
P2, tp=1, ts=1, x0=789648494
P1, tp=1, ts=1, x0=449527791, x1=659523069
P2, tp=1, ts=1, x0=797379357
P1, tp=1, ts=1, x0=891823365, x1=616841478
P2, tp=1, ts=1, x0=647888196
P0, tp=1, ts=1
P1, tp=1, ts=1, x0=574663892, x1=213970894
P0, tp=1, ts=1
P2, tp=1, ts=1, x0=323383664
P1, tp=1, ts=1, x0=357794322, x1=647888196
P2, tp=1, ts=1, x0=636105593
P0, tp=1, ts=1
P3, tp=1, ts=1
P0, tp=1, ts=1
P3, tp=1, ts=1
P3, tp=1, ts=1
P2, tp=1, ts=1, x0=577682907
P3, tp=1, ts=1
P1, tp=1, ts=1, x0=953979760, x1=167447574
P0, tp=1, ts=1
P3, tp=1, ts=1
P0, tp=1, ts=1
P1, tp=1, ts=1, x0=3485024, x1=367082317
P3, tp=1, ts=1
P2, tp=1, ts=1, x0=952201501
P0, tp=1, ts=1
P2, tp=1, ts=1, x0=16487533
P3, tp=1, ts=1
P0, tp=1, ts=1
P1, tp=1, ts=1, x0=78592526, x1=619094323
P0, tp=1, ts=1
P1, tp=1, ts=1, x0=56996216, x1=953979760
P3, tp=1, ts=1
P0, tp=1, ts=1
P3, tp=1, ts=1
P3, tp=1, ts=1
P1, tp=1, ts=1, x0=918172626, x1=499520769
P1, tp=1, ts=1, x0=167447574, x1=516765512
P3, tp=1, ts=1
P1, tp=1, ts=1, x0=987663363, x1=497306715
P1, tp=1, ts=1, x0=919358086, x1=290156642
P2, tp=1, ts=1, x0=13819891
P0, tp=1, ts=1
P3, tp=1, ts=1
P1, tp=1, ts=1, x0=789648494, x1=367082317
P1, tp=1, ts=1, x0=953979760, x1=39682413
P1, tp=1, ts=1, x0=977132019, x1=655358986
P2, tp=1, ts=1, x0=968393584
P0, tp=1, ts=1
P0, tp=1, ts=1
P1, tp=1, ts=1, x0=432517481, x1=432517481
P1, tp=1, ts=1, x0=289743064, x1=572594941
P0, tp=1, ts=1
P0, tp=1, ts=1
P2, tp=1, ts=1, x0=34216644
P2, tp=1, ts=1, x0=658978454
P2, tp=1, ts=1, x0=224093314
P0, tp=1, ts=1
P3, tp=1, ts=1
P2, tp=1, ts=1, x0=140657797
P2, tp=1, ts=1, x0=314982384
P1, tp=1, ts=1, x0=137992865, x1=77867102
P3, tp=1, ts=1
P1, tp=1, ts=1, x0=968393584, x1=604760530
P1, tp=1, ts=1, x0=953979760, x1=56996216
P3, tp=1, ts=1
P1, tp=1, ts=1, x0=540211513, x1=113318747
P2, tp=1, ts=1, x0=684603222
P0, tp=1, ts=1
P3, tp=1, ts=1
P2, tp=1, ts=1, x0=440579536
P3, tp=1, ts=1
P0, tp=1, ts=1
P2, tp=1, ts=1, x0=598148677
P0, tp=1, ts=1
P0, tp=1, ts=1
P1, tp=1, ts=1, x0=432517481, x1=440579536
P2, tp=1, ts=1, x0=13819891
P2, tp=1, ts=1, x0=369833068
P1, tp=1, ts=1, x0=137992865, x1=684603222
P3, tp=1, ts=1
P2, tp=1, ts=1, x0=34216644
P0, tp=1, ts=1
P1, tp=1, ts=1, x0=131550010, x1=598148677
P3, tp=1, ts=1
P3, tp=1, ts=1
P0, tp=1, ts=1
P0, tp=1, ts=1
P2, tp=1, ts=1, x0=131550010
P1, tp=1, ts=1, x0=449527791, x1=147725726
P0, tp=1, ts=1
P1, tp=1, ts=1, x0=147725726, x1=78592526
P1, tp=1, ts=1, x0=277349066, x1=331266200
P2, tp=1, ts=1, x0=289743064
P1, tp=1, ts=1, x0=516863565, x1=17208794
P3, tp=1, ts=1
P1, tp=1, ts=1, x0=481385687, x1=34216644
P1, tp=1, ts=1, x0=56996216, x1=674995071
P1, tp=1, ts=1, x0=658978454, x1=331266200
P3, tp=1, ts=1
P3, tp=1, ts=1
P0, tp=1, ts=1
P0, tp=1, ts=1
P3, tp=1, ts=1
P1, tp=1, ts=1, x0=147725726, x1=344296220
P1, tp=1, ts=1, x0=231932094, x1=472805505
P2, tp=1, ts=1, x0=16487533
P0, tp=1, ts=1
P2, tp=1, ts=1, x0=738312471
P0, tp=1, ts=1
P0, tp=1, ts=1
P2, tp=1, ts=1, x0=655358986
P1, tp=1, ts=1, x0=465832210, x1=616841478
P0, tp=1, ts=1
P0, tp=1, ts=1
P2, tp=1, ts=1, x0=315429654
P1, tp=1, ts=1, x0=619094323, x1=465832210
P1, tp=1, ts=1, x0=495100256, x1=689997423
P0, tp=1, ts=1
P0, tp=1, ts=1
P1, tp=1, ts=1, x0=789648494, x1=636105593
P2, tp=1, ts=1, x0=315429654
P2, tp=1, ts=1, x0=315429654
P1, tp=1, ts=1, x0=836524570, x1=604760530
P2, tp=1, ts=1, x0=231932094
P2, tp=1, ts=1, x0=319143138
P0, tp=1, ts=1
P0, tp=1, ts=1
P3, tp=1, ts=1
P2, tp=1, ts=1, x0=516765512
P1, tp=1, ts=1, x0=74129238, x1=94191527
P2, tp=1, ts=1, x0=836524570
P3, tp=1, ts=1
P3, tp=1, ts=1
P0, tp=1, ts=1
P3, tp=1, ts=1
P2, tp=1, ts=1, x0=797379357
P2, tp=1, ts=1, x0=314982384
P2, tp=1, ts=1, x0=990406599
P1, tp=1, ts=1, x0=3485024, x1=440579536
P3, tp=1, ts=1
P0, tp=1, ts=1
P1, tp=1, ts=1, x0=738312471, x1=140657797
P0, tp=1, ts=1
P1, tp=1, ts=1, x0=919358086, x1=432517481
P2, tp=1, ts=1, x0=953979760
P3, tp=1, ts=1
P1, tp=1, ts=1, x0=953979760, x1=789648494
P0, tp=1, ts=1
P2, tp=1, ts=1, x0=968393584
P2, tp=1, ts=1, x0=111882559
P0, tp=1, ts=1
P3, tp=1, ts=1
P0, tp=1, ts=1
P3, tp=1, ts=1
P0, tp=1, ts=1
P2, tp=1, ts=1, x0=507529468
P0, tp=1, ts=1
P3, tp=1, ts=1
P3, tp=1, ts=1
P1, tp=1, ts=1, x0=323383664, x1=549400089
P2, tp=1, ts=1, x0=344296220
P2, tp=1, ts=1, x0=851873055
P1, tp=1, ts=1, x0=539616166, x1=977132019
P3, tp=1, ts=1
P3, tp=1, ts=1
P3, tp=1, ts=1
P0, tp=1, ts=1
P2, tp=1, ts=1, x0=449527791
P1, tp=1, ts=1, x0=926600845, x1=554701366
P2, tp=1, ts=1, x0=577682907
P1, tp=1, ts=1, x0=140657797, x1=684603222
P1, tp=1, ts=1, x0=440579536, x1=700653903
P1, tp=1, ts=1, x0=213970894, x1=900919027
P2, tp=1, ts=1, x0=137992865
P2, tp=1, ts=1, x0=368303704
P2, tp=1, ts=1, x0=78592526
P3, tp=1, ts=1
P3, tp=1, ts=1
P3, tp=1, ts=1
P3, tp=1, ts=1
P0, tp=1, ts=1
P1, tp=1, ts=1, x0=472805505, x1=213970894
P1, tp=1, ts=1, x0=674995071, x1=131550010
P0, tp=1, ts=1
P1, tp=1, ts=1, x0=319143138, x1=314982384
P1, tp=1, ts=1, x0=465832210, x1=782747705
P0, tp=1, ts=1
P2, tp=1, ts=1, x0=689997423
P0, tp=1, ts=1
P0, tp=1, ts=1
P2, tp=1, ts=1, x0=911223012
P1, tp=1, ts=1, x0=911223012, x1=891823365
P1, tp=1, ts=1, x0=804290433, x1=655924144
P0, tp=1, ts=1
P2, tp=1, ts=1, x0=77867102
P2, tp=1, ts=1, x0=900919027
P0, tp=1, ts=1
P2, tp=1, ts=1, x0=900919027
P3, tp=1, ts=1
P1, tp=1, ts=1, x0=598148677, x1=289743064
P2, tp=1, ts=1, x0=804290433
P0, tp=1, ts=1
P0, tp=1, ts=1
P0, tp=1, ts=1
P0, tp=1, ts=1
P2, tp=1, ts=1, x0=277349066
P1, tp=1, ts=1, x0=440597854, x1=900919027
P0, tp=1, ts=1
P0, tp=1, ts=1
P3, tp=1, ts=1
P0, tp=1, ts=1
P0, tp=1, ts=1
P1, tp=1, ts=1, x0=315429654, x1=499520769
P3, tp=1, ts=1
P1, tp=1, ts=1, x0=604760530, x1=17208794
P3, tp=1, ts=1
P0, tp=1, ts=1
P2, tp=1, ts=1, x0=655358986
P3, tp=1, ts=1
P0, tp=1, ts=1
P3, tp=1, ts=1
P0, tp=1, ts=1
P3, tp=1, ts=1
P1, tp=1, ts=1, x0=231932094, x1=82975439
P2, tp=1, ts=1, x0=357794322
P1, tp=1, ts=1, x0=574663892, x1=82975439
P3, tp=1, ts=1
P2, tp=1, ts=1, x0=926600845
P3, tp=1, ts=1
P1, tp=1, ts=1, x0=289743064, x1=137992865
P0, tp=1, ts=1
P3, tp=1, ts=1
P2, tp=1, ts=1, x0=94191527
P1, tp=1, ts=1, x0=207965030, x1=919358086
P3, tp=1, ts=1
P1, tp=1, ts=1, x0=448781608, x1=131550010
P0, tp=1, ts=1
P2, tp=1, ts=1, x0=331266200
P1, tp=1, ts=1, x0=953979760, x1=789648494
P1, tp=1, ts=1, x0=224093314, x1=577682907
P3, tp=1, ts=1
P0, tp=1, ts=1
P0, tp=1, ts=1
P2, tp=1, ts=1, x0=911223012
P1, tp=1, ts=1, x0=549400089, x1=23499221
P2, tp=1, ts=1, x0=34216644
P3, tp=1, ts=1
P1, tp=1, ts=1, x0=507529468, x1=554701366
P2, tp=1, ts=1, x0=593991400
P2, tp=1, ts=1, x0=314982384
P3, tp=1, ts=1
P3, tp=1, ts=1
P3, tp=1, ts=1
P1, tp=1, ts=1, x0=577682907, x1=131550010
P1, tp=1, ts=1, x0=516765512, x1=440579536
P3, tp=1, ts=1
P0, tp=1, ts=1
P1, tp=1, ts=1, x0=990406599, x1=990406599
P1, tp=1, ts=1, x0=911223012, x1=802859921
P0, tp=1, ts=1
P2, tp=1, ts=1, x0=574663892
P0, tp=1, ts=1
P3, tp=1, ts=1
P1, tp=1, ts=1, x0=432517481, x1=207965030
P0, tp=1, ts=1
P3, tp=1, ts=1
P2, tp=1, ts=1, x0=579244397
P0, tp=1, ts=1
P3, tp=1, ts=1
P0, tp=1, ts=1
P1, tp=1, ts=1, x0=494963617, x1=3485024
P3, tp=1, ts=1
P1, tp=1, ts=1, x0=507529468, x1=714681178
P3, tp=1, ts=1
P0, tp=1, ts=1
P0, tp=1, ts=1
P1, tp=1, ts=1, x0=369833068, x1=319143138
P3, tp=1, ts=1
P2, tp=1, ts=1, x0=802859921
P2, tp=1, ts=1, x0=891823365
P3, tp=1, ts=1
P0, tp=1, ts=1
P1, tp=1, ts=1, x0=220454, x1=14917224
P3, tp=1, ts=1
P1, tp=1, ts=1, x0=554701366, x1=440597854
P1, tp=1, ts=1, x0=473936628, x1=131550010
P0, tp=1, ts=1
P3, tp=1, ts=1
P0, tp=1, ts=1
P1, tp=1, ts=1, x0=507529468, x1=714681178
P1, tp=1, ts=1, x0=688675544, x1=349100025
P3, tp=1, ts=1
P2, tp=1, ts=1, x0=819771110
P3, tp=1, ts=1
P2, tp=1, ts=1, x0=147725726
P3, tp=1, ts=1
P3, tp=1, ts=1
P3, tp=1, ts=1
P2, tp=1, ts=1, x0=393040144
P2, tp=1, ts=1, x0=911223012
P1, tp=1, ts=1, x0=229332431, x1=700653903
P0, tp=1, ts=1
P3, tp=1, ts=1
P0, tp=1, ts=1
P2, tp=1, ts=1, x0=315429654
P1, tp=1, ts=1, x0=819771110, x1=435941031
P2, tp=1, ts=1, x0=900919027
P1, tp=1, ts=1, x0=354985508, x1=705587761
P1, tp=1, ts=1, x0=918172626, x1=953979760
P0, tp=1, ts=1
P2, tp=1, ts=1, x0=354985508
P2, tp=1, ts=1, x0=314982384
P2, tp=1, ts=1, x0=357794322
P3, tp=1, ts=1
P1, tp=1, ts=1, x0=554701366, x1=499520769
P3, tp=1, ts=1
P1, tp=1, ts=1, x0=349100025, x1=579244397
P0, tp=1, ts=1
P1, tp=1, ts=1, x0=354985508, x1=97401002
P0, tp=1, ts=1
P2, tp=1, ts=1, x0=308775951
P1, tp=1, ts=1, x0=782747705, x1=34216644
P2, tp=1, ts=1, x0=793960407
P1, tp=1, ts=1, x0=447033727, x1=290156642
P0, tp=1, ts=1
P1, tp=1, ts=1, x0=891823365, x1=23499221
P3, tp=1, ts=1
P1, tp=1, ts=1, x0=147725726, x1=137992865
P3, tp=1, ts=1
P2, tp=2, ts=2, x0=318692866
P0, tp=2, ts=2
P2, tp=2, ts=2, x0=318692866
P3, tp=2, ts=2
P1, tp=2, ts=2, x0=354985508, x1=497306715
P0, tp=2, ts=2
P1, tp=2, ts=2, x0=14917224, x1=539616166
P2, tp=2, ts=2, x0=554701366
P3, tp=2, ts=2
P0, tp=2, ts=2
P1, tp=2, ts=2, x0=308775951, x1=874465000
P1, tp=2, ts=2, x0=3485024, x1=393040144
P2, tp=2, ts=2, x0=82975439
P3, tp=2, ts=2
P3, tp=2, ts=2
P0, tp=2, ts=2
P3, tp=2, ts=2
P2, tp=2, ts=2, x0=16487533
P0, tp=2, ts=2
P2, tp=2, ts=2, x0=277349066
P0, tp=2, ts=2
P1, tp=2, ts=2, x0=516765512, x1=926600845
P2, tp=2, ts=2, x0=874465000
P0, tp=2, ts=2
P0, tp=2, ts=2
P1, tp=2, ts=2, x0=369833068, x1=789648494
P3, tp=2, ts=2
P0, tp=2, ts=2
P2, tp=2, ts=2, x0=636105593
P3, tp=2, ts=2
P0, tp=2, ts=2
P1, tp=2, ts=2, x0=688675544, x1=213970894
P2, tp=2, ts=2, x0=802859921
P3, tp=2, ts=2
P0, tp=2, ts=2
P0, tp=2, ts=2
P1, tp=2, ts=2, x0=220454, x1=789648494
P0, tp=2, ts=2
P3, tp=2, ts=2
P1, tp=2, ts=2, x0=953979760, x1=14917224
P3, tp=2, ts=2
P1, tp=2, ts=2, x0=554701366, x1=34216644
P2, tp=2, ts=2, x0=516765512
P0, tp=2, ts=2
P3, tp=2, ts=2
P1, tp=2, ts=2, x0=223745878, x1=13819891
P3, tp=2, ts=2
P1, tp=2, ts=2, x0=16487533, x1=473936628
P2, tp=2, ts=2, x0=393040144
P3, tp=2, ts=2
P0, tp=2, ts=2
P1, tp=2, ts=2, x0=354985508, x1=448781608
P2, tp=2, ts=2, x0=448781608
P0, tp=2, ts=2
P2, tp=2, ts=2, x0=181790834
P0, tp=2, ts=2
P0, tp=2, ts=2
P2, tp=2, ts=2, x0=56996216
P2, tp=2, ts=2, x0=448781608
P0, tp=2, ts=2
P0, tp=2, ts=2
P1, tp=2, ts=2, x0=977132019, x1=700653903
P1, tp=2, ts=2, x0=367082317, x1=315429654
P0, tp=2, ts=2
P0, tp=2, ts=2
P2, tp=2, ts=2, x0=17208794
P3, tp=2, ts=2
P3, tp=2, ts=2
P0, tp=2, ts=2
P1, tp=2, ts=2, x0=493942240, x1=782747705
P2, tp=2, ts=2, x0=207965030
P1, tp=2, ts=2, x0=354985508, x1=540211513
P0, tp=2, ts=2
P2, tp=2, ts=2, x0=714681178
P3, tp=2, ts=2
P3, tp=2, ts=2
P2, tp=2, ts=2, x0=655924144
P3, tp=2, ts=2
P1, tp=2, ts=2, x0=598148677, x1=440579536
P3, tp=2, ts=2
P2, tp=2, ts=2, x0=689997423
P3, tp=2, ts=2
P0, tp=2, ts=2
P3, tp=2, ts=2
P2, tp=2, ts=2, x0=473936628
P0, tp=2, ts=2
P1, tp=2, ts=2, x0=911223012, x1=23499221
P2, tp=2, ts=2, x0=94797035
P1, tp=2, ts=2, x0=34216644, x1=34216644
P0, tp=2, ts=2
P2, tp=2, ts=2, x0=357794322
P1, tp=2, ts=2, x0=13819891, x1=369833068
P1, tp=2, ts=2, x0=368303704, x1=977132019
P2, tp=2, ts=2, x0=406644952
P3, tp=2, ts=2
P2, tp=2, ts=2, x0=499520769
P1, tp=2, ts=2, x0=137992865, x1=289743064
P1, tp=2, ts=2, x0=440579536, x1=289743064
P2, tp=2, ts=2, x0=224093314
P3, tp=2, ts=2
P1, tp=2, ts=2, x0=354985508, x1=574663892
P0, tp=2, ts=2
P2, tp=2, ts=2, x0=368303704
P3, tp=2, ts=2
P1, tp=2, ts=2, x0=331266200, x1=919358086
P3, tp=2, ts=2
P0, tp=2, ts=2
P0, tp=2, ts=2
P3, tp=2, ts=2
P0, tp=2, ts=2
P0, tp=2, ts=2
P2, tp=2, ts=2, x0=304424824
P0, tp=2, ts=2
P2, tp=2, ts=2, x0=354985508
P3, tp=2, ts=2
P1, tp=2, ts=2, x0=82975439, x1=393040144
P3, tp=2, ts=2
P3, tp=2, ts=2
P0, tp=2, ts=2
P1, tp=2, ts=2, x0=310706839, x1=440579536
P2, tp=2, ts=2, x0=207965030
P1, tp=2, ts=2, x0=540211513, x1=393040144
P2, tp=2, ts=2, x0=424235885
P0, tp=2, ts=2
P0, tp=2, ts=2
P3, tp=2, ts=2
P2, tp=2, ts=2, x0=299037955
P3, tp=2, ts=2
P1, tp=2, ts=2, x0=655924144, x1=56996216
P3, tp=2, ts=2
P1, tp=2, ts=2, x0=23499221, x1=919358086
P2, tp=2, ts=2, x0=793960407
P1, tp=2, ts=2, x0=207965030, x1=700653903
P3, tp=2, ts=2
P0, tp=2, ts=2
P3, tp=2, ts=2
P0, tp=2, ts=2
P1, tp=2, ts=2, x0=516765512, x1=700653903
P0, tp=2, ts=2
P3, tp=2, ts=2
P2, tp=2, ts=2, x0=579244397
P3, tp=2, ts=2
P2, tp=2, ts=2, x0=613671267
P3, tp=2, ts=2
P2, tp=2, ts=2, x0=539616166
P3, tp=2, ts=2
P0, tp=2, ts=2
P1, tp=2, ts=2, x0=137992865, x1=518614260
P3, tp=2, ts=2
P3, tp=2, ts=2
P2, tp=2, ts=2, x0=289743064
P1, tp=2, ts=2, x0=299037955, x1=13819891
P1, tp=2, ts=2, x0=17208794, x1=968393584
P2, tp=2, ts=2, x0=140657797
P3, tp=2, ts=2
P1, tp=2, ts=2, x0=16487533, x1=655924144
P0, tp=2, ts=2
P1, tp=2, ts=2, x0=891823365, x1=540211513
P2, tp=2, ts=2, x0=82975439
P0, tp=2, ts=2
P3, tp=2, ts=2
P2, tp=2, ts=2, x0=655924144
P2, tp=2, ts=2, x0=782747705
P3, tp=2, ts=2
P2, tp=2, ts=2, x0=700653903
P3, tp=2, ts=2
P3, tp=2, ts=2
P1, tp=2, ts=2, x0=844358578, x1=349100025
P2, tp=2, ts=2, x0=990406599
P3, tp=2, ts=2
P0, tp=2, ts=2
P0, tp=2, ts=2
P0, tp=2, ts=2
P0, tp=2, ts=2
P0, tp=2, ts=2
P2, tp=2, ts=2, x0=181790834
P3, tp=2, ts=2
P0, tp=2, ts=2
P1, tp=2, ts=2, x0=714681178, x1=82975439
P1, tp=2, ts=2, x0=17208794, x1=3485024
P3, tp=2, ts=2
P2, tp=2, ts=2, x0=874465000
P1, tp=2, ts=2, x0=804290433, x1=290156642
P0, tp=2, ts=2
P0, tp=2, ts=2
P1, tp=2, ts=2, x0=354985508, x1=277349066
P3, tp=2, ts=2
P3, tp=2, ts=2
P2, tp=2, ts=2, x0=220454
P1, tp=2, ts=2, x0=804290433, x1=56996216
P1, tp=2, ts=2, x0=579244397, x1=836524570
P2, tp=2, ts=2, x0=308775951
P2, tp=2, ts=2, x0=918172626
P3, tp=2, ts=2
P0, tp=2, ts=2
P3, tp=2, ts=2
P0, tp=2, ts=2
P3, tp=2, ts=2
P2, tp=2, ts=2, x0=447033727
P0, tp=2, ts=2
P2, tp=2, ts=2, x0=874465000
P1, tp=2, ts=2, x0=782645084, x1=277349066
P3, tp=2, ts=2
P0, tp=2, ts=2
P2, tp=2, ts=2, x0=94191527
P2, tp=2, ts=2, x0=357794322
P3, tp=2, ts=2
P1, tp=2, ts=2, x0=516765512, x1=554701366
P2, tp=2, ts=2, x0=357794322
P3, tp=2, ts=2
P0, tp=2, ts=2
P3, tp=2, ts=2
P3, tp=2, ts=2
P0, tp=2, ts=2
P1, tp=2, ts=2, x0=94191527, x1=140657797
P2, tp=2, ts=2, x0=674995071
P1, tp=2, ts=2, x0=290156642, x1=491488954
P1, tp=2, ts=2, x0=822425566, x1=308775951
P1, tp=2, ts=2, x0=34216644, x1=97401002
P0, tp=2, ts=2
P0, tp=2, ts=2
P3, tp=2, ts=2
P0, tp=2, ts=2
P2, tp=2, ts=2, x0=440597854
P2, tp=2, ts=2, x0=674995071
P0, tp=2, ts=2
P3, tp=2, ts=2
P0, tp=2, ts=2
P1, tp=2, ts=2, x0=977132019, x1=224093314
P3, tp=2, ts=2
P3, tp=2, ts=2
P3, tp=2, ts=2
P0, tp=2, ts=2
P0, tp=2, ts=2
P1, tp=2, ts=2, x0=349100025, x1=113318747
P0, tp=2, ts=2
P1, tp=2, ts=2, x0=367082317, x1=579244397
P0, tp=2, ts=2
P0, tp=2, ts=2
P1, tp=2, ts=2, x0=465832210, x1=406644952
P0, tp=2, ts=2
P2, tp=2, ts=2, x0=369833068
P1, tp=2, ts=2, x0=393040144, x1=499520769
P2, tp=2, ts=2, x0=231932094
P1, tp=2, ts=2, x0=349100025, x1=367082317
P3, tp=2, ts=2
P1, tp=2, ts=2, x0=481385687, x1=816192593
P1, tp=2, ts=2, x0=310706839, x1=314982384
P2, tp=2, ts=2, x0=17208794
P3, tp=2, ts=2
P2, tp=2, ts=2, x0=440579536
P2, tp=2, ts=2, x0=447033727
P0, tp=2, ts=2
P1, tp=2, ts=2, x0=435941031, x1=700653903
P3, tp=2, ts=2
P1, tp=2, ts=2, x0=977132019, x1=299037955
P1, tp=2, ts=2, x0=919358086, x1=357794322
P0, tp=2, ts=2
P2, tp=2, ts=2, x0=73096920
P1, tp=2, ts=2, x0=900919027, x1=73096920
P2, tp=2, ts=2, x0=465832210
P0, tp=2, ts=2
P1, tp=2, ts=2, x0=331266200, x1=918172626
P3, tp=2, ts=2
P0, tp=2, ts=2
P2, tp=2, ts=2, x0=977132019
P2, tp=2, ts=2, x0=315429654
P2, tp=2, ts=2, x0=481385687
P3, tp=2, ts=2
P3, tp=2, ts=2
P1, tp=2, ts=2, x0=207965030, x1=540211513
P2, tp=2, ts=2, x0=14917224
P0, tp=2, ts=2
P3, tp=2, ts=2
P3, tp=2, ts=2
P0, tp=2, ts=2
P2, tp=2, ts=2, x0=554701366
P0, tp=2, ts=2
P1, tp=2, ts=2, x0=822425566, x1=56996216
P0, tp=2, ts=2
P2, tp=2, ts=2, x0=990406599
P3, tp=2, ts=2
P2, tp=2, ts=2, x0=289743064
P2, tp=2, ts=2, x0=315429654
P2, tp=2, ts=2, x0=801579932
P3, tp=2, ts=2
P1, tp=2, ts=2, x0=223745878, x1=393040144
P3, tp=2, ts=2
P2, tp=2, ts=2, x0=23499221
P1, tp=2, ts=2, x0=891823365, x1=579244397
P2, tp=2, ts=2, x0=674995071
P2, tp=2, ts=2, x0=277349066
P2, tp=2, ts=2, x0=540211513
P1, tp=2, ts=2, x0=465832210, x1=14917224
P0, tp=2, ts=2
P3, tp=2, ts=2
P1, tp=2, ts=2, x0=499520769, x1=97401002
P0, tp=2, ts=2
P2, tp=2, ts=2, x0=448781608
P1, tp=2, ts=2, x0=367082317, x1=242232605
P2, tp=2, ts=2, x0=354985508
P3, tp=2, ts=2
P2, tp=2, ts=2, x0=844358578
P2, tp=2, ts=2, x0=319143138
P0, tp=2, ts=2
P0, tp=2, ts=2
P0, tp=2, ts=2
P1, tp=2, ts=2, x0=593991400, x1=3485024
P3, tp=2, ts=2
P3, tp=2, ts=2
P0, tp=2, ts=2
P0, tp=2, ts=2
P1, tp=2, ts=2, x0=17208794, x1=308775951
P1, tp=2, ts=2, x0=290156642, x1=953979760
P3, tp=2, ts=2
P2, tp=2, ts=2, x0=289743064
P0, tp=2, ts=2
P2, tp=2, ts=2, x0=497306715
P2, tp=2, ts=2, x0=518614260
P2, tp=2, ts=2, x0=73096920
P3, tp=2, ts=2
P3, tp=2, ts=2
P2, tp=2, ts=2, x0=308775951
P1, tp=2, ts=2, x0=323383664, x1=315429654
P3, tp=2, ts=2
P3, tp=2, ts=2
P2, tp=2, ts=2, x0=97401002
P0, tp=2, ts=2
P3, tp=2, ts=2
P0, tp=2, ts=2
P1, tp=2, ts=2, x0=220454, x1=750970743
P3, tp=2, ts=2
P0, tp=2, ts=2
P2, tp=2, ts=2, x0=447033727
P2, tp=2, ts=2, x0=448781608
P3, tp=2, ts=2
P1, tp=2, ts=2, x0=319143138, x1=375036726
P3, tp=2, ts=2
P1, tp=2, ts=2, x0=554701366, x1=213970894
P3, tp=2, ts=2
P3, tp=2, ts=2
P3, tp=2, ts=2
P0, tp=2, ts=2
P2, tp=2, ts=2, x0=684864064
P1, tp=2, ts=2, x0=684603222, x1=213970894
P1, tp=2, ts=2, x0=140657797, x1=953979760
P3, tp=2, ts=2
P3, tp=2, ts=2
P3, tp=2, ts=2
P2, tp=2, ts=2, x0=473936628
P3, tp=2, ts=2
P1, tp=2, ts=2, x0=393040144, x1=876487336
P3, tp=2, ts=2
P1, tp=2, ts=2, x0=953979760, x1=97401002
P0, tp=2, ts=2
P3, tp=2, ts=2
P2, tp=2, ts=2, x0=242232605
P0, tp=2, ts=2
P2, tp=2, ts=2, x0=213970894
P0, tp=2, ts=2
P3, tp=2, ts=2
P0, tp=2, ts=2
P2, tp=2, ts=2, x0=926600845
P3, tp=2, ts=2
P2, tp=2, ts=2, x0=82975439
P2, tp=2, ts=2, x0=424235885
P0, tp=2, ts=2
P0, tp=2, ts=2
P1, tp=2, ts=2, x0=56996216, x1=357794322
P2, tp=2, ts=2, x0=94797035
P0, tp=2, ts=2
P2, tp=2, ts=2, x0=844358578
P3, tp=2, ts=2
P1, tp=2, ts=2, x0=140657797, x1=133795120
P0, tp=2, ts=2
P0, tp=2, ts=2
P1, tp=2, ts=2, x0=290156642, x1=300874371
P1, tp=2, ts=2, x0=94797035, x1=499520769
P0, tp=2, ts=2
P2, tp=2, ts=2, x0=94191527
P3, tp=2, ts=2
P0, tp=2, ts=2
P1, tp=2, ts=2, x0=499520769, x1=497306715
P0, tp=2, ts=2
P0, tp=2, ts=2
P3, tp=2, ts=2
P1, tp=2, ts=2, x0=448781608, x1=367082317
P0, tp=2, ts=2
P1, tp=2, ts=2, x0=688675544, x1=591324785
P2, tp=2, ts=2, x0=229332431
P3, tp=2, ts=2
P3, tp=2, ts=2
P1, tp=2, ts=2, x0=300874371, x1=801579932
P0, tp=2, ts=2
P3, tp=2, ts=2
P1, tp=2, ts=2, x0=844358578, x1=73096920
P0, tp=2, ts=2
P3, tp=2, ts=2
P1, tp=2, ts=2, x0=932777661, x1=919358086
P1, tp=2, ts=2, x0=299037955, x1=113318747
P2, tp=2, ts=2, x0=56996216
P3, tp=2, ts=2
P3, tp=2, ts=2
P3, tp=2, ts=2
P3, tp=2, ts=2
P0, tp=2, ts=2
P0, tp=2, ts=2
P1, tp=2, ts=2, x0=473936628, x1=23499221
P3, tp=2, ts=2
P2, tp=2, ts=2, x0=357794322
P3, tp=2, ts=2
P3, tp=2, ts=2
P3, tp=2, ts=2
P3, tp=2, ts=2
P3, tp=2, ts=2
P2, tp=2, ts=2, x0=674995071
P2, tp=2, ts=2, x0=876487336
P1, tp=2, ts=2, x0=290156642, x1=425279847
P3, tp=2, ts=2
P1, tp=2, ts=2, x0=308775951, x1=13819891
P0, tp=2, ts=2
P0, tp=2, ts=2
P1, tp=2, ts=2, x0=802859921, x1=554701366
P1, tp=2, ts=2, x0=705587761, x1=299037955
P2, tp=2, ts=2, x0=447033727
P0, tp=2, ts=2
P3, tp=2, ts=2
P2, tp=2, ts=2, x0=56996216
P0, tp=2, ts=2
P2, tp=2, ts=2, x0=375036726
P3, tp=2, ts=2
P0, tp=2, ts=2
P1, tp=2, ts=2, x0=300874371, x1=318692866
P3, tp=2, ts=2
P0, tp=2, ts=2
P3, tp=2, ts=2
P2, tp=2, ts=2, x0=822425566
P2, tp=2, ts=2, x0=684603222
P3, tp=2, ts=2
P2, tp=2, ts=2, x0=593991400
P1, tp=2, ts=2, x0=465832210, x1=229332431
P0, tp=2, ts=2
P3, tp=2, ts=2
P1, tp=2, ts=2, x0=435941031, x1=140657797
P0, tp=2, ts=2
P2, tp=2, ts=2, x0=494963617
P1, tp=2, ts=2, x0=310706839, x1=314982384
P3, tp=2, ts=2
P3, tp=2, ts=2
P3, tp=2, ts=2
P3, tp=2, ts=2
P0, tp=2, ts=2
P3, tp=2, ts=2
P2, tp=2, ts=2, x0=750970743
P2, tp=2, ts=2, x0=844358578
P0, tp=2, ts=2
P1, tp=2, ts=2, x0=425279847, x1=447033727
P2, tp=2, ts=2, x0=827064897
P3, tp=2, ts=2
P2, tp=2, ts=2, x0=953979760
P1, tp=2, ts=2, x0=472517426, x1=314982384
P0, tp=2, ts=2
P2, tp=2, ts=2, x0=82975439
P3, tp=2, ts=2
P1, tp=2, ts=2, x0=804290433, x1=511362766
P2, tp=2, ts=2, x0=56996216
P1, tp=2, ts=2, x0=14917224, x1=555530616
P2, tp=2, ts=2, x0=499520769
P2, tp=2, ts=2, x0=299037955
P0, tp=2, ts=2
P2, tp=2, ts=2, x0=782645084
P0, tp=2, ts=2
P0, tp=2, ts=2
P0, tp=2, ts=2
P0, tp=2, ts=2
P1, tp=2, ts=2, x0=290156642, x1=94191527
P3, tp=2, ts=2
P0, tp=2, ts=2
P1, tp=2, ts=2, x0=440579536, x1=499520769
P0, tp=2, ts=2
P3, tp=2, ts=2
P2, tp=2, ts=2, x0=822425566
P1, tp=2, ts=2, x0=308775951, x1=435941031
P2, tp=2, ts=2, x0=300874371
P0, tp=2, ts=2
P3, tp=2, ts=2
P1, tp=2, ts=2, x0=900919027, x1=277349066
P3, tp=2, ts=2
P1, tp=2, ts=2, x0=802859921, x1=43353433
P1, tp=2, ts=2, x0=440597854, x1=932777661
P3, tp=2, ts=2
P1, tp=2, ts=2, x0=289743064, x1=13819891
P1, tp=2, ts=2, x0=94191527, x1=516765512
P1, tp=2, ts=2, x0=34216644, x1=299037955
P0, tp=2, ts=2
P0, tp=2, ts=2
P3, tp=2, ts=2
P2, tp=2, ts=2, x0=287513944
P1, tp=2, ts=2, x0=315429654, x1=359782881
P3, tp=2, ts=2
P1, tp=2, ts=2, x0=554701366, x1=655358986
P2, tp=2, ts=2, x0=540211513
P1, tp=2, ts=2, x0=714681178, x1=43353433
P2, tp=2, ts=2, x0=827064897
P0, tp=2, ts=2
P2, tp=2, ts=2, x0=700653903
P1, tp=2, ts=2, x0=655358986, x1=926600845
P2, tp=2, ts=2, x0=43353433
P0, tp=2, ts=2
P2, tp=2, ts=2, x0=977132019
P3, tp=2, ts=2
P0, tp=2, ts=2
P1, tp=2, ts=2, x0=647888196, x1=977132019
P1, tp=2, ts=2, x0=440579536, x1=714681178
P2, tp=2, ts=2, x0=593991400
P1, tp=2, ts=2, x0=518614260, x1=207965030
P2, tp=2, ts=2, x0=818013939
P2, tp=2, ts=2, x0=447033727
P0, tp=2, ts=2
P1, tp=2, ts=2, x0=655358986, x1=613671267
P3, tp=2, ts=2
P0, tp=2, ts=2
P2, tp=2, ts=2, x0=900919027
P3, tp=2, ts=2
P3, tp=2, ts=2
P3, tp=2, ts=2
P1, tp=2, ts=2, x0=684603222, x1=801579932
P3, tp=2, ts=2
P1, tp=2, ts=2, x0=827064897, x1=636105593
P2, tp=2, ts=2, x0=827064897
P3, tp=2, ts=2
P1, tp=2, ts=2, x0=43353433, x1=497306715
P3, tp=2, ts=2
P3, tp=2, ts=2
P1, tp=2, ts=2, x0=518614260, x1=948624636
P1, tp=2, ts=2, x0=493942240, x1=17208794
P0, tp=2, ts=2
P1, tp=2, ts=2, x0=518614260, x1=448781608
P1, tp=2, ts=2, x0=435941031, x1=636105593
P3, tp=2, ts=2
P1, tp=2, ts=2, x0=359782881, x1=359782881
P1, tp=2, ts=2, x0=443552734, x1=448781608
P2, tp=2, ts=2, x0=17781403
P1, tp=2, ts=2, x0=948624636, x1=472517426
P1, tp=2, ts=2, x0=574663892, x1=844358578
P2, tp=2, ts=2, x0=684603222
P2, tp=2, ts=2, x0=827064897
P2, tp=2, ts=2, x0=953979760
P1, tp=2, ts=2, x0=511362766, x1=465832210
P2, tp=2, ts=2, x0=655358986
P1, tp=2, ts=2, x0=440597854, x1=393040144
P2, tp=2, ts=2, x0=440579536
P1, tp=2, ts=2, x0=932777661, x1=977132019
P0, tp=2, ts=2
P1, tp=2, ts=2, x0=836767585, x1=473936628
P3, tp=2, ts=2
P3, tp=2, ts=2
P1, tp=2, ts=2, x0=304424824, x1=58472454
P3, tp=2, ts=2
P2, tp=2, ts=2, x0=801579932
P3, tp=2, ts=2
P3, tp=2, ts=2
P0, tp=2, ts=2
P3, tp=2, ts=2
P2, tp=2, ts=2, x0=448781608
P0, tp=2, ts=2
P2, tp=2, ts=2, x0=554701366
P2, tp=2, ts=2, x0=223745878
P1, tp=2, ts=2, x0=290156642, x1=43353433
P2, tp=2, ts=2, x0=368303704
P0, tp=2, ts=2
P1, tp=2, ts=2, x0=750970743, x1=308775951
P3, tp=2, ts=2
P0, tp=2, ts=2
P2, tp=2, ts=2, x0=300874371
P1, tp=2, ts=2, x0=700653903, x1=684603222
P1, tp=2, ts=2, x0=499520769, x1=77867102
P0, tp=2, ts=2
P3, tp=2, ts=2
P0, tp=2, ts=2
P3, tp=2, ts=2
P3, tp=2, ts=2
P3, tp=2, ts=2
P3, tp=2, ts=2
P3, tp=2, ts=2
P1, tp=2, ts=2, x0=782645084, x1=313000855
P1, tp=2, ts=2, x0=289743064, x1=472517426
P3, tp=2, ts=2
P0, tp=2, ts=2
P3, tp=2, ts=2
P3, tp=2, ts=2
P2, tp=2, ts=2, x0=674995071
P2, tp=2, ts=2, x0=289743064
P0, tp=2, ts=2
P0, tp=2, ts=2
P1, tp=2, ts=2, x0=876487336, x1=518614260
P1, tp=2, ts=2, x0=918172626, x1=153064521
P2, tp=2, ts=2, x0=516765512
P0, tp=2, ts=2
P3, tp=2, ts=2
P1, tp=2, ts=2, x0=448781608, x1=315429654
P0, tp=2, ts=2
P3, tp=2, ts=2
P3, tp=2, ts=2
P3, tp=2, ts=2
P3, tp=2, ts=2
P3, tp=2, ts=2
P3, tp=2, ts=2
P1, tp=2, ts=2, x0=447033727, x1=43353433
P1, tp=2, ts=2, x0=818013939, x1=472517426
P0, tp=2, ts=2
P1, tp=2, ts=2, x0=655924144, x1=308775951
P1, tp=2, ts=2, x0=229332431, x1=827064897
P0, tp=2, ts=2
P2, tp=2, ts=2, x0=684864064
P0, tp=2, ts=2
P1, tp=2, ts=2, x0=684864064, x1=443552734
P3, tp=2, ts=2
P2, tp=2, ts=2, x0=688675544
P3, tp=2, ts=2
P2, tp=2, ts=2, x0=82975439
P3, tp=2, ts=2
P0, tp=2, ts=2
P3, tp=2, ts=2
P3, tp=2, ts=2
P2, tp=2, ts=2, x0=359782881
P1, tp=2, ts=2, x0=900919027, x1=928016206
P3, tp=2, ts=2
P0, tp=2, ts=2
P3, tp=2, ts=2
P0, tp=2, ts=2
P0, tp=2, ts=2
P2, tp=2, ts=2, x0=705587761
P2, tp=2, ts=2, x0=290156642
P2, tp=2, ts=2, x0=853248313
P0, tp=2, ts=2
P3, tp=2, ts=2
P0, tp=2, ts=2
P2, tp=2, ts=2, x0=535572610
P1, tp=2, ts=2, x0=443552734, x1=289743064
P0, tp=2, ts=2
P0, tp=2, ts=2
P3, tp=2, ts=2
P1, tp=2, ts=2, x0=213970894, x1=299037955
P1, tp=2, ts=2, x0=493942240, x1=310706839
P0, tp=2, ts=2
P2, tp=2, ts=2, x0=17781403
P3, tp=2, ts=2
P0, tp=2, ts=2
P2, tp=2, ts=2, x0=684603222
P1, tp=2, ts=2, x0=836767585, x1=447033727
P1, tp=2, ts=2, x0=647888196, x1=424235885
P2, tp=2, ts=2, x0=516765512
P0, tp=2, ts=2
P3, tp=2, ts=2
P0, tp=2, ts=2
P1, tp=2, ts=2, x0=836767585, x1=511362766
P0, tp=2, ts=2
P2, tp=2, ts=2, x0=554701366
P0, tp=2, ts=2
P3, tp=2, ts=2
P0, tp=2, ts=2
P1, tp=2, ts=2, x0=714681178, x1=802859921
P2, tp=2, ts=2, x0=14917224
P3, tp=2, ts=2
P1, tp=2, ts=2, x0=58472454, x1=43353433
P0, tp=2, ts=2
P2, tp=2, ts=2, x0=94191527
P2, tp=2, ts=2, x0=282432678
P2, tp=2, ts=2, x0=424235885
P3, tp=2, ts=2
P0, tp=2, ts=2
P3, tp=2, ts=2
P2, tp=2, ts=2, x0=750970743
P1, tp=2, ts=2, x0=299037955, x1=485435588
P3, tp=2, ts=2
P1, tp=2, ts=2, x0=511362766, x1=516765512
P1, tp=2, ts=2, x0=816192593, x1=818013939
P0, tp=2, ts=2
P1, tp=2, ts=2, x0=319143138, x1=758722199
P2, tp=2, ts=2, x0=425279847
P1, tp=2, ts=2, x0=242232605, x1=977132019
P2, tp=2, ts=2, x0=540211513
P3, tp=2, ts=2
P0, tp=2, ts=2
P0, tp=2, ts=2
P2, tp=2, ts=2, x0=674995071
P2, tp=2, ts=2, x0=782645084
P0, tp=2, ts=2
P2, tp=2, ts=2, x0=684864064
P3, tp=2, ts=2
P1, tp=2, ts=2, x0=977132019, x1=290156642
P2, tp=2, ts=2, x0=34216644
P2, tp=2, ts=2, x0=315429654
P1, tp=2, ts=2, x0=344296220, x1=375036726
P1, tp=2, ts=2, x0=448781608, x1=844358578
P3, tp=2, ts=2
P2, tp=2, ts=2, x0=448781608
P3, tp=2, ts=2
P2, tp=2, ts=2, x0=310706839
P2, tp=2, ts=2, x0=443552734
P1, tp=2, ts=2, x0=419963345, x1=354985508
P0, tp=2, ts=2
P3, tp=2, ts=2
P2, tp=2, ts=2, x0=82975439
P1, tp=2, ts=2, x0=94191527, x1=308775951
P0, tp=2, ts=2
P1, tp=2, ts=2, x0=242232605, x1=425279847
P3, tp=2, ts=2
P3, tp=2, ts=2
P1, tp=2, ts=2, x0=619094323, x1=547689030
P2, tp=2, ts=2, x0=290156642
P3, tp=2, ts=2
P1, tp=2, ts=2, x0=94797035, x1=782747705
P1, tp=2, ts=2, x0=818013939, x1=704032238
P0, tp=2, ts=2
P2, tp=2, ts=2, x0=593991400
P2, tp=2, ts=2, x0=547689030
P1, tp=2, ts=2, x0=782747705, x1=448781608
P0, tp=2, ts=2
P0, tp=2, ts=2
P0, tp=2, ts=2
P3, tp=2, ts=2
P2, tp=2, ts=2, x0=547689030
P2, tp=2, ts=2, x0=518614260
P2, tp=2, ts=2, x0=674995071
P2, tp=2, ts=2, x0=853248313
P1, tp=2, ts=2, x0=547689030, x1=359782881
P3, tp=2, ts=2
P1, tp=2, ts=2, x0=518614260, x1=319143138
P1, tp=2, ts=2, x0=133795120, x1=419963345
P2, tp=2, ts=2, x0=485435588
P1, tp=2, ts=2, x0=836767585, x1=319143138
P3, tp=2, ts=2
P1, tp=2, ts=2, x0=782747705, x1=82975439
P0, tp=2, ts=2
P2, tp=2, ts=2, x0=948624636
P3, tp=2, ts=2
P2, tp=2, ts=2, x0=315429654
P2, tp=2, ts=2, x0=844358578
P1, tp=2, ts=2, x0=56996216, x1=932777661
P0, tp=2, ts=2
P0, tp=2, ts=2
P1, tp=2, ts=2, x0=375036726, x1=919358086
P0, tp=2, ts=2
P1, tp=2, ts=2, x0=684603222, x1=579244397
P3, tp=2, ts=2
P3, tp=2, ts=2
P3, tp=2, ts=2
P2, tp=2, ts=2, x0=113318747
P2, tp=2, ts=2, x0=447033727
P2, tp=2, ts=2, x0=300874371
P0, tp=2, ts=2
P0, tp=2, ts=2
P1, tp=2, ts=2, x0=431733222, x1=918172626
P1, tp=2, ts=2, x0=919358086, x1=359782881
P2, tp=2, ts=2, x0=704032238
P2, tp=2, ts=2, x0=827064897
P3, tp=2, ts=2
P2, tp=2, ts=2, x0=547689030
P2, tp=2, ts=2, x0=465832210
P1, tp=2, ts=2, x0=424235885, x1=23499221
P1, tp=2, ts=2, x0=948624636, x1=778896462
P3, tp=2, ts=2
P1, tp=2, ts=2, x0=77867102, x1=94797035
P0, tp=2, ts=2
P0, tp=2, ts=2
P0, tp=2, ts=2
P3, tp=2, ts=2
P2, tp=2, ts=2, x0=17781403
P3, tp=2, ts=2
P1, tp=2, ts=2, x0=816192593, x1=782747705
P1, tp=2, ts=2, x0=315429654, x1=876487336
P1, tp=2, ts=2, x0=497306715, x1=928016206
P3, tp=2, ts=2
P1, tp=2, ts=2, x0=69956859, x1=540211513
P2, tp=2, ts=2, x0=494963617
P3, tp=2, ts=2
P3, tp=2, ts=2
P2, tp=2, ts=2, x0=688675544
P0, tp=2, ts=2
P1, tp=2, ts=2, x0=555530616, x1=271364576
P1, tp=2, ts=2, x0=844358578, x1=704032238
P2, tp=2, ts=2, x0=827064897
P2, tp=2, ts=2, x0=271364576
P1, tp=2, ts=2, x0=397440397, x1=300874371
P2, tp=2, ts=2, x0=593991400
P0, tp=2, ts=2
P3, tp=2, ts=2
P1, tp=2, ts=2, x0=818013939, x1=315429654
P0, tp=2, ts=2
P2, tp=2, ts=2, x0=465832210
P1, tp=2, ts=2, x0=516765512, x1=684864064
P1, tp=2, ts=2, x0=844358578, x1=485435588
P0, tp=2, ts=2
P0, tp=2, ts=2
P3, tp=2, ts=2
P0, tp=2, ts=2
P3, tp=2, ts=2
P2, tp=2, ts=2, x0=139763056
P1, tp=2, ts=2, x0=948624636, x1=494963617
P2, tp=2, ts=2, x0=69956859
P1, tp=2, ts=2, x0=499520769, x1=56996216
P0, tp=2, ts=2
P3, tp=2, ts=2
P3, tp=2, ts=2
P1, tp=2, ts=2, x0=58472454, x1=540211513
P2, tp=2, ts=2, x0=540211513
P2, tp=2, ts=2, x0=282432678
P3, tp=2, ts=2
P0, tp=2, ts=2
P2, tp=2, ts=2, x0=313000855
P1, tp=2, ts=2, x0=613671267, x1=113318747
P1, tp=2, ts=2, x0=139763056, x1=69956859
P1, tp=2, ts=2, x0=315429654, x1=94797035
P3, tp=2, ts=2
P0, tp=2, ts=2
P0, tp=2, ts=2
P1, tp=2, ts=2, x0=485435588, x1=684864064
P2, tp=2, ts=2, x0=705587761
P0, tp=2, ts=2
P1, tp=2, ts=2, x0=319143138, x1=69956859
P1, tp=2, ts=2, x0=547689030, x1=948624636
P1, tp=2, ts=2, x0=56996216, x1=494963617
P2, tp=2, ts=2, x0=82975439
P3, tp=2, ts=2
P2, tp=2, ts=2, x0=14917224
P0, tp=2, ts=2
P1, tp=2, ts=2, x0=375767226, x1=518614260
P1, tp=2, ts=2, x0=153064521, x1=69956859
P3, tp=2, ts=2
P0, tp=2, ts=2
P0, tp=2, ts=2
P3, tp=2, ts=2
P0, tp=2, ts=2
P3, tp=2, ts=2
P1, tp=2, ts=2, x0=561504385, x1=23499221
P0, tp=2, ts=2
P0, tp=2, ts=2
P3, tp=2, ts=2
P3, tp=2, ts=2
P2, tp=2, ts=2, x0=425279847
P2, tp=2, ts=2, x0=540211513
P0, tp=2, ts=2
P1, tp=2, ts=2, x0=300874371, x1=801579932
P1, tp=2, ts=2, x0=511362766, x1=520025109
P3, tp=2, ts=2
P0, tp=2, ts=2
P2, tp=2, ts=2, x0=229332431
P1, tp=2, ts=2, x0=543174093, x1=300874371
P1, tp=2, ts=2, x0=304424824, x1=428400477
P1, tp=2, ts=2, x0=133795120, x1=229332431
P3, tp=2, ts=2
P1, tp=2, ts=2, x0=14917224, x1=655924144
P3, tp=2, ts=2
P3, tp=2, ts=2
P0, tp=2, ts=2
P3, tp=2, ts=2
P0, tp=2, ts=2
P3, tp=2, ts=2
P0, tp=2, ts=2
P0, tp=2, ts=2
P2, tp=2, ts=2, x0=535572610
P3, tp=2, ts=2
P1, tp=2, ts=2, x0=122211783, x1=94797035
P2, tp=2, ts=2, x0=229332431
P0, tp=2, ts=2
P0, tp=2, ts=2
P1, tp=2, ts=2, x0=23499221, x1=688675544
P2, tp=2, ts=2, x0=948624636
P3, tp=2, ts=2
P1, tp=2, ts=2, x0=543931490, x1=750970743
P2, tp=2, ts=2, x0=494963617
P1, tp=2, ts=2, x0=300874371, x1=300874371
P2, tp=2, ts=2, x0=782645084
P1, tp=2, ts=2, x0=310706839, x1=688675544
P1, tp=2, ts=2, x0=336182131, x1=205508342
P1, tp=2, ts=2, x0=56996216, x1=822425566
P1, tp=2, ts=2, x0=836767585, x1=304424824
P3, tp=2, ts=2
P1, tp=2, ts=2, x0=650163376, x1=511362766
P3, tp=2, ts=2
P1, tp=2, ts=2, x0=670058263, x1=304424824
P1, tp=2, ts=2, x0=319143138, x1=827064897
P3, tp=2, ts=2
P3, tp=2, ts=2
P2, tp=2, ts=2, x0=580594376
P3, tp=2, ts=2
P0, tp=2, ts=2
P2, tp=2, ts=2, x0=318692866
P0, tp=2, ts=2
P1, tp=2, ts=2, x0=535572610, x1=650163376
P2, tp=2, ts=2, x0=242232605
P0, tp=2, ts=2
P1, tp=2, ts=2, x0=535572610, x1=375036726
P1, tp=2, ts=2, x0=354985508, x1=750970743
P2, tp=2, ts=2, x0=700653903
P1, tp=2, ts=2, x0=928016206, x1=689395199
P2, tp=2, ts=2, x0=69956859
P1, tp=2, ts=2, x0=205508342, x1=122211783
P2, tp=2, ts=2, x0=472517426
P3, tp=2, ts=2
P1, tp=2, ts=2, x0=827064897, x1=619094323
P2, tp=2, ts=2, x0=133795120
P3, tp=2, ts=2
P2, tp=2, ts=2, x0=235305490
P2, tp=2, ts=2, x0=543931490
P1, tp=2, ts=2, x0=179241364, x1=932777661
P3, tp=2, ts=2
P2, tp=2, ts=2, x0=543174093
P2, tp=2, ts=2, x0=977132019
P3, tp=2, ts=2
P3, tp=2, ts=2
P1, tp=2, ts=2, x0=499520769, x1=655924144
P3, tp=2, ts=2
P1, tp=2, ts=2, x0=591324785, x1=593991400
P3, tp=2, ts=2
P0, tp=2, ts=2
P0, tp=2, ts=2
P1, tp=2, ts=2, x0=94797035, x1=17208794
P1, tp=2, ts=2, x0=319143138, x1=287234369
P3, tp=2, ts=2
P1, tp=2, ts=2, x0=428400477, x1=782747705
P2, tp=2, ts=2, x0=443552734
P3, tp=2, ts=2
P1, tp=2, ts=2, x0=393040144, x1=282432678
P2, tp=2, ts=2, x0=670058263
P3, tp=2, ts=2
P2, tp=2, ts=2, x0=555530616
P2, tp=2, ts=2, x0=670058263
P2, tp=2, ts=2, x0=876487336
P2, tp=2, ts=2, x0=900700466
P1, tp=2, ts=2, x0=704032238, x1=593991400
P1, tp=2, ts=2, x0=375036726, x1=705587761
P1, tp=2, ts=2, x0=816192593, x1=948624636
P1, tp=2, ts=2, x0=435941031, x1=353081573
P0, tp=2, ts=2
P2, tp=2, ts=2, x0=670058263
P0, tp=2, ts=2
P1, tp=2, ts=2, x0=304455931, x1=723499295
P0, tp=2, ts=2
P2, tp=2, ts=2, x0=82975439
P1, tp=2, ts=2, x0=700653903, x1=593991400
P1, tp=2, ts=2, x0=688675544, x1=705587761
P1, tp=2, ts=2, x0=368303704, x1=684603222
P1, tp=2, ts=2, x0=425279847, x1=827064897
P0, tp=2, ts=2
P1, tp=2, ts=2, x0=336182131, x1=554701366
P0, tp=2, ts=2
P3, tp=2, ts=2
P3, tp=2, ts=2
P3, tp=2, ts=2
P2, tp=2, ts=2, x0=700653903
P0, tp=2, ts=2
P0, tp=2, ts=2
P3, tp=2, ts=2
P2, tp=2, ts=2, x0=397440397
P2, tp=2, ts=2, x0=179241364
P2, tp=2, ts=2, x0=94191527
P2, tp=2, ts=2, x0=300874371
P2, tp=2, ts=2, x0=359782881
P0, tp=2, ts=2
P1, tp=2, ts=2, x0=368303704, x1=139763056
P0, tp=2, ts=2
P1, tp=2, ts=2, x0=17781403, x1=94797035
P2, tp=2, ts=2, x0=242232605
P2, tp=2, ts=2, x0=58472454
P2, tp=2, ts=2, x0=684603222
P0, tp=2, ts=2
P3, tp=2, ts=2
P1, tp=2, ts=2, x0=494963617, x1=319143138
P3, tp=2, ts=2
P0, tp=2, ts=2
P0, tp=2, ts=2
P1, tp=2, ts=2, x0=555530616, x1=481385687
P0, tp=2, ts=2
P1, tp=2, ts=2, x0=94797035, x1=518614260
P3, tp=2, ts=2
P3, tp=2, ts=2
P0, tp=2, ts=2
P0, tp=2, ts=2
P0, tp=2, ts=2
P3, tp=2, ts=2
P2, tp=2, ts=2, x0=498010034
P2, tp=2, ts=2, x0=705587761
P2, tp=2, ts=2, x0=419963345
P1, tp=2, ts=2, x0=94191527, x1=591812553
P3, tp=2, ts=2
P0, tp=2, ts=2
P2, tp=2, ts=2, x0=336182131
P3, tp=2, ts=2
P1, tp=2, ts=2, x0=287513944, x1=721139557
P0, tp=2, ts=2
P3, tp=2, ts=2
P2, tp=2, ts=2, x0=932777661
P1, tp=2, ts=2, x0=393040144, x1=94191527
P1, tp=2, ts=2, x0=313000855, x1=319143138
P0, tp=2, ts=2
P3, tp=2, ts=2
P1, tp=2, ts=2, x0=336182131, x1=494963617
P0, tp=3, ts=3
P3, tp=3, ts=3
P2, tp=3, ts=3, x0=310706839
P1, tp=3, ts=3, x0=816192593, x1=650163376
P3, tp=3, ts=3
P0, tp=3, ts=3
P1, tp=3, ts=3, x0=876487336, x1=801579932
P1, tp=3, ts=3, x0=393040144, x1=353081573
P0, tp=3, ts=3
P3, tp=3, ts=3
P2, tp=3, ts=3, x0=393040144
P2, tp=3, ts=3, x0=816192593
P2, tp=3, ts=3, x0=447033727
P3, tp=3, ts=3
P2, tp=3, ts=3, x0=336182131
P3, tp=3, ts=3
P3, tp=3, ts=3
P1, tp=3, ts=3, x0=844358578, x1=554701366
P2, tp=3, ts=3, x0=425279847
P2, tp=3, ts=3, x0=688675544
P0, tp=3, ts=3
P2, tp=3, ts=3, x0=876487336
P3, tp=3, ts=3
P2, tp=3, ts=3, x0=419963345
P0, tp=3, ts=3
P1, tp=3, ts=3, x0=853248313, x1=547689030
P2, tp=3, ts=3, x0=393040144
P2, tp=3, ts=3, x0=122211783
P3, tp=3, ts=3
P3, tp=3, ts=3
P1, tp=3, ts=3, x0=310706839, x1=472517426
P1, tp=3, ts=3, x0=580594376, x1=836524570
P3, tp=3, ts=3
P3, tp=3, ts=3
P0, tp=3, ts=3
P2, tp=3, ts=3, x0=543931490
P2, tp=3, ts=3, x0=443552734
P3, tp=3, ts=3
P3, tp=3, ts=3
P2, tp=3, ts=3, x0=435941031
P2, tp=3, ts=3, x0=782747705
P1, tp=3, ts=3, x0=94191527, x1=431733222
P2, tp=3, ts=3, x0=900700466
P3, tp=3, ts=3
P1, tp=3, ts=3, x0=94191527, x1=704032238
P2, tp=3, ts=3, x0=319143138
P3, tp=3, ts=3
P1, tp=3, ts=3, x0=853248313, x1=336182131
P3, tp=3, ts=3
P0, tp=3, ts=3
P1, tp=3, ts=3, x0=561504385, x1=688675544
P1, tp=3, ts=3, x0=287234369, x1=158721549
P1, tp=3, ts=3, x0=476130386, x1=94191527
P0, tp=3, ts=3
P1, tp=3, ts=3, x0=543931490, x1=853248313
P0, tp=3, ts=3
P2, tp=3, ts=3, x0=498010034
P1, tp=3, ts=3, x0=310706839, x1=485435588
P1, tp=3, ts=3, x0=704032238, x1=313000855
P3, tp=3, ts=3
P2, tp=3, ts=3, x0=368303704
P0, tp=3, ts=3
P2, tp=3, ts=3, x0=229332431
P2, tp=3, ts=3, x0=935615518
P3, tp=3, ts=3
P2, tp=3, ts=3, x0=58472454
P3, tp=3, ts=3
P2, tp=3, ts=3, x0=358881560
P0, tp=3, ts=3
P0, tp=3, ts=3
P1, tp=3, ts=3, x0=207965030, x1=287234369
P1, tp=3, ts=3, x0=554701366, x1=14917224
P1, tp=3, ts=3, x0=393040144, x1=723499295
P3, tp=3, ts=3
P0, tp=3, ts=3
P3, tp=3, ts=3
P1, tp=3, ts=3, x0=359782881, x1=579244397
P1, tp=3, ts=3, x0=271364576, x1=419963345
P3, tp=3, ts=3
P3, tp=3, ts=3
P1, tp=3, ts=3, x0=844358578, x1=17781403
P0, tp=3, ts=3
P2, tp=3, ts=3, x0=425279847
P3, tp=3, ts=3
P0, tp=3, ts=3
P1, tp=3, ts=3, x0=948624636, x1=231154087
P1, tp=3, ts=3, x0=476130386, x1=844358578
P3, tp=3, ts=3
P1, tp=3, ts=3, x0=844358578, x1=368303704
P1, tp=3, ts=3, x0=689395199, x1=900700466
P0, tp=3, ts=3
P3, tp=3, ts=3
P1, tp=3, ts=3, x0=900700466, x1=347227054
P0, tp=3, ts=3
P2, tp=3, ts=3, x0=593991400
P2, tp=3, ts=3, x0=890468341
P3, tp=3, ts=3
P0, tp=3, ts=3
P1, tp=3, ts=3, x0=714681178, x1=336182131
P2, tp=3, ts=3, x0=750970743
P0, tp=3, ts=3
P2, tp=3, ts=3, x0=435941031
P1, tp=3, ts=3, x0=299183796, x1=472517426
P1, tp=3, ts=3, x0=179241364, x1=758722199
P3, tp=3, ts=3
P3, tp=3, ts=3
P3, tp=3, ts=3
P1, tp=3, ts=3, x0=354985508, x1=447033727
P0, tp=3, ts=3
P3, tp=3, ts=3
P0, tp=3, ts=3
P1, tp=3, ts=3, x0=810626819, x1=593991400
P1, tp=3, ts=3, x0=580594376, x1=336182131
P1, tp=3, ts=3, x0=836767585, x1=844358578
P2, tp=3, ts=3, x0=591324785
P3, tp=3, ts=3
P2, tp=3, ts=3, x0=73096920
P2, tp=3, ts=3, x0=231154087
P2, tp=3, ts=3, x0=179241364
P1, tp=3, ts=3, x0=723499295, x1=58472454
P1, tp=3, ts=3, x0=133795120, x1=231154087
P3, tp=3, ts=3
P2, tp=3, ts=3, x0=758722199
P3, tp=3, ts=3
P1, tp=3, ts=3, x0=876487336, x1=153064521
P1, tp=3, ts=3, x0=670058263, x1=393040144
P1, tp=3, ts=3, x0=705587761, x1=358881560
P1, tp=3, ts=3, x0=17781403, x1=242232605
P0, tp=3, ts=3
P0, tp=3, ts=3
P2, tp=3, ts=3, x0=353081573
P1, tp=3, ts=3, x0=354985508, x1=419963345
P3, tp=3, ts=3
P3, tp=3, ts=3
P0, tp=3, ts=3
P2, tp=3, ts=3, x0=935615518
P2, tp=3, ts=3, x0=393040144
P0, tp=3, ts=3
P1, tp=3, ts=3, x0=133795120, x1=69956859
P2, tp=3, ts=3, x0=229332431
P3, tp=3, ts=3
P0, tp=3, ts=3
P0, tp=3, ts=3
P0, tp=3, ts=3
P3, tp=3, ts=3
P1, tp=3, ts=3, x0=990717429, x1=431733222
P2, tp=3, ts=3, x0=304424824
P3, tp=3, ts=3
P1, tp=3, ts=3, x0=827064897, x1=158721549
P0, tp=3, ts=3
P3, tp=3, ts=3
P2, tp=3, ts=3, x0=299037955
P3, tp=3, ts=3
P3, tp=3, ts=3
P2, tp=3, ts=3, x0=990717429
P1, tp=3, ts=3, x0=684864064, x1=750970743
P0, tp=3, ts=3
P0, tp=3, ts=3
P0, tp=3, ts=3
P1, tp=3, ts=3, x0=543931490, x1=304424824
P2, tp=3, ts=3, x0=353081573
P2, tp=3, ts=3, x0=476130386
P0, tp=3, ts=3
P3, tp=3, ts=3
P3, tp=3, ts=3
P2, tp=3, ts=3, x0=390661313
P3, tp=3, ts=3
P0, tp=3, ts=3
P1, tp=3, ts=3, x0=43353433, x1=69956859
P3, tp=3, ts=3
P1, tp=3, ts=3, x0=518614260, x1=836767585
P2, tp=3, ts=3, x0=393040144
P0, tp=3, ts=3
P0, tp=3, ts=3
P1, tp=3, ts=3, x0=375036726, x1=511362766
P2, tp=3, ts=3, x0=778896462
P0, tp=3, ts=3
P1, tp=3, ts=3, x0=359782881, x1=443552734
P0, tp=3, ts=3
P3, tp=3, ts=3
P1, tp=3, ts=3, x0=304455931, x1=782645084
P3, tp=3, ts=3
P0, tp=3, ts=3
P1, tp=3, ts=3, x0=425279847, x1=981708921
P2, tp=3, ts=3, x0=443552734
P2, tp=3, ts=3, x0=94797035
P0, tp=3, ts=3
P1, tp=3, ts=3, x0=353081573, x1=973098385
P2, tp=3, ts=3, x0=472517426
P2, tp=3, ts=3, x0=153064521
P2, tp=3, ts=3, x0=358881560
P1, tp=3, ts=3, x0=750970743, x1=555530616
P2, tp=3, ts=3, x0=14917224
P1, tp=3, ts=3, x0=657525344, x1=666069912
P3, tp=3, ts=3
P0, tp=3, ts=3
P1, tp=3, ts=3, x0=153064521, x1=981708921
P2, tp=3, ts=3, x0=613671267
P1, tp=3, ts=3, x0=782645084, x1=830685839
P1, tp=3, ts=3, x0=518614260, x1=231154087
P2, tp=3, ts=3, x0=313000855
P3, tp=3, ts=3
P3, tp=3, ts=3
P3, tp=3, ts=3
P3, tp=3, ts=3
P3, tp=3, ts=3
P3, tp=3, ts=3
P3, tp=3, ts=3
P2, tp=3, ts=3, x0=836767585
P0, tp=3, ts=3
P3, tp=3, ts=3
P1, tp=3, ts=3, x0=555530616, x1=650163376
P2, tp=3, ts=3, x0=447033727
P1, tp=3, ts=3, x0=750970743, x1=443552734
P3, tp=3, ts=3
P1, tp=3, ts=3, x0=358881560, x1=393040144
P2, tp=3, ts=3, x0=6245304
P0, tp=3, ts=3
P1, tp=3, ts=3, x0=543174093, x1=822425566
P3, tp=3, ts=3
P2, tp=3, ts=3, x0=304424824
P3, tp=3, ts=3
P0, tp=3, ts=3
P1, tp=3, ts=3, x0=591812553, x1=271364576
P2, tp=3, ts=3, x0=689934696
P2, tp=3, ts=3, x0=547689030
P3, tp=3, ts=3
P3, tp=3, ts=3
P1, tp=3, ts=3, x0=535572610, x1=928016206
P0, tp=3, ts=3
P0, tp=3, ts=3
P2, tp=3, ts=3, x0=704032238
P0, tp=3, ts=3
P3, tp=3, ts=3
P1, tp=3, ts=3, x0=511362766, x1=818013939
P0, tp=3, ts=3
P3, tp=3, ts=3
P0, tp=3, ts=3
P0, tp=3, ts=3
P3, tp=3, ts=3
P3, tp=3, ts=3
P3, tp=3, ts=3
P0, tp=3, ts=3
P0, tp=3, ts=3
P0, tp=3, ts=3
P1, tp=3, ts=3, x0=932777661, x1=43353433
P2, tp=3, ts=3, x0=359782881
P3, tp=3, ts=3
P3, tp=3, ts=3
P1, tp=3, ts=3, x0=818013939, x1=543174093
P0, tp=3, ts=3
P3, tp=3, ts=3
P3, tp=3, ts=3
P1, tp=3, ts=3, x0=70262972, x1=782645084
P1, tp=3, ts=3, x0=613671267, x1=723499295
P0, tp=3, ts=3
P3, tp=3, ts=3
P3, tp=3, ts=3
P2, tp=3, ts=3, x0=397440397
P3, tp=3, ts=3
P2, tp=3, ts=3, x0=94797035
P2, tp=3, ts=3, x0=70262972
P1, tp=3, ts=3, x0=591324785, x1=435941031
P1, tp=3, ts=3, x0=191353083, x1=636201402
P2, tp=3, ts=3, x0=801579932
P3, tp=3, ts=3
P3, tp=3, ts=3
P1, tp=3, ts=3, x0=476130386, x1=431733222
P3, tp=3, ts=3
P1, tp=3, ts=3, x0=511362766, x1=666069912
P2, tp=3, ts=3, x0=73096920
P3, tp=3, ts=3
P2, tp=3, ts=3, x0=880523698
P0, tp=3, ts=3
P2, tp=3, ts=3, x0=688669994
P0, tp=3, ts=3
P1, tp=3, ts=3, x0=829467575, x1=853248313
P1, tp=3, ts=3, x0=876487336, x1=375036726
P0, tp=3, ts=3
P2, tp=3, ts=3, x0=836767585
P0, tp=3, ts=3
P0, tp=3, ts=3
P2, tp=3, ts=3, x0=670058263
P2, tp=3, ts=3, x0=495894241
P1, tp=3, ts=3, x0=689934696, x1=299037955
P0, tp=3, ts=3
P1, tp=3, ts=3, x0=336182131, x1=359782881
P2, tp=3, ts=3, x0=287513944
P1, tp=3, ts=3, x0=928016206, x1=392989320
P0, tp=3, ts=3
P2, tp=3, ts=3, x0=179577391
P1, tp=3, ts=3, x0=518614260, x1=750970743
P0, tp=3, ts=3
P2, tp=3, ts=3, x0=880523698
P3, tp=3, ts=3
P0, tp=3, ts=3
P3, tp=3, ts=3
P0, tp=3, ts=3
P0, tp=3, ts=3
P1, tp=3, ts=3, x0=580594376, x1=670058263
P3, tp=3, ts=3
P0, tp=3, ts=3
P1, tp=3, ts=3, x0=179241364, x1=689934696
P2, tp=3, ts=3, x0=353081573
P1, tp=3, ts=3, x0=375767226, x1=684864064
P0, tp=3, ts=3
P2, tp=3, ts=3, x0=666069912
P2, tp=3, ts=3, x0=17781403
P1, tp=3, ts=3, x0=375767226, x1=205508342
P1, tp=3, ts=3, x0=853248313, x1=928016206
P0, tp=3, ts=3
P3, tp=3, ts=3
P0, tp=3, ts=3
P3, tp=3, ts=3
P3, tp=3, ts=3
P3, tp=3, ts=3
P3, tp=3, ts=3
P2, tp=3, ts=3, x0=948624636
P1, tp=3, ts=3, x0=613671267, x1=990717429
P0, tp=3, ts=3
P2, tp=3, ts=3, x0=476130386
P2, tp=3, ts=3, x0=140845504
P3, tp=3, ts=3
P1, tp=3, ts=3, x0=802939665, x1=392989320
P3, tp=3, ts=3
P3, tp=3, ts=3
P1, tp=3, ts=3, x0=287234369, x1=114375686
P1, tp=3, ts=3, x0=900700466, x1=6245304
P1, tp=3, ts=3, x0=153064521, x1=666069912
P2, tp=3, ts=3, x0=689934696
P1, tp=3, ts=3, x0=300874371, x1=287234369
P1, tp=3, ts=3, x0=358881560, x1=347227054
P2, tp=3, ts=3, x0=535572610
P0, tp=3, ts=3
P0, tp=3, ts=3
P2, tp=3, ts=3, x0=778896462
P2, tp=3, ts=3, x0=890468341
P1, tp=3, ts=3, x0=802939665, x1=689395199
P3, tp=3, ts=3
P3, tp=3, ts=3
P3, tp=3, ts=3
P3, tp=3, ts=3
P3, tp=3, ts=3
P3, tp=3, ts=3
P1, tp=3, ts=3, x0=69956859, x1=158721549
P2, tp=3, ts=3, x0=657525344
P2, tp=3, ts=3, x0=932777661
P3, tp=3, ts=3
P3, tp=3, ts=3
P1, tp=3, ts=3, x0=304455931, x1=862126338
P2, tp=3, ts=3, x0=397440397
P2, tp=3, ts=3, x0=94793001
P0, tp=3, ts=3
P0, tp=3, ts=3
P3, tp=3, ts=3
P2, tp=3, ts=3, x0=73096920
P3, tp=3, ts=3
P3, tp=3, ts=3
P3, tp=3, ts=3
P0, tp=3, ts=3
P3, tp=3, ts=3
P0, tp=3, ts=3
P3, tp=3, ts=3
P1, tp=3, ts=3, x0=409864920, x1=657525344
P3, tp=3, ts=3
P1, tp=3, ts=3, x0=853248313, x1=543931490
P3, tp=3, ts=3
P1, tp=3, ts=3, x0=235305490, x1=472517426
P3, tp=3, ts=3
P3, tp=3, ts=3
P0, tp=3, ts=3
P3, tp=3, ts=3
P0, tp=3, ts=3
P0, tp=3, ts=3
P0, tp=3, ts=3
P3, tp=3, ts=3
P3, tp=3, ts=3
P3, tp=3, ts=3
P1, tp=3, ts=3, x0=94793001, x1=313000855
P2, tp=3, ts=3, x0=5943
P0, tp=3, ts=3
P3, tp=3, ts=3
P3, tp=3, ts=3
P0, tp=3, ts=3
P3, tp=3, ts=3
P2, tp=3, ts=3, x0=827064897
P0, tp=3, ts=3
P2, tp=3, ts=3, x0=830685839
P3, tp=3, ts=3
P2, tp=3, ts=3, x0=358881560
P0, tp=3, ts=3
P2, tp=3, ts=3, x0=397440397
P2, tp=3, ts=3, x0=153064521
P3, tp=3, ts=3
P1, tp=3, ts=3, x0=476130386, x1=802939665
P1, tp=3, ts=3, x0=778896462, x1=511362766
P2, tp=3, ts=3, x0=900700466
P1, tp=3, ts=3, x0=547689030, x1=205508342
P3, tp=3, ts=3
P2, tp=3, ts=3, x0=704032238
P2, tp=3, ts=3, x0=287234369
P3, tp=3, ts=3
P3, tp=3, ts=3
P0, tp=3, ts=3
P0, tp=3, ts=3
P1, tp=3, ts=3, x0=900700466, x1=6245304
P0, tp=3, ts=3
P0, tp=3, ts=3
P2, tp=3, ts=3, x0=547689030
P0, tp=3, ts=3
P3, tp=3, ts=3
P3, tp=3, ts=3
P2, tp=3, ts=3, x0=547689030
P3, tp=3, ts=3
P2, tp=3, ts=3, x0=70262972
P2, tp=3, ts=3, x0=299183796
P3, tp=3, ts=3
P2, tp=3, ts=3, x0=359782881
P0, tp=3, ts=3
P3, tp=3, ts=3
P2, tp=3, ts=3, x0=689934696
P3, tp=3, ts=3
P2, tp=3, ts=3, x0=670058263
P0, tp=3, ts=3
P2, tp=3, ts=3, x0=153064521
P1, tp=3, ts=3, x0=359782881, x1=443552734
P2, tp=3, ts=3, x0=476130386
P0, tp=3, ts=3
P2, tp=3, ts=3, x0=666069912
P2, tp=3, ts=3, x0=816192593
P1, tp=3, ts=3, x0=358881560, x1=704032238
P1, tp=3, ts=3, x0=890468341, x1=750970743
P1, tp=3, ts=3, x0=205508342, x1=758722199
P3, tp=3, ts=3
P2, tp=3, ts=3, x0=561504385
P2, tp=3, ts=3, x0=862126338
P1, tp=3, ts=3, x0=862126338, x1=689934696
P2, tp=3, ts=3, x0=670058263
P3, tp=3, ts=3
P3, tp=3, ts=3
P2, tp=3, ts=3, x0=397440397
P2, tp=3, ts=3, x0=900700466
P1, tp=3, ts=3, x0=880523698, x1=802939665
P3, tp=3, ts=3
P1, tp=3, ts=3, x0=375767226, x1=287513944
P2, tp=3, ts=3, x0=205508342
P1, tp=3, ts=3, x0=555530616, x1=704032238
P3, tp=3, ts=3
P2, tp=3, ts=3, x0=932777661
P0, tp=3, ts=3
P1, tp=3, ts=3, x0=472517426, x1=358881560
P2, tp=3, ts=3, x0=299183796
P2, tp=3, ts=3, x0=153064521
P3, tp=3, ts=3
P3, tp=3, ts=3
P1, tp=3, ts=3, x0=657525344, x1=179577391
P0, tp=3, ts=3
P0, tp=3, ts=3
P1, tp=3, ts=3, x0=443552734, x1=97101423
P0, tp=3, ts=3
P3, tp=3, ts=3
P3, tp=3, ts=3
P2, tp=3, ts=3, x0=689395199
P0, tp=3, ts=3
P0, tp=3, ts=3
P2, tp=3, ts=3, x0=70262972
P0, tp=3, ts=3
P0, tp=3, ts=3
P2, tp=3, ts=3, x0=300874371
P1, tp=3, ts=3, x0=810626819, x1=704032238
P0, tp=3, ts=3
P1, tp=3, ts=3, x0=392989320, x1=670058263
P3, tp=3, ts=3
P1, tp=3, ts=3, x0=522398784, x1=973098385
P1, tp=3, ts=3, x0=6245304, x1=758722199
P1, tp=3, ts=3, x0=425279847, x1=547689030
P2, tp=3, ts=3, x0=405424725
P1, tp=3, ts=3, x0=139763056, x1=4784336
P1, tp=3, ts=3, x0=472517426, x1=670058263
P3, tp=3, ts=3
P2, tp=3, ts=3, x0=43353433
P1, tp=3, ts=3, x0=964125546, x1=336182131
P3, tp=3, ts=3
P2, tp=3, ts=3, x0=299183796
P3, tp=3, ts=3
P2, tp=3, ts=3, x0=880523698
P2, tp=3, ts=3, x0=829467575
P0, tp=3, ts=3
P2, tp=3, ts=3, x0=70262972
P0, tp=3, ts=3
P1, tp=3, ts=3, x0=153064521, x1=591324785
P3, tp=3, ts=3
P3, tp=3, ts=3
P0, tp=3, ts=3
P0, tp=3, ts=3
P2, tp=3, ts=3, x0=304455931
P0, tp=3, ts=3
P2, tp=3, ts=3, x0=650163376
P3, tp=3, ts=3
P0, tp=3, ts=3
P2, tp=3, ts=3, x0=890468341
P1, tp=3, ts=3, x0=390661313, x1=114375686
P1, tp=3, ts=3, x0=555530616, x1=384177193
P2, tp=3, ts=3, x0=158721549
P0, tp=3, ts=3
P1, tp=3, ts=3, x0=853248313, x1=158721549
P0, tp=3, ts=3
P1, tp=3, ts=3, x0=425279847, x1=282432678
P1, tp=3, ts=3, x0=179241364, x1=336182131
P3, tp=3, ts=3
P1, tp=3, ts=3, x0=802939665, x1=347227054
P1, tp=3, ts=3, x0=428400477, x1=419963345
P1, tp=3, ts=3, x0=666069912, x1=425279847
P1, tp=3, ts=3, x0=522398784, x1=231154087
P1, tp=3, ts=3, x0=140845504, x1=990717429
P1, tp=3, ts=3, x0=689395199, x1=650163376
P3, tp=3, ts=3
P2, tp=3, ts=3, x0=425279847
P3, tp=3, ts=3
P0, tp=3, ts=3
P0, tp=3, ts=3
P2, tp=3, ts=3, x0=495894241
P2, tp=3, ts=3, x0=375767226
P2, tp=3, ts=3, x0=744376998
P3, tp=3, ts=3
P1, tp=3, ts=3, x0=880523698, x1=900700466
P1, tp=3, ts=3, x0=428400477, x1=636201402
P3, tp=3, ts=3
P0, tp=3, ts=3
P3, tp=3, ts=3
P2, tp=3, ts=3, x0=26364352
P3, tp=3, ts=3
P1, tp=3, ts=3, x0=70262972, x1=861618486
P3, tp=3, ts=3
P2, tp=3, ts=3, x0=287513944
P3, tp=3, ts=3
P3, tp=3, ts=3
P3, tp=3, ts=3
P2, tp=3, ts=3, x0=375767226
P2, tp=3, ts=3, x0=778896462
P0, tp=3, ts=3
P0, tp=3, ts=3
P3, tp=3, ts=3
P3, tp=3, ts=3
P1, tp=3, ts=3, x0=561504385, x1=179241364
P1, tp=3, ts=3, x0=758722199, x1=535572610
P0, tp=3, ts=3
P2, tp=3, ts=3, x0=152108441
P1, tp=3, ts=3, x0=409864920, x1=384177193
P2, tp=3, ts=3, x0=375767226
P0, tp=3, ts=3
P3, tp=3, ts=3
P3, tp=3, ts=3
P2, tp=3, ts=3, x0=140845504
P1, tp=3, ts=3, x0=689395199, x1=779278546
P3, tp=3, ts=3
P1, tp=3, ts=3, x0=287513944, x1=179577391
P3, tp=3, ts=3
P1, tp=3, ts=3, x0=5943, x1=431733222
P0, tp=3, ts=3
P3, tp=3, ts=3
P3, tp=3, ts=3
P2, tp=3, ts=3, x0=744376998
P3, tp=3, ts=3
P3, tp=3, ts=3
P3, tp=3, ts=3
P2, tp=3, ts=3, x0=271364576
P2, tp=3, ts=3, x0=511362766
P1, tp=3, ts=3, x0=511362766, x1=836767585
P2, tp=3, ts=3, x0=336182131
P2, tp=3, ts=3, x0=97101423
P0, tp=3, ts=3
P2, tp=3, ts=3, x0=97101423
P3, tp=3, ts=3
P0, tp=3, ts=3
P1, tp=3, ts=3, x0=932777661, x1=861618486
P2, tp=3, ts=3, x0=520025109
P0, tp=3, ts=3
P1, tp=3, ts=3, x0=4784336, x1=862126338
P1, tp=3, ts=3, x0=498010034, x1=861545272
P0, tp=3, ts=3
P0, tp=3, ts=3
P3, tp=3, ts=3
P0, tp=3, ts=3
P3, tp=3, ts=3
P0, tp=3, ts=3
P2, tp=3, ts=3, x0=723499295
P2, tp=3, ts=3, x0=721139557
P1, tp=3, ts=3, x0=543174093, x1=522398784
P3, tp=3, ts=3
P2, tp=3, ts=3, x0=231154087
P2, tp=3, ts=3, x0=758722199
P0, tp=3, ts=3
P3, tp=3, ts=3
P3, tp=3, ts=3
P2, tp=3, ts=3, x0=443552734
P0, tp=3, ts=3
P2, tp=3, ts=3, x0=853248313
P0, tp=3, ts=3
P0, tp=3, ts=3
P2, tp=3, ts=3, x0=122211783
P1, tp=3, ts=3, x0=419963345, x1=428400477
P1, tp=3, ts=3, x0=827064897, x1=935615518
P2, tp=3, ts=3, x0=152108441
P1, tp=3, ts=3, x0=354257193, x1=723499295
P3, tp=3, ts=3
P3, tp=3, ts=3
P0, tp=3, ts=3
P3, tp=3, ts=3
P1, tp=3, ts=3, x0=140845504, x1=139763056
P2, tp=3, ts=3, x0=231154087
P2, tp=3, ts=3, x0=713711806
P0, tp=3, ts=3
P1, tp=3, ts=3, x0=271364576, x1=139763056
P0, tp=3, ts=3
P3, tp=3, ts=3
P1, tp=3, ts=3, x0=375245637, x1=689395199
P2, tp=3, ts=3, x0=304455931
P0, tp=3, ts=3
P3, tp=3, ts=3
P0, tp=3, ts=3
P3, tp=3, ts=3
P2, tp=3, ts=3, x0=139763056
P1, tp=3, ts=3, x0=122211783, x1=810626819
P3, tp=3, ts=3
P1, tp=3, ts=3, x0=580594376, x1=522398784
P2, tp=3, ts=3, x0=935615518
P2, tp=3, ts=3, x0=760741606
P3, tp=3, ts=3
P3, tp=3, ts=3
P0, tp=3, ts=3
P2, tp=3, ts=3, x0=543931490
P0, tp=3, ts=3
P0, tp=3, ts=3
P2, tp=3, ts=3, x0=688669994
P3, tp=3, ts=3
P2, tp=3, ts=3, x0=485435588
P2, tp=3, ts=3, x0=543931490
P1, tp=3, ts=3, x0=431733222, x1=778896462
P3, tp=3, ts=3
P1, tp=3, ts=3, x0=555530616, x1=522398784
P3, tp=3, ts=3
P3, tp=3, ts=3
P0, tp=3, ts=3
P3, tp=3, ts=3
P3, tp=3, ts=3
P0, tp=3, ts=3
P3, tp=3, ts=3
P1, tp=3, ts=3, x0=406345966, x1=498010034
P0, tp=3, ts=3
P0, tp=3, ts=3
P2, tp=3, ts=3, x0=476130386
P1, tp=3, ts=3, x0=351453074, x1=153064521
P3, tp=3, ts=3
P0, tp=3, ts=3
P3, tp=3, ts=3
P1, tp=3, ts=3, x0=384177193, x1=723499295
P1, tp=3, ts=3, x0=543683985, x1=193656790
P0, tp=3, ts=3
P3, tp=3, ts=3
P2, tp=3, ts=3, x0=235305490
P3, tp=3, ts=3
P0, tp=3, ts=3
P3, tp=3, ts=3
P2, tp=3, ts=3, x0=713711806
P0, tp=3, ts=3
P2, tp=3, ts=3, x0=299183796
P1, tp=3, ts=3, x0=179241364, x1=179241364
P2, tp=3, ts=3, x0=584197508
P0, tp=3, ts=3
P2, tp=3, ts=3, x0=353081573
P3, tp=3, ts=3
P0, tp=3, ts=3
P1, tp=3, ts=3, x0=666069912, x1=830685839
P1, tp=3, ts=3, x0=580594376, x1=26364352
P1, tp=3, ts=3, x0=948624636, x1=304455931
P2, tp=3, ts=3, x0=58472454
P3, tp=3, ts=3
P3, tp=3, ts=3
P1, tp=3, ts=3, x0=836767585, x1=900700466
P2, tp=3, ts=3, x0=495894241
P2, tp=3, ts=3, x0=495894241
P1, tp=3, ts=3, x0=152108441, x1=191353083
P2, tp=3, ts=3, x0=304455931
P3, tp=3, ts=3
P0, tp=3, ts=3
P0, tp=3, ts=3
P1, tp=3, ts=3, x0=358881560, x1=235305490
P2, tp=3, ts=3, x0=397220999
P3, tp=3, ts=3
P0, tp=3, ts=3
P1, tp=3, ts=3, x0=282432678, x1=235305490
P2, tp=3, ts=3, x0=392989320
P2, tp=3, ts=3, x0=547689030
P3, tp=3, ts=3
P1, tp=3, ts=3, x0=498010034, x1=880523698
P1, tp=3, ts=3, x0=140845504, x1=561504385
P3, tp=3, ts=3
P0, tp=3, ts=3
P1, tp=3, ts=3, x0=431733222, x1=169709190
P1, tp=3, ts=3, x0=758722199, x1=778896462
P1, tp=3, ts=3, x0=657525344, x1=758722199
P0, tp=3, ts=3
P0, tp=3, ts=3
P3, tp=3, ts=3
P2, tp=3, ts=3, x0=58472454
P3, tp=3, ts=3
P0, tp=3, ts=3
P0, tp=3, ts=3
P3, tp=3, ts=3
P3, tp=3, ts=3
P1, tp=3, ts=3, x0=650163376, x1=304455931
P1, tp=3, ts=3, x0=375245637, x1=664393022
P0, tp=3, ts=3
P1, tp=3, ts=3, x0=547689030, x1=543683985
P3, tp=3, ts=3
P3, tp=3, ts=3
P0, tp=3, ts=3
P0, tp=3, ts=3
P2, tp=3, ts=3, x0=431733222
P0, tp=3, ts=3
P1, tp=3, ts=3, x0=169709190, x1=297443443
P2, tp=3, ts=3, x0=935615518
P3, tp=3, ts=3
P0, tp=3, ts=3
P1, tp=3, ts=3, x0=313000855, x1=830685839
P2, tp=3, ts=3, x0=670058263
P1, tp=3, ts=3, x0=384177193, x1=313000855
P0, tp=3, ts=3
P3, tp=3, ts=3
P2, tp=3, ts=3, x0=935615518
P0, tp=3, ts=3
P1, tp=3, ts=3, x0=375767226, x1=179577391
P2, tp=3, ts=3, x0=670734080
P2, tp=3, ts=3, x0=561504385
P2, tp=3, ts=3, x0=289375385
P2, tp=3, ts=3, x0=591812553
P2, tp=3, ts=3, x0=179241364
P0, tp=3, ts=3
P0, tp=3, ts=3
P0, tp=3, ts=3
P2, tp=3, ts=3, x0=405424725
P2, tp=3, ts=3, x0=861545272
P1, tp=3, ts=3, x0=419963345, x1=397440397
P1, tp=3, ts=3, x0=70262972, x1=94793001
P1, tp=3, ts=3, x0=428400477, x1=918223692
P2, tp=3, ts=3, x0=853248313
P2, tp=3, ts=3, x0=666069912
P1, tp=3, ts=3, x0=428400477, x1=94793001
P3, tp=3, ts=3
P0, tp=3, ts=3
P1, tp=3, ts=3, x0=862126338, x1=880523698
P0, tp=3, ts=3
P2, tp=3, ts=3, x0=543931490
P0, tp=3, ts=3
P1, tp=3, ts=3, x0=107742758, x1=561504385
P0, tp=3, ts=3
P0, tp=3, ts=3
P3, tp=3, ts=3
P1, tp=3, ts=3, x0=535572610, x1=6245304
P3, tp=3, ts=3
P1, tp=3, ts=3, x0=918223692, x1=193656790
P0, tp=3, ts=3
P2, tp=3, ts=3, x0=390661313
P3, tp=3, ts=3
P1, tp=3, ts=3, x0=704032238, x1=282432678
P3, tp=3, ts=3
P3, tp=3, ts=3
P1, tp=3, ts=3, x0=90917380, x1=354257193
P3, tp=3, ts=3
P2, tp=3, ts=3, x0=688669994
P2, tp=3, ts=3, x0=900700466
P0, tp=3, ts=3
P3, tp=3, ts=3
P0, tp=3, ts=3
P1, tp=3, ts=3, x0=751739590, x1=397440397
P1, tp=3, ts=3, x0=70262972, x1=829467575
P3, tp=3, ts=3
P1, tp=3, ts=3, x0=721139557, x1=299183796
P1, tp=3, ts=3, x0=409864920, x1=347227054
P3, tp=3, ts=3
P1, tp=3, ts=3, x0=282432678, x1=758722199
P2, tp=3, ts=3, x0=905418107
P1, tp=3, ts=3, x0=981708921, x1=375767226
P0, tp=3, ts=3
P1, tp=3, ts=3, x0=829467575, x1=855879721
P0, tp=3, ts=3
P3, tp=3, ts=3
P1, tp=3, ts=3, x0=522398784, x1=688669994
P3, tp=3, ts=3
P2, tp=3, ts=3, x0=70262972
P2, tp=3, ts=3, x0=70262972
P1, tp=3, ts=3, x0=628101130, x1=114375686
P0, tp=3, ts=3
P2, tp=3, ts=3, x0=953424700
P1, tp=3, ts=3, x0=390661313, x1=543683985
P1, tp=3, ts=3, x0=584197508, x1=390661313
P3, tp=3, ts=3
P0, tp=3, ts=3
P3, tp=3, ts=3
P2, tp=3, ts=3, x0=299183796
P1, tp=3, ts=3, x0=347227054, x1=139763056
P3, tp=3, ts=3
P2, tp=3, ts=3, x0=666069912
P0, tp=3, ts=3
P1, tp=3, ts=3, x0=779278546, x1=862126338
P2, tp=3, ts=3, x0=935615518
P3, tp=3, ts=3
P3, tp=3, ts=3
P3, tp=3, ts=3
P3, tp=3, ts=3
P3, tp=3, ts=3
P1, tp=3, ts=3, x0=5943, x1=561504385
P3, tp=3, ts=3
P2, tp=3, ts=3, x0=90917380
P1, tp=3, ts=3, x0=666069912, x1=855879721
P0, tp=3, ts=3
P1, tp=3, ts=3, x0=169709190, x1=397440397
P2, tp=3, ts=3, x0=918223692
P2, tp=3, ts=3, x0=390661313
P2, tp=3, ts=3, x0=941911282
P2, tp=3, ts=3, x0=890468341
P3, tp=3, ts=3
P2, tp=3, ts=3, x0=666069912
P1, tp=3, ts=3, x0=723499295, x1=900700466
P3, tp=3, ts=3
P0, tp=3, ts=3
P2, tp=3, ts=3, x0=406345966
P2, tp=3, ts=3, x0=114375686
P2, tp=3, ts=3, x0=287234369
P1, tp=3, ts=3, x0=322282226, x1=70262972
P1, tp=3, ts=3, x0=580594376, x1=122211783
P2, tp=3, ts=3, x0=666069912
P1, tp=3, ts=3, x0=140845504, x1=935615518
P3, tp=3, ts=3
P1, tp=3, ts=3, x0=476130386, x1=981708921
P2, tp=3, ts=3, x0=857202047
P2, tp=3, ts=3, x0=384177193
P0, tp=3, ts=3
P3, tp=3, ts=3
P3, tp=3, ts=3
P3, tp=3, ts=3
P0, tp=3, ts=3
P0, tp=3, ts=3
P2, tp=3, ts=3, x0=628101130
P3, tp=3, ts=3
P3, tp=3, ts=3
P2, tp=3, ts=3, x0=495894241
P3, tp=3, ts=3
P3, tp=3, ts=3
P0, tp=3, ts=3
P0, tp=3, ts=3
P1, tp=3, ts=3, x0=375767226, x1=406345966
P0, tp=3, ts=3
P1, tp=3, ts=3, x0=922192765, x1=670734080
P0, tp=3, ts=3
P1, tp=3, ts=3, x0=336182131, x1=341761146
P1, tp=3, ts=3, x0=650163376, x1=636201402
P3, tp=3, ts=3
P2, tp=3, ts=3, x0=688669994
P1, tp=3, ts=3, x0=941911282, x1=880523698
P1, tp=3, ts=3, x0=862126338, x1=713579292
P1, tp=3, ts=3, x0=179241364, x1=543683985
P0, tp=3, ts=3
P2, tp=3, ts=3, x0=721139557
P3, tp=3, ts=3
P3, tp=3, ts=3
P1, tp=3, ts=3, x0=409864920, x1=304455931
P2, tp=3, ts=3, x0=6245304
P3, tp=3, ts=3
P0, tp=3, ts=3
P1, tp=3, ts=3, x0=953424700, x1=152108441
P3, tp=3, ts=3
P1, tp=3, ts=3, x0=322282226, x1=721139557
P1, tp=3, ts=3, x0=561504385, x1=406345966
P1, tp=3, ts=3, x0=193656790, x1=317058386
P3, tp=3, ts=3
P0, tp=3, ts=3
P3, tp=3, ts=3
P3, tp=3, ts=3
P0, tp=3, ts=3
P0, tp=3, ts=3
P3, tp=3, ts=3
P1, tp=3, ts=3, x0=905418107, x1=941911282
P1, tp=3, ts=3, x0=905418107, x1=353081573
P0, tp=3, ts=3
P0, tp=3, ts=3
P1, tp=3, ts=3, x0=193656790, x1=905418107
P2, tp=3, ts=3, x0=964125546
P1, tp=3, ts=3, x0=982149770, x1=711454865
P1, tp=3, ts=3, x0=751739590, x1=561504385
P2, tp=3, ts=3, x0=576349149
P3, tp=3, ts=3
P2, tp=3, ts=3, x0=721139557
P3, tp=3, ts=3
P0, tp=3, ts=3
P0, tp=3, ts=3
P1, tp=3, ts=3, x0=890468341, x1=580594376
P3, tp=3, ts=3
P2, tp=3, ts=3, x0=70262972
P1, tp=3, ts=3, x0=405424725, x1=670734080
P1, tp=3, ts=3, x0=666069912, x1=802939665
P3, tp=3, ts=3
P3, tp=3, ts=3
P2, tp=3, ts=3, x0=830685839
P2, tp=3, ts=3, x0=498010034
P2, tp=3, ts=3, x0=428400477
P3, tp=3, ts=3
P3, tp=3, ts=3
P1, tp=3, ts=3, x0=70262972, x1=409864920
P0, tp=3, ts=3
P3, tp=3, ts=3
P2, tp=3, ts=3, x0=231154087
P2, tp=3, ts=3, x0=428400477
P0, tp=3, ts=3
P2, tp=3, ts=3, x0=918223692
P0, tp=3, ts=3
P2, tp=3, ts=3, x0=287234369
P2, tp=3, ts=3, x0=657525344
P0, tp=3, ts=3
P1, tp=3, ts=3, x0=591812553, x1=857202047
P3, tp=3, ts=3
P2, tp=3, ts=3, x0=670734080
P1, tp=3, ts=3, x0=918223692, x1=689395199
P2, tp=3, ts=3, x0=922192765
P2, tp=3, ts=3, x0=958857716
P1, tp=3, ts=3, x0=857202047, x1=760741606
P3, tp=3, ts=3
P0, tp=3, ts=3
P3, tp=3, ts=3
P1, tp=3, ts=3, x0=670734080, x1=591812553
P2, tp=3, ts=3, x0=322282226
P0, tp=3, ts=3
P2, tp=3, ts=3, x0=468373969
P0, tp=3, ts=3
P0, tp=3, ts=3
P2, tp=3, ts=3, x0=691535736
P3, tp=3, ts=3
P0, tp=3, ts=3
P1, tp=3, ts=3, x0=628101130, x1=744376998
P1, tp=3, ts=3, x0=810626819, x1=576349149
P3, tp=3, ts=3
P2, tp=3, ts=3, x0=826658154
P0, tp=3, ts=3
P1, tp=3, ts=3, x0=829467575, x1=347227054
P3, tp=3, ts=3
P0, tp=3, ts=3
P1, tp=3, ts=3, x0=861618486, x1=191353083
P2, tp=3, ts=3, x0=4784336
P3, tp=3, ts=3
P0, tp=3, ts=3
P3, tp=3, ts=3
P1, tp=3, ts=3, x0=347227054, x1=689395199
P0, tp=3, ts=3
P0, tp=3, ts=3
P0, tp=3, ts=3
P0, tp=3, ts=3
P2, tp=3, ts=3, x0=935615518
P2, tp=3, ts=3, x0=588312260
P2, tp=3, ts=3, x0=299183796
P3, tp=3, ts=3
P0, tp=3, ts=3
P0, tp=3, ts=3
P1, tp=3, ts=3, x0=953424700, x1=588312260
P2, tp=3, ts=3, x0=140845504
P0, tp=3, ts=3
P0, tp=3, ts=3
P0, tp=3, ts=3
P0, tp=3, ts=3
P2, tp=3, ts=3, x0=973098385
P0, tp=3, ts=3
P3, tp=3, ts=3
P0, tp=3, ts=3
P2, tp=3, ts=3, x0=397220999
P2, tp=3, ts=3, x0=689395199
P2, tp=3, ts=3, x0=336182131
P0, tp=3, ts=3
P0, tp=3, ts=3
P2, tp=3, ts=3, x0=476130386
P3, tp=3, ts=3
P2, tp=3, ts=3, x0=826658154
P2, tp=3, ts=3, x0=861545272
P0, tp=3, ts=3
P2, tp=3, ts=3, x0=664393022
P1, tp=3, ts=3, x0=670734080, x1=392989320
P1, tp=3, ts=3, x0=615072235, x1=353081573
P0, tp=3, ts=3
P3, tp=3, ts=3
P0, tp=3, ts=3
P2, tp=3, ts=3, x0=384177193
P2, tp=3, ts=3, x0=332794731
P0, tp=3, ts=3
P2, tp=3, ts=3, x0=830685839
P1, tp=3, ts=3, x0=468373969, x1=580594376
P0, tp=3, ts=3
P1, tp=3, ts=3, x0=657525344, x1=691535736
P2, tp=3, ts=3, x0=231154087
P3, tp=3, ts=3
P3, tp=3, ts=3
P3, tp=3, ts=3
P3, tp=4, ts=4
P0, tp=4, ts=4
P1, tp=4, ts=4, x0=829467575, x1=855879721
P1, tp=4, ts=4, x0=97101423, x1=982149770
P3, tp=4, ts=4
P3, tp=4, ts=4
P1, tp=4, ts=4, x0=347227054, x1=900700466
P1, tp=4, ts=4, x0=468373969, x1=713579292
P1, tp=4, ts=4, x0=4784336, x1=522398784
P0, tp=4, ts=4
P0, tp=4, ts=4
P2, tp=4, ts=4, x0=990717429
P1, tp=4, ts=4, x0=409864920, x1=829467575
P0, tp=4, ts=4
P0, tp=4, ts=4
P1, tp=4, ts=4, x0=405424725, x1=779278546
P2, tp=4, ts=4, x0=390661313
P1, tp=4, ts=4, x0=406345966, x1=169709190
P2, tp=4, ts=4, x0=351453074
P0, tp=4, ts=4
P0, tp=4, ts=4
P0, tp=4, ts=4
P0, tp=4, ts=4
P0, tp=4, ts=4
P0, tp=4, ts=4
P2, tp=4, ts=4, x0=650163376
P2, tp=4, ts=4, x0=304455931
P2, tp=4, ts=4, x0=689395199
P0, tp=4, ts=4
P3, tp=4, ts=4
P1, tp=4, ts=4, x0=297443443, x1=193656790
P3, tp=4, ts=4
P1, tp=4, ts=4, x0=332794731, x1=688669994
P3, tp=4, ts=4
P2, tp=4, ts=4, x0=958857716
P2, tp=4, ts=4, x0=688669994
P0, tp=4, ts=4
P0, tp=4, ts=4
P0, tp=4, ts=4
P1, tp=4, ts=4, x0=522398784, x1=179577391
P1, tp=4, ts=4, x0=114375686, x1=289375385
P3, tp=4, ts=4
P3, tp=4, ts=4
P3, tp=4, ts=4
P2, tp=4, ts=4, x0=588312260
P2, tp=4, ts=4, x0=25847941
P3, tp=4, ts=4
P3, tp=4, ts=4
P3, tp=4, ts=4
P2, tp=4, ts=4, x0=495894241
P1, tp=4, ts=4, x0=636201402, x1=576349149
P3, tp=4, ts=4
P1, tp=4, ts=4, x0=375245637, x1=941911282
P1, tp=4, ts=4, x0=768676076, x1=688669994
P1, tp=4, ts=4, x0=347227054, x1=953424700
P2, tp=4, ts=4, x0=779278546
P1, tp=4, ts=4, x0=375245637, x1=287234369
P2, tp=4, ts=4, x0=347227054
P1, tp=4, ts=4, x0=592178228, x1=375245637
P3, tp=4, ts=4
P1, tp=4, ts=4, x0=576349149, x1=953424700
P3, tp=4, ts=4
P2, tp=4, ts=4, x0=576349149
P0, tp=4, ts=4
P3, tp=4, ts=4
P2, tp=4, ts=4, x0=711454865
P2, tp=4, ts=4, x0=152108441
P2, tp=4, ts=4, x0=347227054
P2, tp=4, ts=4, x0=802939665
P1, tp=4, ts=4, x0=392989320, x1=458749650
P2, tp=4, ts=4, x0=397220999
P2, tp=4, ts=4, x0=953424700
P1, tp=4, ts=4, x0=636201402, x1=905418107
P2, tp=4, ts=4, x0=152108441
P1, tp=4, ts=4, x0=861545272, x1=397220999
P0, tp=4, ts=4
P3, tp=4, ts=4
P1, tp=4, ts=4, x0=287234369, x1=982149770
P1, tp=4, ts=4, x0=468373969, x1=576349149
P3, tp=4, ts=4
P0, tp=4, ts=4
P1, tp=4, ts=4, x0=964125546, x1=354257193
P0, tp=4, ts=4
P1, tp=4, ts=4, x0=592178228, x1=409864920
P3, tp=4, ts=4
P2, tp=4, ts=4, x0=299183796
P2, tp=4, ts=4, x0=498010034
P0, tp=4, ts=4
P0, tp=4, ts=4
P1, tp=4, ts=4, x0=810626819, x1=409864920
P3, tp=4, ts=4
P3, tp=4, ts=4
P2, tp=4, ts=4, x0=179241364
P0, tp=4, ts=4
P0, tp=4, ts=4
P1, tp=4, ts=4, x0=591812553, x1=235305490
P1, tp=4, ts=4, x0=442273573, x1=898932244
P2, tp=4, ts=4, x0=810626819
P1, tp=4, ts=4, x0=941911282, x1=152108441
P1, tp=4, ts=4, x0=691535736, x1=941911282
P1, tp=4, ts=4, x0=5943, x1=636201402
P2, tp=4, ts=4, x0=628101130
P2, tp=4, ts=4, x0=900700466
P2, tp=4, ts=4, x0=4784336
P2, tp=4, ts=4, x0=855879721
P2, tp=4, ts=4, x0=532672023
P2, tp=4, ts=4, x0=406345966
P0, tp=4, ts=4
P2, tp=4, ts=4, x0=666069912
P3, tp=4, ts=4
P2, tp=4, ts=4, x0=982149770
P1, tp=4, ts=4, x0=259374227, x1=119165411
P2, tp=4, ts=4, x0=384177193
P1, tp=4, ts=4, x0=953424700, x1=810626819
P1, tp=4, ts=4, x0=953424700, x1=802939665
P1, tp=4, ts=4, x0=576349149, x1=458749650
P3, tp=4, ts=4
P3, tp=4, ts=4
P0, tp=4, ts=4
P2, tp=4, ts=4, x0=584197508
P3, tp=4, ts=4
P2, tp=4, ts=4, x0=179577391
P3, tp=4, ts=4
P0, tp=4, ts=4
P3, tp=4, ts=4
P3, tp=4, ts=4
P1, tp=4, ts=4, x0=670734080, x1=351453074
P3, tp=4, ts=4
P1, tp=4, ts=4, x0=760741606, x1=723499295
P1, tp=4, ts=4, x0=392989320, x1=760741606
P1, tp=4, ts=4, x0=768676076, x1=107742758
P0, tp=4, ts=4
P3, tp=4, ts=4
P0, tp=4, ts=4
P2, tp=4, ts=4, x0=922192765
P3, tp=4, ts=4
P2, tp=4, ts=4, x0=615072235
P2, tp=4, ts=4, x0=830685839
P0, tp=4, ts=4
P2, tp=4, ts=4, x0=288423839
P3, tp=4, ts=4
P0, tp=4, ts=4
P2, tp=4, ts=4, x0=390661313
P3, tp=4, ts=4
P0, tp=4, ts=4
P0, tp=4, ts=4
P1, tp=4, ts=4, x0=857202047, x1=898932244
P1, tp=4, ts=4, x0=354257193, x1=713711806
P2, tp=4, ts=4, x0=918223692
P2, tp=4, ts=4, x0=902214288
P2, tp=4, ts=4, x0=152108441
P3, tp=4, ts=4
P0, tp=4, ts=4
P1, tp=4, ts=4, x0=905418107, x1=905418107
P1, tp=4, ts=4, x0=406345966, x1=890468341
P1, tp=4, ts=4, x0=289375385, x1=392989320
P2, tp=4, ts=4, x0=442273573
P0, tp=4, ts=4
P0, tp=4, ts=4
P2, tp=4, ts=4, x0=826658154
P3, tp=4, ts=4
P0, tp=4, ts=4
P1, tp=4, ts=4, x0=636201402, x1=341761146
P2, tp=4, ts=4, x0=392989320
P3, tp=4, ts=4
P2, tp=4, ts=4, x0=982149770
P3, tp=4, ts=4
P0, tp=4, ts=4
P1, tp=4, ts=4, x0=861618486, x1=982149770
P1, tp=4, ts=4, x0=405424725, x1=857202047
P2, tp=4, ts=4, x0=442273573
P2, tp=4, ts=4, x0=760741606
P3, tp=4, ts=4
P1, tp=4, ts=4, x0=347227054, x1=374141174
P0, tp=4, ts=4
P3, tp=4, ts=4
P2, tp=4, ts=4, x0=744376998
P2, tp=4, ts=4, x0=990717429
P1, tp=4, ts=4, x0=332794731, x1=384177193
P2, tp=4, ts=4, x0=193656790
P1, tp=4, ts=4, x0=857202047, x1=691535736
P0, tp=4, ts=4
P3, tp=4, ts=4
P1, tp=4, ts=4, x0=6245304, x1=290015491
P1, tp=4, ts=4, x0=768676076, x1=119165411
P3, tp=4, ts=4
P3, tp=4, ts=4
P1, tp=4, ts=4, x0=861618486, x1=779278546
P2, tp=4, ts=4, x0=288423839
P0, tp=4, ts=4
P3, tp=4, ts=4
P2, tp=4, ts=4, x0=862126338
P1, tp=4, ts=4, x0=392989320, x1=70262972
P0, tp=4, ts=4
P0, tp=4, ts=4
P1, tp=4, ts=4, x0=935615518, x1=922192765
P3, tp=4, ts=4
P1, tp=4, ts=4, x0=664393022, x1=615072235
P0, tp=4, ts=4
P2, tp=4, ts=4, x0=982149770
P2, tp=4, ts=4, x0=476130386
P3, tp=4, ts=4
P1, tp=4, ts=4, x0=855879721, x1=664393022
P2, tp=4, ts=4, x0=499671516
P2, tp=4, ts=4, x0=802939665
P2, tp=4, ts=4, x0=6245304
P1, tp=4, ts=4, x0=25847941, x1=231154087
P2, tp=4, ts=4, x0=861618486
P2, tp=4, ts=4, x0=169709190
P0, tp=4, ts=4
P3, tp=4, ts=4
P0, tp=4, ts=4
P2, tp=4, ts=4, x0=332794731
P3, tp=4, ts=4
P0, tp=4, ts=4
P1, tp=4, ts=4, x0=689934696, x1=922192765
P0, tp=4, ts=4
P1, tp=4, ts=4, x0=5943, x1=822219488
P2, tp=4, ts=4, x0=584197508
P1, tp=4, ts=4, x0=17971017, x1=890468341
P0, tp=4, ts=4
P0, tp=4, ts=4
P1, tp=4, ts=4, x0=713711806, x1=862126338
P3, tp=4, ts=4
P1, tp=4, ts=4, x0=140845504, x1=409864920
P1, tp=4, ts=4, x0=405424725, x1=4784336
P1, tp=4, ts=4, x0=935615518, x1=169709190
P2, tp=4, ts=4, x0=348603372
P1, tp=4, ts=4, x0=495894241, x1=857202047
P3, tp=4, ts=4
P3, tp=4, ts=4
P2, tp=4, ts=4, x0=94793001
P3, tp=4, ts=4
P2, tp=4, ts=4, x0=713579292
P3, tp=4, ts=4
P3, tp=4, ts=4
P2, tp=4, ts=4, x0=830685839
P1, tp=4, ts=4, x0=119165411, x1=941911282
P3, tp=4, ts=4
P3, tp=4, ts=4
P0, tp=4, ts=4
P0, tp=4, ts=4
P1, tp=4, ts=4, x0=990717429, x1=829467575
P3, tp=4, ts=4
P2, tp=4, ts=4, x0=4784336
P1, tp=4, ts=4, x0=70262972, x1=317058386
P0, tp=4, ts=4
P3, tp=4, ts=4
P3, tp=4, ts=4
P1, tp=4, ts=4, x0=636201402, x1=711454865
P0, tp=4, ts=4
P2, tp=4, ts=4, x0=941911282
P1, tp=4, ts=4, x0=4784336, x1=713579292
P0, tp=4, ts=4
P2, tp=4, ts=4, x0=973098385
P0, tp=4, ts=4
P2, tp=4, ts=4, x0=119165411
P2, tp=4, ts=4, x0=17971017
P0, tp=4, ts=4
P0, tp=4, ts=4
P1, tp=4, ts=4, x0=392989320, x1=169709190
P0, tp=4, ts=4
P3, tp=4, ts=4
P3, tp=4, ts=4
P1, tp=4, ts=4, x0=522398784, x1=17971017
P0, tp=4, ts=4
P0, tp=4, ts=4
P1, tp=4, ts=4, x0=374141174, x1=375245637
P3, tp=4, ts=4
P1, tp=4, ts=4, x0=826658154, x1=231154087
P1, tp=4, ts=4, x0=615072235, x1=406345966
P2, tp=4, ts=4, x0=6245304
P2, tp=4, ts=4, x0=179577391
P3, tp=4, ts=4
P2, tp=4, ts=4, x0=741366095
P1, tp=4, ts=4, x0=826658154, x1=495894241
P1, tp=4, ts=4, x0=405424725, x1=958857716
P0, tp=4, ts=4
P3, tp=4, ts=4
P3, tp=4, ts=4
P3, tp=4, ts=4
P3, tp=4, ts=4
P3, tp=4, ts=4
P1, tp=4, ts=4, x0=818659379, x1=890468341
P3, tp=4, ts=4
P3, tp=4, ts=4
P1, tp=4, ts=4, x0=384177193, x1=964125546
P3, tp=4, ts=4
P3, tp=4, ts=4
P3, tp=4, ts=4
P1, tp=4, ts=4, x0=468373969, x1=332794731
P2, tp=4, ts=4, x0=902214288
P2, tp=4, ts=4, x0=354257193
P2, tp=4, ts=4, x0=898932244
P0, tp=4, ts=4
P0, tp=4, ts=4
P1, tp=4, ts=4, x0=830685839, x1=288423839
P0, tp=4, ts=4
P1, tp=4, ts=4, x0=499267842, x1=604560841
P1, tp=4, ts=4, x0=918223692, x1=604560841
P2, tp=4, ts=4, x0=922192765
P2, tp=4, ts=4, x0=90917380
P2, tp=4, ts=4, x0=918223692
P1, tp=4, ts=4, x0=375245637, x1=973098385
P1, tp=4, ts=4, x0=193656790, x1=861545272
P2, tp=4, ts=4, x0=636201402
P2, tp=4, ts=4, x0=818659379
P3, tp=4, ts=4
P1, tp=4, ts=4, x0=322282226, x1=506382430
P2, tp=4, ts=4, x0=354257193
P0, tp=4, ts=4
P3, tp=4, ts=4
P0, tp=4, ts=4
P2, tp=4, ts=4, x0=658923165
P1, tp=4, ts=4, x0=604560841, x1=706281422
P2, tp=4, ts=4, x0=90917380
P2, tp=4, ts=4, x0=711454865
P0, tp=4, ts=4
P0, tp=4, ts=4
P2, tp=4, ts=4, x0=107742758
P0, tp=4, ts=4
P0, tp=4, ts=4
P0, tp=4, ts=4
P1, tp=4, ts=4, x0=193656790, x1=964125546
P1, tp=4, ts=4, x0=588312260, x1=543683985
P2, tp=4, ts=4, x0=691535736
P2, tp=4, ts=4, x0=332794731
P2, tp=4, ts=4, x0=357247781
P1, tp=4, ts=4, x0=521629767, x1=4784336
P2, tp=4, ts=4, x0=499267842
P2, tp=4, ts=4, x0=826658154
P2, tp=4, ts=4, x0=880523698
P2, tp=4, ts=4, x0=26364352
P0, tp=4, ts=4
P1, tp=4, ts=4, x0=711454865, x1=818659379
P3, tp=4, ts=4
P1, tp=4, ts=4, x0=499671516, x1=193656790
P2, tp=4, ts=4, x0=184427475
P1, tp=4, ts=4, x0=953424700, x1=760741606
P3, tp=4, ts=4
P1, tp=4, ts=4, x0=836770281, x1=90917380
P2, tp=4, ts=4, x0=197438191
P2, tp=4, ts=4, x0=893862227
P1, tp=4, ts=4, x0=70262972, x1=169709190
P2, tp=4, ts=4, x0=405424725
P3, tp=4, ts=4
P0, tp=4, ts=4
P3, tp=4, ts=4
P0, tp=4, ts=4
P0, tp=4, ts=4
P1, tp=4, ts=4, x0=760741606, x1=636201402
P3, tp=4, ts=4
P3, tp=4, ts=4
P3, tp=4, ts=4
P3, tp=4, ts=4
P1, tp=4, ts=4, x0=964125546, x1=532672023
P1, tp=4, ts=4, x0=107742758, x1=137855321
P0, tp=4, ts=4
P2, tp=4, ts=4, x0=964125546
P2, tp=4, ts=4, x0=902214288
P0, tp=4, ts=4
P2, tp=4, ts=4, x0=332794731
P2, tp=4, ts=4, x0=588312260
P2, tp=4, ts=4, x0=604560841
P0, tp=4, ts=4
P1, tp=4, ts=4, x0=106310220, x1=768676076
P2, tp=4, ts=4, x0=175504189
P2, tp=4, ts=4, x0=94793001
P3, tp=4, ts=4
P1, tp=4, ts=4, x0=107742758, x1=297471559
P3, tp=4, ts=4
P2, tp=4, ts=4, x0=392989320
P0, tp=4, ts=4
P2, tp=4, ts=4, x0=193656790
P0, tp=4, ts=4
P2, tp=4, ts=4, x0=922192765
P3, tp=4, ts=4
P1, tp=4, ts=4, x0=357247781, x1=880523698
P3, tp=4, ts=4
P2, tp=4, ts=4, x0=880523698
P3, tp=4, ts=4
P1, tp=4, ts=4, x0=918223692, x1=682904797
P0, tp=4, ts=4
P2, tp=4, ts=4, x0=855879721
P0, tp=4, ts=4
P2, tp=4, ts=4, x0=779278546
P3, tp=4, ts=4
P1, tp=4, ts=4, x0=499671516, x1=290015491
P1, tp=4, ts=4, x0=499267842, x1=628101130
P0, tp=4, ts=4
P2, tp=4, ts=4, x0=26364352
P3, tp=4, ts=4
P2, tp=4, ts=4, x0=506382430
P0, tp=4, ts=4
P2, tp=4, ts=4, x0=169709190
P0, tp=4, ts=4
P2, tp=4, ts=4, x0=826658154
P0, tp=4, ts=4
P3, tp=4, ts=4
P2, tp=4, ts=4, x0=409864920
P3, tp=4, ts=4
P2, tp=4, ts=4, x0=588312260
P1, tp=4, ts=4, x0=193656790, x1=283691082
P3, tp=4, ts=4
P1, tp=4, ts=4, x0=698420683, x1=317058386
P2, tp=4, ts=4, x0=628101130
P1, tp=4, ts=4, x0=905418107, x1=826658154
P2, tp=4, ts=4, x0=898932244
P1, tp=4, ts=4, x0=922192765, x1=468373969
P0, tp=4, ts=4
P2, tp=4, ts=4, x0=744376998
P2, tp=4, ts=4, x0=982149770
P3, tp=4, ts=4
P0, tp=4, ts=4
P3, tp=4, ts=4
P3, tp=4, ts=4
P0, tp=4, ts=4
P3, tp=4, ts=4
P1, tp=4, ts=4, x0=682904797, x1=822219488
P2, tp=4, ts=4, x0=348603372
P1, tp=4, ts=4, x0=193656790, x1=90917380
P0, tp=4, ts=4
P2, tp=4, ts=4, x0=532672023
P1, tp=4, ts=4, x0=332794731, x1=958857716
P1, tp=4, ts=4, x0=670734080, x1=861618486
P0, tp=4, ts=4
P1, tp=4, ts=4, x0=384177193, x1=751739590
P2, tp=4, ts=4, x0=341761146
P1, tp=4, ts=4, x0=140845504, x1=119165411
P2, tp=4, ts=4, x0=592178228
P0, tp=4, ts=4
P3, tp=4, ts=4
P2, tp=4, ts=4, x0=392989320
P2, tp=4, ts=4, x0=351453074
P0, tp=4, ts=4
P2, tp=4, ts=4, x0=107742758
P2, tp=4, ts=4, x0=348603372
P2, tp=4, ts=4, x0=628101130
P0, tp=4, ts=4
P0, tp=4, ts=4
P0, tp=4, ts=4
P2, tp=4, ts=4, x0=169709190
P3, tp=4, ts=4
P3, tp=4, ts=4
P2, tp=4, ts=4, x0=982149770
P1, tp=4, ts=4, x0=409864920, x1=397220999
P2, tp=4, ts=4, x0=711454865
P0, tp=4, ts=4
P2, tp=4, ts=4, x0=826658154
P3, tp=4, ts=4
P3, tp=4, ts=4
P0, tp=4, ts=4
P2, tp=4, ts=4, x0=615072235
P1, tp=4, ts=4, x0=861545272, x1=615072235
P3, tp=4, ts=4
P2, tp=4, ts=4, x0=731865063
P2, tp=4, ts=4, x0=114375686
P3, tp=4, ts=4
P0, tp=4, ts=4
P2, tp=4, ts=4, x0=768676076
P0, tp=4, ts=4
P2, tp=4, ts=4, x0=409864920
P2, tp=4, ts=4, x0=458749650
P2, tp=4, ts=4, x0=179577391
P2, tp=4, ts=4, x0=297471559
P2, tp=4, ts=4, x0=4784336
P0, tp=4, ts=4
P3, tp=4, ts=4
P1, tp=4, ts=4, x0=670734080, x1=953424700
P1, tp=4, ts=4, x0=495894241, x1=406345966
P0, tp=4, ts=4
P0, tp=4, ts=4
P2, tp=4, ts=4, x0=94793001
P3, tp=4, ts=4
P2, tp=4, ts=4, x0=521629767
P0, tp=4, ts=4
P1, tp=4, ts=4, x0=760741606, x1=357247781
P0, tp=4, ts=4
P2, tp=4, ts=4, x0=374141174
P2, tp=4, ts=4, x0=941911282
P2, tp=4, ts=4, x0=169709190
P0, tp=4, ts=4
P1, tp=4, ts=4, x0=861545272, x1=348603372
P1, tp=4, ts=4, x0=592178228, x1=982149770
P0, tp=4, ts=4
P2, tp=4, ts=4, x0=197438191
P0, tp=4, ts=4
P1, tp=4, ts=4, x0=499671516, x1=499267842
P3, tp=4, ts=4
P1, tp=4, ts=4, x0=664393022, x1=744376998
P0, tp=4, ts=4
P3, tp=4, ts=4
P3, tp=4, ts=4
P1, tp=4, ts=4, x0=982149770, x1=322282226
P2, tp=4, ts=4, x0=14491654
P0, tp=4, ts=4
P2, tp=4, ts=4, x0=384177193
P2, tp=4, ts=4, x0=744376998
P1, tp=4, ts=4, x0=941911282, x1=90917380
P2, tp=4, ts=4, x0=707085939
P1, tp=4, ts=4, x0=169709190, x1=114375686
P2, tp=4, ts=4, x0=442273573
P2, tp=4, ts=4, x0=253158667
P1, tp=4, ts=4, x0=941911282, x1=289375385
P1, tp=4, ts=4, x0=384177193, x1=506382430
P3, tp=4, ts=4
P0, tp=4, ts=4
P1, tp=4, ts=4, x0=905418107, x1=898932244
P1, tp=4, ts=4, x0=615072235, x1=374141174
P1, tp=4, ts=4, x0=707085939, x1=97101423
P0, tp=4, ts=4
P2, tp=4, ts=4, x0=982149770
P3, tp=4, ts=4
P3, tp=4, ts=4
P1, tp=4, ts=4, x0=885480212, x1=818659379
P3, tp=4, ts=4
P1, tp=4, ts=4, x0=691535736, x1=893862227
P1, tp=4, ts=4, x0=169709190, x1=522398784
P2, tp=4, ts=4, x0=374141174
P0, tp=4, ts=4
P1, tp=4, ts=4, x0=406345966, x1=711454865
P2, tp=4, ts=4, x0=670734080
P2, tp=4, ts=4, x0=283691082
P2, tp=4, ts=4, x0=4784336
P3, tp=4, ts=4
P0, tp=4, ts=4
P0, tp=4, ts=4
P1, tp=4, ts=4, x0=885480212, x1=297471559
P3, tp=4, ts=4
P0, tp=4, ts=4
P3, tp=4, ts=4
P2, tp=4, ts=4, x0=713579292
P3, tp=4, ts=4
P0, tp=4, ts=4
P1, tp=4, ts=4, x0=90917380, x1=499671516
P3, tp=4, ts=4
P2, tp=4, ts=4, x0=711454865
P1, tp=4, ts=4, x0=522398784, x1=576349149
P3, tp=4, ts=4
P3, tp=4, ts=4
P2, tp=4, ts=4, x0=664393022
P3, tp=4, ts=4
P3, tp=4, ts=4
P3, tp=4, ts=4
P1, tp=4, ts=4, x0=713579292, x1=964606019
P1, tp=4, ts=4, x0=332794731, x1=922192765
P1, tp=4, ts=4, x0=958857716, x1=571211854
P2, tp=4, ts=4, x0=905418107
P2, tp=4, ts=4, x0=94793001
P0, tp=4, ts=4
P3, tp=4, ts=4
P2, tp=4, ts=4, x0=184427475
P1, tp=4, ts=4, x0=97101423, x1=698420683
P3, tp=4, ts=4
P1, tp=4, ts=4, x0=571211854, x1=297443443
P2, tp=4, ts=4, x0=375245637
P0, tp=4, ts=4
P1, tp=4, ts=4, x0=90917380, x1=576429670
P2, tp=4, ts=4, x0=751739590
P2, tp=4, ts=4, x0=861618486
P3, tp=4, ts=4
P3, tp=4, ts=4
P1, tp=4, ts=4, x0=905418107, x1=898932244
P0, tp=4, ts=4
P1, tp=4, ts=4, x0=289375385, x1=354257193
P2, tp=4, ts=4, x0=94793001
P3, tp=4, ts=4
P3, tp=4, ts=4
P2, tp=4, ts=4, x0=543683985
P0, tp=4, ts=4
P0, tp=4, ts=4
P0, tp=4, ts=4
P0, tp=4, ts=4
P1, tp=4, ts=4, x0=506382430, x1=615072235
P1, tp=4, ts=4, x0=184427475, x1=332794731
P1, tp=4, ts=4, x0=405424725, x1=283691082
P3, tp=4, ts=4
P0, tp=4, ts=4
P2, tp=4, ts=4, x0=522398784
P2, tp=4, ts=4, x0=691535736
P0, tp=4, ts=4
P1, tp=4, ts=4, x0=4784336, x1=744376998
P1, tp=4, ts=4, x0=706281422, x1=576349149
P3, tp=4, ts=4
P0, tp=4, ts=4
P0, tp=4, ts=4
P2, tp=4, ts=4, x0=397220999
P2, tp=4, ts=4, x0=902214288
P1, tp=4, ts=4, x0=94793001, x1=857202047
P2, tp=4, ts=4, x0=442273573
P1, tp=4, ts=4, x0=982149770, x1=543683985
P1, tp=4, ts=4, x0=90917380, x1=322282226
P3, tp=4, ts=4
P2, tp=4, ts=4, x0=90917380
P0, tp=4, ts=4
P3, tp=4, ts=4
P1, tp=4, ts=4, x0=259374227, x1=922192765
P3, tp=4, ts=4
P2, tp=4, ts=4, x0=283691082
P1, tp=4, ts=4, x0=253158667, x1=678583550
P0, tp=4, ts=4
P2, tp=4, ts=4, x0=301121505
P0, tp=4, ts=4
P0, tp=4, ts=4
P3, tp=4, ts=4
P0, tp=4, ts=4
P0, tp=4, ts=4
P2, tp=4, ts=4, x0=348603372
P1, tp=4, ts=4, x0=964125546, x1=253158667
P1, tp=4, ts=4, x0=90917380, x1=522398784
P3, tp=4, ts=4
P2, tp=4, ts=4, x0=289375385
P2, tp=4, ts=4, x0=297471559
P3, tp=4, ts=4
P1, tp=4, ts=4, x0=301121505, x1=14491654
P2, tp=4, ts=4, x0=592178228
P2, tp=4, ts=4, x0=741366095
P0, tp=4, ts=4
P0, tp=4, ts=4
P2, tp=4, ts=4, x0=297443443
P1, tp=4, ts=4, x0=107742758, x1=26364352
P0, tp=4, ts=4
P3, tp=4, ts=4
P2, tp=4, ts=4, x0=635805104
P3, tp=4, ts=4
P1, tp=4, ts=4, x0=297471559, x1=543683985
P1, tp=4, ts=4, x0=458749650, x1=17971017
P2, tp=4, ts=4, x0=902214288
P0, tp=4, ts=4
P3, tp=4, ts=4
P1, tp=4, ts=4, x0=598436321, x1=592178228
P1, tp=4, ts=4, x0=902214288, x1=354257193
P3, tp=4, ts=4
P0, tp=4, ts=4
P3, tp=4, ts=4
P3, tp=4, ts=4
P1, tp=4, ts=4, x0=322282226, x1=107742758
P1, tp=4, ts=4, x0=744376998, x1=442273573
P1, tp=4, ts=4, x0=543683985, x1=169709190
P0, tp=4, ts=4
P1, tp=4, ts=4, x0=751739590, x1=90917380
P2, tp=4, ts=4, x0=576429670
P2, tp=4, ts=4, x0=106310220
P1, tp=4, ts=4, x0=329512743, x1=499267842
P3, tp=4, ts=4
P1, tp=4, ts=4, x0=691535736, x1=532672023
P1, tp=4, ts=4, x0=768676076, x1=384177193
P0, tp=4, ts=4
P1, tp=4, ts=4, x0=406345966, x1=458749650
P1, tp=4, ts=4, x0=604178919, x1=588312260
P1, tp=4, ts=4, x0=10882792, x1=598436321
P0, tp=4, ts=4
P3, tp=4, ts=4
P0, tp=4, ts=4
P2, tp=4, ts=4, x0=290015491
P0, tp=4, ts=4
P2, tp=4, ts=4, x0=348603372
P1, tp=4, ts=4, x0=332794731, x1=126482799
P2, tp=4, ts=4, x0=259374227
P3, tp=4, ts=4
P1, tp=4, ts=4, x0=615072235, x1=351453074
P3, tp=4, ts=4
P3, tp=4, ts=4
P0, tp=4, ts=4
P3, tp=4, ts=4
P1, tp=4, ts=4, x0=341761146, x1=918223692
P2, tp=4, ts=4, x0=604560841
P0, tp=4, ts=4
P1, tp=4, ts=4, x0=731865063, x1=922192765
P0, tp=4, ts=4
P2, tp=4, ts=4, x0=953424700
P1, tp=4, ts=4, x0=592178228, x1=822219488
P1, tp=4, ts=4, x0=604560841, x1=658923165
P2, tp=4, ts=4, x0=532672023
P3, tp=4, ts=4
P1, tp=4, ts=4, x0=576349149, x1=898932244
P1, tp=4, ts=4, x0=826658154, x1=317058386
P1, tp=4, ts=4, x0=664393022, x1=628101130
P0, tp=4, ts=4
P2, tp=4, ts=4, x0=197438191
P3, tp=4, ts=4
P0, tp=4, ts=4
P0, tp=4, ts=4
P0, tp=4, ts=4
P1, tp=4, ts=4, x0=259374227, x1=119165411
P2, tp=4, ts=4, x0=848697260
P1, tp=4, ts=4, x0=826658154, x1=521629767
P3, tp=4, ts=4
P0, tp=4, ts=4
P1, tp=4, ts=4, x0=90917380, x1=527902242
P3, tp=4, ts=4
P3, tp=4, ts=4
P3, tp=4, ts=4
P3, tp=4, ts=4
P3, tp=4, ts=4
P2, tp=4, ts=4, x0=818659379
P0, tp=4, ts=4
P2, tp=4, ts=4, x0=10882792
P0, tp=4, ts=4
P2, tp=4, ts=4, x0=571211854
P2, tp=4, ts=4, x0=741366095
P0, tp=4, ts=4
P2, tp=4, ts=4, x0=543683985
P2, tp=4, ts=4, x0=898932244
P0, tp=4, ts=4
P0, tp=4, ts=4
P1, tp=4, ts=4, x0=658923165, x1=375245637
P1, tp=4, ts=4, x0=119165411, x1=10882792
P2, tp=4, ts=4, x0=760741606
P2, tp=4, ts=4, x0=90917380
P0, tp=4, ts=4
P1, tp=4, ts=4, x0=658923165, x1=588312260
P2, tp=4, ts=4, x0=126482799
P2, tp=4, ts=4, x0=283691082
P0, tp=4, ts=4
P1, tp=4, ts=4, x0=332794731, x1=198565719
P3, tp=4, ts=4
P1, tp=4, ts=4, x0=14491654, x1=283691082
P2, tp=4, ts=4, x0=584197508
P0, tp=4, ts=4
P0, tp=4, ts=4
P1, tp=4, ts=4, x0=982149770, x1=571211854
P0, tp=4, ts=4
P2, tp=4, ts=4, x0=751739590
P0, tp=4, ts=4
P0, tp=4, ts=4
P1, tp=4, ts=4, x0=918223692, x1=982149770
P1, tp=4, ts=4, x0=615072235, x1=604560841
P0, tp=4, ts=4
P2, tp=4, ts=4, x0=506382430
P0, tp=4, ts=4
P3, tp=4, ts=4
P2, tp=4, ts=4, x0=397220999
P2, tp=4, ts=4, x0=499671516
P1, tp=4, ts=4, x0=341761146, x1=584197508
P0, tp=4, ts=4
P2, tp=4, ts=4, x0=855879721
P2, tp=4, ts=4, x0=253158667
P3, tp=4, ts=4
P3, tp=4, ts=4
P1, tp=4, ts=4, x0=20111226, x1=543683985
P1, tp=4, ts=4, x0=20111226, x1=628453384
P2, tp=4, ts=4, x0=751739590
P0, tp=4, ts=4
P2, tp=4, ts=4, x0=314490622
P0, tp=4, ts=4
P1, tp=4, ts=4, x0=14491654, x1=670734080
P1, tp=4, ts=4, x0=824472041, x1=374141174
P1, tp=4, ts=4, x0=532672023, x1=153488987
P1, tp=4, ts=4, x0=527902242, x1=20111226
P2, tp=4, ts=4, x0=670734080
P1, tp=4, ts=4, x0=137855321, x1=543683985
P3, tp=4, ts=4
P0, tp=4, ts=4
P1, tp=4, ts=4, x0=698420683, x1=818659379
P2, tp=4, ts=4, x0=576349149
P2, tp=4, ts=4, x0=713711806
P1, tp=4, ts=4, x0=635805104, x1=958857716
P0, tp=4, ts=4
P0, tp=4, ts=4
P3, tp=4, ts=4
P1, tp=4, ts=4, x0=297471559, x1=193656790
P0, tp=4, ts=4
P0, tp=4, ts=4
P0, tp=4, ts=4
P2, tp=4, ts=4, x0=682904797
P1, tp=4, ts=4, x0=574345176, x1=922192765
P2, tp=4, ts=4, x0=822219488
P3, tp=4, ts=4
P2, tp=4, ts=4, x0=918223692
P1, tp=4, ts=4, x0=592178228, x1=281460280
P2, tp=4, ts=4, x0=107742758
P0, tp=4, ts=4
P3, tp=4, ts=4
P1, tp=4, ts=4, x0=317058386, x1=691535736
P2, tp=4, ts=4, x0=628101130
P2, tp=4, ts=4, x0=826658154
P3, tp=4, ts=4
P3, tp=4, ts=4
P2, tp=4, ts=4, x0=982149770
P0, tp=4, ts=4
P2, tp=4, ts=4, x0=711454865
P1, tp=4, ts=4, x0=941911282, x1=678583550
P2, tp=4, ts=4, x0=468373969
P1, tp=4, ts=4, x0=576349149, x1=576429670
P2, tp=4, ts=4, x0=283691082
P0, tp=4, ts=4
P0, tp=4, ts=4
P1, tp=4, ts=4, x0=301121505, x1=670734080
P1, tp=4, ts=4, x0=351453074, x1=664393022
P0, tp=4, ts=4
P3, tp=4, ts=4
P1, tp=4, ts=4, x0=576349149, x1=879171845
P3, tp=4, ts=4
P0, tp=4, ts=4
P3, tp=4, ts=4
P2, tp=4, ts=4, x0=964606019
P0, tp=4, ts=4
P3, tp=4, ts=4
P2, tp=4, ts=4, x0=818659379
P0, tp=4, ts=4
P2, tp=4, ts=4, x0=731865063
P1, tp=4, ts=4, x0=848697260, x1=126482799
P1, tp=4, ts=4, x0=885480212, x1=153488987
P0, tp=4, ts=4
P1, tp=4, ts=4, x0=137855321, x1=506382430
P1, tp=4, ts=4, x0=288423839, x1=175504189
P3, tp=4, ts=4
P0, tp=4, ts=4
P3, tp=4, ts=4
P0, tp=4, ts=4
P3, tp=4, ts=4
P0, tp=4, ts=4
P1, tp=4, ts=4, x0=499267842, x1=953424700
P0, tp=4, ts=4
P1, tp=4, ts=4, x0=628101130, x1=442273573
P0, tp=4, ts=4
P1, tp=4, ts=4, x0=741366095, x1=198565719
P1, tp=4, ts=4, x0=169709190, x1=902214288
P1, tp=4, ts=4, x0=664393022, x1=458749650
P1, tp=4, ts=4, x0=521629767, x1=658923165
P3, tp=4, ts=4
P0, tp=4, ts=4
P0, tp=4, ts=4
P2, tp=4, ts=4, x0=982149770
P1, tp=4, ts=4, x0=918223692, x1=982149770
P1, tp=4, ts=4, x0=574345176, x1=670734080
P1, tp=4, ts=4, x0=351453074, x1=905418107
P1, tp=4, ts=4, x0=341761146, x1=106310220
P2, tp=4, ts=4, x0=458749650
P0, tp=4, ts=4
P3, tp=4, ts=4
P1, tp=4, ts=4, x0=175504189, x1=922192765
P2, tp=4, ts=4, x0=119165411
P1, tp=4, ts=4, x0=678780265, x1=604560841
P2, tp=4, ts=4, x0=107742758
P2, tp=4, ts=4, x0=20111226
P0, tp=4, ts=4
P1, tp=4, ts=4, x0=953424700, x1=253158667
P0, tp=4, ts=4
P3, tp=4, ts=4
P1, tp=4, ts=4, x0=169709190, x1=591913378
P1, tp=4, ts=4, x0=283691082, x1=283691082
P1, tp=4, ts=4, x0=805572368, x1=220895260
P0, tp=4, ts=4
P2, tp=4, ts=4, x0=698420683
P2, tp=4, ts=4, x0=576349149
P3, tp=4, ts=4
P1, tp=4, ts=4, x0=615072235, x1=670734080
P0, tp=4, ts=4
P2, tp=4, ts=4, x0=857202047
P0, tp=4, ts=4
P2, tp=4, ts=4, x0=499267842
P3, tp=4, ts=4
P3, tp=4, ts=4
P3, tp=4, ts=4
P3, tp=4, ts=4
P1, tp=4, ts=4, x0=14491654, x1=682904797
P1, tp=4, ts=4, x0=836770281, x1=918223692
P0, tp=4, ts=4
P0, tp=4, ts=4
P0, tp=4, ts=4
P3, tp=4, ts=4
P0, tp=4, ts=4
P0, tp=4, ts=4
P2, tp=4, ts=4, x0=289375385
P3, tp=4, ts=4
P1, tp=4, ts=4, x0=458749650, x1=604560841
P1, tp=4, ts=4, x0=394765550, x1=828273723
P2, tp=4, ts=4, x0=658923165
P3, tp=4, ts=4
P0, tp=4, ts=4
P3, tp=4, ts=4
P3, tp=4, ts=4
P3, tp=4, ts=4
P2, tp=4, ts=4, x0=169709190
P3, tp=4, ts=4
P3, tp=4, ts=4
P0, tp=4, ts=4
P0, tp=4, ts=4
P0, tp=4, ts=4
P0, tp=4, ts=4
P0, tp=4, ts=4
P1, tp=4, ts=4, x0=598436321, x1=532672023
P2, tp=4, ts=4, x0=119165411
P2, tp=4, ts=4, x0=348603372
P3, tp=4, ts=4
P1, tp=4, ts=4, x0=822219488, x1=499267842
P0, tp=4, ts=4
P1, tp=4, ts=4, x0=828273723, x1=106310220
P3, tp=4, ts=4
P3, tp=4, ts=4
P0, tp=4, ts=4
P3, tp=4, ts=4
P1, tp=4, ts=4, x0=475693241, x1=259374227
P1, tp=4, ts=4, x0=527902242, x1=898932244
P0, tp=4, ts=4
P3, tp=4, ts=4
P2, tp=4, ts=4, x0=107742758
P0, tp=4, ts=4
P3, tp=4, ts=4
P0, tp=4, ts=4
P3, tp=4, ts=4
P0, tp=4, ts=4
P1, tp=4, ts=4, x0=751739590, x1=918223692
P0, tp=4, ts=4
P1, tp=4, ts=4, x0=964606019, x1=707085939
P3, tp=4, ts=4
P1, tp=4, ts=4, x0=822219488, x1=628453384
P2, tp=4, ts=4, x0=370650392
P3, tp=4, ts=4
P0, tp=4, ts=4
P0, tp=4, ts=4
P3, tp=4, ts=4
P1, tp=4, ts=4, x0=848697260, x1=184427475
P0, tp=4, ts=4
P3, tp=4, ts=4
P2, tp=4, ts=4, x0=10882792
P2, tp=4, ts=4, x0=628453384
P2, tp=4, ts=4, x0=824472041
P3, tp=4, ts=4
P0, tp=4, ts=4
P2, tp=4, ts=4, x0=571211854
P0, tp=4, ts=4
P1, tp=4, ts=4, x0=731865063, x1=290015491
P0, tp=4, ts=4
P0, tp=4, ts=4
P1, tp=4, ts=4, x0=941911282, x1=262628136
P3, tp=4, ts=4
P3, tp=4, ts=4
P3, tp=4, ts=4
P0, tp=4, ts=4
P3, tp=4, ts=4
P0, tp=4, ts=4
P3, tp=4, ts=4
P3, tp=4, ts=4
P0, tp=4, ts=4
P1, tp=4, ts=4, x0=357247781, x1=824472041
P2, tp=4, ts=4, x0=574345176
P0, tp=4, ts=4
P1, tp=4, ts=4, x0=628453384, x1=941911282
P2, tp=4, ts=4, x0=468373969
P2, tp=4, ts=4, x0=314490622
P1, tp=4, ts=4, x0=373087683, x1=288423839
P2, tp=4, ts=4, x0=506382430
P3, tp=4, ts=4
P2, tp=4, ts=4, x0=818659379
P2, tp=4, ts=4, x0=731865063
P3, tp=4, ts=4
P3, tp=4, ts=4
P0, tp=4, ts=4
P1, tp=4, ts=4, x0=532672023, x1=175504189
P2, tp=4, ts=4, x0=713579292
P3, tp=4, ts=4
P3, tp=4, ts=4
P0, tp=4, ts=4
P3, tp=4, ts=4
P1, tp=4, ts=4, x0=394765550, x1=982149770
P3, tp=4, ts=4
P0, tp=4, ts=4
P0, tp=4, ts=4
P3, tp=4, ts=4
P2, tp=4, ts=4, x0=374141174
P1, tp=4, ts=4, x0=197438191, x1=922192765
P3, tp=4, ts=4
P1, tp=4, ts=4, x0=706281422, x1=571211854
P1, tp=4, ts=4, x0=373087683, x1=905418107
P1, tp=4, ts=4, x0=826658154, x1=592178228
P3, tp=4, ts=4
P1, tp=4, ts=4, x0=374141174, x1=198565719
P3, tp=4, ts=4
P2, tp=4, ts=4, x0=14491654
P2, tp=4, ts=4, x0=374141174
P3, tp=4, ts=4
P3, tp=4, ts=4
P3, tp=4, ts=4
P0, tp=4, ts=4
P1, tp=4, ts=4, x0=289375385, x1=259374227
P0, tp=4, ts=4
P1, tp=4, ts=4, x0=982149770, x1=106310220
P2, tp=4, ts=4, x0=532672023
P0, tp=4, ts=4
P1, tp=4, ts=4, x0=253158667, x1=818659379
P3, tp=4, ts=4
P1, tp=4, ts=4, x0=290015491, x1=468373969
P0, tp=4, ts=4
P2, tp=4, ts=4, x0=678780265
P3, tp=4, ts=4
P2, tp=4, ts=4, x0=373087683
P2, tp=4, ts=4, x0=253158667
P3, tp=4, ts=4
P1, tp=4, ts=4, x0=521629767, x1=259374227
P0, tp=4, ts=4
P2, tp=4, ts=4, x0=297471559
P0, tp=4, ts=4
P0, tp=4, ts=4
P2, tp=4, ts=4, x0=25847941
P1, tp=4, ts=4, x0=317058386, x1=893862227
P3, tp=4, ts=4
P1, tp=4, ts=4, x0=283691082, x1=658923165
P3, tp=5, ts=5
P2, tp=5, ts=5, x0=458749650
P2, tp=5, ts=5, x0=707085939
P2, tp=5, ts=5, x0=317058386
P0, tp=5, ts=5
P1, tp=5, ts=5, x0=982149770, x1=604560841
P1, tp=5, ts=5, x0=289375385, x1=475693241
P2, tp=5, ts=5, x0=126482799
P2, tp=5, ts=5, x0=588312260
P3, tp=5, ts=5
P1, tp=5, ts=5, x0=442273573, x1=40874643
P1, tp=5, ts=5, x0=855879721, x1=628453384
P1, tp=5, ts=5, x0=10882792, x1=958857716
P3, tp=5, ts=5
P2, tp=5, ts=5, x0=706281422
P2, tp=5, ts=5, x0=691535736
P2, tp=5, ts=5, x0=827201529
P3, tp=5, ts=5
P3, tp=5, ts=5
P2, tp=5, ts=5, x0=288423839
P1, tp=5, ts=5, x0=857202047, x1=184427475
P2, tp=5, ts=5, x0=827201529
P0, tp=5, ts=5
P3, tp=5, ts=5
P2, tp=5, ts=5, x0=833485735
P0, tp=5, ts=5
P2, tp=5, ts=5, x0=348603372
P2, tp=5, ts=5, x0=479391305
P1, tp=5, ts=5, x0=175504189, x1=290015491
P2, tp=5, ts=5, x0=592178228
P3, tp=5, ts=5
P2, tp=5, ts=5, x0=678583550
P0, tp=5, ts=5
P2, tp=5, ts=5, x0=982149770
P0, tp=5, ts=5
P3, tp=5, ts=5
P3, tp=5, ts=5
P0, tp=5, ts=5
P1, tp=5, ts=5, x0=205233360, x1=527902242
P3, tp=5, ts=5
P0, tp=5, ts=5
P2, tp=5, ts=5, x0=678583550
P2, tp=5, ts=5, x0=499671516
P3, tp=5, ts=5
P0, tp=5, ts=5
P1, tp=5, ts=5, x0=787782137, x1=281460280
P0, tp=5, ts=5
P2, tp=5, ts=5, x0=348603372
P3, tp=5, ts=5
P1, tp=5, ts=5, x0=527902242, x1=205233360
P0, tp=5, ts=5
P2, tp=5, ts=5, x0=332794731
P1, tp=5, ts=5, x0=635805104, x1=848697260
P0, tp=5, ts=5
P2, tp=5, ts=5, x0=824472041
P0, tp=5, ts=5
P0, tp=5, ts=5
P3, tp=5, ts=5
P1, tp=5, ts=5, x0=658923165, x1=848697260
P3, tp=5, ts=5
P1, tp=5, ts=5, x0=137855321, x1=458749650
P2, tp=5, ts=5, x0=40874643
P1, tp=5, ts=5, x0=532672023, x1=106310220
P2, tp=5, ts=5, x0=205233360
P3, tp=5, ts=5
P0, tp=5, ts=5
P3, tp=5, ts=5
P3, tp=5, ts=5
P1, tp=5, ts=5, x0=288423839, x1=262628136
P2, tp=5, ts=5, x0=848697260
P2, tp=5, ts=5, x0=442273573
P1, tp=5, ts=5, x0=400885143, x1=357247781
P2, tp=5, ts=5, x0=604178919
P2, tp=5, ts=5, x0=14491654
P1, tp=5, ts=5, x0=615072235, x1=768676076
P3, tp=5, ts=5
P0, tp=5, ts=5
P2, tp=5, ts=5, x0=297471559
P1, tp=5, ts=5, x0=598436321, x1=678583550
P0, tp=5, ts=5
P2, tp=5, ts=5, x0=836770281
P1, tp=5, ts=5, x0=787782137, x1=20111226
P1, tp=5, ts=5, x0=682904797, x1=833485735
P2, tp=5, ts=5, x0=314490622
P0, tp=5, ts=5
P1, tp=5, ts=5, x0=833485735, x1=902214288
P1, tp=5, ts=5, x0=628101130, x1=332794731
P1, tp=5, ts=5, x0=574345176, x1=283691082
P0, tp=5, ts=5
P3, tp=5, ts=5
P0, tp=5, ts=5
P3, tp=5, ts=5
P1, tp=5, ts=5, x0=153488987, x1=394765550
P1, tp=5, ts=5, x0=953424700, x1=40874643
P3, tp=5, ts=5
P2, tp=5, ts=5, x0=818659379
P1, tp=5, ts=5, x0=822219488, x1=184427475
P1, tp=5, ts=5, x0=604178919, x1=205233360
P2, tp=5, ts=5, x0=982149770
P0, tp=5, ts=5
P2, tp=5, ts=5, x0=458749650
P1, tp=5, ts=5, x0=818659379, x1=374141174
P2, tp=5, ts=5, x0=818659379
P2, tp=5, ts=5, x0=137855321
P1, tp=5, ts=5, x0=902214288, x1=332794731
P2, tp=5, ts=5, x0=442273573
P0, tp=5, ts=5
P1, tp=5, ts=5, x0=713579292, x1=678780265
P3, tp=5, ts=5
P0, tp=5, ts=5
P3, tp=5, ts=5
P2, tp=5, ts=5, x0=532672023
P3, tp=5, ts=5
P1, tp=5, ts=5, x0=953424700, x1=731865063
P1, tp=5, ts=5, x0=521629767, x1=322282226
P0, tp=5, ts=5
P1, tp=5, ts=5, x0=499267842, x1=768676076
P0, tp=5, ts=5
P3, tp=5, ts=5
P2, tp=5, ts=5, x0=787782137
P3, tp=5, ts=5
P2, tp=5, ts=5, x0=106310220
P0, tp=5, ts=5
P0, tp=5, ts=5
P1, tp=5, ts=5, x0=682904797, x1=283691082
P1, tp=5, ts=5, x0=898932244, x1=283691082
P0, tp=5, ts=5
P0, tp=5, ts=5
P1, tp=5, ts=5, x0=615072235, x1=698420683
P1, tp=5, ts=5, x0=119165411, x1=964606019
P2, tp=5, ts=5, x0=326650546
P2, tp=5, ts=5, x0=636552923
P3, tp=5, ts=5
P0, tp=5, ts=5
P0, tp=5, ts=5
P2, tp=5, ts=5, x0=10882792
P3, tp=5, ts=5
P2, tp=5, ts=5, x0=711454865
P1, tp=5, ts=5, x0=885480212, x1=20111226
P0, tp=5, ts=5
P3, tp=5, ts=5
P0, tp=5, ts=5
P3, tp=5, ts=5
P1, tp=5, ts=5, x0=253158667, x1=857202047
P1, tp=5, ts=5, x0=205053976, x1=554899733
P2, tp=5, ts=5, x0=297471559
P0, tp=5, ts=5
P1, tp=5, ts=5, x0=682904797, x1=615072235
P0, tp=5, ts=5
P0, tp=5, ts=5
P0, tp=5, ts=5
P0, tp=5, ts=5
P3, tp=5, ts=5
P0, tp=5, ts=5
P0, tp=5, ts=5
P0, tp=5, ts=5
P0, tp=5, ts=5
P1, tp=5, ts=5, x0=893862227, x1=146525744
P1, tp=5, ts=5, x0=636552923, x1=682904797
P1, tp=5, ts=5, x0=253158667, x1=879171845
P3, tp=5, ts=5
P2, tp=5, ts=5, x0=958857716
P3, tp=5, ts=5
P0, tp=5, ts=5
P0, tp=5, ts=5
P3, tp=5, ts=5
P2, tp=5, ts=5, x0=14491654
P2, tp=5, ts=5, x0=922192765
P0, tp=5, ts=5
P1, tp=5, ts=5, x0=332794731, x1=658923165
P2, tp=5, ts=5, x0=658923165
P0, tp=5, ts=5
P0, tp=5, ts=5
P2, tp=5, ts=5, x0=848697260
P0, tp=5, ts=5
P0, tp=5, ts=5
P2, tp=5, ts=5, x0=497761576
P0, tp=5, ts=5
P0, tp=5, ts=5
P0, tp=5, ts=5
P1, tp=5, ts=5, x0=314490622, x1=499671516
P1, tp=5, ts=5, x0=822219488, x1=205233360
P0, tp=5, ts=5
P2, tp=5, ts=5, x0=329512743
P3, tp=5, ts=5
P3, tp=5, ts=5
P3, tp=5, ts=5
P0, tp=5, ts=5
P3, tp=5, ts=5
P3, tp=5, ts=5
P1, tp=5, ts=5, x0=658923165, x1=576349149
P0, tp=5, ts=5
P0, tp=5, ts=5
P2, tp=5, ts=5, x0=958857716
P3, tp=5, ts=5
P2, tp=5, ts=5, x0=893862227
P1, tp=5, ts=5, x0=698420683, x1=373087683
P1, tp=5, ts=5, x0=370650392, x1=574345176
P3, tp=5, ts=5
P0, tp=5, ts=5
P3, tp=5, ts=5
P2, tp=5, ts=5, x0=400885143
P3, tp=5, ts=5
P0, tp=5, ts=5
P2, tp=5, ts=5, x0=741366095
P0, tp=5, ts=5
P2, tp=5, ts=5, x0=828273723
P3, tp=5, ts=5
P2, tp=5, ts=5, x0=713579292
P1, tp=5, ts=5, x0=25847941, x1=25847941
P3, tp=5, ts=5
P0, tp=5, ts=5
P0, tp=5, ts=5
P3, tp=5, ts=5
P3, tp=5, ts=5
P0, tp=5, ts=5
P3, tp=5, ts=5
P2, tp=5, ts=5, x0=499671516
P2, tp=5, ts=5, x0=885480212
P0, tp=5, ts=5
P1, tp=5, ts=5, x0=506382430, x1=574345176
P3, tp=5, ts=5
P1, tp=5, ts=5, x0=497761576, x1=807226666
P0, tp=5, ts=5
P3, tp=5, ts=5
P1, tp=5, ts=5, x0=374141174, x1=357247781
P3, tp=5, ts=5
P3, tp=5, ts=5
P1, tp=5, ts=5, x0=711454865, x1=373087683
P1, tp=5, ts=5, x0=893862227, x1=205233360
P1, tp=5, ts=5, x0=678780265, x1=576349149
P3, tp=5, ts=5
P2, tp=5, ts=5, x0=768676076
P0, tp=5, ts=5
P0, tp=5, ts=5
P0, tp=5, ts=5
P1, tp=5, ts=5, x0=281460280, x1=262628136
P3, tp=5, ts=5
P2, tp=5, ts=5, x0=25847941
P2, tp=5, ts=5, x0=615072235
P0, tp=5, ts=5
P2, tp=5, ts=5, x0=544564365
P0, tp=5, ts=5
P1, tp=5, ts=5, x0=706281422, x1=175504189
P1, tp=5, ts=5, x0=731865063, x1=205053976
P0, tp=5, ts=5
P0, tp=5, ts=5
P2, tp=5, ts=5, x0=787782137
P3, tp=5, ts=5
P1, tp=5, ts=5, x0=198565719, x1=836770281
P3, tp=5, ts=5
P0, tp=5, ts=5
P3, tp=5, ts=5
P2, tp=5, ts=5, x0=14491654
P3, tp=5, ts=5
P1, tp=5, ts=5, x0=682904797, x1=20111226
P1, tp=5, ts=5, x0=805572368, x1=301121505
P3, tp=5, ts=5
P2, tp=5, ts=5, x0=301121505
P2, tp=5, ts=5, x0=554899733
P1, tp=5, ts=5, x0=527902242, x1=741366095
P3, tp=5, ts=5
P1, tp=5, ts=5, x0=879171845, x1=576429670
P2, tp=5, ts=5, x0=571211854
P3, tp=5, ts=5
P0, tp=5, ts=5
P3, tp=5, ts=5
P3, tp=5, ts=5
P3, tp=5, ts=5
P0, tp=5, ts=5
P3, tp=5, ts=5
P3, tp=5, ts=5
P3, tp=5, ts=5
P2, tp=5, ts=5, x0=288423839
P2, tp=5, ts=5, x0=17971017
P0, tp=5, ts=5
P2, tp=5, ts=5, x0=987807329
P0, tp=5, ts=5
P2, tp=5, ts=5, x0=822219488
P2, tp=5, ts=5, x0=40874643
P3, tp=5, ts=5
P2, tp=5, ts=5, x0=283691082
P2, tp=5, ts=5, x0=329512743
P1, tp=5, ts=5, x0=14491654, x1=615072235
P2, tp=5, ts=5, x0=678780265
P2, tp=5, ts=5, x0=707085939
P2, tp=5, ts=5, x0=259374227
P2, tp=5, ts=5, x0=205053976
P1, tp=5, ts=5, x0=322389486, x1=879171845
P0, tp=5, ts=5
P1, tp=5, ts=5, x0=682904797, x1=17971017
P3, tp=5, ts=5
P0, tp=5, ts=5
P1, tp=5, ts=5, x0=153488987, x1=592178228
P1, tp=5, ts=5, x0=400885143, x1=836770281
P3, tp=5, ts=5
P1, tp=5, ts=5, x0=636552923, x1=885480212
P2, tp=5, ts=5, x0=885480212
P0, tp=5, ts=5
P2, tp=5, ts=5, x0=768676076
P2, tp=5, ts=5, x0=297471559
P3, tp=5, ts=5
P2, tp=5, ts=5, x0=394765550
P3, tp=5, ts=5
P3, tp=5, ts=5
P1, tp=5, ts=5, x0=198565719, x1=527902242
P0, tp=5, ts=5
P0, tp=5, ts=5
P3, tp=5, ts=5
P0, tp=5, ts=5
P2, tp=5, ts=5, x0=635805104
P0, tp=5, ts=5
P3, tp=5, ts=5
P2, tp=5, ts=5, x0=576349149
P1, tp=5, ts=5, x0=499671516, x1=146525744
P2, tp=5, ts=5, x0=898932244
P1, tp=5, ts=5, x0=635805104, x1=17971017
P0, tp=5, ts=5
P0, tp=5, ts=5
P1, tp=5, ts=5, x0=554899733, x1=768676076
P2, tp=5, ts=5, x0=332794731
P1, tp=5, ts=5, x0=527902242, x1=822219488
P1, tp=5, ts=5, x0=184427475, x1=506382430
P1, tp=5, ts=5, x0=691535736, x1=458749650
P0, tp=5, ts=5
P3, tp=5, ts=5
P0, tp=5, ts=5
P0, tp=5, ts=5
P3, tp=5, ts=5
P3, tp=5, ts=5
P0, tp=5, ts=5
P3, tp=5, ts=5
P2, tp=5, ts=5, x0=329512743
P3, tp=5, ts=5
P0, tp=5, ts=5
P2, tp=5, ts=5, x0=658923165
P1, tp=5, ts=5, x0=805572368, x1=400885143
P1, tp=5, ts=5, x0=175504189, x1=497761576
P2, tp=5, ts=5, x0=807226666
P3, tp=5, ts=5
P3, tp=5, ts=5
P3, tp=5, ts=5
P0, tp=5, ts=5
P1, tp=5, ts=5, x0=691535736, x1=198565719
P1, tp=5, ts=5, x0=205233360, x1=184427475
P1, tp=5, ts=5, x0=205053976, x1=297471559
P1, tp=5, ts=5, x0=879171845, x1=205233360
P3, tp=5, ts=5
P0, tp=5, ts=5
P3, tp=5, ts=5
P3, tp=5, ts=5
P1, tp=5, ts=5, x0=556534690, x1=619878586
P0, tp=5, ts=5
P3, tp=5, ts=5
P3, tp=5, ts=5
P3, tp=5, ts=5
P2, tp=5, ts=5, x0=619878586
P0, tp=5, ts=5
P3, tp=5, ts=5
P2, tp=5, ts=5, x0=731865063
P1, tp=5, ts=5, x0=512115179, x1=591913378
P2, tp=5, ts=5, x0=636552923
P2, tp=5, ts=5, x0=499671516
P2, tp=5, ts=5, x0=283691082
P0, tp=5, ts=5
P0, tp=5, ts=5
P0, tp=5, ts=5
P1, tp=5, ts=5, x0=902214288, x1=468373969
P1, tp=5, ts=5, x0=571211854, x1=648980091
P0, tp=5, ts=5
P2, tp=5, ts=5, x0=106310220
P2, tp=5, ts=5, x0=571211854
P3, tp=5, ts=5
P1, tp=5, ts=5, x0=828273723, x1=678780265
P3, tp=5, ts=5
P0, tp=5, ts=5
P1, tp=5, ts=5, x0=848697260, x1=40874643
P0, tp=5, ts=5
P1, tp=5, ts=5, x0=527902242, x1=682904797
P0, tp=5, ts=5
P0, tp=5, ts=5
P3, tp=5, ts=5
P1, tp=5, ts=5, x0=824472041, x1=902214288
P2, tp=5, ts=5, x0=836770281
P1, tp=5, ts=5, x0=678780265, x1=146525744
P2, tp=5, ts=5, x0=16136660
P1, tp=5, ts=5, x0=591913378, x1=442273573
P1, tp=5, ts=5, x0=885480212, x1=332794731
P1, tp=5, ts=5, x0=870850333, x1=521629767
P1, tp=5, ts=5, x0=636552923, x1=741366095
P1, tp=5, ts=5, x0=20111226, x1=394765550
P0, tp=5, ts=5
P3, tp=5, ts=5
P0, tp=5, ts=5
P1, tp=5, ts=5, x0=205053976, x1=10882792
P0, tp=5, ts=5
P1, tp=5, ts=5, x0=198565719, x1=137855321
P1, tp=5, ts=5, x0=175504189, x1=288423839
P0, tp=5, ts=5
P1, tp=5, ts=5, x0=106310220, x1=301121505
P0, tp=5, ts=5
P1, tp=5, ts=5, x0=357247781, x1=635805104
P2, tp=5, ts=5, x0=827201529
P0, tp=5, ts=5
P0, tp=5, ts=5
P3, tp=5, ts=5
P1, tp=5, ts=5, x0=459655874, x1=329512743
P1, tp=5, ts=5, x0=592178228, x1=554899733
P3, tp=5, ts=5
P2, tp=5, ts=5, x0=544564365
P2, tp=5, ts=5, x0=660974677
P2, tp=5, ts=5, x0=648980091
P3, tp=5, ts=5
P1, tp=5, ts=5, x0=787782137, x1=106310220
P3, tp=5, ts=5
P1, tp=5, ts=5, x0=636552923, x1=288423839
P2, tp=5, ts=5, x0=106310220
P1, tp=5, ts=5, x0=818659379, x1=20111226
P1, tp=5, ts=5, x0=16136660, x1=210846375
P1, tp=5, ts=5, x0=374141174, x1=706281422
P1, tp=5, ts=5, x0=297471559, x1=314490622
P3, tp=5, ts=5
P1, tp=5, ts=5, x0=301121505, x1=322389486
P3, tp=5, ts=5
P2, tp=5, ts=5, x0=210846375
P3, tp=5, ts=5
P1, tp=5, ts=5, x0=16136660, x1=893862227
P0, tp=5, ts=5
P0, tp=5, ts=5
P3, tp=5, ts=5
P2, tp=5, ts=5, x0=205233360
P0, tp=5, ts=5
P2, tp=5, ts=5, x0=14491654
P1, tp=5, ts=5, x0=197438191, x1=357247781
P1, tp=5, ts=5, x0=357247781, x1=259374227
P0, tp=5, ts=5
P3, tp=5, ts=5
P1, tp=5, ts=5, x0=259374227, x1=870850333
P3, tp=5, ts=5
P3, tp=5, ts=5
P1, tp=5, ts=5, x0=604178919, x1=678780265
P0, tp=5, ts=5
P2, tp=5, ts=5, x0=944089724
P0, tp=5, ts=5
P0, tp=5, ts=5
P2, tp=5, ts=5, x0=768676076
P0, tp=5, ts=5
P2, tp=5, ts=5, x0=119165411
P0, tp=5, ts=5
P3, tp=5, ts=5
P3, tp=5, ts=5
P3, tp=5, ts=5
P3, tp=5, ts=5
P2, tp=5, ts=5, x0=521629767
P1, tp=5, ts=5, x0=17971017, x1=137855321
P0, tp=5, ts=5
P2, tp=5, ts=5, x0=137855321
P1, tp=5, ts=5, x0=604178919, x1=458749650
P2, tp=5, ts=5, x0=281460280
P2, tp=5, ts=5, x0=833485735
P2, tp=5, ts=5, x0=283691082
P1, tp=5, ts=5, x0=658923165, x1=902214288
P3, tp=5, ts=5
P0, tp=5, ts=5
P1, tp=5, ts=5, x0=111014918, x1=628453384
P0, tp=5, ts=5
P2, tp=5, ts=5, x0=741366095
P3, tp=5, ts=5
P3, tp=5, ts=5
P2, tp=5, ts=5, x0=544564365
P2, tp=5, ts=5, x0=253158667
P1, tp=5, ts=5, x0=848697260, x1=879171845
P3, tp=5, ts=5
P1, tp=5, ts=5, x0=499671516, x1=828273723
P0, tp=5, ts=5
P0, tp=5, ts=5
P2, tp=5, ts=5, x0=137855321
P3, tp=5, ts=5
P1, tp=5, ts=5, x0=660974677, x1=220895260
P2, tp=5, ts=5, x0=902214288
P2, tp=5, ts=5, x0=153488987
P3, tp=5, ts=5
P1, tp=5, ts=5, x0=490126166, x1=370650392
P0, tp=5, ts=5
P1, tp=5, ts=5, x0=458749650, x1=262628136
P1, tp=5, ts=5, x0=394765550, x1=400885143
P1, tp=5, ts=5, x0=898932244, x1=521629767
P3, tp=5, ts=5
P3, tp=5, ts=5
P0, tp=5, ts=5
P1, tp=5, ts=5, x0=198565719, x1=146525744
P1, tp=5, ts=5, x0=497761576, x1=459655874
P0, tp=5, ts=5
P1, tp=5, ts=5, x0=16136660, x1=848697260
P3, tp=5, ts=5
P1, tp=5, ts=5, x0=208924491, x1=741366095
P1, tp=5, ts=5, x0=512115179, x1=40874643
P1, tp=5, ts=5, x0=591913378, x1=137855321
P3, tp=5, ts=5
P1, tp=5, ts=5, x0=532672023, x1=824472041
P2, tp=5, ts=5, x0=40874643
P2, tp=5, ts=5, x0=982934950
P2, tp=5, ts=5, x0=751464736
P3, tp=5, ts=5
P3, tp=5, ts=5
P2, tp=5, ts=5, x0=205233360
P0, tp=5, ts=5
P3, tp=5, ts=5
P2, tp=5, ts=5, x0=591913378
P1, tp=5, ts=5, x0=205053976, x1=521629767
P0, tp=5, ts=5
P2, tp=5, ts=5, x0=885480212
P0, tp=5, ts=5
P3, tp=5, ts=5
P0, tp=5, ts=5
P0, tp=5, ts=5
P0, tp=5, ts=5
P1, tp=5, ts=5, x0=283691082, x1=827201529
P1, tp=5, ts=5, x0=707085939, x1=685853111
P0, tp=5, ts=5
P2, tp=5, ts=5, x0=301121505
P3, tp=5, ts=5
P2, tp=5, ts=5, x0=885480212
P2, tp=5, ts=5, x0=184427475
P1, tp=5, ts=5, x0=902214288, x1=822219488
P0, tp=5, ts=5
P2, tp=5, ts=5, x0=499267842
P2, tp=5, ts=5, x0=885480212
P1, tp=5, ts=5, x0=678583550, x1=479391305
P3, tp=5, ts=5
P2, tp=5, ts=5, x0=290015491
P1, tp=5, ts=5, x0=833485735, x1=314490622
P0, tp=5, ts=5
P0, tp=5, ts=5
P1, tp=5, ts=5, x0=628453384, x1=538077878
P1, tp=5, ts=5, x0=208924491, x1=370650392
P3, tp=5, ts=5
P0, tp=5, ts=5
P2, tp=5, ts=5, x0=326650546
P3, tp=5, ts=5
P3, tp=5, ts=5
P1, tp=5, ts=5, x0=741366095, x1=554899733
P2, tp=5, ts=5, x0=208924491
P2, tp=5, ts=5, x0=576429670
P1, tp=5, ts=5, x0=902214288, x1=706281422
P0, tp=5, ts=5
P2, tp=5, ts=5, x0=959387227
P1, tp=5, ts=5, x0=16136660, x1=571211854
P3, tp=5, ts=5
P2, tp=5, ts=5, x0=982934950
P1, tp=5, ts=5, x0=885480212, x1=969100848
P3, tp=5, ts=5
P0, tp=5, ts=5
P2, tp=5, ts=5, x0=370650392
P0, tp=5, ts=5
P3, tp=5, ts=5
P0, tp=5, ts=5
P3, tp=5, ts=5
P1, tp=5, ts=5, x0=208924491, x1=598436321
P3, tp=5, ts=5
P2, tp=5, ts=5, x0=969100848
P0, tp=5, ts=5
P2, tp=5, ts=5, x0=554899733
P0, tp=5, ts=5
P3, tp=5, ts=5
P1, tp=5, ts=5, x0=718815901, x1=205053976
P0, tp=5, ts=5
P0, tp=5, ts=5
P1, tp=5, ts=5, x0=848697260, x1=698420683
P2, tp=5, ts=5, x0=845370893
P3, tp=5, ts=5
P3, tp=5, ts=5
P2, tp=5, ts=5, x0=301121505
P1, tp=5, ts=5, x0=544952570, x1=959387227
P3, tp=5, ts=5
P2, tp=5, ts=5, x0=706281422
P1, tp=5, ts=5, x0=400885143, x1=660974677
P2, tp=5, ts=5, x0=499267842
P0, tp=5, ts=5
P0, tp=5, ts=5
P3, tp=5, ts=5
P2, tp=5, ts=5, x0=365268418
P0, tp=5, ts=5
P3, tp=5, ts=5
P2, tp=5, ts=5, x0=322389486
P2, tp=5, ts=5, x0=751464736
P0, tp=5, ts=5
P0, tp=5, ts=5
P1, tp=5, ts=5, x0=944089724, x1=827201529
P0, tp=5, ts=5
P1, tp=5, ts=5, x0=348603372, x1=106310220
P3, tp=5, ts=5
P3, tp=5, ts=5
P3, tp=5, ts=5
P2, tp=5, ts=5, x0=598436321
P1, tp=5, ts=5, x0=281460280, x1=205053976
P0, tp=5, ts=5
P2, tp=5, ts=5, x0=210846375
P2, tp=5, ts=5, x0=357247781
P0, tp=5, ts=5
P2, tp=5, ts=5, x0=591913378
P1, tp=5, ts=5, x0=800087051, x1=17971017
P1, tp=5, ts=5, x0=506382430, x1=682904797
P1, tp=5, ts=5, x0=636552923, x1=137855321
P2, tp=5, ts=5, x0=827201529
P0, tp=5, ts=5
P1, tp=5, ts=5, x0=198565719, x1=322389486
P3, tp=5, ts=5
P0, tp=5, ts=5
P2, tp=5, ts=5, x0=576429670
P2, tp=5, ts=5, x0=499267842
P2, tp=5, ts=5, x0=971204661
P1, tp=5, ts=5, x0=146525744, x1=685853111
P3, tp=5, ts=5
P0, tp=5, ts=5
P2, tp=5, ts=5, x0=805572368
P0, tp=5, ts=5
P1, tp=5, ts=5, x0=499267842, x1=604560841
P2, tp=5, ts=5, x0=598436321
P0, tp=5, ts=5
P3, tp=5, ts=5
P3, tp=5, ts=5
P0, tp=5, ts=5
P1, tp=5, ts=5, x0=574345176, x1=879171845
P0, tp=5, ts=5
P1, tp=5, ts=5, x0=982934950, x1=682904797
P3, tp=5, ts=5
P0, tp=5, ts=5
P1, tp=5, ts=5, x0=959387227, x1=521629767
P3, tp=5, ts=5
P0, tp=5, ts=5
P1, tp=5, ts=5, x0=576429670, x1=106310220
P2, tp=5, ts=5, x0=685853111
P3, tp=5, ts=5
P2, tp=5, ts=5, x0=459655874
P2, tp=5, ts=5, x0=751464736
P1, tp=5, ts=5, x0=619878586, x1=959387227
P0, tp=5, ts=5
P1, tp=5, ts=5, x0=527902242, x1=574345176
P0, tp=5, ts=5
P1, tp=5, ts=5, x0=544564365, x1=628517659
P1, tp=5, ts=5, x0=678780265, x1=497761576
P1, tp=5, ts=5, x0=326650546, x1=479391305
P3, tp=5, ts=5
P1, tp=5, ts=5, x0=373087683, x1=362454501
P0, tp=5, ts=5
P3, tp=5, ts=5
P0, tp=5, ts=5
P0, tp=5, ts=5
P2, tp=5, ts=5, x0=987807329
P3, tp=5, ts=5
P1, tp=5, ts=5, x0=554899733, x1=544564365
P1, tp=5, ts=5, x0=591913378, x1=329512743
P1, tp=5, ts=5, x0=959387227, x1=106310220
P0, tp=5, ts=5
P3, tp=5, ts=5
P3, tp=5, ts=5
P1, tp=5, ts=5, x0=475693241, x1=40874643
P1, tp=5, ts=5, x0=220895260, x1=885480212
P1, tp=5, ts=5, x0=658923165, x1=982934950
P3, tp=5, ts=5
P3, tp=5, ts=5
P3, tp=5, ts=5
P1, tp=5, ts=5, x0=137855321, x1=499267842
P0, tp=5, ts=5
P1, tp=5, ts=5, x0=544564365, x1=283691082
P0, tp=5, ts=5
P2, tp=5, ts=5, x0=574345176
P0, tp=5, ts=5
P0, tp=5, ts=5
P0, tp=5, ts=5
P0, tp=5, ts=5
P1, tp=5, ts=5, x0=804175966, x1=658923165
P2, tp=5, ts=5, x0=678583550
P0, tp=5, ts=5
P3, tp=5, ts=5
P1, tp=5, ts=5, x0=490126166, x1=648980091
P3, tp=5, ts=5
P2, tp=5, ts=5, x0=893862227
P3, tp=5, ts=5
P3, tp=5, ts=5
P3, tp=5, ts=5
P1, tp=5, ts=5, x0=629998525, x1=326650546
P1, tp=5, ts=5, x0=400885143, x1=571598936
P1, tp=5, ts=5, x0=362454501, x1=31712170
P2, tp=5, ts=5, x0=964606019
P2, tp=5, ts=5, x0=31712170
P0, tp=5, ts=5
P2, tp=5, ts=5, x0=329512743
P2, tp=5, ts=5, x0=394765550
P2, tp=5, ts=5, x0=556534690
P1, tp=5, ts=5, x0=556534690, x1=326650546
P3, tp=5, ts=5
P3, tp=5, ts=5
P3, tp=5, ts=5
P0, tp=5, ts=5
P2, tp=5, ts=5, x0=628453384
P0, tp=5, ts=5
P0, tp=5, ts=5
P0, tp=5, ts=5
P1, tp=5, ts=5, x0=527902242, x1=544952570
P3, tp=5, ts=5
P2, tp=5, ts=5, x0=628453384
P1, tp=5, ts=5, x0=521629767, x1=706281422
P3, tp=5, ts=5
P1, tp=5, ts=5, x0=879171845, x1=804175966
P1, tp=5, ts=5, x0=301408761, x1=556534690
P3, tp=5, ts=5
P1, tp=5, ts=5, x0=544952570, x1=262628136
P0, tp=5, ts=5
P3, tp=5, ts=5
P1, tp=5, ts=5, x0=591913378, x1=370650392
P3, tp=5, ts=5
P1, tp=5, ts=5, x0=329512743, x1=198565719
P2, tp=5, ts=5, x0=571211854
P0, tp=5, ts=5
P2, tp=5, ts=5, x0=512115179
P3, tp=5, ts=5
P0, tp=5, ts=5
P0, tp=5, ts=5
P0, tp=5, ts=5
P1, tp=5, ts=5, x0=751464736, x1=14491654
P2, tp=5, ts=5, x0=571211854
P2, tp=5, ts=5, x0=982934950
P0, tp=5, ts=5
P3, tp=5, ts=5
P0, tp=5, ts=5
P3, tp=5, ts=5
P2, tp=5, ts=5, x0=885480212
P3, tp=5, ts=5
P0, tp=5, ts=5
P0, tp=5, ts=5
P1, tp=5, ts=5, x0=628517659, x1=490126166
P3, tp=5, ts=5
P1, tp=5, ts=5, x0=479391305, x1=584799007
P3, tp=5, ts=5
P3, tp=5, ts=5
P3, tp=5, ts=5
P0, tp=5, ts=5
P3, tp=5, ts=5
P1, tp=5, ts=5, x0=991599736, x1=628453384
P3, tp=5, ts=5
P3, tp=5, ts=5
P0, tp=5, ts=5
P2, tp=5, ts=5, x0=373087683
P0, tp=5, ts=5
P2, tp=5, ts=5, x0=571598936
P3, tp=5, ts=5
P1, tp=5, ts=5, x0=146525744, x1=400885143
P0, tp=5, ts=5
P2, tp=5, ts=5, x0=14491654
P1, tp=5, ts=5, x0=544564365, x1=459655874
P2, tp=5, ts=5, x0=804175966
P0, tp=5, ts=5
P3, tp=5, ts=5
P2, tp=5, ts=5, x0=556534690
P3, tp=5, ts=5
P3, tp=5, ts=5
P0, tp=5, ts=5
P3, tp=5, ts=5
P0, tp=5, ts=5
P3, tp=5, ts=5
P0, tp=5, ts=5
P0, tp=5, ts=5
P1, tp=5, ts=5, x0=373087683, x1=205233360
P3, tp=5, ts=5
P3, tp=5, ts=5
P0, tp=5, ts=5
P2, tp=5, ts=5, x0=538077878
P1, tp=5, ts=5, x0=365268418, x1=916748940
P0, tp=5, ts=5
P1, tp=5, ts=5, x0=126482799, x1=870850333
P1, tp=5, ts=5, x0=370650392, x1=218792971
P1, tp=5, ts=5, x0=297471559, x1=260419518
P0, tp=5, ts=5
P3, tp=5, ts=5
P2, tp=5, ts=5, x0=959387227
P1, tp=5, ts=5, x0=497761576, x1=964606019
P0, tp=5, ts=5
P0, tp=5, ts=5
P0, tp=5, ts=5
P0, tp=5, ts=5
P2, tp=5, ts=5, x0=959387227
P1, tp=5, ts=5, x0=685853111, x1=31712170
P2, tp=5, ts=5, x0=497761576
P1, tp=5, ts=5, x0=218792971, x1=281460280
P3, tp=5, ts=5
P1, tp=5, ts=5, x0=260419518, x1=479391305
P2, tp=5, ts=5, x0=544952570
P0, tp=5, ts=5
P0, tp=5, ts=5
P0, tp=5, ts=5
P3, tp=5, ts=5
P3, tp=5, ts=5
P3, tp=5, ts=5
P1, tp=5, ts=5, x0=490126166, x1=916748940
P1, tp=5, ts=5, x0=187187076, x1=574345176
P1, tp=5, ts=5, x0=718815901, x1=229605487
P0, tp=5, ts=5
P3, tp=5, ts=5
P2, tp=5, ts=5, x0=678583550
P1, tp=5, ts=5, x0=283691082, x1=959387227
P1, tp=5, ts=5, x0=828273723, x1=329512743
P2, tp=5, ts=5, x0=301408761
P0, tp=5, ts=5
P2, tp=5, ts=5, x0=16136660
P3, tp=5, ts=5
P2, tp=5, ts=5, x0=678780265
P0, tp=5, ts=5
P1, tp=5, ts=5, x0=14491654, x1=916748940
P3, tp=5, ts=5
P1, tp=5, ts=5, x0=362454501, x1=110736238
P2, tp=5, ts=5, x0=571598936
P2, tp=5, ts=5, x0=16136660
P1, tp=5, ts=5, x0=678583550, x1=991599736
P0, tp=5, ts=5
P3, tp=5, ts=5
P0, tp=5, ts=5
P3, tp=5, ts=5
P2, tp=5, ts=5, x0=982934950
P3, tp=5, ts=5
P3, tp=5, ts=5
P3, tp=5, ts=5
P1, tp=5, ts=5, x0=982934950, x1=698420683
P2, tp=5, ts=5, x0=827201529
P3, tp=5, ts=5
P0, tp=5, ts=5
P1, tp=5, ts=5, x0=365268418, x1=110736238
P2, tp=5, ts=5, x0=426811856
P2, tp=5, ts=5, x0=362454501
P0, tp=5, ts=5
P1, tp=5, ts=5, x0=146525744, x1=591913378
P2, tp=5, ts=5, x0=40874643
P0, tp=5, ts=5
P1, tp=5, ts=5, x0=205233360, x1=751464736
P1, tp=5, ts=5, x0=707085939, x1=628517659
P0, tp=5, ts=5
P3, tp=5, ts=5
P0, tp=5, ts=5
P3, tp=5, ts=5
P1, tp=5, ts=5, x0=800087051, x1=301408761
P1, tp=5, ts=5, x0=574345176, x1=153488987
P0, tp=5, ts=5
P1, tp=5, ts=5, x0=557620776, x1=329512743
P0, tp=5, ts=5
P2, tp=5, ts=5, x0=475693241
P2, tp=5, ts=5, x0=218792971
P3, tp=5, ts=5
P0, tp=5, ts=5
P3, tp=5, ts=5
P2, tp=5, ts=5, x0=731865063
P3, tp=5, ts=5
P1, tp=5, ts=5, x0=787782137, x1=807226666
P2, tp=5, ts=5, x0=373087683
P2, tp=5, ts=5, x0=40874643
P3, tp=5, ts=5
P3, tp=5, ts=5
P1, tp=5, ts=5, x0=31712170, x1=944089724
P0, tp=5, ts=5
P2, tp=5, ts=5, x0=301121505
P2, tp=5, ts=5, x0=619878586
P1, tp=5, ts=5, x0=14491654, x1=521190547
P1, tp=5, ts=5, x0=959387227, x1=678780265
P1, tp=5, ts=5, x0=599940945, x1=153488987
P0, tp=5, ts=5
P2, tp=5, ts=5, x0=944089724
P0, tp=5, ts=5
P3, tp=5, ts=5
P3, tp=5, ts=5
P0, tp=5, ts=5
P2, tp=5, ts=5, x0=804175966
P1, tp=5, ts=5, x0=885480212, x1=629998525
P3, tp=5, ts=5
P0, tp=5, ts=5
P2, tp=5, ts=5, x0=110736238
P2, tp=5, ts=5, x0=845370893
P2, tp=5, ts=5, x0=660826492
P0, tp=5, ts=5
P1, tp=5, ts=5, x0=885480212, x1=205233360
P3, tp=5, ts=5
P3, tp=5, ts=5
P2, tp=5, ts=5, x0=969100848
P2, tp=5, ts=5, x0=538077878
P3, tp=5, ts=5
P2, tp=5, ts=5, x0=497761576
P0, tp=5, ts=5
P3, tp=5, ts=5
P3, tp=5, ts=5
P2, tp=5, ts=5, x0=281460280
P2, tp=5, ts=5, x0=944089724
P2, tp=5, ts=5, x0=648980091
P1, tp=5, ts=5, x0=629998525, x1=660974677
P0, tp=5, ts=5
P0, tp=5, ts=5
P3, tp=5, ts=5
P1, tp=5, ts=5, x0=833485735, x1=459655874
P1, tp=5, ts=5, x0=497761576, x1=373087683
P0, tp=5, ts=5
P1, tp=5, ts=5, x0=370650392, x1=208924491
P3, tp=5, ts=5
P1, tp=5, ts=5, x0=454979003, x1=870850333
P3, tp=5, ts=5
P1, tp=5, ts=5, x0=959387227, x1=982934950
P1, tp=5, ts=5, x0=753279535, x1=678780265
P3, tp=5, ts=5
P1, tp=5, ts=5, x0=584799007, x1=497761576
P0, tp=5, ts=5
P2, tp=5, ts=5, x0=584799007
P1, tp=5, ts=5, x0=497761576, x1=325560851
P0, tp=5, ts=5
P0, tp=5, ts=5
P2, tp=5, ts=5, x0=571211854
P0, tp=5, ts=5
P1, tp=5, ts=5, x0=146525744, x1=982934950
P3, tp=5, ts=5
P3, tp=5, ts=5
P3, tp=5, ts=5
P1, tp=5, ts=5, x0=370650392, x1=288168526
P2, tp=5, ts=5, x0=660826492
P1, tp=5, ts=5, x0=959387227, x1=538077878
P2, tp=5, ts=5, x0=490126166
P0, tp=5, ts=5
P2, tp=5, ts=5, x0=400885143
P2, tp=5, ts=5, x0=455880750
P3, tp=5, ts=5
P0, tp=5, ts=5
P1, tp=5, ts=5, x0=288168526, x1=628453384
P3, tp=5, ts=5
P0, tp=5, ts=5
P3, tp=5, ts=5
P3, tp=5, ts=5
P1, tp=5, ts=5, x0=370650392, x1=828273723
P2, tp=5, ts=5, x0=210846375
P0, tp=5, ts=5
P3, tp=5, ts=5
P0, tp=5, ts=5
P3, tp=5, ts=5
P0, tp=5, ts=5
P1, tp=5, ts=5, x0=544564365, x1=718815901
P2, tp=5, ts=5, x0=205053976
P2, tp=5, ts=5, x0=846649726
P3, tp=5, ts=5
P1, tp=5, ts=5, x0=454979003, x1=10882792
P0, tp=5, ts=5
P1, tp=5, ts=5, x0=370650392, x1=599940945
P0, tp=5, ts=5
P3, tp=5, ts=5
P1, tp=5, ts=5, x0=598436321, x1=362454501
P1, tp=5, ts=5, x0=370650392, x1=459655874
P2, tp=5, ts=5, x0=20111226
P2, tp=5, ts=5, x0=218792971
P2, tp=5, ts=5, x0=833485735
P3, tp=5, ts=5
P1, tp=5, ts=5, x0=544564365, x1=827201529
P1, tp=5, ts=5, x0=987807329, x1=827173646
P3, tp=5, ts=5
P0, tp=5, ts=5
P3, tp=5, ts=5
P0, tp=5, ts=5
P1, tp=5, ts=5, x0=329512743, x1=959387227
P1, tp=5, ts=5, x0=987807329, x1=455880750
P1, tp=5, ts=5, x0=604178919, x1=220895260
P2, tp=5, ts=5, x0=571598936
P2, tp=5, ts=5, x0=636552923
P0, tp=5, ts=5
P1, tp=5, ts=5, x0=870850333, x1=787782137
P2, tp=5, ts=5, x0=987807329
P1, tp=5, ts=5, x0=365268418, x1=521190547
P1, tp=5, ts=5, x0=475693241, x1=262628136
P1, tp=5, ts=5, x0=260419518, x1=800087051
P3, tp=5, ts=5
P1, tp=5, ts=5, x0=544952570, x1=31712170
P1, tp=5, ts=5, x0=591913378, x1=824472041
P2, tp=5, ts=5, x0=365268418
P3, tp=5, ts=5
P1, tp=5, ts=5, x0=154772311, x1=20111226
P2, tp=5, ts=5, x0=959387227
P2, tp=5, ts=5, x0=959387227
P2, tp=5, ts=5, x0=481145637
P0, tp=5, ts=5
P3, tp=5, ts=5
P3, tp=5, ts=5
P0, tp=5, ts=5
P3, tp=5, ts=5
P1, tp=5, ts=5, x0=400885143, x1=571598936
P2, tp=5, ts=5, x0=394765550
P2, tp=5, ts=5, x0=187187076
P2, tp=5, ts=5, x0=991599736
P1, tp=5, ts=5, x0=362454501, x1=208924491
P2, tp=5, ts=5, x0=648980091
P2, tp=5, ts=5, x0=574345176
P3, tp=5, ts=5
P1, tp=5, ts=5, x0=800087051, x1=281460280
P3, tp=5, ts=5
P2, tp=5, ts=5, x0=322389486
P0, tp=5, ts=5
P2, tp=5, ts=5, x0=521190547
P0, tp=5, ts=5
P1, tp=5, ts=5, x0=40874643, x1=824472041
P0, tp=5, ts=5
P2, tp=6, ts=6, x0=635805104
P3, tp=6, ts=6
P1, tp=6, ts=6, x0=525505566, x1=370650392
P3, tp=6, ts=6
P2, tp=6, ts=6, x0=111044320
P3, tp=6, ts=6
P3, tp=6, ts=6
P3, tp=6, ts=6
P3, tp=6, ts=6
P2, tp=6, ts=6, x0=229605487
P0, tp=6, ts=6
P3, tp=6, ts=6
P3, tp=6, ts=6
P0, tp=6, ts=6
P1, tp=6, ts=6, x0=326650546, x1=870850333
P3, tp=6, ts=6
P0, tp=6, ts=6
P2, tp=6, ts=6, x0=10882792
P3, tp=6, ts=6
P1, tp=6, ts=6, x0=154772311, x1=205053976
P0, tp=6, ts=6
P2, tp=6, ts=6, x0=497761576
P3, tp=6, ts=6
P2, tp=6, ts=6, x0=220895260
P0, tp=6, ts=6
P1, tp=6, ts=6, x0=220895260, x1=828273723
P1, tp=6, ts=6, x0=718815901, x1=678977599
P1, tp=6, ts=6, x0=544952570, x1=959387227
P2, tp=6, ts=6, x0=846649726
P0, tp=6, ts=6
P0, tp=6, ts=6
P1, tp=6, ts=6, x0=544564365, x1=459655874
P3, tp=6, ts=6
P1, tp=6, ts=6, x0=715448842, x1=619878586
P0, tp=6, ts=6
P2, tp=6, ts=6, x0=136725973
P2, tp=6, ts=6, x0=544952570
P3, tp=6, ts=6
P3, tp=6, ts=6
P2, tp=6, ts=6, x0=16136660
P3, tp=6, ts=6
P2, tp=6, ts=6, x0=678780265
P3, tp=6, ts=6
P2, tp=6, ts=6, x0=599940945
P1, tp=6, ts=6, x0=636552923, x1=718815901
P2, tp=6, ts=6, x0=685853111
P2, tp=6, ts=6, x0=870850333
P3, tp=6, ts=6
P3, tp=6, ts=6
P3, tp=6, ts=6
P2, tp=6, ts=6, x0=983715049
P2, tp=6, ts=6, x0=636552923
P2, tp=6, ts=6, x0=983715049
P1, tp=6, ts=6, x0=827173646, x1=512115179
P3, tp=6, ts=6
P3, tp=6, ts=6
P1, tp=6, ts=6, x0=982934950, x1=19634274
P1, tp=6, ts=6, x0=959387227, x1=479391305
P3, tp=6, ts=6
P3, tp=6, ts=6
P3, tp=6, ts=6
P1, tp=6, ts=6, x0=288168526, x1=787782137
P1, tp=6, ts=6, x0=557620776, x1=229605487
P0, tp=6, ts=6
P1, tp=6, ts=6, x0=281460280, x1=301408761
P0, tp=6, ts=6
P2, tp=6, ts=6, x0=787782137
P0, tp=6, ts=6
P2, tp=6, ts=6, x0=846649726
P2, tp=6, ts=6, x0=805572368
P0, tp=6, ts=6
P1, tp=6, ts=6, x0=111014918, x1=751464736
P3, tp=6, ts=6
P0, tp=6, ts=6
P3, tp=6, ts=6
P0, tp=6, ts=6
P1, tp=6, ts=6, x0=205233360, x1=544564365
P1, tp=6, ts=6, x0=198565719, x1=538077878
P1, tp=6, ts=6, x0=40874643, x1=111014918
P1, tp=6, ts=6, x0=218792971, x1=827201529
P3, tp=6, ts=6
P3, tp=6, ts=6
P0, tp=6, ts=6
P3, tp=6, ts=6
P2, tp=6, ts=6, x0=538077878
P2, tp=6, ts=6, x0=619878586
P3, tp=6, ts=6
P0, tp=6, ts=6
P3, tp=6, ts=6
P2, tp=6, ts=6, x0=619878586
P1, tp=6, ts=6, x0=628517659, x1=629998525
P3, tp=6, ts=6
P1, tp=6, ts=6, x0=969100848, x1=455880750
P1, tp=6, ts=6, x0=426811856, x1=556534690
P3, tp=6, ts=6
P2, tp=6, ts=6, x0=599940945
P1, tp=6, ts=6, x0=678780265, x1=848697260
P0, tp=6, ts=6
P0, tp=6, ts=6
P0, tp=6, ts=6
P1, tp=6, ts=6, x0=983715049, x1=362454501
P0, tp=6, ts=6
P2, tp=6, ts=6, x0=478903784
P1, tp=6, ts=6, x0=146525744, x1=969100848
P2, tp=6, ts=6, x0=111014918
P2, tp=6, ts=6, x0=991599736
P3, tp=6, ts=6
P3, tp=6, ts=6
P3, tp=6, ts=6
P3, tp=6, ts=6
P3, tp=6, ts=6
P3, tp=6, ts=6
P0, tp=6, ts=6
P0, tp=6, ts=6
P1, tp=6, ts=6, x0=807226666, x1=478903784
P0, tp=6, ts=6
P0, tp=6, ts=6
P0, tp=6, ts=6
P1, tp=6, ts=6, x0=591913378, x1=478903784
P3, tp=6, ts=6
P2, tp=6, ts=6, x0=983715049
P3, tp=6, ts=6
P2, tp=6, ts=6, x0=208924491
P1, tp=6, ts=6, x0=556534690, x1=198565719
P3, tp=6, ts=6
P1, tp=6, ts=6, x0=848697260, x1=394765550
P2, tp=6, ts=6, x0=682724905
P2, tp=6, ts=6, x0=556534690
P0, tp=6, ts=6
P1, tp=6, ts=6, x0=538077878, x1=16136660
P0, tp=6, ts=6
P2, tp=6, ts=6, x0=544564365
P2, tp=6, ts=6, x0=685853111
P3, tp=6, ts=6
P1, tp=6, ts=6, x0=544952570, x1=824472041
P0, tp=6, ts=6
P3, tp=6, ts=6
P0, tp=6, ts=6
P0, tp=6, ts=6
P1, tp=6, ts=6, x0=959840046, x1=220895260
P3, tp=6, ts=6
P1, tp=6, ts=6, x0=971204661, x1=459878825
P0, tp=6, ts=6
P0, tp=6, ts=6
P3, tp=6, ts=6
P1, tp=6, ts=6, x0=584799007, x1=982934950
P1, tp=6, ts=6, x0=800087051, x1=538077878
P0, tp=6, ts=6
P1, tp=6, ts=6, x0=362454501, x1=762018434
P1, tp=6, ts=6, x0=260419518, x1=682724905
P1, tp=6, ts=6, x0=218792971, x1=648980091
P1, tp=6, ts=6, x0=475693241, x1=521190547
P2, tp=6, ts=6, x0=660974677
P1, tp=6, ts=6, x0=365268418, x1=556534690
P1, tp=6, ts=6, x0=599940945, x1=374635915
P1, tp=6, ts=6, x0=959840046, x1=971204661
P0, tp=6, ts=6
P2, tp=6, ts=6, x0=554899733
P2, tp=6, ts=6, x0=773961174
P2, tp=6, ts=6, x0=16136660
P1, tp=6, ts=6, x0=571598936, x1=326650546
P0, tp=6, ts=6
P2, tp=6, ts=6, x0=827201529
P3, tp=6, ts=6
P2, tp=6, ts=6, x0=538077878
P2, tp=6, ts=6, x0=370650392
P2, tp=6, ts=6, x0=210846375
P0, tp=6, ts=6
P2, tp=6, ts=6, x0=288168526
P2, tp=6, ts=6, x0=326650546
P3, tp=6, ts=6
P0, tp=6, ts=6
P0, tp=6, ts=6
P2, tp=6, ts=6, x0=571598936
P3, tp=6, ts=6
P1, tp=6, ts=6, x0=800087051, x1=268830605
P2, tp=6, ts=6, x0=753279535
P1, tp=6, ts=6, x0=153488987, x1=19634274
P2, tp=6, ts=6, x0=220895260
P1, tp=6, ts=6, x0=475693241, x1=146759135
P2, tp=6, ts=6, x0=260419518
P3, tp=6, ts=6
P3, tp=6, ts=6
P1, tp=6, ts=6, x0=991599736, x1=220895260
P1, tp=6, ts=6, x0=628517659, x1=481145637
P2, tp=6, ts=6, x0=554899733
P3, tp=6, ts=6
P1, tp=6, ts=6, x0=146759135, x1=628517659
P1, tp=6, ts=6, x0=544564365, x1=268830605
P2, tp=6, ts=6, x0=454979003
P1, tp=6, ts=6, x0=668723619, x1=628517659
P3, tp=6, ts=6
P0, tp=6, ts=6
P0, tp=6, ts=6
P1, tp=6, ts=6, x0=394765550, x1=751464736
P1, tp=6, ts=6, x0=146525744, x1=525505566
P2, tp=6, ts=6, x0=362454501
P0, tp=6, ts=6
P1, tp=6, ts=6, x0=971204661, x1=136725973
P2, tp=6, ts=6, x0=991944501
P2, tp=6, ts=6, x0=322389486
P3, tp=6, ts=6
P2, tp=6, ts=6, x0=959387227
P3, tp=6, ts=6
P3, tp=6, ts=6
P1, tp=6, ts=6, x0=394765550, x1=762018434
P1, tp=6, ts=6, x0=991944501, x1=146525744
P0, tp=6, ts=6
P3, tp=6, ts=6
P1, tp=6, ts=6, x0=556534690, x1=373087683
P3, tp=6, ts=6
P3, tp=6, ts=6
P1, tp=6, ts=6, x0=322389486, x1=205053976
P1, tp=6, ts=6, x0=556534690, x1=959840046
P3, tp=6, ts=6
P3, tp=6, ts=6
P3, tp=6, ts=6
P0, tp=6, ts=6
P0, tp=6, ts=6
P3, tp=6, ts=6
P1, tp=6, ts=6, x0=455880750, x1=991599736
P1, tp=6, ts=6, x0=682724905, x1=991599736
P2, tp=6, ts=6, x0=987807329
P2, tp=6, ts=6, x0=110736238
P3, tp=6, ts=6
P1, tp=6, ts=6, x0=753279535, x1=636552923
P3, tp=6, ts=6
P2, tp=6, ts=6, x0=762018434
P3, tp=6, ts=6
P2, tp=6, ts=6, x0=544564365
P0, tp=6, ts=6
P3, tp=6, ts=6
P3, tp=6, ts=6
P1, tp=6, ts=6, x0=481145637, x1=648365780
P3, tp=6, ts=6
P1, tp=6, ts=6, x0=629998525, x1=365268418
P3, tp=6, ts=6
P3, tp=6, ts=6
P2, tp=6, ts=6, x0=544564365
P0, tp=6, ts=6
P3, tp=6, ts=6
P0, tp=6, ts=6
P1, tp=6, ts=6, x0=845370893, x1=286514879
P1, tp=6, ts=6, x0=991944501, x1=481145637
P2, tp=6, ts=6, x0=479391305
P0, tp=6, ts=6
P0, tp=6, ts=6
P3, tp=6, ts=6
P3, tp=6, ts=6
P3, tp=6, ts=6
P2, tp=6, ts=6, x0=205053976
P1, tp=6, ts=6, x0=982934950, x1=110736238
P2, tp=6, ts=6, x0=556534690
P0, tp=6, ts=6
P1, tp=6, ts=6, x0=454979003, x1=619878586
P3, tp=6, ts=6
P0, tp=6, ts=6
P3, tp=6, ts=6
P1, tp=6, ts=6, x0=678977599, x1=301408761
P2, tp=6, ts=6, x0=544564365
P3, tp=6, ts=6
P3, tp=6, ts=6
P3, tp=6, ts=6
P3, tp=6, ts=6
P1, tp=6, ts=6, x0=629998525, x1=642966774
P2, tp=6, ts=6, x0=599940945
P3, tp=6, ts=6
P1, tp=6, ts=6, x0=944089724, x1=374635915
P0, tp=6, ts=6
P0, tp=6, ts=6
P0, tp=6, ts=6
P3, tp=6, ts=6
P1, tp=6, ts=6, x0=544952570, x1=983715049
P1, tp=6, ts=6, x0=459655874, x1=362454501
P2, tp=6, ts=6, x0=969100848
P2, tp=6, ts=6, x0=459878825
P1, tp=6, ts=6, x0=871520134, x1=205053976
P3, tp=6, ts=6
P1, tp=6, ts=6, x0=960841218, x1=636552923
P3, tp=6, ts=6
P3, tp=6, ts=6
P3, tp=6, ts=6
P3, tp=6, ts=6
P2, tp=6, ts=6, x0=619878586
P0, tp=6, ts=6
P3, tp=6, ts=6
P2, tp=6, ts=6, x0=800087051
P2, tp=6, ts=6, x0=512115179
P1, tp=6, ts=6, x0=584799007, x1=326650546
P0, tp=6, ts=6
P2, tp=6, ts=6, x0=871520134
P1, tp=6, ts=6, x0=556534690, x1=959840046
P3, tp=6, ts=6
P1, tp=6, ts=6, x0=459655874, x1=629998525
P0, tp=6, ts=6
P0, tp=6, ts=6
P3, tp=6, ts=6
P2, tp=6, ts=6, x0=762018434
P0, tp=6, ts=6
P3, tp=6, ts=6
P0, tp=6, ts=6
P2, tp=6, ts=6, x0=478903784
P3, tp=6, ts=6
P1, tp=6, ts=6, x0=753279535, x1=490126166
P3, tp=6, ts=6
P3, tp=6, ts=6
P2, tp=6, ts=6, x0=538077878
P3, tp=6, ts=6
P2, tp=6, ts=6, x0=416202885
P3, tp=6, ts=6
P1, tp=6, ts=6, x0=833485735, x1=365268418
P3, tp=6, ts=6
P0, tp=6, ts=6
P1, tp=6, ts=6, x0=827201529, x1=678977599
P1, tp=6, ts=6, x0=787782137, x1=236202006
P2, tp=6, ts=6, x0=406541599
P0, tp=6, ts=6
P2, tp=6, ts=6, x0=322389486
P1, tp=6, ts=6, x0=960841218, x1=944089724
P3, tp=6, ts=6
P2, tp=6, ts=6, x0=116155859
P2, tp=6, ts=6, x0=463416745
P3, tp=6, ts=6
P1, tp=6, ts=6, x0=40874643, x1=218792971
P0, tp=6, ts=6
P2, tp=6, ts=6, x0=373087683
P0, tp=6, ts=6
P0, tp=6, ts=6
P0, tp=6, ts=6
P0, tp=6, ts=6
P0, tp=6, ts=6
P3, tp=6, ts=6
P3, tp=6, ts=6
P3, tp=6, ts=6
P2, tp=6, ts=6, x0=459655874
P0, tp=6, ts=6
P0, tp=6, ts=6
P0, tp=6, ts=6
P3, tp=6, ts=6
P1, tp=6, ts=6, x0=260419518, x1=268830605
P0, tp=6, ts=6
P0, tp=6, ts=6
P1, tp=6, ts=6, x0=362454501, x1=497761576
P0, tp=6, ts=6
P0, tp=6, ts=6
P0, tp=6, ts=6
P3, tp=6, ts=6
P3, tp=6, ts=6
P2, tp=6, ts=6, x0=685853111
P0, tp=6, ts=6
P0, tp=6, ts=6
P3, tp=6, ts=6
P0, tp=6, ts=6
P0, tp=6, ts=6
P0, tp=6, ts=6
P1, tp=6, ts=6, x0=40874643, x1=521190547
P2, tp=6, ts=6, x0=406541599
P2, tp=6, ts=6, x0=554899733
P3, tp=6, ts=6
P3, tp=6, ts=6
P1, tp=6, ts=6, x0=800087051, x1=557620776
P1, tp=6, ts=6, x0=205053976, x1=146759135
P2, tp=6, ts=6, x0=16136660
P3, tp=6, ts=6
P1, tp=6, ts=6, x0=762018434, x1=286514879
P2, tp=6, ts=6, x0=454979003
P0, tp=6, ts=6
P2, tp=6, ts=6, x0=400885143
P1, tp=6, ts=6, x0=648365780, x1=416202885
P1, tp=6, ts=6, x0=374635915, x1=991599736
P1, tp=6, ts=6, x0=342483095, x1=479391305
P2, tp=6, ts=6, x0=463416745
P0, tp=6, ts=6
P2, tp=6, ts=6, x0=960841218
P3, tp=6, ts=6
P0, tp=6, ts=6
P2, tp=6, ts=6, x0=715448842
P0, tp=6, ts=6
P2, tp=6, ts=6, x0=426811856
P0, tp=6, ts=6
P1, tp=6, ts=6, x0=19634274, x1=146525744
P3, tp=6, ts=6
P1, tp=6, ts=6, x0=426811856, x1=885264729
P2, tp=6, ts=6, x0=154772311
P3, tp=6, ts=6
P3, tp=6, ts=6
P0, tp=6, ts=6
P1, tp=6, ts=6, x0=111044320, x1=648365780
P0, tp=6, ts=6
P3, tp=6, ts=6
P1, tp=6, ts=6, x0=885264729, x1=362454501
P0, tp=6, ts=6
P0, tp=6, ts=6
P1, tp=6, ts=6, x0=594189553, x1=205053976
P1, tp=6, ts=6, x0=804175966, x1=959840046
P0, tp=6, ts=6
P3, tp=6, ts=6
P1, tp=6, ts=6, x0=594189553, x1=116155859
P0, tp=6, ts=6
P0, tp=6, ts=6
P2, tp=6, ts=6, x0=406541599
P2, tp=6, ts=6, x0=459655874
P0, tp=6, ts=6
P3, tp=6, ts=6
P1, tp=6, ts=6, x0=629998525, x1=478903784
P1, tp=6, ts=6, x0=969100848, x1=490126166
P2, tp=6, ts=6, x0=459878825
P2, tp=6, ts=6, x0=146759135
P1, tp=6, ts=6, x0=554899733, x1=711341966
P2, tp=6, ts=6, x0=325560851
P0, tp=6, ts=6
P2, tp=6, ts=6, x0=229605487
P0, tp=6, ts=6
P3, tp=6, ts=6
P2, tp=6, ts=6, x0=116155859
P0, tp=6, ts=6
P3, tp=6, ts=6
P3, tp=6, ts=6
P3, tp=6, ts=6
P3, tp=6, ts=6
P3, tp=6, ts=6
P1, tp=6, ts=6, x0=512115179, x1=525505566
P3, tp=6, ts=6
P3, tp=6, ts=6
P1, tp=6, ts=6, x0=870850333, x1=210846375
P0, tp=6, ts=6
P3, tp=6, ts=6
P3, tp=6, ts=6
P0, tp=6, ts=6
P3, tp=6, ts=6
P2, tp=6, ts=6, x0=515488298
P2, tp=6, ts=6, x0=960841218
P0, tp=6, ts=6
P3, tp=6, ts=6
P2, tp=6, ts=6, x0=636552923
P2, tp=6, ts=6, x0=870850333
P1, tp=6, ts=6, x0=556534690, x1=660974677
P3, tp=6, ts=6
P1, tp=6, ts=6, x0=481145637, x1=538077878
P1, tp=6, ts=6, x0=685853111, x1=637499217
P1, tp=6, ts=6, x0=193706648, x1=268830605
P2, tp=6, ts=6, x0=648980091
P0, tp=6, ts=6
P2, tp=6, ts=6, x0=773961174
P3, tp=6, ts=6
P1, tp=6, ts=6, x0=628517659, x1=619878586
P2, tp=6, ts=6, x0=762018434
P3, tp=6, ts=6
P3, tp=6, ts=6
P0, tp=6, ts=6
P2, tp=6, ts=6, x0=584537875
P0, tp=6, ts=6
P0, tp=6, ts=6
P0, tp=6, ts=6
P3, tp=6, ts=6
P0, tp=6, ts=6
P0, tp=6, ts=6
P3, tp=6, ts=6
P1, tp=6, ts=6, x0=146759135, x1=628517659
P0, tp=6, ts=6
P3, tp=6, ts=6
P1, tp=6, ts=6, x0=210846375, x1=463416745
P3, tp=6, ts=6
P3, tp=6, ts=6
P0, tp=6, ts=6
P0, tp=6, ts=6
P3, tp=6, ts=6
P0, tp=6, ts=6
P2, tp=6, ts=6, x0=288168526
P2, tp=6, ts=6, x0=751464736
P1, tp=6, ts=6, x0=463416745, x1=682724905
P2, tp=6, ts=6, x0=194621906
P2, tp=6, ts=6, x0=210846375
P1, tp=6, ts=6, x0=629998525, x1=490126166
P2, tp=6, ts=6, x0=556534690
P2, tp=6, ts=6, x0=490126166
P1, tp=6, ts=6, x0=628517659, x1=490126166
P2, tp=6, ts=6, x0=16136660
P0, tp=6, ts=6
P0, tp=6, ts=6
P0, tp=6, ts=6
P0, tp=6, ts=6
P0, tp=6, ts=6
P2, tp=6, ts=6, x0=218792971
P1, tp=6, ts=6, x0=187187076, x1=268830605
P1, tp=6, ts=6, x0=753279535, x1=987807329
P1, tp=6, ts=6, x0=682724905, x1=594189553
P0, tp=6, ts=6
P0, tp=6, ts=6
P3, tp=6, ts=6
P0, tp=6, ts=6
P2, tp=6, ts=6, x0=111014918
P1, tp=6, ts=6, x0=16136660, x1=642966774
P3, tp=6, ts=6
P3, tp=6, ts=6
P1, tp=6, ts=6, x0=154772311, x1=944089724
P3, tp=6, ts=6
P1, tp=6, ts=6, x0=490126166, x1=944089724
P3, tp=6, ts=6
P3, tp=6, ts=6
P3, tp=6, ts=6
P3, tp=6, ts=6
P2, tp=6, ts=6, x0=959840046
P2, tp=6, ts=6, x0=845370893
P2, tp=6, ts=6, x0=762018434
P1, tp=6, ts=6, x0=983715049, x1=193706648
P1, tp=6, ts=6, x0=521190547, x1=628517659
P0, tp=6, ts=6
P0, tp=6, ts=6
P1, tp=6, ts=6, x0=609244565, x1=971204661
P2, tp=6, ts=6, x0=515488298
P3, tp=6, ts=6
P1, tp=6, ts=6, x0=846649726, x1=584537875
P3, tp=6, ts=6
P1, tp=6, ts=6, x0=599940945, x1=512115179
P0, tp=6, ts=6
P2, tp=6, ts=6, x0=982934950
P3, tp=6, ts=6
P3, tp=6, ts=6
P3, tp=6, ts=6
P2, tp=6, ts=6, x0=682724905
P0, tp=6, ts=6
P1, tp=6, ts=6, x0=208924491, x1=194621906
P2, tp=6, ts=6, x0=971204661
P1, tp=6, ts=6, x0=154772311, x1=152111715
P1, tp=6, ts=6, x0=480240985, x1=642966774
P3, tp=6, ts=6
P2, tp=6, ts=6, x0=991599736
P3, tp=6, ts=6
P1, tp=6, ts=6, x0=711341966, x1=147778092
P0, tp=6, ts=6
P2, tp=6, ts=6, x0=480240985
P0, tp=6, ts=6
P3, tp=6, ts=6
P0, tp=6, ts=6
P3, tp=6, ts=6
P2, tp=6, ts=6, x0=325560851
P2, tp=6, ts=6, x0=594189553
P1, tp=6, ts=6, x0=817047335, x1=682724905
P1, tp=6, ts=6, x0=845370893, x1=736230287
P1, tp=6, ts=6, x0=525505566, x1=490126166
P2, tp=6, ts=6, x0=715448842
P0, tp=6, ts=6
P0, tp=6, ts=6
P1, tp=6, ts=6, x0=944089724, x1=459655874
P2, tp=6, ts=6, x0=236202006
P2, tp=6, ts=6, x0=8240601
P0, tp=6, ts=6
P1, tp=6, ts=6, x0=111044320, x1=325560851
P2, tp=6, ts=6, x0=454979003
P0, tp=6, ts=6
P0, tp=6, ts=6
P3, tp=6, ts=6
P3, tp=6, ts=6
P2, tp=6, ts=6, x0=648980091
P1, tp=6, ts=6, x0=668723619, x1=31712170
P0, tp=6, ts=6
P1, tp=6, ts=6, x0=260419518, x1=31712170
P0, tp=6, ts=6
P1, tp=6, ts=6, x0=668723619, x1=557620776
P0, tp=6, ts=6
P3, tp=6, ts=6
P3, tp=6, ts=6
P3, tp=6, ts=6
P1, tp=6, ts=6, x0=136725973, x1=426811856
P0, tp=6, ts=6
P3, tp=6, ts=6
P0, tp=6, ts=6
P0, tp=6, ts=6
P2, tp=6, ts=6, x0=871520134
P2, tp=6, ts=6, x0=718815901
P3, tp=6, ts=6
P2, tp=6, ts=6, x0=851896678
P3, tp=6, ts=6
P2, tp=6, ts=6, x0=478903784
P3, tp=6, ts=6
P2, tp=6, ts=6, x0=751464736
P0, tp=6, ts=6
P3, tp=6, ts=6
P3, tp=6, ts=6
P1, tp=6, ts=6, x0=286514879, x1=557620776
P2, tp=6, ts=6, x0=871520134
P0, tp=6, ts=6
P2, tp=6, ts=6, x0=406541599
P1, tp=6, ts=6, x0=619878586, x1=959387227
P3, tp=6, ts=6
P0, tp=6, ts=6
P0, tp=6, ts=6
P2, tp=6, ts=6, x0=152111715
P2, tp=6, ts=6, x0=521190547
P1, tp=6, ts=6, x0=991944501, x1=146759135
P2, tp=6, ts=6, x0=916748940
P2, tp=6, ts=6, x0=773961174
P2, tp=6, ts=6, x0=609244565
P0, tp=6, ts=6
P1, tp=6, ts=6, x0=526820959, x1=817047335
P1, tp=6, ts=6, x0=111044320, x1=455880750
P0, tp=6, ts=6
P2, tp=6, ts=6, x0=870850333
P3, tp=6, ts=6
P2, tp=6, ts=6, x0=229605487
P0, tp=6, ts=6
P0, tp=6, ts=6
P2, tp=6, ts=6, x0=983715049
P3, tp=6, ts=6
P2, tp=6, ts=6, x0=480240985
P0, tp=6, ts=6
P2, tp=6, ts=6, x0=521190547
P1, tp=6, ts=6, x0=845370893, x1=337706698
P2, tp=6, ts=6, x0=628517659
P1, tp=6, ts=6, x0=969100848, x1=668723619
P2, tp=6, ts=6, x0=845370893
P0, tp=6, ts=6
P1, tp=6, ts=6, x0=193706648, x1=718815901
P0, tp=6, ts=6
P0, tp=6, ts=6
P2, tp=6, ts=6, x0=637499217
P1, tp=6, ts=6, x0=538077878, x1=342483095
P1, tp=6, ts=6, x0=111044320, x1=629998525
P3, tp=6, ts=6
P2, tp=6, ts=6, x0=521190547
P1, tp=6, ts=6, x0=229605487, x1=286514879
P0, tp=6, ts=6
P3, tp=6, ts=6
P1, tp=6, ts=6, x0=845370893, x1=260419518
P1, tp=6, ts=6, x0=521190547, x1=19634274
P0, tp=6, ts=6
P2, tp=6, ts=6, x0=642966774
P0, tp=6, ts=6
P0, tp=6, ts=6
P1, tp=6, ts=6, x0=718815901, x1=584799007
P3, tp=6, ts=6
P1, tp=6, ts=6, x0=218792971, x1=16136660
P1, tp=6, ts=6, x0=337706698, x1=711341966
P3, tp=6, ts=6
P3, tp=6, ts=6
P1, tp=6, ts=6, x0=111014918, x1=210846375
P3, tp=6, ts=6
P0, tp=6, ts=6
P3, tp=6, ts=6
P3, tp=6, ts=6
P3, tp=6, ts=6
P2, tp=6, ts=6, x0=480240985
P0, tp=6, ts=6
P3, tp=6, ts=6
P3, tp=6, ts=6
P1, tp=6, ts=6, x0=603797089, x1=959387227
P0, tp=6, ts=6
P3, tp=6, ts=6
P0, tp=6, ts=6
P1, tp=6, ts=6, x0=521190547, x1=969100848
P0, tp=6, ts=6
P3, tp=6, ts=6
P1, tp=6, ts=6, x0=233427644, x1=538077878
P3, tp=6, ts=6
P1, tp=6, ts=6, x0=718815901, x1=416202885
P0, tp=6, ts=6
P0, tp=6, ts=6
P0, tp=6, ts=6
P1, tp=6, ts=6, x0=260419518, x1=599940945
P0, tp=6, ts=6
P0, tp=6, ts=6
P0, tp=6, ts=6
P0, tp=6, ts=6
P2, tp=6, ts=6, x0=971204661
P2, tp=6, ts=6, x0=969100848
P0, tp=6, ts=6
P1, tp=6, ts=6, x0=715448842, x1=753279535
P0, tp=6, ts=6
P2, tp=6, ts=6, x0=525505566
P3, tp=6, ts=6
P1, tp=6, ts=6, x0=721663097, x1=609244565
P2, tp=6, ts=6, x0=16136660
P2, tp=6, ts=6, x0=960841218
P0, tp=6, ts=6
P2, tp=6, ts=6, x0=268830605
P2, tp=6, ts=6, x0=268830605
P2, tp=6, ts=6, x0=301408761
P0, tp=6, ts=6
P3, tp=6, ts=6
P3, tp=6, ts=6
P1, tp=6, ts=6, x0=623542647, x1=342483095
P0, tp=6, ts=6
P3, tp=6, ts=6
P0, tp=6, ts=6
P1, tp=6, ts=6, x0=268830605, x1=152111715
P3, tp=6, ts=6
P1, tp=6, ts=6, x0=236202006, x1=648365780
P0, tp=6, ts=6
P2, tp=6, ts=6, x0=660826492
P0, tp=6, ts=6
P2, tp=6, ts=6, x0=841489267
P2, tp=6, ts=6, x0=668723619
P1, tp=6, ts=6, x0=286514879, x1=208924491
P1, tp=6, ts=6, x0=481145637, x1=147778092
P2, tp=6, ts=6, x0=642966774
P3, tp=6, ts=6
P3, tp=6, ts=6
P2, tp=6, ts=6, x0=146759135
P3, tp=6, ts=6
P3, tp=6, ts=6
P0, tp=6, ts=6
P2, tp=6, ts=6, x0=916748940
P3, tp=6, ts=6
P2, tp=6, ts=6, x0=594189553
P2, tp=6, ts=6, x0=31712170
P2, tp=6, ts=6, x0=268830605
P1, tp=6, ts=6, x0=110736238, x1=459655874
P1, tp=6, ts=6, x0=762018434, x1=762018434
P2, tp=6, ts=6, x0=459878825
P0, tp=6, ts=6
P3, tp=6, ts=6
P3, tp=6, ts=6
P2, tp=6, ts=6, x0=525505566
P3, tp=6, ts=6
P1, tp=6, ts=6, x0=525505566, x1=718815901
P3, tp=6, ts=6
P0, tp=6, ts=6
P2, tp=6, ts=6, x0=711341966
P3, tp=6, ts=6
P0, tp=6, ts=6
P3, tp=6, ts=6
P1, tp=6, ts=6, x0=416202885, x1=218792971
P3, tp=6, ts=6
P1, tp=6, ts=6, x0=111014918, x1=637499217
P0, tp=6, ts=6
P2, tp=6, ts=6, x0=753279535
P3, tp=6, ts=6
P0, tp=6, ts=6
P3, tp=6, ts=6
P2, tp=6, ts=6, x0=944089724
P1, tp=6, ts=6, x0=426811856, x1=446162547
P0, tp=6, ts=6
P3, tp=6, ts=6
P3, tp=6, ts=6
P1, tp=6, ts=6, x0=459878825, x1=793955134
P3, tp=6, ts=6
P3, tp=6, ts=6
P1, tp=6, ts=6, x0=218792971, x1=768747209
P3, tp=6, ts=6
P0, tp=6, ts=6
P0, tp=6, ts=6
P1, tp=6, ts=6, x0=362454501, x1=426811856
P3, tp=6, ts=6
P0, tp=6, ts=6
P0, tp=6, ts=6
P2, tp=6, ts=6, x0=187187076
P3, tp=6, ts=6
P3, tp=6, ts=6
P3, tp=6, ts=6
P1, tp=6, ts=6, x0=446162547, x1=152111715
P1, tp=6, ts=6, x0=194621906, x1=406541599
P0, tp=6, ts=6
P2, tp=6, ts=6, x0=218792971
P1, tp=6, ts=6, x0=342483095, x1=416202885
P3, tp=6, ts=6
P0, tp=6, ts=6
P3, tp=6, ts=6
P3, tp=6, ts=6
P0, tp=6, ts=6
P0, tp=6, ts=6
P0, tp=6, ts=6
P1, tp=6, ts=6, x0=982080583, x1=721243929
P0, tp=6, ts=6
P3, tp=6, ts=6
P1, tp=6, ts=6, x0=773961174, x1=557620776
P1, tp=6, ts=6, x0=637499217, x1=571598936
P3, tp=6, ts=6
P1, tp=6, ts=6, x0=490126166, x1=49090121
P0, tp=6, ts=6
P1, tp=6, ts=6, x0=629998525, x1=623394804
P3, tp=6, ts=6
P0, tp=6, ts=6
P3, tp=6, ts=6
P0, tp=6, ts=6
P3, tp=6, ts=6
P0, tp=6, ts=6
P1, tp=6, ts=6, x0=637499217, x1=521190547
P2, tp=6, ts=6, x0=718815901
P3, tp=6, ts=6
P1, tp=6, ts=6, x0=603797089, x1=218792971
P2, tp=6, ts=6, x0=898994125
P3, tp=6, ts=6
P0, tp=6, ts=6
P3, tp=6, ts=6
P0, tp=6, ts=6
P3, tp=6, ts=6
P2, tp=6, ts=6, x0=288168526
P1, tp=6, ts=6, x0=959387227, x1=525505566
P3, tp=6, ts=6
P0, tp=6, ts=6
P3, tp=6, ts=6
P0, tp=6, ts=6
P0, tp=6, ts=6
P2, tp=6, ts=6, x0=773961174
P3, tp=6, ts=6
P3, tp=6, ts=6
P0, tp=6, ts=6
P3, tp=6, ts=6
P2, tp=6, ts=6, x0=525505566
P1, tp=6, ts=6, x0=454979003, x1=990614552
P2, tp=6, ts=6, x0=982080583
P3, tp=6, ts=6
P3, tp=6, ts=6
P2, tp=6, ts=6, x0=991599736
P1, tp=6, ts=6, x0=648365780, x1=991944501
P2, tp=6, ts=6, x0=454979003
P2, tp=6, ts=6, x0=637499217
P3, tp=6, ts=6
P3, tp=6, ts=6
P1, tp=6, ts=6, x0=685853111, x1=268830605
P2, tp=6, ts=6, x0=19634274
P2, tp=6, ts=6, x0=426811856
P2, tp=6, ts=6, x0=628517659
P0, tp=6, ts=6
P1, tp=6, ts=6, x0=218792971, x1=637499217
P3, tp=6, ts=6
P2, tp=6, ts=6, x0=804175966
P1, tp=6, ts=6, x0=538077878, x1=969100848
P1, tp=6, ts=6, x0=374635915, x1=960841218
P0, tp=6, ts=6
P1, tp=6, ts=6, x0=229605487, x1=969100848
P1, tp=6, ts=6, x0=916748940, x1=8240601
P1, tp=6, ts=6, x0=660826492, x1=416202885
P0, tp=6, ts=6
P1, tp=6, ts=6, x0=795788526, x1=773961174
P2, tp=6, ts=6, x0=623394804
P1, tp=6, ts=6, x0=682724905, x1=804175966
P0, tp=6, ts=6
P0, tp=6, ts=6
P3, tp=6, ts=6
P1, tp=6, ts=6, x0=916748940, x1=187187076
P2, tp=6, ts=6, x0=718815901
P3, tp=6, ts=6
P3, tp=6, ts=6
P2, tp=6, ts=6, x0=660826492
P0, tp=6, ts=6
P0, tp=6, ts=6
P0, tp=6, ts=6
P1, tp=6, ts=6, x0=841489267, x1=426811856
P0, tp=6, ts=6
P0, tp=6, ts=6
P2, tp=6, ts=6, x0=800087051
P0, tp=6, ts=6
P1, tp=6, ts=6, x0=111044320, x1=623542647
P2, tp=6, ts=6, x0=521190547
P3, tp=6, ts=6
P2, tp=6, ts=6, x0=8240601
P2, tp=6, ts=6, x0=383406018
P0, tp=6, ts=6
P3, tp=6, ts=6
P1, tp=6, ts=6, x0=288168526, x1=990614552
P3, tp=6, ts=6
P2, tp=6, ts=6, x0=455880750
P3, tp=6, ts=6
P3, tp=6, ts=6
P2, tp=6, ts=6, x0=668723619
P1, tp=6, ts=6, x0=991599736, x1=362454501
P3, tp=6, ts=6
P3, tp=6, ts=6
P0, tp=6, ts=6
P3, tp=6, ts=6
P3, tp=6, ts=6
P0, tp=6, ts=6
P2, tp=6, ts=6, x0=817047335
P0, tp=6, ts=6
P3, tp=6, ts=6
P0, tp=6, ts=6
P2, tp=6, ts=6, x0=762018434
P3, tp=6, ts=6
P1, tp=6, ts=6, x0=648365780, x1=325560851
P0, tp=6, ts=6
P2, tp=6, ts=6, x0=455880750
P2, tp=6, ts=6, x0=154772311
P2, tp=6, ts=6, x0=256195547
P2, tp=6, ts=6, x0=337706698
P1, tp=6, ts=6, x0=668723619, x1=147778092
P1, tp=6, ts=6, x0=875745578, x1=455880750
P3, tp=6, ts=6
P1, tp=6, ts=6, x0=256195547, x1=155339606
P1, tp=6, ts=6, x0=515488298, x1=721243929
P1, tp=6, ts=6, x0=603797089, x1=841489267
P2, tp=6, ts=6, x0=31712170
P3, tp=6, ts=6
P3, tp=6, ts=6
P1, tp=6, ts=6, x0=481145637, x1=871520134
P3, tp=6, ts=6
P0, tp=6, ts=6
P0, tp=6, ts=6
P1, tp=6, ts=6, x0=146759135, x1=753279535
P3, tp=6, ts=6
P3, tp=6, ts=6
P1, tp=6, ts=6, x0=637499217, x1=136725973
P1, tp=6, ts=6, x0=762018434, x1=406541599
P3, tp=6, ts=6
P1, tp=6, ts=6, x0=526820959, x1=193706648
P2, tp=6, ts=6, x0=526820959
P0, tp=6, ts=6
P1, tp=6, ts=6, x0=19634274, x1=753279535
P0, tp=6, ts=6
P2, tp=6, ts=6, x0=416202885
P3, tp=6, ts=6
P3, tp=6, ts=6
P1, tp=6, ts=6, x0=399120484, x1=753279535
P0, tp=6, ts=6
P3, tp=6, ts=6
P2, tp=6, ts=6, x0=426811856
P3, tp=6, ts=6
P0, tp=6, ts=6
P2, tp=6, ts=6, x0=230944434
P0, tp=6, ts=6
P0, tp=6, ts=6
P1, tp=6, ts=6, x0=286514879, x1=762018434
P2, tp=6, ts=6, x0=841489267
P0, tp=6, ts=6
P0, tp=6, ts=6
P3, tp=6, ts=6
P0, tp=6, ts=6
P2, tp=6, ts=6, x0=851837196
P1, tp=6, ts=6, x0=768747209, x1=680411587
P1, tp=6, ts=6, x0=851837196, x1=599940945
P0, tp=6, ts=6
P1, tp=6, ts=6, x0=982080583, x1=654874248
P3, tp=6, ts=6
P3, tp=6, ts=6
P1, tp=6, ts=6, x0=715448842, x1=584799007
P3, tp=6, ts=6
P0, tp=6, ts=6
P1, tp=6, ts=6, x0=623394804, x1=146759135
P3, tp=6, ts=6
P1, tp=6, ts=6, x0=525505566, x1=362454501
P2, tp=6, ts=6, x0=480240985
P3, tp=6, ts=6
P0, tp=6, ts=6
P2, tp=6, ts=6, x0=416202885
P3, tp=6, ts=6
P1, tp=6, ts=6, x0=557620776, x1=525505566
P2, tp=6, ts=6, x0=991944501
P3, tp=6, ts=6
P2, tp=6, ts=6, x0=236202006
P0, tp=6, ts=6
P2, tp=6, ts=6, x0=721243929
P2, tp=6, ts=6, x0=753279535
P1, tp=6, ts=6, x0=637499217, x1=526820959
P0, tp=6, ts=6
P1, tp=6, ts=6, x0=218792971, x1=668723619
P1, tp=6, ts=6, x0=990614552, x1=571598936
P1, tp=6, ts=6, x0=885264729, x1=960841218
P1, tp=6, ts=6, x0=648365780, x1=8240601
P0, tp=6, ts=6
P3, tp=6, ts=6
P1, tp=6, ts=6, x0=897962761, x1=841489267
P2, tp=6, ts=6, x0=957569083
P3, tp=6, ts=6
P3, tp=6, ts=6
P1, tp=6, ts=6, x0=260419518, x1=340662606
P3, tp=6, ts=6
P0, tp=6, ts=6
P0, tp=6, ts=6
P1, tp=6, ts=6, x0=603797089, x1=426811856
P0, tp=6, ts=6
P2, tp=6, ts=6, x0=629998525
P2, tp=6, ts=6, x0=736230287
P1, tp=6, ts=6, x0=623394804, x1=426811856
P0, tp=6, ts=6
P0, tp=6, ts=6
P3, tp=6, ts=6
P2, tp=6, ts=6, x0=793955134
P0, tp=6, ts=6
P2, tp=6, ts=6, x0=584799007
P2, tp=6, ts=6, x0=233427644
P0, tp=6, ts=6
P1, tp=6, ts=6, x0=668723619, x1=642966774
P3, tp=6, ts=6
P0, tp=6, ts=6
P2, tp=6, ts=6, x0=584537875
P0, tp=6, ts=6
P3, tp=6, ts=6
P3, tp=6, ts=6
P1, tp=6, ts=6, x0=897962761, x1=342483095
P2, tp=6, ts=6, x0=309353683
P0, tp=6, ts=6
P2, tp=6, ts=6, x0=642966774
P1, tp=6, ts=6, x0=399120484, x1=526820959
P1, tp=6, ts=6, x0=301408761, x1=526820959
P3, tp=6, ts=6
P0, tp=6, ts=6
P1, tp=6, ts=6, x0=885264729, x1=256195547
P0, tp=6, ts=6
P1, tp=6, ts=6, x0=19634274, x1=440736764
P1, tp=6, ts=6, x0=147778092, x1=637499217
P3, tp=6, ts=6
P0, tp=6, ts=6
P1, tp=6, ts=6, x0=609244565, x1=959840046
P2, tp=6, ts=6, x0=110736238
P0, tp=6, ts=6
P2, tp=6, ts=6, x0=584799007
P3, tp=6, ts=6
P2, tp=6, ts=6, x0=721663097
P0, tp=6, ts=6
P3, tp=7, ts=7
P3, tp=7, ts=7
P2, tp=7, ts=7, x0=147778092
P3, tp=7, ts=7
P1, tp=7, ts=7, x0=260419518, x1=682724905
P2, tp=7, ts=7, x0=525505566
P2, tp=7, ts=7, x0=480240985
P2, tp=7, ts=7, x0=19634274
P3, tp=7, ts=7
P3, tp=7, ts=7
P0, tp=7, ts=7
P2, tp=7, ts=7, x0=991944501
P0, tp=7, ts=7
P0, tp=7, ts=7
P3, tp=7, ts=7
P1, tp=7, ts=7, x0=846649726, x1=680411587
P0, tp=7, ts=7
P2, tp=7, ts=7, x0=557620776
P3, tp=7, ts=7
P1, tp=7, ts=7, x0=286514879, x1=478903784
P0, tp=7, ts=7
P1, tp=7, ts=7, x0=584799007, x1=325560851
P1, tp=7, ts=7, x0=609244565, x1=682724905
P0, tp=7, ts=7
P1, tp=7, ts=7, x0=715448842, x1=135667386
P1, tp=7, ts=7, x0=793955134, x1=226466265
P2, tp=7, ts=7, x0=147778092
P0, tp=7, ts=7
P2, tp=7, ts=7, x0=897962761
P2, tp=7, ts=7, x0=236202006
P1, tp=7, ts=7, x0=337706698, x1=846649726
P1, tp=7, ts=7, x0=481145637, x1=991944501
P3, tp=7, ts=7
P1, tp=7, ts=7, x0=286514879, x1=288168526
P3, tp=7, ts=7
P1, tp=7, ts=7, x0=478903784, x1=260419518
P3, tp=7, ts=7
P0, tp=7, ts=7
P1, tp=7, ts=7, x0=309353683, x1=989450625
P3, tp=7, ts=7
P0, tp=7, ts=7
P0, tp=7, ts=7
P1, tp=7, ts=7, x0=637499217, x1=74624411
P2, tp=7, ts=7, x0=154772311
P3, tp=7, ts=7
P2, tp=7, ts=7, x0=851896678
P3, tp=7, ts=7
P0, tp=7, ts=7
P1, tp=7, ts=7, x0=399120484, x1=982080583
P3, tp=7, ts=7
P1, tp=7, ts=7, x0=152111715, x1=426811856
P2, tp=7, ts=7, x0=897962761
P3, tp=7, ts=7
P3, tp=7, ts=7
P2, tp=7, ts=7, x0=194621906
P3, tp=7, ts=7
P1, tp=7, ts=7, x0=637499217, x1=256195547
P2, tp=7, ts=7, x0=210273246
P1, tp=7, ts=7, x0=898994125, x1=110736238
P2, tp=7, ts=7, x0=325560851
P3, tp=7, ts=7
P3, tp=7, ts=7
P1, tp=7, ts=7, x0=851837196, x1=254649224
P3, tp=7, ts=7
P1, tp=7, ts=7, x0=480240985, x1=316521978
P2, tp=7, ts=7, x0=49090121
P3, tp=7, ts=7
P0, tp=7, ts=7
P0, tp=7, ts=7
P0, tp=7, ts=7
P1, tp=7, ts=7, x0=827173646, x1=989450625
P3, tp=7, ts=7
P3, tp=7, ts=7
P3, tp=7, ts=7
P0, tp=7, ts=7
P0, tp=7, ts=7
P0, tp=7, ts=7
P3, tp=7, ts=7
P1, tp=7, ts=7, x0=8240601, x1=793955134
P0, tp=7, ts=7
P1, tp=7, ts=7, x0=446162547, x1=49090121
P3, tp=7, ts=7
P3, tp=7, ts=7
P2, tp=7, ts=7, x0=84961908
P0, tp=7, ts=7
P1, tp=7, ts=7, x0=135667386, x1=599940945
P3, tp=7, ts=7
P0, tp=7, ts=7
P2, tp=7, ts=7, x0=773961174
P3, tp=7, ts=7
P1, tp=7, ts=7, x0=19634274, x1=478903784
P3, tp=7, ts=7
P1, tp=7, ts=7, x0=146759135, x1=648365780
P3, tp=7, ts=7
P1, tp=7, ts=7, x0=678977599, x1=481145637
P0, tp=7, ts=7
P0, tp=7, ts=7
P1, tp=7, ts=7, x0=619011997, x1=454979003
P3, tp=7, ts=7
P0, tp=7, ts=7
P1, tp=7, ts=7, x0=406541599, x1=841489267
P2, tp=7, ts=7, x0=74624411
P1, tp=7, ts=7, x0=619011997, x1=525505566
P2, tp=7, ts=7, x0=440736764
P1, tp=7, ts=7, x0=383406018, x1=194621906
P1, tp=7, ts=7, x0=990614552, x1=982080583
P0, tp=7, ts=7
P3, tp=7, ts=7
P1, tp=7, ts=7, x0=74624411, x1=897962761
P2, tp=7, ts=7, x0=990614552
P0, tp=7, ts=7
P3, tp=7, ts=7
P2, tp=7, ts=7, x0=526820959
P0, tp=7, ts=7
P2, tp=7, ts=7, x0=897962761
P2, tp=7, ts=7, x0=147778092
P0, tp=7, ts=7
P3, tp=7, ts=7
P1, tp=7, ts=7, x0=768747209, x1=991944501
P3, tp=7, ts=7
P3, tp=7, ts=7
P0, tp=7, ts=7
P3, tp=7, ts=7
P2, tp=7, ts=7, x0=768747209
P2, tp=7, ts=7, x0=885264729
P3, tp=7, ts=7
P2, tp=7, ts=7, x0=716910030
P1, tp=7, ts=7, x0=642966774, x1=851896678
P2, tp=7, ts=7, x0=654874248
P0, tp=7, ts=7
P0, tp=7, ts=7
P1, tp=7, ts=7, x0=463416745, x1=682724905
P0, tp=7, ts=7
P0, tp=7, ts=7
P2, tp=7, ts=7, x0=795788526
P2, tp=7, ts=7, x0=753279535
P2, tp=7, ts=7, x0=983715049
P1, tp=7, ts=7, x0=654874248, x1=795788526
P2, tp=7, ts=7, x0=325560851
P3, tp=7, ts=7
P1, tp=7, ts=7, x0=680411587, x1=463416745
P1, tp=7, ts=7, x0=623542647, x1=871520134
P0, tp=7, ts=7
P0, tp=7, ts=7
P1, tp=7, ts=7, x0=146759135, x1=623542647
P1, tp=7, ts=7, x0=340662606, x1=736230287
P2, tp=7, ts=7, x0=827173646
P0, tp=7, ts=7
P0, tp=7, ts=7
P0, tp=7, ts=7
P0, tp=7, ts=7
P1, tp=7, ts=7, x0=26454236, x1=407639747
P3, tp=7, ts=7
P0, tp=7, ts=7
P2, tp=7, ts=7, x0=983715049
P3, tp=7, ts=7
P1, tp=7, ts=7, x0=997403862, x1=957569083
P0, tp=7, ts=7
P3, tp=7, ts=7
P1, tp=7, ts=7, x0=112976504, x1=660826492
P3, tp=7, ts=7
P1, tp=7, ts=7, x0=268830605, x1=481145637
P2, tp=7, ts=7, x0=603797089
P2, tp=7, ts=7, x0=623394804
P0, tp=7, ts=7
P0, tp=7, ts=7
P3, tp=7, ts=7
P1, tp=7, ts=7, x0=399120484, x1=959840046
P0, tp=7, ts=7
P1, tp=7, ts=7, x0=8240601, x1=736230287
P2, tp=7, ts=7, x0=841489267
P0, tp=7, ts=7
P0, tp=7, ts=7
P3, tp=7, ts=7
P3, tp=7, ts=7
P2, tp=7, ts=7, x0=210273246
P1, tp=7, ts=7, x0=440736764, x1=898994125
P1, tp=7, ts=7, x0=525505566, x1=957569083
P0, tp=7, ts=7
P0, tp=7, ts=7
P3, tp=7, ts=7
P0, tp=7, ts=7
P2, tp=7, ts=7, x0=736230287
P2, tp=7, ts=7, x0=325560851
P3, tp=7, ts=7
P2, tp=7, ts=7, x0=594189553
P3, tp=7, ts=7
P0, tp=7, ts=7
P3, tp=7, ts=7
P2, tp=7, ts=7, x0=793955134
P3, tp=7, ts=7
P2, tp=7, ts=7, x0=226466265
P1, tp=7, ts=7, x0=619011997, x1=682724905
P3, tp=7, ts=7
P0, tp=7, ts=7
P2, tp=7, ts=7, x0=749678066
P3, tp=7, ts=7
P0, tp=7, ts=7
P2, tp=7, ts=7, x0=960841218
P0, tp=7, ts=7
P1, tp=7, ts=7, x0=112976504, x1=411428405
P0, tp=7, ts=7
P0, tp=7, ts=7
P3, tp=7, ts=7
P1, tp=7, ts=7, x0=603797089, x1=711341966
P0, tp=7, ts=7
P1, tp=7, ts=7, x0=623542647, x1=637499217
P0, tp=7, ts=7
P2, tp=7, ts=7, x0=116155859
P2, tp=7, ts=7, x0=147778092
P3, tp=7, ts=7
P0, tp=7, ts=7
P0, tp=7, ts=7
P1, tp=7, ts=7, x0=268830605, x1=642378428
P1, tp=7, ts=7, x0=325560851, x1=991944501
P3, tp=7, ts=7
P0, tp=7, ts=7
P1, tp=7, ts=7, x0=406541599, x1=898994125
P2, tp=7, ts=7, x0=399120484
P3, tp=7, ts=7
P0, tp=7, ts=7
P3, tp=7, ts=7
P3, tp=7, ts=7
P1, tp=7, ts=7, x0=642378428, x1=256195547
P3, tp=7, ts=7
P3, tp=7, ts=7
P0, tp=7, ts=7
P3, tp=7, ts=7
P1, tp=7, ts=7, x0=960841218, x1=886671045
P2, tp=7, ts=7, x0=594189553
P1, tp=7, ts=7, x0=654874248, x1=515488298
P3, tp=7, ts=7
P2, tp=7, ts=7, x0=990614552
P2, tp=7, ts=7, x0=989450625
P3, tp=7, ts=7
P0, tp=7, ts=7
P1, tp=7, ts=7, x0=154772311, x1=309353683
P3, tp=7, ts=7
P2, tp=7, ts=7, x0=152111715
P0, tp=7, ts=7
P1, tp=7, ts=7, x0=654874248, x1=395394745
P3, tp=7, ts=7
P3, tp=7, ts=7
P1, tp=7, ts=7, x0=399120484, x1=479637692
P2, tp=7, ts=7, x0=116155859
P3, tp=7, ts=7
P2, tp=7, ts=7, x0=715448842
P3, tp=7, ts=7
P1, tp=7, ts=7, x0=136725973, x1=226466265
P1, tp=7, ts=7, x0=481145637, x1=286514879
P1, tp=7, ts=7, x0=836941184, x1=136725973
P3, tp=7, ts=7
P1, tp=7, ts=7, x0=983715049, x1=374635915
P2, tp=7, ts=7, x0=155339606
P0, tp=7, ts=7
P0, tp=7, ts=7
P0, tp=7, ts=7
P0, tp=7, ts=7
P1, tp=7, ts=7, x0=584537875, x1=374635915
P3, tp=7, ts=7
P1, tp=7, ts=7, x0=406541599, x1=626788532
P2, tp=7, ts=7, x0=851896678
P1, tp=7, ts=7, x0=210273246, x1=112976504
P0, tp=7, ts=7
P0, tp=7, ts=7
P0, tp=7, ts=7
P2, tp=7, ts=7, x0=297115197
P0, tp=7, ts=7
P2, tp=7, ts=7, x0=446162547
P2, tp=7, ts=7, x0=407639747
P3, tp=7, ts=7
P0, tp=7, ts=7
P1, tp=7, ts=7, x0=959840046, x1=575821514
P3, tp=7, ts=7
P1, tp=7, ts=7, x0=416202885, x1=575821514
P3, tp=7, ts=7
P3, tp=7, ts=7
P2, tp=7, ts=7, x0=84961908
P1, tp=7, ts=7, x0=841489267, x1=851837196
P1, tp=7, ts=7, x0=817047335, x1=768747209
P3, tp=7, ts=7
P2, tp=7, ts=7, x0=678977599
P3, tp=7, ts=7
P3, tp=7, ts=7
P0, tp=7, ts=7
P2, tp=7, ts=7, x0=959840046
P0, tp=7, ts=7
P2, tp=7, ts=7, x0=111044320
P1, tp=7, ts=7, x0=762018434, x1=233427644
P3, tp=7, ts=7
P0, tp=7, ts=7
P2, tp=7, ts=7, x0=990614552
P2, tp=7, ts=7, x0=383406018
P1, tp=7, ts=7, x0=642378428, x1=337706698
P3, tp=7, ts=7
P2, tp=7, ts=7, x0=383406018
P0, tp=7, ts=7
P1, tp=7, ts=7, x0=642378428, x1=416202885
P2, tp=7, ts=7, x0=236951520
P1, tp=7, ts=7, x0=982080583, x1=603797089
P3, tp=7, ts=7
P1, tp=7, ts=7, x0=309353683, x1=152111715
P2, tp=7, ts=7, x0=411428405
P1, tp=7, ts=7, x0=210273246, x1=603797089
P0, tp=7, ts=7
P2, tp=7, ts=7, x0=983715049
P1, tp=7, ts=7, x0=340662606, x1=19634274
P2, tp=7, ts=7, x0=411428405
P0, tp=7, ts=7
P1, tp=7, ts=7, x0=584537875, x1=584537875
P3, tp=7, ts=7
P0, tp=7, ts=7
P2, tp=7, ts=7, x0=437164529
P0, tp=7, ts=7
P0, tp=7, ts=7
P0, tp=7, ts=7
P0, tp=7, ts=7
P1, tp=7, ts=7, x0=654874248, x1=383406018
P0, tp=7, ts=7
P1, tp=7, ts=7, x0=795788526, x1=648365780
P3, tp=7, ts=7
P2, tp=7, ts=7, x0=203484143
P1, tp=7, ts=7, x0=406541599, x1=773961174
P1, tp=7, ts=7, x0=146759135, x1=43237217
P1, tp=7, ts=7, x0=851896678, x1=989450625
P1, tp=7, ts=7, x0=768747209, x1=871415145
P3, tp=7, ts=7
P0, tp=7, ts=7
P0, tp=7, ts=7
P1, tp=7, ts=7, x0=440736764, x1=642378428
P3, tp=7, ts=7
P2, tp=7, ts=7, x0=841489267
P3, tp=7, ts=7
P1, tp=7, ts=7, x0=898994125, x1=793955134
P2, tp=7, ts=7, x0=795788526
P3, tp=7, ts=7
P3, tp=7, ts=7
P3, tp=7, ts=7
P1, tp=7, ts=7, x0=648365780, x1=177186927
P0, tp=7, ts=7
P3, tp=7, ts=7
P2, tp=7, ts=7, x0=668394239
P0, tp=7, ts=7
P2, tp=7, ts=7, x0=817047335
P0, tp=7, ts=7
P1, tp=7, ts=7, x0=236202006, x1=411428405
P3, tp=7, ts=7
P1, tp=7, ts=7, x0=297115197, x1=226466265
P3, tp=7, ts=7
P2, tp=7, ts=7, x0=440736764
P3, tp=7, ts=7
P1, tp=7, ts=7, x0=526820959, x1=762018434
P2, tp=7, ts=7, x0=210273246
P3, tp=7, ts=7
P2, tp=7, ts=7, x0=886888726
P0, tp=7, ts=7
P3, tp=7, ts=7
P0, tp=7, ts=7
P2, tp=7, ts=7, x0=230944434
P1, tp=7, ts=7, x0=61958117, x1=957569083
P3, tp=7, ts=7
P2, tp=7, ts=7, x0=51786083
P3, tp=7, ts=7
P1, tp=7, ts=7, x0=256195547, x1=459878825
P0, tp=7, ts=7
P1, tp=7, ts=7, x0=836941184, x1=337706698
P3, tp=7, ts=7
P2, tp=7, ts=7, x0=932420093
P3, tp=7, ts=7
P3, tp=7, ts=7
P2, tp=7, ts=7, x0=337706698
P1, tp=7, ts=7, x0=8240601, x1=440736764
P2, tp=7, ts=7, x0=397605244
P2, tp=7, ts=7, x0=982080583
P0, tp=7, ts=7
P2, tp=7, ts=7, x0=309353683
P1, tp=7, ts=7, x0=885264729, x1=637499217
P1, tp=7, ts=7, x0=479637692, x1=795788526
P1, tp=7, ts=7, x0=749678066, x1=152111715
P2, tp=7, ts=7, x0=724960077
P1, tp=7, ts=7, x0=459378328, x1=316521978
P1, tp=7, ts=7, x0=339497191, x1=480240985
P3, tp=7, ts=7
P0, tp=7, ts=7
P3, tp=7, ts=7
P0, tp=7, ts=7
P3, tp=7, ts=7
P3, tp=7, ts=7
P2, tp=7, ts=7, x0=990614552
P3, tp=7, ts=7
P3, tp=7, ts=7
P3, tp=7, ts=7
P3, tp=7, ts=7
P3, tp=7, ts=7
P3, tp=7, ts=7
P1, tp=7, ts=7, x0=603797089, x1=226466265
P1, tp=7, ts=7, x0=626788532, x1=836941184
P1, tp=7, ts=7, x0=395394745, x1=997403862
P0, tp=7, ts=7
P3, tp=7, ts=7
P1, tp=7, ts=7, x0=112976504, x1=851837196
P3, tp=7, ts=7
P1, tp=7, ts=7, x0=51786083, x1=297115197
P1, tp=7, ts=7, x0=736230287, x1=680411587
P3, tp=7, ts=7
P0, tp=7, ts=7
P3, tp=7, ts=7
P2, tp=7, ts=7, x0=236951520
P1, tp=7, ts=7, x0=736230287, x1=286514879
P0, tp=7, ts=7
P0, tp=7, ts=7
P3, tp=7, ts=7
P2, tp=7, ts=7, x0=256195547
P0, tp=7, ts=7
P0, tp=7, ts=7
P3, tp=7, ts=7
P2, tp=7, ts=7, x0=440736764
P1, tp=7, ts=7, x0=871415145, x1=991944501
P3, tp=7, ts=7
P3, tp=7, ts=7
P2, tp=7, ts=7, x0=736442075
P3, tp=7, ts=7
P2, tp=7, ts=7, x0=886888726
P2, tp=7, ts=7, x0=515488298
P2, tp=7, ts=7, x0=504523701
P2, tp=7, ts=7, x0=236951520
P0, tp=7, ts=7
P0, tp=7, ts=7
P0, tp=7, ts=7
P2, tp=7, ts=7, x0=828415473
P3, tp=7, ts=7
P3, tp=7, ts=7
P3, tp=7, ts=7
P2, tp=7, ts=7, x0=8240601
P1, tp=7, ts=7, x0=193706648, x1=886671045
P2, tp=7, ts=7, x0=177186927
P3, tp=7, ts=7
P2, tp=7, ts=7, x0=446162547
P2, tp=7, ts=7, x0=61958117
P0, tp=7, ts=7
P1, tp=7, ts=7, x0=252022855, x1=736442075
P2, tp=7, ts=7, x0=568346948
P3, tp=7, ts=7
P0, tp=7, ts=7
P0, tp=7, ts=7
P2, tp=7, ts=7, x0=316521978
P1, tp=7, ts=7, x0=712174569, x1=982080583
P2, tp=7, ts=7, x0=642378428
P1, tp=7, ts=7, x0=898994125, x1=397605244
P2, tp=7, ts=7, x0=841489267
P1, tp=7, ts=7, x0=898994125, x1=568346948
P1, tp=7, ts=7, x0=851896678, x1=982080583
P3, tp=7, ts=7
P1, tp=7, ts=7, x0=49090121, x1=795788526
P0, tp=7, ts=7
P0, tp=7, ts=7
P0, tp=7, ts=7
P2, tp=7, ts=7, x0=239002531
P1, tp=7, ts=7, x0=619011997, x1=642378428
P0, tp=7, ts=7
P2, tp=7, ts=7, x0=112976504
P0, tp=7, ts=7
P0, tp=7, ts=7
P2, tp=7, ts=7, x0=594189553
P0, tp=7, ts=7
P3, tp=7, ts=7
P1, tp=7, ts=7, x0=13937533, x1=309353683
P2, tp=7, ts=7, x0=768747209
P1, tp=7, ts=7, x0=342483095, x1=51786083
P1, tp=7, ts=7, x0=623542647, x1=177186927
P3, tp=7, ts=7
P1, tp=7, ts=7, x0=997403862, x1=715774462
P2, tp=7, ts=7, x0=982080583
P2, tp=7, ts=7, x0=406541599
P2, tp=7, ts=7, x0=446162547
P3, tp=7, ts=7
P1, tp=7, ts=7, x0=49090121, x1=875745578
P0, tp=7, ts=7
P3, tp=7, ts=7
P2, tp=7, ts=7, x0=399120484
P0, tp=7, ts=7
P1, tp=7, ts=7, x0=736230287, x1=177186927
P3, tp=7, ts=7
P1, tp=7, ts=7, x0=340662606, x1=112976504
P3, tp=7, ts=7
P1, tp=7, ts=7, x0=932420093, x1=711341966
P3, tp=7, ts=7
P1, tp=7, ts=7, x0=194621906, x1=721663097
P0, tp=7, ts=7
P0, tp=7, ts=7
P0, tp=7, ts=7
P1, tp=7, ts=7, x0=116155859, x1=429994021
P1, tp=7, ts=7, x0=526820959, x1=594189553
P2, tp=7, ts=7, x0=828415473
P3, tp=7, ts=7
P1, tp=7, ts=7, x0=381821022, x1=256195547
P0, tp=7, ts=7
P2, tp=7, ts=7, x0=73817163
P3, tp=7, ts=7
P1, tp=7, ts=7, x0=91344904, x1=926459441
P3, tp=7, ts=7
P0, tp=7, ts=7
P2, tp=7, ts=7, x0=817047335
P2, tp=7, ts=7, x0=609244565
P2, tp=7, ts=7, x0=793955134
P1, tp=7, ts=7, x0=526820959, x1=365942047
P0, tp=7, ts=7
P2, tp=7, ts=7, x0=575821514
P2, tp=7, ts=7, x0=437164529
P3, tp=7, ts=7
P1, tp=7, ts=7, x0=112976504, x1=982080583
P2, tp=7, ts=7, x0=680411587
P1, tp=7, ts=7, x0=817047335, x1=711341966
P0, tp=7, ts=7
P0, tp=7, ts=7
P2, tp=7, ts=7, x0=897962761
P3, tp=7, ts=7
P0, tp=7, ts=7
P0, tp=7, ts=7
P3, tp=7, ts=7
P2, tp=7, ts=7, x0=828415473
P0, tp=7, ts=7
P3, tp=7, ts=7
P0, tp=7, ts=7
P1, tp=7, ts=7, x0=886888726, x1=851837196
P3, tp=7, ts=7
P1, tp=7, ts=7, x0=13937533, x1=957569083
P2, tp=7, ts=7, x0=316521978
P3, tp=7, ts=7
P1, tp=7, ts=7, x0=13937533, x1=875745578
P3, tp=7, ts=7
P3, tp=7, ts=7
P1, tp=7, ts=7, x0=828415473, x1=875745578
P3, tp=7, ts=7
P1, tp=7, ts=7, x0=230944434, x1=155339606
P0, tp=7, ts=7
P0, tp=7, ts=7
P2, tp=7, ts=7, x0=440736764
P0, tp=7, ts=7
P2, tp=7, ts=7, x0=997403862
P3, tp=7, ts=7
P3, tp=7, ts=7
P0, tp=7, ts=7
P0, tp=7, ts=7
P0, tp=7, ts=7
P0, tp=7, ts=7
P0, tp=7, ts=7
P1, tp=7, ts=7, x0=236951520, x1=828415473
P2, tp=7, ts=7, x0=609244565
P2, tp=7, ts=7, x0=609244565
P2, tp=7, ts=7, x0=397605244
P1, tp=7, ts=7, x0=668394239, x1=923048838
P3, tp=7, ts=7
P0, tp=7, ts=7
P2, tp=7, ts=7, x0=316521978
P1, tp=7, ts=7, x0=875745578, x1=480240985
P0, tp=7, ts=7
P3, tp=7, ts=7
P2, tp=7, ts=7, x0=526820959
P1, tp=7, ts=7, x0=397605244, x1=851896678
P1, tp=7, ts=7, x0=982080583, x1=575821514
P0, tp=7, ts=7
P2, tp=7, ts=7, x0=721243929
P0, tp=7, ts=7
P2, tp=7, ts=7, x0=230944434
P1, tp=7, ts=7, x0=898994125, x1=721243929
P0, tp=7, ts=7
P3, tp=7, ts=7
P2, tp=7, ts=7, x0=768747209
P2, tp=7, ts=7, x0=339497191
P0, tp=7, ts=7
P1, tp=7, ts=7, x0=736442075, x1=340662606
P0, tp=7, ts=7
P0, tp=7, ts=7
P2, tp=7, ts=7, x0=94143331
P2, tp=7, ts=7, x0=637499217
P1, tp=7, ts=7, x0=252022855, x1=297115197
P3, tp=7, ts=7
P1, tp=7, ts=7, x0=210273246, x1=851896678
P3, tp=7, ts=7
P0, tp=7, ts=7
P1, tp=7, ts=7, x0=26454236, x1=623542647
P0, tp=7, ts=7
P2, tp=7, ts=7, x0=73817163
P1, tp=7, ts=7, x0=340075065, x1=74624411
P1, tp=7, ts=7, x0=94143331, x1=429994021
P1, tp=7, ts=7, x0=407639747, x1=217165976
P2, tp=7, ts=7, x0=932420093
P0, tp=7, ts=7
P3, tp=7, ts=7
P1, tp=7, ts=7, x0=8240601, x1=712174569
P1, tp=7, ts=7, x0=254649224, x1=112976504
P0, tp=7, ts=7
P1, tp=7, ts=7, x0=559577864, x1=871415145
P1, tp=7, ts=7, x0=623394804, x1=715774462
P1, tp=7, ts=7, x0=480240985, x1=74624411
P0, tp=7, ts=7
P3, tp=7, ts=7
P3, tp=7, ts=7
P2, tp=7, ts=7, x0=721243929
P2, tp=7, ts=7, x0=316521978
P0, tp=7, ts=7
P1, tp=7, ts=7, x0=721243929, x1=233427644
P1, tp=7, ts=7, x0=957569083, x1=680411587
P3, tp=7, ts=7
P2, tp=7, ts=7, x0=721663097
P2, tp=7, ts=7, x0=203484143
P3, tp=7, ts=7
P2, tp=7, ts=7, x0=559577864
P2, tp=7, ts=7, x0=871415145
P3, tp=7, ts=7
P0, tp=7, ts=7
P3, tp=7, ts=7
P0, tp=7, ts=7
P2, tp=7, ts=7, x0=210273246
P2, tp=7, ts=7, x0=932420093
P2, tp=7, ts=7, x0=217165976
P3, tp=7, ts=7
P3, tp=7, ts=7
P1, tp=7, ts=7, x0=43237217, x1=619011997
P3, tp=7, ts=7
P0, tp=7, ts=7
P3, tp=7, ts=7
P1, tp=7, ts=7, x0=446162547, x1=609244565
P2, tp=7, ts=7, x0=147778092
P0, tp=7, ts=7
P2, tp=7, ts=7, x0=155339606
P3, tp=7, ts=7
P0, tp=7, ts=7
P0, tp=7, ts=7
P3, tp=7, ts=7
P1, tp=7, ts=7, x0=793955134, x1=51786083
P1, tp=7, ts=7, x0=194621906, x1=135667386
P3, tp=7, ts=7
P0, tp=7, ts=7
P0, tp=7, ts=7
P1, tp=7, ts=7, x0=429994021, x1=399120484
P3, tp=7, ts=7
P2, tp=7, ts=7, x0=395394745
P0, tp=7, ts=7
P0, tp=7, ts=7
P3, tp=7, ts=7
P3, tp=7, ts=7
P3, tp=7, ts=7
P1, tp=7, ts=7, x0=619011997, x1=623394804
P2, tp=7, ts=7, x0=875745578
P1, tp=7, ts=7, x0=623394804, x1=715774462
P0, tp=7, ts=7
P3, tp=7, ts=7
P2, tp=7, ts=7, x0=886888726
P0, tp=7, ts=7
P1, tp=7, ts=7, x0=155339606, x1=252022855
P2, tp=7, ts=7, x0=603797089
P2, tp=7, ts=7, x0=147778092
P0, tp=7, ts=7
P1, tp=7, ts=7, x0=712174569, x1=715774462
P2, tp=7, ts=7, x0=932420093
P3, tp=7, ts=7
P2, tp=7, ts=7, x0=340662606
P1, tp=7, ts=7, x0=147778092, x1=7242916
P1, tp=7, ts=7, x0=575821514, x1=316521978
P0, tp=7, ts=7
P1, tp=7, ts=7, x0=828415473, x1=309353683
P1, tp=7, ts=7, x0=440736764, x1=836941184
P0, tp=7, ts=7
P2, tp=7, ts=7, x0=886671045
P0, tp=7, ts=7
P0, tp=7, ts=7
P1, tp=7, ts=7, x0=997403862, x1=236951520
P1, tp=7, ts=7, x0=437164529, x1=989450625
P2, tp=7, ts=7, x0=31811907
P3, tp=7, ts=7
P2, tp=7, ts=7, x0=74624411
P0, tp=7, ts=7
P2, tp=7, ts=7, x0=337706698
P3, tp=7, ts=7
P0, tp=7, ts=7
P2, tp=7, ts=7, x0=851896678
P0, tp=7, ts=7
P0, tp=7, ts=7
P1, tp=7, ts=7, x0=236951520, x1=886888726
P0, tp=7, ts=7
P2, tp=7, ts=7, x0=155339606
P3, tp=7, ts=7
P3, tp=7, ts=7
P1, tp=7, ts=7, x0=407639747, x1=316521978
P0, tp=7, ts=7
P0, tp=7, ts=7
P1, tp=7, ts=7, x0=51786083, x1=898994125
P1, tp=7, ts=7, x0=283024524, x1=112976504
P2, tp=7, ts=7, x0=437164529
P1, tp=7, ts=7, x0=898994125, x1=623542647
P2, tp=7, ts=7, x0=49090121
P1, tp=7, ts=7, x0=399120484, x1=715774462
P1, tp=7, ts=7, x0=256195547, x1=626788532
P0, tp=7, ts=7
P0, tp=7, ts=7
P0, tp=7, ts=7
P2, tp=7, ts=7, x0=239002531
P3, tp=7, ts=7
P1, tp=7, ts=7, x0=43237217, x1=836941184
P3, tp=7, ts=7
P1, tp=7, ts=7, x0=43237217, x1=161191281
P2, tp=7, ts=7, x0=619011997
P1, tp=7, ts=7, x0=429994021, x1=749678066
P1, tp=7, ts=7, x0=504523701, x1=817047335
P1, tp=7, ts=7, x0=721663097, x1=721243929
P2, tp=7, ts=7, x0=154741804
P1, tp=7, ts=7, x0=8240601, x1=957569083
P0, tp=7, ts=7
P3, tp=7, ts=7
P2, tp=7, ts=7, x0=468306960
P2, tp=7, ts=7, x0=73817163
P1, tp=7, ts=7, x0=210273246, x1=982080583
P3, tp=7, ts=7
P0, tp=7, ts=7
P0, tp=7, ts=7
P2, tp=7, ts=7, x0=989450625
P2, tp=7, ts=7, x0=440736764
P0, tp=7, ts=7
P1, tp=7, ts=7, x0=437164529, x1=680411587
P1, tp=7, ts=7, x0=625476605, x1=926459441
P2, tp=7, ts=7, x0=668394239
P1, tp=7, ts=7, x0=161191281, x1=365942047
P2, tp=7, ts=7, x0=161191281
P0, tp=7, ts=7
P3, tp=7, ts=7
P0, tp=7, ts=7
P3, tp=7, ts=7
P0, tp=7, ts=7
P1, tp=7, ts=7, x0=712174569, x1=932420093
P1, tp=7, ts=7, x0=768747209, x1=625476605
P2, tp=7, ts=7, x0=230944434
P0, tp=7, ts=7
P2, tp=7, ts=7, x0=724960077
P0, tp=7, ts=7
P0, tp=7, ts=7
P2, tp=7, ts=7, x0=923048838
P3, tp=7, ts=7
P1, tp=7, ts=7, x0=135667386, x1=74624411
P3, tp=7, ts=7
P0, tp=7, ts=7
P2, tp=7, ts=7, x0=836941184
P0, tp=7, ts=7
P0, tp=7, ts=7
P2, tp=7, ts=7, x0=51786083
P2, tp=7, ts=7, x0=875745578
P3, tp=7, ts=7
P1, tp=7, ts=7, x0=585382608, x1=407639747
P3, tp=7, ts=7
P3, tp=7, ts=7
P2, tp=7, ts=7, x0=668394239
P3, tp=7, ts=7
P1, tp=7, ts=7, x0=84961908, x1=8240601
P0, tp=7, ts=7
P1, tp=7, ts=7, x0=923048838, x1=381821022
P2, tp=7, ts=7, x0=923048838
P2, tp=7, ts=7, x0=254649224
P2, tp=7, ts=7, x0=337706698
P1, tp=7, ts=7, x0=749678066, x1=923048838
P0, tp=7, ts=7
P0, tp=7, ts=7
P1, tp=7, ts=7, x0=568346948, x1=898994125
P1, tp=7, ts=7, x0=233427644, x1=381821022
P2, tp=7, ts=7, x0=446162547
P2, tp=7, ts=7, x0=721243929
P3, tp=7, ts=7
P1, tp=7, ts=7, x0=851896678, x1=13937533
P2, tp=7, ts=7, x0=721243929
P3, tp=7, ts=7
P0, tp=7, ts=7
P2, tp=7, ts=7, x0=836941184
P0, tp=7, ts=7
P2, tp=7, ts=7, x0=923048838
P3, tp=7, ts=7
P0, tp=7, ts=7
P2, tp=7, ts=7, x0=256195547
P3, tp=7, ts=7
P3, tp=7, ts=7
P0, tp=7, ts=7
P2, tp=7, ts=7, x0=84961908
P0, tp=7, ts=7
P2, tp=7, ts=7, x0=619011997
P0, tp=7, ts=7
P3, tp=7, ts=7
P0, tp=7, ts=7
P3, tp=7, ts=7
P2, tp=7, ts=7, x0=407639747
P1, tp=7, ts=7, x0=989450625, x1=91344904
P2, tp=7, ts=7, x0=256195547
P1, tp=7, ts=7, x0=932420093, x1=437164529
P1, tp=7, ts=7, x0=334199285, x1=49090121
P1, tp=7, ts=7, x0=154741804, x1=619011997
P0, tp=7, ts=7
P0, tp=7, ts=7
P1, tp=7, ts=7, x0=898994125, x1=454311334
P1, tp=7, ts=7, x0=437164529, x1=136252704
P1, tp=7, ts=7, x0=84961908, x1=407639747
P0, tp=7, ts=7
P0, tp=7, ts=7
P2, tp=7, ts=7, x0=932420093
P0, tp=7, ts=7
P1, tp=7, ts=7, x0=213655767, x1=161191281
P2, tp=7, ts=7, x0=642378428
P2, tp=7, ts=7, x0=795788526
P1, tp=7, ts=7, x0=967373649, x1=795788526
P0, tp=7, ts=7
P0, tp=7, ts=7
P2, tp=7, ts=7, x0=84961908
P3, tp=7, ts=7
P2, tp=7, ts=7, x0=967373649
P0, tp=7, ts=7
P0, tp=7, ts=7
P0, tp=7, ts=7
P3, tp=7, ts=7
P2, tp=7, ts=7, x0=932420093
P2, tp=7, ts=7, x0=712174569
P2, tp=7, ts=7, x0=74624411
P2, tp=7, ts=7, x0=339497191
P0, tp=7, ts=7
P0, tp=7, ts=7
P2, tp=7, ts=7, x0=451407445
P1, tp=7, ts=7, x0=501684859, x1=851837196
P2, tp=7, ts=7, x0=459475424
P1, tp=7, ts=7, x0=283024524, x1=886888726
P2, tp=7, ts=7, x0=316521978
P3, tp=7, ts=7
P2, tp=7, ts=7, x0=768747209
P1, tp=7, ts=7, x0=923048838, x1=926459441
P1, tp=7, ts=7, x0=203484143, x1=767889452
P1, tp=7, ts=7, x0=897962761, x1=437164529
P0, tp=7, ts=7
P0, tp=7, ts=7
P2, tp=7, ts=7, x0=437164529
P0, tp=7, ts=7
P0, tp=7, ts=7
P3, tp=7, ts=7
P0, tp=7, ts=7
P3, tp=7, ts=7
P1, tp=7, ts=7, x0=668394239, x1=429994021
P0, tp=7, ts=7
P0, tp=7, ts=7
P0, tp=7, ts=7
P3, tp=7, ts=7
P1, tp=7, ts=7, x0=256195547, x1=736442075
P0, tp=7, ts=7
P1, tp=7, ts=7, x0=886671045, x1=459378328
P0, tp=7, ts=7
P1, tp=7, ts=7, x0=568346948, x1=506607601
P0, tp=7, ts=7
P2, tp=7, ts=7, x0=61958117
P0, tp=7, ts=7
P2, tp=7, ts=7, x0=395394745
P0, tp=7, ts=7
P2, tp=7, ts=7, x0=94143331
P3, tp=7, ts=7
P2, tp=7, ts=7, x0=619011997
P2, tp=7, ts=7, x0=334199285
P0, tp=7, ts=7
P0, tp=7, ts=7
P2, tp=7, ts=7, x0=217165976
P1, tp=7, ts=7, x0=26454236, x1=897962761
P0, tp=7, ts=7
P1, tp=7, ts=7, x0=501684859, x1=451407445
P2, tp=7, ts=7, x0=625476605
P0, tp=7, ts=7
P2, tp=7, ts=7, x0=316521978
P1, tp=7, ts=7, x0=715774462, x1=399120484
P1, tp=7, ts=7, x0=716910030, x1=309353683
P0, tp=7, ts=7
P2, tp=7, ts=7, x0=541793764
P2, tp=7, ts=7, x0=836941184
P2, tp=7, ts=7, x0=897962761
P0, tp=7, ts=7
P2, tp=7, ts=7, x0=871415145
P2, tp=7, ts=7, x0=49090121
P3, tp=7, ts=7
P1, tp=7, ts=7, x0=499792139, x1=7242916
P0, tp=7, ts=7
P0, tp=7, ts=7
P3, tp=7, ts=7
P1, tp=7, ts=7, x0=668394239, x1=217165976
P0, tp=7, ts=7
P1, tp=7, ts=7, x0=619011997, x1=989450625
P2, tp=7, ts=7, x0=926459441
P2, tp=7, ts=7, x0=112976504
P2, tp=7, ts=7, x0=105960860
P3, tp=7, ts=7
P0, tp=7, ts=7
P3, tp=7, ts=7
P0, tp=7, ts=7
P2, tp=7, ts=7, x0=451407445
P3, tp=7, ts=7
P1, tp=7, ts=7, x0=898994125, x1=721243929
P0, tp=7, ts=7
P1, tp=7, ts=7, x0=957569083, x1=395394745
P0, tp=7, ts=7
P2, tp=7, ts=7, x0=625476605
P3, tp=7, ts=7
P2, tp=7, ts=7, x0=499792139
P3, tp=7, ts=7
P3, tp=7, ts=7
P0, tp=7, ts=7
P0, tp=7, ts=7
P1, tp=7, ts=7, x0=155339606, x1=437164529
P1, tp=7, ts=7, x0=926459441, x1=365942047
P2, tp=7, ts=7, x0=789340274
P3, tp=7, ts=7
P2, tp=7, ts=7, x0=897962761
P2, tp=7, ts=7, x0=7242916
P3, tp=7, ts=7
P3, tp=7, ts=7
P0, tp=7, ts=7
P2, tp=7, ts=7, x0=541793764
P3, tp=7, ts=7
P0, tp=7, ts=7
P1, tp=7, ts=7, x0=236951520, x1=43237217
P3, tp=7, ts=7
P1, tp=7, ts=7, x0=459378328, x1=749678066
P3, tp=7, ts=7
P1, tp=7, ts=7, x0=898994125, x1=749678066
P2, tp=7, ts=7, x0=380858942
P1, tp=7, ts=7, x0=407639747, x1=252022855
P3, tp=7, ts=7
P0, tp=7, ts=7
P3, tp=7, ts=7
P3, tp=7, ts=7
P2, tp=7, ts=7, x0=203484143
P2, tp=7, ts=7, x0=213655767
P2, tp=7, ts=7, x0=107027143
P0, tp=7, ts=7
P0, tp=7, ts=7
P1, tp=7, ts=7, x0=886888726, x1=334199285
P1, tp=7, ts=7, x0=365942047, x1=334199285
P2, tp=7, ts=7, x0=367568060
P1, tp=7, ts=7, x0=767889452, x1=429994021
P1, tp=7, ts=7, x0=334199285, x1=61958117
P2, tp=7, ts=7, x0=411428405
P1, tp=7, ts=7, x0=26454236, x1=886671045
P0, tp=7, ts=7
P1, tp=7, ts=7, x0=680411587, x1=297115197
P0, tp=7, ts=7
P2, tp=7, ts=7, x0=91344904
P1, tp=7, ts=7, x0=871415145, x1=936007018
P2, tp=7, ts=7, x0=380858942
P3, tp=7, ts=7
P2, tp=7, ts=7, x0=51786083
P2, tp=7, ts=7, x0=73817163
P2, tp=7, ts=7, x0=236951520
P0, tp=7, ts=7
P0, tp=7, ts=7
P1, tp=7, ts=7, x0=749678066, x1=256195547
P0, tp=7, ts=7
P3, tp=7, ts=7
P2, tp=7, ts=7, x0=926459441
P1, tp=7, ts=7, x0=365942047, x1=712174569
P2, tp=7, ts=7, x0=107027143
P0, tp=7, ts=7
P1, tp=7, ts=7, x0=7242916, x1=61958117
P0, tp=7, ts=7
P1, tp=7, ts=7, x0=395394745, x1=557929790
P2, tp=7, ts=7, x0=411207098
P0, tp=7, ts=7
P2, tp=7, ts=7, x0=957569083
P3, tp=7, ts=7
P0, tp=7, ts=7
P0, tp=7, ts=7
P2, tp=7, ts=7, x0=154741804
P0, tp=7, ts=7
P3, tp=7, ts=7
P3, tp=7, ts=7
P0, tp=7, ts=7
P0, tp=7, ts=7
P3, tp=7, ts=7
P0, tp=7, ts=7
P1, tp=7, ts=7, x0=499792139, x1=626788532
P0, tp=7, ts=7
P2, tp=7, ts=7, x0=411207098
P0, tp=7, ts=7
P1, tp=7, ts=7, x0=997403862, x1=309353683
P3, tp=7, ts=7
P0, tp=7, ts=7
P1, tp=7, ts=7, x0=893893293, x1=451407445
P0, tp=7, ts=7
P3, tp=7, ts=7
P0, tp=7, ts=7
P1, tp=7, ts=7, x0=112976504, x1=923048838
P1, tp=7, ts=7, x0=74624411, x1=506607601
P1, tp=7, ts=7, x0=440736764, x1=893893293
P0, tp=7, ts=7
P3, tp=7, ts=7
P2, tp=7, ts=7, x0=51786083
P1, tp=7, ts=7, x0=340075065, x1=203484143
P1, tp=7, ts=7, x0=365942047, x1=617109892
P3, tp=7, ts=7
P3, tp=7, ts=7
P0, tp=7, ts=7
P2, tp=7, ts=7, x0=91344904
P3, tp=7, ts=7
P1, tp=7, ts=7, x0=499792139, x1=26454236
P2, tp=8, ts=8, x0=585382608
P1, tp=8, ts=8, x0=94143331, x1=437164529
P2, tp=8, ts=8, x0=218548375
P0, tp=8, ts=8
P1, tp=8, ts=8, x0=715774462, x1=411207098
P0, tp=8, ts=8
P1, tp=8, ts=8, x0=749678066, x1=626788532
P0, tp=8, ts=8
P3, tp=8, ts=8
P3, tp=8, ts=8
P3, tp=8, ts=8
P1, tp=8, ts=8, x0=340075065, x1=468306960
P0, tp=8, ts=8
P0, tp=8, ts=8
P1, tp=8, ts=8, x0=997403862, x1=316521978
P1, tp=8, ts=8, x0=340662606, x1=392432443
P3, tp=8, ts=8
P1, tp=8, ts=8, x0=506607601, x1=380858942
P3, tp=8, ts=8
P2, tp=8, ts=8, x0=468306960
P3, tp=8, ts=8
P2, tp=8, ts=8, x0=749678066
P1, tp=8, ts=8, x0=761806304, x1=26454236
P1, tp=8, ts=8, x0=252022855, x1=764925690
P1, tp=8, ts=8, x0=712174569, x1=499792139
P1, tp=8, ts=8, x0=344440560, x1=210273246
P3, tp=8, ts=8
P2, tp=8, ts=8, x0=61958117
P1, tp=8, ts=8, x0=642378428, x1=283024524
P2, tp=8, ts=8, x0=789340274
P3, tp=8, ts=8
P1, tp=8, ts=8, x0=625476605, x1=619011997
P2, tp=8, ts=8, x0=297115197
P1, tp=8, ts=8, x0=724960077, x1=161191281
P2, tp=8, ts=8, x0=340662606
P0, tp=8, ts=8
P1, tp=8, ts=8, x0=297115197, x1=213655767
P3, tp=8, ts=8
P0, tp=8, ts=8
P0, tp=8, ts=8
P0, tp=8, ts=8
P0, tp=8, ts=8
P2, tp=8, ts=8, x0=395394745
P2, tp=8, ts=8, x0=923048838
P0, tp=8, ts=8
P2, tp=8, ts=8, x0=91344904
P1, tp=8, ts=8, x0=13937533, x1=334199285
P0, tp=8, ts=8
P2, tp=8, ts=8, x0=105960860
P0, tp=8, ts=8
P0, tp=8, ts=8
P1, tp=8, ts=8, x0=451407445, x1=73817163
P0, tp=8, ts=8
P1, tp=8, ts=8, x0=203484143, x1=236951520
P3, tp=8, ts=8
P0, tp=8, ts=8
P2, tp=8, ts=8, x0=997403862
P0, tp=8, ts=8
P1, tp=8, ts=8, x0=506607601, x1=154741804
P3, tp=8, ts=8
P1, tp=8, ts=8, x0=619011997, x1=642378428
P2, tp=8, ts=8, x0=136252704
P3, tp=8, ts=8
P2, tp=8, ts=8, x0=395394745
P2, tp=8, ts=8, x0=144399779
P2, tp=8, ts=8, x0=43237217
P2, tp=8, ts=8, x0=716910030
P0, tp=8, ts=8
P3, tp=8, ts=8
P1, tp=8, ts=8, x0=989450625, x1=217165976
P1, tp=8, ts=8, x0=73817163, x1=309353683
P0, tp=8, ts=8
P3, tp=8, ts=8
P2, tp=8, ts=8, x0=619011997
P2, tp=8, ts=8, x0=397605244
P2, tp=8, ts=8, x0=926459441
P3, tp=8, ts=8
P2, tp=8, ts=8, x0=957569083
P1, tp=8, ts=8, x0=316521978, x1=367568060
P0, tp=8, ts=8
P2, tp=8, ts=8, x0=440736764
P3, tp=8, ts=8
P0, tp=8, ts=8
P1, tp=8, ts=8, x0=429994021, x1=897285471
P3, tp=8, ts=8
P0, tp=8, ts=8
P1, tp=8, ts=8, x0=736442075, x1=764925690
P0, tp=8, ts=8
P3, tp=8, ts=8
P1, tp=8, ts=8, x0=365942047, x1=967373649
P2, tp=8, ts=8, x0=308137186
P2, tp=8, ts=8, x0=195297648
P3, tp=8, ts=8
P1, tp=8, ts=8, x0=504523701, x1=886888726
P0, tp=8, ts=8
P2, tp=8, ts=8, x0=715774462
P3, tp=8, ts=8
P0, tp=8, ts=8
P3, tp=8, ts=8
P1, tp=8, ts=8, x0=74624411, x1=51786083
P0, tp=8, ts=8
P0, tp=8, ts=8
P2, tp=8, ts=8, x0=764184679
P3, tp=8, ts=8
P3, tp=8, ts=8
P2, tp=8, ts=8, x0=236951520
P1, tp=8, ts=8, x0=135667386, x1=392432443
P3, tp=8, ts=8
P2, tp=8, ts=8, x0=135667386
P3, tp=8, ts=8
P2, tp=8, ts=8, x0=411428405
P1, tp=8, ts=8, x0=559577864, x1=926459441
P1, tp=8, ts=8, x0=181739991, x1=789340274
P0, tp=8, ts=8
P3, tp=8, ts=8
P3, tp=8, ts=8
P0, tp=8, ts=8
P2, tp=8, ts=8, x0=339497191
P2, tp=8, ts=8, x0=479637692
P2, tp=8, ts=8, x0=936007018
P0, tp=8, ts=8
P3, tp=8, ts=8
P3, tp=8, ts=8
P1, tp=8, ts=8, x0=483598698, x1=619011997
P1, tp=8, ts=8, x0=716910030, x1=724960077
P1, tp=8, ts=8, x0=74624411, x1=213655767
P1, tp=8, ts=8, x0=239002531, x1=213655767
P2, tp=8, ts=8, x0=84961908
P2, tp=8, ts=8, x0=454311334
P0, tp=8, ts=8
P0, tp=8, ts=8
P3, tp=8, ts=8
P3, tp=8, ts=8
P1, tp=8, ts=8, x0=459475424, x1=668394239
P1, tp=8, ts=8, x0=736442075, x1=923048838
P0, tp=8, ts=8
P2, tp=8, ts=8, x0=871415145
P3, tp=8, ts=8
P2, tp=8, ts=8, x0=617109892
P0, tp=8, ts=8
P0, tp=8, ts=8
P2, tp=8, ts=8, x0=764925690
P3, tp=8, ts=8
P2, tp=8, ts=8, x0=392432443
P3, tp=8, ts=8
P3, tp=8, ts=8
P1, tp=8, ts=8, x0=226466265, x1=836941184
P3, tp=8, ts=8
P1, tp=8, ts=8, x0=344440560, x1=26454236
P2, tp=8, ts=8, x0=7242916
P2, tp=8, ts=8, x0=108112204
P2, tp=8, ts=8, x0=367568060
P3, tp=8, ts=8
P2, tp=8, ts=8, x0=506607601
P0, tp=8, ts=8
P0, tp=8, ts=8
P3, tp=8, ts=8
P3, tp=8, ts=8
P2, tp=8, ts=8, x0=213655767
P1, tp=8, ts=8, x0=897285471, x1=344440560
P0, tp=8, ts=8
P0, tp=8, ts=8
P1, tp=8, ts=8, x0=924324086, x1=210273246
P1, tp=8, ts=8, x0=43237217, x1=619011997
P2, tp=8, ts=8, x0=715774462
P1, tp=8, ts=8, x0=407639747, x1=451407445
P0, tp=8, ts=8
P2, tp=8, ts=8, x0=642378428
P1, tp=8, ts=8, x0=411428405, x1=431414394
P0, tp=8, ts=8
P3, tp=8, ts=8
P2, tp=8, ts=8, x0=575821514
P1, tp=8, ts=8, x0=736442075, x1=136252704
P3, tp=8, ts=8
P1, tp=8, ts=8, x0=716910030, x1=459475424
P2, tp=8, ts=8, x0=91344904
P1, tp=8, ts=8, x0=316521978, x1=585382608
P0, tp=8, ts=8
P0, tp=8, ts=8
P3, tp=8, ts=8
P2, tp=8, ts=8, x0=181739991
P2, tp=8, ts=8, x0=84961908
P0, tp=8, ts=8
P1, tp=8, ts=8, x0=506607601, x1=217165976
P2, tp=8, ts=8, x0=789340274
P2, tp=8, ts=8, x0=181739991
P1, tp=8, ts=8, x0=767889452, x1=886671045
P2, tp=8, ts=8, x0=43237217
P2, tp=8, ts=8, x0=548419584
P1, tp=8, ts=8, x0=608500021, x1=437164529
P0, tp=8, ts=8
P0, tp=8, ts=8
P1, tp=8, ts=8, x0=91344904, x1=399355728
P2, tp=8, ts=8, x0=716910030
P2, tp=8, ts=8, x0=479637692
P1, tp=8, ts=8, x0=789340274, x1=161191281
P2, tp=8, ts=8, x0=213655767
P1, tp=8, ts=8, x0=94143331, x1=736442075
P0, tp=8, ts=8
P1, tp=8, ts=8, x0=311077215, x1=626788532
P1, tp=8, ts=8, x0=483598698, x1=344440560
P2, tp=8, ts=8, x0=61958117
P1, tp=8, ts=8, x0=897285471, x1=411207098
P1, tp=8, ts=8, x0=936007018, x1=568346948
P1, tp=8, ts=8, x0=395394745, x1=43237217
P1, tp=8, ts=8, x0=836941184, x1=437164529
P3, tp=8, ts=8
P0, tp=8, ts=8
P2, tp=8, ts=8, x0=397605244
P3, tp=8, ts=8
P1, tp=8, ts=8, x0=736442075, x1=94143331
P0, tp=8, ts=8
P1, tp=8, ts=8, x0=334199285, x1=626788532
P0, tp=8, ts=8
P2, tp=8, ts=8, x0=213655767
P0, tp=8, ts=8
P3, tp=8, ts=8
P0, tp=8, ts=8
P0, tp=8, ts=8
P0, tp=8, ts=8
P2, tp=8, ts=8, x0=724960077
P1, tp=8, ts=8, x0=195297648, x1=344440560
P0, tp=8, ts=8
P1, tp=8, ts=8, x0=195297648, x1=181739991
P2, tp=8, ts=8, x0=195297648
P0, tp=8, ts=8
P3, tp=8, ts=8
P0, tp=8, ts=8
P1, tp=8, ts=8, x0=308137186, x1=311077215
P2, tp=8, ts=8, x0=395394745
P0, tp=8, ts=8
P3, tp=8, ts=8
P0, tp=8, ts=8
P3, tp=8, ts=8
P1, tp=8, ts=8, x0=506607601, x1=213655767
P3, tp=8, ts=8
P2, tp=8, ts=8, x0=252022855
P2, tp=8, ts=8, x0=625476605
P3, tp=8, ts=8
P1, tp=8, ts=8, x0=181739991, x1=252022855
P1, tp=8, ts=8, x0=395394745, x1=836941184
P2, tp=8, ts=8, x0=617109892
P0, tp=8, ts=8
P2, tp=8, ts=8, x0=617974819
P0, tp=8, ts=8
P1, tp=8, ts=8, x0=886888726, x1=764925690
P1, tp=8, ts=8, x0=213655767, x1=617109892
P2, tp=8, ts=8, x0=437164529
P2, tp=8, ts=8, x0=297115197
P3, tp=8, ts=8
P2, tp=8, ts=8, x0=924324086
P1, tp=8, ts=8, x0=144399779, x1=308137186
P1, tp=8, ts=8, x0=177186927, x1=479637692
P3, tp=8, ts=8
P1, tp=8, ts=8, x0=483598698, x1=61958117
P0, tp=8, ts=8
P0, tp=8, ts=8
P3, tp=8, ts=8
P3, tp=8, ts=8
P2, tp=8, ts=8, x0=340075065
P0, tp=8, ts=8
P2, tp=8, ts=8, x0=397605244
P2, tp=8, ts=8, x0=997403862
P3, tp=8, ts=8
P3, tp=8, ts=8
P2, tp=8, ts=8, x0=764925690
P0, tp=8, ts=8
P0, tp=8, ts=8
P3, tp=8, ts=8
P0, tp=8, ts=8
P3, tp=8, ts=8
P1, tp=8, ts=8, x0=499792139, x1=834698196
P2, tp=8, ts=8, x0=836941184
P0, tp=8, ts=8
P1, tp=8, ts=8, x0=181739991, x1=7242916
P2, tp=8, ts=8, x0=617109892
P3, tp=8, ts=8
P3, tp=8, ts=8
P2, tp=8, ts=8, x0=932420093
P2, tp=8, ts=8, x0=407639747
P0, tp=8, ts=8
P1, tp=8, ts=8, x0=535143151, x1=61958117
P2, tp=8, ts=8, x0=261204615
P3, tp=8, ts=8
P1, tp=8, ts=8, x0=736442075, x1=431414394
P1, tp=8, ts=8, x0=454311334, x1=749678066
P3, tp=8, ts=8
P0, tp=8, ts=8
P2, tp=8, ts=8, x0=283024524
P2, tp=8, ts=8, x0=712174569
P1, tp=8, ts=8, x0=530343416, x1=395394745
P1, tp=8, ts=8, x0=715774462, x1=161191281
P2, tp=8, ts=8, x0=483598698
P2, tp=8, ts=8, x0=154741804
P2, tp=8, ts=8, x0=459192419
P0, tp=8, ts=8
P0, tp=8, ts=8
P1, tp=8, ts=8, x0=297115197, x1=548419584
P0, tp=8, ts=8
P1, tp=8, ts=8, x0=764184679, x1=617974819
P3, tp=8, ts=8
P0, tp=8, ts=8
P3, tp=8, ts=8
P2, tp=8, ts=8, x0=177186927
P2, tp=8, ts=8, x0=893893293
P3, tp=8, ts=8
P0, tp=8, ts=8
P1, tp=8, ts=8, x0=31811907, x1=105960860
P2, tp=8, ts=8, x0=43237217
P3, tp=8, ts=8
P2, tp=8, ts=8, x0=449304916
P2, tp=8, ts=8, x0=144399779
P3, tp=8, ts=8
P1, tp=8, ts=8, x0=501684859, x1=334199285
P0, tp=8, ts=8
P0, tp=8, ts=8
P2, tp=8, ts=8, x0=712174569
P0, tp=8, ts=8
P0, tp=8, ts=8
P2, tp=8, ts=8, x0=608500021
P1, tp=8, ts=8, x0=108112204, x1=283024524
P0, tp=8, ts=8
P3, tp=8, ts=8
P3, tp=8, ts=8
P2, tp=8, ts=8, x0=136252704
P0, tp=8, ts=8
P3, tp=8, ts=8
P1, tp=8, ts=8, x0=181739991, x1=432064988
P1, tp=8, ts=8, x0=548419584, x1=924324086
P3, tp=8, ts=8
P2, tp=8, ts=8, x0=736442075
P3, tp=8, ts=8
P1, tp=8, ts=8, x0=501684859, x1=625476605
P3, tp=8, ts=8
P2, tp=8, ts=8, x0=218548375
P2, tp=8, ts=8, x0=297115197
P0, tp=8, ts=8
P3, tp=8, ts=8
P3, tp=8, ts=8
P3, tp=8, ts=8
P3, tp=8, ts=8
P3, tp=8, ts=8
P0, tp=8, ts=8
P0, tp=8, ts=8
P1, tp=8, ts=8, x0=625476605, x1=936007018
P2, tp=8, ts=8, x0=479637692
P1, tp=8, ts=8, x0=381821022, x1=459475424
P0, tp=8, ts=8
P2, tp=8, ts=8, x0=764184679
P1, tp=8, ts=8, x0=429994021, x1=559577864
P2, tp=8, ts=8, x0=736442075
P3, tp=8, ts=8
P1, tp=8, ts=8, x0=568581665, x1=13937533
P3, tp=8, ts=8
P2, tp=8, ts=8, x0=501684859
P1, tp=8, ts=8, x0=936007018, x1=267627622
P0, tp=8, ts=8
P3, tp=8, ts=8
P0, tp=8, ts=8
P2, tp=8, ts=8, x0=107027143
P0, tp=8, ts=8
P2, tp=8, ts=8, x0=203484143
P3, tp=8, ts=8
P3, tp=8, ts=8
P1, tp=8, ts=8, x0=530343416, x1=557929790
P2, tp=8, ts=8, x0=161191281
P3, tp=8, ts=8
P0, tp=8, ts=8
P0, tp=8, ts=8
P2, tp=8, ts=8, x0=136252704
P3, tp=8, ts=8
P1, tp=8, ts=8, x0=367568060, x1=499792139
P1, tp=8, ts=8, x0=51786083, x1=926459441
P0, tp=8, ts=8
P0, tp=8, ts=8
P0, tp=8, ts=8
P3, tp=8, ts=8
P2, tp=8, ts=8, x0=411207098
P1, tp=8, ts=8, x0=459475424, x1=365942047
P2, tp=8, ts=8, x0=527146384
P1, tp=8, ts=8, x0=108112204, x1=133165140
P1, tp=8, ts=8, x0=154741804, x1=834698196
P3, tp=8, ts=8
P1, tp=8, ts=8, x0=397605244, x1=527146384
P0, tp=8, ts=8
P2, tp=8, ts=8, x0=297115197
P1, tp=8, ts=8, x0=154741804, x1=269043948
P3, tp=8, ts=8
P1, tp=8, ts=8, x0=483598698, x1=967373649
P3, tp=8, ts=8
P3, tp=8, ts=8
P0, tp=8, ts=8
P0, tp=8, ts=8
P0, tp=8, ts=8
P3, tp=8, ts=8
P0, tp=8, ts=8
P3, tp=8, ts=8
P2, tp=8, ts=8, x0=239002531
P0, tp=8, ts=8
P2, tp=8, ts=8, x0=431414394
P2, tp=8, ts=8, x0=339497191
P1, tp=8, ts=8, x0=431414394, x1=91344904
P0, tp=8, ts=8
P0, tp=8, ts=8
P2, tp=8, ts=8, x0=568346948
P1, tp=8, ts=8, x0=467517983, x1=936007018
P3, tp=8, ts=8
P1, tp=8, ts=8, x0=340075065, x1=449304916
P3, tp=8, ts=8
P1, tp=8, ts=8, x0=217165976, x1=668394239
P1, tp=8, ts=8, x0=967373649, x1=897285471
P2, tp=8, ts=8, x0=449880464
P2, tp=8, ts=8, x0=497549076
P0, tp=8, ts=8
P1, tp=8, ts=8, x0=261204615, x1=468306960
P1, tp=8, ts=8, x0=924324086, x1=712174569
P1, tp=8, ts=8, x0=923048838, x1=535143151
P1, tp=8, ts=8, x0=269043948, x1=924324086
P2, tp=8, ts=8, x0=133165140
P3, tp=8, ts=8
P3, tp=8, ts=8
P0, tp=8, ts=8
P1, tp=8, ts=8, x0=449304916, x1=724960077
P1, tp=8, ts=8, x0=497549076, x1=724960077
P1, tp=8, ts=8, x0=239002531, x1=462578321
P3, tp=8, ts=8
P3, tp=8, ts=8
P0, tp=8, ts=8
P3, tp=8, ts=8
P2, tp=8, ts=8, x0=871415145
P3, tp=8, ts=8
P1, tp=8, ts=8, x0=841125469, x1=764925690
P2, tp=8, ts=8, x0=559577864
P1, tp=8, ts=8, x0=239002531, x1=932420093
P3, tp=8, ts=8
P0, tp=8, ts=8
P3, tp=8, ts=8
P3, tp=8, ts=8
P0, tp=8, ts=8
P3, tp=8, ts=8
P1, tp=8, ts=8, x0=967373649, x1=84760217
P3, tp=8, ts=8
P2, tp=8, ts=8, x0=397605244
P1, tp=8, ts=8, x0=459192419, x1=687599720
P2, tp=8, ts=8, x0=73817163
P3, tp=8, ts=8
P1, tp=8, ts=8, x0=449880464, x1=252022855
P0, tp=8, ts=8
P3, tp=8, ts=8
P3, tp=8, ts=8
P3, tp=8, ts=8
P2, tp=8, ts=8, x0=967373649
P1, tp=8, ts=8, x0=229747845, x1=764925690
P1, tp=8, ts=8, x0=459192419, x1=443786006
P2, tp=8, ts=8, x0=51786083
P2, tp=8, ts=8, x0=557929790
P3, tp=8, ts=8
P1, tp=8, ts=8, x0=608500021, x1=340075065
P1, tp=8, ts=8, x0=608500021, x1=926459441
P0, tp=8, ts=8
P3, tp=8, ts=8
P2, tp=8, ts=8, x0=397605244
P3, tp=8, ts=8
P0, tp=8, ts=8
P3, tp=8, ts=8
P1, tp=8, ts=8, x0=828415473, x1=239002531
P3, tp=8, ts=8
P0, tp=8, ts=8
P0, tp=8, ts=8
P0, tp=8, ts=8
P2, tp=8, ts=8, x0=541793764
P3, tp=8, ts=8
P1, tp=8, ts=8, x0=144399779, x1=724960077
P0, tp=8, ts=8
P2, tp=8, ts=8, x0=154741804
P2, tp=8, ts=8, x0=283024524
P0, tp=8, ts=8
P2, tp=8, ts=8, x0=462578321
P1, tp=8, ts=8, x0=761806304, x1=399355728
P0, tp=8, ts=8
P1, tp=8, ts=8, x0=399355728, x1=764925690
P2, tp=8, ts=8, x0=443786006
P0, tp=8, ts=8
P3, tp=8, ts=8
P0, tp=8, ts=8
P2, tp=8, ts=8, x0=764925690
P3, tp=8, ts=8
P0, tp=8, ts=8
P2, tp=8, ts=8, x0=761806304
P0, tp=8, ts=8
P1, tp=8, ts=8, x0=144399779, x1=7242916
P1, tp=8, ts=8, x0=932420093, x1=308137186
P1, tp=8, ts=8, x0=608500021, x1=443786006
P2, tp=8, ts=8, x0=712174569
P2, tp=8, ts=8, x0=340075065
P0, tp=8, ts=8
P0, tp=8, ts=8
P2, tp=8, ts=8, x0=617109892
P1, tp=8, ts=8, x0=923048838, x1=761806304
P0, tp=8, ts=8
P1, tp=8, ts=8, x0=764184679, x1=764184679
P3, tp=8, ts=8
P3, tp=8, ts=8
P0, tp=8, ts=8
P0, tp=8, ts=8
P3, tp=8, ts=8
P0, tp=8, ts=8
P0, tp=8, ts=8
P1, tp=8, ts=8, x0=380858942, x1=501684859
P1, tp=8, ts=8, x0=724960077, x1=483598698
P1, tp=8, ts=8, x0=468306960, x1=739291160
P2, tp=8, ts=8, x0=462578321
P1, tp=8, ts=8, x0=468306960, x1=923048838
P0, tp=8, ts=8
P2, tp=8, ts=8, x0=84760217
P0, tp=8, ts=8
P1, tp=8, ts=8, x0=432064988, x1=789340274
P1, tp=8, ts=8, x0=932420093, x1=459192419
P1, tp=8, ts=8, x0=218548375, x1=566746607
P0, tp=8, ts=8
P3, tp=8, ts=8
P3, tp=8, ts=8
P1, tp=8, ts=8, x0=7242916, x1=497549076
P3, tp=8, ts=8
P3, tp=8, ts=8
P1, tp=8, ts=8, x0=501684859, x1=311077215
P0, tp=8, ts=8
P3, tp=8, ts=8
P3, tp=8, ts=8
P1, tp=8, ts=8, x0=734963543, x1=213655767
P1, tp=8, ts=8, x0=566746607, x1=459475424
P0, tp=8, ts=8
P2, tp=8, ts=8, x0=108112204
P3, tp=8, ts=8
P2, tp=8, ts=8, x0=334199285
P1, tp=8, ts=8, x0=451407445, x1=724960077
P3, tp=8, ts=8
P0, tp=8, ts=8
P2, tp=8, ts=8, x0=963393648
P0, tp=8, ts=8
P1, tp=8, ts=8, x0=432064988, x1=459378328
P3, tp=8, ts=8
P1, tp=8, ts=8, x0=136252704, x1=739291160
P0, tp=8, ts=8
P1, tp=8, ts=8, x0=559577864, x1=161191281
P2, tp=8, ts=8, x0=462578321
P0, tp=8, ts=8
P0, tp=8, ts=8
P0, tp=8, ts=8
P2, tp=8, ts=8, x0=923048838
P1, tp=8, ts=8, x0=94143331, x1=218548375
P2, tp=8, ts=8, x0=893893293
P1, tp=8, ts=8, x0=566746607, x1=31811907
P1, tp=8, ts=8, x0=365942047, x1=91344904
P0, tp=8, ts=8
P3, tp=8, ts=8
P2, tp=8, ts=8, x0=712174569
P3, tp=8, ts=8
P2, tp=8, ts=8, x0=712174569
P3, tp=8, ts=8
P0, tp=8, ts=8
P0, tp=8, ts=8
P2, tp=8, ts=8, x0=367814836
P0, tp=8, ts=8
P3, tp=8, ts=8
P2, tp=8, ts=8, x0=764184679
P2, tp=8, ts=8, x0=767889452
P0, tp=8, ts=8
P0, tp=8, ts=8
P0, tp=8, ts=8
P3, tp=8, ts=8
P0, tp=8, ts=8
P1, tp=8, ts=8, x0=764184679, x1=736442075
P1, tp=8, ts=8, x0=451407445, x1=687599720
P3, tp=8, ts=8
P1, tp=8, ts=8, x0=535143151, x1=451407445
P1, tp=8, ts=8, x0=898365340, x1=339497191
P3, tp=8, ts=8
P0, tp=8, ts=8
P1, tp=8, ts=8, x0=339497191, x1=462578321
P3, tp=8, ts=8
P2, tp=8, ts=8, x0=734963543
P2, tp=8, ts=8, x0=411207098
P3, tp=8, ts=8
P0, tp=8, ts=8
P3, tp=8, ts=8
P0, tp=8, ts=8
P3, tp=8, ts=8
P1, tp=8, ts=8, x0=31811907, x1=229747845
P0, tp=8, ts=8
P1, tp=8, ts=8, x0=154075157, x1=535143151
P3, tp=8, ts=8
P0, tp=8, ts=8
P3, tp=8, ts=8
P1, tp=8, ts=8, x0=107027143, x1=568346948
P0, tp=8, ts=8
P1, tp=8, ts=8, x0=789340274, x1=468306960
P3, tp=8, ts=8
P1, tp=8, ts=8, x0=459475424, x1=365942047
P3, tp=8, ts=8
P1, tp=8, ts=8, x0=462578321, x1=828415473
P0, tp=8, ts=8
P1, tp=8, ts=8, x0=712174569, x1=967373649
P3, tp=8, ts=8
P1, tp=8, ts=8, x0=499792139, x1=715774462
P2, tp=8, ts=8, x0=91344904
P3, tp=8, ts=8
P3, tp=8, ts=8
P1, tp=8, ts=8, x0=239002531, x1=443786006
P0, tp=8, ts=8
P2, tp=8, ts=8, x0=261204615
P1, tp=8, ts=8, x0=898365340, x1=568581665
P2, tp=8, ts=8, x0=91344904
P1, tp=8, ts=8, x0=893893293, x1=696179508
P1, tp=8, ts=8, x0=923048838, x1=924324086
P0, tp=8, ts=8
P2, tp=8, ts=8, x0=963393648
P0, tp=8, ts=8
P2, tp=8, ts=8, x0=367814836
P1, tp=8, ts=8, x0=506607601, x1=13937533
P0, tp=8, ts=8
P2, tp=8, ts=8, x0=91344904
P1, tp=8, ts=8, x0=468306960, x1=548419584
P1, tp=8, ts=8, x0=340075065, x1=229747845
P0, tp=8, ts=8
P3, tp=8, ts=8
P2, tp=8, ts=8, x0=399355728
P2, tp=8, ts=8, x0=687599720
P1, tp=8, ts=8, x0=739291160, x1=340075065
P0, tp=8, ts=8
P0, tp=8, ts=8
P3, tp=8, ts=8
P2, tp=8, ts=8, x0=181739991
P2, tp=8, ts=8, x0=789340274
P0, tp=8, ts=8
P2, tp=8, ts=8, x0=898365340
P0, tp=8, ts=8
P0, tp=8, ts=8
P2, tp=8, ts=8, x0=830294979
P0, tp=8, ts=8
P2, tp=8, ts=8, x0=764925690
P3, tp=8, ts=8
P2, tp=8, ts=8, x0=122088512
P1, tp=8, ts=8, x0=161191281, x1=105960860
P2, tp=8, ts=8, x0=566746607
P0, tp=8, ts=8
P3, tp=8, ts=8
P3, tp=8, ts=8
P2, tp=8, ts=8, x0=789340274
P1, tp=8, ts=8, x0=566746607, x1=734963543
P1, tp=8, ts=8, x0=267627622, x1=617974819
P0, tp=8, ts=8
P0, tp=8, ts=8
P1, tp=8, ts=8, x0=344440560, x1=449304916
P3, tp=8, ts=8
P0, tp=8, ts=8
P0, tp=8, ts=8
P1, tp=8, ts=8, x0=443786006, x1=936007018
P3, tp=8, ts=8
P2, tp=8, ts=8, x0=841125469
P1, tp=8, ts=8, x0=467517983, x1=728580880
P0, tp=8, ts=8
P2, tp=8, ts=8, x0=432064988
P2, tp=8, ts=8, x0=548419584
P0, tp=8, ts=8
P2, tp=8, ts=8, x0=828415473
P1, tp=8, ts=8, x0=459192419, x1=119435197
P3, tp=8, ts=8
P0, tp=8, ts=8
P1, tp=8, ts=8, x0=530343416, x1=237015335
P1, tp=8, ts=8, x0=38162545, x1=311077215
P3, tp=8, ts=8
P2, tp=8, ts=8, x0=830294979
P2, tp=8, ts=8, x0=201934782
P3, tp=8, ts=8
P2, tp=8, ts=8, x0=311077215
P2, tp=8, ts=8, x0=432064988
P1, tp=8, ts=8, x0=411207098, x1=122088512
P3, tp=8, ts=8
P1, tp=8, ts=8, x0=399355728, x1=311077215
P0, tp=8, ts=8
P1, tp=8, ts=8, x0=696179508, x1=506607601
P0, tp=8, ts=8
P0, tp=8, ts=8
P0, tp=8, ts=8
P2, tp=8, ts=8, x0=687599720
P2, tp=8, ts=8, x0=483598698
P0, tp=8, ts=8
P0, tp=8, ts=8
P3, tp=8, ts=8
P2, tp=8, ts=8, x0=161191281
P2, tp=8, ts=8, x0=710640137
P0, tp=8, ts=8
P0, tp=8, ts=8
P2, tp=8, ts=8, x0=967373649
P1, tp=8, ts=8, x0=830294979, x1=501684859
P1, tp=8, ts=8, x0=789340274, x1=923048838
P1, tp=8, ts=8, x0=789340274, x1=527146384
P0, tp=8, ts=8
P2, tp=8, ts=8, x0=84760217
P1, tp=8, ts=8, x0=31811907, x1=541793764
P3, tp=8, ts=8
P2, tp=8, ts=8, x0=449880464
P3, tp=8, ts=8
P2, tp=8, ts=8, x0=789340274
P3, tp=8, ts=8
P3, tp=8, ts=8
P2, tp=8, ts=8, x0=392432443
P1, tp=8, ts=8, x0=893893293, x1=527146384
P2, tp=8, ts=8, x0=483598698
P1, tp=8, ts=8, x0=283024524, x1=108112204
P3, tp=8, ts=8
P1, tp=8, ts=8, x0=764925690, x1=154741804
P1, tp=8, ts=8, x0=217165976, x1=237015335
P2, tp=8, ts=8, x0=608500021
P2, tp=8, ts=8, x0=429994021
P1, tp=8, ts=8, x0=933912693, x1=133165140
P2, tp=8, ts=8, x0=586593153
P0, tp=8, ts=8
P3, tp=8, ts=8
P3, tp=8, ts=8
P3, tp=8, ts=8
P1, tp=8, ts=8, x0=73817163, x1=340075065
P0, tp=8, ts=8
P3, tp=8, ts=8
P1, tp=8, ts=8, x0=177605669, x1=451407445
P1, tp=8, ts=8, x0=575199771, x1=365942047
P0, tp=8, ts=8
P1, tp=8, ts=8, x0=122088512, x1=449304916
P2, tp=8, ts=8, x0=933912693
P2, tp=8, ts=8, x0=890796740
P1, tp=8, ts=8, x0=311077215, x1=311077215
P0, tp=8, ts=8
P0, tp=8, ts=8
P3, tp=8, ts=8
P3, tp=8, ts=8
P3, tp=8, ts=8
P3, tp=8, ts=8
P1, tp=8, ts=8, x0=586593153, x1=734963543
P0, tp=8, ts=8
P2, tp=8, ts=8, x0=764184679
P3, tp=8, ts=8
P1, tp=8, ts=8, x0=94143331, x1=608500021
P2, tp=8, ts=8, x0=431414394
P1, tp=8, ts=8, x0=334199285, x1=31811907
P0, tp=8, ts=8
P2, tp=8, ts=8, x0=535143151
P1, tp=8, ts=8, x0=237015335, x1=967373649
P3, tp=8, ts=8
P1, tp=8, ts=8, x0=449880464, x1=501684859
P2, tp=8, ts=8, x0=432064988
P1, tp=8, ts=8, x0=963393648, x1=739291160
P3, tp=8, ts=8
P0, tp=8, ts=8
P2, tp=8, ts=8, x0=451407445
P2, tp=8, ts=8, x0=144399779
P0, tp=8, ts=8
P2, tp=8, ts=8, x0=181739991
P3, tp=8, ts=8
P1, tp=8, ts=8, x0=334199285, x1=133165140
P0, tp=8, ts=8
P3, tp=8, ts=8
P2, tp=8, ts=8, x0=897285471
P1, tp=8, ts=8, x0=267627622, x1=834698196
P3, tp=8, ts=8
P3, tp=8, ts=8
P0, tp=8, ts=8
P2, tp=8, ts=8, x0=923048838
P0, tp=8, ts=8
P1, tp=8, ts=8, x0=107027143, x1=710640137
P0, tp=8, ts=8
P1, tp=8, ts=8, x0=933912693, x1=177605669
P0, tp=8, ts=8
P3, tp=8, ts=8
P3, tp=8, ts=8
P1, tp=8, ts=8, x0=559577864, x1=535143151
P3, tp=8, ts=8
P3, tp=8, ts=8
P1, tp=8, ts=8, x0=411207098, x1=608500021
P0, tp=8, ts=8
P0, tp=8, ts=8
P2, tp=8, ts=8, x0=617974819
P2, tp=8, ts=8, x0=586593153
P3, tp=8, ts=8
P0, tp=8, ts=8
P0, tp=8, ts=8
P2, tp=8, ts=8, x0=84760217
P3, tp=8, ts=8
P2, tp=8, ts=8, x0=841125469
P3, tp=8, ts=8
P2, tp=8, ts=8, x0=617109892
P0, tp=8, ts=8
P3, tp=8, ts=8
P3, tp=8, ts=8
P0, tp=8, ts=8
P1, tp=8, ts=8, x0=213655767, x1=933912693
P0, tp=8, ts=8
P3, tp=8, ts=8
P2, tp=8, ts=8, x0=213655767
P3, tp=8, ts=8
P2, tp=8, ts=8, x0=84760217
P1, tp=8, ts=8, x0=144399779, x1=462578321
P2, tp=8, ts=8, x0=119435197
P3, tp=8, ts=8
P2, tp=8, ts=8, x0=535143151
P0, tp=8, ts=8
P2, tp=8, ts=8, x0=119435197
P0, tp=8, ts=8
P3, tp=8, ts=8
P2, tp=8, ts=8, x0=217165976
P3, tp=8, ts=8
P2, tp=8, ts=8, x0=339642720
P3, tp=8, ts=8
P2, tp=8, ts=8, x0=432064988
P1, tp=8, ts=8, x0=454311334, x1=710640137
P1, tp=8, ts=8, x0=229747845, x1=834698196
P0, tp=8, ts=8
P2, tp=8, ts=8, x0=897285471
P1, tp=8, ts=8, x0=213655767, x1=923048838
P0, tp=8, ts=8
P1, tp=8, ts=8, x0=154075157, x1=432064988
P2, tp=8, ts=8, x0=566746607
P0, tp=8, ts=8
P2, tp=8, ts=8, x0=177605669
P0, tp=8, ts=8
P3, tp=8, ts=8
P0, tp=8, ts=8
P1, tp=8, ts=8, x0=161191281, x1=890796740
P0, tp=8, ts=8
P2, tp=8, ts=8, x0=183427998
P1, tp=8, ts=8, x0=585382608, x1=237015335
P2, tp=8, ts=8, x0=728580880
P0, tp=8, ts=8
P0, tp=8, ts=8
P0, tp=8, ts=8
P3, tp=8, ts=8
P0, tp=8, ts=8
P0, tp=8, ts=8
P3, tp=8, ts=8
P2, tp=8, ts=8, x0=834698196
P1, tp=8, ts=8, x0=38162545, x1=468306960
P3, tp=8, ts=8
P2, tp=8, ts=8, x0=133165140
P2, tp=8, ts=8, x0=451407445
P2, tp=8, ts=8, x0=229747845
P3, tp=8, ts=8
P2, tp=8, ts=8, x0=283024524
P0, tp=8, ts=8
P1, tp=8, ts=8, x0=625476605, x1=468306960
P1, tp=8, ts=8, x0=586593153, x1=213655767
P1, tp=8, ts=8, x0=94143331, x1=344440560
P2, tp=8, ts=8, x0=443786006
P0, tp=8, ts=8
P2, tp=8, ts=8, x0=449880464
P0, tp=8, ts=8
P2, tp=8, ts=8, x0=267627622
P1, tp=8, ts=8, x0=575199771, x1=728580880
P2, tp=8, ts=8, x0=830294979
P1, tp=8, ts=8, x0=269043948, x1=586593153
P0, tp=8, ts=8
P2, tp=8, ts=8, x0=213655767
P2, tp=8, ts=8, x0=936007018
P2, tp=8, ts=8, x0=367568060
P3, tp=8, ts=8
P1, tp=8, ts=8, x0=310809422, x1=449880464
P2, tp=8, ts=8, x0=459192419
P3, tp=8, ts=8
P1, tp=8, ts=8, x0=38162545, x1=841125469
P0, tp=8, ts=8
P3, tp=8, ts=8
P2, tp=8, ts=8, x0=841125469
P1, tp=8, ts=8, x0=112895561, x1=367568060
P0, tp=8, ts=8
P0, tp=8, ts=8
P1, tp=8, ts=8, x0=933912693, x1=924324086
P0, tp=8, ts=8
P2, tp=8, ts=8, x0=617974819
P0, tp=8, ts=8
P3, tp=8, ts=8
P3, tp=8, ts=8
P0, tp=8, ts=8
P2, tp=8, ts=8, x0=477616538
P2, tp=8, ts=8, x0=545692779
P2, tp=8, ts=8, x0=380858942
P2, tp=8, ts=8, x0=636142374
P2, tp=8, ts=8, x0=687599720
P3, tp=8, ts=8
P2, tp=8, ts=8, x0=834698196
P3, tp=8, ts=8
P0, tp=8, ts=8
P0, tp=8, ts=8
P0, tp=8, ts=8
P2, tp=8, ts=8, x0=548419584
P3, tp=8, ts=8
P0, tp=8, ts=8
P1, tp=8, ts=8, x0=541793764, x1=575199771
P2, tp=8, ts=8, x0=568581665
P0, tp=8, ts=8
P1, tp=8, ts=8, x0=506607601, x1=154741804
P1, tp=8, ts=8, x0=195297648, x1=734963543
P2, tp=8, ts=8, x0=449304916
P1, tp=8, ts=8, x0=898365340, x1=585382608
P0, tp=8, ts=8
P2, tp=8, ts=8, x0=133165140
P0, tp=8, ts=8
P3, tp=8, ts=8
P2, tp=8, ts=8, x0=399355728
P1, tp=8, ts=8, x0=105960860, x1=38162545
P2, tp=8, ts=8, x0=319087073
P0, tp=8, ts=8
P3, tp=8, ts=8
P1, tp=8, ts=8, x0=183427998, x1=636142374
P3, tp=8, ts=8
P2, tp=8, ts=8, x0=181739991
P0, tp=8, ts=8
P2, tp=8, ts=8, x0=497549076
P2, tp=8, ts=8, x0=459475424
P2, tp=8, ts=8, x0=144399779
P0, tp=8, ts=8
P1, tp=8, ts=8, x0=767889452, x1=963393648
P1, tp=8, ts=8, x0=636142374, x1=432064988
P0, tp=8, ts=8
P3, tp=8, ts=8
P1, tp=8, ts=8, x0=834698196, x1=586593153
P3, tp=8, ts=8
P3, tp=8, ts=8
P3, tp=8, ts=8
P2, tp=8, ts=8, x0=924324086
P1, tp=8, ts=8, x0=201934782, x1=506607601
P0, tp=8, ts=8
P2, tp=8, ts=8, x0=136252704
P1, tp=8, ts=8, x0=107027143, x1=399355728
P2, tp=8, ts=8, x0=112895561
P3, tp=8, ts=8
P2, tp=8, ts=8, x0=897285471
P2, tp=8, ts=8, x0=218548375
P0, tp=8, ts=8
P2, tp=8, ts=8, x0=367568060
P3, tp=8, ts=8
P2, tp=8, ts=8, x0=84760217
P2, tp=8, ts=8, x0=728580880
P0, tp=8, ts=8
P2, tp=8, ts=8, x0=459192419
P3, tp=8, ts=8
P3, tp=8, ts=8
P0, tp=8, ts=8
P3, tp=8, ts=8
P0, tp=8, ts=8
P2, tp=8, ts=8, x0=451407445
P2, tp=8, ts=8, x0=84760217
P2, tp=8, ts=8, x0=608500021
P2, tp=8, ts=8, x0=283024524
P1, tp=8, ts=8, x0=107027143, x1=432064988
P1, tp=8, ts=8, x0=506607601, x1=108112204
P2, tp=8, ts=8, x0=761806304
P2, tp=8, ts=8, x0=107027143
P3, tp=8, ts=8
P3, tp=8, ts=8
P3, tp=8, ts=8
P1, tp=8, ts=8, x0=344440560, x1=311077215
P0, tp=8, ts=8
P2, tp=8, ts=8, x0=432064988
P1, tp=8, ts=8, x0=267627622, x1=763718468
P3, tp=8, ts=8
P2, tp=8, ts=8, x0=468306960
P1, tp=8, ts=8, x0=789340274, x1=319087073
P1, tp=8, ts=8, x0=392432443, x1=734963543
P1, tp=8, ts=8, x0=898365340, x1=617974819
P0, tp=8, ts=8
P1, tp=8, ts=8, x0=107027143, x1=545692779
P2, tp=8, ts=8, x0=841125469
P0, tp=8, ts=8
P2, tp=8, ts=8, x0=112895561
P3, tp=8, ts=8
P3, tp=8, ts=8
P3, tp=8, ts=8
P0, tp=8, ts=8
P0, tp=8, ts=8
P0, tp=8, ts=8
P3, tp=8, ts=8
P0, tp=8, ts=8
P2, tp=8, ts=8, x0=213655767
P0, tp=8, ts=8
P1, tp=8, ts=8, x0=177605669, x1=158719929
P0, tp=8, ts=8
P0, tp=8, ts=8
P3, tp=8, ts=8
P1, tp=8, ts=8, x0=218548375, x1=7717077
P1, tp=8, ts=8, x0=924324086, x1=183427998
P0, tp=8, ts=8
P2, tp=8, ts=8, x0=367568060
P3, tp=8, ts=8
P3, tp=8, ts=8
P0, tp=8, ts=8
P0, tp=8, ts=8
P0, tp=8, ts=8
P3, tp=8, ts=8
P3, tp=8, ts=8
P2, tp=8, ts=8, x0=786554127
P3, tp=8, ts=8
P2, tp=9, ts=9, x0=924324086
P0, tp=9, ts=9
P0, tp=9, ts=9
P3, tp=9, ts=9
P3, tp=9, ts=9
P1, tp=9, ts=9, x0=38162545, x1=541793764
P2, tp=9, ts=9, x0=449304916
P1, tp=9, ts=9, x0=967373649, x1=786554127
P3, tp=9, ts=9
P0, tp=9, ts=9
P2, tp=9, ts=9, x0=545692779
P2, tp=9, ts=9, x0=154741804
P1, tp=9, ts=9, x0=411207098, x1=617974819
P0, tp=9, ts=9
P2, tp=9, ts=9, x0=459475424
P3, tp=9, ts=9
P0, tp=9, ts=9
P1, tp=9, ts=9, x0=636142374, x1=786554127
P0, tp=9, ts=9
P2, tp=9, ts=9, x0=462578321
P2, tp=9, ts=9, x0=764184679
P3, tp=9, ts=9
P2, tp=9, ts=9, x0=237015335
P0, tp=9, ts=9
P0, tp=9, ts=9
P3, tp=9, ts=9
P0, tp=9, ts=9
P2, tp=9, ts=9, x0=834698196
P1, tp=9, ts=9, x0=449880464, x1=575199771
P3, tp=9, ts=9
P0, tp=9, ts=9
P3, tp=9, ts=9
P3, tp=9, ts=9
P1, tp=9, ts=9, x0=311077215, x1=710640137
P2, tp=9, ts=9, x0=924324086
P1, tp=9, ts=9, x0=468306960, x1=459475424
P1, tp=9, ts=9, x0=311077215, x1=585382608
P0, tp=9, ts=9
P1, tp=9, ts=9, x0=119435197, x1=761806304
P3, tp=9, ts=9
P2, tp=9, ts=9, x0=841125469
P3, tp=9, ts=9
P1, tp=9, ts=9, x0=739291160, x1=506607601
P1, tp=9, ts=9, x0=789340274, x1=380858942
P3, tp=9, ts=9
P2, tp=9, ts=9, x0=105960860
P1, tp=9, ts=9, x0=527146384, x1=7717077
P0, tp=9, ts=9
P0, tp=9, ts=9
P3, tp=9, ts=9
P1, tp=9, ts=9, x0=586593153, x1=311077215
P3, tp=9, ts=9
P3, tp=9, ts=9
P3, tp=9, ts=9
P3, tp=9, ts=9
P0, tp=9, ts=9
P1, tp=9, ts=9, x0=459475424, x1=454311334
P3, tp=9, ts=9
P3, tp=9, ts=9
P2, tp=9, ts=9, x0=38162545
P2, tp=9, ts=9, x0=566746607
P2, tp=9, ts=9, x0=504485040
P3, tp=9, ts=9
P0, tp=9, ts=9
P3, tp=9, ts=9
P2, tp=9, ts=9, x0=198906492
P1, tp=9, ts=9, x0=308137186, x1=462578321
P0, tp=9, ts=9
P1, tp=9, ts=9, x0=627375426, x1=459192419
P1, tp=9, ts=9, x0=443786006, x1=617974819
P0, tp=9, ts=9
P2, tp=9, ts=9, x0=367814836
P3, tp=9, ts=9
P1, tp=9, ts=9, x0=462578321, x1=449304916
P1, tp=9, ts=9, x0=181739991, x1=181739991
P3, tp=9, ts=9
P3, tp=9, ts=9
P1, tp=9, ts=9, x0=696179508, x1=786554127
P3, tp=9, ts=9
P1, tp=9, ts=9, x0=432064988, x1=107027143
P3, tp=9, ts=9
P1, tp=9, ts=9, x0=834698196, x1=218548375
P1, tp=9, ts=9, x0=956143349, x1=933912693
P3, tp=9, ts=9
P1, tp=9, ts=9, x0=956143349, x1=841125469
P1, tp=9, ts=9, x0=367568060, x1=467517983
P2, tp=9, ts=9, x0=924324086
P2, tp=9, ts=9, x0=764925690
P2, tp=9, ts=9, x0=545692779
P3, tp=9, ts=9
P2, tp=9, ts=9, x0=608500021
P0, tp=9, ts=9
P1, tp=9, ts=9, x0=659197931, x1=308137186
P1, tp=9, ts=9, x0=449880464, x1=821397077
P1, tp=9, ts=9, x0=136252704, x1=201934782
P0, tp=9, ts=9
P2, tp=9, ts=9, x0=687599720
P0, tp=9, ts=9
P2, tp=9, ts=9, x0=108112204
P2, tp=9, ts=9, x0=890796740
P3, tp=9, ts=9
P3, tp=9, ts=9
P3, tp=9, ts=9
P2, tp=9, ts=9, x0=144399779
P3, tp=9, ts=9
P2, tp=9, ts=9, x0=956143349
P0, tp=9, ts=9
P1, tp=9, ts=9, x0=767889452, x1=535143151
P0, tp=9, ts=9
P1, tp=9, ts=9, x0=158719929, x1=319087073
P1, tp=9, ts=9, x0=38162545, x1=504485040
P2, tp=9, ts=9, x0=392432443
P2, tp=9, ts=9, x0=411207098
P0, tp=9, ts=9
P0, tp=9, ts=9
P1, tp=9, ts=9, x0=566746607, x1=566746607
P2, tp=9, ts=9, x0=105960860
P2, tp=9, ts=9, x0=761806304
P1, tp=9, ts=9, x0=830294979, x1=213655767
P1, tp=9, ts=9, x0=557929790, x1=136252704
P2, tp=9, ts=9, x0=84760217
P1, tp=9, ts=9, x0=636142374, x1=467517983
P0, tp=9, ts=9
P3, tp=9, ts=9
P0, tp=9, ts=9
P1, tp=9, ts=9, x0=449304916, x1=311077215
P0, tp=9, ts=9
P2, tp=9, ts=9, x0=411207098
P0, tp=9, ts=9
P1, tp=9, ts=9, x0=392432443, x1=963393648
P0, tp=9, ts=9
P0, tp=9, ts=9
P3, tp=9, ts=9
P3, tp=9, ts=9
P2, tp=9, ts=9, x0=566746607
P3, tp=9, ts=9
P2, tp=9, ts=9, x0=933912693
P2, tp=9, ts=9, x0=462578321
P1, tp=9, ts=9, x0=449880464, x1=617974819
P1, tp=9, ts=9, x0=367814836, x1=568581665
P1, tp=9, ts=9, x0=734963543, x1=443786006
P3, tp=9, ts=9
P2, tp=9, ts=9, x0=122088512
P1, tp=9, ts=9, x0=499792139, x1=673805507
P1, tp=9, ts=9, x0=963393648, x1=834698196
P3, tp=9, ts=9
P0, tp=9, ts=9
P1, tp=9, ts=9, x0=38162545, x1=449304916
P3, tp=9, ts=9
P1, tp=9, ts=9, x0=608727628, x1=432064988
P1, tp=9, ts=9, x0=108112204, x1=84760217
P1, tp=9, ts=9, x0=767889452, x1=269043948
P2, tp=9, ts=9, x0=269043948
P2, tp=9, ts=9, x0=112895561
P3, tp=9, ts=9
P2, tp=9, ts=9, x0=311077215
P1, tp=9, ts=9, x0=623074554, x1=932614293
P1, tp=9, ts=9, x0=710640137, x1=673805507
P0, tp=9, ts=9
P2, tp=9, ts=9, x0=636142374
P1, tp=9, ts=9, x0=761806304, x1=541793764
P1, tp=9, ts=9, x0=617974819, x1=467517983
P1, tp=9, ts=9, x0=449304916, x1=956143349
P0, tp=9, ts=9
P1, tp=9, ts=9, x0=483598698, x1=411207098
P3, tp=9, ts=9
P1, tp=9, ts=9, x0=319087073, x1=467517983
P1, tp=9, ts=9, x0=344440560, x1=201934782
P3, tp=9, ts=9
P1, tp=9, ts=9, x0=105960860, x1=498248164
P3, tp=9, ts=9
P1, tp=9, ts=9, x0=933912693, x1=443786006
P2, tp=9, ts=9, x0=411207098
P3, tp=9, ts=9
P0, tp=9, ts=9
P2, tp=9, ts=9, x0=261204615
P2, tp=9, ts=9, x0=10166326
P1, tp=9, ts=9, x0=527146384, x1=444542848
P2, tp=9, ts=9, x0=834698196
P2, tp=9, ts=9, x0=367814836
P2, tp=9, ts=9, x0=739291160
P2, tp=9, ts=9, x0=504485040
P0, tp=9, ts=9
P3, tp=9, ts=9
P1, tp=9, ts=9, x0=84760217, x1=459192419
P3, tp=9, ts=9
P1, tp=9, ts=9, x0=504485040, x1=483598698
P3, tp=9, ts=9
P1, tp=9, ts=9, x0=608500021, x1=411207098
P0, tp=9, ts=9
P0, tp=9, ts=9
P2, tp=9, ts=9, x0=617109892
P1, tp=9, ts=9, x0=527146384, x1=617109892
P1, tp=9, ts=9, x0=545692779, x1=237015335
P3, tp=9, ts=9
P0, tp=9, ts=9
P2, tp=9, ts=9, x0=208523542
P3, tp=9, ts=9
P2, tp=9, ts=9, x0=154075157
P1, tp=9, ts=9, x0=575199771, x1=339642720
P0, tp=9, ts=9
P3, tp=9, ts=9
P1, tp=9, ts=9, x0=105960860, x1=772985227
P3, tp=9, ts=9
P1, tp=9, ts=9, x0=218548375, x1=107027143
P2, tp=9, ts=9, x0=608500021
P0, tp=9, ts=9
P2, tp=9, ts=9, x0=261204615
P2, tp=9, ts=9, x0=932614293
P1, tp=9, ts=9, x0=830294979, x1=399355728
P1, tp=9, ts=9, x0=527146384, x1=890796740
P3, tp=9, ts=9
P3, tp=9, ts=9
P2, tp=9, ts=9, x0=608727628
P1, tp=9, ts=9, x0=498248164, x1=10166326
P1, tp=9, ts=9, x0=841125469, x1=924324086
P0, tp=9, ts=9
P1, tp=9, ts=9, x0=418512554, x1=608727628
P1, tp=9, ts=9, x0=963393648, x1=893893293
P3, tp=9, ts=9
P2, tp=9, ts=9, x0=687599720
P3, tp=9, ts=9
P1, tp=9, ts=9, x0=154075157, x1=308137186
P1, tp=9, ts=9, x0=696179508, x1=122088512
P0, tp=9, ts=9
P0, tp=9, ts=9
P2, tp=9, ts=9, x0=548419584
P0, tp=9, ts=9
P3, tp=9, ts=9
P3, tp=9, ts=9
P3, tp=9, ts=9
P2, tp=9, ts=9, x0=411207098
P0, tp=9, ts=9
P3, tp=9, ts=9
P3, tp=9, ts=9
P0, tp=9, ts=9
P0, tp=9, ts=9
P3, tp=9, ts=9
P2, tp=9, ts=9, x0=764925690
P2, tp=9, ts=9, x0=229747845
P2, tp=9, ts=9, x0=535143151
P1, tp=9, ts=9, x0=367241594, x1=449880464
P1, tp=9, ts=9, x0=673805507, x1=7717077
P1, tp=9, ts=9, x0=890796740, x1=608500021
P0, tp=9, ts=9
P2, tp=9, ts=9, x0=308137186
P1, tp=9, ts=9, x0=269043948, x1=459192419
P0, tp=9, ts=9
P1, tp=9, ts=9, x0=545692779, x1=133165140
P3, tp=9, ts=9
P3, tp=9, ts=9
P3, tp=9, ts=9
P3, tp=9, ts=9
P0, tp=9, ts=9
P1, tp=9, ts=9, x0=261204615, x1=687599720
P0, tp=9, ts=9
P1, tp=9, ts=9, x0=181739991, x1=261204615
P3, tp=9, ts=9
P1, tp=9, ts=9, x0=392432443, x1=311077215
P0, tp=9, ts=9
P3, tp=9, ts=9
P1, tp=9, ts=9, x0=869751904, x1=763718468
P0, tp=9, ts=9
P1, tp=9, ts=9, x0=467517983, x1=483598698
P0, tp=9, ts=9
P0, tp=9, ts=9
P0, tp=9, ts=9
P0, tp=9, ts=9
P0, tp=9, ts=9
P3, tp=9, ts=9
P1, tp=9, ts=9, x0=133165140, x1=310809422
P3, tp=9, ts=9
P2, tp=9, ts=9, x0=431414394
P2, tp=9, ts=9, x0=367814836
P3, tp=9, ts=9
P1, tp=9, ts=9, x0=269043948, x1=673805507
P2, tp=9, ts=9, x0=498248164
P2, tp=9, ts=9, x0=38162545
P3, tp=9, ts=9
P3, tp=9, ts=9
P3, tp=9, ts=9
P0, tp=9, ts=9
P3, tp=9, ts=9
P3, tp=9, ts=9
P0, tp=9, ts=9
P3, tp=9, ts=9
P3, tp=9, ts=9
P1, tp=9, ts=9, x0=418512554, x1=497549076
P1, tp=9, ts=9, x0=218080949, x1=154075157
P0, tp=9, ts=9
P3, tp=9, ts=9
P3, tp=9, ts=9
P3, tp=9, ts=9
P0, tp=9, ts=9
P0, tp=9, ts=9
P2, tp=9, ts=9, x0=229747845
P0, tp=9, ts=9
P1, tp=9, ts=9, x0=108112204, x1=734963543
P0, tp=9, ts=9
P0, tp=9, ts=9
P0, tp=9, ts=9
P3, tp=9, ts=9
P3, tp=9, ts=9
P1, tp=9, ts=9, x0=896711618, x1=144399779
P2, tp=9, ts=9, x0=822678545
P2, tp=9, ts=9, x0=557929790
P3, tp=9, ts=9
P0, tp=9, ts=9
P3, tp=9, ts=9
P0, tp=9, ts=9
P2, tp=9, ts=9, x0=627375426
P2, tp=9, ts=9, x0=575199771
P3, tp=9, ts=9
P0, tp=9, ts=9
P0, tp=9, ts=9
P0, tp=9, ts=9
P0, tp=9, ts=9
P1, tp=9, ts=9, x0=545692779, x1=7717077
P0, tp=9, ts=9
P0, tp=9, ts=9
P1, tp=9, ts=9, x0=932614293, x1=7717077
P2, tp=9, ts=9, x0=10166326
P3, tp=9, ts=9
P3, tp=9, ts=9
P3, tp=9, ts=9
P2, tp=9, ts=9, x0=462578321
P1, tp=9, ts=9, x0=229747845, x1=267627622
P0, tp=9, ts=9
P0, tp=9, ts=9
P3, tp=9, ts=9
P0, tp=9, ts=9
P0, tp=9, ts=9
P0, tp=9, ts=9
P2, tp=9, ts=9, x0=229747845
P3, tp=9, ts=9
P0, tp=9, ts=9
P3, tp=9, ts=9
P3, tp=9, ts=9
P3, tp=9, ts=9
P1, tp=9, ts=9, x0=739291160, x1=269043948
P2, tp=9, ts=9, x0=821397077
P3, tp=9, ts=9
P1, tp=9, ts=9, x0=932614293, x1=764184679
P2, tp=9, ts=9, x0=765811245
P3, tp=9, ts=9
P2, tp=9, ts=9, x0=177605669
P0, tp=9, ts=9
P3, tp=9, ts=9
P2, tp=9, ts=9, x0=444542848
P2, tp=9, ts=9, x0=617974819
P3, tp=9, ts=9
P1, tp=9, ts=9, x0=218080949, x1=267627622
P3, tp=9, ts=9
P1, tp=9, ts=9, x0=527146384, x1=710640137
P3, tp=9, ts=9
P3, tp=9, ts=9
P2, tp=9, ts=9, x0=229747845
P0, tp=9, ts=9
P0, tp=9, ts=9
P0, tp=9, ts=9
P0, tp=9, ts=9
P3, tp=9, ts=9
P0, tp=9, ts=9
P2, tp=9, ts=9, x0=181739991
P2, tp=9, ts=9, x0=710640137
P1, tp=9, ts=9, x0=308137186, x1=728580880
P2, tp=9, ts=9, x0=267627622
P2, tp=9, ts=9, x0=201934782
P1, tp=9, ts=9, x0=402776858, x1=267627622
P2, tp=9, ts=9, x0=10166326
P1, tp=9, ts=9, x0=483598698, x1=399355728
P0, tp=9, ts=9
P1, tp=9, ts=9, x0=728784872, x1=636142374
P0, tp=9, ts=9
P2, tp=9, ts=9, x0=449304916
P3, tp=9, ts=9
P2, tp=9, ts=9, x0=329515871
P2, tp=9, ts=9, x0=432064988
P1, tp=9, ts=9, x0=112895561, x1=764184679
P1, tp=9, ts=9, x0=467517983, x1=119435197
P1, tp=9, ts=9, x0=841125469, x1=841125469
P0, tp=9, ts=9
P0, tp=9, ts=9
P0, tp=9, ts=9
P3, tp=9, ts=9
P2, tp=9, ts=9, x0=459192419
P0, tp=9, ts=9
P2, tp=9, ts=9, x0=822678545
P2, tp=9, ts=9, x0=38162545
P0, tp=9, ts=9
P1, tp=9, ts=9, x0=195297648, x1=344440560
P0, tp=9, ts=9
P0, tp=9, ts=9
P2, tp=9, ts=9, x0=119435197
P1, tp=9, ts=9, x0=821397077, x1=108112204
P1, tp=9, ts=9, x0=527146384, x1=144399779
P2, tp=9, ts=9, x0=449880464
P0, tp=9, ts=9
P1, tp=9, ts=9, x0=623074554, x1=218080949
P0, tp=9, ts=9
P2, tp=9, ts=9, x0=399355728
P1, tp=9, ts=9, x0=449304916, x1=480377009
P1, tp=9, ts=9, x0=623074554, x1=898365340
P2, tp=9, ts=9, x0=572270637
P2, tp=9, ts=9, x0=933912693
P1, tp=9, ts=9, x0=933912693, x1=133165140
P2, tp=9, ts=9, x0=608727628
P1, tp=9, ts=9, x0=822678545, x1=710640137
P0, tp=9, ts=9
P3, tp=9, ts=9
P1, tp=9, ts=9, x0=144399779, x1=535143151
P2, tp=9, ts=9, x0=229747845
P3, tp=9, ts=9
P3, tp=9, ts=9
P2, tp=9, ts=9, x0=956143349
P1, tp=9, ts=9, x0=122088512, x1=535143151
P1, tp=9, ts=9, x0=177605669, x1=308137186
P1, tp=9, ts=9, x0=710640137, x1=896711618
P2, tp=9, ts=9, x0=108112204
P1, tp=9, ts=9, x0=477616538, x1=924324086
P3, tp=9, ts=9
P0, tp=9, ts=9
P2, tp=9, ts=9, x0=896711618
P1, tp=9, ts=9, x0=608727628, x1=617974819
P0, tp=9, ts=9
P0, tp=9, ts=9
P0, tp=9, ts=9
P3, tp=9, ts=9
P1, tp=9, ts=9, x0=963393648, x1=195297648
P1, tp=9, ts=9, x0=380238356, x1=545692779
P2, tp=9, ts=9, x0=963393648
P0, tp=9, ts=9
P1, tp=9, ts=9, x0=367814836, x1=898365340
P3, tp=9, ts=9
P1, tp=9, ts=9, x0=656084837, x1=237015335
P3, tp=9, ts=9
P2, tp=9, ts=9, x0=380238356
P0, tp=9, ts=9
P3, tp=9, ts=9
P3, tp=9, ts=9
P1, tp=9, ts=9, x0=181739991, x1=586593153
P3, tp=9, ts=9
P1, tp=9, ts=9, x0=861201589, x1=728784872
P3, tp=9, ts=9
P3, tp=9, ts=9
P1, tp=9, ts=9, x0=237015335, x1=308137186
P0, tp=9, ts=9
P2, tp=9, ts=9, x0=728784872
P2, tp=9, ts=9, x0=765811245
P1, tp=9, ts=9, x0=607238254, x1=710640137
P2, tp=9, ts=9, x0=402776858
P2, tp=9, ts=9, x0=607238254
P2, tp=9, ts=9, x0=319087073
P0, tp=9, ts=9
P1, tp=9, ts=9, x0=432064988, x1=195297648
P1, tp=9, ts=9, x0=734963543, x1=462716944
P0, tp=9, ts=9
P2, tp=9, ts=9, x0=627375426
P0, tp=9, ts=9
P2, tp=9, ts=9, x0=267627622
P2, tp=9, ts=9, x0=198906492
P2, tp=9, ts=9, x0=380238356
P3, tp=9, ts=9
P3, tp=9, ts=9
P1, tp=9, ts=9, x0=696179508, x1=267627622
P0, tp=9, ts=9
P2, tp=9, ts=9, x0=656084837
P1, tp=9, ts=9, x0=181739991, x1=112895561
P1, tp=9, ts=9, x0=827760083, x1=482625750
P3, tp=9, ts=9
P1, tp=9, ts=9, x0=10166326, x1=527146384
P0, tp=9, ts=9
P0, tp=9, ts=9
P2, tp=9, ts=9, x0=728784872
P1, tp=9, ts=9, x0=568581665, x1=548419584
P2, tp=9, ts=9, x0=367814836
P3, tp=9, ts=9
P1, tp=9, ts=9, x0=311077215, x1=497549076
P1, tp=9, ts=9, x0=10166326, x1=181739991
P0, tp=9, ts=9
P3, tp=9, ts=9
P0, tp=9, ts=9
P2, tp=9, ts=9, x0=261204615
P2, tp=9, ts=9, x0=608500021
P2, tp=9, ts=9, x0=586593153
P1, tp=9, ts=9, x0=261204615, x1=218080949
P1, tp=9, ts=9, x0=497549076, x1=933912693
P0, tp=9, ts=9
P1, tp=9, ts=9, x0=786554127, x1=821397077
P2, tp=9, ts=9, x0=7717077
P1, tp=9, ts=9, x0=548419584, x1=933912693
P3, tp=9, ts=9
P2, tp=9, ts=9, x0=830294979
P3, tp=9, ts=9
P0, tp=9, ts=9
P3, tp=9, ts=9
P1, tp=9, ts=9, x0=821397077, x1=431414394
P1, tp=9, ts=9, x0=229747845, x1=122088512
P3, tp=9, ts=9
P3, tp=9, ts=9
P0, tp=9, ts=9
P0, tp=9, ts=9
P0, tp=9, ts=9
P2, tp=9, ts=9, x0=480377009
P1, tp=9, ts=9, x0=924324086, x1=269043948
P3, tp=9, ts=9
P3, tp=9, ts=9
P3, tp=9, ts=9
P1, tp=9, ts=9, x0=763718468, x1=656084837
P1, tp=9, ts=9, x0=431414394, x1=237015335
P2, tp=9, ts=9, x0=687599720
P2, tp=9, ts=9, x0=608500021
P1, tp=9, ts=9, x0=154075157, x1=482625750
P0, tp=9, ts=9
P0, tp=9, ts=9
P0, tp=9, ts=9
P3, tp=9, ts=9
P0, tp=9, ts=9
P1, tp=9, ts=9, x0=10166326, x1=444542848
P3, tp=9, ts=9
P3, tp=9, ts=9
P0, tp=9, ts=9
P0, tp=9, ts=9
P2, tp=9, ts=9, x0=154075157
P0, tp=9, ts=9
P2, tp=9, ts=9, x0=933912693
P2, tp=9, ts=9, x0=659197931
P0, tp=9, ts=9
P1, tp=9, ts=9, x0=177605669, x1=183427998
P3, tp=9, ts=9
P0, tp=9, ts=9
P2, tp=9, ts=9, x0=841125469
P3, tp=9, ts=9
P2, tp=9, ts=9, x0=898365340
P3, tp=9, ts=9
P3, tp=9, ts=9
P3, tp=9, ts=9
P0, tp=9, ts=9
P3, tp=9, ts=9
P2, tp=9, ts=9, x0=568581665
P2, tp=9, ts=9, x0=497549076
P1, tp=9, ts=9, x0=786554127, x1=38162545
P0, tp=9, ts=9
P2, tp=9, ts=9, x0=177605669
P0, tp=9, ts=9
P2, tp=9, ts=9, x0=841125469
P0, tp=9, ts=9
P1, tp=9, ts=9, x0=367814836, x1=482625750
P3, tp=9, ts=9
P2, tp=9, ts=9, x0=786554127
P2, tp=9, ts=9, x0=208523542
P2, tp=9, ts=9, x0=198906492
P2, tp=9, ts=9, x0=108112204
P3, tp=9, ts=9
P3, tp=9, ts=9
P2, tp=9, ts=9, x0=310809422
P2, tp=9, ts=9, x0=208523542
P0, tp=9, ts=9
P2, tp=9, ts=9, x0=269043948
P1, tp=9, ts=9, x0=834698196, x1=431414394
P0, tp=9, ts=9
P3, tp=9, ts=9
P0, tp=9, ts=9
P0, tp=9, ts=9
P0, tp=9, ts=9
P1, tp=9, ts=9, x0=896711618, x1=354878282
P0, tp=9, ts=9
P0, tp=9, ts=9
P2, tp=9, ts=9, x0=739291160
P2, tp=9, ts=9, x0=786554127
P0, tp=9, ts=9
P1, tp=9, ts=9, x0=112895561, x1=267627622
P1, tp=9, ts=9, x0=734963543, x1=179274869
P3, tp=9, ts=9
P0, tp=9, ts=9
P2, tp=9, ts=9, x0=898365340
P1, tp=9, ts=9, x0=449304916, x1=310809422
P3, tp=9, ts=9
P0, tp=9, ts=9
P2, tp=9, ts=9, x0=462578321
P1, tp=9, ts=9, x0=7717077, x1=177605669
P3, tp=9, ts=9
P3, tp=9, ts=9
P2, tp=9, ts=9, x0=772985227
P1, tp=9, ts=9, x0=924324086, x1=728784872
P2, tp=9, ts=9, x0=696179508
P3, tp=9, ts=9
P2, tp=9, ts=9, x0=710640137
P0, tp=9, ts=9
P1, tp=9, ts=9, x0=133165140, x1=7717077
P0, tp=9, ts=9
P2, tp=9, ts=9, x0=617974819
P2, tp=9, ts=9, x0=627375426
P2, tp=9, ts=9, x0=696179508
P1, tp=9, ts=9, x0=658754500, x1=545692779
P1, tp=9, ts=9, x0=459192419, x1=449304916
P0, tp=9, ts=9
P3, tp=9, ts=9
P2, tp=9, ts=9, x0=483598698
P1, tp=9, ts=9, x0=841125469, x1=710640137
P2, tp=9, ts=9, x0=656435858
P3, tp=9, ts=9
P3, tp=9, ts=9
P1, tp=9, ts=9, x0=575199771, x1=467517983
P1, tp=9, ts=9, x0=728784872, x1=497549076
P2, tp=9, ts=9, x0=213028520
P2, tp=9, ts=9, x0=575199771
P3, tp=9, ts=9
P1, tp=9, ts=9, x0=497549076, x1=739291160
P3, tp=9, ts=9
P1, tp=9, ts=9, x0=267627622, x1=963393648
P2, tp=9, ts=9, x0=261204615
P3, tp=9, ts=9
P2, tp=9, ts=9, x0=399355728
P1, tp=9, ts=9, x0=449304916, x1=772985227
P3, tp=9, ts=9
P3, tp=9, ts=9
P2, tp=9, ts=9, x0=361307135
P2, tp=9, ts=9, x0=218080949
P2, tp=9, ts=9, x0=822678545
P0, tp=9, ts=9
P3, tp=9, ts=9
P3, tp=9, ts=9
P3, tp=9, ts=9
P3, tp=9, ts=9
P3, tp=9, ts=9
P3, tp=9, ts=9
P3, tp=9, ts=9
P3, tp=9, ts=9
P2, tp=9, ts=9, x0=608500021
P3, tp=9, ts=9
P1, tp=9, ts=9, x0=530343416, x1=861201589
P1, tp=9, ts=9, x0=673805507, x1=688518772
P2, tp=9, ts=9, x0=956143349
P3, tp=9, ts=9
P3, tp=9, ts=9
P2, tp=9, ts=9, x0=179274869
P3, tp=9, ts=9
P2, tp=9, ts=9, x0=198906492
P3, tp=9, ts=9
P1, tp=9, ts=9, x0=329515871, x1=834698196
P0, tp=9, ts=9
P1, tp=9, ts=9, x0=443786006, x1=311077215
P1, tp=9, ts=9, x0=636142374, x1=354878282
P3, tp=9, ts=9
P0, tp=9, ts=9
P0, tp=9, ts=9
P2, tp=9, ts=9, x0=830294979
P0, tp=9, ts=9
P0, tp=9, ts=9
P2, tp=9, ts=9, x0=545692779
P1, tp=9, ts=9, x0=656435858, x1=575199771
P2, tp=9, ts=9, x0=329515871
P0, tp=9, ts=9
P2, tp=9, ts=9, x0=399355728
P1, tp=9, ts=9, x0=568581665, x1=497549076
P3, tp=9, ts=9
P3, tp=9, ts=9
P2, tp=9, ts=9, x0=497549076
P0, tp=9, ts=9
P0, tp=9, ts=9
P3, tp=9, ts=9
P2, tp=9, ts=9, x0=122088512
P0, tp=9, ts=9
P1, tp=9, ts=9, x0=748052066, x1=527146384
P3, tp=9, ts=9
P1, tp=9, ts=9, x0=827760083, x1=462578321
P0, tp=9, ts=9
P1, tp=9, ts=9, x0=449880464, x1=688518772
P3, tp=9, ts=9
P3, tp=9, ts=9
P2, tp=9, ts=9, x0=237015335
P1, tp=9, ts=9, x0=267627622, x1=498248164
P0, tp=9, ts=9
P3, tp=9, ts=9
P3, tp=9, ts=9
P0, tp=9, ts=9
P2, tp=9, ts=9, x0=229747845
P2, tp=9, ts=9, x0=319087073
P1, tp=9, ts=9, x0=310156684, x1=462578321
P2, tp=9, ts=9, x0=827760083
P2, tp=9, ts=9, x0=387069668
P1, tp=9, ts=9, x0=763718468, x1=721393634
P3, tp=9, ts=9
P0, tp=9, ts=9
P0, tp=9, ts=9
P0, tp=9, ts=9
P0, tp=9, ts=9
P2, tp=9, ts=9, x0=418892856
P1, tp=9, ts=9, x0=84760217, x1=261204615
P1, tp=9, ts=9, x0=477616538, x1=380238356
P1, tp=9, ts=9, x0=721393634, x1=841125469
P3, tp=9, ts=9
P0, tp=9, ts=9
P2, tp=9, ts=9, x0=208523542
P3, tp=9, ts=9
P0, tp=9, ts=9
P1, tp=9, ts=9, x0=934400684, x1=402776858
P2, tp=9, ts=9, x0=183427998
P3, tp=9, ts=9
P0, tp=9, ts=9
P0, tp=9, ts=9
P3, tp=9, ts=9
P3, tp=9, ts=9
P3, tp=9, ts=9
P0, tp=9, ts=9
P2, tp=9, ts=9, x0=497549076
P3, tp=9, ts=9
P2, tp=9, ts=9, x0=177605669
P2, tp=9, ts=9, x0=623074554
P3, tp=9, ts=9
P2, tp=9, ts=9, x0=498248164
P3, tp=9, ts=9
P0, tp=9, ts=9
P1, tp=9, ts=9, x0=367241594, x1=566746607
P0, tp=9, ts=9
P2, tp=9, ts=9, x0=339642720
P3, tp=9, ts=9
P3, tp=9, ts=9
P3, tp=9, ts=9
P1, tp=9, ts=9, x0=566746607, x1=688518772
P0, tp=9, ts=9
P3, tp=9, ts=9
P2, tp=9, ts=9, x0=15268353
P3, tp=9, ts=9
P2, tp=9, ts=9, x0=932609710
P0, tp=9, ts=9
P0, tp=9, ts=9
P3, tp=9, ts=9
P0, tp=9, ts=9
P2, tp=9, ts=9, x0=767473799
P2, tp=9, ts=9, x0=498248164
P3, tp=9, ts=9
P0, tp=9, ts=9
P1, tp=9, ts=9, x0=575199771, x1=179274869
P0, tp=9, ts=9
P0, tp=9, ts=9
P0, tp=9, ts=9
P1, tp=9, ts=9, x0=459192419, x1=866592039
P2, tp=9, ts=9, x0=688518772
P3, tp=9, ts=9
P3, tp=9, ts=9
P3, tp=9, ts=9
P0, tp=9, ts=9
P3, tp=9, ts=9
P0, tp=9, ts=9
P3, tp=9, ts=9
P1, tp=9, ts=9, x0=821397077, x1=710640137
P2, tp=9, ts=9, x0=869751904
P0, tp=9, ts=9
P3, tp=9, ts=9
P0, tp=9, ts=9
P0, tp=9, ts=9
P1, tp=9, ts=9, x0=866592039, x1=896711618
P2, tp=9, ts=9, x0=721393634
P1, tp=9, ts=9, x0=659197931, x1=269043948
P2, tp=9, ts=9, x0=269043948
P0, tp=9, ts=9
P0, tp=9, ts=9
P2, tp=9, ts=9, x0=726788942
P3, tp=9, ts=9
P2, tp=9, ts=9, x0=267627622
P3, tp=9, ts=9
P2, tp=9, ts=9, x0=556594
P2, tp=9, ts=9, x0=728784872
P1, tp=9, ts=9, x0=566746607, x1=319087073
P1, tp=9, ts=9, x0=767473799, x1=449880464
P3, tp=9, ts=9
P2, tp=9, ts=9, x0=572270637
P0, tp=9, ts=9
P2, tp=9, ts=9, x0=879001706
P1, tp=9, ts=9, x0=154075157, x1=418512554
P0, tp=9, ts=9
P3, tp=9, ts=9
P1, tp=9, ts=9, x0=387069668, x1=658754500
P3, tp=9, ts=9
P2, tp=9, ts=9, x0=688518772
P0, tp=9, ts=9
P2, tp=9, ts=9, x0=710640137
P1, tp=9, ts=9, x0=38162545, x1=229122669
P1, tp=9, ts=9, x0=85177655, x1=177605669
P0, tp=9, ts=9
P1, tp=9, ts=9, x0=556594, x1=310809422
P1, tp=9, ts=9, x0=418512554, x1=158719929
P2, tp=9, ts=9, x0=449880464
P2, tp=9, ts=9, x0=734963543
P2, tp=9, ts=9, x0=956143349
P0, tp=9, ts=9
P3, tp=9, ts=9
P2, tp=9, ts=9, x0=213028520
P1, tp=9, ts=9, x0=710640137, x1=866592039
P0, tp=9, ts=9
P2, tp=9, ts=9, x0=198906492
P0, tp=9, ts=9
P3, tp=9, ts=9
P0, tp=9, ts=9
P3, tp=9, ts=9
P1, tp=9, ts=9, x0=480377009, x1=449880464
P2, tp=9, ts=9, x0=822678545
P2, tp=9, ts=9, x0=827760083
P3, tp=9, ts=9
P0, tp=9, ts=9
P0, tp=9, ts=9
P2, tp=9, ts=9, x0=449880464
P0, tp=9, ts=9
P1, tp=9, ts=9, x0=269043948, x1=122088512
P3, tp=9, ts=9
P1, tp=9, ts=9, x0=15268353, x1=133165140
P3, tp=9, ts=9
P0, tp=9, ts=9
P3, tp=9, ts=9
P3, tp=9, ts=9
P0, tp=9, ts=9
P1, tp=9, ts=9, x0=154075157, x1=879001706
P3, tp=9, ts=9
P1, tp=9, ts=9, x0=367814836, x1=154075157
P2, tp=9, ts=9, x0=728580880
P0, tp=9, ts=9
P2, tp=9, ts=9, x0=179274869
P0, tp=9, ts=9
P0, tp=9, ts=9
P0, tp=9, ts=9
P1, tp=9, ts=9, x0=572270637, x1=652736925
P2, tp=9, ts=9, x0=520570224
P0, tp=9, ts=9
P0, tp=9, ts=9
P2, tp=9, ts=9, x0=213028520
P0, tp=9, ts=9
P2, tp=9, ts=9, x0=354878282
P1, tp=9, ts=9, x0=310809422, x1=85177655
P1, tp=9, ts=9, x0=831654635, x1=310809422
P1, tp=9, ts=9, x0=418512554, x1=154075157
P3, tp=9, ts=9
P1, tp=9, ts=9, x0=830294979, x1=418512554
P1, tp=9, ts=9, x0=367814836, x1=993041908
P0, tp=9, ts=9
P2, tp=9, ts=9, x0=772985227
P0, tp=9, ts=9
P3, tp=9, ts=9
P2, tp=9, ts=9, x0=154075157
P0, tp=9, ts=9
P3, tp=9, ts=9
P3, tp=9, ts=9
P0, tp=9, ts=9
P1, tp=9, ts=9, x0=932614293, x1=229122669
P0, tp=9, ts=9
P0, tp=9, ts=9
P2, tp=9, ts=9, x0=586593153
P2, tp=9, ts=9, x0=993041908
P2, tp=9, ts=9, x0=545692779
P1, tp=9, ts=9, x0=589230931, x1=728580880
P2, tp=9, ts=9, x0=726788942
P3, tp=9, ts=9
P2, tp=9, ts=9, x0=827760083
P3, tp=9, ts=9
P2, tp=9, ts=9, x0=687599720
P2, tp=9, ts=9, x0=119435197
P1, tp=9, ts=9, x0=201934782, x1=767473799
P1, tp=9, ts=9, x0=748052066, x1=656435858
P1, tp=9, ts=9, x0=726788942, x1=158719929
P2, tp=9, ts=9, x0=10166326
P1, tp=9, ts=9, x0=271862780, x1=61852130
P1, tp=9, ts=9, x0=898365340, x1=213028520
P1, tp=9, ts=9, x0=158719929, x1=952022390
P1, tp=9, ts=9, x0=504485040, x1=830294979
P3, tp=9, ts=9
P0, tp=9, ts=9
P3, tp=9, ts=9
P1, tp=9, ts=9, x0=520570224, x1=827760083
P2, tp=9, ts=9, x0=786554127
P2, tp=9, ts=9, x0=728580880
P2, tp=9, ts=9, x0=462716944
P2, tp=9, ts=9, x0=418512554
P3, tp=9, ts=9
P2, tp=9, ts=9, x0=397341233
P2, tp=9, ts=9, x0=956143349
P3, tp=9, ts=9
P3, tp=9, ts=9
P2, tp=9, ts=9, x0=572270637
P3, tp=9, ts=9
P1, tp=9, ts=9, x0=866592039, x1=636142374
P1, tp=9, ts=9, x0=7717077, x1=310156684
P1, tp=9, ts=9, x0=310809422, x1=861201589
P0, tp=9, ts=9
P0, tp=9, ts=9
P1, tp=9, ts=9, x0=443786006, x1=896711618
P2, tp=9, ts=9, x0=183427998
P0, tp=9, ts=9
P3, tp=9, ts=9
P2, tp=9, ts=9, x0=477616538
P3, tp=9, ts=9
P2, tp=9, ts=9, x0=15268353
P2, tp=9, ts=9, x0=734963543
P2, tp=9, ts=9, x0=763718468
P1, tp=9, ts=9, x0=504485040, x1=397341233
P3, tp=9, ts=9
P1, tp=9, ts=9, x0=627375426, x1=652736925
P2, tp=9, ts=9, x0=119435197
P3, tp=9, ts=9
P1, tp=9, ts=9, x0=61852130, x1=933912693
P3, tp=9, ts=9
P3, tp=9, ts=9
P0, tp=9, ts=9
P2, tp=9, ts=9, x0=608727628
P2, tp=9, ts=9, x0=721393634
P3, tp=9, ts=9
P2, tp=9, ts=9, x0=898365340
P1, tp=9, ts=9, x0=688518772, x1=319087073
P2, tp=9, ts=9, x0=329515871
P3, tp=9, ts=9
P2, tp=9, ts=9, x0=122088512
P2, tp=9, ts=9, x0=172972170
P0, tp=9, ts=9
P0, tp=9, ts=9
P3, tp=9, ts=9
P2, tp=9, ts=9, x0=429758646
P3, tp=9, ts=9
P1, tp=9, ts=9, x0=728580880, x1=566746607
P3, tp=9, ts=9
P3, tp=9, ts=9
P2, tp=9, ts=9, x0=218080949
P0, tp=9, ts=9
P0, tp=9, ts=9
P2, tp=9, ts=9, x0=387069668
P0, tp=9, ts=9
P3, tp=9, ts=9
P3, tp=9, ts=9
P1, tp=9, ts=9, x0=329515871, x1=498248164
P2, tp=9, ts=9, x0=656084837
P2, tp=9, ts=9, x0=429758646
P0, tp=9, ts=9
P2, tp=9, ts=9, x0=310156684
P0, tp=9, ts=9
P3, tp=9, ts=9
P3, tp=9, ts=9
P2, tp=9, ts=9, x0=608727628
P1, tp=9, ts=9, x0=849540748, x1=656435858
P0, tp=9, ts=9
P1, tp=9, ts=9, x0=545692779, x1=866592039
P0, tp=9, ts=9
P2, tp=9, ts=9, x0=734963543
P3, tp=9, ts=9
P3, tp=9, ts=9
P3, tp=9, ts=9
P3, tp=9, ts=9
P1, tp=9, ts=9, x0=673805507, x1=932614293
P3, tp=9, ts=9
P3, tp=9, ts=9
P2, tp=9, ts=9, x0=520570224
P1, tp=9, ts=9, x0=177605669, x1=821397077
P1, tp=9, ts=9, x0=482625750, x1=556594
P2, tp=9, ts=9, x0=112895561
P3, tp=9, ts=9
P1, tp=9, ts=9, x0=896711618, x1=480377009
P3, tp=9, ts=9
P1, tp=9, ts=9, x0=831654635, x1=734963543
P0, tp=9, ts=9
P1, tp=9, ts=9, x0=963393648, x1=10166326
P1, tp=9, ts=9, x0=418892856, x1=786554127
P0, tp=9, ts=9
P0, tp=9, ts=9
P2, tp=9, ts=9, x0=544701979
P2, tp=9, ts=9, x0=994839436
P1, tp=9, ts=9, x0=827760083, x1=658754500
P1, tp=9, ts=9, x0=544701979, x1=772985227
P1, tp=9, ts=9, x0=218080949, x1=158719929
P0, tp=9, ts=9
P3, tp=9, ts=9
P0, tp=9, ts=9
P0, tp=9, ts=9
P0, tp=9, ts=9
P2, tp=9, ts=9, x0=477616538
P1, tp=9, ts=9, x0=816704410, x1=208523542
P2, tp=9, ts=9, x0=198906492
P3, tp=9, ts=9
P2, tp=9, ts=9, x0=179274869
P0, tp=9, ts=9
P1, tp=9, ts=9, x0=575199771, x1=504485040
P1, tp=9, ts=9, x0=700816526, x1=623074554
P3, tp=9, ts=9
P2, tp=9, ts=9, x0=94798672
P0, tp=9, ts=9
P2, tp=9, ts=9, x0=183427998
P3, tp=9, ts=9
P1, tp=9, ts=9, x0=572270637, x1=952022390
P1, tp=9, ts=9, x0=158719929, x1=10166326
P1, tp=9, ts=9, x0=866592039, x1=402776858
P2, tp=9, ts=9, x0=861201589
P1, tp=9, ts=9, x0=831654635, x1=520570224
P1, tp=9, ts=9, x0=201934782, x1=932614293
P0, tp=9, ts=9
P1, tp=9, ts=9, x0=15268353, x1=781601832
P0, tp=9, ts=9
P0, tp=9, ts=9
P3, tp=9, ts=9
P1, tp=9, ts=9, x0=861201589, x1=482625750
P3, tp=9, ts=9
P3, tp=9, ts=9
P3, tp=9, ts=9
P2, tp=9, ts=9, x0=765811245
