P1, tp=0, ts=0, x0=569872521, x1=373321178
P0, tp=0, ts=0, x0=810563610
P2, tp=0, ts=0
P1, tp=0, ts=0, x0=355617325, x1=141336768
P1, tp=0, ts=0, x0=559514287, x1=132139073
P1, tp=0, ts=0, x0=263078228, x1=703748452
P3, tp=0, ts=0, x0=70079853
P3, tp=0, ts=0, x0=947669864
P0, tp=0, ts=0, x0=148737049
P0, tp=0, ts=0, x0=606967315
P2, tp=0, ts=0
P1, tp=0, ts=0, x0=790519442, x1=759454589
P0, tp=0, ts=0, x0=870269555
P1, tp=0, ts=0, x0=819702502, x1=485979946
P0, tp=0, ts=0, x0=55280525
P1, tp=0, ts=0, x0=393602475, x1=386218870
P2, tp=0, ts=0
P0, tp=0, ts=0, x0=107019939
P3, tp=0, ts=0, x0=544727831
P2, tp=0, ts=0
P1, tp=0, ts=0, x0=196980072, x1=454158356
P0, tp=0, ts=0, x0=542030928
P0, tp=0, ts=0, x0=583930965
P1, tp=0, ts=0, x0=240156530, x1=762707131
P2, tp=0, ts=0
P3, tp=0, ts=0, x0=18709334
P2, tp=0, ts=0
P3, tp=0, ts=0, x0=228331474
P1, tp=0, ts=0, x0=843943083, x1=382513159
P2, tp=0, ts=0
P2, tp=0, ts=0
P1, tp=0, ts=0, x0=105778896, x1=602083814
P3, tp=0, ts=0, x0=136297361
P0, tp=0, ts=0, x0=870342687
P0, tp=0, ts=0, x0=665429171
P3, tp=0, ts=0, x0=332126636
P1, tp=0, ts=0, x0=95075313, x1=5126561
P2, tp=0, ts=0
P0, tp=0, ts=0, x0=661315407
P1, tp=0, ts=0, x0=63979174, x1=663396134
P3, tp=0, ts=0, x0=541053556
P0, tp=0, ts=0, x0=912462831
P1, tp=0, ts=0, x0=919034261, x1=465808655
P3, tp=0, ts=0, x0=543446181
P2, tp=0, ts=0
P0, tp=0, ts=0, x0=456228543
P1, tp=0, ts=0, x0=813891785, x1=663396134
P1, tp=0, ts=0, x0=240156530, x1=602083814
P3, tp=0, ts=0, x0=355617325
P0, tp=0, ts=0, x0=543446181
P2, tp=0, ts=0
P3, tp=0, ts=0, x0=663396134
P1, tp=0, ts=0, x0=813891785, x1=382513159
P0, tp=0, ts=0, x0=386218870
P0, tp=0, ts=0, x0=107019939
P1, tp=0, ts=0, x0=377301598, x1=819702502
P0, tp=0, ts=0, x0=661315407
P3, tp=0, ts=0, x0=606967315
P1, tp=0, ts=0, x0=583930965, x1=55280525
P3, tp=0, ts=0, x0=544727831
P2, tp=0, ts=0
P3, tp=0, ts=0, x0=373321178
P1, tp=0, ts=0, x0=132139073, x1=661315407
P1, tp=0, ts=0, x0=919034261, x1=393602475
P1, tp=0, ts=0, x0=762707131, x1=454158356
P3, tp=0, ts=0, x0=136297361
P2, tp=0, ts=0
P2, tp=0, ts=0
P2, tp=0, ts=0
P1, tp=0, ts=0, x0=141336768, x1=256810040
P1, tp=0, ts=0, x0=228331474, x1=870269555
P3, tp=0, ts=0, x0=569872521
P1, tp=0, ts=0, x0=703748452, x1=661315407
P1, tp=0, ts=0, x0=55280525, x1=602083814
P0, tp=0, ts=0, x0=870269555
P3, tp=0, ts=0, x0=63979174
P2, tp=0, ts=0
P0, tp=0, ts=0, x0=95075313
P1, tp=0, ts=0, x0=843943083, x1=18709334
P1, tp=0, ts=0, x0=843943083, x1=196980072
P2, tp=0, ts=0
P2, tp=0, ts=0
P0, tp=0, ts=0, x0=912462831
P1, tp=0, ts=0, x0=947669864, x1=23766626
P0, tp=0, ts=0, x0=576391191
P1, tp=0, ts=0, x0=256810040, x1=63979174
P0, tp=0, ts=0, x0=5126561
P0, tp=0, ts=0, x0=23766626
P2, tp=0, ts=0
P2, tp=0, ts=0
P1, tp=0, ts=0, x0=107019939, x1=355617325
P0, tp=0, ts=0, x0=762707131
P3, tp=0, ts=0, x0=583468608
P2, tp=0, ts=0
P2, tp=0, ts=0
P1, tp=0, ts=0, x0=256810040, x1=23766626
P1, tp=0, ts=0, x0=393602475, x1=583930965
P3, tp=0, ts=0, x0=141336768
P2, tp=0, ts=0
P1, tp=0, ts=0, x0=332126636, x1=355617325
P0, tp=0, ts=0, x0=454158356
P2, tp=0, ts=0
P2, tp=0, ts=0
P2, tp=0, ts=0
P3, tp=0, ts=0, x0=465808655
P3, tp=0, ts=0, x0=665429171
P3, tp=0, ts=0, x0=105778896
P0, tp=0, ts=0, x0=810563610
P1, tp=0, ts=0, x0=870342687, x1=23766626
P3, tp=0, ts=0, x0=23766626
P2, tp=0, ts=0
P1, tp=0, ts=0, x0=583468608, x1=485979946
P2, tp=0, ts=0
P1, tp=0, ts=0, x0=55280525, x1=136297361
P3, tp=0, ts=0, x0=912462831
P2, tp=0, ts=0
P1, tp=0, ts=0, x0=870342687, x1=70079853
P1, tp=0, ts=0, x0=355617325, x1=843943083
P2, tp=0, ts=0
P0, tp=0, ts=0, x0=63979174
P0, tp=0, ts=0, x0=543446181
P2, tp=0, ts=0
P2, tp=0, ts=0
P2, tp=0, ts=0
P1, tp=0, ts=0, x0=843943083, x1=332126636
P2, tp=0, ts=0
P2, tp=0, ts=0
P1, tp=0, ts=0, x0=107019939, x1=602083814
P1, tp=0, ts=0, x0=278911495, x1=278911495
P3, tp=0, ts=0, x0=141336768
P2, tp=0, ts=0
P2, tp=0, ts=0
P1, tp=0, ts=0, x0=790519442, x1=663396134
P2, tp=0, ts=0
P1, tp=0, ts=0, x0=136297361, x1=819702502
P0, tp=0, ts=0, x0=132139073
P2, tp=0, ts=0
P3, tp=0, ts=0, x0=583468608
P0, tp=0, ts=0, x0=819702502
P2, tp=0, ts=0
P1, tp=0, ts=0, x0=465808655, x1=263078228
P0, tp=0, ts=0, x0=393602475
P0, tp=0, ts=0, x0=686787631
P1, tp=0, ts=0, x0=373321178, x1=606967315
P3, tp=0, ts=0, x0=332126636
P1, tp=0, ts=0, x0=542030928, x1=148737049
P3, tp=0, ts=0, x0=790519442
P3, tp=0, ts=0, x0=643958897
P0, tp=0, ts=0, x0=522050903
P2, tp=0, ts=0
P2, tp=0, ts=0
P3, tp=0, ts=0, x0=386218870
P2, tp=0, ts=0
P1, tp=0, ts=0, x0=141336768, x1=790519442
P2, tp=0, ts=0
P3, tp=0, ts=0, x0=454158356
P3, tp=0, ts=0, x0=810563610
P2, tp=0, ts=0
P3, tp=0, ts=0, x0=606967315
P2, tp=0, ts=0
P2, tp=0, ts=0
P0, tp=0, ts=0, x0=522050903
P1, tp=0, ts=0, x0=63979174, x1=606967315
P1, tp=0, ts=0, x0=583468608, x1=617548455
P0, tp=0, ts=0, x0=759454589
P1, tp=0, ts=0, x0=843943083, x1=386218870
P2, tp=0, ts=0
P2, tp=0, ts=0
P1, tp=0, ts=0, x0=105778896, x1=263078228
P0, tp=0, ts=0, x0=393602475
P3, tp=0, ts=0, x0=5126561
P1, tp=0, ts=0, x0=263078228, x1=393602475
P0, tp=0, ts=0, x0=583930965
P0, tp=0, ts=0, x0=355617325
P3, tp=0, ts=0, x0=403791106
P0, tp=0, ts=0, x0=456228543
P3, tp=0, ts=0, x0=947669864
P2, tp=0, ts=0
P2, tp=0, ts=0
P3, tp=0, ts=0, x0=355617325
P2, tp=0, ts=0
P3, tp=0, ts=0, x0=819702502
P3, tp=0, ts=0, x0=762707131
P1, tp=0, ts=0, x0=643958897, x1=228331474
P2, tp=0, ts=0
P3, tp=0, ts=0, x0=643958897
P0, tp=0, ts=0, x0=105778896
P0, tp=0, ts=0, x0=240156530
P0, tp=0, ts=0, x0=403791106
P0, tp=0, ts=0, x0=105778896
P0, tp=0, ts=0, x0=703748452
P0, tp=0, ts=0, x0=543446181
P1, tp=0, ts=0, x0=132139073, x1=23766626
P1, tp=0, ts=0, x0=810563610, x1=403791106
P3, tp=0, ts=0, x0=132139073
P0, tp=0, ts=0, x0=454158356
P2, tp=0, ts=0
P1, tp=0, ts=0, x0=23766626, x1=409799247
P0, tp=0, ts=0, x0=240156530
P0, tp=0, ts=0, x0=541053556
P1, tp=0, ts=0, x0=263078228, x1=382513159
P1, tp=0, ts=0, x0=403791106, x1=665429171
P1, tp=0, ts=0, x0=606967315, x1=686787631
P0, tp=0, ts=0, x0=105778896
P3, tp=0, ts=0, x0=382513159
P2, tp=0, ts=0
P0, tp=0, ts=0, x0=332126636
P3, tp=0, ts=0, x0=919034261
P3, tp=0, ts=0, x0=382513159
P2, tp=0, ts=0
P1, tp=0, ts=0, x0=18709334, x1=541053556
P3, tp=0, ts=0, x0=456228543
P2, tp=0, ts=0
P1, tp=0, ts=0, x0=919034261, x1=382513159
P3, tp=0, ts=0, x0=373321178
P0, tp=0, ts=0, x0=94499641
P2, tp=0, ts=0
P1, tp=0, ts=0, x0=386218870, x1=409799247
P0, tp=0, ts=0, x0=393602475
P2, tp=0, ts=0
P0, tp=0, ts=0, x0=686787631
P3, tp=0, ts=0, x0=912462831
P2, tp=0, ts=0
P0, tp=0, ts=0, x0=403791106
P2, tp=0, ts=0
P0, tp=0, ts=0, x0=602083814
P2, tp=0, ts=0
P1, tp=0, ts=0, x0=870269555, x1=569872521
P1, tp=0, ts=0, x0=5126561, x1=454158356
P3, tp=0, ts=0, x0=377301598
P3, tp=0, ts=0, x0=576391191
P3, tp=0, ts=0, x0=576391191
P1, tp=0, ts=0, x0=403791106, x1=23766626
P1, tp=0, ts=0, x0=813891785, x1=386218870
P2, tp=0, ts=0
P1, tp=0, ts=0, x0=393602475, x1=332126636
P0, tp=0, ts=0, x0=541053556
P1, tp=0, ts=0, x0=870342687, x1=485979946
P1, tp=0, ts=0, x0=263078228, x1=485979946
P1, tp=0, ts=0, x0=132139073, x1=94499641
P3, tp=0, ts=0, x0=70079853
P1, tp=0, ts=0, x0=5126561, x1=541053556
P0, tp=0, ts=0, x0=278911495
P2, tp=0, ts=0
P2, tp=0, ts=0
P1, tp=0, ts=0, x0=522050903, x1=278911495
P0, tp=0, ts=0, x0=544727831
P1, tp=0, ts=0, x0=456228543, x1=373321178
P3, tp=0, ts=0, x0=256810040
P0, tp=0, ts=0, x0=569872521
P2, tp=0, ts=0
P2, tp=0, ts=0
P1, tp=0, ts=0, x0=813891785, x1=377301598
P1, tp=0, ts=0, x0=606967315, x1=373321178
P0, tp=0, ts=0, x0=544727831
P1, tp=0, ts=0, x0=661315407, x1=63979174
P3, tp=0, ts=0, x0=912462831
P3, tp=0, ts=0, x0=606967315
P2, tp=0, ts=0
P3, tp=0, ts=0, x0=617548455
P1, tp=0, ts=0, x0=454158356, x1=759454589
P0, tp=0, ts=0, x0=393602475
P2, tp=0, ts=0
P2, tp=0, ts=0
P1, tp=0, ts=0, x0=576391191, x1=373321178
P2, tp=0, ts=0
P0, tp=0, ts=0, x0=263078228
P2, tp=0, ts=0
P3, tp=0, ts=0, x0=240156530
P0, tp=0, ts=0, x0=703748452
P2, tp=0, ts=0
P3, tp=0, ts=0, x0=465808655
P3, tp=0, ts=0, x0=105778896
P1, tp=0, ts=0, x0=107019939, x1=912462831
P3, tp=0, ts=0, x0=522050903
P2, tp=0, ts=0
P3, tp=0, ts=0, x0=583468608
P2, tp=0, ts=0
P2, tp=0, ts=0
P1, tp=0, ts=0, x0=643958897, x1=598221135
P3, tp=0, ts=0, x0=810563610
P1, tp=0, ts=0, x0=70079853, x1=393602475
P1, tp=0, ts=0, x0=813891785, x1=278911495
P1, tp=0, ts=0, x0=569872521, x1=562027764
P1, tp=0, ts=0, x0=409799247, x1=870342687
P0, tp=0, ts=0, x0=569872521
P0, tp=0, ts=0, x0=465808655
P2, tp=0, ts=0
P2, tp=0, ts=0
P2, tp=0, ts=0
P1, tp=0, ts=0, x0=522050903, x1=598221135
P3, tp=0, ts=0, x0=870269555
P1, tp=0, ts=0, x0=559514287, x1=485979946
P0, tp=0, ts=0, x0=240156530
P0, tp=0, ts=0, x0=160877148
P3, tp=0, ts=0, x0=377301598
P0, tp=0, ts=0, x0=332126636
P3, tp=0, ts=0, x0=63979174
P3, tp=0, ts=0, x0=870269555
P2, tp=0, ts=0
P0, tp=0, ts=0, x0=148737049
P2, tp=0, ts=0
P1, tp=0, ts=0, x0=643958897, x1=813891785
P1, tp=0, ts=0, x0=240156530, x1=562027764
P3, tp=0, ts=0, x0=240156530
P1, tp=0, ts=0, x0=148737049, x1=55280525
P1, tp=0, ts=0, x0=355617325, x1=541053556
P1, tp=0, ts=0, x0=382513159, x1=919034261
P3, tp=0, ts=0, x0=196980072
P2, tp=0, ts=0
P0, tp=0, ts=0, x0=160877148
P0, tp=0, ts=0, x0=456228543
P3, tp=0, ts=0, x0=542030928
P1, tp=0, ts=0, x0=23766626, x1=107019939
P1, tp=0, ts=0, x0=377301598, x1=643958897
P1, tp=0, ts=0, x0=522050903, x1=813891785
P1, tp=0, ts=0, x0=472890140, x1=617548455
P1, tp=0, ts=0, x0=196980072, x1=456228543
P3, tp=0, ts=0, x0=576391191
P3, tp=0, ts=0, x0=227080788
P3, tp=0, ts=0, x0=94499641
P1, tp=0, ts=0, x0=148737049, x1=602083814
P3, tp=0, ts=0, x0=703748452
P3, tp=0, ts=0, x0=148737049
P3, tp=0, ts=0, x0=105778896
P0, tp=0, ts=0, x0=263078228
P1, tp=0, ts=0, x0=790519442, x1=522050903
P0, tp=0, ts=0, x0=141336768
P2, tp=0, ts=0
P3, tp=0, ts=0, x0=132139073
P1, tp=0, ts=0, x0=602083814, x1=643958897
P0, tp=0, ts=0, x0=403791106
P0, tp=0, ts=0, x0=485979946
P2, tp=0, ts=0
P3, tp=0, ts=0, x0=522050903
P2, tp=0, ts=0
P3, tp=0, ts=0, x0=63979174
P2, tp=0, ts=0
P1, tp=0, ts=0, x0=643958897, x1=661315407
P1, tp=0, ts=0, x0=870342687, x1=813891785
P1, tp=0, ts=0, x0=912462831, x1=107019939
P2, tp=0, ts=0
P3, tp=0, ts=0, x0=386218870
P1, tp=0, ts=0, x0=617548455, x1=403791106
P2, tp=0, ts=0
P2, tp=0, ts=0
P2, tp=0, ts=0
P3, tp=0, ts=0, x0=643958897
P2, tp=0, ts=0
P2, tp=0, ts=0
P1, tp=0, ts=0, x0=55280525, x1=663396134
P0, tp=0, ts=0, x0=403791106
P3, tp=0, ts=0, x0=355617325
P2, tp=0, ts=0
P2, tp=0, ts=0
P1, tp=0, ts=0, x0=136297361, x1=465808655
P3, tp=0, ts=0, x0=606967315
P3, tp=0, ts=0, x0=166829821
P3, tp=0, ts=0, x0=661315407
P2, tp=0, ts=0
P3, tp=0, ts=0, x0=5126561
P2, tp=0, ts=0
P3, tp=0, ts=0, x0=598221135
P2, tp=0, ts=0
P2, tp=0, ts=0
P3, tp=0, ts=0, x0=813891785
P0, tp=0, ts=0, x0=256810040
P2, tp=0, ts=0
P0, tp=0, ts=0, x0=602083814
P1, tp=0, ts=0, x0=602614663, x1=263078228
P0, tp=0, ts=0, x0=870342687
P0, tp=0, ts=0, x0=95075313
P2, tp=0, ts=0
P0, tp=0, ts=0, x0=105778896
P0, tp=0, ts=0, x0=132139073
P0, tp=0, ts=0, x0=228331474
P3, tp=0, ts=0, x0=686787631
P2, tp=0, ts=0
P3, tp=0, ts=0, x0=28396956
P1, tp=0, ts=0, x0=70079853, x1=757769813
P0, tp=0, ts=0, x0=456228543
P3, tp=0, ts=0, x0=843943083
P0, tp=0, ts=0, x0=562027764
P2, tp=0, ts=0
P2, tp=0, ts=0
P3, tp=0, ts=0, x0=870269555
P0, tp=0, ts=0, x0=94499641
P3, tp=0, ts=0, x0=132139073
P2, tp=0, ts=0
P1, tp=0, ts=0, x0=472890140, x1=28396956
P2, tp=0, ts=0
P3, tp=0, ts=0, x0=160877148
P3, tp=0, ts=0, x0=606967315
P2, tp=0, ts=0
P1, tp=0, ts=0, x0=475362735, x1=843943083
P1, tp=0, ts=0, x0=377301598, x1=543446181
P3, tp=0, ts=0, x0=263078228
P2, tp=0, ts=0
P0, tp=0, ts=0, x0=810563610
P1, tp=0, ts=0, x0=263078228, x1=5126561
P3, tp=0, ts=0, x0=602083814
P0, tp=0, ts=0, x0=762707131
P3, tp=0, ts=0, x0=606967315
P2, tp=0, ts=0
P1, tp=0, ts=0, x0=386218870, x1=598221135
P2, tp=0, ts=0
P0, tp=0, ts=0, x0=870269555
P3, tp=0, ts=0, x0=859632277
P3, tp=0, ts=0, x0=492644216
P3, tp=0, ts=0, x0=541053556
P3, tp=0, ts=0, x0=617548455
P1, tp=0, ts=0, x0=757769813, x1=456228543
P0, tp=0, ts=0, x0=813891785
P0, tp=0, ts=0, x0=393602475
P2, tp=0, ts=0
P2, tp=0, ts=0
P3, tp=0, ts=0, x0=661315407
P3, tp=0, ts=0, x0=583468608
P0, tp=0, ts=0, x0=40777138
P0, tp=0, ts=0, x0=665429171
P3, tp=0, ts=0, x0=254821830
P1, tp=0, ts=0, x0=403791106, x1=278911495
P3, tp=0, ts=0, x0=759439638
P1, tp=0, ts=0, x0=132139073, x1=813891785
P2, tp=0, ts=0
P0, tp=0, ts=0, x0=464873326
P2, tp=0, ts=0
P3, tp=0, ts=0, x0=141336768
P1, tp=0, ts=0, x0=263078228, x1=762707131
P3, tp=0, ts=0, x0=661315407
P3, tp=0, ts=0, x0=782494197
P3, tp=0, ts=0, x0=810563610
P2, tp=0, ts=0
P0, tp=0, ts=0, x0=598221135
P1, tp=0, ts=0, x0=569872521, x1=160028534
P1, tp=0, ts=0, x0=373321178, x1=657015881
P2, tp=0, ts=0
P0, tp=0, ts=0, x0=55280525
P3, tp=0, ts=0, x0=859632277
P0, tp=0, ts=0, x0=485979946
P3, tp=0, ts=0, x0=859632277
P1, tp=0, ts=0, x0=583468608, x1=70079853
P2, tp=0, ts=0
P1, tp=0, ts=0, x0=703748452, x1=18709334
P2, tp=0, ts=0
P1, tp=0, ts=0, x0=576391191, x1=583468608
P2, tp=0, ts=0
P2, tp=0, ts=0
P2, tp=0, ts=0
P2, tp=0, ts=0
P0, tp=0, ts=0, x0=263078228
P0, tp=0, ts=0, x0=5126561
P2, tp=0, ts=0
P2, tp=0, ts=0
P2, tp=0, ts=0
P3, tp=0, ts=0, x0=543446181
P3, tp=0, ts=0, x0=686787631
P0, tp=0, ts=0, x0=569872521
P1, tp=0, ts=0, x0=813891785, x1=485979946
P0, tp=0, ts=0, x0=70079853
P1, tp=0, ts=0, x0=790519442, x1=870342687
P3, tp=0, ts=0, x0=135045751
P0, tp=0, ts=0, x0=132139073
P2, tp=0, ts=0
P1, tp=0, ts=0, x0=819702502, x1=23766626
P3, tp=0, ts=0, x0=382513159
P0, tp=0, ts=0, x0=790519442
P1, tp=0, ts=0, x0=403791106, x1=465808655
P3, tp=0, ts=0, x0=5126561
P1, tp=0, ts=0, x0=456228543, x1=36012099
P1, tp=0, ts=0, x0=228331474, x1=5126561
P2, tp=0, ts=0
P1, tp=0, ts=0, x0=278911495, x1=576391191
P3, tp=0, ts=0, x0=36012099
P0, tp=0, ts=0, x0=132139073
P2, tp=0, ts=0
P0, tp=0, ts=0, x0=492644216
P3, tp=0, ts=0, x0=227080788
P2, tp=0, ts=0
P3, tp=0, ts=0, x0=240156530
P1, tp=0, ts=0, x0=506123055, x1=923042053
P0, tp=0, ts=0, x0=256810040
P3, tp=0, ts=0, x0=166829821
P2, tp=0, ts=0
P3, tp=0, ts=0, x0=256810040
P3, tp=0, ts=0, x0=583468608
P3, tp=0, ts=0, x0=543446181
P1, tp=0, ts=0, x0=583930965, x1=160877148
P3, tp=0, ts=0, x0=55280525
P3, tp=0, ts=0, x0=141336768
P2, tp=0, ts=0
P3, tp=0, ts=0, x0=541053556
P3, tp=0, ts=0, x0=576391191
P1, tp=0, ts=0, x0=870269555, x1=706251356
P1, tp=0, ts=0, x0=657015881, x1=663396134
P1, tp=0, ts=0, x0=380302357, x1=859632277
P1, tp=0, ts=0, x0=544727831, x1=409799247
P3, tp=0, ts=0, x0=859632277
P1, tp=0, ts=0, x0=703748452, x1=105778896
P0, tp=0, ts=0, x0=135045751
P0, tp=0, ts=0, x0=5126561
P3, tp=0, ts=0, x0=559514287
P2, tp=0, ts=0
P3, tp=0, ts=0, x0=492644216
P1, tp=0, ts=0, x0=576391191, x1=332126636
P2, tp=0, ts=0
P3, tp=0, ts=0, x0=247196207
P2, tp=0, ts=0
P1, tp=0, ts=0, x0=256810040, x1=454158356
P3, tp=0, ts=0, x0=107019939
P2, tp=0, ts=0
P3, tp=0, ts=0, x0=132139073
P0, tp=0, ts=0, x0=686787631
P2, tp=0, ts=0
P1, tp=0, ts=0, x0=278911495, x1=70079853
P0, tp=0, ts=0, x0=33059026
P1, tp=0, ts=0, x0=522050903, x1=380302357
P3, tp=0, ts=0, x0=870342687
P0, tp=0, ts=0, x0=304804230
P3, tp=0, ts=0, x0=919034261
P3, tp=0, ts=0, x0=130339082
P1, tp=0, ts=0, x0=373321178, x1=40777138
P2, tp=0, ts=0
P0, tp=0, ts=0, x0=870342687
P0, tp=0, ts=0, x0=5126561
P3, tp=0, ts=0, x0=569872521
P0, tp=0, ts=0, x0=912462831
P2, tp=0, ts=0
P2, tp=0, ts=0
P1, tp=0, ts=0, x0=39682413, x1=661315407
P3, tp=0, ts=0, x0=874378746
P1, tp=0, ts=0, x0=454158356, x1=304804230
P2, tp=0, ts=0
P1, tp=0, ts=0, x0=874378746, x1=136297361
P0, tp=0, ts=0, x0=456228543
P1, tp=0, ts=0, x0=130339082, x1=947669864
P3, tp=0, ts=0, x0=162019438
P0, tp=0, ts=0, x0=130339082
P0, tp=0, ts=0, x0=810563610
P3, tp=0, ts=0, x0=568659236
P3, tp=0, ts=0, x0=240156530
P1, tp=0, ts=0, x0=355617325, x1=55280525
P2, tp=0, ts=0
P1, tp=0, ts=0, x0=947669864, x1=263078228
P2, tp=0, ts=0
P1, tp=0, ts=0, x0=23766626, x1=568659236
P0, tp=0, ts=0, x0=874378746
P1, tp=0, ts=0, x0=874378746, x1=464873326
P1, tp=0, ts=0, x0=5126561, x1=598221135
P1, tp=0, ts=0, x0=132139073, x1=947669864
P0, tp=0, ts=0, x0=270630176
P0, tp=0, ts=0, x0=686787631
P1, tp=0, ts=0, x0=2636326, x1=790519442
P0, tp=0, ts=0, x0=132139073
P1, tp=0, ts=0, x0=703748452, x1=270630176
P3, tp=0, ts=0, x0=583468608
P2, tp=0, ts=0
P3, tp=0, ts=0, x0=819702502
P2, tp=0, ts=0
P3, tp=0, ts=0, x0=36012099
P0, tp=0, ts=0, x0=859632277
P0, tp=0, ts=0, x0=928169432
P2, tp=0, ts=0
P1, tp=0, ts=0, x0=595088027, x1=36012099
P3, tp=0, ts=0, x0=759454589
P0, tp=0, ts=0, x0=160877148
P3, tp=0, ts=0, x0=919034261
P0, tp=0, ts=0, x0=136297361
P2, tp=0, ts=0
P0, tp=0, ts=0, x0=55280525
P0, tp=0, ts=0, x0=522050903
P1, tp=0, ts=0, x0=813891785, x1=559514287
P2, tp=0, ts=0
P0, tp=0, ts=0, x0=377301598
P1, tp=0, ts=0, x0=912462831, x1=874378746
P1, tp=0, ts=0, x0=472890140, x1=228331474
P2, tp=0, ts=0
P1, tp=0, ts=0, x0=382513159, x1=472890140
P0, tp=0, ts=0, x0=39682413
P2, tp=0, ts=0
P1, tp=0, ts=0, x0=759454589, x1=465808655
P0, tp=0, ts=0, x0=859632277
P0, tp=0, ts=0, x0=94499641
P1, tp=0, ts=0, x0=832761777, x1=923042053
P1, tp=0, ts=0, x0=263078228, x1=859632277
P2, tp=0, ts=0
P3, tp=0, ts=0, x0=663396134
P3, tp=0, ts=0, x0=160028534
P2, tp=0, ts=0
P3, tp=0, ts=0, x0=278911495
P3, tp=0, ts=0, x0=874378746
P3, tp=0, ts=0, x0=63979174
P1, tp=0, ts=0, x0=95075313, x1=506123055
P0, tp=0, ts=0, x0=602614663
P3, tp=0, ts=0, x0=643958897
P3, tp=0, ts=0, x0=135045751
P3, tp=0, ts=0, x0=386218870
P0, tp=0, ts=0, x0=23766626
P1, tp=0, ts=0, x0=559514287, x1=617548455
P3, tp=0, ts=0, x0=2636326
P3, tp=0, ts=0, x0=403791106
P1, tp=0, ts=0, x0=105778896, x1=132139073
P1, tp=0, ts=0, x0=382513159, x1=13974331
P3, tp=0, ts=0, x0=304804230
P2, tp=0, ts=0
P1, tp=0, ts=0, x0=922166512, x1=94499641
P1, tp=0, ts=0, x0=240156530, x1=2636326
P0, tp=0, ts=0, x0=270630176
P3, tp=0, ts=0, x0=576391191
P3, tp=0, ts=0, x0=790519442
P3, tp=0, ts=0, x0=706251356
P0, tp=0, ts=0, x0=643958897
P1, tp=0, ts=0, x0=706251356, x1=332126636
P2, tp=0, ts=0
P1, tp=0, ts=0, x0=196980072, x1=485979946
P3, tp=0, ts=0, x0=65585272
P3, tp=0, ts=0, x0=606967315
P3, tp=0, ts=0, x0=166829821
P1, tp=0, ts=0, x0=160028534, x1=832761777
P2, tp=0, ts=0
P2, tp=0, ts=0
P0, tp=0, ts=0, x0=475362735
P0, tp=0, ts=0, x0=393602475
P1, tp=0, ts=0, x0=562027764, x1=386218870
P2, tp=0, ts=0
P1, tp=0, ts=0, x0=542030928, x1=105778896
P0, tp=0, ts=0, x0=409799247
P3, tp=0, ts=0, x0=559514287
P2, tp=0, ts=0
P0, tp=0, ts=0, x0=492644216
P1, tp=0, ts=0, x0=606967315, x1=870342687
P3, tp=0, ts=0, x0=384243421
P0, tp=0, ts=0, x0=95075313
P0, tp=0, ts=0, x0=686787631
P3, tp=0, ts=0, x0=485979946
P3, tp=0, ts=0, x0=95075313
P3, tp=0, ts=0, x0=759454589
P3, tp=0, ts=0, x0=287337523
P0, tp=0, ts=0, x0=95075313
P2, tp=0, ts=0
P0, tp=0, ts=0, x0=173189939
P3, tp=0, ts=0, x0=240156530
P1, tp=0, ts=0, x0=166829821, x1=380302357
P1, tp=0, ts=0, x0=270630176, x1=606967315
P1, tp=0, ts=0, x0=254821830, x1=485979946
P1, tp=0, ts=0, x0=606967315, x1=63979174
P1, tp=0, ts=0, x0=33059026, x1=843943083
P1, tp=0, ts=0, x0=162019438, x1=465808655
P2, tp=0, ts=0
P0, tp=0, ts=0, x0=919034261
P1, tp=0, ts=0, x0=393602475, x1=5126561
P2, tp=0, ts=0
P1, tp=0, ts=0, x0=928169432, x1=923042053
P3, tp=0, ts=0, x0=162019438
P2, tp=0, ts=0
P0, tp=0, ts=0, x0=271306927
P1, tp=0, ts=0, x0=870269555, x1=127300202
P2, tp=0, ts=0
P0, tp=0, ts=0, x0=819702502
P3, tp=0, ts=0, x0=63979174
P0, tp=0, ts=0, x0=506123055
P2, tp=0, ts=0
P2, tp=0, ts=0
P2, tp=0, ts=0
P3, tp=0, ts=0, x0=598221135
P2, tp=0, ts=0
P1, tp=0, ts=0, x0=598221135, x1=332126636
P2, tp=0, ts=0
P3, tp=0, ts=0, x0=28396956
P3, tp=0, ts=0, x0=377301598
P3, tp=0, ts=0, x0=5126561
P2, tp=0, ts=0
P3, tp=0, ts=0, x0=919034261
P1, tp=0, ts=0, x0=475362735, x1=706251356
P2, tp=0, ts=0
P2, tp=0, ts=0
P3, tp=0, ts=0, x0=39682413
P1, tp=0, ts=0, x0=464873326, x1=568659236
P2, tp=0, ts=0
P2, tp=0, ts=0
P0, tp=0, ts=0, x0=402602993
P2, tp=0, ts=0
P2, tp=0, ts=0
P2, tp=0, ts=0
P1, tp=0, ts=0, x0=136297361, x1=544727831
P2, tp=0, ts=0
P0, tp=0, ts=0, x0=492644216
P3, tp=0, ts=0, x0=923042053
P1, tp=0, ts=0, x0=254821830, x1=542030928
P1, tp=0, ts=0, x0=843943083, x1=506123055
P0, tp=0, ts=0, x0=166829821
P0, tp=0, ts=0, x0=271306927
P1, tp=0, ts=0, x0=196980072, x1=454158356
P2, tp=0, ts=0
P1, tp=0, ts=0, x0=384243421, x1=227080788
P2, tp=0, ts=0
P0, tp=0, ts=0, x0=709755030
P1, tp=0, ts=0, x0=247196207, x1=270630176
P2, tp=0, ts=0
P3, tp=0, ts=0, x0=270630176
P3, tp=0, ts=0, x0=665429171
P2, tp=0, ts=0
P1, tp=0, ts=0, x0=475362735, x1=135045751
P0, tp=0, ts=0, x0=709755030
P0, tp=0, ts=0, x0=304804230
P3, tp=0, ts=0, x0=63979174
P2, tp=0, ts=0
P2, tp=0, ts=0
P3, tp=0, ts=0, x0=762707131
P0, tp=0, ts=0, x0=402602993
P3, tp=0, ts=0, x0=663396134
P3, tp=0, ts=0, x0=859632277
P1, tp=0, ts=0, x0=36012099, x1=162019438
P3, tp=0, ts=0, x0=492644216
P0, tp=0, ts=0, x0=39682413
P2, tp=0, ts=0
P0, tp=0, ts=0, x0=661315407
P3, tp=0, ts=0, x0=643958897
P1, tp=0, ts=0, x0=304804230, x1=2636326
P0, tp=0, ts=0, x0=36012099
P0, tp=0, ts=0, x0=33059026
P3, tp=0, ts=0, x0=506123055
P3, tp=0, ts=0, x0=485979946
P2, tp=0, ts=0
P1, tp=0, ts=0, x0=576391191, x1=706251356
P2, tp=0, ts=0
P2, tp=0, ts=0
P1, tp=0, ts=0, x0=403791106, x1=790519442
P2, tp=0, ts=0
P2, tp=0, ts=0
P2, tp=0, ts=0
P0, tp=0, ts=0, x0=454158356
P0, tp=0, ts=0, x0=13974331
P1, tp=0, ts=0, x0=254821830, x1=759439638
P1, tp=0, ts=0, x0=506123055, x1=576391191
P2, tp=0, ts=0
P2, tp=0, ts=0
P2, tp=0, ts=0
P3, tp=0, ts=0, x0=846303794
P2, tp=0, ts=0
P1, tp=0, ts=0, x0=859290031, x1=127300202
P2, tp=0, ts=0
P3, tp=0, ts=0, x0=568659236
P0, tp=0, ts=0, x0=271306927
P3, tp=0, ts=0, x0=63979174
P1, tp=0, ts=0, x0=928169432, x1=819702502
P2, tp=0, ts=0
P2, tp=0, ts=0
P0, tp=0, ts=0, x0=205881999
P2, tp=0, ts=0
P2, tp=0, ts=0
P3, tp=0, ts=0, x0=166829821
P3, tp=0, ts=0, x0=473237444
P1, tp=0, ts=0, x0=859290031, x1=36419522
P1, tp=0, ts=0, x0=5126561, x1=39682413
P2, tp=0, ts=0
P1, tp=0, ts=0, x0=13974331, x1=456228543
P0, tp=0, ts=0, x0=454158356
P3, tp=0, ts=0, x0=94499641
P2, tp=0, ts=0
P3, tp=0, ts=0, x0=870342687
P3, tp=0, ts=0, x0=33059026
P2, tp=0, ts=0
P0, tp=0, ts=0, x0=472890140
P0, tp=0, ts=0, x0=617548455
P1, tp=0, ts=0, x0=541053556, x1=373000334
P3, tp=0, ts=0, x0=583468608
P0, tp=0, ts=0, x0=759439638
P1, tp=0, ts=0, x0=922166512, x1=166829821
P0, tp=0, ts=0, x0=95075313
P0, tp=0, ts=0, x0=821078144
P2, tp=0, ts=0
P3, tp=0, ts=0, x0=663396134
P3, tp=0, ts=0, x0=63979174
P3, tp=0, ts=0, x0=919034261
P3, tp=0, ts=0, x0=223465452
P3, tp=0, ts=0, x0=18709334
P0, tp=0, ts=0, x0=759439638
P1, tp=0, ts=0, x0=968393584, x1=332126636
P1, tp=0, ts=0, x0=987663363, x1=94499641
P2, tp=0, ts=0
P3, tp=0, ts=0, x0=583468608
P1, tp=0, ts=0, x0=663396134, x1=40777138
P1, tp=0, ts=0, x0=382513159, x1=382513159
P0, tp=0, ts=0, x0=160028534
P2, tp=0, ts=0
P0, tp=0, ts=0, x0=379640782
P2, tp=0, ts=0
P0, tp=0, ts=0, x0=934255303
P2, tp=0, ts=0
P0, tp=0, ts=0, x0=456228543
P0, tp=0, ts=0, x0=891823365
P1, tp=0, ts=0, x0=130339082, x1=162019438
P2, tp=0, ts=0
P0, tp=0, ts=0, x0=256810040
P2, tp=0, ts=0
P0, tp=0, ts=0, x0=846303794
P3, tp=0, ts=0, x0=506123055
P3, tp=0, ts=0, x0=13974331
P2, tp=0, ts=0
P3, tp=0, ts=0, x0=332126636
P2, tp=0, ts=0
P1, tp=0, ts=0, x0=870342687, x1=542030928
P1, tp=0, ts=0, x0=205881999, x1=604760530
P2, tp=0, ts=0
P3, tp=0, ts=0, x0=533458709
P0, tp=0, ts=0, x0=5126561
P2, tp=0, ts=0
P1, tp=0, ts=0, x0=583468608, x1=522050903
P1, tp=0, ts=0, x0=912462831, x1=223465452
P1, tp=0, ts=0, x0=541053556, x1=127300202
P3, tp=0, ts=0, x0=602614663
P0, tp=0, ts=0, x0=373000334
P0, tp=0, ts=0, x0=859290031
P1, tp=0, ts=0, x0=227080788, x1=874378746
P3, tp=0, ts=0, x0=859290031
P1, tp=0, ts=0, x0=922166512, x1=278911495
P0, tp=0, ts=0, x0=813891785
P3, tp=0, ts=0, x0=254821830
P2, tp=0, ts=0
P0, tp=0, ts=0, x0=247196207
P3, tp=0, ts=0, x0=377301598
P0, tp=0, ts=0, x0=846303794
P0, tp=0, ts=0, x0=382513159
P3, tp=0, ts=0, x0=657015881
P0, tp=0, ts=0, x0=919034261
P1, tp=0, ts=0, x0=843943083, x1=912462831
P1, tp=0, ts=0, x0=543446181, x1=968393584
P2, tp=0, ts=0
P1, tp=0, ts=0, x0=332126636, x1=473237444
P3, tp=0, ts=0, x0=759439638
P0, tp=0, ts=0, x0=583468608
P1, tp=0, ts=0, x0=228331474, x1=331266200
P2, tp=0, ts=0
P2, tp=0, ts=0
P2, tp=0, ts=0
P0, tp=0, ts=0, x0=859632277
P0, tp=0, ts=0, x0=891823365
P0, tp=0, ts=0, x0=602083814
P2, tp=0, ts=0
P2, tp=0, ts=0
P1, tp=0, ts=0, x0=922166512, x1=473237444
P0, tp=0, ts=0, x0=271306927
P1, tp=0, ts=0, x0=987663363, x1=247196207
P0, tp=0, ts=0, x0=934255303
P3, tp=0, ts=0, x0=95075313
P0, tp=0, ts=0, x0=934255303
P3, tp=0, ts=0, x0=33059026
P2, tp=0, ts=0
P3, tp=0, ts=0, x0=379640782
P1, tp=0, ts=0, x0=379640782, x1=821078144
P1, tp=0, ts=0, x0=377301598, x1=543446181
P2, tp=0, ts=0
P2, tp=0, ts=0
P0, tp=0, ts=0, x0=870342687
P2, tp=0, ts=0
P1, tp=0, ts=0, x0=223465452, x1=402602993
P3, tp=0, ts=0, x0=23766626
P1, tp=0, ts=0, x0=227080788, x1=160877148
P3, tp=0, ts=0, x0=690209791
P0, tp=0, ts=0, x0=382513159
P1, tp=0, ts=0, x0=111882559, x1=934255303
P2, tp=0, ts=0
P3, tp=0, ts=0, x0=472890140
P3, tp=0, ts=0, x0=160877148
P0, tp=0, ts=0, x0=384243421
P2, tp=0, ts=0
P0, tp=0, ts=0, x0=379640782
P2, tp=0, ts=0
P1, tp=0, ts=0, x0=382513159, x1=665429171
P2, tp=0, ts=0
P0, tp=0, ts=0, x0=23766626
P1, tp=0, ts=0, x0=602614663, x1=923042053
P0, tp=0, ts=0, x0=332126636
P3, tp=0, ts=0, x0=533458709
P1, tp=0, ts=0, x0=270630176, x1=270630176
P2, tp=0, ts=0
P2, tp=0, ts=0
P3, tp=0, ts=0, x0=11948039
P2, tp=0, ts=0
P1, tp=0, ts=0, x0=270630176, x1=382513159
P0, tp=0, ts=0, x0=95075313
P1, tp=0, ts=0, x0=2636326, x1=665429171
P1, tp=0, ts=0, x0=665429171, x1=382513159
P0, tp=0, ts=0, x0=205881999
P2, tp=0, ts=0
P1, tp=0, ts=0, x0=205881999, x1=874378746
P2, tp=0, ts=0
P0, tp=0, ts=0, x0=709755030
P0, tp=0, ts=0, x0=36012099
P1, tp=0, ts=0, x0=166829821, x1=332126636
P3, tp=0, ts=0, x0=602083814
P1, tp=0, ts=0, x0=522050903, x1=657015881
P0, tp=0, ts=0, x0=95075313
P3, tp=0, ts=0, x0=492644216
P3, tp=0, ts=0, x0=522050903
P2, tp=0, ts=0
P2, tp=0, ts=0
P1, tp=0, ts=0, x0=782494197, x1=464873326
P2, tp=0, ts=0
P0, tp=0, ts=0, x0=173189939
P0, tp=0, ts=0, x0=382513159
P0, tp=0, ts=0, x0=821078144
P2, tp=0, ts=0
P1, tp=0, ts=0, x0=136297361, x1=583468608
P1, tp=0, ts=0, x0=759439638, x1=2636326
P3, tp=0, ts=0, x0=39682413
P1, tp=0, ts=0, x0=29697140, x1=271306927
P2, tp=0, ts=0
P1, tp=0, ts=0, x0=757769813, x1=136297361
P3, tp=0, ts=0, x0=506123055
P2, tp=0, ts=0
P2, tp=0, ts=0
P1, tp=0, ts=0, x0=28396956, x1=111882559
P2, tp=0, ts=0
P2, tp=0, ts=0
P0, tp=0, ts=0, x0=733508601
P1, tp=0, ts=0, x0=63979174, x1=13974331
P3, tp=0, ts=0, x0=130339082
P2, tp=0, ts=0
P1, tp=0, ts=0, x0=757769813, x1=247196207
P3, tp=0, ts=0, x0=332126636
P1, tp=0, ts=0, x0=543446181, x1=23766626
P0, tp=0, ts=0, x0=661315407
P1, tp=0, ts=0, x0=304804230, x1=617548455
P3, tp=0, ts=0, x0=475362735
P1, tp=0, ts=0, x0=541053556, x1=465808655
P0, tp=0, ts=0, x0=256810040
P2, tp=0, ts=0
P0, tp=0, ts=0, x0=373000334
P1, tp=0, ts=0, x0=506123055, x1=661315407
P1, tp=0, ts=0, x0=686787631, x1=464873326
P2, tp=0, ts=0
P1, tp=0, ts=0, x0=332126636, x1=874378746
P0, tp=0, ts=0, x0=922166512
P0, tp=0, ts=0, x0=33059026
P2, tp=0, ts=0
P0, tp=0, ts=0, x0=111882559
P2, tp=0, ts=0
P1, tp=0, ts=0, x0=13974331, x1=706251356
P0, tp=0, ts=0, x0=759439638
P1, tp=0, ts=0, x0=127300202, x1=846303794
P2, tp=0, ts=0
P1, tp=0, ts=0, x0=361839242, x1=665429171
P3, tp=0, ts=0, x0=384243421
P2, tp=0, ts=0
P0, tp=0, ts=0, x0=472890140
P1, tp=0, ts=0, x0=602083814, x1=598221135
P1, tp=0, ts=0, x0=111882559, x1=541053556
P1, tp=0, ts=0, x0=136297361, x1=63979174
P2, tp=0, ts=0
P1, tp=0, ts=0, x0=642402964, x1=278911495
P2, tp=0, ts=0
P3, tp=0, ts=0, x0=94499641
P2, tp=0, ts=0
P0, tp=0, ts=0, x0=568659236
P0, tp=0, ts=0, x0=13974331
P1, tp=0, ts=0, x0=891823365, x1=36012099
P1, tp=0, ts=0, x0=380302357, x1=403791106
P1, tp=0, ts=0, x0=130339082, x1=987663363
P2, tp=0, ts=0
P0, tp=0, ts=0, x0=465808655
P3, tp=0, ts=0, x0=405965086
P1, tp=0, ts=0, x0=642402964, x1=583468608
P1, tp=0, ts=0, x0=160877148, x1=39682413
P2, tp=0, ts=0
P1, tp=0, ts=0, x0=759439638, x1=63979174
P1, tp=0, ts=0, x0=377301598, x1=369833068
P1, tp=0, ts=0, x0=377301598, x1=403791106
P3, tp=0, ts=0, x0=456228543
P1, tp=0, ts=0, x0=456228543, x1=205881999
P0, tp=0, ts=0, x0=304804230
P1, tp=0, ts=0, x0=278911495, x1=160877148
P2, tp=0, ts=0
P2, tp=0, ts=0
P3, tp=0, ts=0, x0=166829821
P0, tp=0, ts=0, x0=456228543
P1, tp=0, ts=0, x0=39682413, x1=409799247
P0, tp=0, ts=0, x0=5126561
P0, tp=0, ts=0, x0=412471048
P2, tp=0, ts=0
P0, tp=0, ts=0, x0=661315407
P3, tp=0, ts=0, x0=903421800
P0, tp=0, ts=0, x0=405965086
P1, tp=0, ts=0, x0=934255303, x1=369833068
P2, tp=0, ts=0
P2, tp=0, ts=0
P2, tp=0, ts=0
P0, tp=0, ts=0, x0=522050903
P0, tp=0, ts=0, x0=256810040
P1, tp=0, ts=0, x0=757769813, x1=757769813
P1, tp=0, ts=0, x0=254821830, x1=562027764
P0, tp=0, ts=0, x0=598221135
P2, tp=0, ts=0
P3, tp=0, ts=0, x0=456228543
P0, tp=0, ts=0, x0=11948039
P3, tp=0, ts=0, x0=223465452
P0, tp=0, ts=0, x0=987663363
P1, tp=0, ts=0, x0=331266200, x1=562027764
P3, tp=0, ts=0, x0=5126561
P1, tp=1, ts=1, x0=919034261, x1=464873326
P1, tp=1, ts=1, x0=919034261, x1=456228543
P0, tp=1, ts=1, x0=541053556
P2, tp=1, ts=1
P0, tp=1, ts=1, x0=686787631
P0, tp=1, ts=1, x0=522050903
P2, tp=1, ts=1
P0, tp=1, ts=1, x0=733508601
P1, tp=1, ts=1, x0=543446181, x1=774078690
P0, tp=1, ts=1, x0=143318074
P0, tp=1, ts=1, x0=33059026
P0, tp=1, ts=1, x0=127300202
P3, tp=1, ts=1, x0=541053556
P2, tp=1, ts=1
P2, tp=1, ts=1
P2, tp=1, ts=1
P2, tp=1, ts=1
P0, tp=1, ts=1, x0=23766626
P0, tp=1, ts=1, x0=11948039
P1, tp=1, ts=1, x0=923042053, x1=859290031
P1, tp=1, ts=1, x0=919034261, x1=402602993
P2, tp=1, ts=1
P0, tp=1, ts=1, x0=686787631
P2, tp=1, ts=1
P1, tp=1, ts=1, x0=465808655, x1=94499641
P2, tp=1, ts=1
P0, tp=1, ts=1, x0=576391191
P2, tp=1, ts=1
P3, tp=1, ts=1, x0=903421800
P0, tp=1, ts=1, x0=256810040
P1, tp=1, ts=1, x0=405965086, x1=522050903
P0, tp=1, ts=1, x0=874378746
P2, tp=1, ts=1
P2, tp=1, ts=1
P1, tp=1, ts=1, x0=859632277, x1=859632277
P0, tp=1, ts=1, x0=934255303
P1, tp=1, ts=1, x0=304804230, x1=278911495
P3, tp=1, ts=1, x0=934255303
P1, tp=1, ts=1, x0=173189939, x1=617548455
P0, tp=1, ts=1, x0=97401002
P0, tp=1, ts=1, x0=94499641
P3, tp=1, ts=1, x0=377301598
P3, tp=1, ts=1, x0=934255303
P2, tp=1, ts=1
P2, tp=1, ts=1
P0, tp=1, ts=1, x0=380302357
P0, tp=1, ts=1, x0=40777138
P0, tp=1, ts=1, x0=968393584
P0, tp=1, ts=1, x0=402602993
P1, tp=1, ts=1, x0=990406599, x1=287337523
P2, tp=1, ts=1
P3, tp=1, ts=1, x0=733508601
P3, tp=1, ts=1, x0=657015881
P3, tp=1, ts=1, x0=379640782
P1, tp=1, ts=1, x0=33059026, x1=757769813
P0, tp=1, ts=1, x0=874378746
P3, tp=1, ts=1, x0=29697140
P3, tp=1, ts=1, x0=314982384
P1, tp=1, ts=1, x0=990406599, x1=287337523
P0, tp=1, ts=1, x0=859657893
P3, tp=1, ts=1, x0=533458709
P3, tp=1, ts=1, x0=162019438
P2, tp=1, ts=1
P0, tp=1, ts=1, x0=271306927
P1, tp=1, ts=1, x0=97401002, x1=464873326
P3, tp=1, ts=1, x0=402602993
P2, tp=1, ts=1
P1, tp=1, ts=1, x0=223465452, x1=361839242
P0, tp=1, ts=1, x0=576391191
P2, tp=1, ts=1
P1, tp=1, ts=1, x0=94499641, x1=13974331
P3, tp=1, ts=1, x0=522050903
P1, tp=1, ts=1, x0=562027764, x1=39682413
P1, tp=1, ts=1, x0=36419522, x1=598221135
P1, tp=1, ts=1, x0=287337523, x1=472890140
P2, tp=1, ts=1
P3, tp=1, ts=1, x0=522050903
P3, tp=1, ts=1, x0=402602993
P1, tp=1, ts=1, x0=369833068, x1=473237444
P3, tp=1, ts=1, x0=465808655
P3, tp=1, ts=1, x0=39682413
P0, tp=1, ts=1, x0=990406599
P2, tp=1, ts=1
P1, tp=1, ts=1, x0=492644216, x1=130339082
P3, tp=1, ts=1, x0=472890140
P1, tp=1, ts=1, x0=111882559, x1=782494197
P2, tp=1, ts=1
P0, tp=1, ts=1, x0=934255303
P0, tp=1, ts=1, x0=254821830
P3, tp=1, ts=1, x0=923042053
P0, tp=1, ts=1, x0=380302357
P0, tp=1, ts=1, x0=36012099
P0, tp=1, ts=1, x0=919034261
P1, tp=1, ts=1, x0=23766626, x1=331266200
P1, tp=1, ts=1, x0=28396956, x1=733508601
P1, tp=1, ts=1, x0=247196207, x1=380302357
P2, tp=1, ts=1
P0, tp=1, ts=1, x0=65585272
P2, tp=1, ts=1
P0, tp=1, ts=1, x0=223465452
P3, tp=1, ts=1, x0=304804230
P1, tp=1, ts=1, x0=377301598, x1=33059026
P1, tp=1, ts=1, x0=522050903, x1=522050903
P1, tp=1, ts=1, x0=903421800, x1=759439638
P2, tp=1, ts=1
P0, tp=1, ts=1, x0=384243421
P3, tp=1, ts=1, x0=813891785
P1, tp=1, ts=1, x0=166829821, x1=923042053
P3, tp=1, ts=1, x0=412471048
P3, tp=1, ts=1, x0=11948039
P3, tp=1, ts=1, x0=36012099
P2, tp=1, ts=1
P1, tp=1, ts=1, x0=643958897, x1=774078690
P2, tp=1, ts=1
P2, tp=1, ts=1
P2, tp=1, ts=1
P1, tp=1, ts=1, x0=127300202, x1=247196207
P2, tp=1, ts=1
P1, tp=1, ts=1, x0=465808655, x1=173189939
P1, tp=1, ts=1, x0=227080788, x1=774078690
P2, tp=1, ts=1
P3, tp=1, ts=1, x0=475362735
P3, tp=1, ts=1, x0=733508601
P2, tp=1, ts=1
P3, tp=1, ts=1, x0=540011444
P3, tp=1, ts=1, x0=373000334
P1, tp=1, ts=1, x0=832761777, x1=491488954
P3, tp=1, ts=1, x0=604760530
P3, tp=1, ts=1, x0=456228543
P0, tp=1, ts=1, x0=13974331
P1, tp=1, ts=1, x0=543446181, x1=859632277
P0, tp=1, ts=1, x0=832761777
P0, tp=1, ts=1, x0=968393584
P0, tp=1, ts=1, x0=304804230
P0, tp=1, ts=1, x0=690209791
P1, tp=1, ts=1, x0=160877148, x1=247196207
P2, tp=1, ts=1
P2, tp=1, ts=1
P2, tp=1, ts=1
P0, tp=1, ts=1, x0=604760530
P1, tp=1, ts=1, x0=859657893, x1=491488954
P3, tp=1, ts=1, x0=475362735
P0, tp=1, ts=1, x0=813891785
P0, tp=1, ts=1, x0=384243421
P1, tp=1, ts=1, x0=456228543, x1=97401002
P0, tp=1, ts=1, x0=733508601
P1, tp=1, ts=1, x0=832761777, x1=270630176
P3, tp=1, ts=1, x0=331266200
P1, tp=1, ts=1, x0=491488954, x1=378028440
P1, tp=1, ts=1, x0=369833068, x1=836858184
P0, tp=1, ts=1, x0=774078690
P0, tp=1, ts=1, x0=94499641
P2, tp=1, ts=1
P0, tp=1, ts=1, x0=617548455
P1, tp=1, ts=1, x0=247196207, x1=987663363
P3, tp=1, ts=1, x0=173189939
P0, tp=1, ts=1, x0=774078690
P1, tp=1, ts=1, x0=373000334, x1=846303794
P2, tp=1, ts=1
P1, tp=1, ts=1, x0=29697140, x1=859657893
P0, tp=1, ts=1, x0=923042053
P0, tp=1, ts=1, x0=733508601
P0, tp=1, ts=1, x0=256810040
P3, tp=1, ts=1, x0=11948039
P1, tp=1, ts=1, x0=331266200, x1=774078690
P2, tp=1, ts=1
P2, tp=1, ts=1
P0, tp=1, ts=1, x0=254821830
P1, tp=1, ts=1, x0=821078144, x1=402602993
P3, tp=1, ts=1, x0=506123055
P2, tp=1, ts=1
P0, tp=1, ts=1, x0=633153590
P2, tp=1, ts=1
P2, tp=1, ts=1
P0, tp=1, ts=1, x0=690209791
P3, tp=1, ts=1, x0=891823365
P0, tp=1, ts=1, x0=832761777
P3, tp=1, ts=1, x0=11948039
P1, tp=1, ts=1, x0=859657893, x1=472890140
P1, tp=1, ts=1, x0=891823365, x1=633153590
P1, tp=1, ts=1, x0=690209791, x1=733508601
P1, tp=1, ts=1, x0=464873326, x1=804290433
P0, tp=1, ts=1, x0=270630176
P1, tp=1, ts=1, x0=636105593, x1=409799247
P1, tp=1, ts=1, x0=874378746, x1=2636326
P3, tp=1, ts=1, x0=271306927
P1, tp=1, ts=1, x0=367082317, x1=173189939
P3, tp=1, ts=1, x0=923042053
P3, tp=1, ts=1, x0=29697140
P3, tp=1, ts=1, x0=540011444
P3, tp=1, ts=1, x0=475362735
P3, tp=1, ts=1, x0=97401002
P3, tp=1, ts=1, x0=990406599
P3, tp=1, ts=1, x0=757769813
P1, tp=1, ts=1, x0=859632277, x1=223465452
P0, tp=1, ts=1, x0=94499641
P0, tp=1, ts=1, x0=987663363
P0, tp=1, ts=1, x0=373000334
P2, tp=1, ts=1
P3, tp=1, ts=1, x0=475362735
P1, tp=1, ts=1, x0=859290031, x1=223465452
P1, tp=1, ts=1, x0=583468608, x1=402602993
P0, tp=1, ts=1, x0=384243421
P1, tp=1, ts=1, x0=686787631, x1=361839242
P3, tp=1, ts=1, x0=473237444
P1, tp=1, ts=1, x0=655358986, x1=162019438
P3, tp=1, ts=1, x0=934255303
P2, tp=1, ts=1
P1, tp=1, ts=1, x0=846303794, x1=380302357
P2, tp=1, ts=1
P0, tp=1, ts=1, x0=709611043
P1, tp=1, ts=1, x0=859290031, x1=65585272
P1, tp=1, ts=1, x0=36419522, x1=836858184
P0, tp=1, ts=1, x0=657015881
P3, tp=1, ts=1, x0=33059026
P2, tp=1, ts=1
P0, tp=1, ts=1, x0=891823365
P0, tp=1, ts=1, x0=29697140
P0, tp=1, ts=1, x0=130339082
P2, tp=1, ts=1
P1, tp=1, ts=1, x0=568659236, x1=369833068
P2, tp=1, ts=1
P0, tp=1, ts=1, x0=821078144
P2, tp=1, ts=1
P3, tp=1, ts=1, x0=602614663
P2, tp=1, ts=1
P3, tp=1, ts=1, x0=227080788
P1, tp=1, ts=1, x0=405965086, x1=130339082
P0, tp=1, ts=1, x0=380302357
P0, tp=1, ts=1, x0=757769813
P0, tp=1, ts=1, x0=160877148
P1, tp=1, ts=1, x0=987663363, x1=369833068
P3, tp=1, ts=1, x0=205881999
P0, tp=1, ts=1, x0=602614663
P3, tp=1, ts=1, x0=412471048
P1, tp=1, ts=1, x0=759439638, x1=2636326
P1, tp=1, ts=1, x0=472890140, x1=277349066
P2, tp=1, ts=1
P2, tp=1, ts=1
P0, tp=1, ts=1, x0=234108216
P3, tp=1, ts=1, x0=859657893
P2, tp=1, ts=1
P1, tp=1, ts=1, x0=65585272, x1=832761777
P1, tp=1, ts=1, x0=412471048, x1=821078144
P2, tp=1, ts=1
P1, tp=1, ts=1, x0=162019438, x1=162019438
P0, tp=1, ts=1, x0=655358986
P0, tp=1, ts=1, x0=270630176
P3, tp=1, ts=1, x0=135045751
P0, tp=1, ts=1, x0=742926597
P2, tp=1, ts=1
P0, tp=1, ts=1, x0=604760530
P2, tp=1, ts=1
P3, tp=1, ts=1, x0=36419522
P2, tp=1, ts=1
P3, tp=1, ts=1, x0=11948039
P2, tp=1, ts=1
P1, tp=1, ts=1, x0=602614663, x1=369833068
P3, tp=1, ts=1, x0=617548455
P0, tp=1, ts=1, x0=540011444
P3, tp=1, ts=1, x0=617548455
P1, tp=1, ts=1, x0=34216644, x1=655358986
P2, tp=1, ts=1
P3, tp=1, ts=1, x0=968393584
P2, tp=1, ts=1
P3, tp=1, ts=1, x0=281208801
P1, tp=1, ts=1, x0=402602993, x1=757769813
P3, tp=1, ts=1, x0=36012099
P2, tp=1, ts=1
P0, tp=1, ts=1, x0=373000334
P0, tp=1, ts=1, x0=874378746
P0, tp=1, ts=1, x0=874378746
P2, tp=1, ts=1
P0, tp=1, ts=1, x0=934255303
P3, tp=1, ts=1, x0=254821830
P3, tp=1, ts=1, x0=127300202
P0, tp=1, ts=1, x0=2636326
P0, tp=1, ts=1, x0=602614663
P1, tp=1, ts=1, x0=270630176, x1=344296220
P3, tp=1, ts=1, x0=271306927
P1, tp=1, ts=1, x0=270630176, x1=464873326
P2, tp=1, ts=1
P3, tp=1, ts=1, x0=166829821
P1, tp=1, ts=1, x0=540011444, x1=65585272
P1, tp=1, ts=1, x0=832761777, x1=492644216
P1, tp=1, ts=1, x0=39682413, x1=11948039
P1, tp=1, ts=1, x0=540011444, x1=846303794
P2, tp=1, ts=1
P0, tp=1, ts=1, x0=859290031
P2, tp=1, ts=1
P0, tp=1, ts=1, x0=270630176
P3, tp=1, ts=1, x0=595088027
P2, tp=1, ts=1
P2, tp=1, ts=1
P3, tp=1, ts=1, x0=369833068
P0, tp=1, ts=1, x0=28396956
P0, tp=1, ts=1, x0=130339082
P1, tp=1, ts=1, x0=987663363, x1=143318074
P2, tp=1, ts=1
P2, tp=1, ts=1
P0, tp=1, ts=1, x0=712030295
P2, tp=1, ts=1
P3, tp=1, ts=1, x0=846052324
P2, tp=1, ts=1
P3, tp=1, ts=1, x0=832761777
P0, tp=1, ts=1, x0=367082317
P2, tp=1, ts=1
P2, tp=1, ts=1
P1, tp=1, ts=1, x0=39682413, x1=709755030
P2, tp=1, ts=1
P1, tp=1, ts=1, x0=402602993, x1=706251356
P3, tp=1, ts=1, x0=331266200
P0, tp=1, ts=1, x0=475362735
P2, tp=1, ts=1
P3, tp=1, ts=1, x0=39682413
P2, tp=1, ts=1
P1, tp=1, ts=1, x0=33059026, x1=551695068
P2, tp=1, ts=1
P1, tp=1, ts=1, x0=369833068, x1=369833068
P3, tp=1, ts=1, x0=636105593
P2, tp=1, ts=1
P0, tp=1, ts=1, x0=923042053
P2, tp=1, ts=1
P1, tp=1, ts=1, x0=540011444, x1=40777138
P0, tp=1, ts=1, x0=657015881
P1, tp=1, ts=1, x0=804290433, x1=402602993
P0, tp=1, ts=1, x0=742926597
P1, tp=1, ts=1, x0=111882559, x1=247196207
P0, tp=1, ts=1, x0=127300202
P3, tp=1, ts=1, x0=65585272
P0, tp=1, ts=1, x0=891823365
P1, tp=1, ts=1, x0=77867102, x1=836858184
P3, tp=1, ts=1, x0=314982384
P1, tp=1, ts=1, x0=990406599, x1=402602993
P0, tp=1, ts=1, x0=657015881
P3, tp=1, ts=1, x0=464873326
P0, tp=1, ts=1, x0=36419522
P1, tp=1, ts=1, x0=277349066, x1=968393584
P2, tp=1, ts=1
P2, tp=1, ts=1
P2, tp=1, ts=1
P2, tp=1, ts=1
P0, tp=1, ts=1, x0=821078144
P3, tp=1, ts=1, x0=757769813
P0, tp=1, ts=1, x0=65585272
P1, tp=1, ts=1, x0=173189939, x1=36012099
P1, tp=1, ts=1, x0=491488954, x1=344296220
P3, tp=1, ts=1, x0=271306927
P0, tp=1, ts=1, x0=668751128
P3, tp=1, ts=1, x0=636105593
P2, tp=1, ts=1
P1, tp=1, ts=1, x0=865149973, x1=709755030
P0, tp=1, ts=1, x0=36012099
P2, tp=1, ts=1
P1, tp=1, ts=1, x0=657015881, x1=647888196
P3, tp=1, ts=1, x0=759439638
P3, tp=1, ts=1, x0=135045751
P2, tp=1, ts=1
P0, tp=1, ts=1, x0=859632277
P3, tp=1, ts=1, x0=846303794
P2, tp=1, ts=1
P2, tp=1, ts=1
P0, tp=1, ts=1, x0=733508601
P2, tp=1, ts=1
P0, tp=1, ts=1, x0=874378746
P2, tp=1, ts=1
P2, tp=1, ts=1
P1, tp=1, ts=1, x0=968393584, x1=143318074
P1, tp=1, ts=1, x0=34216644, x1=127300202
P1, tp=1, ts=1, x0=308775951, x1=29697140
P1, tp=1, ts=1, x0=832761777, x1=668751128
P3, tp=1, ts=1, x0=568659236
P2, tp=1, ts=1
P3, tp=1, ts=1, x0=604760530
P0, tp=1, ts=1, x0=402602993
P3, tp=1, ts=1, x0=405965086
P2, tp=1, ts=1
P2, tp=1, ts=1
P2, tp=1, ts=1
P3, tp=1, ts=1, x0=865149973
P2, tp=1, ts=1
P0, tp=1, ts=1, x0=712030295
P0, tp=1, ts=1, x0=475362735
P3, tp=1, ts=1, x0=668751128
P1, tp=1, ts=1, x0=36419522, x1=380302357
P3, tp=1, ts=1, x0=97401002
P3, tp=1, ts=1, x0=928169432
P0, tp=1, ts=1, x0=922166512
P1, tp=1, ts=1, x0=990406599, x1=655358986
P0, tp=1, ts=1, x0=130339082
P1, tp=1, ts=1, x0=540211513, x1=127300202
P1, tp=1, ts=1, x0=162019438, x1=706251356
P2, tp=1, ts=1
P0, tp=1, ts=1, x0=690209791
P0, tp=1, ts=1, x0=859290031
P0, tp=1, ts=1, x0=540211513
P0, tp=1, ts=1, x0=34216644
P0, tp=1, ts=1, x0=551695068
P3, tp=1, ts=1, x0=968393584
P1, tp=1, ts=1, x0=709755030, x1=709755030
P1, tp=1, ts=1, x0=919358086, x1=516765512
P2, tp=1, ts=1
P2, tp=1, ts=1
P2, tp=1, ts=1
P0, tp=1, ts=1, x0=742926597
P1, tp=1, ts=1, x0=53293739, x1=706251356
P1, tp=1, ts=1, x0=56996216, x1=922166512
P0, tp=1, ts=1, x0=29697140
P1, tp=1, ts=1, x0=77867102, x1=832761777
P3, tp=1, ts=1, x0=919358086
P3, tp=1, ts=1, x0=657015881
P3, tp=1, ts=1, x0=2636326
P1, tp=1, ts=1, x0=308775951, x1=836858184
P1, tp=1, ts=1, x0=314982384, x1=987663363
P1, tp=1, ts=1, x0=127300202, x1=832761777
P0, tp=1, ts=1, x0=367082317
P1, tp=1, ts=1, x0=636105593, x1=742997661
P2, tp=1, ts=1
P0, tp=1, ts=1, x0=657015881
P3, tp=1, ts=1, x0=163061217
P2, tp=1, ts=1
P1, tp=1, ts=1, x0=919358086, x1=379640782
P0, tp=1, ts=1, x0=922166512
P0, tp=1, ts=1, x0=709755030
P3, tp=1, ts=1, x0=405965086
P0, tp=1, ts=1, x0=595088027
P3, tp=1, ts=1, x0=143318074
P3, tp=1, ts=1, x0=516765512
P0, tp=1, ts=1, x0=859657893
P1, tp=1, ts=1, x0=655358986, x1=40777138
P3, tp=1, ts=1, x0=709755030
P3, tp=1, ts=1, x0=254821830
P1, tp=1, ts=1, x0=742926597, x1=205881999
P1, tp=1, ts=1, x0=846303794, x1=234108216
P0, tp=1, ts=1, x0=223465452
P0, tp=1, ts=1, x0=516765512
P0, tp=1, ts=1, x0=281208801
P0, tp=1, ts=1, x0=968393584
P2, tp=1, ts=1
P2, tp=1, ts=1
P0, tp=1, ts=1, x0=367082317
P3, tp=1, ts=1, x0=308775951
P0, tp=1, ts=1, x0=506123055
P3, tp=1, ts=1, x0=39682413
P0, tp=1, ts=1, x0=361839242
P3, tp=1, ts=1, x0=384243421
P0, tp=1, ts=1, x0=659936786
P1, tp=1, ts=1, x0=709611043, x1=709611043
P2, tp=1, ts=1
P3, tp=1, ts=1, x0=56996216
P2, tp=1, ts=1
P2, tp=1, ts=1
P1, tp=1, ts=1, x0=254821830, x1=405965086
P3, tp=1, ts=1, x0=489159876
P3, tp=1, ts=1, x0=308775951
P3, tp=1, ts=1, x0=642402964
P1, tp=1, ts=1, x0=709611043, x1=619094323
P2, tp=1, ts=1
P3, tp=1, ts=1, x0=271306927
P1, tp=1, ts=1, x0=143318074, x1=36012099
P2, tp=1, ts=1
P3, tp=1, ts=1, x0=668751128
P3, tp=1, ts=1, x0=919358086
P2, tp=1, ts=1
P3, tp=1, ts=1, x0=361839242
P2, tp=1, ts=1
P2, tp=1, ts=1
P2, tp=1, ts=1
P3, tp=1, ts=1, x0=56996216
P1, tp=1, ts=1, x0=369833068, x1=213970894
P0, tp=1, ts=1, x0=62773738
P1, tp=1, ts=1, x0=891823365, x1=859657893
P2, tp=1, ts=1
P0, tp=1, ts=1, x0=277349066
P3, tp=1, ts=1, x0=227066681
P1, tp=1, ts=1, x0=636105593, x1=742997661
P2, tp=1, ts=1
P3, tp=1, ts=1, x0=852937355
P0, tp=1, ts=1, x0=304804230
P1, tp=1, ts=1, x0=331266200, x1=774078690
P2, tp=1, ts=1
P3, tp=1, ts=1, x0=122874324
P2, tp=1, ts=1
P3, tp=1, ts=1, x0=162019438
P1, tp=1, ts=1, x0=270630176, x1=277349066
P0, tp=1, ts=1, x0=647888196
P3, tp=1, ts=1, x0=836858184
P3, tp=1, ts=1, x0=859657893
P3, tp=1, ts=1, x0=378028440
P1, tp=1, ts=1, x0=918172626, x1=499520769
P1, tp=1, ts=1, x0=647888196, x1=804290433
P3, tp=1, ts=1, x0=540211513
P2, tp=1, ts=1
P2, tp=1, ts=1
P1, tp=1, ts=1, x0=633153590, x1=290156642
P2, tp=1, ts=1
P0, tp=1, ts=1, x0=379640782
P3, tp=1, ts=1, x0=516765512
P1, tp=1, ts=1, x0=331266200, x1=373000334
P3, tp=1, ts=1, x0=122874324
P1, tp=1, ts=1, x0=977132019, x1=111882559
P2, tp=1, ts=1
P1, tp=1, ts=1, x0=977132019, x1=914498573
P3, tp=1, ts=1, x0=918172626
P1, tp=1, ts=1, x0=903421800, x1=742997661
P0, tp=1, ts=1, x0=836858184
P2, tp=1, ts=1
P3, tp=1, ts=1, x0=865149973
P1, tp=1, ts=1, x0=668751128, x1=473237444
P0, tp=1, ts=1, x0=709755030
P2, tp=1, ts=1
P3, tp=1, ts=1, x0=97401002
P2, tp=1, ts=1
P0, tp=1, ts=1, x0=903421800
P1, tp=1, ts=1, x0=990406599, x1=774078690
P1, tp=1, ts=1, x0=595088027, x1=65585272
P1, tp=1, ts=1, x0=836858184, x1=636105593
P3, tp=1, ts=1, x0=14884036
P1, tp=1, ts=1, x0=540211513, x1=373000334
P1, tp=1, ts=1, x0=865149973, x1=367082317
P3, tp=1, ts=1, x0=874378746
P0, tp=1, ts=1, x0=874378746
P0, tp=1, ts=1, x0=655358986
P1, tp=1, ts=1, x0=540011444, x1=884519888
P3, tp=1, ts=1, x0=934255303
P2, tp=1, ts=1
P2, tp=1, ts=1
P2, tp=1, ts=1
P2, tp=1, ts=1
P1, tp=1, ts=1, x0=271306927, x1=551695068
P3, tp=1, ts=1, x0=677028439
P0, tp=1, ts=1, x0=205881999
P3, tp=1, ts=1, x0=874378746
P3, tp=1, ts=1, x0=836858184
P0, tp=1, ts=1, x0=619094323
P2, tp=1, ts=1
P0, tp=1, ts=1, x0=227066681
P3, tp=1, ts=1, x0=914498573
P0, tp=1, ts=1, x0=354584926
P0, tp=1, ts=1, x0=361839242
P1, tp=1, ts=1, x0=384243421, x1=213970894
P3, tp=1, ts=1, x0=865149973
P0, tp=1, ts=1, x0=17208794
P3, tp=1, ts=1, x0=402602993
P3, tp=1, ts=1, x0=499919615
P1, tp=1, ts=1, x0=636105593, x1=97401002
P1, tp=1, ts=1, x0=213970894, x1=384243421
P3, tp=1, ts=1, x0=859657893
P0, tp=1, ts=1, x0=234108216
P3, tp=1, ts=1, x0=489159876
P0, tp=1, ts=1, x0=412471048
P1, tp=1, ts=1, x0=922166512, x1=619094323
P2, tp=1, ts=1
P0, tp=1, ts=1, x0=223465452
P2, tp=1, ts=1
P2, tp=1, ts=1
P0, tp=1, ts=1, x0=914498573
P2, tp=1, ts=1
P0, tp=1, ts=1, x0=977132019
P3, tp=1, ts=1, x0=489159876
P0, tp=1, ts=1, x0=804290433
P2, tp=1, ts=1
P2, tp=1, ts=1
P1, tp=1, ts=1, x0=277349066, x1=491488954
P1, tp=1, ts=1, x0=56996216, x1=568659236
P0, tp=1, ts=1, x0=489159876
P1, tp=1, ts=1, x0=14884036, x1=533458709
P2, tp=1, ts=1
P2, tp=1, ts=1
P2, tp=1, ts=1
P0, tp=1, ts=1, x0=223465452
P0, tp=1, ts=1, x0=859657893
P1, tp=1, ts=1, x0=540011444, x1=922166512
P2, tp=1, ts=1
P1, tp=1, ts=1, x0=540011444, x1=918172626
P0, tp=1, ts=1, x0=832761777
P2, tp=1, ts=1
P0, tp=1, ts=1, x0=918172626
P3, tp=1, ts=1, x0=94191527
P2, tp=1, ts=1
P0, tp=1, ts=1, x0=270630176
P3, tp=1, ts=1, x0=331266200
P3, tp=1, ts=1, x0=97401002
P3, tp=1, ts=1, x0=36419522
P1, tp=1, ts=1, x0=533458709, x1=36419522
P1, tp=1, ts=1, x0=402602993, x1=934255303
P3, tp=1, ts=1, x0=290156642
P1, tp=1, ts=1, x0=290156642, x1=712030295
P0, tp=1, ts=1, x0=331266200
P1, tp=1, ts=1, x0=918172626, x1=922166512
P2, tp=1, ts=1
P3, tp=1, ts=1, x0=668751128
P0, tp=1, ts=1, x0=14884036
P0, tp=1, ts=1, x0=281208801
P2, tp=1, ts=1
P2, tp=1, ts=1
P0, tp=1, ts=1, x0=712030295
P3, tp=1, ts=1, x0=712030295
P3, tp=1, ts=1, x0=314982384
P2, tp=1, ts=1
P1, tp=1, ts=1, x0=384243421, x1=369833068
P3, tp=1, ts=1, x0=859290031
P3, tp=1, ts=1, x0=677028439
P2, tp=1, ts=1
P2, tp=1, ts=1
P2, tp=1, ts=1
P2, tp=1, ts=1
P1, tp=1, ts=1, x0=2636326, x1=344296220
P3, tp=1, ts=1, x0=271306927
P3, tp=1, ts=1, x0=733508601
P2, tp=1, ts=1
P0, tp=1, ts=1, x0=293612122
P0, tp=1, ts=1, x0=308775951
P2, tp=1, ts=1
P2, tp=1, ts=1
P1, tp=1, ts=1, x0=712030295, x1=551695068
P1, tp=1, ts=1, x0=934255303, x1=700653903
P1, tp=1, ts=1, x0=234108216, x1=642402964
P2, tp=1, ts=1
P2, tp=1, ts=1
P2, tp=1, ts=1
P2, tp=1, ts=1
P2, tp=1, ts=1
P2, tp=1, ts=1
P2, tp=1, ts=1
P3, tp=1, ts=1, x0=604760530
P3, tp=1, ts=1, x0=53293739
P0, tp=1, ts=1, x0=361839242
P2, tp=1, ts=1
P1, tp=1, ts=1, x0=479058835, x1=852937355
P0, tp=1, ts=1, x0=891823365
P3, tp=1, ts=1, x0=373000334
P1, tp=1, ts=1, x0=491488954, x1=782747705
P0, tp=1, ts=1, x0=287337523
P2, tp=1, ts=1
P0, tp=1, ts=1, x0=308775951
P2, tp=1, ts=1
P3, tp=1, ts=1, x0=62773738
P3, tp=1, ts=1, x0=13974331
P1, tp=1, ts=1, x0=604760530, x1=655924144
P0, tp=1, ts=1, x0=34216644
P2, tp=1, ts=1
P2, tp=1, ts=1
P1, tp=1, ts=1, x0=499919615, x1=271306927
P3, tp=1, ts=1, x0=859657893
P1, tp=1, ts=1, x0=499919615, x1=903421800
P2, tp=1, ts=1
P3, tp=1, ts=1, x0=367062533
P0, tp=1, ts=1, x0=378028440
P2, tp=1, ts=1
P1, tp=1, ts=1, x0=367082317, x1=733508601
P1, tp=1, ts=1, x0=34216644, x1=34216644
P3, tp=1, ts=1, x0=903421800
P0, tp=1, ts=1, x0=859657893
P3, tp=1, ts=1, x0=34216644
P3, tp=1, ts=1, x0=94191527
P3, tp=1, ts=1, x0=77867102
P3, tp=1, ts=1, x0=836858184
P2, tp=1, ts=1
P2, tp=1, ts=1
P3, tp=1, ts=1, x0=524049753
P3, tp=1, ts=1, x0=524049753
P2, tp=1, ts=1
P1, tp=1, ts=1, x0=354584926, x1=709611043
P2, tp=1, ts=1
P3, tp=1, ts=1, x0=499520769
P1, tp=1, ts=1, x0=742997661, x1=127300202
P2, tp=1, ts=1
P2, tp=1, ts=1
P3, tp=1, ts=1, x0=205881999
P0, tp=1, ts=1, x0=271306927
P0, tp=1, ts=1, x0=234108216
P2, tp=1, ts=1
P2, tp=1, ts=1
P1, tp=1, ts=1, x0=207965030, x1=633153590
P3, tp=1, ts=1, x0=733508601
P2, tp=1, ts=1
P1, tp=1, ts=1, x0=367062533, x1=551695068
P3, tp=1, ts=1, x0=382459427
P2, tp=1, ts=1
P1, tp=1, ts=1, x0=473237444, x1=227066681
P3, tp=1, ts=1, x0=633153590
P0, tp=1, ts=1, x0=524049753
P0, tp=1, ts=1, x0=859657893
P1, tp=1, ts=1, x0=709611043, x1=367062533
P0, tp=1, ts=1, x0=287337523
P1, tp=1, ts=1, x0=17208794, x1=540211513
P2, tp=1, ts=1
P2, tp=1, ts=1
P2, tp=1, ts=1
P2, tp=1, ts=1
P1, tp=1, ts=1, x0=223465452, x1=976062358
P1, tp=1, ts=1, x0=852937355, x1=207965030
P2, tp=1, ts=1
P3, tp=1, ts=1, x0=690209791
P0, tp=1, ts=1, x0=552009898
P2, tp=1, ts=1
P1, tp=1, ts=1, x0=884519888, x1=361839242
P0, tp=1, ts=1, x0=483212117
P0, tp=1, ts=1, x0=659936786
P1, tp=1, ts=1, x0=918172626, x1=163061217
P0, tp=1, ts=1, x0=449778620
P1, tp=1, ts=1, x0=655924144, x1=17208794
P3, tp=1, ts=1, x0=205881999
P1, tp=1, ts=1, x0=494963617, x1=402602993
P3, tp=1, ts=1, x0=331266200
P0, tp=1, ts=1, x0=714681178
P3, tp=1, ts=1, x0=369252188
P1, tp=1, ts=1, x0=494963617, x1=647888196
P3, tp=1, ts=1, x0=700653903
P2, tp=1, ts=1
P2, tp=1, ts=1
P3, tp=1, ts=1, x0=700653903
P0, tp=1, ts=1, x0=903421800
P2, tp=1, ts=1
P2, tp=1, ts=1
P1, tp=1, ts=1, x0=846052324, x1=540011444
P0, tp=1, ts=1, x0=733508601
P1, tp=1, ts=1, x0=655358986, x1=852937355
P0, tp=1, ts=1, x0=210400692
P1, tp=1, ts=1, x0=17208794, x1=213970894
P1, tp=1, ts=1, x0=688675544, x1=210400692
P3, tp=1, ts=1, x0=914498573
P0, tp=1, ts=1, x0=540211513
P2, tp=1, ts=1
P0, tp=1, ts=1, x0=677028439
P3, tp=1, ts=1, x0=934255303
P2, tp=1, ts=1
P0, tp=1, ts=1, x0=379640782
P2, tp=1, ts=1
P2, tp=1, ts=1
P1, tp=1, ts=1, x0=229332431, x1=919358086
P0, tp=1, ts=1, x0=709611043
P0, tp=1, ts=1, x0=903421800
P3, tp=1, ts=1, x0=742926597
P2, tp=1, ts=1
P3, tp=1, ts=1, x0=163061217
P2, tp=1, ts=1
P3, tp=1, ts=1, x0=934255303
P0, tp=1, ts=1, x0=516765512
P2, tp=1, ts=1
P3, tp=1, ts=1, x0=234108216
P1, tp=1, ts=1, x0=742926597, x1=836858184
P0, tp=1, ts=1, x0=36419522
P1, tp=1, ts=1, x0=223465452, x1=373000334
P2, tp=1, ts=1
P1, tp=1, ts=1, x0=77867102, x1=642402964
P2, tp=1, ts=1
P2, tp=1, ts=1
P3, tp=1, ts=1, x0=473237444
P0, tp=1, ts=1, x0=489159876
P0, tp=1, ts=1, x0=836858184
P1, tp=1, ts=1, x0=229332431, x1=804290433
P2, tp=1, ts=1
P3, tp=1, ts=1, x0=990406599
P1, tp=1, ts=1, x0=405965086, x1=918172626
P1, tp=1, ts=1, x0=62773738, x1=447033727
P2, tp=1, ts=1
P0, tp=1, ts=1, x0=379640782
P0, tp=1, ts=1, x0=709611043
P3, tp=1, ts=1, x0=636105593
P3, tp=1, ts=1, x0=449778620
P3, tp=1, ts=1, x0=94191527
P3, tp=1, ts=1, x0=531025210
P2, tp=1, ts=1
P1, tp=1, ts=1, x0=709611043, x1=210400692
P3, tp=1, ts=1, x0=774078690
P0, tp=1, ts=1, x0=494963617
P2, tp=1, ts=1
P2, tp=1, ts=1
P2, tp=1, ts=1
P0, tp=1, ts=1, x0=642402964
P0, tp=1, ts=1, x0=361839242
P3, tp=1, ts=1, x0=688675544
P1, tp=1, ts=1, x0=714681178, x1=852937355
P2, tp=1, ts=1
P3, tp=1, ts=1, x0=524049753
P3, tp=1, ts=1, x0=633153590
P3, tp=1, ts=1, x0=77867102
P2, tp=1, ts=1
P0, tp=1, ts=1, x0=552009898
P3, tp=1, ts=1, x0=977132019
P1, tp=1, ts=1, x0=804290433, x1=690209791
P2, tp=1, ts=1
P0, tp=1, ts=1, x0=846052324
P0, tp=1, ts=1, x0=709611043
P0, tp=1, ts=1, x0=14884036
P3, tp=1, ts=1, x0=633153590
P2, tp=1, ts=1
P0, tp=1, ts=1, x0=369252188
P0, tp=1, ts=1, x0=277349066
P2, tp=1, ts=1
P2, tp=1, ts=1
P2, tp=1, ts=1
P1, tp=1, ts=1, x0=163061217, x1=524049753
P0, tp=1, ts=1, x0=552009898
P2, tp=1, ts=1
P1, tp=1, ts=1, x0=540011444, x1=852937355
P1, tp=1, ts=1, x0=836858184, x1=62773738
P3, tp=1, ts=1, x0=821078144
P3, tp=1, ts=1, x0=405965086
P2, tp=1, ts=1
P2, tp=1, ts=1
P0, tp=1, ts=1, x0=489159876
P1, tp=1, ts=1, x0=11948039, x1=223465452
P3, tp=1, ts=1, x0=369252188
P3, tp=1, ts=1, x0=655358986
P2, tp=1, ts=1
P0, tp=1, ts=1, x0=977132019
P0, tp=1, ts=1, x0=62773738
P2, tp=1, ts=1
P3, tp=1, ts=1, x0=987663363
P2, tp=1, ts=1
P0, tp=1, ts=1, x0=499919615
P3, tp=1, ts=1, x0=163061217
P0, tp=1, ts=1, x0=308775951
P0, tp=1, ts=1, x0=655358986
P2, tp=1, ts=1
P0, tp=1, ts=1, x0=163061217
P1, tp=1, ts=1, x0=344296220, x1=919358086
P1, tp=1, ts=1, x0=331266200, x1=367082317
P0, tp=1, ts=1, x0=224034088
P3, tp=1, ts=1, x0=934255303
P3, tp=1, ts=1, x0=293612122
P1, tp=1, ts=1, x0=314982384, x1=53293739
P2, tp=1, ts=1
P2, tp=1, ts=1
P1, tp=1, ts=1, x0=499520769, x1=378028440
P0, tp=1, ts=1, x0=859657893
P0, tp=1, ts=1, x0=859657893
P3, tp=1, ts=1, x0=293612122
P1, tp=1, ts=1, x0=742926597, x1=290156642
P3, tp=1, ts=1, x0=934255303
P3, tp=1, ts=1, x0=354584926
P2, tp=1, ts=1
P3, tp=1, ts=1, x0=886151951
P2, tp=1, ts=1
P1, tp=1, ts=1, x0=813149273, x1=884519888
P2, tp=1, ts=1
P2, tp=1, ts=1
P3, tp=1, ts=1, x0=213970894
P2, tp=1, ts=1
P1, tp=1, ts=1, x0=405965086, x1=405965086
P0, tp=1, ts=1, x0=491488954
P2, tp=1, ts=1
P1, tp=1, ts=1, x0=813149273, x1=494963617
P1, tp=1, ts=1, x0=516765512, x1=344296220
P2, tp=1, ts=1
P2, tp=1, ts=1
P3, tp=1, ts=1, x0=224034088
P1, tp=1, ts=1, x0=29697140, x1=449778620
P3, tp=1, ts=1, x0=714681178
P2, tp=1, ts=1
P0, tp=1, ts=1, x0=688675544
P1, tp=1, ts=1, x0=714681178, x1=914498573
P2, tp=1, ts=1
P0, tp=1, ts=1, x0=224034088
P2, tp=1, ts=1
P2, tp=1, ts=1
P3, tp=1, ts=1, x0=636105593
P1, tp=1, ts=1, x0=633153590, x1=852937355
P0, tp=1, ts=1, x0=210400692
P3, tp=1, ts=1, x0=836858184
P0, tp=1, ts=1, x0=367082317
P2, tp=1, ts=1
P3, tp=1, ts=1, x0=410379847
P2, tp=1, ts=1
P3, tp=1, ts=1, x0=369833068
P1, tp=1, ts=1, x0=742997661, x1=852937355
P3, tp=1, ts=1, x0=483212117
P0, tp=1, ts=1, x0=62773738
P2, tp=1, ts=1
P0, tp=1, ts=1, x0=934255303
P2, tp=1, ts=1
P0, tp=1, ts=1, x0=281208801
P1, tp=1, ts=1, x0=852937355, x1=619094323
P2, tp=1, ts=1
P0, tp=1, ts=1, x0=207965030
P0, tp=1, ts=1, x0=53293739
P2, tp=1, ts=1
P1, tp=1, ts=1, x0=919358086, x1=369252188
P1, tp=1, ts=1, x0=56996216, x1=636105593
P3, tp=1, ts=1, x0=412471048
P1, tp=1, ts=1, x0=633153590, x1=449778620
P0, tp=1, ts=1, x0=361839242
P1, tp=1, ts=1, x0=919358086, x1=56996216
P0, tp=1, ts=1, x0=369252188
P0, tp=1, ts=1, x0=447033727
P1, tp=1, ts=1, x0=919358086, x1=111882559
P3, tp=1, ts=1, x0=410379847
P2, tp=1, ts=1
P3, tp=1, ts=1, x0=77867102
P1, tp=1, ts=1, x0=835151261, x1=354584926
P0, tp=1, ts=1, x0=35347792
P1, tp=1, ts=1, x0=449778620, x1=518614260
P3, tp=1, ts=1, x0=234108216
P2, tp=1, ts=1
P3, tp=1, ts=1, x0=914498573
P3, tp=1, ts=1, x0=813149273
P1, tp=1, ts=1, x0=77867102, x1=655924144
P2, tp=1, ts=1
P3, tp=1, ts=1, x0=836858184
P1, tp=1, ts=1, x0=483212117, x1=56996216
P0, tp=1, ts=1, x0=143318074
P0, tp=1, ts=1, x0=378028440
P2, tp=1, ts=1
P0, tp=1, ts=1, x0=163061217
P3, tp=1, ts=1, x0=836162962
P2, tp=1, ts=1
P2, tp=1, ts=1
P3, tp=1, ts=1, x0=354584926
P3, tp=1, ts=1, x0=712030295
P3, tp=1, ts=1, x0=774078690
P2, tp=1, ts=1
P3, tp=1, ts=1, x0=210400692
P2, tp=1, ts=1
P0, tp=1, ts=1, x0=290156642
P0, tp=1, ts=1, x0=524318503
P0, tp=1, ts=1, x0=590015275
P1, tp=1, ts=1, x0=918172626, x1=660157434
P2, tp=1, ts=1
P1, tp=1, ts=1, x0=447033727, x1=77867102
P2, tp=1, ts=1
P3, tp=1, ts=1, x0=489159876
P0, tp=1, ts=1, x0=804290433
P3, tp=1, ts=1, x0=281208801
P0, tp=1, ts=1, x0=659936786
P1, tp=1, ts=1, x0=499520769, x1=29697140
P3, tp=1, ts=1, x0=852937355
P2, tp=1, ts=1
P2, tp=1, ts=1
P1, tp=1, ts=1, x0=524318503, x1=636105593
P1, tp=1, ts=1, x0=489159876, x1=865149973
P2, tp=1, ts=1
P1, tp=1, ts=1, x0=570655941, x1=516765512
P0, tp=1, ts=1, x0=277349066
P0, tp=1, ts=1, x0=77867102
P2, tp=1, ts=1
P0, tp=1, ts=1, x0=636105593
P2, tp=1, ts=1
P3, tp=1, ts=1, x0=709611043
P1, tp=1, ts=1, x0=308775951, x1=29697140
P3, tp=1, ts=1, x0=97401002
P2, tp=1, ts=1
P0, tp=1, ts=1, x0=367062533
P0, tp=1, ts=1, x0=919358086
P1, tp=1, ts=1, x0=804290433, x1=540211513
P2, tp=1, ts=1
P2, tp=1, ts=1
P3, tp=1, ts=1, x0=859657893
P3, tp=1, ts=1, x0=367062533
P0, tp=1, ts=1, x0=224034088
P0, tp=1, ts=1, x0=712030295
P2, tp=1, ts=1
P3, tp=1, ts=1, x0=516765512
P1, tp=1, ts=1, x0=35347792, x1=11948039
P3, tp=1, ts=1, x0=412471048
P1, tp=1, ts=1, x0=405965086, x1=405965086
P3, tp=1, ts=1, x0=143318074
P0, tp=1, ts=1, x0=224034088
P0, tp=1, ts=1, x0=700653903
P1, tp=1, ts=1, x0=369252188, x1=97401002
P0, tp=1, ts=1, x0=97401002
P0, tp=1, ts=1, x0=207965030
P0, tp=1, ts=1, x0=447033727
P3, tp=1, ts=1, x0=94191527
P3, tp=1, ts=1, x0=111882559
P0, tp=1, ts=1, x0=432227463
P1, tp=1, ts=1, x0=499919615, x1=35347792
P1, tp=1, ts=1, x0=489159876, x1=976062358
P0, tp=1, ts=1, x0=308775951
P3, tp=1, ts=1, x0=886151951
P0, tp=1, ts=1, x0=249717375
P1, tp=1, ts=1, x0=852937355, x1=34216644
P2, tp=1, ts=1
P2, tp=1, ts=1
P1, tp=1, ts=1, x0=210400692, x1=660157434
P3, tp=1, ts=1, x0=17208794
P3, tp=1, ts=1, x0=816192593
P1, tp=1, ts=1, x0=677028439, x1=224034088
P2, tp=1, ts=1
P1, tp=1, ts=1, x0=314982384, x1=143318074
P0, tp=1, ts=1, x0=619094323
P2, tp=1, ts=1
P0, tp=1, ts=1, x0=590015275
P3, tp=1, ts=1, x0=919358086
P3, tp=1, ts=1, x0=903421800
P0, tp=1, ts=1, x0=17208794
P1, tp=1, ts=1, x0=633153590, x1=836162962
P0, tp=1, ts=1, x0=518614260
P0, tp=1, ts=1, x0=884519888
P1, tp=1, ts=1, x0=642402964, x1=655924144
P2, tp=1, ts=1
P0, tp=1, ts=1, x0=229332431
P1, tp=1, ts=1, x0=976062358, x1=742926597
P3, tp=1, ts=1, x0=308775951
P2, tp=1, ts=1
P2, tp=1, ts=1
P2, tp=1, ts=1
P0, tp=1, ts=1, x0=636105593
P3, tp=2, ts=2, x0=97401002
P3, tp=2, ts=2, x0=227066681
P0, tp=2, ts=2, x0=378028440
P2, tp=2, ts=2
P0, tp=2, ts=2, x0=369833068
P3, tp=2, ts=2, x0=813149273
P0, tp=2, ts=2, x0=405965086
P2, tp=2, ts=2
P0, tp=2, ts=2, x0=449778620
P1, tp=2, ts=2, x0=636105593, x1=210400692
P2, tp=2, ts=2
P3, tp=2, ts=2, x0=774078690
P2, tp=2, ts=2
P0, tp=2, ts=2, x0=660157434
P2, tp=2, ts=2
P2, tp=2, ts=2
P2, tp=2, ts=2
P3, tp=2, ts=2, x0=587814251
P1, tp=2, ts=2, x0=852937355, x1=442194634
P1, tp=2, ts=2, x0=447033727, x1=524049753
P2, tp=2, ts=2
P2, tp=2, ts=2
P2, tp=2, ts=2
P2, tp=2, ts=2
P1, tp=2, ts=2, x0=288896971, x1=442194634
P1, tp=2, ts=2, x0=62773738, x1=234108216
P3, tp=2, ts=2, x0=668751128
P3, tp=2, ts=2, x0=229332431
P0, tp=2, ts=2, x0=369833068
P0, tp=2, ts=2, x0=234108216
P0, tp=2, ts=2, x0=242232605
P2, tp=2, ts=2
P2, tp=2, ts=2
P3, tp=2, ts=2, x0=447033727
P2, tp=2, ts=2
P2, tp=2, ts=2
P2, tp=2, ts=2
P0, tp=2, ts=2, x0=668751128
P0, tp=2, ts=2, x0=677028439
P2, tp=2, ts=2
P1, tp=2, ts=2, x0=551695068, x1=700653903
P0, tp=2, ts=2, x0=94191527
P1, tp=2, ts=2, x0=77867102, x1=540011444
P1, tp=2, ts=2, x0=281208801, x1=836858184
P3, tp=2, ts=2, x0=865149973
P3, tp=2, ts=2, x0=560240386
P3, tp=2, ts=2, x0=521237446
P2, tp=2, ts=2
P2, tp=2, ts=2
P3, tp=2, ts=2, x0=540211513
P2, tp=2, ts=2
P1, tp=2, ts=2, x0=483212117, x1=410379847
P1, tp=2, ts=2, x0=367062533, x1=442194634
P2, tp=2, ts=2
P1, tp=2, ts=2, x0=56996216, x1=56996216
P0, tp=2, ts=2, x0=540011444
P0, tp=2, ts=2, x0=750970743
P3, tp=2, ts=2, x0=531025210
P2, tp=2, ts=2
P0, tp=2, ts=2, x0=742926597
P3, tp=2, ts=2, x0=709611043
P1, tp=2, ts=2, x0=647888196, x1=375036726
P3, tp=2, ts=2, x0=714681178
P1, tp=2, ts=2, x0=234108216, x1=809014425
P3, tp=2, ts=2, x0=660157434
P2, tp=2, ts=2
P0, tp=2, ts=2, x0=281208801
P1, tp=2, ts=2, x0=551695068, x1=234108216
P1, tp=2, ts=2, x0=712030295, x1=836858184
P3, tp=2, ts=2, x0=914498573
P3, tp=2, ts=2, x0=499919615
P2, tp=2, ts=2
P3, tp=2, ts=2, x0=435046155
P3, tp=2, ts=2, x0=242232605
P3, tp=2, ts=2, x0=449778620
P0, tp=2, ts=2, x0=229332431
P0, tp=2, ts=2, x0=499919615
P2, tp=2, ts=2
P2, tp=2, ts=2
P0, tp=2, ts=2, x0=633153590
P3, tp=2, ts=2, x0=570655941
P3, tp=2, ts=2, x0=449967910
P2, tp=2, ts=2
P3, tp=2, ts=2, x0=633153590
P3, tp=2, ts=2, x0=543992888
P0, tp=2, ts=2, x0=354584926
P1, tp=2, ts=2, x0=636105593, x1=836162962
P2, tp=2, ts=2
P2, tp=2, ts=2
P0, tp=2, ts=2, x0=229602374
P3, tp=2, ts=2, x0=94191527
P1, tp=2, ts=2, x0=133795120, x1=57919239
P1, tp=2, ts=2, x0=281208801, x1=300874371
P1, tp=2, ts=2, x0=14884036, x1=34216644
P0, tp=2, ts=2, x0=447033727
P3, tp=2, ts=2, x0=449967910
P0, tp=2, ts=2, x0=308775951
P1, tp=2, ts=2, x0=375036726, x1=210400692
P0, tp=2, ts=2, x0=918172626
P1, tp=2, ts=2, x0=809014425, x1=660157434
P0, tp=2, ts=2, x0=369252188
P2, tp=2, ts=2
P3, tp=2, ts=2, x0=242232605
P2, tp=2, ts=2
P1, tp=2, ts=2, x0=432227463, x1=836858184
P1, tp=2, ts=2, x0=449778620, x1=367062533
P0, tp=2, ts=2, x0=234108216
P1, tp=2, ts=2, x0=293612122, x1=655924144
P0, tp=2, ts=2, x0=809014425
P1, tp=2, ts=2, x0=932777661, x1=633153590
P1, tp=2, ts=2, x0=17208794, x1=846052324
P2, tp=2, ts=2
P0, tp=2, ts=2, x0=835151261
P3, tp=2, ts=2, x0=516765512
P3, tp=2, ts=2, x0=540211513
P0, tp=2, ts=2, x0=449778620
P1, tp=2, ts=2, x0=709611043, x1=62773738
P2, tp=2, ts=2
P2, tp=2, ts=2
P3, tp=2, ts=2, x0=655358986
P3, tp=2, ts=2, x0=884519888
P3, tp=2, ts=2, x0=524318503
P0, tp=2, ts=2, x0=919358086
P0, tp=2, ts=2, x0=809014425
P3, tp=2, ts=2, x0=425279847
P3, tp=2, ts=2, x0=846052324
P2, tp=2, ts=2
P1, tp=2, ts=2, x0=846052324, x1=375036726
P1, tp=2, ts=2, x0=442194634, x1=540211513
P1, tp=2, ts=2, x0=290156642, x1=17208794
P2, tp=2, ts=2
P1, tp=2, ts=2, x0=516765512, x1=350135839
P0, tp=2, ts=2, x0=655358986
P2, tp=2, ts=2
P2, tp=2, ts=2
P3, tp=2, ts=2, x0=918172626
P1, tp=2, ts=2, x0=449778620, x1=914498573
P3, tp=2, ts=2, x0=425279847
P3, tp=2, ts=2, x0=809014425
P0, tp=2, ts=2, x0=344296220
P3, tp=2, ts=2, x0=234108216
P2, tp=2, ts=2
P0, tp=2, ts=2, x0=207965030
P2, tp=2, ts=2
P0, tp=2, ts=2, x0=809014425
P3, tp=2, ts=2, x0=587814251
P0, tp=2, ts=2, x0=712030295
P0, tp=2, ts=2, x0=977132019
P1, tp=2, ts=2, x0=524049753, x1=677028439
P0, tp=2, ts=2, x0=350135839
P3, tp=2, ts=2, x0=57919239
P3, tp=2, ts=2, x0=551695068
P3, tp=2, ts=2, x0=308775951
P0, tp=2, ts=2, x0=34216644
P2, tp=2, ts=2
P0, tp=2, ts=2, x0=551695068
P0, tp=2, ts=2, x0=977132019
P2, tp=2, ts=2
P3, tp=2, ts=2, x0=210400692
P3, tp=2, ts=2, x0=677028439
P2, tp=2, ts=2
P1, tp=2, ts=2, x0=472517426, x1=224034088
P0, tp=2, ts=2, x0=499919615
P0, tp=2, ts=2, x0=686188530
P3, tp=2, ts=2, x0=511362766
P2, tp=2, ts=2
P2, tp=2, ts=2
P1, tp=2, ts=2, x0=62773738, x1=555530616
P2, tp=2, ts=2
P0, tp=2, ts=2, x0=570655941
P0, tp=2, ts=2, x0=367062533
P2, tp=2, ts=2
P2, tp=2, ts=2
P0, tp=2, ts=2, x0=277349066
P0, tp=2, ts=2, x0=668751128
P1, tp=2, ts=2, x0=281208801, x1=308775951
P3, tp=2, ts=2, x0=229332431
P1, tp=2, ts=2, x0=518614260, x1=34216644
P0, tp=2, ts=2, x0=382459427
P2, tp=2, ts=2
P2, tp=2, ts=2
P1, tp=2, ts=2, x0=133795120, x1=918172626
P2, tp=2, ts=2
P0, tp=2, ts=2, x0=57919239
P3, tp=2, ts=2, x0=210400692
P1, tp=2, ts=2, x0=816192593, x1=590015275
P1, tp=2, ts=2, x0=442194634, x1=43353433
P1, tp=2, ts=2, x0=587814251, x1=714681178
P3, tp=2, ts=2, x0=410379847
P1, tp=2, ts=2, x0=813149273, x1=590015275
P0, tp=2, ts=2, x0=350135839
P1, tp=2, ts=2, x0=242232605, x1=17208794
P0, tp=2, ts=2, x0=249717375
P3, tp=2, ts=2, x0=788343862
P0, tp=2, ts=2, x0=714681178
P1, tp=2, ts=2, x0=359782881, x1=308775951
P1, tp=2, ts=2, x0=540211513, x1=432227463
P2, tp=2, ts=2
P3, tp=2, ts=2, x0=714681178
P2, tp=2, ts=2
P2, tp=2, ts=2
P2, tp=2, ts=2
P2, tp=2, ts=2
P0, tp=2, ts=2, x0=555530616
P0, tp=2, ts=2, x0=511362766
P0, tp=2, ts=2, x0=570655941
P2, tp=2, ts=2
P2, tp=2, ts=2
P0, tp=2, ts=2, x0=700653903
P0, tp=2, ts=2, x0=521237446
P0, tp=2, ts=2, x0=540211513
P2, tp=2, ts=2
P1, tp=2, ts=2, x0=521237446, x1=518614260
P1, tp=2, ts=2, x0=447033727, x1=659936786
P1, tp=2, ts=2, x0=94191527, x1=163061217
P2, tp=2, ts=2
P2, tp=2, ts=2
P1, tp=2, ts=2, x0=163061217, x1=977132019
P0, tp=2, ts=2, x0=800505611
P3, tp=2, ts=2, x0=677028439
P0, tp=2, ts=2, x0=210400692
P0, tp=2, ts=2, x0=835151261
P3, tp=2, ts=2, x0=62773738
P1, tp=2, ts=2, x0=551695068, x1=367062533
P3, tp=2, ts=2, x0=587814251
P0, tp=2, ts=2, x0=590015275
P2, tp=2, ts=2
P2, tp=2, ts=2
P3, tp=2, ts=2, x0=668751128
P0, tp=2, ts=2, x0=375036726
P3, tp=2, ts=2, x0=800699294
P0, tp=2, ts=2, x0=948624636
P1, tp=2, ts=2, x0=543992888, x1=77867102
P0, tp=2, ts=2, x0=518614260
P2, tp=2, ts=2
P0, tp=2, ts=2, x0=570655941
P3, tp=2, ts=2, x0=590015275
P3, tp=2, ts=2, x0=555530616
P3, tp=2, ts=2, x0=886151951
P1, tp=2, ts=2, x0=443552734, x1=809014425
P2, tp=2, ts=2
P0, tp=2, ts=2, x0=354584926
P1, tp=2, ts=2, x0=410379847, x1=688675544
P1, tp=2, ts=2, x0=560240386, x1=293612122
P2, tp=2, ts=2
P1, tp=2, ts=2, x0=432227463, x1=210400692
P2, tp=2, ts=2
P1, tp=2, ts=2, x0=918172626, x1=229332431
P3, tp=2, ts=2, x0=373298134
P1, tp=2, ts=2, x0=587814251, x1=852937355
P2, tp=2, ts=2
P3, tp=2, ts=2, x0=499919615
P1, tp=2, ts=2, x0=948624636, x1=562062224
P0, tp=2, ts=2, x0=213970894
P0, tp=2, ts=2, x0=884519888
P3, tp=2, ts=2, x0=288896971
P3, tp=2, ts=2, x0=58472454
P3, tp=2, ts=2, x0=293612122
P0, tp=2, ts=2, x0=977132019
P3, tp=2, ts=2, x0=53293739
P3, tp=2, ts=2, x0=788343862
P3, tp=2, ts=2, x0=373298134
P2, tp=2, ts=2
P1, tp=2, ts=2, x0=447033727, x1=249717375
P1, tp=2, ts=2, x0=800699294, x1=531025210
P2, tp=2, ts=2
P3, tp=2, ts=2, x0=884519888
P1, tp=2, ts=2, x0=207965030, x1=133795120
P3, tp=2, ts=2, x0=919358086
P2, tp=2, ts=2
P0, tp=2, ts=2, x0=375036726
P1, tp=2, ts=2, x0=562062224, x1=443552734
P2, tp=2, ts=2
P3, tp=2, ts=2, x0=659936786
P3, tp=2, ts=2, x0=659936786
P3, tp=2, ts=2, x0=660157434
P3, tp=2, ts=2, x0=668751128
P3, tp=2, ts=2, x0=489159876
P0, tp=2, ts=2, x0=313000855
P1, tp=2, ts=2, x0=750970743, x1=688675544
P3, tp=2, ts=2, x0=715723205
P2, tp=2, ts=2
P1, tp=2, ts=2, x0=809014425, x1=750970743
P0, tp=2, ts=2, x0=382459427
P1, tp=2, ts=2, x0=552009898, x1=94191527
P1, tp=2, ts=2, x0=359782881, x1=153064521
P2, tp=2, ts=2
P2, tp=2, ts=2
P0, tp=2, ts=2, x0=521237446
P1, tp=2, ts=2, x0=809014425, x1=686188530
P0, tp=2, ts=2, x0=976062358
P3, tp=2, ts=2, x0=570655941
P3, tp=2, ts=2, x0=919358086
P3, tp=2, ts=2, x0=587814251
P1, tp=2, ts=2, x0=531025210, x1=290156642
P1, tp=2, ts=2, x0=688675544, x1=410379847
P1, tp=2, ts=2, x0=56996216, x1=133795120
P1, tp=2, ts=2, x0=122874324, x1=210400692
P0, tp=2, ts=2, x0=249717375
P3, tp=2, ts=2, x0=886151951
P1, tp=2, ts=2, x0=976062358, x1=835151261
P3, tp=2, ts=2, x0=788343862
P1, tp=2, ts=2, x0=524318503, x1=449967910
P1, tp=2, ts=2, x0=43353433, x1=499520769
P3, tp=2, ts=2, x0=499919615
P2, tp=2, ts=2
P2, tp=2, ts=2
P1, tp=2, ts=2, x0=288896971, x1=928016206
P3, tp=2, ts=2, x0=153064521
P3, tp=2, ts=2, x0=14884036
P0, tp=2, ts=2, x0=224034088
P2, tp=2, ts=2
P2, tp=2, ts=2
P0, tp=2, ts=2, x0=43353433
P3, tp=2, ts=2, x0=122874324
P0, tp=2, ts=2, x0=57919239
P0, tp=2, ts=2, x0=207965030
P1, tp=2, ts=2, x0=511362766, x1=782747705
P2, tp=2, ts=2
P2, tp=2, ts=2
P0, tp=2, ts=2, x0=28123380
P3, tp=2, ts=2, x0=17208794
P1, tp=2, ts=2, x0=543992888, x1=677028439
P0, tp=2, ts=2, x0=587814251
P0, tp=2, ts=2, x0=369252188
P0, tp=2, ts=2, x0=524049753
P0, tp=2, ts=2, x0=813149273
P0, tp=2, ts=2, x0=977132019
P1, tp=2, ts=2, x0=229602374, x1=354584926
P2, tp=2, ts=2
P1, tp=2, ts=2, x0=483212117, x1=714681178
P0, tp=2, ts=2, x0=472517426
P3, tp=2, ts=2, x0=229332431
P0, tp=2, ts=2, x0=359782881
P2, tp=2, ts=2
P0, tp=2, ts=2, x0=516765512
P0, tp=2, ts=2, x0=688675544
P0, tp=2, ts=2, x0=442194634
P2, tp=2, ts=2
P3, tp=2, ts=2, x0=531025210
P1, tp=2, ts=2, x0=836162962, x1=531025210
P0, tp=2, ts=2, x0=686188530
P0, tp=2, ts=2, x0=53293739
P2, tp=2, ts=2
P0, tp=2, ts=2, x0=511362766
P0, tp=2, ts=2, x0=750970743
P0, tp=2, ts=2, x0=886151951
P2, tp=2, ts=2
P3, tp=2, ts=2, x0=742997661
P3, tp=2, ts=2, x0=485435588
P3, tp=2, ts=2, x0=800699294
P2, tp=2, ts=2
P2, tp=2, ts=2
P1, tp=2, ts=2, x0=782747705, x1=813149273
P0, tp=2, ts=2, x0=742997661
P3, tp=2, ts=2, x0=758722199
P2, tp=2, ts=2
P2, tp=2, ts=2
P1, tp=2, ts=2, x0=524049753, x1=948624636
P2, tp=2, ts=2
P1, tp=2, ts=2, x0=715723205, x1=655924144
P0, tp=2, ts=2, x0=524049753
P0, tp=2, ts=2, x0=292801224
P0, tp=2, ts=2, x0=442194634
P2, tp=2, ts=2
P3, tp=2, ts=2, x0=914421722
P2, tp=2, ts=2
P2, tp=2, ts=2
P2, tp=2, ts=2
P1, tp=2, ts=2, x0=700653903, x1=521237446
P0, tp=2, ts=2, x0=914498573
P0, tp=2, ts=2, x0=293612122
P3, tp=2, ts=2, x0=367062533
P3, tp=2, ts=2, x0=369252188
P2, tp=2, ts=2
P2, tp=2, ts=2
P2, tp=2, ts=2
P0, tp=2, ts=2, x0=373298134
P3, tp=2, ts=2, x0=562062224
P3, tp=2, ts=2, x0=911008021
P2, tp=2, ts=2
P0, tp=2, ts=2, x0=292801224
P1, tp=2, ts=2, x0=133795120, x1=499919615
P1, tp=2, ts=2, x0=524049753, x1=369252188
P3, tp=2, ts=2, x0=531025210
P1, tp=2, ts=2, x0=43353433, x1=547689030
P2, tp=2, ts=2
P2, tp=2, ts=2
P3, tp=2, ts=2, x0=886151951
P3, tp=2, ts=2, x0=292801224
P1, tp=2, ts=2, x0=813149273, x1=704032238
P0, tp=2, ts=2, x0=948624636
P1, tp=2, ts=2, x0=14884036, x1=288896971
P1, tp=2, ts=2, x0=292801224, x1=809014425
P0, tp=2, ts=2, x0=14884036
P0, tp=2, ts=2, x0=87348678
P2, tp=2, ts=2
P2, tp=2, ts=2
P1, tp=2, ts=2, x0=524049753, x1=435046155
P2, tp=2, ts=2
P0, tp=2, ts=2, x0=293612122
P3, tp=2, ts=2, x0=886151951
P3, tp=2, ts=2, x0=852937355
P2, tp=2, ts=2
P0, tp=2, ts=2, x0=800699294
P0, tp=2, ts=2, x0=442194634
P2, tp=2, ts=2
P3, tp=2, ts=2, x0=914498573
P2, tp=2, ts=2
P0, tp=2, ts=2, x0=679824419
P2, tp=2, ts=2
P0, tp=2, ts=2, x0=435046155
P2, tp=2, ts=2
P0, tp=2, ts=2, x0=499919615
P2, tp=2, ts=2
P1, tp=2, ts=2, x0=886151951, x1=293612122
P1, tp=2, ts=2, x0=472517426, x1=714681178
P0, tp=2, ts=2, x0=354584926
P1, tp=2, ts=2, x0=382459427, x1=425279847
P0, tp=2, ts=2, x0=928016206
P0, tp=2, ts=2, x0=87348678
P3, tp=2, ts=2, x0=918172626
P3, tp=2, ts=2, x0=213970894
P1, tp=2, ts=2, x0=35347792, x1=977132019
P2, tp=2, ts=2
P1, tp=2, ts=2, x0=350135839, x1=816192593
P1, tp=2, ts=2, x0=431733222, x1=359782881
P1, tp=2, ts=2, x0=425279847, x1=886151951
P2, tp=2, ts=2
P0, tp=2, ts=2, x0=229602374
P3, tp=2, ts=2, x0=449778620
P2, tp=2, ts=2
P2, tp=2, ts=2
P2, tp=2, ts=2
P1, tp=2, ts=2, x0=443552734, x1=354584926
P0, tp=2, ts=2, x0=570655941
P3, tp=2, ts=2, x0=778896462
P3, tp=2, ts=2, x0=700653903
P2, tp=2, ts=2
P0, tp=2, ts=2, x0=884519888
P0, tp=2, ts=2, x0=373298134
P3, tp=2, ts=2, x0=107287293
P3, tp=2, ts=2, x0=122874324
P3, tp=2, ts=2, x0=292801224
P1, tp=2, ts=2, x0=686188530, x1=552009898
P1, tp=2, ts=2, x0=375036726, x1=660157434
P3, tp=2, ts=2, x0=884519888
P3, tp=2, ts=2, x0=782747705
P0, tp=2, ts=2, x0=300874371
P2, tp=2, ts=2
P1, tp=2, ts=2, x0=700653903, x1=555530616
P2, tp=2, ts=2
P2, tp=2, ts=2
P0, tp=2, ts=2, x0=865139453
P1, tp=2, ts=2, x0=49970588, x1=293612122
P2, tp=2, ts=2
P2, tp=2, ts=2
P3, tp=2, ts=2, x0=345065294
P1, tp=2, ts=2, x0=397440397, x1=449778620
P2, tp=2, ts=2
P0, tp=2, ts=2, x0=773414477
P1, tp=2, ts=2, x0=813149273, x1=686188530
P0, tp=2, ts=2, x0=350135839
P2, tp=2, ts=2
P1, tp=2, ts=2, x0=350135839, x1=976062358
P1, tp=2, ts=2, x0=293612122, x1=816192593
P0, tp=2, ts=2, x0=552009898
P3, tp=2, ts=2, x0=242232605
P3, tp=2, ts=2, x0=773414477
P1, tp=2, ts=2, x0=758722199, x1=345065294
P2, tp=2, ts=2
P2, tp=2, ts=2
P2, tp=2, ts=2
P3, tp=2, ts=2, x0=57919239
P2, tp=2, ts=2
P1, tp=2, ts=2, x0=229332431, x1=210400692
P3, tp=2, ts=2, x0=49970588
P1, tp=2, ts=2, x0=300874371, x1=778896462
P0, tp=2, ts=2, x0=133795120
P2, tp=2, ts=2
P3, tp=2, ts=2, x0=292801224
P2, tp=2, ts=2
P2, tp=2, ts=2
P1, tp=2, ts=2, x0=499919615, x1=373298134
P1, tp=2, ts=2, x0=435046155, x1=750970743
P1, tp=2, ts=2, x0=686188530, x1=14884036
P3, tp=2, ts=2, x0=914421722
P0, tp=2, ts=2, x0=472517426
P0, tp=2, ts=2, x0=976062358
P2, tp=2, ts=2
P1, tp=2, ts=2, x0=293612122, x1=133795120
P2, tp=2, ts=2
P1, tp=2, ts=2, x0=948624636, x1=288896971
P1, tp=2, ts=2, x0=49970588, x1=472517426
P2, tp=2, ts=2
P2, tp=2, ts=2
P3, tp=2, ts=2, x0=788343862
P2, tp=2, ts=2
P3, tp=2, ts=2, x0=425279847
P1, tp=2, ts=2, x0=375767226, x1=94191527
P1, tp=2, ts=2, x0=590015275, x1=750970743
P3, tp=2, ts=2, x0=778896462
P0, tp=2, ts=2, x0=91484462
P3, tp=2, ts=2, x0=485435588
P3, tp=2, ts=2, x0=483212117
P1, tp=2, ts=2, x0=884519888, x1=677028439
P3, tp=2, ts=2, x0=390831443
P0, tp=2, ts=2, x0=552009898
P2, tp=2, ts=2
P0, tp=2, ts=2, x0=87348678
P1, tp=2, ts=2, x0=367062533, x1=359782881
P1, tp=2, ts=2, x0=520025109, x1=686188530
P0, tp=2, ts=2, x0=369252188
P3, tp=2, ts=2, x0=928016206
P2, tp=2, ts=2
P1, tp=2, ts=2, x0=449778620, x1=382459427
P0, tp=2, ts=2, x0=428400477
P1, tp=2, ts=2, x0=483212117, x1=49970588
P3, tp=2, ts=2, x0=932777661
P1, tp=2, ts=2, x0=914421722, x1=367062533
P3, tp=2, ts=2, x0=479058835
P3, tp=2, ts=2, x0=816192593
P3, tp=2, ts=2, x0=435046155
P0, tp=2, ts=2, x0=555530616
P2, tp=2, ts=2
P3, tp=2, ts=2, x0=224034088
P1, tp=2, ts=2, x0=552009898, x1=390831443
P2, tp=2, ts=2
P0, tp=2, ts=2, x0=547689030
P0, tp=2, ts=2, x0=375767226
P1, tp=2, ts=2, x0=107287293, x1=704032238
P3, tp=2, ts=2, x0=224034088
P1, tp=2, ts=2, x0=543931490, x1=207965030
P2, tp=2, ts=2
P2, tp=2, ts=2
P1, tp=2, ts=2, x0=449778620, x1=449778620
P2, tp=2, ts=2
P0, tp=2, ts=2, x0=375036726
P1, tp=2, ts=2, x0=107287293, x1=836162962
P3, tp=2, ts=2, x0=499919615
P3, tp=2, ts=2, x0=788343862
P1, tp=2, ts=2, x0=472517426, x1=479058835
P1, tp=2, ts=2, x0=518614260, x1=520025109
P3, tp=2, ts=2, x0=410379847
P2, tp=2, ts=2
P3, tp=2, ts=2, x0=229332431
P3, tp=2, ts=2, x0=58472454
P2, tp=2, ts=2
P3, tp=2, ts=2, x0=358020821
P1, tp=2, ts=2, x0=153064521, x1=210400692
P3, tp=2, ts=2, x0=431733222
P2, tp=2, ts=2
P2, tp=2, ts=2
P2, tp=2, ts=2
P3, tp=2, ts=2, x0=714681178
P2, tp=2, ts=2
P0, tp=2, ts=2, x0=210400692
P1, tp=2, ts=2, x0=432227463, x1=472517426
P2, tp=2, ts=2
P2, tp=2, ts=2
P0, tp=2, ts=2, x0=293612122
P1, tp=2, ts=2, x0=382459427, x1=816192593
P3, tp=2, ts=2, x0=207965030
P2, tp=2, ts=2
P3, tp=2, ts=2, x0=813149273
P1, tp=2, ts=2, x0=689395199, x1=313000855
P3, tp=2, ts=2, x0=472517426
P0, tp=2, ts=2, x0=300874371
P2, tp=2, ts=2
P2, tp=2, ts=2
P3, tp=2, ts=2, x0=485982654
P1, tp=2, ts=2, x0=932777661, x1=483212117
P3, tp=2, ts=2, x0=758722199
P1, tp=2, ts=2, x0=587814251, x1=773414477
P1, tp=2, ts=2, x0=435046155, x1=179241364
P0, tp=2, ts=2, x0=35347792
P2, tp=2, ts=2
P1, tp=2, ts=2, x0=195219644, x1=813149273
P3, tp=2, ts=2, x0=300874371
P1, tp=2, ts=2, x0=914421722, x1=555530616
P1, tp=2, ts=2, x0=494963617, x1=704032238
P3, tp=2, ts=2, x0=58472454
P0, tp=2, ts=2, x0=9009958
P2, tp=2, ts=2
P1, tp=2, ts=2, x0=153064521, x1=287234369
P3, tp=2, ts=2, x0=886151951
P0, tp=2, ts=2, x0=292801224
P2, tp=2, ts=2
P2, tp=2, ts=2
P3, tp=2, ts=2, x0=87348678
P2, tp=2, ts=2
P2, tp=2, ts=2
P2, tp=2, ts=2
P0, tp=2, ts=2, x0=410379847
P2, tp=2, ts=2
P3, tp=2, ts=2, x0=229332431
P1, tp=2, ts=2, x0=286136032, x1=900700466
P1, tp=2, ts=2, x0=242232605, x1=704032238
P1, tp=2, ts=2, x0=382459427, x1=773414477
P1, tp=2, ts=2, x0=287234369, x1=410379847
P1, tp=2, ts=2, x0=345065294, x1=353081573
P0, tp=2, ts=2, x0=195219644
P3, tp=2, ts=2, x0=590015275
P1, tp=2, ts=2, x0=304455931, x1=723499295
P0, tp=2, ts=2, x0=928016206
P2, tp=2, ts=2
P1, tp=2, ts=2, x0=485435588, x1=704032238
P1, tp=2, ts=2, x0=107287293, x1=773414477
P1, tp=2, ts=2, x0=758722199, x1=562062224
P1, tp=2, ts=2, x0=369252188, x1=210400692
P0, tp=2, ts=2, x0=57919239
P2, tp=2, ts=2
P3, tp=2, ts=2, x0=778896462
P3, tp=2, ts=2, x0=836162962
P3, tp=2, ts=2, x0=555530616
P2, tp=2, ts=2
P0, tp=2, ts=2, x0=397440397
P3, tp=2, ts=2, x0=816192593
P3, tp=2, ts=2, x0=49970588
P0, tp=2, ts=2, x0=555530616
P3, tp=2, ts=2, x0=229332431
P3, tp=2, ts=2, x0=375767226
P0, tp=2, ts=2, x0=725883183
P2, tp=2, ts=2
P1, tp=2, ts=2, x0=485435588, x1=229332431
P1, tp=2, ts=2, x0=390831443, x1=286136032
P3, tp=2, ts=2, x0=195219644
P3, tp=2, ts=2, x0=587814251
P1, tp=2, ts=2, x0=443552734, x1=9009958
P1, tp=2, ts=2, x0=679824419, x1=153064521
P3, tp=2, ts=2, x0=276056805
P1, tp=2, ts=2, x0=447033727, x1=313000855
P0, tp=2, ts=2, x0=103883434
P2, tp=2, ts=2
P3, tp=2, ts=2, x0=210400692
P0, tp=2, ts=2, x0=288896971
P0, tp=2, ts=2, x0=431733222
P2, tp=2, ts=2
P2, tp=2, ts=2
P0, tp=2, ts=2, x0=292801224
P2, tp=2, ts=2
P2, tp=2, ts=2
P2, tp=2, ts=2
P1, tp=2, ts=2, x0=928016206, x1=591812553
P3, tp=2, ts=2, x0=432227463
P2, tp=2, ts=2
P2, tp=2, ts=2
P3, tp=2, ts=2, x0=358020821
P0, tp=2, ts=2, x0=721139557
P0, tp=2, ts=2, x0=524318503
P2, tp=2, ts=2
P3, tp=2, ts=2, x0=778896462
P0, tp=2, ts=2, x0=928016206
P1, tp=2, ts=2, x0=524318503, x1=153064521
P0, tp=2, ts=2, x0=41017260
P1, tp=2, ts=2, x0=679824419, x1=562062224
P3, tp=2, ts=2, x0=58472454
P2, tp=2, ts=2
P1, tp=2, ts=2, x0=287234369, x1=472517426
P3, tp=2, ts=2, x0=865139453
P1, tp=2, ts=2, x0=276056805, x1=900700466
P1, tp=2, ts=2, x0=865139453, x1=800699294
P0, tp=2, ts=2, x0=520025109
P2, tp=2, ts=2
P1, tp=2, ts=2, x0=425279847, x1=287234369
P2, tp=2, ts=2
P0, tp=2, ts=2, x0=725883183
P2, tp=2, ts=2
P1, tp=2, ts=2, x0=276056805, x1=58472454
P1, tp=2, ts=2, x0=179241364, x1=28123380
P2, tp=2, ts=2
P3, tp=2, ts=2, x0=287234369
P1, tp=2, ts=2, x0=41017260, x1=900700466
P3, tp=2, ts=2, x0=809014425
P2, tp=2, ts=2
P2, tp=2, ts=2
P0, tp=2, ts=2, x0=410379847
P0, tp=2, ts=2, x0=288896971
P2, tp=2, ts=2
P1, tp=2, ts=2, x0=9009958, x1=300874371
P3, tp=2, ts=2, x0=895050005
P3, tp=2, ts=2, x0=688675544
P1, tp=2, ts=2, x0=511362766, x1=715723205
P3, tp=2, ts=2, x0=449967910
P0, tp=2, ts=2, x0=313000855
P3, tp=2, ts=2, x0=725883183
P1, tp=2, ts=2, x0=696837071, x1=511362766
P2, tp=2, ts=2
P2, tp=2, ts=2
P1, tp=2, ts=2, x0=224034088, x1=928016206
P3, tp=2, ts=2, x0=449967910
P0, tp=2, ts=2, x0=35347792
P1, tp=2, ts=2, x0=928016206, x1=242232605
P2, tp=2, ts=2
P1, tp=2, ts=2, x0=447033727, x1=592114432
P3, tp=2, ts=2, x0=778896462
P0, tp=2, ts=2, x0=570655941
P3, tp=2, ts=2, x0=107287293
P1, tp=2, ts=2, x0=359782881, x1=158721549
P1, tp=2, ts=2, x0=476130386, x1=928016206
P0, tp=2, ts=2, x0=689395199
P2, tp=2, ts=2
P2, tp=2, ts=2
P0, tp=2, ts=2, x0=57919239
P2, tp=2, ts=2
P1, tp=2, ts=2, x0=428400477, x1=816192593
P1, tp=2, ts=2, x0=242232605, x1=524318503
P3, tp=2, ts=2, x0=800699294
P0, tp=2, ts=2, x0=286136032
P2, tp=2, ts=2
P1, tp=2, ts=2, x0=43353433, x1=935615518
P3, tp=2, ts=2, x0=91484462
P2, tp=2, ts=2
P3, tp=2, ts=2, x0=686188530
P3, tp=2, ts=2, x0=518614260
P0, tp=2, ts=2, x0=431733222
P1, tp=2, ts=2, x0=547689030, x1=359782881
P1, tp=2, ts=2, x0=28123380, x1=778896462
P1, tp=2, ts=2, x0=865139453, x1=443552734
P3, tp=2, ts=2, x0=715723205
P3, tp=2, ts=2, x0=375036726
P1, tp=2, ts=2, x0=87348678, x1=195219644
P1, tp=2, ts=2, x0=442194634, x1=425279847
P3, tp=2, ts=2, x0=375767226
P2, tp=2, ts=2
P3, tp=2, ts=2, x0=895050005
P2, tp=2, ts=2
P0, tp=2, ts=2, x0=7269934
P1, tp=2, ts=2, x0=410379847, x1=231154087
P1, tp=2, ts=2, x0=715723205, x1=179241364
P3, tp=2, ts=2, x0=592114432
P1, tp=2, ts=2, x0=758722199, x1=935615518
P2, tp=2, ts=2
P1, tp=2, ts=2, x0=287234369, x1=590015275
P1, tp=2, ts=2, x0=800505611, x1=347227054
P0, tp=2, ts=2, x0=358020821
P1, tp=2, ts=2, x0=350135839, x1=890468341
P3, tp=2, ts=2, x0=835151261
P1, tp=2, ts=2, x0=431733222, x1=425279847
P2, tp=2, ts=2
P2, tp=2, ts=2
P0, tp=2, ts=2, x0=276056805
P2, tp=2, ts=2
P1, tp=2, ts=2, x0=299183796, x1=592114432
P1, tp=2, ts=2, x0=788343862, x1=587814251
P3, tp=2, ts=2, x0=49970588
P3, tp=2, ts=2, x0=373298134
P3, tp=2, ts=2, x0=375767226
P0, tp=2, ts=2, x0=375036726
P0, tp=2, ts=2, x0=231154087
P3, tp=2, ts=2, x0=560240386
P0, tp=2, ts=2, x0=443552734
P1, tp=2, ts=2, x0=425279847, x1=485982654
P2, tp=2, ts=2
P1, tp=2, ts=2, x0=58472454, x1=721139557
P3, tp=2, ts=2, x0=511362766
P1, tp=2, ts=2, x0=935615518, x1=28123380
P2, tp=2, ts=2
P1, tp=2, ts=2, x0=449967910, x1=443552734
P2, tp=2, ts=2
P1, tp=2, ts=2, x0=103883434, x1=28123380
P3, tp=2, ts=2, x0=721139557
P2, tp=2, ts=2
P3, tp=2, ts=2, x0=485435588
P1, tp=2, ts=2, x0=590015275, x1=288896971
P0, tp=2, ts=2, x0=865139453
P1, tp=2, ts=2, x0=773414477, x1=928016206
P1, tp=2, ts=2, x0=35347792, x1=353081573
P0, tp=2, ts=2, x0=758722199
P2, tp=2, ts=2
P3, tp=2, ts=2, x0=43353433
P3, tp=2, ts=2, x0=442194634
P3, tp=2, ts=2, x0=373298134
P0, tp=2, ts=2, x0=948624636
P0, tp=2, ts=2, x0=133795120
P1, tp=2, ts=2, x0=758722199, x1=836162962
P2, tp=2, ts=2
P0, tp=2, ts=2, x0=543931490
P2, tp=2, ts=2
P3, tp=2, ts=2, x0=35347792
P0, tp=2, ts=2, x0=107287293
P3, tp=2, ts=2, x0=758722199
P1, tp=2, ts=2, x0=570655941, x1=560240386
P2, tp=2, ts=2
P0, tp=2, ts=2, x0=107287293
P1, tp=2, ts=2, x0=696837071, x1=313000855
P0, tp=2, ts=2, x0=133795120
P2, tp=2, ts=2
P1, tp=2, ts=2, x0=928016206, x1=836162962
P2, tp=2, ts=2
P0, tp=2, ts=2, x0=350135839
P2, tp=2, ts=2
P2, tp=2, ts=2
P0, tp=2, ts=2, x0=511362766
P0, tp=2, ts=2, x0=276056805
P1, tp=2, ts=2, x0=520025109, x1=375036726
P0, tp=2, ts=2, x0=725883183
P2, tp=2, ts=2
P0, tp=2, ts=2, x0=900700466
P3, tp=2, ts=2, x0=41017260
P0, tp=2, ts=2, x0=587814251
P3, tp=2, ts=2, x0=679824419
P1, tp=2, ts=2, x0=935615518, x1=750970743
P3, tp=2, ts=2, x0=347227054
P2, tp=2, ts=2
P2, tp=2, ts=2
P2, tp=2, ts=2
P3, tp=2, ts=2, x0=9009958
P0, tp=2, ts=2, x0=715723205
P3, tp=2, ts=2, x0=158721549
P2, tp=2, ts=2
P0, tp=2, ts=2, x0=91484462
P1, tp=2, ts=2, x0=231154087, x1=299183796
P0, tp=2, ts=2, x0=932777661
P1, tp=2, ts=2, x0=948624636, x1=195219644
P3, tp=2, ts=2, x0=725883183
P1, tp=2, ts=2, x0=895050005, x1=981708921
P2, tp=2, ts=2
P3, tp=2, ts=2, x0=890468341
P2, tp=2, ts=2
P0, tp=2, ts=2, x0=911008021
P3, tp=2, ts=2, x0=973098385
P2, tp=2, ts=2
P0, tp=2, ts=2, x0=153064521
P0, tp=2, ts=2, x0=485982654
P3, tp=2, ts=2, x0=428400477
P1, tp=2, ts=2, x0=476130386, x1=313000855
P3, tp=2, ts=2, x0=135805058
P3, tp=2, ts=2, x0=666069912
P3, tp=2, ts=2, x0=555530616
P1, tp=2, ts=2, x0=590015275, x1=704032238
P2, tp=2, ts=2
P1, tp=2, ts=2, x0=679824419, x1=195219644
P1, tp=2, ts=2, x0=973098385, x1=28123380
P1, tp=2, ts=2, x0=28123380, x1=485982654
P1, tp=2, ts=2, x0=778896462, x1=665794784
P3, tp=2, ts=2, x0=800699294
P3, tp=2, ts=2, x0=895050005
P2, tp=2, ts=2
P3, tp=2, ts=2, x0=543931490
P3, tp=2, ts=2, x0=300874371
P1, tp=2, ts=2, x0=472517426, x1=375767226
P2, tp=2, ts=2
P1, tp=2, ts=2, x0=304455931, x1=299183796
P3, tp=2, ts=2, x0=87348678
P2, tp=2, ts=2
P2, tp=2, ts=2
P2, tp=2, ts=2
P1, tp=2, ts=2, x0=286136032, x1=249717375
P1, tp=2, ts=2, x0=133795120, x1=9009958
P3, tp=2, ts=2, x0=442194634
P3, tp=2, ts=2, x0=428400477
P0, tp=2, ts=2, x0=359782881
P0, tp=2, ts=2, x0=375036726
P2, tp=2, ts=2
P1, tp=2, ts=2, x0=287234369, x1=717187128
P3, tp=2, ts=2, x0=390831443
P1, tp=2, ts=2, x0=432227463, x1=717187128
P0, tp=2, ts=2, x0=158721549
P2, tp=2, ts=2
P3, tp=2, ts=2, x0=562062224
P3, tp=2, ts=2, x0=9009958
P2, tp=2, ts=2
P3, tp=2, ts=2, x0=704032238
P3, tp=2, ts=2, x0=587814251
P0, tp=2, ts=2, x0=725883183
P3, tp=2, ts=2, x0=895050005
P0, tp=2, ts=2, x0=345065294
P0, tp=2, ts=2, x0=778896462
P3, tp=2, ts=2, x0=935615518
P2, tp=2, ts=2
P3, tp=2, ts=2, x0=923843939
P1, tp=2, ts=2, x0=347227054, x1=133795120
P0, tp=2, ts=2, x0=195219644
P3, tp=2, ts=2, x0=750970743
P2, tp=2, ts=2
P0, tp=2, ts=2, x0=195219644
P1, tp=2, ts=2, x0=689395199, x1=443552734
P0, tp=2, ts=2, x0=686188530
P3, tp=2, ts=2, x0=91484462
P1, tp=2, ts=2, x0=800505611, x1=911008021
P3, tp=2, ts=2, x0=472517426
P1, tp=2, ts=2, x0=28123380, x1=721139557
P2, tp=2, ts=2
P1, tp=2, ts=2, x0=191353083, x1=636201402
P2, tp=2, ts=2
P0, tp=2, ts=2, x0=543992888
P3, tp=2, ts=2, x0=932777661
P1, tp=2, ts=2, x0=560240386, x1=231154087
P1, tp=2, ts=2, x0=158721549, x1=431733222
P2, tp=2, ts=2
P2, tp=2, ts=2
P3, tp=2, ts=2, x0=428400477
P3, tp=2, ts=2, x0=914421722
P1, tp=2, ts=2, x0=778896462, x1=521237446
P3, tp=2, ts=2, x0=890468341
P0, tp=2, ts=2, x0=591812553
P2, tp=2, ts=2
P1, tp=2, ts=2, x0=923843939, x1=164718677
P2, tp=2, ts=2
P0, tp=2, ts=2, x0=555530616
P3, tp=2, ts=2, x0=428400477
P0, tp=2, ts=2, x0=591812553
P2, tp=2, ts=2
P2, tp=2, ts=2
P3, tp=2, ts=2, x0=87348678
P1, tp=2, ts=2, x0=865139453, x1=358020821
P0, tp=2, ts=2, x0=973098385
P2, tp=2, ts=2
P0, tp=2, ts=2, x0=304455931
P1, tp=2, ts=2, x0=427917125, x1=392989320
P0, tp=2, ts=2, x0=43353433
P2, tp=2, ts=2
P0, tp=2, ts=2, x0=485435588
P2, tp=2, ts=2
P2, tp=2, ts=2
P0, tp=2, ts=2, x0=87348678
P2, tp=2, ts=2
P3, tp=2, ts=2, x0=948624636
P3, tp=2, ts=2, x0=895050005
P0, tp=2, ts=2, x0=911008021
P0, tp=2, ts=2, x0=686188530
P3, tp=2, ts=2, x0=164718677
P1, tp=2, ts=2, x0=788343862, x1=865139453
P2, tp=2, ts=2
P2, tp=2, ts=2
P1, tp=2, ts=2, x0=449967910, x1=725883183
P0, tp=2, ts=2, x0=107287293
P3, tp=2, ts=2, x0=313000855
P3, tp=2, ts=2, x0=229602374
P2, tp=2, ts=2
P3, tp=2, ts=2, x0=809014425
P0, tp=2, ts=2, x0=717187128
P0, tp=2, ts=2, x0=547689030
P0, tp=2, ts=2, x0=647786055
P3, tp=2, ts=2, x0=555530616
P2, tp=2, ts=2
P1, tp=2, ts=2, x0=443552734, x1=689395199
P0, tp=2, ts=2, x0=666069912
P2, tp=2, ts=2
P0, tp=2, ts=2, x0=800699294
P2, tp=2, ts=2
P2, tp=2, ts=2
P3, tp=2, ts=2, x0=133795120
P1, tp=2, ts=2, x0=547689030, x1=520025109
P3, tp=2, ts=2, x0=345065294
P1, tp=2, ts=2, x0=359782881, x1=114375686
P1, tp=2, ts=2, x0=800505611, x1=107287293
P1, tp=2, ts=2, x0=665794784, x1=431733222
P2, tp=2, ts=2
P0, tp=2, ts=2, x0=679824419
P3, tp=2, ts=2, x0=359782881
P1, tp=2, ts=2, x0=928016206, x1=485435588
P2, tp=2, ts=2
P2, tp=2, ts=2
P0, tp=2, ts=2, x0=87348678
P2, tp=2, ts=2
P1, tp=2, ts=2, x0=485982654, x1=758722199
P1, tp=2, ts=2, x0=358020821, x1=555530616
P3, tp=2, ts=2, x0=359782881
P3, tp=2, ts=2, x0=49970588
P3, tp=2, ts=2, x0=520025109
P1, tp=2, ts=2, x0=750970743, x1=313000855
P2, tp=2, ts=2
P0, tp=2, ts=2, x0=397440397
P1, tp=2, ts=2, x0=114375686, x1=928016206
P1, tp=2, ts=2, x0=948624636, x1=862126338
P2, tp=2, ts=2
P0, tp=2, ts=2, x0=911008021
P3, tp=2, ts=2, x0=286136032
P0, tp=2, ts=2, x0=292801224
P3, tp=2, ts=2, x0=158721549
P1, tp=2, ts=2, x0=41017260, x1=686188530
P3, tp=2, ts=2, x0=757887469
P0, tp=2, ts=2, x0=135805058
P1, tp=2, ts=2, x0=409864920, x1=679824419
P3, tp=2, ts=2, x0=87348678
P2, tp=2, ts=2
P0, tp=2, ts=2, x0=276056805
P1, tp=2, ts=2, x0=43353433, x1=592114432
P3, tp=2, ts=2, x0=591812553
P0, tp=2, ts=2, x0=292801224
P0, tp=2, ts=2, x0=809014425
P0, tp=2, ts=2, x0=773414477
P3, tp=2, ts=2, x0=87348678
P1, tp=2, ts=2, x0=179241364, x1=666069912
P2, tp=2, ts=2
P0, tp=2, ts=2, x0=443552734
P0, tp=2, ts=2, x0=948624636
P3, tp=2, ts=2, x0=195219644
P3, tp=2, ts=2, x0=778896462
P1, tp=2, ts=2, x0=679824419, x1=981708921
P0, tp=2, ts=2, x0=299183796
P2, tp=2, ts=2
P0, tp=2, ts=2, x0=164718677
P2, tp=2, ts=2
P0, tp=2, ts=2, x0=428400477
P1, tp=2, ts=2, x0=353081573, x1=778896462
P1, tp=2, ts=2, x0=358020821, x1=114375686
P1, tp=2, ts=2, x0=158721549, x1=449967910
P3, tp=3, ts=3, x0=103883434
P2, tp=3, ts=3
P2, tp=3, ts=3
P3, tp=3, ts=3, x0=948624636
P2, tp=3, ts=3
P2, tp=3, ts=3
P3, tp=3, ts=3, x0=435046155
P3, tp=3, ts=3, x0=191353083
P0, tp=3, ts=3, x0=562062224
P0, tp=3, ts=3, x0=107287293
P0, tp=3, ts=3, x0=862126338
P2, tp=3, ts=3
P1, tp=3, ts=3, x0=41017260, x1=58472454
P3, tp=3, ts=3, x0=758722199
P2, tp=3, ts=3
P3, tp=3, ts=3, x0=890468341
P0, tp=3, ts=3, x0=292801224
P0, tp=3, ts=3, x0=981708921
P2, tp=3, ts=3
P3, tp=3, ts=3, x0=647786055
P3, tp=3, ts=3, x0=690945555
P3, tp=3, ts=3, x0=158721549
P1, tp=3, ts=3, x0=156465141, x1=665794784
P1, tp=3, ts=3, x0=231154087, x1=299183796
P2, tp=3, ts=3
P1, tp=3, ts=3, x0=932777661, x1=397440397
P0, tp=3, ts=3, x0=689395199
P0, tp=3, ts=3, x0=636201402
P3, tp=3, ts=3, x0=114375686
P1, tp=3, ts=3, x0=758722199, x1=304455931
P1, tp=3, ts=3, x0=350135839, x1=427917125
P3, tp=3, ts=3, x0=543992888
P3, tp=3, ts=3, x0=686188530
P0, tp=3, ts=3, x0=114375686
P3, tp=3, ts=3, x0=865139453
P2, tp=3, ts=3
P0, tp=3, ts=3, x0=721139557
P3, tp=3, ts=3, x0=350135839
P2, tp=3, ts=3
P2, tp=3, ts=3
P3, tp=3, ts=3, x0=665794784
P3, tp=3, ts=3, x0=358020821
P3, tp=3, ts=3, x0=862126338
P2, tp=3, ts=3
P0, tp=3, ts=3, x0=229602374
P0, tp=3, ts=3, x0=7269934
P2, tp=3, ts=3
P3, tp=3, ts=3, x0=397440397
P2, tp=3, ts=3
P0, tp=3, ts=3, x0=156465141
P1, tp=3, ts=3, x0=592114432, x1=928016206
P2, tp=3, ts=3
P2, tp=3, ts=3
P2, tp=3, ts=3
P1, tp=3, ts=3, x0=7269934, x1=914421722
P1, tp=3, ts=3, x0=679824419, x1=428400477
P0, tp=3, ts=3, x0=981708921
P1, tp=3, ts=3, x0=299183796, x1=97101423
P0, tp=3, ts=3, x0=359782881
P3, tp=3, ts=3, x0=41017260
P0, tp=3, ts=3, x0=357483501
P2, tp=3, ts=3
P0, tp=3, ts=3, x0=373298134
P0, tp=3, ts=3, x0=914421722
P3, tp=3, ts=3, x0=476130386
P1, tp=3, ts=3, x0=114375686, x1=935615518
P1, tp=3, ts=3, x0=520025109, x1=686188530
P3, tp=3, ts=3, x0=773414477
P2, tp=3, ts=3
P2, tp=3, ts=3
P2, tp=3, ts=3
P1, tp=3, ts=3, x0=107287293, x1=427917125
P1, tp=3, ts=3, x0=895050005, x1=647786055
P2, tp=3, ts=3
P2, tp=3, ts=3
P0, tp=3, ts=3, x0=928016206
P0, tp=3, ts=3, x0=4784336
P1, tp=3, ts=3, x0=592114432, x1=686188530
P3, tp=3, ts=3, x0=855124591
P1, tp=3, ts=3, x0=964125546, x1=425279847
P3, tp=3, ts=3, x0=715723205
P1, tp=3, ts=3, x0=286136032, x1=350135839
P0, tp=3, ts=3, x0=300874371
P0, tp=3, ts=3, x0=199164441
P1, tp=3, ts=3, x0=345065294, x1=562062224
P0, tp=3, ts=3, x0=721139557
P3, tp=3, ts=3, x0=357483501
P0, tp=3, ts=3, x0=591812553
P2, tp=3, ts=3
P0, tp=3, ts=3, x0=41017260
P2, tp=3, ts=3
P3, tp=3, ts=3, x0=55627669
P2, tp=3, ts=3
P3, tp=3, ts=3, x0=9009958
P0, tp=3, ts=3, x0=689395199
P1, tp=3, ts=3, x0=476130386, x1=384177193
P2, tp=3, ts=3
P2, tp=3, ts=3
P0, tp=3, ts=3, x0=313000855
P0, tp=3, ts=3, x0=313000855
P0, tp=3, ts=3, x0=58472454
P0, tp=3, ts=3, x0=636201402
P1, tp=3, ts=3, x0=788343862, x1=425279847
P3, tp=3, ts=3, x0=107287293
P3, tp=3, ts=3, x0=485435588
P1, tp=3, ts=3, x0=199164441, x1=392989320
P1, tp=3, ts=3, x0=431733222, x1=895050005
P1, tp=3, ts=3, x0=286136032, x1=28123380
P1, tp=3, ts=3, x0=543931490, x1=911008021
P1, tp=3, ts=3, x0=555530616, x1=472517426
P3, tp=3, ts=3, x0=87348678
P2, tp=3, ts=3
P3, tp=3, ts=3, x0=231154087
P0, tp=3, ts=3, x0=472517426
P1, tp=3, ts=3, x0=865139453, x1=357483501
P2, tp=3, ts=3
P0, tp=3, ts=3, x0=721139557
P3, tp=3, ts=3, x0=981708921
P2, tp=3, ts=3
P2, tp=3, ts=3
P1, tp=3, ts=3, x0=199164441, x1=397440397
P3, tp=3, ts=3, x0=287234369
P3, tp=3, ts=3, x0=964125546
P0, tp=3, ts=3, x0=704032238
P3, tp=3, ts=3, x0=911008021
P2, tp=3, ts=3
P3, tp=3, ts=3, x0=431733222
P3, tp=3, ts=3, x0=689395199
P2, tp=3, ts=3
P3, tp=3, ts=3, x0=840851095
P2, tp=3, ts=3
P3, tp=3, ts=3, x0=665794784
P1, tp=3, ts=3, x0=895050005, x1=49970588
P3, tp=3, ts=3, x0=665794784
P1, tp=3, ts=3, x0=4784336, x1=788343862
P1, tp=3, ts=3, x0=427917125, x1=191353083
P0, tp=3, ts=3, x0=55627669
P3, tp=3, ts=3, x0=862126338
P1, tp=3, ts=3, x0=195219644, x1=723499295
P2, tp=3, ts=3
P2, tp=3, ts=3
P0, tp=3, ts=3, x0=481711494
P0, tp=3, ts=3, x0=299183796
P2, tp=3, ts=3
P1, tp=3, ts=3, x0=481711494, x1=4784336
P1, tp=3, ts=3, x0=7269934, x1=428400477
P3, tp=3, ts=3, x0=103883434
P1, tp=3, ts=3, x0=862126338, x1=390831443
P3, tp=3, ts=3, x0=155548109
P2, tp=3, ts=3
P3, tp=3, ts=3, x0=800699294
P3, tp=3, ts=3, x0=4784336
P1, tp=3, ts=3, x0=392989320, x1=158721549
P1, tp=3, ts=3, x0=158721549, x1=973098385
P2, tp=3, ts=3
P0, tp=3, ts=3, x0=443552734
P1, tp=3, ts=3, x0=973098385, x1=191353083
P2, tp=3, ts=3
P3, tp=3, ts=3, x0=476130386
P1, tp=3, ts=3, x0=41017260, x1=103883434
P2, tp=3, ts=3
P2, tp=3, ts=3
P0, tp=3, ts=3, x0=164718677
P1, tp=3, ts=3, x0=485982654, x1=287234369
P3, tp=3, ts=3, x0=861545272
P0, tp=3, ts=3, x0=481711494
P3, tp=3, ts=3, x0=855124591
P3, tp=3, ts=3, x0=58472454
P2, tp=3, ts=3
P1, tp=3, ts=3, x0=384177193, x1=58472454
P1, tp=3, ts=3, x0=964125546, x1=286136032
P3, tp=3, ts=3, x0=758722199
P1, tp=3, ts=3, x0=485435588, x1=427917125
P0, tp=3, ts=3, x0=923843939
P3, tp=3, ts=3, x0=409864920
P2, tp=3, ts=3
P0, tp=3, ts=3, x0=313000855
P2, tp=3, ts=3
P0, tp=3, ts=3, x0=443552734
P2, tp=3, ts=3
P1, tp=3, ts=3, x0=292911051, x1=199164441
P1, tp=3, ts=3, x0=696837071, x1=153064521
P2, tp=3, ts=3
P3, tp=3, ts=3, x0=476130386
P2, tp=3, ts=3
P2, tp=3, ts=3
P2, tp=3, ts=3
P3, tp=3, ts=3, x0=304455931
P0, tp=3, ts=3, x0=409864920
P1, tp=3, ts=3, x0=543931490, x1=97101423
P2, tp=3, ts=3
P2, tp=3, ts=3
P2, tp=3, ts=3
P3, tp=3, ts=3, x0=713711806
P0, tp=3, ts=3, x0=778896462
P0, tp=3, ts=3, x0=97101423
P0, tp=3, ts=3, x0=725883183
P1, tp=3, ts=3, x0=375245637, x1=713711806
P2, tp=3, ts=3
P3, tp=3, ts=3, x0=800505611
P3, tp=3, ts=3, x0=840851095
P3, tp=3, ts=3, x0=384177193
P3, tp=3, ts=3, x0=427917125
P1, tp=3, ts=3, x0=914421722, x1=276056805
P1, tp=3, ts=3, x0=292911051, x1=286136032
P2, tp=3, ts=3
P3, tp=3, ts=3, x0=679824419
P3, tp=3, ts=3, x0=714335726
P3, tp=3, ts=3, x0=276056805
P2, tp=3, ts=3
P1, tp=3, ts=3, x0=409864920, x1=721139557
P2, tp=3, ts=3
P0, tp=3, ts=3, x0=384177193
P2, tp=3, ts=3
P2, tp=3, ts=3
P2, tp=3, ts=3
P1, tp=3, ts=3, x0=81025596, x1=757887469
P3, tp=3, ts=3, x0=87348678
P3, tp=3, ts=3, x0=286136032
P3, tp=3, ts=3, x0=964125546
P0, tp=3, ts=3, x0=233656121
P3, tp=3, ts=3, x0=428400477
P1, tp=3, ts=3, x0=861545272, x1=373298134
P0, tp=3, ts=3, x0=715723205
P2, tp=3, ts=3
P0, tp=3, ts=3, x0=114375686
P1, tp=3, ts=3, x0=410054227, x1=757887469
P0, tp=3, ts=3, x0=620741146
P3, tp=3, ts=3, x0=443552734
P1, tp=3, ts=3, x0=543683985, x1=193656790
P0, tp=3, ts=3, x0=153064521
P2, tp=3, ts=3
P0, tp=3, ts=3, x0=620741146
P0, tp=3, ts=3, x0=410054227
P2, tp=3, ts=3
P1, tp=3, ts=3, x0=647786055, x1=665794784
P2, tp=3, ts=3
P1, tp=3, ts=3, x0=714335726, x1=714335726
P2, tp=3, ts=3
P3, tp=3, ts=3, x0=28123380
P0, tp=3, ts=3, x0=384177193
P2, tp=3, ts=3
P3, tp=3, ts=3, x0=313000855
P1, tp=3, ts=3, x0=431733222, x1=778896462
P1, tp=3, ts=3, x0=292911051, x1=276056805
P1, tp=3, ts=3, x0=890468341, x1=620741146
P2, tp=3, ts=3
P1, tp=3, ts=3, x0=428400477, x1=689395199
P1, tp=3, ts=3, x0=973098385, x1=233656121
P2, tp=3, ts=3
P1, tp=3, ts=3, x0=995310227, x1=481711494
P3, tp=3, ts=3, x0=345065294
P2, tp=3, ts=3
P3, tp=3, ts=3, x0=481711494
P0, tp=3, ts=3, x0=58472454
P1, tp=3, ts=3, x0=928016206, x1=375245637
P2, tp=3, ts=3
P0, tp=3, ts=3, x0=193656790
P3, tp=3, ts=3, x0=801509552
P0, tp=3, ts=3, x0=375245637
P2, tp=3, ts=3
P2, tp=3, ts=3
P2, tp=3, ts=3
P0, tp=3, ts=3, x0=928016206
P1, tp=3, ts=3, x0=193656790, x1=773414477
P1, tp=3, ts=3, x0=543931490, x1=4784336
P3, tp=3, ts=3, x0=55627669
P1, tp=3, ts=3, x0=862126338, x1=169709190
P1, tp=3, ts=3, x0=427917125, x1=757887469
P1, tp=3, ts=3, x0=679824419, x1=427917125
P0, tp=3, ts=3, x0=696837071
P3, tp=3, ts=3, x0=865139453
P0, tp=3, ts=3, x0=153064521
P0, tp=3, ts=3, x0=861545272
P3, tp=3, ts=3, x0=410054227
P1, tp=3, ts=3, x0=155548109, x1=620741146
P1, tp=3, ts=3, x0=592114432, x1=664393022
P0, tp=3, ts=3, x0=292911051
P2, tp=3, ts=3
P3, tp=3, ts=3, x0=135805058
P3, tp=3, ts=3, x0=973098385
P0, tp=3, ts=3, x0=973098385
P2, tp=3, ts=3
P0, tp=3, ts=3, x0=427917125
P2, tp=3, ts=3
P1, tp=3, ts=3, x0=914421722, x1=153064521
P3, tp=3, ts=3, x0=164718677
P0, tp=3, ts=3, x0=754464915
P3, tp=3, ts=3, x0=292911051
P0, tp=3, ts=3, x0=679824419
P0, tp=3, ts=3, x0=666069912
P0, tp=3, ts=3, x0=158721549
P2, tp=3, ts=3
P3, tp=3, ts=3, x0=485982654
P1, tp=3, ts=3, x0=357483501, x1=428400477
P2, tp=3, ts=3
P2, tp=3, ts=3
P3, tp=3, ts=3, x0=801509552
P3, tp=3, ts=3, x0=97101423
P2, tp=3, ts=3
P2, tp=3, ts=3
P2, tp=3, ts=3
P0, tp=3, ts=3, x0=59921851
P0, tp=3, ts=3, x0=276056805
P0, tp=3, ts=3, x0=7269934
P1, tp=3, ts=3, x0=794071699, x1=390831443
P0, tp=3, ts=3, x0=156465141
P1, tp=3, ts=3, x0=49970588, x1=179241364
P1, tp=3, ts=3, x0=199164441, x1=918223692
P2, tp=3, ts=3
P1, tp=3, ts=3, x0=292911051, x1=431733222
P1, tp=3, ts=3, x0=199164441, x1=179241364
P3, tp=3, ts=3, x0=679824419
P1, tp=3, ts=3, x0=485982654, x1=773414477
P0, tp=3, ts=3, x0=679824419
P1, tp=3, ts=3, x0=358020821, x1=358020821
P2, tp=3, ts=3
P2, tp=3, ts=3
P1, tp=3, ts=3, x0=481711494, x1=935615518
P3, tp=3, ts=3, x0=964125546
P2, tp=3, ts=3
P2, tp=3, ts=3
P3, tp=3, ts=3, x0=431733222
P2, tp=3, ts=3
P0, tp=3, ts=3, x0=427917125
P2, tp=3, ts=3
P3, tp=3, ts=3, x0=59921851
P1, tp=3, ts=3, x0=114375686, x1=636201402
P3, tp=3, ts=3, x0=7269934
P1, tp=3, ts=3, x0=90917380, x1=895050005
P3, tp=3, ts=3, x0=665794784
P0, tp=3, ts=3, x0=865139453
P1, tp=3, ts=3, x0=233656121, x1=914421722
P0, tp=3, ts=3, x0=428400477
P1, tp=3, ts=3, x0=158721549, x1=49970588
P1, tp=3, ts=3, x0=714335726, x1=49970588
P1, tp=3, ts=3, x0=428400477, x1=233656121
P3, tp=3, ts=3, x0=292801224
P1, tp=3, ts=3, x0=195219644, x1=918223692
P3, tp=3, ts=3, x0=620741146
P0, tp=3, ts=3, x0=427917125
P2, tp=3, ts=3
P0, tp=3, ts=3, x0=666069912
P3, tp=3, ts=3, x0=179241364
P1, tp=3, ts=3, x0=357483501, x1=191353083
P1, tp=3, ts=3, x0=91484462, x1=855879721
P0, tp=3, ts=3, x0=276056805
P1, tp=3, ts=3, x0=286136032, x1=375767226
P3, tp=3, ts=3, x0=195219644
P2, tp=3, ts=3
P2, tp=3, ts=3
P3, tp=3, ts=3, x0=345065294
P1, tp=3, ts=3, x0=865139453, x1=689395199
P0, tp=3, ts=3, x0=973098385
P0, tp=3, ts=3, x0=431733222
P1, tp=3, ts=3, x0=547689030, x1=7269934
P1, tp=3, ts=3, x0=347227054, x1=547689030
P3, tp=3, ts=3, x0=384177193
P3, tp=3, ts=3, x0=861545272
P3, tp=3, ts=3, x0=679824419
P2, tp=3, ts=3
P1, tp=3, ts=3, x0=900700466, x1=543683985
P1, tp=3, ts=3, x0=702955027, x1=721139557
P0, tp=3, ts=3, x0=592114432
P3, tp=3, ts=3, x0=923843939
P3, tp=3, ts=3, x0=91484462
P3, tp=3, ts=3, x0=717187128
P1, tp=3, ts=3, x0=9009958, x1=4784336
P3, tp=3, ts=3, x0=690945555
P3, tp=3, ts=3, x0=543931490
P3, tp=3, ts=3, x0=164718677
P0, tp=3, ts=3, x0=156465141
P2, tp=3, ts=3
P0, tp=3, ts=3, x0=195219644
P0, tp=3, ts=3, x0=666069912
P2, tp=3, ts=3
P2, tp=3, ts=3
P1, tp=3, ts=3, x0=665794784, x1=81025596
P2, tp=3, ts=3
P3, tp=3, ts=3, x0=375767226
P1, tp=3, ts=3, x0=757887469, x1=543683985
P3, tp=3, ts=3, x0=375767226
P0, tp=3, ts=3, x0=276056805
P2, tp=3, ts=3
P2, tp=3, ts=3
P3, tp=3, ts=3, x0=431733222
P3, tp=3, ts=3, x0=322282226
P3, tp=3, ts=3, x0=103883434
P2, tp=3, ts=3
P3, tp=3, ts=3, x0=476130386
P2, tp=3, ts=3
P1, tp=3, ts=3, x0=543931490, x1=754464915
P3, tp=3, ts=3, x0=840851095
P1, tp=3, ts=3, x0=704032238, x1=679824419
P0, tp=3, ts=3, x0=254989333
P0, tp=3, ts=3, x0=375767226
P3, tp=3, ts=3, x0=923843939
P3, tp=3, ts=3, x0=664393022
P0, tp=3, ts=3, x0=689395199
P3, tp=3, ts=3, x0=107287293
P3, tp=3, ts=3, x0=9009958
P2, tp=3, ts=3
P3, tp=3, ts=3, x0=702955027
P0, tp=3, ts=3, x0=55627669
P1, tp=3, ts=3, x0=357483501, x1=476130386
P0, tp=3, ts=3, x0=59921851
P1, tp=3, ts=3, x0=649031231, x1=81025596
P1, tp=3, ts=3, x0=840851095, x1=341761146
P1, tp=3, ts=3, x0=155548109, x1=397440397
P3, tp=3, ts=3, x0=757887469
P0, tp=3, ts=3, x0=231154087
P0, tp=3, ts=3, x0=773414477
P1, tp=3, ts=3, x0=485982654, x1=713579292
P1, tp=3, ts=3, x0=714335726, x1=7269934
P0, tp=3, ts=3, x0=375767226
P3, tp=3, ts=3, x0=476130386
P3, tp=3, ts=3, x0=636201402
P2, tp=3, ts=3
P0, tp=3, ts=3, x0=865139453
P1, tp=3, ts=3, x0=135805058, x1=481711494
P1, tp=3, ts=3, x0=392989320, x1=591812553
P3, tp=3, ts=3, x0=481711494
P3, tp=3, ts=3, x0=801509552
P1, tp=3, ts=3, x0=4784336, x1=476130386
P1, tp=3, ts=3, x0=231154087, x1=317058386
P3, tp=3, ts=3, x0=195219644
P3, tp=3, ts=3, x0=49970588
P0, tp=3, ts=3, x0=664393022
P3, tp=3, ts=3, x0=103883434
P2, tp=3, ts=3
P3, tp=3, ts=3, x0=409864920
P0, tp=3, ts=3, x0=410054227
P0, tp=3, ts=3, x0=765715713
P2, tp=3, ts=3
P1, tp=3, ts=3, x0=292911051, x1=304455931
P1, tp=3, ts=3, x0=982149770, x1=711454865
P1, tp=3, ts=3, x0=191353083, x1=4784336
P2, tp=3, ts=3
P0, tp=3, ts=3, x0=649031231
P3, tp=3, ts=3, x0=757887469
P3, tp=3, ts=3, x0=169709190
P0, tp=3, ts=3, x0=49970588
P1, tp=3, ts=3, x0=90917380, x1=292911051
P3, tp=3, ts=3, x0=155548109
P1, tp=3, ts=3, x0=690945555, x1=900700466
P0, tp=3, ts=3, x0=4784336
P3, tp=3, ts=3, x0=358020821
P3, tp=3, ts=3, x0=299183796
P2, tp=3, ts=3
P1, tp=3, ts=3, x0=696837071, x1=193656790
P2, tp=3, ts=3
P0, tp=3, ts=3, x0=780957688
P3, tp=3, ts=3, x0=195219644
P0, tp=3, ts=3, x0=375245637
P2, tp=3, ts=3
P2, tp=3, ts=3
P2, tp=3, ts=3
P3, tp=3, ts=3, x0=4784336
P2, tp=3, ts=3
P2, tp=3, ts=3
P0, tp=3, ts=3, x0=665794784
P0, tp=3, ts=3, x0=754464915
P1, tp=3, ts=3, x0=156465141, x1=322282226
P3, tp=3, ts=3, x0=862126338
P3, tp=3, ts=3, x0=855879721
P2, tp=3, ts=3
P1, tp=3, ts=3, x0=665794784, x1=713711806
P2, tp=3, ts=3
P3, tp=3, ts=3, x0=286136032
P0, tp=3, ts=3, x0=520025109
P1, tp=3, ts=3, x0=862126338, x1=158721549
P3, tp=3, ts=3, x0=397440397
P3, tp=3, ts=3, x0=271330754
P3, tp=3, ts=3, x0=135805058
P1, tp=3, ts=3, x0=179241364, x1=410054227
P0, tp=3, ts=3, x0=468373969
P0, tp=3, ts=3, x0=199164441
P2, tp=3, ts=3
P1, tp=3, ts=3, x0=254989333, x1=143147677
P1, tp=3, ts=3, x0=427917125, x1=725883183
P1, tp=3, ts=3, x0=702955027, x1=4784336
P3, tp=3, ts=3, x0=757887469
P0, tp=3, ts=3, x0=271330754
P0, tp=3, ts=3, x0=725883183
P2, tp=3, ts=3
P3, tp=3, ts=3, x0=292911051
P0, tp=3, ts=3, x0=855879721
P0, tp=3, ts=3, x0=271330754
P2, tp=3, ts=3
P2, tp=3, ts=3
P3, tp=3, ts=3, x0=591812553
P3, tp=3, ts=3, x0=286136032
P2, tp=3, ts=3
P3, tp=3, ts=3, x0=175245603
P0, tp=3, ts=3, x0=91484462
P2, tp=3, ts=3
P2, tp=3, ts=3
P2, tp=3, ts=3
P0, tp=3, ts=3, x0=481711494
P2, tp=3, ts=3
P3, tp=3, ts=3, x0=855879721
P0, tp=3, ts=3, x0=114375686
P1, tp=3, ts=3, x0=392989320, x1=384177193
P2, tp=3, ts=3
P0, tp=3, ts=3, x0=195219644
P0, tp=3, ts=3, x0=287234369
P0, tp=3, ts=3, x0=690945555
P0, tp=3, ts=3, x0=680257802
P0, tp=3, ts=3, x0=757887469
P1, tp=3, ts=3, x0=690945555, x1=713711806
P2, tp=3, ts=3
P3, tp=3, ts=3, x0=918223692
P0, tp=3, ts=3, x0=164718677
P0, tp=3, ts=3, x0=689395199
P2, tp=3, ts=3
P0, tp=3, ts=3, x0=169709190
P0, tp=3, ts=3, x0=390831443
P2, tp=3, ts=3
P0, tp=3, ts=3, x0=390831443
P0, tp=3, ts=3, x0=520025109
P1, tp=3, ts=3, x0=615072235, x1=410054227
P0, tp=3, ts=3, x0=711454865
P0, tp=3, ts=3, x0=231154087
P2, tp=3, ts=3
P2, tp=3, ts=3
P3, tp=3, ts=3, x0=711454865
P0, tp=3, ts=3, x0=666069912
P0, tp=3, ts=3, x0=615072235
P1, tp=3, ts=3, x0=292911051, x1=929621501
P1, tp=3, ts=3, x0=199164441, x1=801509552
P2, tp=3, ts=3
P3, tp=3, ts=3, x0=392989320
P3, tp=3, ts=3, x0=304455931
P0, tp=3, ts=3, x0=90917380
P3, tp=3, ts=3, x0=164718677
P1, tp=3, ts=3, x0=287234369, x1=97101423
P3, tp=3, ts=3, x0=689395199
P1, tp=3, ts=3, x0=918223692, x1=233656121
P1, tp=3, ts=3, x0=964125546, x1=690945555
P1, tp=3, ts=3, x0=353081573, x1=286136032
P0, tp=3, ts=3, x0=689395199
P2, tp=3, ts=3
P3, tp=3, ts=3, x0=713711806
P1, tp=3, ts=3, x0=680257802, x1=322282226
P0, tp=3, ts=3, x0=900700466
P2, tp=3, ts=3
P2, tp=3, ts=3
P2, tp=3, ts=3
P1, tp=3, ts=3, x0=780957688, x1=476130386
P2, tp=3, ts=3
P2, tp=3, ts=3
P2, tp=3, ts=3
P0, tp=3, ts=3, x0=269860718
P0, tp=3, ts=3, x0=649031231
P0, tp=3, ts=3, x0=254989333
P3, tp=3, ts=3, x0=840851095
P0, tp=3, ts=3, x0=287234369
P2, tp=3, ts=3
P0, tp=3, ts=3, x0=317058386
P1, tp=3, ts=3, x0=973098385, x1=231154087
P3, tp=3, ts=3, x0=269860718
P2, tp=3, ts=3
P1, tp=3, ts=3, x0=233656121, x1=923843939
P3, tp=3, ts=3, x0=666069912
P0, tp=3, ts=3, x0=12079716
P0, tp=3, ts=3, x0=304455931
P2, tp=3, ts=3
P3, tp=3, ts=3, x0=636201402
P0, tp=3, ts=3, x0=666069912
P3, tp=3, ts=3, x0=786026892
P2, tp=3, ts=3
P3, tp=3, ts=3, x0=195219644
P1, tp=3, ts=3, x0=409864920, x1=269860718
P3, tp=3, ts=3, x0=935615518
P2, tp=3, ts=3
P2, tp=3, ts=3
P1, tp=3, ts=3, x0=468373969, x1=4784336
P3, tp=3, ts=3, x0=271330754
P3, tp=3, ts=3, x0=647786055
P1, tp=3, ts=3, x0=768676076, x1=175245603
P1, tp=3, ts=3, x0=918223692, x1=392989320
P2, tp=3, ts=3
P3, tp=3, ts=3, x0=271330754
P3, tp=3, ts=3, x0=81025596
P2, tp=3, ts=3
P1, tp=3, ts=3, x0=97101423, x1=592178228
P2, tp=3, ts=3
P3, tp=3, ts=3, x0=103883434
P2, tp=3, ts=3
P3, tp=3, ts=3, x0=287234369
P2, tp=3, ts=3
P1, tp=3, ts=3, x0=757887469, x1=155548109
P2, tp=3, ts=3
P2, tp=3, ts=3
P2, tp=3, ts=3
P2, tp=3, ts=3
P2, tp=3, ts=3
P1, tp=3, ts=3, x0=890468341, x1=786026892
P1, tp=3, ts=3, x0=929621501, x1=458749650
P2, tp=3, ts=3
P1, tp=3, ts=3, x0=690945555, x1=392989320
P1, tp=3, ts=3, x0=468373969, x1=636201402
P2, tp=3, ts=3
P0, tp=3, ts=3, x0=982149770
P1, tp=3, ts=3, x0=890468341, x1=895050005
P3, tp=3, ts=3, x0=114375686
P0, tp=3, ts=3, x0=97101423
P1, tp=3, ts=3, x0=964125546, x1=4784336
P3, tp=3, ts=3, x0=191353083
P1, tp=3, ts=3, x0=304455931, x1=895050005
P0, tp=3, ts=3, x0=725883183
P1, tp=3, ts=3, x0=195219644, x1=217234741
P1, tp=3, ts=3, x0=156465141, x1=193656790
P0, tp=3, ts=3, x0=409864920
P1, tp=3, ts=3, x0=702955027, x1=217234741
P3, tp=3, ts=3, x0=725883183
P2, tp=3, ts=3
P3, tp=3, ts=3, x0=665794784
P0, tp=3, ts=3, x0=233656121
P2, tp=3, ts=3
P2, tp=3, ts=3
P1, tp=3, ts=3, x0=442273573, x1=898932244
P2, tp=3, ts=3
P3, tp=3, ts=3, x0=271330754
P2, tp=3, ts=3
P0, tp=3, ts=3, x0=217234741
P0, tp=3, ts=3, x0=647786055
P1, tp=3, ts=3, x0=442273573, x1=468373969
P2, tp=3, ts=3
P2, tp=3, ts=3
P2, tp=3, ts=3
P1, tp=3, ts=3, x0=592114432, x1=353081573
P2, tp=3, ts=3
P1, tp=3, ts=3, x0=156465141, x1=532672023
P2, tp=3, ts=3
P1, tp=3, ts=3, x0=929621501, x1=978093450
P3, tp=3, ts=3, x0=713579292
P3, tp=3, ts=3, x0=664393022
P3, tp=3, ts=3, x0=780957688
P0, tp=3, ts=3, x0=636201402
P2, tp=3, ts=3
P0, tp=3, ts=3, x0=786026892
P3, tp=3, ts=3, x0=702955027
P1, tp=3, ts=3, x0=392989320, x1=786026892
P1, tp=3, ts=3, x0=4784336, x1=713711806
P3, tp=3, ts=3, x0=786026892
P0, tp=3, ts=3, x0=341761146
P3, tp=3, ts=3, x0=458749650
P2, tp=3, ts=3
P2, tp=3, ts=3
P3, tp=3, ts=3, x0=254989333
P3, tp=3, ts=3, x0=299183796
P1, tp=3, ts=3, x0=135805058, x1=935615518
P3, tp=3, ts=3, x0=26433886
P1, tp=3, ts=3, x0=341761146, x1=929621501
P0, tp=3, ts=3, x0=680257802
P2, tp=3, ts=3
P1, tp=3, ts=3, x0=7269934, x1=973098385
P0, tp=3, ts=3, x0=691007781
P3, tp=3, ts=3, x0=269860718
P1, tp=3, ts=3, x0=317058386, x1=765715713
P0, tp=3, ts=3, x0=898932244
P3, tp=3, ts=3, x0=782347722
P0, tp=3, ts=3, x0=768676076
P2, tp=3, ts=3
P3, tp=3, ts=3, x0=664393022
P0, tp=3, ts=3, x0=7269934
P2, tp=3, ts=3
P2, tp=3, ts=3
P1, tp=3, ts=3, x0=895050005, x1=696837071
P2, tp=3, ts=3
P0, tp=3, ts=3, x0=765715713
P0, tp=3, ts=3, x0=855879721
P2, tp=3, ts=3
P1, tp=3, ts=3, x0=103883434, x1=156465141
P1, tp=3, ts=3, x0=636201402, x1=636201402
P1, tp=3, ts=3, x0=476130386, x1=90917380
P1, tp=3, ts=3, x0=666069912, x1=929621501
P2, tp=3, ts=3
P1, tp=3, ts=3, x0=964125546, x1=713711806
P2, tp=3, ts=3
P1, tp=3, ts=3, x0=90917380, x1=713579292
P1, tp=3, ts=3, x0=468373969, x1=409864920
P2, tp=3, ts=3
P3, tp=3, ts=3, x0=442273573
P2, tp=3, ts=3
P1, tp=3, ts=3, x0=399274317, x1=855124591
P0, tp=3, ts=3, x0=97101423
P1, tp=3, ts=3, x0=978093450, x1=862126338
P2, tp=3, ts=3
P3, tp=3, ts=3, x0=26433886
P0, tp=3, ts=3, x0=801509552
P1, tp=3, ts=3, x0=918223692, x1=374141174
P0, tp=3, ts=3, x0=680257802
P2, tp=3, ts=3
P0, tp=3, ts=3, x0=357483501
P2, tp=3, ts=3
P1, tp=3, ts=3, x0=481711494, x1=782347722
P2, tp=3, ts=3
P2, tp=3, ts=3
P1, tp=3, ts=3, x0=862126338, x1=199164441
P0, tp=3, ts=3, x0=392989320
P1, tp=3, ts=3, x0=982149770, x1=290015491
P1, tp=3, ts=3, x0=861545272, x1=410054227
P3, tp=3, ts=3, x0=855879721
P1, tp=3, ts=3, x0=290015491, x1=721139557
P2, tp=3, ts=3
P1, tp=3, ts=3, x0=978093450, x1=918223692
P2, tp=3, ts=3
P0, tp=3, ts=3, x0=816575475
P2, tp=3, ts=3
P0, tp=3, ts=3, x0=840851095
P1, tp=3, ts=3, x0=754464915, x1=757887469
P3, tp=3, ts=3, x0=468373969
P3, tp=3, ts=3, x0=840851095
P0, tp=3, ts=3, x0=929621501
P3, tp=3, ts=3, x0=592178228
P0, tp=3, ts=3, x0=427917125
P1, tp=3, ts=3, x0=164718677, x1=981708921
P2, tp=3, ts=3
P1, tp=3, ts=3, x0=981708921, x1=199164441
P2, tp=3, ts=3
P2, tp=3, ts=3
P3, tp=3, ts=3, x0=964125546
P0, tp=3, ts=3, x0=794071699
P2, tp=3, ts=3
P1, tp=3, ts=3, x0=81025596, x1=299183796
P0, tp=3, ts=3, x0=199164441
P0, tp=3, ts=3, x0=81025596
P2, tp=3, ts=3
P3, tp=3, ts=3, x0=143147677
P1, tp=3, ts=3, x0=711454865, x1=757887469
P0, tp=3, ts=3, x0=782347722
P2, tp=3, ts=3
P1, tp=3, ts=3, x0=175245603, x1=757887469
P2, tp=3, ts=3
P1, tp=3, ts=3, x0=17971017, x1=90917380
P0, tp=3, ts=3, x0=620741146
P1, tp=3, ts=3, x0=696837071, x1=592178228
P3, tp=3, ts=3, x0=347227054
P2, tp=3, ts=3
P2, tp=3, ts=3
P1, tp=3, ts=3, x0=978093450, x1=26433886
P1, tp=3, ts=3, x0=754464915, x1=299183796
P2, tp=3, ts=3
P1, tp=3, ts=3, x0=664244898, x1=615072235
P0, tp=3, ts=3, x0=458749650
P3, tp=3, ts=3, x0=254989333
P2, tp=3, ts=3
P3, tp=3, ts=3, x0=347227054
P3, tp=3, ts=3, x0=468373969
P3, tp=3, ts=3, x0=754464915
P0, tp=3, ts=3, x0=322282226
P1, tp=3, ts=3, x0=647786055, x1=861545272
P3, tp=3, ts=3, x0=322282226
P0, tp=3, ts=3, x0=427917125
P1, tp=3, ts=3, x0=680257802, x1=384177193
P2, tp=3, ts=3
P0, tp=3, ts=3, x0=664244898
P0, tp=3, ts=3, x0=156465141
P0, tp=3, ts=3, x0=741333991
P1, tp=3, ts=3, x0=468373969, x1=357483501
P0, tp=3, ts=3, x0=410054227
P1, tp=3, ts=3, x0=439967705, x1=690945555
P0, tp=3, ts=3, x0=664393022
P0, tp=3, ts=3, x0=55627669
P2, tp=3, ts=3
P1, tp=3, ts=3, x0=615072235, x1=664393022
P0, tp=3, ts=3, x0=982149770
P1, tp=3, ts=3, x0=929621501, x1=299183796
P0, tp=3, ts=3, x0=647786055
P3, tp=3, ts=3, x0=169902816
P3, tp=3, ts=3, x0=210178946
P1, tp=3, ts=3, x0=193656790, x1=169902816
P3, tp=3, ts=3, x0=713579292
P2, tp=3, ts=3
P0, tp=3, ts=3, x0=90917380
P2, tp=3, ts=3
P1, tp=3, ts=3, x0=982149770, x1=982149770
P2, tp=3, ts=3
P2, tp=3, ts=3
P3, tp=3, ts=3, x0=741366095
P1, tp=3, ts=3, x0=55627669, x1=615072235
P1, tp=3, ts=3, x0=978093450, x1=855124591
P0, tp=3, ts=3, x0=269860718
P3, tp=3, ts=3, x0=782347722
P3, tp=3, ts=3, x0=782347722
P1, tp=3, ts=3, x0=818659379, x1=90917380
P3, tp=3, ts=3, x0=156465141
P1, tp=3, ts=3, x0=782347722, x1=691007781
P3, tp=3, ts=3, x0=763512129
P0, tp=3, ts=3, x0=481711494
P2, tp=3, ts=3
P2, tp=3, ts=3
P2, tp=3, ts=3
P0, tp=3, ts=3, x0=399274317
P0, tp=3, ts=3, x0=81025596
P0, tp=3, ts=3, x0=757887469
P2, tp=3, ts=3
P2, tp=3, ts=3
P0, tp=3, ts=3, x0=590881077
P2, tp=3, ts=3
P1, tp=3, ts=3, x0=290015491, x1=143147677
P1, tp=3, ts=3, x0=90917380, x1=409864920
P1, tp=3, ts=3, x0=4784336, x1=923843939
P2, tp=3, ts=3
P1, tp=3, ts=3, x0=898932244, x1=169902816
P1, tp=3, ts=3, x0=17971017, x1=590881077
P3, tp=3, ts=3, x0=840851095
P0, tp=3, ts=3, x0=768676076
P2, tp=3, ts=3
P3, tp=3, ts=3, x0=923843939
P1, tp=3, ts=3, x0=506382430, x1=114375686
P3, tp=3, ts=3, x0=690945555
P3, tp=3, ts=3, x0=702955027
P2, tp=3, ts=3
P3, tp=3, ts=3, x0=711454865
P1, tp=3, ts=3, x0=90917380, x1=706281422
P2, tp=3, ts=3
P3, tp=3, ts=3, x0=713711806
P1, tp=3, ts=3, x0=221601032, x1=543683985
P2, tp=3, ts=3
P0, tp=3, ts=3, x0=714335726
P0, tp=3, ts=3, x0=532672023
P0, tp=3, ts=3, x0=691007781
P1, tp=3, ts=3, x0=384177193, x1=763512129
P2, tp=3, ts=3
P2, tp=3, ts=3
P2, tp=3, ts=3
P0, tp=3, ts=3, x0=399274317
P0, tp=3, ts=3, x0=713711806
P1, tp=3, ts=3, x0=521629767, x1=26433886
P2, tp=3, ts=3
P2, tp=3, ts=3
P2, tp=3, ts=3
P3, tp=3, ts=3, x0=532672023
P1, tp=3, ts=3, x0=666069912, x1=374141174
P0, tp=3, ts=3, x0=636201402
P0, tp=3, ts=3, x0=794071699
P3, tp=3, ts=3, x0=664393022
P0, tp=3, ts=3, x0=590881077
P2, tp=3, ts=3
P1, tp=3, ts=3, x0=680257802, x1=521629767
P2, tp=3, ts=3
P3, tp=3, ts=3, x0=801509552
P1, tp=3, ts=3, x0=836770281, x1=923843939
P2, tp=3, ts=3
P1, tp=3, ts=3, x0=481711494, x1=647786055
P2, tp=3, ts=3
P3, tp=3, ts=3, x0=458749650
P1, tp=3, ts=3, x0=780957688, x1=221601032
P2, tp=3, ts=3
P2, tp=3, ts=3
P3, tp=3, ts=3, x0=4784336
P3, tp=3, ts=3, x0=357483501
P0, tp=3, ts=3, x0=143147677
P0, tp=3, ts=3, x0=468373969
P3, tp=3, ts=3, x0=409864920
P3, tp=3, ts=3, x0=399274317
P1, tp=3, ts=3, x0=691007781, x1=81025596
P1, tp=3, ts=3, x0=717187128, x1=137855321
P0, tp=3, ts=3, x0=506382430
P0, tp=3, ts=3, x0=217234741
P2, tp=3, ts=3
P0, tp=3, ts=3, x0=666069912
P2, tp=3, ts=3
P2, tp=3, ts=3
P3, tp=3, ts=3, x0=271330754
P0, tp=3, ts=3, x0=994114840
P2, tp=3, ts=3
P0, tp=3, ts=3, x0=861545272
P2, tp=3, ts=3
P2, tp=3, ts=3
P2, tp=3, ts=3
P2, tp=3, ts=3
P1, tp=3, ts=3, x0=439967705, x1=855879721
P2, tp=3, ts=3
P0, tp=3, ts=3, x0=524489671
P0, tp=3, ts=3, x0=599149631
P3, tp=3, ts=3, x0=410054227
P2, tp=3, ts=3
P1, tp=3, ts=3, x0=713579292, x1=680257802
P1, tp=3, ts=3, x0=143147677, x1=649031231
P2, tp=3, ts=3
P1, tp=3, ts=3, x0=254989333, x1=521629767
P1, tp=3, ts=3, x0=682904797, x1=714335726
P2, tp=3, ts=3
P2, tp=3, ts=3
P0, tp=3, ts=3, x0=249338976
P3, tp=3, ts=3, x0=12079716
P1, tp=3, ts=3, x0=995310227, x1=741333991
P0, tp=3, ts=3, x0=427917125
P0, tp=3, ts=3, x0=269860718
P0, tp=3, ts=3, x0=55627669
P2, tp=3, ts=3
P2, tp=3, ts=3
P0, tp=3, ts=3, x0=524489671
P2, tp=3, ts=3
P0, tp=3, ts=3, x0=78814145
P3, tp=3, ts=3, x0=590881077
P0, tp=3, ts=3, x0=290015491
P2, tp=3, ts=3
P2, tp=3, ts=3
P1, tp=3, ts=3, x0=590881077, x1=283691082
P3, tp=3, ts=3, x0=290015491
P2, tp=3, ts=3
P3, tp=3, ts=3, x0=994114840
P1, tp=3, ts=3, x0=982149770, x1=427917125
P1, tp=3, ts=3, x0=78814145, x1=55627669
P2, tp=3, ts=3
P3, tp=3, ts=3, x0=599149631
P0, tp=3, ts=3, x0=964125546
P0, tp=3, ts=3, x0=175245603
P0, tp=3, ts=3, x0=292911051
P1, tp=3, ts=3, x0=442273573, x1=682904797
P3, tp=3, ts=3, x0=741366095
P0, tp=3, ts=3, x0=682904797
P1, tp=3, ts=3, x0=468373969, x1=169709190
P2, tp=3, ts=3
P0, tp=3, ts=3, x0=532672023
P0, tp=3, ts=3, x0=682904797
P0, tp=3, ts=3, x0=318199095
P1, tp=3, ts=3, x0=481711494, x1=855124591
P1, tp=3, ts=3, x0=137855321, x1=290015491
P0, tp=3, ts=3, x0=90917380
P2, tp=3, ts=3
P2, tp=3, ts=3
P2, tp=3, ts=3
P3, tp=3, ts=3, x0=169902816
P3, tp=3, ts=3, x0=410054227
P2, tp=3, ts=3
P3, tp=3, ts=3, x0=818659379
P3, tp=3, ts=3, x0=218214545
P2, tp=3, ts=3
P2, tp=3, ts=3
P0, tp=3, ts=3, x0=90917380
P3, tp=3, ts=3, x0=682904797
P0, tp=3, ts=3, x0=964125546
P2, tp=3, ts=3
P0, tp=3, ts=3, x0=283691082
P0, tp=3, ts=3, x0=690945555
P2, tp=3, ts=3
P3, tp=3, ts=3, x0=317058386
P2, tp=3, ts=3
P1, tp=3, ts=3, x0=763512129, x1=217234741
P1, tp=3, ts=3, x0=757887469, x1=357483501
P0, tp=3, ts=3, x0=763512129
P3, tp=3, ts=3, x0=97101423
P3, tp=3, ts=3, x0=615072235
P2, tp=3, ts=3
P2, tp=3, ts=3
P1, tp=3, ts=3, x0=664244898, x1=840851095
P3, tp=3, ts=3, x0=570285474
P3, tp=3, ts=3, x0=55627669
P1, tp=3, ts=3, x0=384177193, x1=862126338
P2, tp=3, ts=3
P0, tp=3, ts=3, x0=780957688
P2, tp=3, ts=3
P0, tp=3, ts=3, x0=794071699
P0, tp=3, ts=3, x0=763512129
P0, tp=3, ts=3, x0=318199095
P2, tp=3, ts=3
P2, tp=3, ts=3
P3, tp=3, ts=3, x0=169709190
P3, tp=3, ts=3, x0=918223692
P0, tp=3, ts=3, x0=218214545
P1, tp=3, ts=3, x0=615072235, x1=741366095
P0, tp=3, ts=3, x0=763512129
P2, tp=3, ts=3
P1, tp=3, ts=3, x0=221601032, x1=964125546
P2, tp=3, ts=3
P0, tp=3, ts=3, x0=599149631
P2, tp=3, ts=3
P0, tp=3, ts=3, x0=218214545
P2, tp=3, ts=3
P0, tp=3, ts=3, x0=524489671
P2, tp=3, ts=3
P2, tp=3, ts=3
P0, tp=3, ts=3, x0=410054227
P1, tp=3, ts=3, x0=664244898, x1=754464915
P1, tp=3, ts=3, x0=292911051, x1=97101423
P0, tp=3, ts=3, x0=399274317
P3, tp=3, ts=3, x0=818659379
P1, tp=3, ts=3, x0=801509552, x1=918223692
P3, tp=3, ts=3, x0=221601032
P0, tp=3, ts=3, x0=399274317
P0, tp=3, ts=3, x0=524489671
P3, tp=3, ts=3, x0=994114840
P3, tp=3, ts=3, x0=114375686
P2, tp=3, ts=3
P1, tp=3, ts=3, x0=840851095, x1=964125546
P2, tp=3, ts=3
P1, tp=3, ts=3, x0=831624436, x1=782347722
P3, tp=3, ts=3, x0=682904797
P2, tp=3, ts=3
P1, tp=3, ts=3, x0=664393022, x1=384177193
P2, tp=3, ts=3
P0, tp=3, ts=3, x0=521629767
P1, tp=3, ts=3, x0=169902816, x1=253158667
P1, tp=3, ts=3, x0=570285474, x1=994114840
P1, tp=4, ts=4, x0=782347722, x1=855879721
P3, tp=4, ts=4, x0=786026892
P1, tp=4, ts=4, x0=78814145, x1=714335726
P1, tp=4, ts=4, x0=840851095, x1=193656790
P1, tp=4, ts=4, x0=929621501, x1=898932244
P0, tp=4, ts=4, x0=78814145
P3, tp=4, ts=4, x0=765715713
P3, tp=4, ts=4, x0=649031231
P0, tp=4, ts=4, x0=836770281
P1, tp=4, ts=4, x0=620741146, x1=59921851
P2, tp=4, ts=4
P2, tp=4, ts=4
P1, tp=4, ts=4, x0=221601032, x1=532672023
P2, tp=4, ts=4
P2, tp=4, ts=4
P0, tp=4, ts=4, x0=374141174
P3, tp=4, ts=4, x0=357483501
P2, tp=4, ts=4
P0, tp=4, ts=4, x0=481711494
P0, tp=4, ts=4, x0=322282226
P0, tp=4, ts=4, x0=155548109
P0, tp=4, ts=4, x0=12079716
P1, tp=4, ts=4, x0=12079716, x1=271330754
P3, tp=4, ts=4, x0=741366095
P3, tp=4, ts=4, x0=292911051
P0, tp=4, ts=4, x0=918223692
P0, tp=4, ts=4, x0=682904797
P2, tp=4, ts=4
P1, tp=4, ts=4, x0=175245603, x1=570285474
P2, tp=4, ts=4
P1, tp=4, ts=4, x0=532672023, x1=4784336
P3, tp=4, ts=4, x0=682904797
P2, tp=4, ts=4
P1, tp=4, ts=4, x0=978093450, x1=199164441
P3, tp=4, ts=4, x0=384177193
P0, tp=4, ts=4, x0=964606019
P1, tp=4, ts=4, x0=481711494, x1=964606019
P1, tp=4, ts=4, x0=855124591, x1=571211854
P2, tp=4, ts=4
P0, tp=4, ts=4, x0=831624436
P2, tp=4, ts=4
P0, tp=4, ts=4, x0=82136293
P0, tp=4, ts=4, x0=156465141
P3, tp=4, ts=4, x0=175245603
P3, tp=4, ts=4, x0=269860718
P2, tp=4, ts=4
P3, tp=4, ts=4, x0=861545272
P2, tp=4, ts=4
P0, tp=4, ts=4, x0=18066276
P2, tp=4, ts=4
P2, tp=4, ts=4
P2, tp=4, ts=4
P1, tp=4, ts=4, x0=521629767, x1=290015491
P3, tp=4, ts=4, x0=982149770
P1, tp=4, ts=4, x0=78814145, x1=714335726
P0, tp=4, ts=4, x0=571211854
P0, tp=4, ts=4, x0=741333991
P2, tp=4, ts=4
P0, tp=4, ts=4, x0=193656790
P3, tp=4, ts=4, x0=917552990
P0, tp=4, ts=4, x0=137855321
P0, tp=4, ts=4, x0=17971017
P1, tp=4, ts=4, x0=855879721, x1=840851095
P1, tp=4, ts=4, x0=341761146, x1=481711494
P1, tp=4, ts=4, x0=978093450, x1=143147677
P3, tp=4, ts=4, x0=59921851
P2, tp=4, ts=4
P2, tp=4, ts=4
P2, tp=4, ts=4
P0, tp=4, ts=4, x0=565114233
P2, tp=4, ts=4
P1, tp=4, ts=4, x0=649031231, x1=322282226
P3, tp=4, ts=4, x0=521629767
P0, tp=4, ts=4, x0=217234741
P2, tp=4, ts=4
P3, tp=4, ts=4, x0=55627669
P1, tp=4, ts=4, x0=994114840, x1=458749650
P0, tp=4, ts=4, x0=590881077
P1, tp=4, ts=4, x0=917552990, x1=917552990
P1, tp=4, ts=4, x0=801509552, x1=682904797
P1, tp=4, ts=4, x0=780957688, x1=175245603
P0, tp=4, ts=4, x0=233656121
P3, tp=4, ts=4, x0=458749650
P0, tp=4, ts=4, x0=964606019
P3, tp=4, ts=4, x0=994114840
P3, tp=4, ts=4, x0=714335726
P3, tp=4, ts=4, x0=678583550
P0, tp=4, ts=4, x0=143147677
P0, tp=4, ts=4, x0=18066276
P0, tp=4, ts=4, x0=521629767
P3, tp=4, ts=4, x0=241608244
P2, tp=4, ts=4
P0, tp=4, ts=4, x0=290015491
P1, tp=4, ts=4, x0=269860718, x1=682904797
P0, tp=4, ts=4, x0=532672023
P3, tp=4, ts=4, x0=410054227
P0, tp=4, ts=4, x0=81025596
P3, tp=4, ts=4, x0=155548109
P1, tp=4, ts=4, x0=217234741, x1=615072235
P2, tp=4, ts=4
P0, tp=4, ts=4, x0=592178228
P2, tp=4, ts=4
P0, tp=4, ts=4, x0=82136293
P2, tp=4, ts=4
P1, tp=4, ts=4, x0=768676076, x1=599149631
P1, tp=4, ts=4, x0=254989333, x1=283691082
P2, tp=4, ts=4
P3, tp=4, ts=4, x0=994447149
P1, tp=4, ts=4, x0=271330754, x1=763512129
P1, tp=4, ts=4, x0=713711806, x1=664393022
P2, tp=4, ts=4
P3, tp=4, ts=4, x0=714531378
P1, tp=4, ts=4, x0=598436321, x1=292911051
P1, tp=4, ts=4, x0=543683985, x1=741333991
P3, tp=4, ts=4, x0=175245603
P3, tp=4, ts=4, x0=978093450
P1, tp=4, ts=4, x0=831624436, x1=599149631
P1, tp=4, ts=4, x0=399274317, x1=375245637
P1, tp=4, ts=4, x0=763512129, x1=221601032
P0, tp=4, ts=4, x0=271330754
P0, tp=4, ts=4, x0=682904797
P2, tp=4, ts=4
P0, tp=4, ts=4, x0=615072235
P1, tp=4, ts=4, x0=592178228, x1=329512743
P1, tp=4, ts=4, x0=783659908, x1=714531378
P1, tp=4, ts=4, x0=664244898, x1=861545272
P1, tp=4, ts=4, x0=143147677, x1=816575475
P0, tp=4, ts=4, x0=713711806
P1, tp=4, ts=4, x0=604178919, x1=329512743
P1, tp=4, ts=4, x0=10882792, x1=898932244
P0, tp=4, ts=4, x0=18066276
P0, tp=4, ts=4, x0=447298760
P0, tp=4, ts=4, x0=918223692
P0, tp=4, ts=4, x0=137855321
P2, tp=4, ts=4
P2, tp=4, ts=4
P0, tp=4, ts=4, x0=565114233
P2, tp=4, ts=4
P3, tp=4, ts=4, x0=836770281
P3, tp=4, ts=4, x0=818659379
P3, tp=4, ts=4, x0=964606019
P0, tp=4, ts=4, x0=783659908
P1, tp=4, ts=4, x0=571211854, x1=524489671
P2, tp=4, ts=4
P0, tp=4, ts=4, x0=604178919
P1, tp=4, ts=4, x0=680257802, x1=964606019
P0, tp=4, ts=4, x0=218214545
P0, tp=4, ts=4, x0=26433886
P0, tp=4, ts=4, x0=169709190
P1, tp=4, ts=4, x0=90917380, x1=702955027
P2, tp=4, ts=4
P1, tp=4, ts=4, x0=82136293, x1=249338976
P2, tp=4, ts=4
P3, tp=4, ts=4, x0=713711806
P2, tp=4, ts=4
P3, tp=4, ts=4, x0=818659379
P3, tp=4, ts=4, x0=318199095
P0, tp=4, ts=4, x0=90917380
P1, tp=4, ts=4, x0=269860718, x1=217234741
P0, tp=4, ts=4, x0=855879721
P1, tp=4, ts=4, x0=233656121, x1=410054227
P2, tp=4, ts=4
P3, tp=4, ts=4, x0=249338976
P1, tp=4, ts=4, x0=598436321, x1=649031231
P3, tp=4, ts=4, x0=137855321
P1, tp=4, ts=4, x0=682904797, x1=527902242
P3, tp=4, ts=4, x0=269860718
P3, tp=4, ts=4, x0=442273573
P3, tp=4, ts=4, x0=233656121
P1, tp=4, ts=4, x0=447298760, x1=763512129
P1, tp=4, ts=4, x0=995310227, x1=447298760
P0, tp=4, ts=4, x0=801509552
P2, tp=4, ts=4
P0, tp=4, ts=4, x0=714335726
P2, tp=4, ts=4
P2, tp=4, ts=4
P2, tp=4, ts=4
P0, tp=4, ts=4, x0=706281422
P1, tp=4, ts=4, x0=702955027, x1=169902816
P1, tp=4, ts=4, x0=410054227, x1=26433886
P2, tp=4, ts=4
P0, tp=4, ts=4, x0=375245637
P2, tp=4, ts=4
P0, tp=4, ts=4, x0=994447149
P0, tp=4, ts=4, x0=329512743
P2, tp=4, ts=4
P3, tp=4, ts=4, x0=794071699
P0, tp=4, ts=4, x0=18066276
P1, tp=4, ts=4, x0=604178919, x1=198565719
P3, tp=4, ts=4, x0=592178228
P1, tp=4, ts=4, x0=143147677, x1=254989333
P0, tp=4, ts=4, x0=714335726
P0, tp=4, ts=4, x0=175245603
P0, tp=4, ts=4, x0=768676076
P0, tp=4, ts=4, x0=898932244
P1, tp=4, ts=4, x0=527902242, x1=193656790
P1, tp=4, ts=4, x0=524489671, x1=917552990
P1, tp=4, ts=4, x0=783659908, x1=90917380
P0, tp=4, ts=4, x0=527902242
P2, tp=4, ts=4
P0, tp=4, ts=4, x0=691007781
P2, tp=4, ts=4
P2, tp=4, ts=4
P2, tp=4, ts=4
P2, tp=4, ts=4
P1, tp=4, ts=4, x0=571211854, x1=506382430
P0, tp=4, ts=4, x0=664393022
P1, tp=4, ts=4, x0=939198952, x1=570285474
P3, tp=4, ts=4, x0=269860718
P1, tp=4, ts=4, x0=137855321, x1=763512129
P1, tp=4, ts=4, x0=290015491, x1=628453384
P2, tp=4, ts=4
P1, tp=4, ts=4, x0=17971017, x1=713579292
P3, tp=4, ts=4, x0=768676076
P0, tp=4, ts=4, x0=604178919
P2, tp=4, ts=4
P3, tp=4, ts=4, x0=374141174
P3, tp=4, ts=4, x0=399274317
P3, tp=4, ts=4, x0=233656121
P3, tp=4, ts=4, x0=153488987
P1, tp=4, ts=4, x0=399274317, x1=290015491
P2, tp=4, ts=4
P3, tp=4, ts=4, x0=763512129
P1, tp=4, ts=4, x0=763512129, x1=898932244
P0, tp=4, ts=4, x0=978093450
P3, tp=4, ts=4, x0=794071699
P2, tp=4, ts=4
P1, tp=4, ts=4, x0=995310227, x1=439967705
P1, tp=4, ts=4, x0=442273573, x1=241608244
P0, tp=4, ts=4, x0=741333991
P3, tp=4, ts=4, x0=763512129
P0, tp=4, ts=4, x0=590881077
P0, tp=4, ts=4, x0=455918886
P2, tp=4, ts=4
P3, tp=4, ts=4, x0=10882792
P2, tp=4, ts=4
P2, tp=4, ts=4
P1, tp=4, ts=4, x0=455918886, x1=169709190
P3, tp=4, ts=4, x0=571211854
P0, tp=4, ts=4, x0=836770281
P2, tp=4, ts=4
P2, tp=4, ts=4
P2, tp=4, ts=4
P2, tp=4, ts=4
P3, tp=4, ts=4, x0=993926176
P1, tp=4, ts=4, x0=18066276, x1=714531378
P2, tp=4, ts=4
P2, tp=4, ts=4
P2, tp=4, ts=4
P3, tp=4, ts=4, x0=917552990
P3, tp=4, ts=4, x0=137855321
P1, tp=4, ts=4, x0=78814145, x1=714531378
P0, tp=4, ts=4, x0=664393022
P0, tp=4, ts=4, x0=458749650
P2, tp=4, ts=4
P3, tp=4, ts=4, x0=532672023
P2, tp=4, ts=4
P3, tp=4, ts=4, x0=599208056
P0, tp=4, ts=4, x0=543683985
P1, tp=4, ts=4, x0=217234741, x1=137855321
P1, tp=4, ts=4, x0=818659379, x1=521629767
P0, tp=4, ts=4, x0=253158667
P1, tp=4, ts=4, x0=678583550, x1=879171845
P3, tp=4, ts=4, x0=711454865
P3, tp=4, ts=4, x0=241608244
P0, tp=4, ts=4, x0=794071699
P3, tp=4, ts=4, x0=598436321
P1, tp=4, ts=4, x0=374141174, x1=315387163
P1, tp=4, ts=4, x0=782347722, x1=691007781
P1, tp=4, ts=4, x0=12079716, x1=741333991
P0, tp=4, ts=4, x0=198565719
P3, tp=4, ts=4, x0=855879721
P1, tp=4, ts=4, x0=599208056, x1=780957688
P3, tp=4, ts=4, x0=455918886
P3, tp=4, ts=4, x0=765715713
P3, tp=4, ts=4, x0=918223692
P1, tp=4, ts=4, x0=918223692, x1=218214545
P0, tp=4, ts=4, x0=455918886
P3, tp=4, ts=4, x0=939198952
P0, tp=4, ts=4, x0=840998338
P1, tp=4, ts=4, x0=253158667, x1=221601032
P1, tp=4, ts=4, x0=818659379, x1=521629767
P2, tp=4, ts=4
P1, tp=4, ts=4, x0=649031231, x1=702955027
P3, tp=4, ts=4, x0=818659379
P0, tp=4, ts=4, x0=484831502
P1, tp=4, ts=4, x0=524489671, x1=917552990
P1, tp=4, ts=4, x0=439967705, x1=137855321
P1, tp=4, ts=4, x0=818659379, x1=78814145
P1, tp=4, ts=4, x0=571211854, x1=711454865
P2, tp=4, ts=4
P2, tp=4, ts=4
P0, tp=4, ts=4, x0=780957688
P1, tp=4, ts=4, x0=780957688, x1=964606019
P2, tp=4, ts=4
P1, tp=4, ts=4, x0=366588035, x1=455918886
P0, tp=4, ts=4, x0=116728515
P2, tp=4, ts=4
P2, tp=4, ts=4
P0, tp=4, ts=4, x0=702955027
P2, tp=4, ts=4
P0, tp=4, ts=4, x0=18066276
P3, tp=4, ts=4, x0=329512743
P0, tp=4, ts=4, x0=591913378
P1, tp=4, ts=4, x0=143147677, x1=143147677
P1, tp=4, ts=4, x0=805572368, x1=220895260
P0, tp=4, ts=4, x0=994447149
P3, tp=4, ts=4, x0=366588035
P3, tp=4, ts=4, x0=153488987
P1, tp=4, ts=4, x0=783659908, x1=137855321
P0, tp=4, ts=4, x0=711454865
P2, tp=4, ts=4
P0, tp=4, ts=4, x0=210178946
P0, tp=4, ts=4, x0=455918886
P3, tp=4, ts=4, x0=241608244
P3, tp=4, ts=4, x0=341761146
P3, tp=4, ts=4, x0=468373969
P1, tp=4, ts=4, x0=713579292, x1=524489671
P0, tp=4, ts=4, x0=590881077
P0, tp=4, ts=4, x0=175245603
P0, tp=4, ts=4, x0=198565719
P2, tp=4, ts=4
P3, tp=4, ts=4, x0=918223692
P1, tp=4, ts=4, x0=198565719, x1=90917380
P1, tp=4, ts=4, x0=394765550, x1=828273723
P2, tp=4, ts=4
P3, tp=4, ts=4, x0=994447149
P0, tp=4, ts=4, x0=628453384
P3, tp=4, ts=4, x0=283691082
P2, tp=4, ts=4
P3, tp=4, ts=4, x0=649031231
P3, tp=4, ts=4, x0=836770281
P0, tp=4, ts=4, x0=929621501
P0, tp=4, ts=4, x0=570285474
P1, tp=4, ts=4, x0=898932244, x1=153488987
P2, tp=4, ts=4
P1, tp=4, ts=4, x0=241608244, x1=591913378
P3, tp=4, ts=4, x0=210178946
P1, tp=4, ts=4, x0=394765550, x1=758616499
P3, tp=4, ts=4, x0=711454865
P3, tp=4, ts=4, x0=780957688
P0, tp=4, ts=4, x0=816575475
P1, tp=4, ts=4, x0=475693241, x1=455918886
P1, tp=4, ts=4, x0=399274317, x1=628453384
P0, tp=4, ts=4, x0=741366095
P2, tp=4, ts=4
P0, tp=4, ts=4, x0=254989333
P3, tp=4, ts=4, x0=175245603
P3, tp=4, ts=4, x0=198565719
P1, tp=4, ts=4, x0=249338976, x1=524489671
P0, tp=4, ts=4, x0=143147677
P0, tp=4, ts=4, x0=929621501
P3, tp=4, ts=4, x0=678583550
P2, tp=4, ts=4
P2, tp=4, ts=4
P2, tp=4, ts=4
P3, tp=4, ts=4, x0=765715713
P3, tp=4, ts=4, x0=10882792
P0, tp=4, ts=4, x0=896608822
P0, tp=4, ts=4, x0=341761146
P0, tp=4, ts=4, x0=680257802
P2, tp=4, ts=4
P1, tp=4, ts=4, x0=17971017, x1=816575475
P2, tp=4, ts=4
P1, tp=4, ts=4, x0=741333991, x1=879171845
P2, tp=4, ts=4
P1, tp=4, ts=4, x0=318199095, x1=818659379
P3, tp=4, ts=4, x0=840998338
P0, tp=4, ts=4, x0=978093450
P1, tp=4, ts=4, x0=570285474, x1=262628136
P3, tp=4, ts=4, x0=374141174
P3, tp=4, ts=4, x0=767372659
P0, tp=4, ts=4, x0=741333991
P3, tp=4, ts=4, x0=253158667
P1, tp=4, ts=4, x0=262628136, x1=664244898
P2, tp=4, ts=4
P3, tp=4, ts=4, x0=929621501
P1, tp=4, ts=4, x0=816575475, x1=570285474
P2, tp=4, ts=4
P0, tp=4, ts=4, x0=840998338
P2, tp=4, ts=4
P1, tp=4, ts=4, x0=373087683, x1=599208056
P2, tp=4, ts=4
P1, tp=4, ts=4, x0=590881077, x1=439967705
P3, tp=4, ts=4, x0=994573408
P3, tp=4, ts=4, x0=458749650
P0, tp=4, ts=4, x0=741333991
P2, tp=4, ts=4
P1, tp=4, ts=4, x0=366588035, x1=82136293
P3, tp=4, ts=4, x0=97872481
P3, tp=4, ts=4, x0=484831502
P3, tp=4, ts=4, x0=917552990
P3, tp=4, ts=4, x0=879171845
P0, tp=4, ts=4, x0=917552990
P2, tp=4, ts=4
P2, tp=4, ts=4
P1, tp=4, ts=4, x0=97872481, x1=964606019
P3, tp=4, ts=4, x0=97872481
P0, tp=4, ts=4, x0=768676076
P1, tp=4, ts=4, x0=137855321, x1=78814145
P1, tp=4, ts=4, x0=598436321, x1=527902242
P3, tp=4, ts=4, x0=358764715
P0, tp=4, ts=4, x0=218214545
P2, tp=4, ts=4
P2, tp=4, ts=4
P2, tp=4, ts=4
P0, tp=4, ts=4, x0=484831502
P3, tp=4, ts=4, x0=758616499
P0, tp=4, ts=4, x0=898932244
P3, tp=4, ts=4, x0=455918886
P0, tp=4, ts=4, x0=994114840
P1, tp=4, ts=4, x0=711454865, x1=725356751
P0, tp=4, ts=4, x0=373087683
P0, tp=4, ts=4, x0=220895260
P3, tp=4, ts=4, x0=964606019
P0, tp=4, ts=4, x0=994447149
P0, tp=4, ts=4, x0=358764715
P1, tp=4, ts=4, x0=599208056, x1=691007781
P0, tp=4, ts=4, x0=879171845
P0, tp=4, ts=4, x0=484831502
P1, tp=4, ts=4, x0=767372659, x1=455918886
P0, tp=4, ts=4, x0=283691082
P0, tp=4, ts=4, x0=711454865
P0, tp=4, ts=4, x0=283691082
P2, tp=4, ts=4
P1, tp=4, ts=4, x0=18066276, x1=358764715
P3, tp=4, ts=4, x0=442273573
P3, tp=4, ts=4, x0=475693241
P3, tp=4, ts=4, x0=917552990
P3, tp=4, ts=4, x0=421759463
P2, tp=4, ts=4
P1, tp=4, ts=4, x0=169902816, x1=786026892
P1, tp=4, ts=4, x0=828273723, x1=221601032
P1, tp=4, ts=4, x0=221601032, x1=571211854
P0, tp=4, ts=4, x0=725356751
P2, tp=4, ts=4
P3, tp=4, ts=4, x0=917552990
P2, tp=4, ts=4
P3, tp=4, ts=4, x0=691007781
P1, tp=4, ts=4, x0=283691082, x1=816575475
P1, tp=4, ts=4, x0=26433886, x1=241608244
P3, tp=4, ts=4, x0=269860718
P0, tp=4, ts=4, x0=18066276
P2, tp=4, ts=4
P2, tp=4, ts=4
P3, tp=4, ts=4, x0=198565719
P3, tp=4, ts=4, x0=283691082
P3, tp=4, ts=4, x0=917552990
P2, tp=4, ts=4
P1, tp=4, ts=4, x0=253158667, x1=373087683
P2, tp=4, ts=4
P0, tp=4, ts=4, x0=776569738
P2, tp=4, ts=4
P2, tp=4, ts=4
P3, tp=4, ts=4, x0=270242083
P2, tp=4, ts=4
P2, tp=4, ts=4
P1, tp=4, ts=4, x0=366588035, x1=828273723
P0, tp=4, ts=4, x0=840998338
P2, tp=4, ts=4
P0, tp=4, ts=4, x0=270242083
P2, tp=4, ts=4
P0, tp=4, ts=4, x0=604178919
P2, tp=4, ts=4
P0, tp=4, ts=4, x0=591913378
P3, tp=4, ts=4, x0=896608822
P0, tp=4, ts=4, x0=993926176
P1, tp=4, ts=4, x0=521629767, x1=399274317
P3, tp=4, ts=4, x0=758616499
P2, tp=4, ts=4
P2, tp=4, ts=4
P2, tp=4, ts=4
P3, tp=4, ts=4, x0=776569738
P0, tp=4, ts=4, x0=678583550
P3, tp=4, ts=4, x0=917552990
P3, tp=4, ts=4, x0=782347722
P2, tp=4, ts=4
P0, tp=4, ts=4, x0=217234741
P1, tp=4, ts=4, x0=399274317, x1=249338976
P0, tp=4, ts=4, x0=199169903
P1, tp=4, ts=4, x0=442273573, x1=782347722
P0, tp=4, ts=4, x0=604178919
P1, tp=4, ts=4, x0=782347722, x1=896608822
P3, tp=4, ts=4, x0=62949616
P3, tp=4, ts=4, x0=604178919
P1, tp=4, ts=4, x0=725356751, x1=198565719
P2, tp=4, ts=4
P2, tp=4, ts=4
P1, tp=4, ts=4, x0=153488987, x1=421759463
P2, tp=4, ts=4
P0, tp=4, ts=4, x0=241608244
P0, tp=4, ts=4, x0=532672023
P3, tp=4, ts=4, x0=218214545
P3, tp=4, ts=4, x0=836770281
P2, tp=4, ts=4
P2, tp=4, ts=4
P2, tp=4, ts=4
P0, tp=4, ts=4, x0=221601032
P2, tp=4, ts=4
P0, tp=4, ts=4, x0=262628136
P2, tp=4, ts=4
P3, tp=4, ts=4, x0=521629767
P3, tp=4, ts=4, x0=768676076
P2, tp=4, ts=4
P2, tp=4, ts=4
P3, tp=4, ts=4, x0=604178919
P2, tp=4, ts=4
P1, tp=4, ts=4, x0=290015491, x1=898932244
P1, tp=4, ts=4, x0=590881077, x1=706281422
P0, tp=4, ts=4, x0=767372659
P0, tp=4, ts=4, x0=290015491
P1, tp=4, ts=4, x0=199169903, x1=599149631
P2, tp=4, ts=4
P2, tp=4, ts=4
P0, tp=4, ts=4, x0=329512743
P2, tp=4, ts=4
P1, tp=4, ts=4, x0=475693241, x1=318199095
P1, tp=4, ts=4, x0=917552990, x1=439967705
P0, tp=4, ts=4, x0=17971017
P3, tp=4, ts=4, x0=805572368
P3, tp=4, ts=4, x0=253158667
P0, tp=4, ts=4, x0=506382430
P1, tp=4, ts=4, x0=218214545, x1=994114840
P3, tp=4, ts=4, x0=524489671
P0, tp=4, ts=4, x0=664244898
P1, tp=4, ts=4, x0=373087683, x1=173272776
P3, tp=4, ts=4, x0=262628136
P3, tp=4, ts=4, x0=10882792
P2, tp=4, ts=4
P3, tp=4, ts=4, x0=527902242
P3, tp=4, ts=4, x0=315387163
P2, tp=4, ts=4
P0, tp=4, ts=4, x0=615072235
P2, tp=4, ts=4
P1, tp=4, ts=4, x0=879171845, x1=604178919
P2, tp=4, ts=4
P0, tp=4, ts=4, x0=439967705
P1, tp=4, ts=4, x0=82136293, x1=741366095
P3, tp=4, ts=4, x0=12079716
P3, tp=4, ts=4, x0=871988861
P3, tp=4, ts=4, x0=455918886
P3, tp=4, ts=4, x0=871988861
P1, tp=4, ts=4, x0=767372659, x1=831624436
P0, tp=4, ts=4, x0=484831502
P1, tp=4, ts=4, x0=447298760, x1=524489671
P3, tp=4, ts=4, x0=455918886
P2, tp=4, ts=4
P3, tp=4, ts=4, x0=442273573
P3, tp=4, ts=4, x0=871988861
P0, tp=4, ts=4, x0=399274317
P1, tp=4, ts=4, x0=62949616, x1=17971017
P3, tp=4, ts=4, x0=62949616
P0, tp=4, ts=4, x0=532672023
P1, tp=4, ts=4, x0=783659908, x1=173272776
P1, tp=4, ts=4, x0=993926176, x1=786026892
P2, tp=4, ts=4
P0, tp=4, ts=4, x0=358764715
P2, tp=4, ts=4
P2, tp=4, ts=4
P1, tp=4, ts=4, x0=253158667, x1=592178228
P0, tp=4, ts=4, x0=840998338
P1, tp=4, ts=4, x0=840998338, x1=10882792
P3, tp=4, ts=4, x0=571211854
P0, tp=4, ts=4, x0=290015491
P0, tp=4, ts=4, x0=524489671
P0, tp=4, ts=4, x0=994447149
P1, tp=4, ts=4, x0=269860718, x1=253158667
P1, tp=4, ts=4, x0=205053976, x1=554899733
P2, tp=4, ts=4
P1, tp=4, ts=4, x0=17971017, x1=221601032
P0, tp=4, ts=4, x0=783659908
P0, tp=4, ts=4, x0=97872481
P0, tp=4, ts=4, x0=964606019
P3, tp=4, ts=4, x0=828273723
P0, tp=4, ts=4, x0=5795079
P1, tp=4, ts=4, x0=358764715, x1=146525744
P1, tp=4, ts=4, x0=218214545, x1=199169903
P1, tp=4, ts=4, x0=5795079, x1=210178946
P3, tp=4, ts=4, x0=315387163
P3, tp=4, ts=4, x0=591913378
P0, tp=4, ts=4, x0=455918886
P3, tp=4, ts=4, x0=978093450
P3, tp=4, ts=4, x0=78814145
P3, tp=4, ts=4, x0=399274317
P1, tp=4, ts=4, x0=604178919, x1=475693241
P2, tp=4, ts=4
P1, tp=4, ts=4, x0=725356751, x1=831624436
P2, tp=4, ts=4
P2, tp=4, ts=4
P0, tp=4, ts=4, x0=132065159
P2, tp=4, ts=4
P3, tp=4, ts=4, x0=993926176
P0, tp=4, ts=4, x0=879171845
P0, tp=4, ts=4, x0=939198952
P3, tp=4, ts=4, x0=484831502
P1, tp=4, ts=4, x0=366588035, x1=249338976
P0, tp=4, ts=4, x0=82136293
P0, tp=4, ts=4, x0=5795079
P3, tp=4, ts=4, x0=218214545
P0, tp=4, ts=4, x0=439967705
P3, tp=4, ts=4, x0=993926176
P3, tp=4, ts=4, x0=678583550
P0, tp=4, ts=4, x0=741366095
P2, tp=4, ts=4
P1, tp=4, ts=4, x0=604178919, x1=818659379
P3, tp=4, ts=4, x0=805572368
P3, tp=4, ts=4, x0=137855321
P1, tp=4, ts=4, x0=521629767, x1=439967705
P3, tp=4, ts=4, x0=678583550
P3, tp=4, ts=4, x0=570285474
P1, tp=4, ts=4, x0=816575475, x1=767372659
P2, tp=4, ts=4
P1, tp=4, ts=4, x0=763512129, x1=217234741
P2, tp=4, ts=4
P3, tp=4, ts=4, x0=682904797
P1, tp=4, ts=4, x0=741333991, x1=10882792
P1, tp=4, ts=4, x0=664244898, x1=199169903
P0, tp=4, ts=4, x0=447298760
P3, tp=4, ts=4, x0=245304478
P3, tp=4, ts=4, x0=475693241
P0, tp=4, ts=4, x0=592178228
P1, tp=4, ts=4, x0=758616499, x1=439967705
P3, tp=4, ts=4, x0=132065159
P2, tp=4, ts=4
P2, tp=4, ts=4
P3, tp=4, ts=4, x0=599149631
P3, tp=4, ts=4, x0=447298760
P3, tp=4, ts=4, x0=262628136
P3, tp=4, ts=4, x0=5795079
P1, tp=4, ts=4, x0=565114233, x1=137855321
P1, tp=4, ts=4, x0=358764715, x1=249338976
P1, tp=4, ts=4, x0=741366095, x1=678583550
P3, tp=4, ts=4, x0=270242083
P3, tp=4, ts=4, x0=805572368
P0, tp=4, ts=4, x0=78814145
P1, tp=4, ts=4, x0=169902816, x1=836770281
P3, tp=4, ts=4, x0=818659379
P3, tp=4, ts=4, x0=358764715
P3, tp=4, ts=4, x0=217234741
P2, tp=4, ts=4
P0, tp=4, ts=4, x0=283691082
P0, tp=4, ts=4, x0=532672023
P3, tp=4, ts=4, x0=776569738
P1, tp=4, ts=4, x0=871988861, x1=570285474
P0, tp=4, ts=4, x0=10882792
P2, tp=4, ts=4
P0, tp=4, ts=4, x0=506382430
P1, tp=4, ts=4, x0=374141174, x1=994573408
P3, tp=4, ts=4, x0=217234741
P3, tp=4, ts=4, x0=994114840
P3, tp=4, ts=4, x0=994573408
P1, tp=4, ts=4, x0=199169903, x1=290015491
P1, tp=4, ts=4, x0=763512129, x1=217234741
P3, tp=4, ts=4, x0=939198952
P1, tp=4, ts=4, x0=262628136, x1=831624436
P1, tp=4, ts=4, x0=399274317, x1=805572368
P3, tp=4, ts=4, x0=210178946
P2, tp=4, ts=4
P2, tp=4, ts=4
P2, tp=4, ts=4
P0, tp=4, ts=4, x0=439967705
P0, tp=4, ts=4, x0=592178228
P3, tp=4, ts=4, x0=571211854
P0, tp=4, ts=4, x0=592178228
P3, tp=4, ts=4, x0=714531378
P2, tp=4, ts=4
P1, tp=4, ts=4, x0=554899733, x1=116728515
P0, tp=4, ts=4, x0=137855321
P0, tp=4, ts=4, x0=741366095
P0, tp=4, ts=4, x0=776569738
P2, tp=4, ts=4
P2, tp=4, ts=4
P2, tp=4, ts=4
P3, tp=4, ts=4, x0=592178228
P3, tp=4, ts=4, x0=591913378
P3, tp=4, ts=4, x0=691007781
P0, tp=4, ts=4, x0=783659908
P2, tp=4, ts=4
P0, tp=4, ts=4, x0=590881077
P3, tp=4, ts=4, x0=669942889
P2, tp=4, ts=4
P2, tp=4, ts=4
P1, tp=4, ts=4, x0=322389486, x1=210178946
P0, tp=4, ts=4, x0=994447149
P3, tp=4, ts=4, x0=116728515
P3, tp=4, ts=4, x0=818659379
P1, tp=4, ts=4, x0=741333991, x1=527902242
P1, tp=4, ts=4, x0=283691082, x1=994573408
P3, tp=4, ts=4, x0=532672023
P2, tp=4, ts=4
P0, tp=4, ts=4, x0=664244898
P1, tp=4, ts=4, x0=678583550, x1=249338976
P0, tp=4, ts=4, x0=570285474
P0, tp=4, ts=4, x0=221601032
P2, tp=4, ts=4
P1, tp=4, ts=4, x0=782347722, x1=878015212
P2, tp=4, ts=4
P2, tp=4, ts=4
P0, tp=4, ts=4, x0=878015212
P3, tp=4, ts=4, x0=532672023
P2, tp=4, ts=4
P0, tp=4, ts=4, x0=816575475
P3, tp=4, ts=4, x0=878015212
P1, tp=4, ts=4, x0=173272776, x1=484831502
P1, tp=4, ts=4, x0=153488987, x1=628453384
P1, tp=4, ts=4, x0=442273573, x1=116728515
P0, tp=4, ts=4, x0=132065159
P1, tp=4, ts=4, x0=831624436, x1=447298760
P2, tp=4, ts=4
P0, tp=4, ts=4, x0=598436321
P1, tp=4, ts=4, x0=366588035, x1=318199095
P2, tp=4, ts=4
P3, tp=4, ts=4, x0=669942889
P3, tp=4, ts=4, x0=198565719
P0, tp=4, ts=4, x0=221601032
P0, tp=4, ts=4, x0=896608822
P3, tp=4, ts=4, x0=767372659
P0, tp=4, ts=4, x0=994447149
P2, tp=4, ts=4
P0, tp=4, ts=4, x0=378863705
P2, tp=4, ts=4
P1, tp=4, ts=4, x0=283691082, x1=763512129
P1, tp=4, ts=4, x0=366588035, x1=776569738
P1, tp=4, ts=4, x0=524489671, x1=571211854
P3, tp=4, ts=4, x0=725356751
P3, tp=4, ts=4, x0=78814145
P1, tp=4, ts=4, x0=714531378, x1=374141174
P1, tp=4, ts=4, x0=249338976, x1=373087683
P1, tp=4, ts=4, x0=570285474, x1=270242083
P1, tp=4, ts=4, x0=210178946, x1=249338976
P3, tp=4, ts=4, x0=590881077
P3, tp=4, ts=4, x0=599149631
P1, tp=4, ts=4, x0=556534690, x1=619878586
P0, tp=4, ts=4, x0=939198952
P3, tp=4, ts=4, x0=318199095
P2, tp=4, ts=4
P2, tp=4, ts=4
P0, tp=4, ts=4, x0=439967705
P2, tp=4, ts=4
P1, tp=4, ts=4, x0=741366095, x1=512115179
P2, tp=4, ts=4
P2, tp=4, ts=4
P1, tp=4, ts=4, x0=82136293, x1=484831502
P2, tp=4, ts=4
P1, tp=4, ts=4, x0=374141174, x1=283691082
P0, tp=4, ts=4, x0=878015212
P2, tp=4, ts=4
P1, tp=4, ts=4, x0=590881077, x1=245304478
P2, tp=4, ts=4
P1, tp=4, ts=4, x0=221601032, x1=725356751
P1, tp=4, ts=4, x0=836770281, x1=245304478
P3, tp=4, ts=4, x0=964606019
P2, tp=4, ts=4
P1, tp=4, ts=4, x0=318199095, x1=221601032
P1, tp=4, ts=4, x0=782347722, x1=994114840
P0, tp=4, ts=4, x0=521629767
P2, tp=4, ts=4
P1, tp=4, ts=4, x0=758616499, x1=245304478
P3, tp=4, ts=4, x0=565114233
P1, tp=4, ts=4, x0=879171845, x1=619878586
P3, tp=4, ts=4, x0=210178946
P1, tp=4, ts=4, x0=253158667, x1=524489671
P1, tp=4, ts=4, x0=253158667, x1=116728515
P1, tp=4, ts=4, x0=939198952, x1=241608244
P2, tp=4, ts=4
P2, tp=4, ts=4
P1, tp=4, ts=4, x0=870850333, x1=767372659
P1, tp=4, ts=4, x0=218214545, x1=805572368
P1, tp=4, ts=4, x0=290015491, x1=506382430
P0, tp=4, ts=4, x0=664244898
P0, tp=4, ts=4, x0=322389486
P0, tp=4, ts=4, x0=870850333
P0, tp=4, ts=4, x0=706281422
P1, tp=4, ts=4, x0=725356751, x1=220895260
P3, tp=4, ts=4, x0=599208056
P0, tp=4, ts=4, x0=378863705
P2, tp=4, ts=4
P3, tp=4, ts=4, x0=879171845
P1, tp=4, ts=4, x0=262628136, x1=378863705
P2, tp=4, ts=4
P0, tp=4, ts=4, x0=994573408
P0, tp=4, ts=4, x0=241608244
P1, tp=4, ts=4, x0=459655874, x1=619878586
P1, tp=4, ts=4, x0=527902242, x1=831624436
P3, tp=4, ts=4, x0=10882792
P0, tp=4, ts=4, x0=816575475
P0, tp=4, ts=4, x0=146525744
P2, tp=4, ts=4
P0, tp=4, ts=4, x0=253158667
P1, tp=4, ts=4, x0=78814145, x1=421759463
P3, tp=4, ts=4, x0=17971017
P1, tp=4, ts=4, x0=599208056, x1=5795079
P1, tp=4, ts=4, x0=220895260, x1=220895260
P3, tp=4, ts=4, x0=763512129
P2, tp=4, ts=4
P2, tp=4, ts=4
P0, tp=4, ts=4, x0=831624436
P1, tp=4, ts=4, x0=896608822, x1=741366095
P3, tp=4, ts=4, x0=17971017
P3, tp=4, ts=4, x0=763512129
P3, tp=4, ts=4, x0=917552990
P3, tp=4, ts=4, x0=210178946
P1, tp=4, ts=4, x0=831624436, x1=315387163
P2, tp=4, ts=4
P3, tp=4, ts=4, x0=939198952
P0, tp=4, ts=4, x0=315387163
P2, tp=4, ts=4
P1, tp=4, ts=4, x0=10882792, x1=253158667
P3, tp=4, ts=4, x0=669942889
P1, tp=4, ts=4, x0=262628136, x1=198565719
P3, tp=4, ts=4, x0=455918886
P0, tp=4, ts=4, x0=199169903
P1, tp=4, ts=4, x0=455918886, x1=598436321
P3, tp=4, ts=4, x0=221601032
P1, tp=4, ts=4, x0=512115179, x1=741366095
P0, tp=4, ts=4, x0=758616499
P0, tp=4, ts=4, x0=132065159
P0, tp=4, ts=4, x0=421759463
P2, tp=4, ts=4
P1, tp=4, ts=4, x0=329512743, x1=512115179
P1, tp=4, ts=4, x0=993926176, x1=374141174
P3, tp=4, ts=4, x0=682904797
P3, tp=4, ts=4, x0=290015491
P2, tp=4, ts=4
P1, tp=4, ts=4, x0=116728515, x1=725356751
P0, tp=4, ts=4, x0=459655874
P1, tp=4, ts=4, x0=776569738, x1=512115179
P2, tp=4, ts=4
P2, tp=4, ts=4
P2, tp=4, ts=4
P2, tp=4, ts=4
P2, tp=4, ts=4
P2, tp=4, ts=4
P0, tp=4, ts=4, x0=896608822
P2, tp=4, ts=4
P0, tp=4, ts=4, x0=805572368
P0, tp=4, ts=4, x0=917552990
P2, tp=4, ts=4
P0, tp=4, ts=4, x0=816575475
P0, tp=4, ts=4, x0=262628136
P2, tp=4, ts=4
P3, tp=4, ts=4, x0=591913378
P2, tp=4, ts=4
P3, tp=4, ts=4, x0=205053976
P1, tp=4, ts=4, x0=399274317, x1=782347722
P1, tp=4, ts=4, x0=785516389, x1=484831502
P2, tp=4, ts=4
P0, tp=4, ts=4, x0=153488987
P2, tp=4, ts=4
P0, tp=4, ts=4, x0=358764715
P1, tp=4, ts=4, x0=783659908, x1=590881077
P2, tp=4, ts=4
P0, tp=4, ts=4, x0=746052433
P3, tp=4, ts=4, x0=570285474
P3, tp=4, ts=4, x0=374141174
P2, tp=4, ts=4
P0, tp=4, ts=4, x0=706281422
P0, tp=4, ts=4, x0=836770281
P1, tp=4, ts=4, x0=506382430, x1=283691082
P1, tp=4, ts=4, x0=628453384, x1=767372659
P3, tp=4, ts=4, x0=373087683
P0, tp=4, ts=4, x0=628453384
P3, tp=4, ts=4, x0=253158667
P1, tp=4, ts=4, x0=964606019, x1=329512743
P0, tp=4, ts=4, x0=878015212
P3, tp=4, ts=4, x0=785516389
P3, tp=4, ts=4, x0=878015212
P2, tp=4, ts=4
P0, tp=4, ts=4, x0=805572368
P1, tp=4, ts=4, x0=241608244, x1=994114840
P1, tp=4, ts=4, x0=818659379, x1=725356751
P3, tp=4, ts=4, x0=218214545
P0, tp=4, ts=4, x0=664244898
P2, tp=4, ts=4
P0, tp=4, ts=4, x0=290015491
P1, tp=4, ts=4, x0=5795079, x1=917552990
P2, tp=4, ts=4
P3, tp=4, ts=4, x0=591913378
P3, tp=4, ts=4, x0=590881077
P2, tp=4, ts=4
P0, tp=4, ts=4, x0=524489671
P2, tp=4, ts=4
P0, tp=4, ts=4, x0=706281422
P1, tp=4, ts=4, x0=767372659, x1=506382430
P2, tp=4, ts=4
P1, tp=4, ts=4, x0=682904797, x1=669942889
P0, tp=4, ts=4, x0=253158667
P0, tp=4, ts=4, x0=249338976
P0, tp=4, ts=4, x0=524489671
P1, tp=4, ts=4, x0=554899733, x1=685853111
P0, tp=4, ts=4, x0=221601032
P2, tp=4, ts=4
P3, tp=4, ts=4, x0=741333991
P1, tp=4, ts=4, x0=678583550, x1=373087683
P1, tp=4, ts=4, x0=879171845, x1=366588035
P0, tp=4, ts=4, x0=459655874
P3, tp=4, ts=4, x0=878015212
P2, tp=4, ts=4
P1, tp=4, ts=4, x0=322389486, x1=682904797
P3, tp=4, ts=4, x0=604178919
P2, tp=4, ts=4
P1, tp=4, ts=4, x0=599149631, x1=17971017
P0, tp=4, ts=4, x0=283691082
P1, tp=4, ts=4, x0=816575475, x1=538077878
P1, tp=4, ts=4, x0=198565719, x1=521629767
P3, tp=4, ts=4, x0=741366095
P2, tp=4, ts=4
P1, tp=4, ts=4, x0=283691082, x1=974356170
P0, tp=4, ts=4, x0=831624436
P2, tp=4, ts=4
P1, tp=4, ts=4, x0=758616499, x1=669942889
P1, tp=4, ts=4, x0=879171845, x1=896608822
P0, tp=4, ts=4, x0=17971017
P3, tp=4, ts=4, x0=132065159
P3, tp=4, ts=4, x0=538077878
P1, tp=4, ts=4, x0=245304478, x1=221601032
P2, tp=4, ts=4
P1, tp=4, ts=4, x0=249338976, x1=146525744
P0, tp=4, ts=4, x0=283691082
P3, tp=4, ts=4, x0=220895260
P2, tp=4, ts=4
P0, tp=4, ts=4, x0=521629767
P3, tp=4, ts=4, x0=22095674
P3, tp=4, ts=4, x0=556534690
P3, tp=4, ts=4, x0=22095674
P0, tp=4, ts=4, x0=318199095
P2, tp=4, ts=4
P0, tp=4, ts=4, x0=366588035
P3, tp=4, ts=4, x0=785516389
P2, tp=4, ts=4
P3, tp=4, ts=4, x0=570285474
P0, tp=4, ts=4, x0=315387163
P1, tp=4, ts=4, x0=785516389, x1=173272776
P2, tp=4, ts=4
P3, tp=4, ts=4, x0=199169903
P1, tp=4, ts=4, x0=253158667, x1=554899733
P2, tp=4, ts=4
P0, tp=4, ts=4, x0=116728515
P0, tp=4, ts=4, x0=805572368
P0, tp=4, ts=4, x0=878015212
P2, tp=4, ts=4
P2, tp=4, ts=4
P1, tp=4, ts=4, x0=283691082, x1=783659908
P2, tp=4, ts=4
P3, tp=4, ts=4, x0=669942889
P0, tp=4, ts=4, x0=137855321
P2, tp=4, ts=4
P2, tp=4, ts=4
P0, tp=4, ts=4, x0=818659379
P3, tp=4, ts=4, x0=538077878
P2, tp=4, ts=4
P2, tp=4, ts=4
P0, tp=4, ts=4, x0=18066276
P0, tp=4, ts=4, x0=524489671
P2, tp=4, ts=4
P1, tp=4, ts=4, x0=989104036, x1=591913378
P3, tp=4, ts=4, x0=527902242
P3, tp=4, ts=4, x0=210178946
P2, tp=4, ts=4
P2, tp=4, ts=4
P1, tp=4, ts=4, x0=169902816, x1=570285474
P0, tp=4, ts=4, x0=447298760
P1, tp=4, ts=4, x0=484831502, x1=262628136
P0, tp=4, ts=4, x0=241608244
P1, tp=4, ts=4, x0=512115179, x1=800087051
P1, tp=4, ts=4, x0=506382430, x1=758616499
P1, tp=4, ts=4, x0=135008159, x1=570285474
P1, tp=4, ts=4, x0=994114840, x1=855083177
P0, tp=4, ts=4, x0=249338976
P0, tp=4, ts=4, x0=599149631
P2, tp=4, ts=4
P2, tp=4, ts=4
P1, tp=4, ts=4, x0=262628136, x1=971204661
P1, tp=4, ts=4, x0=253158667, x1=153488987
P3, tp=4, ts=4, x0=776569738
P2, tp=4, ts=4
P1, tp=4, ts=4, x0=879171845, x1=763512129
P0, tp=4, ts=4, x0=828273723
P2, tp=4, ts=4
P3, tp=4, ts=4, x0=315387163
P3, tp=4, ts=4, x0=329512743
P0, tp=4, ts=4, x0=554899733
P3, tp=4, ts=4, x0=971204661
P0, tp=4, ts=4, x0=685853111
P3, tp=4, ts=4, x0=199169903
P3, tp=4, ts=4, x0=315387163
P1, tp=4, ts=4, x0=993926176, x1=767372659
P3, tp=4, ts=4, x0=590881077
P1, tp=4, ts=4, x0=669942889, x1=421759463
P2, tp=4, ts=4
P0, tp=4, ts=4, x0=994447149
P2, tp=4, ts=4
P1, tp=4, ts=4, x0=538077878, x1=628453384
P1, tp=4, ts=4, x0=678583550, x1=993926176
P0, tp=4, ts=4, x0=840998338
P3, tp=4, ts=4, x0=135008159
P0, tp=4, ts=4, x0=565114233
P2, tp=4, ts=4
P0, tp=4, ts=4, x0=249338976
P1, tp=4, ts=4, x0=741366095, x1=964606019
P1, tp=5, ts=5, x0=318199095, x1=682904797
P3, tp=5, ts=5, x0=598436321
P0, tp=5, ts=5, x0=362454501
P0, tp=5, ts=5, x0=706281422
P0, tp=5, ts=5, x0=818659379
P2, tp=5, ts=5
P3, tp=5, ts=5, x0=669942889
P1, tp=5, ts=5, x0=831624436, x1=82136293
P1, tp=5, ts=5, x0=818659379, x1=619878586
P1, tp=5, ts=5, x0=993926176, x1=421759463
P0, tp=5, ts=5, x0=901452808
P1, tp=5, ts=5, x0=221601032, x1=994114840
P1, tp=5, ts=5, x0=590881077, x1=146525744
P1, tp=5, ts=5, x0=475693241, x1=939198952
P3, tp=5, ts=5, x0=964606019
P3, tp=5, ts=5, x0=775448190
P3, tp=5, ts=5, x0=556534690
P1, tp=5, ts=5, x0=82136293, x1=62949616
P0, tp=5, ts=5, x0=646668806
P0, tp=5, ts=5, x0=964606019
P0, tp=5, ts=5, x0=571211854
P1, tp=5, ts=5, x0=804175966, x1=475693241
P2, tp=5, ts=5
P0, tp=5, ts=5, x0=804175966
P3, tp=5, ts=5, x0=628453384
P0, tp=5, ts=5, x0=994447149
P3, tp=5, ts=5, x0=994573408
P3, tp=5, ts=5, x0=512115179
P3, tp=5, ts=5, x0=785516389
P1, tp=5, ts=5, x0=629998525, x1=318199095
P1, tp=5, ts=5, x0=283691082, x1=571598936
P1, tp=5, ts=5, x0=805572368, x1=31712170
P2, tp=5, ts=5
P3, tp=5, ts=5, x0=994573408
P2, tp=5, ts=5
P0, tp=5, ts=5, x0=358764715
P2, tp=5, ts=5
P2, tp=5, ts=5
P3, tp=5, ts=5, x0=554899733
P3, tp=5, ts=5, x0=146525744
P1, tp=5, ts=5, x0=318199095, x1=971204661
P3, tp=5, ts=5, x0=836770281
P0, tp=5, ts=5, x0=901452808
P2, tp=5, ts=5
P0, tp=5, ts=5, x0=173272776
P0, tp=5, ts=5, x0=901452808
P2, tp=5, ts=5
P0, tp=5, ts=5, x0=218214545
P2, tp=5, ts=5
P2, tp=5, ts=5
P1, tp=5, ts=5, x0=767372659, x1=896608822
P3, tp=5, ts=5, x0=322389486
P2, tp=5, ts=5
P3, tp=5, ts=5, x0=831624436
P0, tp=5, ts=5, x0=599149631
P2, tp=5, ts=5
P3, tp=5, ts=5, x0=604178919
P3, tp=5, ts=5, x0=836770281
P0, tp=5, ts=5, x0=628453384
P1, tp=5, ts=5, x0=901452808, x1=31712170
P3, tp=5, ts=5, x0=366588035
P1, tp=5, ts=5, x0=685853111, x1=18066276
P0, tp=5, ts=5, x0=994447149
P2, tp=5, ts=5
P2, tp=5, ts=5
P3, tp=5, ts=5, x0=329512743
P0, tp=5, ts=5, x0=800087051
P1, tp=5, ts=5, x0=628453384, x1=205053976
P2, tp=5, ts=5
P1, tp=5, ts=5, x0=455918886, x1=939198952
P0, tp=5, ts=5, x0=421759463
P0, tp=5, ts=5, x0=137855321
P2, tp=5, ts=5
P3, tp=5, ts=5, x0=443006041
P0, tp=5, ts=5, x0=218214545
P3, tp=5, ts=5, x0=527902242
P3, tp=5, ts=5, x0=394765550
P1, tp=5, ts=5, x0=584799007, x1=245304478
P3, tp=5, ts=5, x0=591913378
P0, tp=5, ts=5, x0=22095674
P1, tp=5, ts=5, x0=991599736, x1=974356170
P3, tp=5, ts=5, x0=394765550
P0, tp=5, ts=5, x0=599149631
P1, tp=5, ts=5, x0=896608822, x1=896608822
P0, tp=5, ts=5, x0=459655874
P1, tp=5, ts=5, x0=253158667, x1=283691082
P0, tp=5, ts=5, x0=443006041
P0, tp=5, ts=5, x0=939198952
P1, tp=5, ts=5, x0=329512743, x1=78814145
P2, tp=5, ts=5
P0, tp=5, ts=5, x0=685853111
P2, tp=5, ts=5
P0, tp=5, ts=5, x0=840998338
P3, tp=5, ts=5, x0=584799007
P3, tp=5, ts=5, x0=584799007
P3, tp=5, ts=5, x0=459655874
P0, tp=5, ts=5, x0=207688904
P3, tp=5, ts=5, x0=599208056
P3, tp=5, ts=5, x0=917552990
P2, tp=5, ts=5
P1, tp=5, ts=5, x0=994447149, x1=484831502
P3, tp=5, ts=5, x0=447298760
P0, tp=5, ts=5, x0=459655874
P0, tp=5, ts=5, x0=598436321
P1, tp=5, ts=5, x0=31712170, x1=218792971
P1, tp=5, ts=5, x0=270242083, x1=260419518
P0, tp=5, ts=5, x0=527902242
P2, tp=5, ts=5
P0, tp=5, ts=5, x0=283691082
P3, tp=5, ts=5, x0=132065159
P0, tp=5, ts=5, x0=598436321
P0, tp=5, ts=5, x0=321742630
P2, tp=5, ts=5
P1, tp=5, ts=5, x0=153488987, x1=758616499
P2, tp=5, ts=5
P0, tp=5, ts=5, x0=669942889
P1, tp=5, ts=5, x0=855083177, x1=394765550
P1, tp=5, ts=5, x0=994573408, x1=260419518
P2, tp=5, ts=5
P3, tp=5, ts=5, x0=31712170
P0, tp=5, ts=5, x0=378863705
P3, tp=5, ts=5, x0=218214545
P3, tp=5, ts=5, x0=591913378
P0, tp=5, ts=5, x0=767372659
P1, tp=5, ts=5, x0=187187076, x1=135008159
P1, tp=5, ts=5, x0=879171845, x1=229605487
P0, tp=5, ts=5, x0=678583550
P2, tp=5, ts=5
P2, tp=5, ts=5
P1, tp=5, ts=5, x0=62949616, x1=993926176
P1, tp=5, ts=5, x0=629998525, x1=619878586
P2, tp=5, ts=5
P0, tp=5, ts=5, x0=378863705
P2, tp=5, ts=5
P2, tp=5, ts=5
P3, tp=5, ts=5, x0=669942889
P3, tp=5, ts=5, x0=783659908
P1, tp=5, ts=5, x0=205053976, x1=767372659
P3, tp=5, ts=5, x0=840998338
P3, tp=5, ts=5, x0=110736238
P2, tp=5, ts=5
P3, tp=5, ts=5, x0=783659908
P3, tp=5, ts=5, x0=394765550
P3, tp=5, ts=5, x0=262628136
P0, tp=5, ts=5, x0=205053976
P0, tp=5, ts=5, x0=591913378
P2, tp=5, ts=5
P2, tp=5, ts=5
P3, tp=5, ts=5, x0=378863705
P3, tp=5, ts=5, x0=893234148
P2, tp=5, ts=5
P2, tp=5, ts=5
P2, tp=5, ts=5
P3, tp=5, ts=5, x0=116728515
P1, tp=5, ts=5, x0=484831502, x1=725356751
P2, tp=5, ts=5
P1, tp=5, ts=5, x0=669942889, x1=62949616
P1, tp=5, ts=5, x0=198565719, x1=568315041
P1, tp=5, ts=5, x0=568315041, x1=991599736
P0, tp=5, ts=5, x0=767372659
P0, tp=5, ts=5, x0=628453384
P1, tp=5, ts=5, x0=554899733, x1=591913378
P0, tp=5, ts=5, x0=512115179
P0, tp=5, ts=5, x0=116728515
P1, tp=5, ts=5, x0=366588035, x1=475693241
P1, tp=5, ts=5, x0=135008159, x1=800087051
P0, tp=5, ts=5, x0=775448190
P0, tp=5, ts=5, x0=116728515
P0, tp=5, ts=5, x0=394765550
P2, tp=5, ts=5
P2, tp=5, ts=5
P2, tp=5, ts=5
P3, tp=5, ts=5, x0=199169903
P0, tp=5, ts=5, x0=554899733
P2, tp=5, ts=5
P3, tp=5, ts=5, x0=653776203
P3, tp=5, ts=5, x0=571211854
P2, tp=5, ts=5
P2, tp=5, ts=5
P2, tp=5, ts=5
P3, tp=5, ts=5, x0=315387163
P3, tp=5, ts=5, x0=218792971
P3, tp=5, ts=5, x0=10882792
P0, tp=5, ts=5, x0=619507635
P2, tp=5, ts=5
P1, tp=5, ts=5, x0=82136293, x1=205053976
P0, tp=5, ts=5, x0=964606019
P1, tp=5, ts=5, x0=993926176, x1=362454501
P1, tp=5, ts=5, x0=599940945, x1=800087051
P0, tp=5, ts=5, x0=685909788
P0, tp=5, ts=5, x0=362454501
P3, tp=5, ts=5, x0=775448190
P2, tp=5, ts=5
P2, tp=5, ts=5
P1, tp=5, ts=5, x0=146525744, x1=394765550
P3, tp=5, ts=5, x0=321742630
P2, tp=5, ts=5
P0, tp=5, ts=5, x0=599940945
P0, tp=5, ts=5, x0=62949616
P0, tp=5, ts=5, x0=5795079
P0, tp=5, ts=5, x0=591913378
P0, tp=5, ts=5, x0=321742630
P3, tp=5, ts=5, x0=187187076
P2, tp=5, ts=5
P0, tp=5, ts=5, x0=207688904
P0, tp=5, ts=5, x0=971204661
P2, tp=5, ts=5
P1, tp=5, ts=5, x0=512115179, x1=321742630
P3, tp=5, ts=5, x0=538077878
P3, tp=5, ts=5, x0=599940945
P2, tp=5, ts=5
P2, tp=5, ts=5
P1, tp=5, ts=5, x0=669942889, x1=394765550
P0, tp=5, ts=5, x0=205053976
P0, tp=5, ts=5, x0=358764715
P1, tp=5, ts=5, x0=218792971, x1=329512743
P1, tp=5, ts=5, x0=599940945, x1=584799007
P0, tp=5, ts=5, x0=840998338
P0, tp=5, ts=5, x0=198565719
P3, tp=5, ts=5, x0=173272776
P2, tp=5, ts=5
P3, tp=5, ts=5, x0=832791977
P3, tp=5, ts=5, x0=38065289
P3, tp=5, ts=5, x0=893128751
P1, tp=5, ts=5, x0=362454501, x1=746052433
P1, tp=5, ts=5, x0=896608822, x1=599940945
P0, tp=5, ts=5, x0=896608822
P0, tp=5, ts=5, x0=785516389
P1, tp=5, ts=5, x0=325560851, x1=475693241
P0, tp=5, ts=5, x0=116728515
P3, tp=5, ts=5, x0=218792971
P1, tp=5, ts=5, x0=619507635, x1=939198952
P3, tp=5, ts=5, x0=896656003
P0, tp=5, ts=5, x0=288168526
P2, tp=5, ts=5
P0, tp=5, ts=5, x0=132065159
P3, tp=5, ts=5, x0=455918886
P2, tp=5, ts=5
P2, tp=5, ts=5
P0, tp=5, ts=5, x0=993926176
P2, tp=5, ts=5
P2, tp=5, ts=5
P2, tp=5, ts=5
P2, tp=5, ts=5
P3, tp=5, ts=5, x0=220895260
P1, tp=5, ts=5, x0=554899733, x1=974356170
P3, tp=5, ts=5, x0=421759463
P3, tp=5, ts=5, x0=832791977
P1, tp=5, ts=5, x0=31712170, x1=629998525
P2, tp=5, ts=5
P1, tp=5, ts=5, x0=288168526, x1=298560966
P3, tp=5, ts=5, x0=6415984
P1, tp=5, ts=5, x0=879171845, x1=556534690
P1, tp=5, ts=5, x0=870850333, x1=846649726
P3, tp=5, ts=5, x0=896656003
P0, tp=5, ts=5, x0=870850333
P0, tp=5, ts=5, x0=685853111
P1, tp=5, ts=5, x0=199169903, x1=776569738
P3, tp=5, ts=5, x0=584799007
P2, tp=5, ts=5
P3, tp=5, ts=5, x0=482297242
P0, tp=5, ts=5, x0=260419518
P1, tp=5, ts=5, x0=366588035, x1=373087683
P2, tp=5, ts=5
P1, tp=5, ts=5, x0=245304478, x1=828273723
P1, tp=5, ts=5, x0=207688904, x1=800087051
P0, tp=5, ts=5, x0=827173646
P3, tp=5, ts=5, x0=218792971
P3, tp=5, ts=5, x0=994573408
P1, tp=5, ts=5, x0=619878586, x1=993926176
P1, tp=5, ts=5, x0=38065289, x1=5795079
P1, tp=5, ts=5, x0=512115179, x1=646668806
P2, tp=5, ts=5
P3, tp=5, ts=5, x0=870850333
P1, tp=5, ts=5, x0=322389486, x1=358764715
P2, tp=5, ts=5
P1, tp=5, ts=5, x0=629998525, x1=38065289
P1, tp=5, ts=5, x0=484831502, x1=270242083
P1, tp=5, ts=5, x0=571598936, x1=443006041
P1, tp=5, ts=5, x0=994573408, x1=366588035
P3, tp=5, ts=5, x0=146525744
P2, tp=5, ts=5
P1, tp=5, ts=5, x0=974356170, x1=901452808
P0, tp=5, ts=5, x0=629998525
P0, tp=5, ts=5, x0=447298760
P1, tp=5, ts=5, x0=154772311, x1=538077878
P2, tp=5, ts=5
P3, tp=5, ts=5, x0=939198952
P2, tp=5, ts=5
P2, tp=5, ts=5
P3, tp=5, ts=5, x0=896656003
P0, tp=5, ts=5, x0=993926176
P3, tp=5, ts=5, x0=768417664
P1, tp=5, ts=5, x0=229605487, x1=828273723
P2, tp=5, ts=5
P3, tp=5, ts=5, x0=994573408
P2, tp=5, ts=5
P2, tp=5, ts=5
P2, tp=5, ts=5
P1, tp=5, ts=5, x0=805572368, x1=198565719
P2, tp=5, ts=5
P2, tp=5, ts=5
P2, tp=5, ts=5
P1, tp=5, ts=5, x0=260419518, x1=939198952
P1, tp=5, ts=5, x0=855083177, x1=455918886
P2, tp=5, ts=5
P1, tp=5, ts=5, x0=870850333, x1=315387163
P3, tp=5, ts=5, x0=758616499
P1, tp=5, ts=5, x0=991599736, x1=989104036
P0, tp=5, ts=5, x0=554899733
P1, tp=5, ts=5, x0=893128751, x1=198565719
P1, tp=5, ts=5, x0=896656003, x1=31712170
P3, tp=5, ts=5, x0=153488987
P3, tp=5, ts=5, x0=110736238
P3, tp=5, ts=5, x0=901452808
P3, tp=5, ts=5, x0=325560851
P2, tp=5, ts=5
P1, tp=5, ts=5, x0=110736238, x1=571598936
P3, tp=5, ts=5, x0=554899733
P1, tp=5, ts=5, x0=110736238, x1=846649726
P3, tp=5, ts=5, x0=591913378
P2, tp=5, ts=5
P1, tp=5, ts=5, x0=971204661, x1=373087683
P3, tp=5, ts=5, x0=568315041
P0, tp=5, ts=5, x0=220895260
P0, tp=5, ts=5, x0=828273723
P2, tp=5, ts=5
P3, tp=5, ts=5, x0=685909788
P1, tp=5, ts=5, x0=646668806, x1=629998525
P1, tp=5, ts=5, x0=879171845, x1=678977599
P1, tp=5, ts=5, x0=840998338, x1=993926176
P2, tp=5, ts=5
P3, tp=5, ts=5, x0=288168526
P0, tp=5, ts=5, x0=116728515
P2, tp=5, ts=5
P3, tp=5, ts=5, x0=59579985
P1, tp=5, ts=5, x0=538077878, x1=896656003
P0, tp=5, ts=5, x0=512115179
P0, tp=5, ts=5, x0=993926176
P2, tp=5, ts=5
P2, tp=5, ts=5
P3, tp=5, ts=5, x0=260038037
P0, tp=5, ts=5, x0=97872481
P2, tp=5, ts=5
P2, tp=5, ts=5
P3, tp=5, ts=5, x0=132065159
P0, tp=5, ts=5, x0=828273723
P2, tp=5, ts=5
P0, tp=5, ts=5, x0=260419518
P1, tp=5, ts=5, x0=273509818, x1=776569738
P3, tp=5, ts=5, x0=993926176
P2, tp=5, ts=5
P0, tp=5, ts=5, x0=776569738
P2, tp=5, ts=5
P3, tp=5, ts=5, x0=475693241
P0, tp=5, ts=5, x0=187187076
P1, tp=5, ts=5, x0=288168526, x1=110736238
P3, tp=5, ts=5, x0=584799007
P1, tp=5, ts=5, x0=19634274, x1=832791977
P3, tp=5, ts=5, x0=260419518
P3, tp=5, ts=5, x0=685909788
P3, tp=5, ts=5, x0=59579985
P2, tp=5, ts=5
P1, tp=5, ts=5, x0=273509818, x1=776569738
P2, tp=5, ts=5
P0, tp=5, ts=5, x0=110736238
P3, tp=5, ts=5, x0=475693241
P0, tp=5, ts=5, x0=974356170
P2, tp=5, ts=5
P0, tp=5, ts=5, x0=993926176
P1, tp=5, ts=5, x0=776569738, x1=775448190
P0, tp=5, ts=5, x0=832791977
P1, tp=5, ts=5, x0=19634274, x1=871988861
P0, tp=5, ts=5, x0=260038037
P0, tp=5, ts=5, x0=220895260
P2, tp=5, ts=5
P3, tp=5, ts=5, x0=262628136
P2, tp=5, ts=5
P1, tp=5, ts=5, x0=482297242, x1=991599736
P3, tp=5, ts=5, x0=599208056
P2, tp=5, ts=5
P3, tp=5, ts=5, x0=893234148
P3, tp=5, ts=5, x0=994573408
P3, tp=5, ts=5, x0=893234148
P3, tp=5, ts=5, x0=273509818
P0, tp=5, ts=5, x0=207688904
P0, tp=5, ts=5, x0=443006041
P2, tp=5, ts=5
P2, tp=5, ts=5
P1, tp=5, ts=5, x0=591913378, x1=394765550
P3, tp=5, ts=5, x0=369947661
P1, tp=5, ts=5, x0=421759463, x1=325560851
P3, tp=5, ts=5, x0=971204661
P2, tp=5, ts=5
P1, tp=5, ts=5, x0=362454501, x1=785516389
P0, tp=5, ts=5, x0=38065289
P0, tp=5, ts=5, x0=325560851
P2, tp=5, ts=5
P1, tp=5, ts=5, x0=870850333, x1=893234148
P1, tp=5, ts=5, x0=369947661, x1=443006041
P2, tp=5, ts=5
P2, tp=5, ts=5
P2, tp=5, ts=5
P3, tp=5, ts=5, x0=146525744
P0, tp=5, ts=5, x0=571598936
P3, tp=5, ts=5, x0=768417664
P3, tp=5, ts=5, x0=205053976
P3, tp=5, ts=5, x0=270242083
P0, tp=5, ts=5, x0=364801427
P1, tp=5, ts=5, x0=22095674, x1=785516389
P0, tp=5, ts=5, x0=646668806
P1, tp=5, ts=5, x0=459655874, x1=879171845
P2, tp=5, ts=5
P1, tp=5, ts=5, x0=629998525, x1=840998338
P2, tp=5, ts=5
P1, tp=5, ts=5, x0=325560851, x1=685853111
P3, tp=5, ts=5, x0=968466900
P3, tp=5, ts=5, x0=599208056
P2, tp=5, ts=5
P1, tp=5, ts=5, x0=355157195, x1=260419518
P1, tp=5, ts=5, x0=364801427, x1=6415984
P0, tp=5, ts=5, x0=288168526
P2, tp=5, ts=5
P2, tp=5, ts=5
P1, tp=5, ts=5, x0=135008159, x1=322389486
P3, tp=5, ts=5, x0=989104036
P0, tp=5, ts=5, x0=220895260
P0, tp=5, ts=5, x0=693249006
P3, tp=5, ts=5, x0=394765550
P3, tp=5, ts=5, x0=832791977
P1, tp=5, ts=5, x0=116728515, x1=459878825
P0, tp=5, ts=5, x0=896608822
P3, tp=5, ts=5, x0=840998338
P3, tp=5, ts=5, x0=273509818
P1, tp=5, ts=5, x0=366588035, x1=364801427
P0, tp=5, ts=5, x0=31712170
P0, tp=5, ts=5, x0=762018434
P1, tp=5, ts=5, x0=994573408, x1=785516389
P1, tp=5, ts=5, x0=373087683, x1=298560966
P1, tp=5, ts=5, x0=571598936, x1=270242083
P2, tp=5, ts=5
P3, tp=5, ts=5, x0=19634274
P1, tp=5, ts=5, x0=325560851, x1=968466900
P3, tp=5, ts=5, x0=374635915
P1, tp=5, ts=5, x0=746052433, x1=116728515
P0, tp=5, ts=5, x0=355157195
P0, tp=5, ts=5, x0=828273723
P0, tp=5, ts=5, x0=571598936
P2, tp=5, ts=5
P0, tp=5, ts=5, x0=173272776
P2, tp=5, ts=5
P3, tp=5, ts=5, x0=355157195
P2, tp=5, ts=5
P3, tp=5, ts=5, x0=207002179
P1, tp=5, ts=5, x0=669942889, x1=31712170
P2, tp=5, ts=5
P2, tp=5, ts=5
P0, tp=5, ts=5, x0=556534690
P2, tp=5, ts=5
P2, tp=5, ts=5
P3, tp=5, ts=5, x0=855083177
P0, tp=5, ts=5, x0=556534690
P2, tp=5, ts=5
P2, tp=5, ts=5
P3, tp=5, ts=5, x0=421759463
P2, tp=5, ts=5
P2, tp=5, ts=5
P2, tp=5, ts=5
P2, tp=5, ts=5
P3, tp=5, ts=5, x0=220895260
P3, tp=5, ts=5, x0=870850333
P2, tp=5, ts=5
P3, tp=5, ts=5, x0=6415984
P2, tp=5, ts=5
P2, tp=5, ts=5
P0, tp=5, ts=5, x0=459878825
P1, tp=5, ts=5, x0=273509818, x1=205053976
P1, tp=5, ts=5, x0=262628136, x1=646668806
P1, tp=5, ts=5, x0=591913378, x1=669942889
P2, tp=5, ts=5
P1, tp=5, ts=5, x0=369947661, x1=870850333
P0, tp=5, ts=5, x0=591913378
P1, tp=5, ts=5, x0=832791977, x1=989104036
P2, tp=5, ts=5
P0, tp=5, ts=5, x0=358764715
P3, tp=5, ts=5, x0=135008159
P1, tp=5, ts=5, x0=373087683, x1=974356170
P0, tp=5, ts=5, x0=762018434
P1, tp=5, ts=5, x0=19634274, x1=685909788
P0, tp=5, ts=5, x0=322389486
P2, tp=5, ts=5
P1, tp=5, ts=5, x0=619878586, x1=475693241
P2, tp=5, ts=5
P0, tp=5, ts=5, x0=292814440
P3, tp=5, ts=5, x0=893234148
P2, tp=5, ts=5
P3, tp=5, ts=5, x0=893128751
P3, tp=5, ts=5, x0=893234148
P3, tp=5, ts=5, x0=220895260
P2, tp=5, ts=5
P3, tp=5, ts=5, x0=374635915
P0, tp=5, ts=5, x0=619507635
P0, tp=5, ts=5, x0=584799007
P1, tp=5, ts=5, x0=325560851, x1=584799007
P3, tp=5, ts=5, x0=459655874
P1, tp=5, ts=5, x0=893128751, x1=568315041
P1, tp=5, ts=5, x0=325560851, x1=746052433
P3, tp=5, ts=5, x0=849010376
P0, tp=5, ts=5, x0=355157195
P3, tp=5, ts=5, x0=746052433
P0, tp=5, ts=5, x0=262628136
P1, tp=5, ts=5, x0=785516389, x1=262628136
P2, tp=5, ts=5
P2, tp=5, ts=5
P2, tp=5, ts=5
P1, tp=5, ts=5, x0=554368371, x1=871988861
P0, tp=5, ts=5, x0=443006041
P2, tp=5, ts=5
P1, tp=5, ts=5, x0=870850333, x1=292814440
P2, tp=5, ts=5
P0, tp=5, ts=5, x0=374635915
P3, tp=5, ts=5, x0=556534690
P3, tp=5, ts=5, x0=648365780
P3, tp=5, ts=5, x0=828273723
P0, tp=5, ts=5, x0=374635915
P3, tp=5, ts=5, x0=804175966
P2, tp=5, ts=5
P3, tp=5, ts=5, x0=270242083
P3, tp=5, ts=5, x0=135008159
P1, tp=5, ts=5, x0=459878825, x1=286514879
P1, tp=5, ts=5, x0=855083177, x1=669942889
P2, tp=5, ts=5
P2, tp=5, ts=5
P0, tp=5, ts=5, x0=245304478
P3, tp=5, ts=5, x0=31712170
P3, tp=5, ts=5, x0=554368371
P0, tp=5, ts=5, x0=785516389
P3, tp=5, ts=5, x0=725356751
P2, tp=5, ts=5
P3, tp=5, ts=5, x0=364801427
P1, tp=5, ts=5, x0=173272776, x1=896656003
P3, tp=5, ts=5, x0=893128751
P3, tp=5, ts=5, x0=459878825
P2, tp=5, ts=5
P1, tp=5, ts=5, x0=125622291, x1=829637607
P3, tp=5, ts=5, x0=443006041
P1, tp=5, ts=5, x0=286514879, x1=642966774
P2, tp=5, ts=5
P0, tp=5, ts=5, x0=832791977
P1, tp=5, ts=5, x0=768417664, x1=974356170
P0, tp=5, ts=5, x0=413631096
P3, tp=5, ts=5, x0=693249006
P2, tp=5, ts=5
P3, tp=5, ts=5, x0=421759463
P3, tp=5, ts=5, x0=554368371
P2, tp=5, ts=5
P1, tp=5, ts=5, x0=413631096, x1=685853111
P1, tp=5, ts=5, x0=871520134, x1=568315041
P3, tp=5, ts=5, x0=855083177
P3, tp=5, ts=5, x0=229605487
P3, tp=5, ts=5, x0=31712170
P0, tp=5, ts=5, x0=6415984
P3, tp=5, ts=5, x0=22095674
P3, tp=5, ts=5, x0=767671825
P0, tp=5, ts=5, x0=355157195
P2, tp=5, ts=5
P1, tp=5, ts=5, x0=827173646, x1=288168526
P1, tp=5, ts=5, x0=413631096, x1=110736238
P0, tp=5, ts=5, x0=693249006
P3, tp=5, ts=5, x0=325560851
P2, tp=5, ts=5
P0, tp=5, ts=5, x0=362454501
P1, tp=5, ts=5, x0=482297242, x1=286514879
P0, tp=5, ts=5, x0=270242083
P3, tp=5, ts=5, x0=199169903
P0, tp=5, ts=5, x0=804175966
P3, tp=5, ts=5, x0=653776203
P2, tp=5, ts=5
P1, tp=5, ts=5, x0=364801427, x1=298560966
P0, tp=5, ts=5, x0=59579985
P3, tp=5, ts=5, x0=205053976
P2, tp=5, ts=5
P3, tp=5, ts=5, x0=358764715
P2, tp=5, ts=5
P3, tp=5, ts=5, x0=355157195
P3, tp=5, ts=5, x0=62949616
P1, tp=5, ts=5, x0=374635915, x1=556534690
P0, tp=5, ts=5, x0=270242083
P2, tp=5, ts=5
P1, tp=5, ts=5, x0=673756487, x1=236202006
P2, tp=5, ts=5
P3, tp=5, ts=5, x0=354765721
P2, tp=5, ts=5
P0, tp=5, ts=5, x0=991599736
P0, tp=5, ts=5, x0=768417664
P3, tp=5, ts=5, x0=59579985
P2, tp=5, ts=5
P2, tp=5, ts=5
P2, tp=5, ts=5
P1, tp=5, ts=5, x0=286514879, x1=571598936
P1, tp=5, ts=5, x0=991599736, x1=673756487
P0, tp=5, ts=5, x0=298560966
P3, tp=5, ts=5, x0=6430302
P0, tp=5, ts=5, x0=298560966
P0, tp=5, ts=5, x0=893234148
P3, tp=5, ts=5, x0=372147664
P2, tp=5, ts=5
P0, tp=5, ts=5, x0=673756487
P0, tp=5, ts=5, x0=482297242
P1, tp=5, ts=5, x0=236202006, x1=989104036
P0, tp=5, ts=5, x0=989104036
P1, tp=5, ts=5, x0=554368371, x1=599940945
P0, tp=5, ts=5, x0=871520134
P0, tp=5, ts=5, x0=767671825
P3, tp=5, ts=5, x0=465568244
P0, tp=5, ts=5, x0=867276917
P0, tp=5, ts=5, x0=693249006
P0, tp=5, ts=5, x0=989104036
P3, tp=5, ts=5, x0=270242083
P2, tp=5, ts=5
P2, tp=5, ts=5
P2, tp=5, ts=5
P0, tp=5, ts=5, x0=362454501
P3, tp=5, ts=5, x0=173272776
P1, tp=5, ts=5, x0=867276917, x1=135008159
P1, tp=5, ts=5, x0=800087051, x1=75624235
P3, tp=5, ts=5, x0=465568244
P1, tp=5, ts=5, x0=362454501, x1=685909788
P3, tp=5, ts=5, x0=19634274
P2, tp=5, ts=5
P3, tp=5, ts=5, x0=465568244
P1, tp=5, ts=5, x0=804175966, x1=629998525
P2, tp=5, ts=5
P1, tp=5, ts=5, x0=871988861, x1=342483095
P2, tp=5, ts=5
P2, tp=5, ts=5
P2, tp=5, ts=5
P0, tp=5, ts=5, x0=288168526
P0, tp=5, ts=5, x0=619507635
P0, tp=5, ts=5, x0=768417664
P3, tp=5, ts=5, x0=554899733
P2, tp=5, ts=5
P0, tp=5, ts=5, x0=378863705
P1, tp=5, ts=5, x0=870850333, x1=619507635
P3, tp=5, ts=5, x0=855083177
P0, tp=5, ts=5, x0=885264729
P2, tp=5, ts=5
P0, tp=5, ts=5, x0=855083177
P3, tp=5, ts=5, x0=885264729
P1, tp=5, ts=5, x0=878015212, x1=971204661
P0, tp=5, ts=5, x0=599940945
P1, tp=5, ts=5, x0=991599736, x1=554368371
P0, tp=5, ts=5, x0=512115179
P1, tp=5, ts=5, x0=594189553, x1=568315041
P1, tp=5, ts=5, x0=648365780, x1=746052433
P0, tp=5, ts=5, x0=642966774
P1, tp=5, ts=5, x0=207688904, x1=31712170
P0, tp=5, ts=5, x0=974356170
P2, tp=5, ts=5
P0, tp=5, ts=5, x0=619507635
P2, tp=5, ts=5
P0, tp=5, ts=5, x0=845674636
P2, tp=5, ts=5
P3, tp=5, ts=5, x0=556534690
P2, tp=5, ts=5
P1, tp=5, ts=5, x0=673756487, x1=685853111
P2, tp=5, ts=5
P3, tp=5, ts=5, x0=325560851
P3, tp=5, ts=5, x0=711341966
P2, tp=5, ts=5
P3, tp=5, ts=5, x0=207688904
P2, tp=5, ts=5
P3, tp=5, ts=5, x0=966303282
P2, tp=5, ts=5
P1, tp=5, ts=5, x0=968466900, x1=648365780
P3, tp=5, ts=5, x0=800087051
P3, tp=5, ts=5, x0=685853111
P1, tp=5, ts=5, x0=288168526, x1=322389486
P3, tp=5, ts=5, x0=594189553
P1, tp=5, ts=5, x0=846649726, x1=154772311
P0, tp=5, ts=5, x0=269660228
P3, tp=5, ts=5, x0=364801427
P1, tp=5, ts=5, x0=6430302, x1=974356170
P2, tp=5, ts=5
P0, tp=5, ts=5, x0=322389486
P2, tp=5, ts=5
P0, tp=5, ts=5, x0=661543397
P1, tp=5, ts=5, x0=325560851, x1=827173646
P3, tp=5, ts=5, x0=19634274
P1, tp=5, ts=5, x0=364801427, x1=867276917
P1, tp=5, ts=5, x0=637499217, x1=829637607
P0, tp=5, ts=5, x0=839060443
P2, tp=5, ts=5
P1, tp=5, ts=5, x0=31712170, x1=646668806
P0, tp=5, ts=5, x0=846649726
P1, tp=5, ts=5, x0=849010376, x1=896656003
P2, tp=5, ts=5
P2, tp=5, ts=5
P3, tp=5, ts=5, x0=269660228
P0, tp=5, ts=5, x0=678977599
P1, tp=5, ts=5, x0=39715806, x1=269660228
P0, tp=5, ts=5, x0=273509818
P0, tp=5, ts=5, x0=878015212
P3, tp=5, ts=5, x0=355157195
P3, tp=5, ts=5, x0=849010376
P0, tp=5, ts=5, x0=685853111
P1, tp=5, ts=5, x0=154772311, x1=443006041
P3, tp=5, ts=5, x0=229605487
P0, tp=5, ts=5, x0=767671825
P3, tp=5, ts=5, x0=362454501
P2, tp=5, ts=5
P3, tp=5, ts=5, x0=870850333
P1, tp=5, ts=5, x0=637499217, x1=443006041
P3, tp=5, ts=5, x0=322389486
P2, tp=5, ts=5
P2, tp=5, ts=5
P2, tp=5, ts=5
P3, tp=5, ts=5, x0=673756487
P3, tp=5, ts=5, x0=59579985
P2, tp=5, ts=5
P3, tp=5, ts=5, x0=893234148
P0, tp=5, ts=5, x0=629998525
P2, tp=5, ts=5
P3, tp=5, ts=5, x0=355157195
P2, tp=5, ts=5
P0, tp=5, ts=5, x0=554368371
P0, tp=5, ts=5, x0=538077878
P0, tp=5, ts=5, x0=673756487
P2, tp=5, ts=5
P1, tp=5, ts=5, x0=354765721, x1=989104036
P1, tp=5, ts=5, x0=845674636, x1=38065289
P1, tp=5, ts=5, x0=785516389, x1=207688904
P0, tp=5, ts=5, x0=465568244
P3, tp=5, ts=5, x0=465568244
P2, tp=5, ts=5
P2, tp=5, ts=5
P1, tp=5, ts=5, x0=6415984, x1=901452808
P3, tp=5, ts=5, x0=187187076
P1, tp=5, ts=5, x0=839060443, x1=768417664
P3, tp=5, ts=5, x0=987768407
P1, tp=5, ts=5, x0=465568244, x1=673756487
P3, tp=5, ts=5, x0=867276917
P2, tp=5, ts=5
P1, tp=5, ts=5, x0=269660228, x1=459878825
P2, tp=5, ts=5
P2, tp=5, ts=5
P1, tp=5, ts=5, x0=512115179, x1=187187076
P1, tp=5, ts=5, x0=75624235, x1=849010376
P0, tp=5, ts=5, x0=827173646
P1, tp=5, ts=5, x0=609244565, x1=292814440
P2, tp=5, ts=5
P1, tp=5, ts=5, x0=974356170, x1=110736238
P3, tp=5, ts=5, x0=229605487
P3, tp=5, ts=5, x0=782588046
P0, tp=5, ts=5, x0=273509818
P2, tp=5, ts=5
P1, tp=5, ts=5, x0=893234148, x1=893234148
P3, tp=5, ts=5, x0=901452808
P0, tp=5, ts=5, x0=648365780
P1, tp=5, ts=5, x0=260038037, x1=110736238
P2, tp=5, ts=5
P0, tp=5, ts=5, x0=685853111
P0, tp=5, ts=5, x0=152111715
P1, tp=5, ts=5, x0=480240985, x1=901452808
P3, tp=5, ts=5, x0=653776203
P0, tp=5, ts=5, x0=893234148
P1, tp=5, ts=5, x0=218792971, x1=147778092
P0, tp=5, ts=5, x0=19634274
P2, tp=5, ts=5
P0, tp=5, ts=5, x0=685853111
P0, tp=5, ts=5, x0=827173646
P2, tp=5, ts=5
P1, tp=5, ts=5, x0=693249006, x1=207688904
P1, tp=5, ts=5, x0=817047335, x1=785516389
P1, tp=5, ts=5, x0=459878825, x1=736230287
P1, tp=5, ts=5, x0=987768407, x1=59579985
P2, tp=5, ts=5
P1, tp=5, ts=5, x0=849010376, x1=22095674
P1, tp=5, ts=5, x0=768417664, x1=482297242
P2, tp=5, ts=5
P2, tp=5, ts=5
P2, tp=5, ts=5
P0, tp=5, ts=5, x0=829637607
P0, tp=5, ts=5, x0=896656003
P2, tp=5, ts=5
P0, tp=5, ts=5, x0=845674636
P1, tp=5, ts=5, x0=19634274, x1=804175966
P3, tp=5, ts=5, x0=629998525
P2, tp=5, ts=5
P0, tp=5, ts=5, x0=207002179
P2, tp=5, ts=5
P3, tp=5, ts=5, x0=75624235
P1, tp=5, ts=5, x0=236202006, x1=829637607
P0, tp=5, ts=5, x0=59579985
P3, tp=5, ts=5, x0=867276917
P0, tp=5, ts=5, x0=685853111
P3, tp=5, ts=5, x0=568315041
P1, tp=5, ts=5, x0=480240985, x1=465568244
P0, tp=5, ts=5, x0=594189553
P0, tp=5, ts=5, x0=901452808
P2, tp=5, ts=5
P2, tp=5, ts=5
P2, tp=5, ts=5
P3, tp=5, ts=5, x0=218792971
P2, tp=5, ts=5
P2, tp=5, ts=5
P3, tp=5, ts=5, x0=800087051
P2, tp=5, ts=5
P2, tp=5, ts=5
P3, tp=5, ts=5, x0=678977599
P2, tp=5, ts=5
P0, tp=5, ts=5, x0=635685582
P1, tp=5, ts=5, x0=362454501, x1=867276917
P2, tp=5, ts=5
P2, tp=5, ts=5
P0, tp=5, ts=5, x0=554368371
P2, tp=5, ts=5
P1, tp=5, ts=5, x0=896656003, x1=968466900
P3, tp=5, ts=5, x0=364297204
P2, tp=5, ts=5
P2, tp=5, ts=5
P2, tp=5, ts=5
P2, tp=5, ts=5
P1, tp=5, ts=5, x0=855083177, x1=800087051
P2, tp=5, ts=5
P1, tp=5, ts=5, x0=187187076, x1=22095674
P2, tp=5, ts=5
P1, tp=5, ts=5, x0=800087051, x1=619507635
P3, tp=5, ts=5, x0=342483095
P2, tp=5, ts=5
P1, tp=5, ts=5, x0=609244565, x1=269660228
P0, tp=5, ts=5, x0=31712170
P0, tp=5, ts=5, x0=459878825
P2, tp=5, ts=5
P0, tp=5, ts=5, x0=207688904
P0, tp=5, ts=5, x0=147778092
P2, tp=5, ts=5
P3, tp=5, ts=5, x0=846649726
P2, tp=5, ts=5
P0, tp=5, ts=5, x0=685853111
P1, tp=5, ts=5, x0=885264729, x1=459878825
P1, tp=5, ts=5, x0=767671825, x1=673756487
P3, tp=5, ts=5, x0=465568244
P3, tp=5, ts=5, x0=135008159
P2, tp=5, ts=5
P0, tp=5, ts=5, x0=762018434
P1, tp=5, ts=5, x0=187187076, x1=693249006
P0, tp=5, ts=5, x0=678977599
P2, tp=5, ts=5
P3, tp=5, ts=5, x0=378025987
P1, tp=5, ts=5, x0=136918708, x1=286514879
P3, tp=5, ts=5, x0=987768407
P2, tp=5, ts=5
P1, tp=5, ts=5, x0=6430302, x1=362454501
P0, tp=5, ts=5, x0=646668806
P1, tp=5, ts=5, x0=459878825, x1=236202006
P1, tp=5, ts=5, x0=75624235, x1=817047335
P0, tp=5, ts=5, x0=152111715
P3, tp=5, ts=5, x0=59579985
P0, tp=5, ts=5, x0=711341966
P3, tp=5, ts=5, x0=413631096
P3, tp=5, ts=5, x0=642966774
P1, tp=5, ts=5, x0=6415984, x1=229605487
P3, tp=5, ts=5, x0=218792971
P3, tp=5, ts=5, x0=629998525
P1, tp=5, ts=5, x0=678977599, x1=154772311
P3, tp=5, ts=5, x0=832791977
P3, tp=5, ts=5, x0=354765721
P3, tp=5, ts=5, x0=571598936
P1, tp=5, ts=5, x0=413631096, x1=688569762
P1, tp=5, ts=5, x0=603797089, x1=968466900
P0, tp=5, ts=5, x0=260038037
P0, tp=5, ts=5, x0=832791977
P2, tp=5, ts=5
P1, tp=5, ts=5, x0=152111715, x1=693249006
P1, tp=5, ts=5, x0=233427644, x1=364801427
P3, tp=5, ts=5, x0=342483095
P2, tp=5, ts=5
P0, tp=5, ts=5, x0=901452808
P0, tp=5, ts=5, x0=860704045
P0, tp=5, ts=5, x0=342483095
P0, tp=5, ts=5, x0=736230287
P0, tp=5, ts=5, x0=6415984
P2, tp=5, ts=5
P1, tp=5, ts=5, x0=286514879, x1=355157195
P0, tp=5, ts=5, x0=480240985
P1, tp=5, ts=5, x0=845674636, x1=154772311
P2, tp=5, ts=5
P3, tp=5, ts=5, x0=971204661
P1, tp=5, ts=5, x0=721663097, x1=893234148
P2, tp=5, ts=5
P3, tp=5, ts=5, x0=355157195
P1, tp=5, ts=5, x0=646668806, x1=968466900
P1, tp=5, ts=5, x0=832791977, x1=233427644
P2, tp=5, ts=5
P3, tp=5, ts=5, x0=653776203
P3, tp=5, ts=5, x0=9458546
P1, tp=5, ts=5, x0=599940945, x1=584799007
P0, tp=5, ts=5, x0=768417664
P0, tp=5, ts=5, x0=233427644
P1, tp=5, ts=5, x0=568315041, x1=673756487
P1, tp=5, ts=5, x0=629998525, x1=971204661
P0, tp=5, ts=5, x0=693249006
P0, tp=5, ts=5, x0=968466900
P2, tp=5, ts=5
P0, tp=5, ts=5, x0=288168526
P2, tp=5, ts=5
P3, tp=5, ts=5, x0=867276917
P0, tp=5, ts=5, x0=260038037
P1, tp=5, ts=5, x0=39715806, x1=619507635
P2, tp=5, ts=5
P0, tp=5, ts=5, x0=260419518
P3, tp=5, ts=5, x0=207002179
P0, tp=5, ts=5, x0=39715806
P3, tp=5, ts=5, x0=288168526
P2, tp=5, ts=5
P3, tp=5, ts=5, x0=968466900
P2, tp=5, ts=5
P3, tp=5, ts=5, x0=269660228
P3, tp=5, ts=5, x0=896656003
P1, tp=5, ts=5, x0=364297204, x1=372147664
P1, tp=5, ts=5, x0=782588046, x1=136918708
P2, tp=5, ts=5
P2, tp=5, ts=5
P2, tp=5, ts=5
P0, tp=5, ts=5, x0=229605487
P3, tp=5, ts=5, x0=845674636
P1, tp=5, ts=5, x0=990229554, x1=987768407
P3, tp=5, ts=5, x0=325560851
P0, tp=5, ts=5, x0=901452808
P1, tp=5, ts=5, x0=736230287, x1=673756487
P3, tp=5, ts=5, x0=599940945
P3, tp=5, ts=5, x0=673756487
P3, tp=5, ts=5, x0=804175966
P0, tp=5, ts=5, x0=321742630
P0, tp=5, ts=5, x0=554368371
P3, tp=5, ts=5, x0=439055059
P3, tp=5, ts=5, x0=75624235
P3, tp=5, ts=5, x0=685909788
P3, tp=5, ts=5, x0=446162547
P0, tp=5, ts=5, x0=629998525
P3, tp=5, ts=5, x0=39715806
P1, tp=5, ts=5, x0=793955134, x1=413631096
P3, tp=5, ts=5, x0=178447784
P2, tp=5, ts=5
P1, tp=5, ts=5, x0=38065289, x1=619507635
P0, tp=5, ts=5, x0=125622291
P0, tp=5, ts=5, x0=465568244
P3, tp=5, ts=5, x0=260419518
P0, tp=5, ts=5, x0=9458546
P0, tp=5, ts=5, x0=685909788
P3, tp=5, ts=5, x0=39715806
P1, tp=5, ts=5, x0=482297242, x1=568315041
P1, tp=5, ts=5, x0=110736238, x1=571598936
P0, tp=5, ts=5, x0=885264729
P1, tp=5, ts=5, x0=207002179, x1=584799007
P0, tp=5, ts=5, x0=369947661
P0, tp=5, ts=5, x0=274439766
P0, tp=5, ts=5, x0=942643621
P0, tp=5, ts=5, x0=269660228
P1, tp=5, ts=5, x0=832791977, x1=378025987
P0, tp=5, ts=5, x0=990229554
P1, tp=5, ts=5, x0=603797089, x1=867276917
P1, tp=5, ts=5, x0=321742630, x1=125622291
P3, tp=5, ts=5, x0=736230287
P2, tp=5, ts=5
P0, tp=5, ts=5, x0=685909788
P0, tp=5, ts=5, x0=871520134
P2, tp=5, ts=5
P3, tp=5, ts=5, x0=6415984
P3, tp=5, ts=5, x0=6430302
P3, tp=5, ts=5, x0=459878825
P3, tp=5, ts=5, x0=233427644
P1, tp=5, ts=5, x0=321742630, x1=75624235
P2, tp=5, ts=5
P2, tp=5, ts=5
P3, tp=5, ts=5, x0=218792971
P1, tp=5, ts=5, x0=673756487, x1=351192341
P1, tp=5, ts=5, x0=364297204, x1=6430302
P3, tp=5, ts=5, x0=661543397
P3, tp=5, ts=5, x0=364297204
P3, tp=5, ts=5, x0=233427644
P3, tp=5, ts=5, x0=987768407
P3, tp=5, ts=5, x0=443006041
P3, tp=5, ts=5, x0=525876842
P2, tp=5, ts=5
P3, tp=5, ts=5, x0=286514879
P3, tp=5, ts=5, x0=599940945
P3, tp=5, ts=5, x0=762018434
P1, tp=5, ts=5, x0=154772311, x1=594189553
P0, tp=5, ts=5, x0=482297242
P2, tp=5, ts=5
P2, tp=5, ts=5
P3, tp=5, ts=5, x0=817047335
P2, tp=5, ts=5
P1, tp=5, ts=5, x0=550284623, x1=9458546
P2, tp=5, ts=5
P2, tp=5, ts=5
P2, tp=5, ts=5
P1, tp=5, ts=5, x0=355157195, x1=6430302
P1, tp=6, ts=6, x0=369947661, x1=233427644
P2, tp=6, ts=6
P0, tp=6, ts=6, x0=321742630
P1, tp=6, ts=6, x0=678977599, x1=849010376
P0, tp=6, ts=6, x0=18665614
P0, tp=6, ts=6, x0=648365780
P2, tp=6, ts=6
P0, tp=6, ts=6, x0=966303282
P2, tp=6, ts=6
P2, tp=6, ts=6
P1, tp=6, ts=6, x0=688569762, x1=178447784
P0, tp=6, ts=6, x0=292814440
P0, tp=6, ts=6, x0=355157195
P1, tp=6, ts=6, x0=767671825, x1=832791977
P1, tp=6, ts=6, x0=885264729, x1=274439766
P0, tp=6, ts=6, x0=227866787
P3, tp=6, ts=6, x0=603797089
P2, tp=6, ts=6
P0, tp=6, ts=6, x0=688569762
P2, tp=6, ts=6
P0, tp=6, ts=6, x0=59579985
P0, tp=6, ts=6, x0=721663097
P1, tp=6, ts=6, x0=767671825, x1=354765721
P2, tp=6, ts=6
P1, tp=6, ts=6, x0=355157195, x1=685909788
P2, tp=6, ts=6
P1, tp=6, ts=6, x0=860704045, x1=942643621
P0, tp=6, ts=6, x0=642966774
P3, tp=6, ts=6, x0=465568244
P0, tp=6, ts=6, x0=827173646
P2, tp=6, ts=6
P3, tp=6, ts=6, x0=229605487
P1, tp=6, ts=6, x0=609244565, x1=6415984
P2, tp=6, ts=6
P2, tp=6, ts=6
P3, tp=6, ts=6, x0=351192341
P3, tp=6, ts=6, x0=6430302
P1, tp=6, ts=6, x0=187187076, x1=39715806
P3, tp=6, ts=6, x0=635685582
P3, tp=6, ts=6, x0=19634274
P3, tp=6, ts=6, x0=635685582
P3, tp=6, ts=6, x0=59579985
P3, tp=6, ts=6, x0=525876842
P3, tp=6, ts=6, x0=354765721
P0, tp=6, ts=6, x0=554368371
P3, tp=6, ts=6, x0=6415984
P0, tp=6, ts=6, x0=849010376
P3, tp=6, ts=6, x0=893128751
P2, tp=6, ts=6
P3, tp=6, ts=6, x0=260038037
P3, tp=6, ts=6, x0=762018434
P2, tp=6, ts=6
P2, tp=6, ts=6
P3, tp=6, ts=6, x0=966303282
P2, tp=6, ts=6
P3, tp=6, ts=6, x0=275897331
P2, tp=6, ts=6
P2, tp=6, ts=6
P0, tp=6, ts=6, x0=154772311
P2, tp=6, ts=6
P0, tp=6, ts=6, x0=19634274
P3, tp=6, ts=6, x0=110736238
P0, tp=6, ts=6, x0=619507635
P1, tp=6, ts=6, x0=875745578, x1=269660228
P3, tp=6, ts=6, x0=18665614
P3, tp=6, ts=6, x0=155339606
P1, tp=6, ts=6, x0=155339606, x1=678977599
P1, tp=6, ts=6, x0=896656003, x1=846649726
P2, tp=6, ts=6
P2, tp=6, ts=6
P3, tp=6, ts=6, x0=594189553
P1, tp=6, ts=6, x0=39715806, x1=793955134
P3, tp=6, ts=6, x0=603797089
P0, tp=6, ts=6, x0=711341966
P0, tp=6, ts=6, x0=845674636
P3, tp=6, ts=6, x0=351192341
P1, tp=6, ts=6, x0=321742630, x1=480240985
P1, tp=6, ts=6, x0=136918708, x1=351192341
P3, tp=6, ts=6, x0=942643621
P0, tp=6, ts=6, x0=187187076
P2, tp=6, ts=6
P3, tp=6, ts=6, x0=465568244
P1, tp=6, ts=6, x0=817047335, x1=845674636
P0, tp=6, ts=6, x0=147778092
P1, tp=6, ts=6, x0=207002179, x1=615745028
P0, tp=6, ts=6, x0=635685582
P2, tp=6, ts=6
P0, tp=6, ts=6, x0=845674636
P2, tp=6, ts=6
P2, tp=6, ts=6
P3, tp=6, ts=6, x0=38065289
P2, tp=6, ts=6
P3, tp=6, ts=6, x0=292814440
P0, tp=6, ts=6, x0=459878825
P0, tp=6, ts=6, x0=827173646
P1, tp=6, ts=6, x0=136918708, x1=557033012
P0, tp=6, ts=6, x0=782588046
P3, tp=6, ts=6, x0=896656003
P2, tp=6, ts=6
P2, tp=6, ts=6
P1, tp=6, ts=6, x0=768417664, x1=154772311
P1, tp=6, ts=6, x0=990229554, x1=110736238
P1, tp=6, ts=6, x0=342483095, x1=860704045
P1, tp=6, ts=6, x0=768417664, x1=654874248
P3, tp=6, ts=6, x0=152111715
P1, tp=6, ts=6, x0=152111715, x1=413631096
P3, tp=6, ts=6, x0=59579985
P1, tp=6, ts=6, x0=260038037, x1=860704045
P3, tp=6, ts=6, x0=110736238
P2, tp=6, ts=6
P1, tp=6, ts=6, x0=871520134, x1=653776203
P3, tp=6, ts=6, x0=88988497
P3, tp=6, ts=6, x0=482297242
P1, tp=6, ts=6, x0=867276917, x1=987768407
P2, tp=6, ts=6
P3, tp=6, ts=6, x0=353048448
P0, tp=6, ts=6, x0=845674636
P2, tp=6, ts=6
P2, tp=6, ts=6
P2, tp=6, ts=6
P1, tp=6, ts=6, x0=364801427, x1=615745028
P1, tp=6, ts=6, x0=554368371, x1=942643621
P1, tp=6, ts=6, x0=721663097, x1=207002179
P1, tp=6, ts=6, x0=125622291, x1=685909788
P2, tp=6, ts=6
P3, tp=6, ts=6, x0=298560966
P2, tp=6, ts=6
P0, tp=6, ts=6, x0=298560966
P3, tp=6, ts=6, x0=845674636
P1, tp=6, ts=6, x0=849010376, x1=846649726
P2, tp=6, ts=6
P0, tp=6, ts=6, x0=273509818
P3, tp=6, ts=6, x0=915035320
P2, tp=6, ts=6
P0, tp=6, ts=6, x0=260038037
P3, tp=6, ts=6, x0=353048448
P0, tp=6, ts=6, x0=45153954
P0, tp=6, ts=6, x0=817047335
P2, tp=6, ts=6
P0, tp=6, ts=6, x0=45153954
P1, tp=6, ts=6, x0=896656003, x1=260038037
P1, tp=6, ts=6, x0=693249006, x1=236202006
P3, tp=6, ts=6, x0=635685582
P3, tp=6, ts=6, x0=325560851
P2, tp=6, ts=6
P1, tp=6, ts=6, x0=839060443, x1=288168526
P0, tp=6, ts=6, x0=525876842
P2, tp=6, ts=6
P2, tp=6, ts=6
P3, tp=6, ts=6, x0=482297242
P2, tp=6, ts=6
P1, tp=6, ts=6, x0=721663097, x1=45153954
P3, tp=6, ts=6, x0=286514879
P3, tp=6, ts=6, x0=18665614
P2, tp=6, ts=6
P0, tp=6, ts=6, x0=9458546
P0, tp=6, ts=6, x0=342598852
P1, tp=6, ts=6, x0=459878825, x1=893128751
P1, tp=6, ts=6, x0=642966774, x1=893128751
P3, tp=6, ts=6, x0=292814440
P1, tp=6, ts=6, x0=227866787, x1=968466900
P0, tp=6, ts=6, x0=35416328
P2, tp=6, ts=6
P2, tp=6, ts=6
P1, tp=6, ts=6, x0=342598852, x1=615745028
P3, tp=6, ts=6, x0=693249006
P1, tp=6, ts=6, x0=353048448, x1=364297204
P2, tp=6, ts=6
P1, tp=6, ts=6, x0=325560851, x1=19634274
P0, tp=6, ts=6, x0=275897331
P2, tp=6, ts=6
P0, tp=6, ts=6, x0=996880935
P3, tp=6, ts=6, x0=364297204
P3, tp=6, ts=6, x0=19634274
P1, tp=6, ts=6, x0=236202006, x1=635685582
P2, tp=6, ts=6
P1, tp=6, ts=6, x0=942643621, x1=45153954
P2, tp=6, ts=6
P2, tp=6, ts=6
P3, tp=6, ts=6, x0=369947661
P0, tp=6, ts=6, x0=465568244
P3, tp=6, ts=6, x0=860704045
P0, tp=6, ts=6, x0=372147664
P1, tp=6, ts=6, x0=661543397, x1=207002179
P0, tp=6, ts=6, x0=768417664
P2, tp=6, ts=6
P3, tp=6, ts=6, x0=817047335
P1, tp=6, ts=6, x0=736230287, x1=227866787
P1, tp=6, ts=6, x0=413631096, x1=711341966
P1, tp=6, ts=6, x0=353048448, x1=635685582
P0, tp=6, ts=6, x0=968466900
P3, tp=6, ts=6, x0=135667386
P1, tp=6, ts=6, x0=827173646, x1=226466265
P2, tp=6, ts=6
P3, tp=6, ts=6, x0=459878825
P2, tp=6, ts=6
P2, tp=6, ts=6
P2, tp=6, ts=6
P2, tp=6, ts=6
P1, tp=6, ts=6, x0=325560851, x1=661543397
P1, tp=6, ts=6, x0=39715806, x1=9458546
P3, tp=6, ts=6, x0=990229554
P3, tp=6, ts=6, x0=966303282
P3, tp=6, ts=6, x0=364801427
P2, tp=6, ts=6
P0, tp=6, ts=6, x0=762018434
P0, tp=6, ts=6, x0=75624235
P1, tp=6, ts=6, x0=989450625, x1=364297204
P0, tp=6, ts=6, x0=966303282
P1, tp=6, ts=6, x0=615745028, x1=74624411
P2, tp=6, ts=6
P3, tp=6, ts=6, x0=274439766
P2, tp=6, ts=6
P2, tp=6, ts=6
P3, tp=6, ts=6, x0=353048448
P1, tp=6, ts=6, x0=459878825, x1=768417664
P3, tp=6, ts=6, x0=364297204
P3, tp=6, ts=6, x0=465568244
P2, tp=6, ts=6
P2, tp=6, ts=6
P3, tp=6, ts=6, x0=413631096
P2, tp=6, ts=6
P3, tp=6, ts=6, x0=342483095
P1, tp=6, ts=6, x0=615745028, x1=968466900
P2, tp=6, ts=6
P3, tp=6, ts=6, x0=762018434
P1, tp=6, ts=6, x0=273509818, x1=372147664
P2, tp=6, ts=6
P1, tp=6, ts=6, x0=233427644, x1=603797089
P1, tp=6, ts=6, x0=374635915, x1=254649224
P3, tp=6, ts=6, x0=637499217
P1, tp=6, ts=6, x0=316521978, x1=260038037
P2, tp=6, ts=6
P3, tp=6, ts=6, x0=885264729
P0, tp=6, ts=6, x0=829637607
P1, tp=6, ts=6, x0=637499217, x1=413631096
P3, tp=6, ts=6, x0=378025987
P3, tp=6, ts=6, x0=227866787
P0, tp=6, ts=6, x0=364297204
P3, tp=6, ts=6, x0=915035320
P2, tp=6, ts=6
P0, tp=6, ts=6, x0=817047335
P1, tp=6, ts=6, x0=482297242, x1=59579985
P3, tp=6, ts=6, x0=274439766
P2, tp=6, ts=6
P0, tp=6, ts=6, x0=849010376
P0, tp=6, ts=6, x0=829637607
P2, tp=6, ts=6
P2, tp=6, ts=6
P3, tp=6, ts=6, x0=609244565
P2, tp=6, ts=6
P1, tp=6, ts=6, x0=155339606, x1=298560966
P1, tp=6, ts=6, x0=736230287, x1=18665614
P1, tp=6, ts=6, x0=860704045, x1=990229554
P3, tp=6, ts=6, x0=273509818
P2, tp=6, ts=6
P1, tp=6, ts=6, x0=154772311, x1=273509818
P1, tp=6, ts=6, x0=619011997, x1=594189553
P3, tp=6, ts=6, x0=236202006
P1, tp=6, ts=6, x0=351192341, x1=846649726
P2, tp=6, ts=6
P1, tp=6, ts=6, x0=6430302, x1=6430302
P1, tp=6, ts=6, x0=135667386, x1=125622291
P1, tp=6, ts=6, x0=364801427, x1=88988497
P1, tp=6, ts=6, x0=19634274, x1=768417664
P0, tp=6, ts=6, x0=603797089
P1, tp=6, ts=6, x0=871520134, x1=849010376
P2, tp=6, ts=6
P3, tp=6, ts=6, x0=18665614
P3, tp=6, ts=6, x0=648365780
P2, tp=6, ts=6
P0, tp=6, ts=6, x0=890849214
P2, tp=6, ts=6
P2, tp=6, ts=6
P0, tp=6, ts=6, x0=482297242
P1, tp=6, ts=6, x0=154772311, x1=9458546
P3, tp=6, ts=6, x0=860704045
P0, tp=6, ts=6, x0=136918708
P2, tp=6, ts=6
P2, tp=6, ts=6
P2, tp=6, ts=6
P1, tp=6, ts=6, x0=155339606, x1=274439766
P3, tp=6, ts=6, x0=806218387
P0, tp=6, ts=6, x0=226466265
P2, tp=6, ts=6
P1, tp=6, ts=6, x0=135667386, x1=364801427
P1, tp=6, ts=6, x0=550284623, x1=635685582
P0, tp=6, ts=6, x0=673756487
P2, tp=6, ts=6
P1, tp=6, ts=6, x0=845674636, x1=845674636
P2, tp=6, ts=6
P0, tp=6, ts=6, x0=254649224
P2, tp=6, ts=6
P0, tp=6, ts=6, x0=736230287
P2, tp=6, ts=6
P3, tp=6, ts=6, x0=480240985
P3, tp=6, ts=6, x0=550284623
P1, tp=6, ts=6, x0=890849214, x1=793955134
P0, tp=6, ts=6, x0=736230287
P1, tp=6, ts=6, x0=860704045, x1=890849214
P1, tp=6, ts=6, x0=648365780, x1=996880935
P2, tp=6, ts=6
P0, tp=6, ts=6, x0=817047335
P0, tp=6, ts=6, x0=554368371
P0, tp=6, ts=6, x0=154772311
P1, tp=6, ts=6, x0=768417664, x1=407639747
P3, tp=6, ts=6, x0=678977599
P2, tp=6, ts=6
P1, tp=6, ts=6, x0=789142657, x1=997403862
P0, tp=6, ts=6, x0=19634274
P3, tp=6, ts=6, x0=19634274
P0, tp=6, ts=6, x0=135667386
P0, tp=6, ts=6, x0=556074347
P3, tp=6, ts=6, x0=39715806
P2, tp=6, ts=6
P0, tp=6, ts=6, x0=619011997
P3, tp=6, ts=6, x0=996880935
P0, tp=6, ts=6, x0=439055059
P1, tp=6, ts=6, x0=459878825, x1=364297204
P0, tp=6, ts=6, x0=369947661
P3, tp=6, ts=6, x0=996880935
P2, tp=6, ts=6
P1, tp=6, ts=6, x0=661543397, x1=860704045
P3, tp=6, ts=6, x0=224906571
P0, tp=6, ts=6, x0=378025987
P1, tp=6, ts=6, x0=273509818, x1=806218387
P2, tp=6, ts=6
P2, tp=6, ts=6
P0, tp=6, ts=6, x0=59579985
P3, tp=6, ts=6, x0=407639747
P2, tp=6, ts=6
P2, tp=6, ts=6
P2, tp=6, ts=6
P3, tp=6, ts=6, x0=615745028
P2, tp=6, ts=6
P2, tp=6, ts=6
P3, tp=6, ts=6, x0=254649224
P3, tp=6, ts=6, x0=152907210
P3, tp=6, ts=6, x0=556074347
P3, tp=6, ts=6, x0=806218387
P1, tp=6, ts=6, x0=635685582, x1=286514879
P0, tp=6, ts=6, x0=554368371
P0, tp=6, ts=6, x0=997403862
P3, tp=6, ts=6, x0=9458546
P2, tp=6, ts=6
P3, tp=6, ts=6, x0=942643621
P1, tp=6, ts=6, x0=342483095, x1=411428405
P0, tp=6, ts=6, x0=224906571
P3, tp=6, ts=6, x0=316521978
P3, tp=6, ts=6, x0=875745578
P0, tp=6, ts=6, x0=147778092
P3, tp=6, ts=6, x0=615745028
P0, tp=6, ts=6, x0=839060443
P1, tp=6, ts=6, x0=829637607, x1=342598852
P3, tp=6, ts=6, x0=446162547
P0, tp=6, ts=6, x0=254649224
P2, tp=6, ts=6
P1, tp=6, ts=6, x0=364297204, x1=292814440
P2, tp=6, ts=6
P3, tp=6, ts=6, x0=74624411
P0, tp=6, ts=6, x0=554368371
P0, tp=6, ts=6, x0=273509818
P2, tp=6, ts=6
P0, tp=6, ts=6, x0=996880935
P0, tp=6, ts=6, x0=355157195
P3, tp=6, ts=6, x0=793955134
P1, tp=6, ts=6, x0=968466900, x1=236202006
P3, tp=6, ts=6, x0=550284623
P3, tp=6, ts=6, x0=609244565
P1, tp=6, ts=6, x0=886671045, x1=556074347
P1, tp=6, ts=6, x0=374635915, x1=292814440
P1, tp=6, ts=6, x0=351192341, x1=867276917
P3, tp=6, ts=6, x0=342483095
P3, tp=6, ts=6, x0=342483095
P0, tp=6, ts=6, x0=292814440
P2, tp=6, ts=6
P1, tp=6, ts=6, x0=654874248, x1=74624411
P1, tp=6, ts=6, x0=136918708, x1=155339606
P0, tp=6, ts=6, x0=395394745
P3, tp=6, ts=6, x0=439055059
P1, tp=6, ts=6, x0=459878825, x1=479637692
P2, tp=6, ts=6
P1, tp=6, ts=6, x0=147778092, x1=274439766
P1, tp=6, ts=6, x0=556074347, x1=806218387
P1, tp=6, ts=6, x0=642966774, x1=147778092
P0, tp=6, ts=6, x0=439055059
P1, tp=6, ts=6, x0=836941184, x1=480240985
P3, tp=6, ts=6, x0=890849214
P3, tp=6, ts=6, x0=688569762
P2, tp=6, ts=6
P1, tp=6, ts=6, x0=989450625, x1=152907210
P0, tp=6, ts=6, x0=966303282
P1, tp=6, ts=6, x0=654874248, x1=688569762
P3, tp=6, ts=6, x0=178447784
P1, tp=6, ts=6, x0=626788532, x1=135667386
P1, tp=6, ts=6, x0=782588046, x1=767671825
P1, tp=6, ts=6, x0=885264729, x1=556074347
P0, tp=6, ts=6, x0=135667386
P1, tp=6, ts=6, x0=411428405, x1=550284623
P2, tp=6, ts=6
P2, tp=6, ts=6
P2, tp=6, ts=6
P0, tp=6, ts=6, x0=721663097
P0, tp=6, ts=6, x0=987768407
P0, tp=6, ts=6, x0=575821514
P3, tp=6, ts=6, x0=364297204
P0, tp=6, ts=6, x0=39715806
P3, tp=6, ts=6, x0=75624235
P2, tp=6, ts=6
P0, tp=6, ts=6, x0=744792064
P0, tp=6, ts=6, x0=575821514
P1, tp=6, ts=6, x0=997403862, x1=274439766
P2, tp=6, ts=6
P1, tp=6, ts=6, x0=353048448, x1=839060443
P0, tp=6, ts=6, x0=987768407
P1, tp=6, ts=6, x0=711341966, x1=915035320
P0, tp=6, ts=6, x0=351192341
P3, tp=6, ts=6, x0=316521978
P3, tp=6, ts=6, x0=218292555
P0, tp=6, ts=6, x0=829637607
P0, tp=6, ts=6, x0=226466265
P2, tp=6, ts=6
P1, tp=6, ts=6, x0=178447784, x1=836941184
P3, tp=6, ts=6, x0=354765721
P1, tp=6, ts=6, x0=845674636, x1=274439766
P2, tp=6, ts=6
P0, tp=6, ts=6, x0=254649224
P1, tp=6, ts=6, x0=556074347, x1=254649224
P3, tp=6, ts=6, x0=224906571
P1, tp=6, ts=6, x0=915035320, x1=39715806
P3, tp=6, ts=6, x0=557033012
P2, tp=6, ts=6
P1, tp=6, ts=6, x0=966303282, x1=125622291
P0, tp=6, ts=6, x0=635685582
P0, tp=6, ts=6, x0=817047335
P2, tp=6, ts=6
P3, tp=6, ts=6, x0=224906571
P1, tp=6, ts=6, x0=654874248, x1=654874248
P3, tp=6, ts=6, x0=915035320
P2, tp=6, ts=6
P2, tp=6, ts=6
P0, tp=6, ts=6, x0=501896445
P0, tp=6, ts=6, x0=880084434
P0, tp=6, ts=6, x0=836941184
P0, tp=6, ts=6, x0=609244565
P1, tp=6, ts=6, x0=990229554, x1=351192341
P2, tp=6, ts=6
P0, tp=6, ts=6, x0=411428405
P1, tp=6, ts=6, x0=351192341, x1=603797089
P1, tp=6, ts=6, x0=860704045, x1=43237217
P1, tp=6, ts=6, x0=226466265, x1=413631096
P1, tp=6, ts=6, x0=997403862, x1=871415145
P3, tp=6, ts=6, x0=661543397
P0, tp=6, ts=6, x0=342598852
P1, tp=6, ts=6, x0=845674636, x1=446162547
P2, tp=6, ts=6
P0, tp=6, ts=6, x0=155339606
P1, tp=6, ts=6, x0=886671045, x1=789142657
P2, tp=6, ts=6
P3, tp=6, ts=6, x0=395394745
P3, tp=6, ts=6, x0=693030564
P1, tp=6, ts=6, x0=177186927, x1=227866787
P3, tp=6, ts=6, x0=817047335
P1, tp=6, ts=6, x0=6430302, x1=626788532
P2, tp=6, ts=6
P2, tp=6, ts=6
P0, tp=6, ts=6, x0=407639747
P2, tp=6, ts=6
P1, tp=6, ts=6, x0=839060443, x1=413631096
P3, tp=6, ts=6, x0=642966774
P3, tp=6, ts=6, x0=152111715
P2, tp=6, ts=6
P3, tp=6, ts=6, x0=155339606
P1, tp=6, ts=6, x0=136918708, x1=829637607
P0, tp=6, ts=6, x0=575821514
P2, tp=6, ts=6
P0, tp=6, ts=6, x0=626788532
P0, tp=6, ts=6, x0=88988497
P0, tp=6, ts=6, x0=915035320
P1, tp=6, ts=6, x0=479637692, x1=61958117
P1, tp=6, ts=6, x0=351192341, x1=556074347
P1, tp=6, ts=6, x0=88988497, x1=661543397
P1, tp=6, ts=6, x0=626788532, x1=378025987
P0, tp=6, ts=6, x0=711341966
P1, tp=6, ts=6, x0=74624411, x1=615745028
P2, tp=6, ts=6
P3, tp=6, ts=6, x0=736230287
P3, tp=6, ts=6, x0=35416328
P2, tp=6, ts=6
P2, tp=6, ts=6
P1, tp=6, ts=6, x0=135667386, x1=125622291
P2, tp=6, ts=6
P0, tp=6, ts=6, x0=275897331
P2, tp=6, ts=6
P0, tp=6, ts=6, x0=236202006
P2, tp=6, ts=6
P3, tp=6, ts=6, x0=609244565
P0, tp=6, ts=6, x0=615745028
P1, tp=6, ts=6, x0=269660228, x1=479637692
P1, tp=6, ts=6, x0=885264729, x1=915035320
P2, tp=6, ts=6
P3, tp=6, ts=6, x0=609244565
P1, tp=6, ts=6, x0=459378328, x1=236202006
P1, tp=6, ts=6, x0=339497191, x1=45153954
P3, tp=6, ts=6, x0=806218387
P3, tp=6, ts=6, x0=106778167
P2, tp=6, ts=6
P3, tp=6, ts=6, x0=736203974
P3, tp=6, ts=6, x0=997403862
P3, tp=6, ts=6, x0=782588046
P1, tp=6, ts=6, x0=736203974, x1=989450625
P1, tp=6, ts=6, x0=661543397, x1=996880935
P0, tp=6, ts=6, x0=75624235
P0, tp=6, ts=6, x0=885264729
P1, tp=6, ts=6, x0=342483095, x1=880084434
P3, tp=6, ts=6, x0=989450625
P0, tp=6, ts=6, x0=839060443
P1, tp=6, ts=6, x0=996880935, x1=43237217
P3, tp=6, ts=6, x0=316521978
P3, tp=6, ts=6, x0=479637692
P2, tp=6, ts=6
P1, tp=6, ts=6, x0=996880935, x1=439055059
P0, tp=6, ts=6, x0=459378328
P3, tp=6, ts=6, x0=465568244
P2, tp=6, ts=6
P0, tp=6, ts=6, x0=316521978
P3, tp=6, ts=6, x0=155339606
P0, tp=6, ts=6, x0=711341966
P3, tp=6, ts=6, x0=9458546
P3, tp=6, ts=6, x0=152907210
P2, tp=6, ts=6
P3, tp=6, ts=6, x0=88988497
P3, tp=6, ts=6, x0=550284623
P3, tp=6, ts=6, x0=989450625
P3, tp=6, ts=6, x0=990229554
P0, tp=6, ts=6, x0=880084434
P2, tp=6, ts=6
P3, tp=6, ts=6, x0=339497191
P0, tp=6, ts=6, x0=836941184
P2, tp=6, ts=6
P0, tp=6, ts=6, x0=224906571
P3, tp=6, ts=6, x0=968147145
P2, tp=6, ts=6
P3, tp=6, ts=6, x0=178447784
P3, tp=6, ts=6, x0=711341966
P2, tp=6, ts=6
P0, tp=6, ts=6, x0=594189553
P2, tp=6, ts=6
P0, tp=6, ts=6, x0=688569762
P0, tp=6, ts=6, x0=135667386
P1, tp=6, ts=6, x0=252022855, x1=860704045
P2, tp=6, ts=6
P3, tp=6, ts=6, x0=885264729
P3, tp=6, ts=6, x0=353048448
P0, tp=6, ts=6, x0=459378328
P3, tp=6, ts=6, x0=871415145
P0, tp=6, ts=6, x0=9458546
P1, tp=6, ts=6, x0=354765721, x1=845674636
P1, tp=6, ts=6, x0=886671045, x1=136918708
P2, tp=6, ts=6
P1, tp=6, ts=6, x0=693030564, x1=886671045
P2, tp=6, ts=6
P1, tp=6, ts=6, x0=226466265, x1=556074347
P3, tp=6, ts=6, x0=525876842
P1, tp=6, ts=6, x0=479637692, x1=767671825
P0, tp=6, ts=6, x0=164716309
P0, tp=6, ts=6, x0=744892878
P0, tp=6, ts=6, x0=845674636
P0, tp=6, ts=6, x0=18665614
P2, tp=6, ts=6
P0, tp=6, ts=6, x0=836941184
P2, tp=6, ts=6
P3, tp=6, ts=6, x0=806218387
P3, tp=6, ts=6, x0=693030564
P2, tp=6, ts=6
P0, tp=6, ts=6, x0=459378328
P2, tp=6, ts=6
P3, tp=6, ts=6, x0=372147664
P3, tp=6, ts=6, x0=364297204
P1, tp=6, ts=6, x0=890849214, x1=147778092
P3, tp=6, ts=6, x0=407639747
P0, tp=6, ts=6, x0=715774462
P2, tp=6, ts=6
P2, tp=6, ts=6
P2, tp=6, ts=6
P0, tp=6, ts=6, x0=177186927
P1, tp=6, ts=6, x0=147778092, x1=339497191
P2, tp=6, ts=6
P3, tp=6, ts=6, x0=470452467
P2, tp=6, ts=6
P0, tp=6, ts=6, x0=177186927
P1, tp=6, ts=6, x0=147778092, x1=275897331
P1, tp=6, ts=6, x0=61958117, x1=342483095
P3, tp=6, ts=6, x0=164716309
P1, tp=6, ts=6, x0=875745578, x1=479637692
P1, tp=6, ts=6, x0=88988497, x1=619011997
P0, tp=6, ts=6, x0=218292555
P0, tp=6, ts=6, x0=218292555
P2, tp=6, ts=6
P1, tp=6, ts=6, x0=147778092, x1=342483095
P0, tp=6, ts=6, x0=275897331
P2, tp=6, ts=6
P0, tp=6, ts=6, x0=740989092
P0, tp=6, ts=6, x0=736230287
P2, tp=6, ts=6
P0, tp=6, ts=6, x0=915035320
P2, tp=6, ts=6
P0, tp=6, ts=6, x0=269660228
P1, tp=6, ts=6, x0=91344904, x1=926459441
P3, tp=6, ts=6, x0=926459441
P2, tp=6, ts=6
P3, tp=6, ts=6, x0=740989092
P1, tp=6, ts=6, x0=177186927, x1=789142657
P1, tp=6, ts=6, x0=989450625, x1=365942047
P0, tp=6, ts=6, x0=233427644
P0, tp=6, ts=6, x0=793955134
P3, tp=6, ts=6, x0=591364332
P0, tp=6, ts=6, x0=556074347
P2, tp=6, ts=6
P1, tp=6, ts=6, x0=233427644, x1=35416328
P1, tp=6, ts=6, x0=342598852, x1=395394745
P2, tp=6, ts=6
P2, tp=6, ts=6
P3, tp=6, ts=6, x0=156359488
P3, tp=6, ts=6, x0=688569762
P1, tp=6, ts=6, x0=711341966, x1=875745578
P0, tp=6, ts=6, x0=155339606
P0, tp=6, ts=6, x0=880084434
P3, tp=6, ts=6, x0=275897331
P2, tp=6, ts=6
P2, tp=6, ts=6
P2, tp=6, ts=6
P1, tp=6, ts=6, x0=351192341, x1=709641777
P2, tp=6, ts=6
P3, tp=6, ts=6, x0=619011997
P1, tp=6, ts=6, x0=9458546, x1=575821514
P3, tp=6, ts=6, x0=744792064
P2, tp=6, ts=6
P2, tp=6, ts=6
P0, tp=6, ts=6, x0=875745578
P2, tp=6, ts=6
P3, tp=6, ts=6, x0=147778092
P2, tp=6, ts=6
P1, tp=6, ts=6, x0=395394745, x1=39715806
P0, tp=6, ts=6, x0=635685582
P0, tp=6, ts=6, x0=915035320
P0, tp=6, ts=6, x0=353048448
P1, tp=6, ts=6, x0=9458546, x1=152907210
P2, tp=6, ts=6
P2, tp=6, ts=6
P2, tp=6, ts=6
P2, tp=6, ts=6
P3, tp=6, ts=6, x0=609244565
P1, tp=6, ts=6, x0=923048838, x1=178447784
P0, tp=6, ts=6, x0=845674636
P3, tp=6, ts=6, x0=147778092
P0, tp=6, ts=6, x0=45153954
P0, tp=6, ts=6, x0=715774462
P2, tp=6, ts=6
P1, tp=6, ts=6, x0=35416328, x1=136918708
P3, tp=6, ts=6, x0=525876842
P3, tp=6, ts=6, x0=39715806
P0, tp=6, ts=6, x0=557033012
P1, tp=6, ts=6, x0=351192341, x1=575821514
P0, tp=6, ts=6, x0=252022855
P2, tp=6, ts=6
P0, tp=6, ts=6, x0=674342878
P2, tp=6, ts=6
P1, tp=6, ts=6, x0=987768407, x1=233427644
P0, tp=6, ts=6, x0=715774462
P3, tp=6, ts=6, x0=61958117
P0, tp=6, ts=6, x0=806218387
P2, tp=6, ts=6
P1, tp=6, ts=6, x0=9458546, x1=70844238
P2, tp=6, ts=6
P3, tp=6, ts=6, x0=35416328
P1, tp=6, ts=6, x0=164716309, x1=226466265
P3, tp=6, ts=6, x0=470452467
P1, tp=6, ts=6, x0=926459441, x1=890849214
P0, tp=6, ts=6, x0=459378328
P3, tp=6, ts=6, x0=674342878
P3, tp=6, ts=6, x0=342598852
P1, tp=6, ts=6, x0=170124953, x1=942643621
P1, tp=6, ts=6, x0=365942047, x1=217165976
P2, tp=6, ts=6
P2, tp=6, ts=6
P0, tp=6, ts=6, x0=615745028
P1, tp=6, ts=6, x0=135667386, x1=446162547
P1, tp=6, ts=6, x0=744892878, x1=156359488
P0, tp=6, ts=6, x0=39715806
P3, tp=6, ts=6, x0=736230287
P3, tp=6, ts=6, x0=715774462
P3, tp=6, ts=6, x0=274439766
P1, tp=6, ts=6, x0=45153954, x1=252022855
P0, tp=6, ts=6, x0=926459441
P3, tp=6, ts=6, x0=395394745
P3, tp=6, ts=6, x0=459378328
P0, tp=6, ts=6, x0=744892878
P1, tp=6, ts=6, x0=224906571, x1=316521978
P1, tp=6, ts=6, x0=177186927, x1=43237217
P3, tp=6, ts=6, x0=365942047
P2, tp=6, ts=6
P2, tp=6, ts=6
P2, tp=6, ts=6
P3, tp=6, ts=6, x0=513647090
P2, tp=6, ts=6
P0, tp=6, ts=6, x0=740989092
P0, tp=6, ts=6, x0=744892878
P0, tp=6, ts=6, x0=709641777
P3, tp=6, ts=6, x0=591364332
P0, tp=6, ts=6, x0=635685582
P1, tp=6, ts=6, x0=470452467, x1=693030564
P1, tp=6, ts=6, x0=152111715, x1=740989092
P3, tp=6, ts=6, x0=875745578
P3, tp=6, ts=6, x0=875745578
P3, tp=6, ts=6, x0=353048448
P2, tp=6, ts=6
P3, tp=6, ts=6, x0=282094763
P0, tp=6, ts=6, x0=178447784
P0, tp=6, ts=6, x0=446162547
P3, tp=6, ts=6, x0=626788532
P2, tp=6, ts=6
P1, tp=6, ts=6, x0=886671045, x1=88988497
P2, tp=6, ts=6
P3, tp=6, ts=6, x0=782588046
P0, tp=6, ts=6, x0=789142657
P1, tp=6, ts=6, x0=218292555, x1=74624411
P2, tp=6, ts=6
P2, tp=6, ts=6
P0, tp=6, ts=6, x0=817047335
P3, tp=6, ts=6, x0=915035320
P3, tp=6, ts=6, x0=147778092
P1, tp=6, ts=6, x0=411428405, x1=968147145
P3, tp=6, ts=6, x0=987768407
P1, tp=6, ts=6, x0=274439766, x1=233427644
P3, tp=6, ts=6, x0=513647090
P2, tp=6, ts=6
P0, tp=6, ts=6, x0=721663097
P2, tp=6, ts=6
P1, tp=6, ts=6, x0=890849214, x1=254649224
P2, tp=6, ts=6
P1, tp=6, ts=6, x0=736230287, x1=635685582
P0, tp=6, ts=6, x0=274439766
P2, tp=6, ts=6
P3, tp=6, ts=6, x0=378025987
P2, tp=6, ts=6
P0, tp=6, ts=6, x0=164716309
P0, tp=6, ts=6, x0=7242916
P1, tp=6, ts=6, x0=39715806, x1=715774462
P0, tp=6, ts=6, x0=626788532
P3, tp=6, ts=6, x0=459378328
P1, tp=6, ts=6, x0=339497191, x1=513647090
P0, tp=6, ts=6, x0=479637692
P0, tp=6, ts=6, x0=339497191
P0, tp=6, ts=6, x0=275897331
P3, tp=6, ts=6, x0=987768407
P1, tp=6, ts=6, x0=609244565, x1=968147145
P2, tp=6, ts=6
P3, tp=6, ts=6, x0=156359488
P3, tp=6, ts=6, x0=942643621
P3, tp=6, ts=6, x0=107111693
P2, tp=6, ts=6
P3, tp=6, ts=6, x0=619011997
P2, tp=6, ts=6
P0, tp=6, ts=6, x0=942643621
P0, tp=6, ts=6, x0=290846070
P1, tp=6, ts=6, x0=233427644, x1=654874248
P2, tp=6, ts=6
P3, tp=6, ts=6, x0=836941184
P1, tp=6, ts=6, x0=365942047, x1=715774462
P0, tp=6, ts=6, x0=693030564
P1, tp=6, ts=6, x0=364297204, x1=886671045
P1, tp=6, ts=6, x0=283024524, x1=156359488
P2, tp=6, ts=6
P2, tp=6, ts=6
P1, tp=6, ts=6, x0=886671045, x1=890849214
P2, tp=6, ts=6
P1, tp=6, ts=6, x0=674342878, x1=218292555
P2, tp=6, ts=6
P1, tp=6, ts=6, x0=626788532, x1=282094763
P0, tp=6, ts=6, x0=407639747
P0, tp=6, ts=6, x0=688569762
P0, tp=6, ts=6, x0=860704045
P1, tp=6, ts=6, x0=152111715, x1=513647090
P3, tp=6, ts=6, x0=8537553
P1, tp=6, ts=6, x0=715774462, x1=217165976
P2, tp=6, ts=6
P1, tp=6, ts=6, x0=942643621, x1=709641777
P1, tp=6, ts=6, x0=721663097, x1=35416328
P1, tp=6, ts=6, x0=619011997, x1=224906571
P2, tp=6, ts=6
P2, tp=6, ts=6
P0, tp=6, ts=6, x0=880084434
P3, tp=6, ts=6, x0=177186927
P0, tp=6, ts=6, x0=793955134
P2, tp=6, ts=6
P2, tp=6, ts=6
P0, tp=6, ts=6, x0=147778092
P0, tp=6, ts=6, x0=968147145
P0, tp=6, ts=6, x0=556074347
P3, tp=6, ts=6, x0=226466265
P0, tp=6, ts=6, x0=806218387
P1, tp=6, ts=6, x0=91344904, x1=339497191
P0, tp=6, ts=6, x0=619011997
P0, tp=6, ts=6, x0=43237217
P1, tp=6, ts=6, x0=625476605, x1=18665614
P2, tp=6, ts=6
P1, tp=6, ts=6, x0=61958117, x1=915035320
P0, tp=6, ts=6, x0=9458546
P3, tp=6, ts=6, x0=395394745
P3, tp=6, ts=6, x0=886671045
P3, tp=6, ts=6, x0=1641114
P0, tp=6, ts=6, x0=378025987
P1, tp=6, ts=6, x0=997403862, x1=35416328
P2, tp=6, ts=6
P2, tp=6, ts=6
P0, tp=6, ts=6, x0=996880935
P0, tp=6, ts=6, x0=135466172
P2, tp=6, ts=6
P3, tp=6, ts=6, x0=43237217
P1, tp=6, ts=6, x0=106778167, x1=252022855
P3, tp=6, ts=6, x0=407639747
P2, tp=6, ts=6
P3, tp=6, ts=6, x0=342598852
P0, tp=6, ts=6, x0=106778167
P1, tp=6, ts=6, x0=715774462, x1=575821514
P3, tp=6, ts=6, x0=74624411
P2, tp=6, ts=6
P1, tp=6, ts=6, x0=365942047, x1=35416328
P3, tp=6, ts=6, x0=446162547
P1, tp=6, ts=6, x0=74624411, x1=926459441
P1, tp=6, ts=6, x0=135667386, x1=744892878
P1, tp=6, ts=6, x0=275897331, x1=351192341
P2, tp=6, ts=6
P0, tp=6, ts=6, x0=806218387
P1, tp=6, ts=6, x0=91344904, x1=74624411
P1, tp=6, ts=6, x0=709641777, x1=275897331
P0, tp=6, ts=6, x0=744792064
P1, tp=6, ts=6, x0=439055059, x1=886671045
P1, tp=6, ts=6, x0=316521978, x1=351192341
P2, tp=6, ts=6
P0, tp=6, ts=6, x0=603797089
P0, tp=6, ts=6, x0=990229554
P1, tp=6, ts=6, x0=226466265, x1=178447784
P2, tp=6, ts=6
P0, tp=6, ts=6, x0=1641114
P0, tp=6, ts=6, x0=709641777
P2, tp=6, ts=6
P0, tp=6, ts=6, x0=45153954
P1, tp=6, ts=6, x0=152907210, x1=674342878
P2, tp=6, ts=6
P0, tp=6, ts=6, x0=693030564
P3, tp=6, ts=6, x0=226466265
P2, tp=6, ts=6
P2, tp=6, ts=6
P0, tp=6, ts=6, x0=557033012
P3, tp=6, ts=6, x0=871415145
P3, tp=6, ts=6, x0=688569762
P3, tp=6, ts=6, x0=274439766
P1, tp=6, ts=6, x0=254649224, x1=968147145
P0, tp=6, ts=6, x0=43237217
P0, tp=6, ts=6, x0=923048838
P2, tp=6, ts=6
P3, tp=6, ts=6, x0=233427644
P1, tp=6, ts=6, x0=989450625, x1=152907210
P1, tp=6, ts=6, x0=45153954, x1=740989092
P0, tp=6, ts=6, x0=836941184
P1, tp=6, ts=6, x0=886671045, x1=454311334
P1, tp=6, ts=6, x0=283024524, x1=136252704
P1, tp=6, ts=6, x0=470452467, x1=365942047
P0, tp=6, ts=6, x0=411428405
P2, tp=6, ts=6
P0, tp=6, ts=6, x0=626788532
P1, tp=6, ts=6, x0=213655767, x1=915035320
P2, tp=6, ts=6
P1, tp=6, ts=6, x0=70844238, x1=479637692
P1, tp=6, ts=6, x0=967373649, x1=479637692
P0, tp=6, ts=6, x0=744792064
P2, tp=6, ts=6
P1, tp=6, ts=6, x0=226466265, x1=709641777
P0, tp=6, ts=6, x0=740989092
P0, tp=6, ts=6, x0=351192341
P3, tp=6, ts=6, x0=282094763
P2, tp=6, ts=6
P2, tp=6, ts=6
P0, tp=6, ts=6, x0=621169062
P2, tp=6, ts=6
P3, tp=6, ts=6, x0=625476605
P0, tp=6, ts=6, x0=170124953
P2, tp=6, ts=6
P2, tp=6, ts=6
P1, tp=6, ts=6, x0=501684859, x1=880084434
P2, tp=6, ts=6
P1, tp=6, ts=6, x0=275897331, x1=625476605
P0, tp=6, ts=6, x0=136252704
P2, tp=6, ts=6
P1, tp=6, ts=6, x0=621169062, x1=871415145
P3, tp=6, ts=6, x0=43237217
P0, tp=6, ts=6, x0=18665614
P1, tp=6, ts=6, x0=8537553, x1=767889452
P1, tp=6, ts=6, x0=693030564, x1=283024524
P0, tp=6, ts=6, x0=890849214
P2, tp=6, ts=6
P0, tp=6, ts=6, x0=9458546
P0, tp=6, ts=6, x0=967373649
P0, tp=6, ts=6, x0=365942047
P1, tp=6, ts=6, x0=454311334, x1=942643621
P0, tp=6, ts=6, x0=283024524
P0, tp=6, ts=6, x0=155339606
P1, tp=6, ts=6, x0=626788532, x1=860704045
P0, tp=6, ts=6, x0=18665614
P0, tp=6, ts=6, x0=603797089
P0, tp=6, ts=6, x0=942643621
P2, tp=6, ts=6
P1, tp=6, ts=6, x0=789142657, x1=70844238
P2, tp=6, ts=6
P0, tp=6, ts=6, x0=233427644
P2, tp=6, ts=6
P3, tp=6, ts=6, x0=227866787
P2, tp=6, ts=6
P2, tp=6, ts=6
P3, tp=6, ts=6, x0=996880935
P0, tp=6, ts=6, x0=321037901
P0, tp=6, ts=6, x0=156359488
P2, tp=6, ts=6
P0, tp=6, ts=6, x0=715774462
P1, tp=6, ts=6, x0=693030564, x1=557033012
P1, tp=6, ts=6, x0=619011997, x1=316521978
P2, tp=6, ts=6
P1, tp=6, ts=6, x0=164716309, x1=996880935
P3, tp=6, ts=6, x0=218292555
P3, tp=6, ts=6, x0=218292555
P1, tp=6, ts=6, x0=91344904, x1=459378328
P0, tp=6, ts=6, x0=170124953
P1, tp=6, ts=6, x0=133569080, x1=513647090
P2, tp=6, ts=6
P2, tp=6, ts=6
P0, tp=6, ts=6, x0=626788532
P2, tp=6, ts=6
P2, tp=6, ts=6
P2, tp=6, ts=6
P3, tp=6, ts=6, x0=226466265
P3, tp=6, ts=6, x0=8537553
P0, tp=6, ts=6, x0=793955134
P0, tp=6, ts=6, x0=625476605
P1, tp=6, ts=6, x0=454311334, x1=615745028
P0, tp=6, ts=6, x0=744792064
P2, tp=6, ts=6
P0, tp=6, ts=6, x0=7242916
P3, tp=6, ts=6, x0=107111693
P2, tp=6, ts=6
P2, tp=6, ts=6
P3, tp=6, ts=6, x0=996880935
P3, tp=6, ts=6, x0=35416328
P3, tp=6, ts=6, x0=365942047
P2, tp=6, ts=6
P0, tp=6, ts=6, x0=793955134
P1, tp=6, ts=6, x0=886671045, x1=224906571
P0, tp=6, ts=6, x0=170124953
P0, tp=6, ts=6, x0=170124953
P0, tp=6, ts=6, x0=871415145
P3, tp=6, ts=6, x0=155967104
P0, tp=6, ts=6, x0=70844238
P3, tp=6, ts=6, x0=282094763
P0, tp=6, ts=6, x0=100162464
P3, tp=6, ts=6, x0=342598852
P0, tp=6, ts=6, x0=227866787
P2, tp=6, ts=6
P1, tp=6, ts=6, x0=339497191, x1=254649224
P2, tp=6, ts=6
P2, tp=6, ts=6
P2, tp=6, ts=6
P3, tp=6, ts=6, x0=904188454
P0, tp=6, ts=6, x0=372870472
P3, tp=6, ts=6, x0=989450625
P1, tp=6, ts=6, x0=290846070, x1=625476605
P3, tp=6, ts=6, x0=1641114
P2, tp=6, ts=6
P0, tp=6, ts=6, x0=395394745
P1, tp=6, ts=6, x0=886671045, x1=709641777
P2, tp=6, ts=6
P1, tp=6, ts=6, x0=106778167, x1=997403862
P0, tp=6, ts=6, x0=372870472
P3, tp=6, ts=6, x0=290846070
P3, tp=6, ts=6, x0=465994483
P1, tp=6, ts=6, x0=252022855, x1=74624411
P2, tp=6, ts=6
P1, tp=6, ts=6, x0=886671045, x1=793955134
P0, tp=6, ts=6, x0=283024524
P3, tp=6, ts=6, x0=135667386
P1, tp=6, ts=6, x0=227866787, x1=135667386
P2, tp=6, ts=6
P0, tp=6, ts=6, x0=698116705
P3, tp=6, ts=6, x0=942643621
P1, tp=6, ts=6, x0=135667386, x1=213655767
P2, tp=6, ts=6
P2, tp=6, ts=6
P1, tp=6, ts=6, x0=926459441, x1=70844238
P0, tp=6, ts=6, x0=395394745
P1, tp=6, ts=6, x0=7242916, x1=470452467
P2, tp=7, ts=7
P0, tp=7, ts=7, x0=793955134
P3, tp=7, ts=7, x0=936007018
P2, tp=7, ts=7
P0, tp=7, ts=7, x0=395394745
P2, tp=7, ts=7
P2, tp=7, ts=7
P2, tp=7, ts=7
P0, tp=7, ts=7, x0=155967104
P2, tp=7, ts=7
P0, tp=7, ts=7, x0=557033012
P1, tp=7, ts=7, x0=709641777, x1=626788532
P0, tp=7, ts=7, x0=106778167
P2, tp=7, ts=7
P2, tp=7, ts=7
P1, tp=7, ts=7, x0=227866787, x1=698116705
P2, tp=7, ts=7
P3, tp=7, ts=7, x0=513647090
P1, tp=7, ts=7, x0=654874248, x1=213655767
P0, tp=7, ts=7, x0=709641777
P1, tp=7, ts=7, x0=557929790, x1=136252704
P3, tp=7, ts=7, x0=556074347
P0, tp=7, ts=7, x0=923048838
P1, tp=7, ts=7, x0=135667386, x1=282094763
P0, tp=7, ts=7, x0=312349262
P0, tp=7, ts=7, x0=967782130
P0, tp=7, ts=7, x0=155967104
P3, tp=7, ts=7, x0=875745578
P1, tp=7, ts=7, x0=997403862, x1=282094763
P0, tp=7, ts=7, x0=226466265
P2, tp=7, ts=7
P0, tp=7, ts=7, x0=621169062
P1, tp=7, ts=7, x0=459378328, x1=875745578
P0, tp=7, ts=7, x0=926459441
P1, tp=7, ts=7, x0=91344904, x1=316521978
P0, tp=7, ts=7, x0=967782130
P0, tp=7, ts=7, x0=967782130
P1, tp=7, ts=7, x0=275897331, x1=479637692
P3, tp=7, ts=7, x0=407639747
P1, tp=7, ts=7, x0=339497191, x1=626788532
P0, tp=7, ts=7, x0=342598852
P2, tp=7, ts=7
P2, tp=7, ts=7
P1, tp=7, ts=7, x0=155339606, x1=8537553
P1, tp=7, ts=7, x0=227866787, x1=617109892
P3, tp=7, ts=7, x0=806218387
P0, tp=7, ts=7, x0=454311334
P1, tp=7, ts=7, x0=871415145, x1=45153954
P2, tp=7, ts=7
P1, tp=7, ts=7, x0=45153954, x1=996880935
P1, tp=7, ts=7, x0=875745578, x1=283024524
P2, tp=7, ts=7
P2, tp=7, ts=7
P2, tp=7, ts=7
P0, tp=7, ts=7, x0=91344904
P1, tp=7, ts=7, x0=836941184, x1=155967104
P1, tp=7, ts=7, x0=709641777, x1=282094763
P0, tp=7, ts=7, x0=479637692
P3, tp=7, ts=7, x0=704427958
P3, tp=7, ts=7, x0=342598852
P0, tp=7, ts=7, x0=226466265
P1, tp=7, ts=7, x0=591364332, x1=715774462
P1, tp=7, ts=7, x0=61958117, x1=392432443
P3, tp=7, ts=7, x0=170124953
P0, tp=7, ts=7, x0=152907210
P3, tp=7, ts=7, x0=923048838
P0, tp=7, ts=7, x0=136252704
P2, tp=7, ts=7
P0, tp=7, ts=7, x0=767889452
P0, tp=7, ts=7, x0=107111693
P1, tp=7, ts=7, x0=886671045, x1=372870472
P1, tp=7, ts=7, x0=789142657, x1=674342878
P1, tp=7, ts=7, x0=997403862, x1=177186927
P1, tp=7, ts=7, x0=100162464, x1=164716309
P3, tp=7, ts=7, x0=213655767
P0, tp=7, ts=7, x0=997403862
P0, tp=7, ts=7, x0=353048448
P2, tp=7, ts=7
P0, tp=7, ts=7, x0=316521978
P1, tp=7, ts=7, x0=35416328, x1=740989092
P2, tp=7, ts=7
P3, tp=7, ts=7, x0=967782130
P3, tp=7, ts=7, x0=915035320
P2, tp=7, ts=7
P3, tp=7, ts=7, x0=935501997
P2, tp=7, ts=7
P1, tp=7, ts=7, x0=967373649, x1=674342878
P0, tp=7, ts=7, x0=88988497
P0, tp=7, ts=7, x0=615745028
P2, tp=7, ts=7
P2, tp=7, ts=7
P0, tp=7, ts=7, x0=875745578
P2, tp=7, ts=7
P2, tp=7, ts=7
P1, tp=7, ts=7, x0=557929790, x1=135667386
P0, tp=7, ts=7, x0=407639747
P1, tp=7, ts=7, x0=312349262, x1=226466265
P1, tp=7, ts=7, x0=316521978, x1=704427958
P0, tp=7, ts=7, x0=133569080
P2, tp=7, ts=7
P0, tp=7, ts=7, x0=155339606
P0, tp=7, ts=7, x0=61958117
P0, tp=7, ts=7, x0=454311334
P1, tp=7, ts=7, x0=407639747, x1=45153954
P3, tp=7, ts=7, x0=339497191
P1, tp=7, ts=7, x0=674342878, x1=617109892
P1, tp=7, ts=7, x0=8537553, x1=806218387
P1, tp=7, ts=7, x0=282094763, x1=144399779
P2, tp=7, ts=7
P3, tp=7, ts=7, x0=170124953
P2, tp=7, ts=7
P0, tp=7, ts=7, x0=353048448
P1, tp=7, ts=7, x0=968147145, x1=615745028
P1, tp=7, ts=7, x0=704427958, x1=459378328
P0, tp=7, ts=7, x0=100162464
P2, tp=7, ts=7
P3, tp=7, ts=7, x0=875745578
P3, tp=7, ts=7, x0=70844238
P1, tp=7, ts=7, x0=164716309, x1=465994483
P1, tp=7, ts=7, x0=23511654, x1=886671045
P0, tp=7, ts=7, x0=195915514
P3, tp=7, ts=7, x0=61958117
P1, tp=7, ts=7, x0=967782130, x1=897285471
P3, tp=7, ts=7, x0=736203974
P1, tp=7, ts=7, x0=155967104, x1=880084434
P0, tp=7, ts=7, x0=591364332
P1, tp=7, ts=7, x0=144399779, x1=254649224
P2, tp=7, ts=7
P1, tp=7, ts=7, x0=164716309, x1=904188454
P1, tp=7, ts=7, x0=557033012, x1=61958117
P1, tp=7, ts=7, x0=100162464, x1=136252704
P0, tp=7, ts=7, x0=226466265
P1, tp=7, ts=7, x0=740989092, x1=164716309
P3, tp=7, ts=7, x0=61958117
P1, tp=7, ts=7, x0=967373649, x1=557033012
P0, tp=7, ts=7, x0=589947901
P1, tp=7, ts=7, x0=904188454, x1=897285471
P2, tp=7, ts=7
P3, tp=7, ts=7, x0=617109892
P3, tp=7, ts=7, x0=218292555
P3, tp=7, ts=7, x0=353048448
P3, tp=7, ts=7, x0=1641114
P2, tp=7, ts=7
P0, tp=7, ts=7, x0=806218387
P3, tp=7, ts=7, x0=935501997
P1, tp=7, ts=7, x0=181739991, x1=224906571
P0, tp=7, ts=7, x0=283024524
P3, tp=7, ts=7, x0=935501997
P2, tp=7, ts=7
P3, tp=7, ts=7, x0=997403862
P2, tp=7, ts=7
P2, tp=7, ts=7
P3, tp=7, ts=7, x0=556074347
P3, tp=7, ts=7, x0=407639747
P1, tp=7, ts=7, x0=483598698, x1=740989092
P1, tp=7, ts=7, x0=91344904, x1=767889452
P1, tp=7, ts=7, x0=252022855, x1=74624411
P1, tp=7, ts=7, x0=936007018, x1=74624411
P2, tp=7, ts=7
P3, tp=7, ts=7, x0=789142657
P0, tp=7, ts=7, x0=501896445
P0, tp=7, ts=7, x0=7242916
P3, tp=7, ts=7, x0=395394745
P0, tp=7, ts=7, x0=454311334
P1, tp=7, ts=7, x0=155967104, x1=23511654
P0, tp=7, ts=7, x0=45153954
P1, tp=7, ts=7, x0=575821514, x1=91344904
P1, tp=7, ts=7, x0=936007018, x1=591602694
P0, tp=7, ts=7, x0=619011997
P2, tp=7, ts=7
P3, tp=7, ts=7, x0=983436499
P0, tp=7, ts=7, x0=513647090
P3, tp=7, ts=7, x0=904188454
P1, tp=7, ts=7, x0=926459441, x1=74624411
P2, tp=7, ts=7
P2, tp=7, ts=7
P0, tp=7, ts=7, x0=217165976
P2, tp=7, ts=7
P0, tp=7, ts=7, x0=254649224
P2, tp=7, ts=7
P3, tp=7, ts=7, x0=452790618
P3, tp=7, ts=7, x0=968147145
P2, tp=7, ts=7
P1, tp=7, ts=7, x0=57653800, x1=43237217
P0, tp=7, ts=7, x0=135466172
P1, tp=7, ts=7, x0=924324086, x1=164716309
P1, tp=7, ts=7, x0=625476605, x1=740989092
P2, tp=7, ts=7
P2, tp=7, ts=7
P1, tp=7, ts=7, x0=365942047, x1=316521978
P0, tp=7, ts=7, x0=871415145
P3, tp=7, ts=7, x0=452790618
P3, tp=7, ts=7, x0=431414394
P0, tp=7, ts=7, x0=7242916
P2, tp=7, ts=7
P1, tp=7, ts=7, x0=744892878, x1=155967104
P0, tp=7, ts=7, x0=958866728
P2, tp=7, ts=7
P3, tp=7, ts=7, x0=923048838
P2, tp=7, ts=7
P1, tp=7, ts=7, x0=715774462, x1=958866728
P0, tp=7, ts=7, x0=61958117
P3, tp=7, ts=7, x0=135466172
P3, tp=7, ts=7, x0=836941184
P1, tp=7, ts=7, x0=133569080, x1=744792064
P2, tp=7, ts=7
P2, tp=7, ts=7
P2, tp=7, ts=7
P2, tp=7, ts=7
P2, tp=7, ts=7
P1, tp=7, ts=7, x0=164716309, x1=806218387
P3, tp=7, ts=7, x0=321037901
P1, tp=7, ts=7, x0=904188454, x1=548419584
P1, tp=7, ts=7, x0=608500021, x1=283024524
P0, tp=7, ts=7, x0=997403862
P1, tp=7, ts=7, x0=392432443, x1=399355728
P2, tp=7, ts=7
P1, tp=7, ts=7, x0=936007018, x1=217165976
P1, tp=7, ts=7, x0=224906571, x1=452790618
P2, tp=7, ts=7
P1, tp=7, ts=7, x0=465994483, x1=195915514
P3, tp=7, ts=7, x0=74624411
P1, tp=7, ts=7, x0=311077215, x1=282094763
P1, tp=7, ts=7, x0=106778167, x1=43237217
P2, tp=7, ts=7
P0, tp=7, ts=7, x0=218292555
P2, tp=7, ts=7
P2, tp=7, ts=7
P1, tp=7, ts=7, x0=395394745, x1=465994483
P1, tp=7, ts=7, x0=170124953, x1=625476605
P1, tp=7, ts=7, x0=513647090, x1=283024524
P3, tp=7, ts=7, x0=571619243
P3, tp=7, ts=7, x0=311077215
P1, tp=7, ts=7, x0=155967104, x1=195915514
P0, tp=7, ts=7, x0=556074347
P2, tp=7, ts=7
P0, tp=7, ts=7, x0=100162464
P2, tp=7, ts=7
P3, tp=7, ts=7, x0=170124953
P3, tp=7, ts=7, x0=144104258
P0, tp=7, ts=7, x0=459378328
P1, tp=7, ts=7, x0=591364332, x1=61958117
P0, tp=7, ts=7, x0=621169062
P1, tp=7, ts=7, x0=61958117, x1=339497191
P2, tp=7, ts=7
P0, tp=7, ts=7, x0=730248318
P0, tp=7, ts=7, x0=591364332
P1, tp=7, ts=7, x0=470452467, x1=904188454
P0, tp=7, ts=7, x0=693030564
P3, tp=7, ts=7, x0=736203974
P3, tp=7, ts=7, x0=312349262
P2, tp=7, ts=7
P0, tp=7, ts=7, x0=709641777
P2, tp=7, ts=7
P0, tp=7, ts=7, x0=470452467
P3, tp=7, ts=7, x0=613979073
P1, tp=7, ts=7, x0=372870472, x1=181739991
P1, tp=7, ts=7, x0=513647090, x1=311077215
P0, tp=7, ts=7, x0=144399779
P2, tp=7, ts=7
P0, tp=7, ts=7, x0=470452467
P0, tp=7, ts=7, x0=61958117
P3, tp=7, ts=7, x0=880084434
P1, tp=7, ts=7, x0=311077215, x1=575821514
P2, tp=7, ts=7
P2, tp=7, ts=7
P2, tp=7, ts=7
P2, tp=7, ts=7
P3, tp=7, ts=7, x0=217165976
P1, tp=7, ts=7, x0=500383292, x1=177186927
P1, tp=7, ts=7, x0=135466172, x1=217165976
P3, tp=7, ts=7, x0=968147145
P3, tp=7, ts=7, x0=213655767
P0, tp=7, ts=7, x0=613979073
P3, tp=7, ts=7, x0=452790618
P2, tp=7, ts=7
P0, tp=7, ts=7, x0=70844238
P2, tp=7, ts=7
P1, tp=7, ts=7, x0=886671045, x1=591364332
P3, tp=7, ts=7, x0=967782130
P2, tp=7, ts=7
P0, tp=7, ts=7, x0=997403862
P0, tp=7, ts=7, x0=399355728
P0, tp=7, ts=7, x0=152907210
P1, tp=7, ts=7, x0=997403862, x1=834698196
P2, tp=7, ts=7
P3, tp=7, ts=7, x0=217165976
P1, tp=7, ts=7, x0=339497191, x1=483598698
P2, tp=7, ts=7
P2, tp=7, ts=7
P3, tp=7, ts=7, x0=513647090
P2, tp=7, ts=7
P3, tp=7, ts=7, x0=924324086
P3, tp=7, ts=7, x0=465994483
P1, tp=7, ts=7, x0=535143151, x1=213655767
P2, tp=7, ts=7
P0, tp=7, ts=7, x0=91344904
P3, tp=7, ts=7, x0=704427958
P2, tp=7, ts=7
P3, tp=7, ts=7, x0=133569080
P1, tp=7, ts=7, x0=709641777, x1=674342878
P0, tp=7, ts=7, x0=213655767
P2, tp=7, ts=7
P2, tp=7, ts=7
P0, tp=7, ts=7, x0=170124953
P2, tp=7, ts=7
P2, tp=7, ts=7
P3, tp=7, ts=7, x0=762680907
P0, tp=7, ts=7, x0=500383292
P3, tp=7, ts=7, x0=621169062
P1, tp=7, ts=7, x0=617109892, x1=459192419
P0, tp=7, ts=7, x0=144104258
P1, tp=7, ts=7, x0=7242916, x1=164716309
P0, tp=7, ts=7, x0=548419584
P0, tp=7, ts=7, x0=740989092
P3, tp=7, ts=7, x0=990081632
P2, tp=7, ts=7
P0, tp=7, ts=7, x0=372870472
P1, tp=7, ts=7, x0=213655767, x1=923048838
P1, tp=7, ts=7, x0=591602694, x1=459192419
P2, tp=7, ts=7
P3, tp=7, ts=7, x0=454311334
P2, tp=7, ts=7
P2, tp=7, ts=7
P2, tp=7, ts=7
P2, tp=7, ts=7
P3, tp=7, ts=7, x0=218292555
P1, tp=7, ts=7, x0=730248318, x1=548419584
P0, tp=7, ts=7, x0=613979073
P2, tp=7, ts=7
P3, tp=7, ts=7, x0=7242916
P0, tp=7, ts=7, x0=547669970
P1, tp=7, ts=7, x0=736203974, x1=983436499
P0, tp=7, ts=7, x0=177186927
P3, tp=7, ts=7, x0=762680907
P1, tp=7, ts=7, x0=312349262, x1=621169062
P1, tp=7, ts=7, x0=339497191, x1=432064988
P1, tp=7, ts=7, x0=164716309, x1=968147145
P3, tp=7, ts=7, x0=470452467
P1, tp=7, ts=7, x0=557929790, x1=400188003
P3, tp=7, ts=7, x0=626788532
P0, tp=7, ts=7, x0=339497191
P3, tp=7, ts=7, x0=591364332
P3, tp=7, ts=7, x0=501896445
P3, tp=7, ts=7, x0=591602694
P3, tp=7, ts=7, x0=290846070
P0, tp=7, ts=7, x0=441740964
P3, tp=7, ts=7, x0=135466172
P2, tp=7, ts=7
P1, tp=7, ts=7, x0=617109892, x1=613979073
P0, tp=7, ts=7, x0=936007018
P3, tp=7, ts=7, x0=571619243
P1, tp=7, ts=7, x0=181739991, x1=608500021
P1, tp=7, ts=7, x0=7242916, x1=983436499
P2, tp=7, ts=7
P1, tp=7, ts=7, x0=557929790, x1=185292178
P0, tp=7, ts=7, x0=591364332
P1, tp=7, ts=7, x0=267627622, x1=880084434
P3, tp=7, ts=7, x0=935501997
P2, tp=7, ts=7
P2, tp=7, ts=7
P0, tp=7, ts=7, x0=365942047
P2, tp=7, ts=7
P3, tp=7, ts=7, x0=501896445
P1, tp=7, ts=7, x0=591364332, x1=185292178
P2, tp=7, ts=7
P2, tp=7, ts=7
P3, tp=7, ts=7, x0=247600319
P2, tp=7, ts=7
P0, tp=7, ts=7, x0=535143151
P1, tp=7, ts=7, x0=400188003, x1=762680907
P1, tp=7, ts=7, x0=967373649, x1=935501997
P0, tp=7, ts=7, x0=70844238
P0, tp=7, ts=7, x0=904188454
P2, tp=7, ts=7
P0, tp=7, ts=7, x0=282094763
P0, tp=7, ts=7, x0=144399779
P2, tp=7, ts=7
P1, tp=7, ts=7, x0=247600319, x1=133569080
P3, tp=7, ts=7, x0=133165140
P1, tp=7, ts=7, x0=57653800, x1=91344904
P3, tp=7, ts=7, x0=767889452
P1, tp=7, ts=7, x0=170124953, x1=744892878
P2, tp=7, ts=7
P1, tp=7, ts=7, x0=834698196, x1=57653800
P0, tp=7, ts=7, x0=548419584
P3, tp=7, ts=7, x0=70844238
P2, tp=7, ts=7
P1, tp=7, ts=7, x0=247600319, x1=133569080
P0, tp=7, ts=7, x0=1641114
P0, tp=7, ts=7, x0=168111226
P3, tp=7, ts=7, x0=90521981
P2, tp=7, ts=7
P1, tp=7, ts=7, x0=535143151, x1=133569080
P1, tp=7, ts=7, x0=252022855, x1=392432443
P0, tp=7, ts=7, x0=247600319
P2, tp=7, ts=7
P2, tp=7, ts=7
P1, tp=7, ts=7, x0=467517983, x1=441740964
P3, tp=7, ts=7, x0=227503296
P2, tp=7, ts=7
P3, tp=7, ts=7, x0=709641777
P1, tp=7, ts=7, x0=454311334, x1=272933059
P3, tp=7, ts=7, x0=693030564
P1, tp=7, ts=7, x0=449880464, x1=90521981
P0, tp=7, ts=7, x0=100162464
P0, tp=7, ts=7, x0=272933059
P0, tp=7, ts=7, x0=924324086
P1, tp=7, ts=7, x0=968147145, x1=698116705
P1, tp=7, ts=7, x0=23511654, x1=926459441
P1, tp=7, ts=7, x0=513647090, x1=968147145
P2, tp=7, ts=7
P0, tp=7, ts=7, x0=963274312
P0, tp=7, ts=7, x0=100162464
P1, tp=7, ts=7, x0=767889452, x1=767889452
P2, tp=7, ts=7
P3, tp=7, ts=7, x0=467517983
P0, tp=7, ts=7, x0=462578321
P3, tp=7, ts=7, x0=192930643
P3, tp=7, ts=7, x0=164716309
P1, tp=7, ts=7, x0=605766328, x1=841125469
P0, tp=7, ts=7, x0=547669970
P2, tp=7, ts=7
P1, tp=7, ts=7, x0=936007018, x1=621169062
P3, tp=7, ts=7, x0=107111693
P3, tp=7, ts=7, x0=709641777
P0, tp=7, ts=7, x0=591602694
P1, tp=7, ts=7, x0=571619243, x1=84760217
P3, tp=7, ts=7, x0=605766328
P2, tp=7, ts=7
P1, tp=7, ts=7, x0=156359488, x1=687599720
P2, tp=7, ts=7
P3, tp=7, ts=7, x0=575645881
P2, tp=7, ts=7
P2, tp=7, ts=7
P0, tp=7, ts=7, x0=621169062
P3, tp=7, ts=7, x0=591364332
P2, tp=7, ts=7
P3, tp=7, ts=7, x0=192930643
P1, tp=7, ts=7, x0=730248318, x1=227503296
P1, tp=7, ts=7, x0=156359488, x1=443786006
P2, tp=7, ts=7
P2, tp=7, ts=7
P2, tp=7, ts=7
P3, tp=7, ts=7, x0=958866728
P1, tp=7, ts=7, x0=744892878, x1=897285471
P1, tp=7, ts=7, x0=744892878, x1=935501997
P0, tp=7, ts=7, x0=432064988
P2, tp=7, ts=7
P0, tp=7, ts=7, x0=311077215
P0, tp=7, ts=7, x0=312349262
P1, tp=7, ts=7, x0=904188454, x1=936007018
P3, tp=7, ts=7, x0=155967104
P0, tp=7, ts=7, x0=613979073
P2, tp=7, ts=7
P1, tp=7, ts=7, x0=441740964, x1=107111693
P1, tp=7, ts=7, x0=767889452, x1=513647090
P2, tp=7, ts=7
P0, tp=7, ts=7, x0=606783974
P0, tp=7, ts=7, x0=923048838
P0, tp=7, ts=7, x0=484790675
P1, tp=7, ts=7, x0=613979073, x1=709641777
P2, tp=7, ts=7
P2, tp=7, ts=7
P2, tp=7, ts=7
P3, tp=7, ts=7, x0=513647090
P3, tp=7, ts=7, x0=272933059
P2, tp=7, ts=7
P1, tp=7, ts=7, x0=133569080, x1=467517983
P2, tp=7, ts=7
P3, tp=7, ts=7, x0=454311334
P1, tp=7, ts=7, x0=449880464, x1=483598698
P1, tp=7, ts=7, x0=621169062, x1=462578321
P1, tp=7, ts=7, x0=484790675, x1=135466172
P2, tp=7, ts=7
P0, tp=7, ts=7, x0=548419584
P1, tp=7, ts=7, x0=605766328, x1=298621315
P0, tp=7, ts=7, x0=704427958
P2, tp=7, ts=7
P0, tp=7, ts=7, x0=698116705
P1, tp=7, ts=7, x0=605766328, x1=605766328
P3, tp=7, ts=7, x0=935501997
P0, tp=7, ts=7, x0=107111693
P3, tp=7, ts=7, x0=192930643
P0, tp=7, ts=7, x0=107111693
P1, tp=7, ts=7, x0=730248318, x1=650362771
P0, tp=7, ts=7, x0=57653800
P2, tp=7, ts=7
P2, tp=7, ts=7
P1, tp=7, ts=7, x0=513647090, x1=290846070
P1, tp=7, ts=7, x0=924324086, x1=23511654
P0, tp=7, ts=7, x0=135466172
P1, tp=7, ts=7, x0=606783974, x1=91344904
P1, tp=7, ts=7, x0=990081632, x1=513647090
P0, tp=7, ts=7, x0=156359488
P1, tp=7, ts=7, x0=168111226, x1=566746607
P0, tp=7, ts=7, x0=897285471
P3, tp=7, ts=7, x0=100162464
P3, tp=7, ts=7, x0=107111693
P3, tp=7, ts=7, x0=454311334
P1, tp=7, ts=7, x0=730248318, x1=650362771
P0, tp=7, ts=7, x0=935501997
P3, tp=7, ts=7, x0=958866728
P0, tp=7, ts=7, x0=617109892
P3, tp=7, ts=7, x0=52043129
P2, tp=7, ts=7
P0, tp=7, ts=7, x0=90521981
P3, tp=7, ts=7, x0=462578321
P2, tp=7, ts=7
P3, tp=7, ts=7, x0=392432443
P2, tp=7, ts=7
P1, tp=7, ts=7, x0=501684859, x1=967782130
P2, tp=7, ts=7
P1, tp=7, ts=7, x0=501684859, x1=452790618
P1, tp=7, ts=7, x0=923048838, x1=321037901
P3, tp=7, ts=7, x0=575645881
P1, tp=7, ts=7, x0=454311334, x1=156359488
P1, tp=7, ts=7, x0=181739991, x1=452790618
P2, tp=7, ts=7
P1, tp=7, ts=7, x0=924324086, x1=617109892
P0, tp=7, ts=7, x0=548419584
P3, tp=7, ts=7, x0=7242916
P2, tp=7, ts=7
P2, tp=7, ts=7
P2, tp=7, ts=7
P1, tp=7, ts=7, x0=107111693, x1=136252704
P2, tp=7, ts=7
P1, tp=7, ts=7, x0=144399779, x1=392432443
P0, tp=7, ts=7, x0=762680907
P2, tp=7, ts=7
P3, tp=7, ts=7, x0=114064038
P3, tp=7, ts=7, x0=513647090
P0, tp=7, ts=7, x0=400188003
P2, tp=7, ts=7
P1, tp=7, ts=7, x0=312349262, x1=399355728
P3, tp=7, ts=7, x0=454311334
P3, tp=7, ts=7, x0=501684859
P0, tp=7, ts=7, x0=181739991
P0, tp=7, ts=7, x0=135466172
P3, tp=7, ts=7, x0=566746607
P1, tp=7, ts=7, x0=605766328, x1=155967104
P1, tp=7, ts=7, x0=144104258, x1=625476605
P3, tp=7, ts=7, x0=881401427
P1, tp=7, ts=7, x0=898365340, x1=133569080
P3, tp=7, ts=7, x0=462578321
P1, tp=7, ts=7, x0=133569080, x1=290846070
P3, tp=7, ts=7, x0=500383292
P0, tp=7, ts=7, x0=144104258
P1, tp=7, ts=7, x0=217165976, x1=168111226
P3, tp=7, ts=7, x0=501684859
P3, tp=7, ts=7, x0=441740964
P2, tp=7, ts=7
P0, tp=7, ts=7, x0=547669970
P1, tp=7, ts=7, x0=154075157, x1=114064038
P3, tp=7, ts=7, x0=282094763
P3, tp=7, ts=7, x0=107111693
P0, tp=7, ts=7, x0=465994483
P0, tp=7, ts=7, x0=709641777
P3, tp=7, ts=7, x0=924324086
P3, tp=7, ts=7, x0=23511654
P0, tp=7, ts=7, x0=144399779
P3, tp=7, ts=7, x0=348201101
P1, tp=7, ts=7, x0=605766328, x1=283024524
P3, tp=7, ts=7, x0=571619243
P3, tp=7, ts=7, x0=155967104
P1, tp=7, ts=7, x0=312349262, x1=155967104
P1, tp=7, ts=7, x0=575645881, x1=321037901
P1, tp=7, ts=7, x0=936007018, x1=135466172
P0, tp=7, ts=7, x0=923048838
P1, tp=7, ts=7, x0=192930643, x1=501684859
P2, tp=7, ts=7
P2, tp=7, ts=7
P2, tp=7, ts=7
P1, tp=7, ts=7, x0=247600319, x1=696179508
P1, tp=7, ts=7, x0=23511654, x1=575645881
P0, tp=7, ts=7, x0=311077215
P3, tp=7, ts=7, x0=90521981
P2, tp=7, ts=7
P2, tp=7, ts=7
P1, tp=7, ts=7, x0=834698196, x1=557929790
P0, tp=7, ts=7, x0=57653800
P0, tp=7, ts=7, x0=521435522
P0, tp=7, ts=7, x0=687599720
P3, tp=7, ts=7, x0=1641114
P0, tp=7, ts=7, x0=881401427
P2, tp=7, ts=7
P1, tp=7, ts=7, x0=168111226, x1=625476605
P1, tp=7, ts=7, x0=454311334, x1=897285471
P0, tp=7, ts=7, x0=195915514
P3, tp=7, ts=7, x0=269440805
P2, tp=7, ts=7
P0, tp=7, ts=7, x0=897285471
P2, tp=7, ts=7
P2, tp=7, ts=7
P0, tp=7, ts=7, x0=834698196
P2, tp=7, ts=7
P2, tp=7, ts=7
P3, tp=7, ts=7, x0=348201101
P2, tp=7, ts=7
P0, tp=7, ts=7, x0=133165140
P2, tp=7, ts=7
P2, tp=7, ts=7
P2, tp=7, ts=7
P1, tp=7, ts=7, x0=452790618, x1=459192419
P2, tp=7, ts=7
P2, tp=7, ts=7
P0, tp=7, ts=7, x0=958866728
P3, tp=7, ts=7, x0=136252704
P3, tp=7, ts=7, x0=730248318
P3, tp=7, ts=7, x0=213655767
P1, tp=7, ts=7, x0=269440805, x1=566746607
P0, tp=7, ts=7, x0=898365340
P1, tp=7, ts=7, x0=272933059, x1=348201101
P3, tp=7, ts=7, x0=897285471
P0, tp=7, ts=7, x0=23511654
P3, tp=7, ts=7, x0=441740964
P3, tp=7, ts=7, x0=990081632
P1, tp=7, ts=7, x0=767889452, x1=282094763
P3, tp=7, ts=7, x0=566746607
P0, tp=7, ts=7, x0=483598698
P0, tp=7, ts=7, x0=90521981
P2, tp=7, ts=7
P0, tp=7, ts=7, x0=484790675
P2, tp=7, ts=7
P1, tp=7, ts=7, x0=154075157, x1=119435197
P3, tp=7, ts=7, x0=605766328
P1, tp=7, ts=7, x0=898365340, x1=237015335
P1, tp=7, ts=7, x0=38162545, x1=650362771
P3, tp=7, ts=7, x0=114064038
P1, tp=7, ts=7, x0=155967104, x1=201934782
P3, tp=7, ts=7, x0=192930643
P3, tp=7, ts=7, x0=762680907
P0, tp=7, ts=7, x0=547669970
P1, tp=7, ts=7, x0=155967104, x1=452790618
P1, tp=7, ts=7, x0=298621315, x1=650362771
P0, tp=7, ts=7, x0=924324086
P0, tp=7, ts=7, x0=834698196
P0, tp=7, ts=7, x0=213655767
P0, tp=7, ts=7, x0=762680907
P2, tp=7, ts=7
P2, tp=7, ts=7
P3, tp=7, ts=7, x0=300701925
P3, tp=7, ts=7, x0=711815395
P2, tp=7, ts=7
P0, tp=7, ts=7, x0=144104258
P0, tp=7, ts=7, x0=617109892
P2, tp=7, ts=7
P1, tp=7, ts=7, x0=267627622, x1=133569080
P0, tp=7, ts=7, x0=392432443
P3, tp=7, ts=7, x0=23511654
P1, tp=7, ts=7, x0=990081632, x1=119435197
P0, tp=7, ts=7, x0=535143151
P3, tp=7, ts=7, x0=936007018
P0, tp=7, ts=7, x0=535143151
P3, tp=7, ts=7, x0=983436499
P3, tp=7, ts=7, x0=841125469
P2, tp=7, ts=7
P0, tp=7, ts=7, x0=762680907
P3, tp=7, ts=7, x0=924324086
P3, tp=7, ts=7, x0=983436499
P1, tp=7, ts=7, x0=119435197, x1=459192419
P3, tp=7, ts=7, x0=967782130
P0, tp=7, ts=7, x0=687599720
P3, tp=7, ts=7, x0=841125469
P0, tp=7, ts=7, x0=57653800
P1, tp=7, ts=7, x0=589947901, x1=372870472
P2, tp=7, ts=7
P3, tp=7, ts=7, x0=52043129
P3, tp=7, ts=7, x0=500383292
P0, tp=7, ts=7, x0=283024524
P2, tp=7, ts=7
P2, tp=7, ts=7
P1, tp=7, ts=7, x0=135466172, x1=392432443
P3, tp=7, ts=7, x0=8537553
P3, tp=7, ts=7, x0=606783974
P2, tp=7, ts=7
P3, tp=7, ts=7, x0=575645881
P3, tp=7, ts=7, x0=898365340
P3, tp=7, ts=7, x0=767889452
P3, tp=7, ts=7, x0=344138838
P2, tp=7, ts=7
P1, tp=7, ts=7, x0=926127956, x1=155967104
P1, tp=7, ts=7, x0=84760217, x1=557929790
P2, tp=7, ts=7
P3, tp=7, ts=7, x0=344138838
P1, tp=7, ts=7, x0=650362771, x1=650362771
P0, tp=7, ts=7, x0=84760217
P3, tp=7, ts=7, x0=168111226
P3, tp=7, ts=7, x0=605766328
P1, tp=7, ts=7, x0=312349262, x1=213655767
P0, tp=7, ts=7, x0=449880464
P1, tp=7, ts=7, x0=100162464, x1=548419584
P2, tp=7, ts=7
P1, tp=7, ts=7, x0=201934782, x1=443786006
P1, tp=7, ts=7, x0=548419584, x1=591602694
P0, tp=7, ts=7, x0=834698196
P0, tp=7, ts=7, x0=687599720
P1, tp=7, ts=7, x0=571619243, x1=714432740
P2, tp=7, ts=7
P0, tp=7, ts=7, x0=811491782
P1, tp=7, ts=7, x0=967373649, x1=454311334
P3, tp=7, ts=7, x0=90521981
P2, tp=7, ts=7
P1, tp=7, ts=7, x0=420958464, x1=344138838
P2, tp=7, ts=7
P3, tp=7, ts=7, x0=311077215
P1, tp=7, ts=7, x0=548419584, x1=237015335
P0, tp=7, ts=7, x0=687599720
P2, tp=7, ts=7
P0, tp=7, ts=7, x0=311077215
P0, tp=7, ts=7, x0=52043129
P3, tp=7, ts=7, x0=269440805
P0, tp=7, ts=7, x0=227503296
P1, tp=7, ts=7, x0=449880464, x1=449880464
P0, tp=7, ts=7, x0=936007018
P0, tp=7, ts=7, x0=400188003
P3, tp=7, ts=7, x0=967782130
P0, tp=7, ts=7, x0=135466172
P3, tp=7, ts=7, x0=135466172
P1, tp=7, ts=7, x0=114064038, x1=133165140
P3, tp=7, ts=7, x0=185292178
P3, tp=7, ts=7, x0=484790675
P0, tp=7, ts=7, x0=762680907
P2, tp=7, ts=7
P0, tp=7, ts=7, x0=452790618
P2, tp=7, ts=7
P3, tp=7, ts=7, x0=84760217
P0, tp=7, ts=7, x0=227503296
P1, tp=7, ts=7, x0=983436499, x1=420958464
P0, tp=7, ts=7, x0=904188454
P2, tp=7, ts=7
P1, tp=7, ts=7, x0=168111226, x1=90521981
P3, tp=7, ts=7, x0=185292178
P1, tp=7, ts=7, x0=311077215, x1=557929790
P0, tp=7, ts=7, x0=454311334
P2, tp=7, ts=7
P1, tp=7, ts=7, x0=133569080, x1=144399779
P3, tp=7, ts=7, x0=650362771
P0, tp=7, ts=7, x0=344138838
P2, tp=7, ts=7
P1, tp=7, ts=7, x0=730248318, x1=589947901
P2, tp=7, ts=7
P0, tp=7, ts=7, x0=936007018
P1, tp=7, ts=7, x0=84760217, x1=399256606
P1, tp=7, ts=7, x0=767889452, x1=227503296
P0, tp=7, ts=7, x0=924324086
P3, tp=7, ts=7, x0=201934782
P1, tp=7, ts=7, x0=185292178, x1=608500021
P0, tp=7, ts=7, x0=687599720
P1, tp=7, ts=7, x0=52043129, x1=704427958
P2, tp=7, ts=7
P3, tp=7, ts=7, x0=591602694
P1, tp=7, ts=7, x0=23511654, x1=185292178
P1, tp=7, ts=7, x0=767889452, x1=696179508
P2, tp=7, ts=7
P2, tp=7, ts=7
P0, tp=7, ts=7, x0=548419584
P3, tp=7, ts=7, x0=591602694
P3, tp=7, ts=7, x0=967782130
P1, tp=7, ts=7, x0=452790618, x1=704427958
P0, tp=7, ts=7, x0=500383292
P3, tp=7, ts=7, x0=400188003
P1, tp=7, ts=7, x0=958866728, x1=372870472
P2, tp=7, ts=7
P0, tp=7, ts=7, x0=958866728
P0, tp=7, ts=7, x0=267627622
P3, tp=7, ts=7, x0=269440805
P0, tp=7, ts=7, x0=650362771
P2, tp=7, ts=7
P3, tp=7, ts=7, x0=730248318
P2, tp=7, ts=7
P0, tp=7, ts=7, x0=237015335
P2, tp=7, ts=7
P3, tp=7, ts=7, x0=168111226
P3, tp=7, ts=7, x0=904188454
P2, tp=7, ts=7
P3, tp=7, ts=7, x0=841125469
P2, tp=7, ts=7
P0, tp=7, ts=7, x0=23511654
P3, tp=7, ts=7, x0=924324086
P1, tp=7, ts=7, x0=312349262, x1=311077215
P1, tp=7, ts=7, x0=195915514, x1=272933059
P2, tp=7, ts=7
P2, tp=7, ts=7
P0, tp=7, ts=7, x0=695213184
P0, tp=7, ts=7, x0=698116705
P1, tp=7, ts=7, x0=441740964, x1=617109892
P3, tp=7, ts=7, x0=811491782
P1, tp=7, ts=7, x0=84760217, x1=38162545
P3, tp=7, ts=7, x0=114064038
P2, tp=7, ts=7
P2, tp=7, ts=7
P2, tp=7, ts=7
P1, tp=7, ts=7, x0=501684859, x1=400188003
P3, tp=7, ts=7, x0=521435522
P3, tp=7, ts=7, x0=811491782
P2, tp=7, ts=7
P2, tp=7, ts=7
P1, tp=7, ts=7, x0=747068441, x1=465994483
P3, tp=7, ts=7, x0=168111226
P3, tp=7, ts=7, x0=575645881
P0, tp=7, ts=7, x0=897285471
P1, tp=7, ts=7, x0=459192419, x1=465994483
P2, tp=7, ts=7
P0, tp=7, ts=7, x0=298621315
P1, tp=7, ts=7, x0=557929790, x1=575645881
P0, tp=7, ts=7, x0=617109892
P2, tp=7, ts=7
P0, tp=7, ts=7, x0=762680907
P3, tp=7, ts=7, x0=90521981
P2, tp=7, ts=7
P2, tp=7, ts=7
P2, tp=7, ts=7
P2, tp=7, ts=7
P2, tp=7, ts=7
P2, tp=7, ts=7
P2, tp=7, ts=7
P3, tp=7, ts=7, x0=144399779
P2, tp=7, ts=7
P3, tp=7, ts=7, x0=154075157
P2, tp=7, ts=7
P3, tp=7, ts=7, x0=114064038
P0, tp=7, ts=7, x0=311077215
P0, tp=7, ts=7, x0=963274312
P0, tp=7, ts=7, x0=747068441
P2, tp=7, ts=7
P3, tp=7, ts=7, x0=483598698
P1, tp=7, ts=7, x0=535143151, x1=617109892
P2, tp=7, ts=7
P1, tp=7, ts=7, x0=924324086, x1=967782130
P0, tp=7, ts=7, x0=57653800
P1, tp=7, ts=7, x0=192930643, x1=213655767
P2, tp=7, ts=7
P2, tp=7, ts=7
P1, tp=7, ts=7, x0=501684859, x1=958866728
P0, tp=7, ts=7, x0=881401427
P3, tp=7, ts=7, x0=484790675
P3, tp=7, ts=7, x0=967782130
P3, tp=7, ts=7, x0=613979073
P1, tp=7, ts=7, x0=465994483, x1=696179508
P0, tp=7, ts=7, x0=57653800
P0, tp=7, ts=7, x0=420958464
P1, tp=7, ts=7, x0=935501997, x1=589947901
P3, tp=7, ts=7, x0=566746607
P1, tp=7, ts=7, x0=298621315, x1=617109892
P0, tp=7, ts=7, x0=484790675
P0, tp=7, ts=7, x0=441740964
P2, tp=7, ts=7
P0, tp=7, ts=7, x0=38162545
P3, tp=7, ts=7, x0=967373649
P1, tp=7, ts=7, x0=589947901, x1=696179508
P0, tp=7, ts=7, x0=84760217
P1, tp=7, ts=7, x0=52043129, x1=312349262
P3, tp=7, ts=7, x0=272933059
P3, tp=7, ts=7, x0=608500021
P0, tp=7, ts=7, x0=372870472
P0, tp=7, ts=7, x0=834698196
P0, tp=7, ts=7, x0=38162545
P1, tp=7, ts=7, x0=344138838, x1=432064988
P0, tp=7, ts=7, x0=449880464
P1, tp=7, ts=7, x0=501684859, x1=133165140
P0, tp=7, ts=7, x0=926127956
P2, tp=7, ts=7
P0, tp=7, ts=7, x0=312349262
P0, tp=7, ts=7, x0=321037901
P2, tp=7, ts=7
P0, tp=7, ts=7, x0=457806080
P0, tp=7, ts=7, x0=38162545
P1, tp=7, ts=7, x0=608500021, x1=321037901
P0, tp=7, ts=7, x0=51298768
P2, tp=7, ts=7
P0, tp=7, ts=7, x0=90521981
P1, tp=7, ts=7, x0=348970867, x1=372870472
P2, tp=7, ts=7
P1, tp=7, ts=7, x0=432064988, x1=696179508
P1, tp=7, ts=7, x0=834698196, x1=687599720
P2, tp=7, ts=7
P0, tp=7, ts=7, x0=400188003
P0, tp=7, ts=7, x0=967782130
P3, tp=7, ts=7, x0=990081632
P1, tp=7, ts=7, x0=272933059, x1=650362771
P0, tp=7, ts=7, x0=698116705
P3, tp=7, ts=7, x0=237015335
P0, tp=7, ts=7, x0=763718468
P3, tp=7, ts=7, x0=441740964
P3, tp=7, ts=7, x0=467517983
P0, tp=7, ts=7, x0=181739991
P1, tp=7, ts=7, x0=90521981, x1=457806080
P1, tp=7, ts=7, x0=763718468, x1=566746607
P0, tp=7, ts=7, x0=348201101
P0, tp=7, ts=7, x0=897285471
P2, tp=7, ts=7
P0, tp=7, ts=7, x0=484790675
P2, tp=7, ts=7
P0, tp=7, ts=7, x0=898365340
P3, tp=7, ts=7, x0=711815395
P0, tp=7, ts=7, x0=51298768
P0, tp=7, ts=7, x0=730248318
P0, tp=7, ts=7, x0=274805406
P0, tp=7, ts=7, x0=548419584
P2, tp=7, ts=7
P2, tp=7, ts=7
P0, tp=7, ts=7, x0=500845362
P3, tp=7, ts=7, x0=84760217
P1, tp=7, ts=7, x0=7717077, x1=201934782
P2, tp=7, ts=7
P2, tp=7, ts=7
P0, tp=7, ts=7, x0=500845362
P2, tp=7, ts=7
P3, tp=7, ts=7, x0=42634425
P0, tp=7, ts=7, x0=195915514
P3, tp=7, ts=7, x0=714432740
P2, tp=7, ts=7
P1, tp=7, ts=7, x0=144399779, x1=119435197
P2, tp=7, ts=7
P3, tp=7, ts=7, x0=267627622
P0, tp=7, ts=7, x0=432064988
P3, tp=7, ts=7, x0=201934782
P0, tp=7, ts=7, x0=535143151
P2, tp=7, ts=7
P3, tp=7, ts=7, x0=38162545
P1, tp=7, ts=7, x0=452790618, x1=936007018
P0, tp=7, ts=7, x0=51298768
P3, tp=7, ts=7, x0=881401427
P3, tp=7, ts=7, x0=755129506
P3, tp=7, ts=7, x0=983436499
P2, tp=7, ts=7
P1, tp=7, ts=7, x0=500383292, x1=926127956
P1, tp=7, ts=7, x0=589947901, x1=452790618
P0, tp=7, ts=7, x0=267627622
P0, tp=7, ts=7, x0=606783974
P2, tp=7, ts=7
P3, tp=7, ts=7, x0=967782130
P0, tp=7, ts=7, x0=372870472
P0, tp=7, ts=7, x0=747068441
P0, tp=7, ts=7, x0=400188003
P0, tp=7, ts=7, x0=300701925
P0, tp=7, ts=7, x0=617109892
P3, tp=7, ts=7, x0=924324086
P3, tp=7, ts=7, x0=841125469
P1, tp=7, ts=7, x0=650362771, x1=936007018
P2, tp=7, ts=7
P3, tp=7, ts=7, x0=144104258
P2, tp=7, ts=7
P1, tp=7, ts=7, x0=762680907, x1=650362771
P1, tp=7, ts=7, x0=684086643, x1=684086643
P1, tp=7, ts=7, x0=449880464, x1=521435522
P2, tp=7, ts=7
P3, tp=7, ts=7, x0=38162545
P3, tp=7, ts=7, x0=834698196
P1, tp=7, ts=7, x0=990081632, x1=547669970
P3, tp=7, ts=7, x0=400188003
P2, tp=7, ts=7
P1, tp=7, ts=7, x0=119435197, x1=983436499
P0, tp=7, ts=7, x0=762680907
P3, tp=7, ts=7, x0=548419584
P3, tp=7, ts=7, x0=650362771
P3, tp=7, ts=7, x0=763718468
P3, tp=7, ts=7, x0=431414394
P0, tp=7, ts=7, x0=500845362
P3, tp=7, ts=7, x0=608500021
P3, tp=7, ts=7, x0=704427958
P2, tp=7, ts=7
P2, tp=7, ts=7
P2, tp=7, ts=7
P0, tp=7, ts=7, x0=23511654
P1, tp=7, ts=7, x0=181739991, x1=935501997
P0, tp=7, ts=7, x0=687599720
P2, tp=7, ts=7
P0, tp=7, ts=7, x0=311077215
P1, tp=7, ts=7, x0=462578321, x1=344138838
P0, tp=7, ts=7, x0=924324086
P2, tp=7, ts=7
P1, tp=7, ts=7, x0=154075157, x1=605766328
P2, tp=7, ts=7
P3, tp=7, ts=7, x0=154075157
P2, tp=7, ts=7
P2, tp=7, ts=7
P3, tp=7, ts=7, x0=119435197
P3, tp=7, ts=7, x0=348201101
P1, tp=7, ts=7, x0=841125469, x1=841125469
P3, tp=7, ts=7, x0=811491782
P1, tp=7, ts=7, x0=500845362, x1=452790618
P3, tp=7, ts=7, x0=575645881
P3, tp=7, ts=7, x0=432064988
P3, tp=7, ts=7, x0=38162545
P2, tp=7, ts=7
P0, tp=7, ts=7, x0=575645881
P1, tp=7, ts=7, x0=51298768, x1=557929790
P3, tp=7, ts=7, x0=348970867
P1, tp=7, ts=7, x0=926127956, x1=114064038
P0, tp=7, ts=7, x0=201934782
P2, tp=7, ts=7
P3, tp=7, ts=7, x0=431414394
P2, tp=7, ts=7
P2, tp=7, ts=7
P0, tp=7, ts=7, x0=459192419
P2, tp=7, ts=7
P3, tp=7, ts=7, x0=608500021
P1, tp=7, ts=7, x0=659197931, x1=462578321
P1, tp=8, ts=8, x0=300701925, x1=821397077
P1, tp=8, ts=8, x0=399355728, x1=698116705
P0, tp=8, ts=8, x0=782391813
P0, tp=8, ts=8, x0=57653800
P1, tp=8, ts=8, x0=714780081, x1=606783974
P3, tp=8, ts=8, x0=841125469
P2, tp=8, ts=8
P1, tp=8, ts=8, x0=443786006, x1=399355728
P2, tp=8, ts=8
P0, tp=8, ts=8, x0=484790675
P2, tp=8, ts=8
P3, tp=8, ts=8, x0=84760217
P1, tp=8, ts=8, x0=591602694, x1=181739991
P1, tp=8, ts=8, x0=821397077, x1=57653800
P2, tp=8, ts=8
P1, tp=8, ts=8, x0=52043129, x1=267627622
P0, tp=8, ts=8, x0=548419584
P1, tp=8, ts=8, x0=747068441, x1=747068441
P2, tp=8, ts=8
P2, tp=8, ts=8
P2, tp=8, ts=8
P1, tp=8, ts=8, x0=898365340, x1=7717077
P3, tp=8, ts=8, x0=42634425
P2, tp=8, ts=8
P1, tp=8, ts=8, x0=575645881, x1=714432740
P1, tp=8, ts=8, x0=589947901, x1=201934782
P0, tp=8, ts=8, x0=50691269
P1, tp=8, ts=8, x0=348201101, x1=650362771
P0, tp=8, ts=8, x0=195915514
P1, tp=8, ts=8, x0=695213184, x1=11631640
P3, tp=8, ts=8, x0=392432443
P0, tp=8, ts=8, x0=782391813
P3, tp=8, ts=8, x0=841125469
P3, tp=8, ts=8, x0=704427958
P2, tp=8, ts=8
P3, tp=8, ts=8, x0=926127956
P3, tp=8, ts=8, x0=133165140
P0, tp=8, ts=8, x0=566746607
P1, tp=8, ts=8, x0=348970867, x1=521435522
P1, tp=8, ts=8, x0=457806080, x1=399256606
P3, tp=8, ts=8, x0=809815384
P1, tp=8, ts=8, x0=762680907, x1=673805507
P1, tp=8, ts=8, x0=51298768, x1=52043129
P3, tp=8, ts=8, x0=201934782
P1, tp=8, ts=8, x0=821397077, x1=348201101
P3, tp=8, ts=8, x0=459192419
P0, tp=8, ts=8, x0=484790675
P0, tp=8, ts=8, x0=86150724
P2, tp=8, ts=8
P1, tp=8, ts=8, x0=500383292, x1=38162545
P2, tp=8, ts=8
P1, tp=8, ts=8, x0=571619243, x1=23511654
P3, tp=8, ts=8, x0=144399779
P2, tp=8, ts=8
P1, tp=8, ts=8, x0=623074554, x1=932614293
P1, tp=8, ts=8, x0=714780081, x1=399355728
P0, tp=8, ts=8, x0=763718468
P0, tp=8, ts=8, x0=86150724
P0, tp=8, ts=8, x0=535143151
P1, tp=8, ts=8, x0=566746607, x1=201934782
P1, tp=8, ts=8, x0=348201101, x1=958866728
P0, tp=8, ts=8, x0=589947901
P2, tp=8, ts=8
P0, tp=8, ts=8, x0=797699563
P0, tp=8, ts=8, x0=201934782
P1, tp=8, ts=8, x0=272933059, x1=782391813
P3, tp=8, ts=8, x0=747068441
P2, tp=8, ts=8
P1, tp=8, ts=8, x0=623074554, x1=452790618
P1, tp=8, ts=8, x0=50691269, x1=399256606
P2, tp=8, ts=8
P1, tp=8, ts=8, x0=431414394, x1=548419584
P2, tp=8, ts=8
P2, tp=8, ts=8
P2, tp=8, ts=8
P1, tp=8, ts=8, x0=247600319, x1=521435522
P3, tp=8, ts=8, x0=444542848
P2, tp=8, ts=8
P0, tp=8, ts=8, x0=42634425
P1, tp=8, ts=8, x0=926127956, x1=695213184
P2, tp=8, ts=8
P1, tp=8, ts=8, x0=467517983, x1=659197931
P1, tp=8, ts=8, x0=714432740, x1=154075157
P3, tp=8, ts=8, x0=535143151
P2, tp=8, ts=8
P3, tp=8, ts=8, x0=897285471
P1, tp=8, ts=8, x0=484790675, x1=267627622
P0, tp=8, ts=8, x0=755129506
P2, tp=8, ts=8
P0, tp=8, ts=8, x0=483598698
P3, tp=8, ts=8, x0=133165140
P1, tp=8, ts=8, x0=897285471, x1=659197931
P3, tp=8, ts=8, x0=897285471
P2, tp=8, ts=8
P0, tp=8, ts=8, x0=990081632
P3, tp=8, ts=8, x0=711815395
P0, tp=8, ts=8, x0=267627622
P3, tp=8, ts=8, x0=623074554
P0, tp=8, ts=8, x0=348970867
P1, tp=8, ts=8, x0=459192419, x1=772985227
P3, tp=8, ts=8, x0=441740964
P1, tp=8, ts=8, x0=432064988, x1=484790675
P0, tp=8, ts=8, x0=730248318
P2, tp=8, ts=8
P1, tp=8, ts=8, x0=84760217, x1=144104258
P1, tp=8, ts=8, x0=7717077, x1=298621315
P1, tp=8, ts=8, x0=119435197, x1=86150724
P3, tp=8, ts=8, x0=714780081
P2, tp=8, ts=8
P3, tp=8, ts=8, x0=432064988
P2, tp=8, ts=8
P1, tp=8, ts=8, x0=710935671, x1=575645881
P0, tp=8, ts=8, x0=696179508
P0, tp=8, ts=8, x0=311077215
P0, tp=8, ts=8, x0=452790618
P2, tp=8, ts=8
P0, tp=8, ts=8, x0=57653800
P2, tp=8, ts=8
P0, tp=8, ts=8, x0=613979073
P1, tp=8, ts=8, x0=274805406, x1=462578321
P1, tp=8, ts=8, x0=500845362, x1=42634425
P0, tp=8, ts=8, x0=57653800
P2, tp=8, ts=8
P3, tp=8, ts=8, x0=983436499
P3, tp=8, ts=8, x0=772985227
P3, tp=8, ts=8, x0=521435522
P3, tp=8, ts=8, x0=612746923
P0, tp=8, ts=8, x0=730248318
P3, tp=8, ts=8, x0=809815384
P1, tp=8, ts=8, x0=571619243, x1=420958464
P2, tp=8, ts=8
P2, tp=8, ts=8
P1, tp=8, ts=8, x0=367241594, x1=300701925
P1, tp=8, ts=8, x0=399355728, x1=983436499
P1, tp=8, ts=8, x0=86150724, x1=484790675
P0, tp=8, ts=8, x0=274805406
P0, tp=8, ts=8, x0=50691269
P3, tp=8, ts=8, x0=154075157
P0, tp=8, ts=8, x0=57653800
P1, tp=8, ts=8, x0=237015335, x1=797699563
P3, tp=8, ts=8, x0=500845362
P3, tp=8, ts=8, x0=681764332
P1, tp=8, ts=8, x0=811491782, x1=154075157
P1, tp=8, ts=8, x0=841125469, x1=881401427
P3, tp=8, ts=8, x0=92398571
P2, tp=8, ts=8
P0, tp=8, ts=8, x0=431414394
P1, tp=8, ts=8, x0=869751904, x1=681764332
P0, tp=8, ts=8, x0=711815395
P3, tp=8, ts=8, x0=84760217
P0, tp=8, ts=8, x0=932614293
P0, tp=8, ts=8, x0=86150724
P0, tp=8, ts=8, x0=201934782
P1, tp=8, ts=8, x0=237015335, x1=797699563
P3, tp=8, ts=8, x0=187498055
P2, tp=8, ts=8
P2, tp=8, ts=8
P3, tp=8, ts=8, x0=484790675
P2, tp=8, ts=8
P0, tp=8, ts=8, x0=187498055
P1, tp=8, ts=8, x0=772985227, x1=821397077
P3, tp=8, ts=8, x0=459192419
P3, tp=8, ts=8, x0=168111226
P3, tp=8, ts=8, x0=399256606
P0, tp=8, ts=8, x0=606783974
P3, tp=8, ts=8, x0=42634425
P1, tp=8, ts=8, x0=711815395, x1=574008414
P3, tp=8, ts=8, x0=444542848
P0, tp=8, ts=8, x0=267627622
P3, tp=8, ts=8, x0=269440805
P3, tp=8, ts=8, x0=963274312
P0, tp=8, ts=8, x0=772985227
P2, tp=8, ts=8
P0, tp=8, ts=8, x0=168111226
P0, tp=8, ts=8, x0=457806080
P0, tp=8, ts=8, x0=376702113
P3, tp=8, ts=8, x0=267627622
P1, tp=8, ts=8, x0=896711618, x1=449880464
P2, tp=8, ts=8
P1, tp=8, ts=8, x0=500383292, x1=298621315
P2, tp=8, ts=8
P3, tp=8, ts=8, x0=772985227
P3, tp=8, ts=8, x0=990081632
P2, tp=8, ts=8
P3, tp=8, ts=8, x0=740736543
P3, tp=8, ts=8, x0=370564003
P0, tp=8, ts=8, x0=615404021
P1, tp=8, ts=8, x0=869751904, x1=571619243
P0, tp=8, ts=8, x0=459192419
P0, tp=8, ts=8, x0=869751904
P2, tp=8, ts=8
P0, tp=8, ts=8, x0=896711618
P3, tp=8, ts=8, x0=673805507
P2, tp=8, ts=8
P2, tp=8, ts=8
P1, tp=8, ts=8, x0=420958464, x1=269440805
P0, tp=8, ts=8, x0=650362771
P3, tp=8, ts=8, x0=926127956
P0, tp=8, ts=8, x0=535143151
P2, tp=8, ts=8
P2, tp=8, ts=8
P3, tp=8, ts=8, x0=462578321
P3, tp=8, ts=8, x0=896711618
P3, tp=8, ts=8, x0=348201101
P3, tp=8, ts=8, x0=38162545
P2, tp=8, ts=8
P0, tp=8, ts=8, x0=51298768
P1, tp=8, ts=8, x0=144104258, x1=605766328
P2, tp=8, ts=8
P2, tp=8, ts=8
P3, tp=8, ts=8, x0=772985227
P2, tp=8, ts=8
P3, tp=8, ts=8, x0=201934782
P3, tp=8, ts=8, x0=616494935
P2, tp=8, ts=8
P0, tp=8, ts=8, x0=932614293
P1, tp=8, ts=8, x0=547669970, x1=269440805
P3, tp=8, ts=8, x0=755129506
P1, tp=8, ts=8, x0=714780081, x1=547669970
P3, tp=8, ts=8, x0=575645881
P1, tp=8, ts=8, x0=119435197, x1=187498055
P0, tp=8, ts=8, x0=484790675
P3, tp=8, ts=8, x0=247600319
P2, tp=8, ts=8
P1, tp=8, ts=8, x0=119435197, x1=714780081
P1, tp=8, ts=8, x0=462578321, x1=755129506
P2, tp=8, ts=8
P0, tp=8, ts=8, x0=616494935
P1, tp=8, ts=8, x0=740736543, x1=402776858
P3, tp=8, ts=8, x0=92398571
P1, tp=8, ts=8, x0=926127956, x1=84760217
P2, tp=8, ts=8
P0, tp=8, ts=8, x0=51298768
P2, tp=8, ts=8
P3, tp=8, ts=8, x0=612746923
P0, tp=8, ts=8, x0=867069593
P3, tp=8, ts=8, x0=615404021
P3, tp=8, ts=8, x0=459192419
P2, tp=8, ts=8
P2, tp=8, ts=8
P1, tp=8, ts=8, x0=444542848, x1=605766328
P1, tp=8, ts=8, x0=201934782, x1=684086643
P1, tp=8, ts=8, x0=926127956, x1=926127956
P0, tp=8, ts=8, x0=269440805
P0, tp=8, ts=8, x0=730248318
P2, tp=8, ts=8
P0, tp=8, ts=8, x0=566746607
P2, tp=8, ts=8
P0, tp=8, ts=8, x0=613979073
P3, tp=8, ts=8, x0=300701925
P1, tp=8, ts=8, x0=192930643, x1=272933059
P0, tp=8, ts=8, x0=272933059
P2, tp=8, ts=8
P2, tp=8, ts=8
P1, tp=8, ts=8, x0=615404021, x1=687599720
P1, tp=8, ts=8, x0=119435197, x1=449880464
P2, tp=8, ts=8
P2, tp=8, ts=8
P0, tp=8, ts=8, x0=869751904
P2, tp=8, ts=8
P3, tp=8, ts=8, x0=50691269
P2, tp=8, ts=8
P3, tp=8, ts=8, x0=402776858
P1, tp=8, ts=8, x0=480377009, x1=38162545
P0, tp=8, ts=8, x0=763718468
P2, tp=8, ts=8
P1, tp=8, ts=8, x0=896711618, x1=500383292
P3, tp=8, ts=8, x0=782391813
P1, tp=8, ts=8, x0=237015335, x1=612746923
P1, tp=8, ts=8, x0=535143151, x1=400188003
P2, tp=8, ts=8
P0, tp=8, ts=8, x0=834698196
P1, tp=8, ts=8, x0=449880464, x1=114064038
P2, tp=8, ts=8
P3, tp=8, ts=8, x0=237015335
P3, tp=8, ts=8, x0=192930643
P3, tp=8, ts=8, x0=480377009
P0, tp=8, ts=8, x0=114064038
P1, tp=8, ts=8, x0=809815384, x1=462578321
P1, tp=8, ts=8, x0=714780081, x1=432064988
P2, tp=8, ts=8
P3, tp=8, ts=8, x0=500845362
P2, tp=8, ts=8
P2, tp=8, ts=8
P3, tp=8, ts=8, x0=963274312
P2, tp=8, ts=8
P3, tp=8, ts=8, x0=443786006
P3, tp=8, ts=8, x0=566746607
P0, tp=8, ts=8, x0=605766328
P0, tp=8, ts=8, x0=605766328
P1, tp=8, ts=8, x0=51298768, x1=192930643
P1, tp=8, ts=8, x0=380238356, x1=710935671
P2, tp=8, ts=8
P3, tp=8, ts=8, x0=185292178
P1, tp=8, ts=8, x0=348970867, x1=763718468
P3, tp=8, ts=8, x0=192930643
P2, tp=8, ts=8
P3, tp=8, ts=8, x0=659197931
P3, tp=8, ts=8, x0=898365340
P0, tp=8, ts=8, x0=237015335
P3, tp=8, ts=8, x0=615404021
P1, tp=8, ts=8, x0=841125469, x1=11631640
P3, tp=8, ts=8, x0=574008414
P2, tp=8, ts=8
P3, tp=8, ts=8, x0=267627622
P3, tp=8, ts=8, x0=896711618
P1, tp=8, ts=8, x0=659197931, x1=462578321
P0, tp=8, ts=8, x0=400188003
P3, tp=8, ts=8, x0=809815384
P3, tp=8, ts=8, x0=951706554
P2, tp=8, ts=8
P2, tp=8, ts=8
P2, tp=8, ts=8
P1, tp=8, ts=8, x0=480377009, x1=272933059
P2, tp=8, ts=8
P2, tp=8, ts=8
P0, tp=8, ts=8, x0=86150724
P3, tp=8, ts=8, x0=192930643
P1, tp=8, ts=8, x0=457806080, x1=462716944
P0, tp=8, ts=8, x0=441740964
P3, tp=8, ts=8, x0=154075157
P2, tp=8, ts=8
P2, tp=8, ts=8
P2, tp=8, ts=8
P0, tp=8, ts=8, x0=272933059
P2, tp=8, ts=8
P3, tp=8, ts=8, x0=797699563
P1, tp=8, ts=8, x0=500845362, x1=269440805
P0, tp=8, ts=8, x0=348201101
P0, tp=8, ts=8, x0=432064988
P0, tp=8, ts=8, x0=444542848
P1, tp=8, ts=8, x0=827760083, x1=482625750
P3, tp=8, ts=8, x0=990081632
P3, tp=8, ts=8, x0=119435197
P0, tp=8, ts=8, x0=247806611
P0, tp=8, ts=8, x0=976008645
P2, tp=8, ts=8
P3, tp=8, ts=8, x0=595090153
P0, tp=8, ts=8, x0=711815395
P1, tp=8, ts=8, x0=951706554, x1=841125469
P0, tp=8, ts=8, x0=420958464
P0, tp=8, ts=8, x0=154075157
P2, tp=8, ts=8
P2, tp=8, ts=8
P0, tp=8, ts=8, x0=467517983
P2, tp=8, ts=8
P1, tp=8, ts=8, x0=881401427, x1=547669970
P1, tp=8, ts=8, x0=711815395, x1=50691269
P0, tp=8, ts=8, x0=896711618
P0, tp=8, ts=8, x0=615404021
P2, tp=8, ts=8
P3, tp=8, ts=8, x0=898365340
P0, tp=8, ts=8, x0=50691269
P3, tp=8, ts=8, x0=86150724
P0, tp=8, ts=8, x0=462578321
P0, tp=8, ts=8, x0=348970867
P1, tp=8, ts=8, x0=615404021, x1=443786006
P1, tp=8, ts=8, x0=420958464, x1=42634425
P3, tp=8, ts=8, x0=119435197
P0, tp=8, ts=8, x0=612746923
P0, tp=8, ts=8, x0=38162545
P1, tp=8, ts=8, x0=420958464, x1=575645881
P1, tp=8, ts=8, x0=566746607, x1=90521981
P3, tp=8, ts=8, x0=84760217
P2, tp=8, ts=8
P3, tp=8, ts=8, x0=163410501
P2, tp=8, ts=8
P2, tp=8, ts=8
P3, tp=8, ts=8, x0=92398571
P0, tp=8, ts=8, x0=92398571
P2, tp=8, ts=8
P2, tp=8, ts=8
P0, tp=8, ts=8, x0=298621315
P0, tp=8, ts=8, x0=348201101
P0, tp=8, ts=8, x0=566746607
P0, tp=8, ts=8, x0=462716944
P3, tp=8, ts=8, x0=755129506
P0, tp=8, ts=8, x0=484790675
P2, tp=8, ts=8
P3, tp=8, ts=8, x0=695213184
P2, tp=8, ts=8
P1, tp=8, ts=8, x0=237015335, x1=370564003
P0, tp=8, ts=8, x0=38162545
P1, tp=8, ts=8, x0=932614293, x1=426262851
P2, tp=8, ts=8
P3, tp=8, ts=8, x0=659197931
P2, tp=8, ts=8
P1, tp=8, ts=8, x0=11631640, x1=714780081
P3, tp=8, ts=8, x0=457806080
P3, tp=8, ts=8, x0=684086643
P3, tp=8, ts=8, x0=187498055
P1, tp=8, ts=8, x0=7717077, x1=187498055
P0, tp=8, ts=8, x0=400188003
P2, tp=8, ts=8
P1, tp=8, ts=8, x0=696179508, x1=90521981
P2, tp=8, ts=8
P0, tp=8, ts=8, x0=827760083
P0, tp=8, ts=8, x0=462578321
P3, tp=8, ts=8, x0=714432740
P2, tp=8, ts=8
P2, tp=8, ts=8
P2, tp=8, ts=8
P2, tp=8, ts=8
P0, tp=8, ts=8, x0=480377009
P2, tp=8, ts=8
P3, tp=8, ts=8, x0=247600319
P2, tp=8, ts=8
P0, tp=8, ts=8, x0=420958464
P1, tp=8, ts=8, x0=133165140, x1=951706554
P3, tp=8, ts=8, x0=684086643
P2, tp=8, ts=8
P1, tp=8, ts=8, x0=926127956, x1=242093190
P0, tp=8, ts=8, x0=441740964
P1, tp=8, ts=8, x0=426262851, x1=354878282
P0, tp=8, ts=8, x0=695213184
P2, tp=8, ts=8
P0, tp=8, ts=8, x0=574008414
P3, tp=8, ts=8, x0=606783974
P1, tp=8, ts=8, x0=444542848, x1=269440805
P1, tp=8, ts=8, x0=457806080, x1=179274869
P3, tp=8, ts=8, x0=755129506
P2, tp=8, ts=8
P1, tp=8, ts=8, x0=237015335, x1=348201101
P3, tp=8, ts=8, x0=566746607
P0, tp=8, ts=8, x0=370564003
P2, tp=8, ts=8
P1, tp=8, ts=8, x0=869751904, x1=809815384
P3, tp=8, ts=8, x0=462716944
P2, tp=8, ts=8
P2, tp=8, ts=8
P1, tp=8, ts=8, x0=575645881, x1=267627622
P2, tp=8, ts=8
P1, tp=8, ts=8, x0=809815384, x1=867069593
P1, tp=8, ts=8, x0=242093190, x1=721878378
P3, tp=8, ts=8, x0=269440805
P2, tp=8, ts=8
P1, tp=8, ts=8, x0=420958464, x1=896711618
P2, tp=8, ts=8
P3, tp=8, ts=8, x0=242093190
P2, tp=8, ts=8
P3, tp=8, ts=8, x0=710935671
P1, tp=8, ts=8, x0=154075157, x1=348201101
P0, tp=8, ts=8, x0=114064038
P2, tp=8, ts=8
P1, tp=8, ts=8, x0=426262851, x1=926127956
P1, tp=8, ts=8, x0=574008414, x1=656435858
P3, tp=8, ts=8, x0=380238356
P1, tp=8, ts=8, x0=673805507, x1=201934782
P1, tp=8, ts=8, x0=721878378, x1=711815395
P2, tp=8, ts=8
P3, tp=8, ts=8, x0=711815395
P2, tp=8, ts=8
P1, tp=8, ts=8, x0=402776858, x1=462716944
P2, tp=8, ts=8
P0, tp=8, ts=8, x0=763718468
P1, tp=8, ts=8, x0=269440805, x1=51298768
P2, tp=8, ts=8
P1, tp=8, ts=8, x0=687599720, x1=687599720
P1, tp=8, ts=8, x0=380238356, x1=348201101
P3, tp=8, ts=8, x0=484790675
P3, tp=8, ts=8, x0=972241558
P0, tp=8, ts=8, x0=809815384
P1, tp=8, ts=8, x0=656435858, x1=242093190
P0, tp=8, ts=8, x0=963274312
P3, tp=8, ts=8, x0=972241558
P3, tp=8, ts=8, x0=782186587
P3, tp=8, ts=8, x0=714780081
P2, tp=8, ts=8
P3, tp=8, ts=8, x0=380238356
P1, tp=8, ts=8, x0=898365340, x1=227503296
P1, tp=8, ts=8, x0=616494935, x1=688518772
P2, tp=8, ts=8
P1, tp=8, ts=8, x0=688518772, x1=811491782
P2, tp=8, ts=8
P1, tp=8, ts=8, x0=376702113, x1=656435858
P1, tp=8, ts=8, x0=84760217, x1=755129506
P3, tp=8, ts=8, x0=52043129
P0, tp=8, ts=8, x0=684086643
P1, tp=8, ts=8, x0=650362771, x1=480377009
P1, tp=8, ts=8, x0=192930643, x1=247806611
P0, tp=8, ts=8, x0=687599720
P2, tp=8, ts=8
P0, tp=8, ts=8, x0=227503296
P0, tp=8, ts=8, x0=869751904
P0, tp=8, ts=8, x0=178707963
P2, tp=8, ts=8
P2, tp=8, ts=8
P1, tp=8, ts=8, x0=272933059, x1=926127956
P2, tp=8, ts=8
P1, tp=8, ts=8, x0=521435522, x1=711815395
P3, tp=8, ts=8, x0=332850846
P1, tp=8, ts=8, x0=811491782, x1=623074554
P3, tp=8, ts=8, x0=695213184
P0, tp=8, ts=8, x0=603988177
P0, tp=8, ts=8, x0=119435197
P2, tp=8, ts=8
P3, tp=8, ts=8, x0=269440805
P3, tp=8, ts=8, x0=344138838
P0, tp=8, ts=8, x0=201119773
P3, tp=8, ts=8, x0=976008645
P3, tp=8, ts=8, x0=426262851
P2, tp=8, ts=8
P1, tp=8, ts=8, x0=269440805, x1=380238356
P0, tp=8, ts=8, x0=714432740
P3, tp=8, ts=8, x0=457806080
P2, tp=8, ts=8
P2, tp=8, ts=8
P2, tp=8, ts=8
P0, tp=8, ts=8, x0=623074554
P3, tp=8, ts=8, x0=615404021
P2, tp=8, ts=8
P2, tp=8, ts=8
P0, tp=8, ts=8, x0=462578321
P2, tp=8, ts=8
P0, tp=8, ts=8, x0=376702113
P1, tp=8, ts=8, x0=721393634, x1=257414232
P0, tp=8, ts=8, x0=181207138
P2, tp=8, ts=8
P3, tp=8, ts=8, x0=179274869
P1, tp=8, ts=8, x0=714432740, x1=881401427
P1, tp=8, ts=8, x0=772985227, x1=688518772
P1, tp=8, ts=8, x0=650362771, x1=926127956
P3, tp=8, ts=8, x0=247806611
P2, tp=8, ts=8
P3, tp=8, ts=8, x0=659197931
P0, tp=8, ts=8, x0=714432740
P0, tp=8, ts=8, x0=809815384
P0, tp=8, ts=8, x0=467346431
P3, tp=8, ts=8, x0=237015335
P0, tp=8, ts=8, x0=710935671
P3, tp=8, ts=8, x0=119435197
P0, tp=8, ts=8, x0=35950885
P3, tp=8, ts=8, x0=714780081
P2, tp=8, ts=8
P2, tp=8, ts=8
P0, tp=8, ts=8, x0=431533488
P1, tp=8, ts=8, x0=66671062, x1=35950885
P3, tp=8, ts=8, x0=747068441
P0, tp=8, ts=8, x0=623074554
P2, tp=8, ts=8
P3, tp=8, ts=8, x0=797699563
P3, tp=8, ts=8, x0=797699563
P1, tp=8, ts=8, x0=443786006, x1=710935671
P3, tp=8, ts=8, x0=898365340
P2, tp=8, ts=8
P1, tp=8, ts=8, x0=500845362, x1=35950885
P0, tp=8, ts=8, x0=92398571
P0, tp=8, ts=8, x0=714432740
P3, tp=8, ts=8, x0=763718468
P2, tp=8, ts=8
P1, tp=8, ts=8, x0=616494935, x1=482625750
P0, tp=8, ts=8, x0=484790675
P0, tp=8, ts=8, x0=201934782
P0, tp=8, ts=8, x0=467346431
P0, tp=8, ts=8, x0=354878282
P0, tp=8, ts=8, x0=792718462
P2, tp=8, ts=8
P1, tp=8, ts=8, x0=782186587, x1=443786006
P3, tp=8, ts=8, x0=426262851
P3, tp=8, ts=8, x0=7717077
P3, tp=8, ts=8, x0=696179508
P3, tp=8, ts=8, x0=926127956
P2, tp=8, ts=8
P0, tp=8, ts=8, x0=7717077
P1, tp=8, ts=8, x0=772985227, x1=274805406
P0, tp=8, ts=8, x0=64671997
P0, tp=8, ts=8, x0=426262851
P2, tp=8, ts=8
P2, tp=8, ts=8
P1, tp=8, ts=8, x0=370564003, x1=38162545
P2, tp=8, ts=8
P2, tp=8, ts=8
P0, tp=8, ts=8, x0=951706554
P2, tp=8, ts=8
P0, tp=8, ts=8, x0=821397077
P3, tp=8, ts=8, x0=431533488
P2, tp=8, ts=8
P3, tp=8, ts=8, x0=650362771
P0, tp=8, ts=8, x0=616494935
P2, tp=8, ts=8
P0, tp=8, ts=8, x0=772985227
P1, tp=8, ts=8, x0=367241594, x1=370564003
P0, tp=8, ts=8, x0=300701925
P3, tp=8, ts=8, x0=348970867
P1, tp=8, ts=8, x0=951706554, x1=896711618
P3, tp=8, ts=8, x0=92398571
P1, tp=8, ts=8, x0=274805406, x1=247806611
P0, tp=8, ts=8, x0=300701925
P1, tp=8, ts=8, x0=298621315, x1=35950885
P3, tp=8, ts=8, x0=402776858
P1, tp=8, ts=8, x0=42634425, x1=623074554
P2, tp=8, ts=8
P1, tp=8, ts=8, x0=821397077, x1=229122669
P1, tp=8, ts=8, x0=85177655, x1=809815384
P0, tp=8, ts=8, x0=462716944
P0, tp=8, ts=8, x0=797699563
P1, tp=8, ts=8, x0=247806611, x1=92398571
P2, tp=8, ts=8
P2, tp=8, ts=8
P2, tp=8, ts=8
P2, tp=8, ts=8
P2, tp=8, ts=8
P2, tp=8, ts=8
P0, tp=8, ts=8, x0=153948877
P3, tp=8, ts=8, x0=462716944
P1, tp=8, ts=8, x0=154075157, x1=201934782
P2, tp=8, ts=8
P2, tp=8, ts=8
P0, tp=8, ts=8, x0=119435197
P0, tp=8, ts=8, x0=763718468
P1, tp=8, ts=8, x0=972241558, x1=300701925
P2, tp=8, ts=8
P1, tp=8, ts=8, x0=308581288, x1=951706554
P0, tp=8, ts=8, x0=612746923
P2, tp=8, ts=8
P2, tp=8, ts=8
P0, tp=8, ts=8, x0=308581288
P2, tp=8, ts=8
P0, tp=8, ts=8, x0=763718468
P1, tp=8, ts=8, x0=114064038, x1=237015335
P3, tp=8, ts=8, x0=616494935
P3, tp=8, ts=8, x0=695213184
P0, tp=8, ts=8, x0=201119773
P1, tp=8, ts=8, x0=521435522, x1=38162545
P1, tp=8, ts=8, x0=348970867, x1=274805406
P2, tp=8, ts=8
P0, tp=8, ts=8, x0=616494935
P2, tp=8, ts=8
P3, tp=8, ts=8, x0=792718462
P0, tp=8, ts=8, x0=187498055
P1, tp=8, ts=8, x0=782186587, x1=652736925
P2, tp=8, ts=8
P2, tp=8, ts=8
P2, tp=8, ts=8
P0, tp=8, ts=8, x0=300701925
P2, tp=8, ts=8
P2, tp=8, ts=8
P0, tp=8, ts=8, x0=64671997
P3, tp=8, ts=8, x0=721878378
P2, tp=8, ts=8
P1, tp=8, ts=8, x0=656435858, x1=831654635
P1, tp=8, ts=8, x0=178707963, x1=247806611
P0, tp=8, ts=8, x0=402776858
P1, tp=8, ts=8, x0=7717077, x1=247806611
P1, tp=8, ts=8, x0=348970867, x1=993041908
P0, tp=8, ts=8, x0=380238356
P1, tp=8, ts=8, x0=939342317, x1=898365340
P0, tp=8, ts=8, x0=772985227
P3, tp=8, ts=8, x0=500845362
P0, tp=8, ts=8, x0=932614293
P1, tp=8, ts=8, x0=269440805, x1=384733233
P2, tp=8, ts=8
P3, tp=8, ts=8, x0=681764332
P2, tp=8, ts=8
P2, tp=8, ts=8
P0, tp=8, ts=8, x0=772985227
P1, tp=8, ts=8, x0=710935671, x1=154075157
P2, tp=8, ts=8
P2, tp=8, ts=8
P2, tp=8, ts=8
P3, tp=8, ts=8, x0=229122669
P2, tp=8, ts=8
P3, tp=8, ts=8, x0=896711618
P1, tp=8, ts=8, x0=521435522, x1=684086643
P1, tp=8, ts=8, x0=782391813, x1=384733233
P1, tp=8, ts=8, x0=229122669, x1=431533488
P1, tp=8, ts=8, x0=348201101, x1=92398571
P2, tp=8, ts=8
P3, tp=8, ts=8, x0=66671062
P3, tp=8, ts=8, x0=444542848
P2, tp=8, ts=8
P1, tp=8, ts=8, x0=714780081, x1=763718468
P3, tp=8, ts=8, x0=993041908
P2, tp=8, ts=8
P1, tp=8, ts=8, x0=467346431, x1=869751904
P1, tp=8, ts=8, x0=574008414, x1=7717077
P3, tp=8, ts=8, x0=480377009
P3, tp=8, ts=8, x0=595090153
P3, tp=8, ts=8, x0=721393634
P2, tp=8, ts=8
P1, tp=8, ts=8, x0=386888403, x1=821397077
P0, tp=8, ts=8, x0=163410501
P2, tp=8, ts=8
P3, tp=8, ts=8, x0=237015335
P1, tp=8, ts=8, x0=939342317, x1=170624020
P3, tp=8, ts=8, x0=38162545
P2, tp=8, ts=8
P0, tp=8, ts=8, x0=782186587
P1, tp=8, ts=8, x0=386888403, x1=612746923
P1, tp=8, ts=8, x0=869751904, x1=85177655
P1, tp=8, ts=8, x0=797699563, x1=332850846
P0, tp=8, ts=8, x0=711815395
P1, tp=8, ts=8, x0=399256606, x1=426262851
P2, tp=8, ts=8
P2, tp=8, ts=8
P0, tp=8, ts=8, x0=179274869
P2, tp=8, ts=8
P1, tp=8, ts=8, x0=656435858, x1=247806611
P3, tp=8, ts=8, x0=38162545
P1, tp=8, ts=8, x0=42634425, x1=681764332
P1, tp=8, ts=8, x0=574008414, x1=811491782
P3, tp=8, ts=8, x0=616494935
P0, tp=8, ts=8, x0=237015335
P2, tp=8, ts=8
P3, tp=8, ts=8, x0=688518772
P1, tp=8, ts=8, x0=926127956, x1=50691269
P3, tp=8, ts=8, x0=939342317
P0, tp=8, ts=8, x0=521435522
P3, tp=8, ts=8, x0=792718462
P0, tp=8, ts=8, x0=229122669
P2, tp=8, ts=8
P2, tp=8, ts=8
P1, tp=8, ts=8, x0=64671997, x1=367241594
P2, tp=8, ts=8
P3, tp=8, ts=8, x0=811491782
P2, tp=8, ts=8
P2, tp=8, ts=8
P2, tp=8, ts=8
P0, tp=8, ts=8, x0=300701925
P0, tp=8, ts=8, x0=119435197
P3, tp=8, ts=8, x0=85177655
P2, tp=8, ts=8
P0, tp=8, ts=8, x0=384733233
P1, tp=8, ts=8, x0=755129506, x1=747068441
P3, tp=8, ts=8, x0=656435858
P2, tp=8, ts=8
P0, tp=8, ts=8, x0=797699563
P0, tp=8, ts=8, x0=721393634
P0, tp=8, ts=8, x0=178707963
P3, tp=8, ts=8, x0=763718468
P1, tp=8, ts=8, x0=656435858, x1=380238356
P2, tp=8, ts=8
P3, tp=8, ts=8, x0=656435858
P3, tp=8, ts=8, x0=681764332
P2, tp=8, ts=8
P2, tp=8, ts=8
P0, tp=8, ts=8, x0=623200933
P2, tp=8, ts=8
P2, tp=8, ts=8
P1, tp=8, ts=8, x0=849540748, x1=431533488
P0, tp=8, ts=8, x0=763718468
P1, tp=8, ts=8, x0=386888403, x1=714780081
P2, tp=8, ts=8
P1, tp=8, ts=8, x0=380238356, x1=595090153
P3, tp=8, ts=8, x0=831654635
P1, tp=8, ts=8, x0=616494935, x1=480377009
P3, tp=8, ts=8, x0=239708445
P1, tp=8, ts=8, x0=308581288, x1=809815384
P2, tp=8, ts=8
P1, tp=8, ts=8, x0=257414232, x1=623200933
P2, tp=8, ts=8
P1, tp=8, ts=8, x0=431533488, x1=42634425
P0, tp=8, ts=8, x0=972241558
P3, tp=8, ts=8, x0=480377009
P2, tp=8, ts=8
P2, tp=8, ts=8
P0, tp=8, ts=8, x0=367241594
P3, tp=8, ts=8, x0=951706554
P1, tp=8, ts=8, x0=652736925, x1=187498055
P0, tp=8, ts=8, x0=659197931
P2, tp=8, ts=8
P3, tp=8, ts=8, x0=457806080
P2, tp=8, ts=8
P2, tp=8, ts=8
P1, tp=8, ts=8, x0=623200933, x1=721393634
P2, tp=8, ts=8
P1, tp=8, ts=8, x0=747068441, x1=482625750
P1, tp=8, ts=8, x0=163410501, x1=92398571
P0, tp=8, ts=8, x0=681764332
P0, tp=8, ts=8, x0=747068441
P0, tp=8, ts=8, x0=92398571
P1, tp=8, ts=8, x0=247806611, x1=816704410
P0, tp=8, ts=8, x0=386888403
P1, tp=8, ts=8, x0=869751904, x1=855628474
P0, tp=8, ts=8, x0=187498055
P2, tp=8, ts=8
P0, tp=8, ts=8, x0=92398571
P3, tp=8, ts=8, x0=480377009
P3, tp=8, ts=8, x0=867069593
P3, tp=8, ts=8, x0=195033435
P0, tp=8, ts=8, x0=384733233
P2, tp=8, ts=8
P3, tp=8, ts=8, x0=65557192
P0, tp=8, ts=8, x0=714432740
P1, tp=8, ts=8, x0=92398571, x1=951706554
P1, tp=8, ts=8, x0=386888403, x1=179274869
P2, tp=8, ts=8
P1, tp=8, ts=8, x0=66671062, x1=65557192
P3, tp=8, ts=8, x0=782391813
P0, tp=8, ts=8, x0=480377009
P0, tp=8, ts=8, x0=332850846
P3, tp=8, ts=8, x0=781601832
P0, tp=8, ts=8, x0=782391813
P3, tp=8, ts=8, x0=782186587
P0, tp=8, ts=8, x0=257414232
P3, tp=8, ts=8, x0=402776858
P3, tp=8, ts=8, x0=721878378
P3, tp=8, ts=8, x0=932614293
P2, tp=8, ts=8
P0, tp=8, ts=8, x0=763718468
P1, tp=8, ts=8, x0=201119773, x1=367241594
P1, tp=8, ts=8, x0=595090153, x1=467346431
P0, tp=8, ts=8, x0=714432740
P0, tp=8, ts=8, x0=659197931
P0, tp=8, ts=8, x0=376702113
P3, tp=8, ts=8, x0=623074554
P1, tp=8, ts=8, x0=721878378, x1=348970867
P2, tp=8, ts=8
P1, tp=8, ts=8, x0=239708445, x1=153948877
P3, tp=8, ts=8, x0=229122669
P2, tp=8, ts=8
P1, tp=8, ts=8, x0=274805406, x1=51298768
P1, tp=8, ts=8, x0=781601832, x1=554526673
P1, tp=8, ts=8, x0=811491782, x1=420958464
P2, tp=8, ts=8
P3, tp=8, ts=8, x0=999030804
P1, tp=8, ts=8, x0=999030804, x1=462716944
P2, tp=8, ts=8
P3, tp=8, ts=8, x0=500845362
P3, tp=8, ts=8, x0=867069593
P3, tp=8, ts=8, x0=997584197
P2, tp=8, ts=8
P3, tp=8, ts=8, x0=35442257
P1, tp=8, ts=8, x0=239708445, x1=595090153
P2, tp=8, ts=8
P1, tp=8, ts=8, x0=431533488, x1=827760083
P1, tp=8, ts=8, x0=816704410, x1=684086643
P3, tp=8, ts=8, x0=50691269
P2, tp=8, ts=8
P2, tp=8, ts=8
P3, tp=8, ts=8, x0=816704410
P0, tp=8, ts=8, x0=153948877
P3, tp=8, ts=8, x0=595090153
P3, tp=8, ts=8, x0=49151050
P3, tp=8, ts=8, x0=656435858
P2, tp=8, ts=8
P2, tp=8, ts=8
P1, tp=8, ts=8, x0=384733233, x1=384733233
P2, tp=8, ts=8
P0, tp=8, ts=8, x0=376702113
P0, tp=8, ts=8, x0=431533488
P2, tp=8, ts=8
P2, tp=8, ts=8
P0, tp=8, ts=8, x0=932614293
P0, tp=8, ts=8, x0=772985227
P2, tp=8, ts=8
P3, tp=8, ts=8, x0=710935671
P3, tp=8, ts=8, x0=659197931
P3, tp=8, ts=8, x0=415232822
P2, tp=8, ts=8
P2, tp=8, ts=8
P1, tp=8, ts=8, x0=376702113, x1=574008414
P2, tp=8, ts=8
P3, tp=8, ts=8, x0=42634425
P0, tp=8, ts=8, x0=201119773
P2, tp=8, ts=8
P0, tp=8, ts=8, x0=623200933
P0, tp=8, ts=8, x0=348970867
P2, tp=8, ts=8
P0, tp=8, ts=8, x0=740736543
P0, tp=8, ts=8, x0=900855224
P3, tp=8, ts=8, x0=480377009
P1, tp=8, ts=8, x0=797699563, x1=652736925
P1, tp=8, ts=8, x0=367241594, x1=462716944
P1, tp=8, ts=8, x0=247806611, x1=681764332
P2, tp=8, ts=8
P2, tp=8, ts=8
P2, tp=8, ts=8
P2, tp=8, ts=8
P3, tp=8, ts=8, x0=92398571
P2, tp=8, ts=8
P1, tp=8, ts=8, x0=274805406, x1=656435858
P0, tp=8, ts=8, x0=673805507
P3, tp=8, ts=8, x0=35950885
P2, tp=8, ts=8
P3, tp=8, ts=8, x0=376702113
P0, tp=8, ts=8, x0=187498055
P0, tp=8, ts=8, x0=42634425
P2, tp=8, ts=8
P2, tp=8, ts=8
P1, tp=8, ts=8, x0=816704410, x1=274805406
P2, tp=8, ts=8
P0, tp=8, ts=8, x0=42634425
P0, tp=8, ts=8, x0=440332488
P1, tp=8, ts=8, x0=652736925, x1=993041908
P0, tp=8, ts=8, x0=972241558
P2, tp=8, ts=8
P0, tp=8, ts=8, x0=242093190
P1, tp=8, ts=8, x0=993041908, x1=267935632
P0, tp=8, ts=8, x0=187498055
P1, tp=8, ts=8, x0=827760083, x1=426262851
P2, tp=8, ts=8
P0, tp=8, ts=8, x0=181207138
P3, tp=8, ts=8, x0=384733233
P1, tp=8, ts=8, x0=274805406, x1=652736925
P2, tp=8, ts=8
P3, tp=8, ts=8, x0=574008414
P3, tp=8, ts=8, x0=482625750
P0, tp=8, ts=8, x0=257414232
P2, tp=8, ts=8
P1, tp=8, ts=8, x0=302023083, x1=239708445
P3, tp=8, ts=8, x0=673805507
P0, tp=8, ts=8, x0=302023083
P2, tp=8, ts=8
P2, tp=8, ts=8
P2, tp=8, ts=8
P0, tp=8, ts=8, x0=595090153
P0, tp=8, ts=8, x0=426262851
P1, tp=8, ts=8, x0=755129506, x1=999030804
P2, tp=8, ts=8
P3, tp=8, ts=8, x0=112192426
P2, tp=8, ts=8
P0, tp=8, ts=8, x0=936759123
P0, tp=8, ts=8, x0=827760083
P3, tp=8, ts=8, x0=376702113
P0, tp=8, ts=8, x0=867069593
P1, tp=8, ts=8, x0=50691269, x1=86150724
P1, tp=8, ts=8, x0=35442257, x1=187498055
P0, tp=8, ts=8, x0=896711618
P2, tp=8, ts=8
P0, tp=8, ts=8, x0=104134167
P1, tp=8, ts=8, x0=35442257, x1=869751904
P2, tp=8, ts=8
P3, tp=8, ts=8, x0=976008645
P1, tp=8, ts=8, x0=740736543, x1=867069593
P2, tp=8, ts=8
P3, tp=8, ts=8, x0=743456985
P1, tp=8, ts=8, x0=92398571, x1=659197931
P0, tp=8, ts=8, x0=257414232
P3, tp=8, ts=8, x0=195033435
P0, tp=8, ts=8, x0=179274869
P1, tp=8, ts=8, x0=178707963, x1=721878378
P3, tp=8, ts=8, x0=242093190
P2, tp=8, ts=8
P0, tp=8, ts=8, x0=684086643
P2, tp=8, ts=8
P1, tp=8, ts=8, x0=595090153, x1=867069593
P0, tp=8, ts=8, x0=688518772
P2, tp=8, ts=8
P1, tp=8, ts=8, x0=831654635, x1=721878378
P3, tp=8, ts=8, x0=616494935
P0, tp=8, ts=8, x0=178707963
P3, tp=8, ts=8, x0=999030804
P0, tp=8, ts=8, x0=740736543
P2, tp=8, ts=8
P2, tp=8, ts=8
P1, tp=8, ts=8, x0=35442257, x1=242093190
P0, tp=8, ts=8, x0=615404021
P2, tp=8, ts=8
P1, tp=8, ts=8, x0=35442257, x1=257414232
P2, tp=8, ts=8
P0, tp=8, ts=8, x0=896711618
P1, tp=8, ts=8, x0=92398571, x1=267935632
P0, tp=8, ts=8, x0=782186587
P1, tp=8, ts=8, x0=444542848, x1=11631640
P3, tp=8, ts=8, x0=757338871
P0, tp=8, ts=8, x0=480377009
P1, tp=8, ts=8, x0=831654635, x1=482625750
P1, tp=8, ts=8, x0=740736543, x1=855628474
P0, tp=8, ts=8, x0=862056810
P2, tp=8, ts=8
P1, tp=8, ts=8, x0=659197931, x1=229122669
P1, tp=8, ts=8, x0=153948877, x1=758602097
P2, tp=8, ts=8
P2, tp=8, ts=8
P0, tp=8, ts=8, x0=112192426
P0, tp=8, ts=8, x0=782391813
P0, tp=8, ts=8, x0=831654635
P2, tp=8, ts=8
P1, tp=8, ts=8, x0=402776858, x1=440332488
P1, tp=8, ts=8, x0=659197931, x1=467346431
P3, tp=8, ts=8, x0=781601832
P3, tp=8, ts=8, x0=463803964
P2, tp=8, ts=8
P3, tp=8, ts=8, x0=896711618
P2, tp=8, ts=8
P2, tp=8, ts=8
P0, tp=8, ts=8, x0=367241594
P0, tp=8, ts=8, x0=849540748
P3, tp=8, ts=8, x0=827760083
P1, tp=8, ts=8, x0=972241558, x1=181207138
P3, tp=8, ts=8, x0=384733233
P1, tp=8, ts=8, x0=440332488, x1=862056810
P3, tp=8, ts=8, x0=229122669
P2, tp=8, ts=8
P1, tp=8, ts=8, x0=438415994, x1=797699563
P3, tp=8, ts=8, x0=402776858
P1, tp=8, ts=8, x0=939342317, x1=862056810
P2, tp=8, ts=8
P2, tp=8, ts=8
P0, tp=8, ts=8, x0=997584197
P0, tp=8, ts=8, x0=827760083
P0, tp=8, ts=8, x0=327646615
P3, tp=8, ts=8, x0=308581288
P1, tp=8, ts=8, x0=758602097, x1=308581288
P1, tp=8, ts=8, x0=242093190, x1=104801715
P1, tp=8, ts=8, x0=187498055, x1=376702113
P1, tp=8, ts=8, x0=179274869, x1=869751904
P2, tp=8, ts=8
P3, tp=8, ts=8, x0=743456985
P1, tp=9, ts=9, x0=951706554, x1=740736543
P3, tp=9, ts=9, x0=422559397
P2, tp=9, ts=9
P1, tp=9, ts=9, x0=849540748, x1=384733233
P3, tp=9, ts=9, x0=370564003
P1, tp=9, ts=9, x0=623200933, x1=523417010
P2, tp=9, ts=9
P1, tp=9, ts=9, x0=616494935, x1=997584197
P3, tp=9, ts=9, x0=181207138
P0, tp=9, ts=9, x0=603988177
P1, tp=9, ts=9, x0=997584197, x1=35442257
P3, tp=9, ts=9, x0=92398571
P2, tp=9, ts=9
P2, tp=9, ts=9
P3, tp=9, ts=9, x0=612746923
P2, tp=9, ts=9
P2, tp=9, ts=9
P1, tp=9, ts=9, x0=623200933, x1=49151050
P2, tp=9, ts=9
P3, tp=9, ts=9, x0=936759123
P3, tp=9, ts=9, x0=463803964
P3, tp=9, ts=9, x0=769596647
P1, tp=9, ts=9, x0=590344382, x1=201119773
P0, tp=9, ts=9, x0=831654635
P3, tp=9, ts=9, x0=831654635
P2, tp=9, ts=9
P0, tp=9, ts=9, x0=997584197
P1, tp=9, ts=9, x0=656435858, x1=993041908
P0, tp=9, ts=9, x0=247806611
P2, tp=9, ts=9
P0, tp=9, ts=9, x0=900855224
P0, tp=9, ts=9, x0=49151050
P3, tp=9, ts=9, x0=862056810
P2, tp=9, ts=9
P2, tp=9, ts=9
P0, tp=9, ts=9, x0=229122669
P0, tp=9, ts=9, x0=999030804
P2, tp=9, ts=9
P3, tp=9, ts=9, x0=386888403
P2, tp=9, ts=9
P0, tp=9, ts=9, x0=229122669
P1, tp=9, ts=9, x0=181207138, x1=64671997
P3, tp=9, ts=9, x0=201119773
P1, tp=9, ts=9, x0=431533488, x1=467346431
P2, tp=9, ts=9
P1, tp=9, ts=9, x0=112192426, x1=827760083
P1, tp=9, ts=9, x0=112192426, x1=523417010
P2, tp=9, ts=9
P2, tp=9, ts=9
P2, tp=9, ts=9
P1, tp=9, ts=9, x0=896711618, x1=422559397
P1, tp=9, ts=9, x0=287729989, x1=936759123
P1, tp=9, ts=9, x0=431533488, x1=616494935
P3, tp=9, ts=9, x0=816704410
P2, tp=9, ts=9
P0, tp=9, ts=9, x0=480377009
P1, tp=9, ts=9, x0=997584197, x1=615404021
P1, tp=9, ts=9, x0=782186587, x1=482625750
P3, tp=9, ts=9, x0=480377009
P1, tp=9, ts=9, x0=35442257, x1=229122669
P2, tp=9, ts=9
P2, tp=9, ts=9
P2, tp=9, ts=9
P1, tp=9, ts=9, x0=431533488, x1=972241558
P2, tp=9, ts=9
P0, tp=9, ts=9, x0=386888403
P0, tp=9, ts=9, x0=64671997
P3, tp=9, ts=9, x0=327646615
P0, tp=9, ts=9, x0=523417010
P1, tp=9, ts=9, x0=739044663, x1=703182763
P1, tp=9, ts=9, x0=574008414, x1=170624020
P1, tp=9, ts=9, x0=936759123, x1=782186587
P1, tp=9, ts=9, x0=869751904, x1=932614293
P3, tp=9, ts=9, x0=740736543
P3, tp=9, ts=9, x0=242093190
P3, tp=9, ts=9, x0=415232822
P2, tp=9, ts=9
P3, tp=9, ts=9, x0=49151050
P0, tp=9, ts=9, x0=229122669
P2, tp=9, ts=9
P2, tp=9, ts=9
P2, tp=9, ts=9
P0, tp=9, ts=9, x0=757338871
P0, tp=9, ts=9, x0=936759123
P0, tp=9, ts=9, x0=681764332
P3, tp=9, ts=9, x0=287729989
P0, tp=9, ts=9, x0=816704410
P1, tp=9, ts=9, x0=35950885, x1=402776858
P1, tp=9, ts=9, x0=758602097, x1=932614293
P0, tp=9, ts=9, x0=721878378
P1, tp=9, ts=9, x0=997584197, x1=554526673
P3, tp=9, ts=9, x0=440332488
P3, tp=9, ts=9, x0=652736925
P0, tp=9, ts=9, x0=781601832
P1, tp=9, ts=9, x0=616494935, x1=66671062
P3, tp=9, ts=9, x0=302023083
P0, tp=9, ts=9, x0=463803964
P0, tp=9, ts=9, x0=710935671
P0, tp=9, ts=9, x0=104801715
P1, tp=9, ts=9, x0=422559397, x1=384733233
P2, tp=9, ts=9
P2, tp=9, ts=9
P2, tp=9, ts=9
P1, tp=9, ts=9, x0=623200933, x1=365908620
P2, tp=9, ts=9
P2, tp=9, ts=9
P2, tp=9, ts=9
P3, tp=9, ts=9, x0=370564003
P2, tp=9, ts=9
P2, tp=9, ts=9
P2, tp=9, ts=9
P2, tp=9, ts=9
P3, tp=9, ts=9, x0=187498055
P0, tp=9, ts=9, x0=805340070
P3, tp=9, ts=9, x0=782186587
P2, tp=9, ts=9
P1, tp=9, ts=9, x0=849540748, x1=332850846
P3, tp=9, ts=9, x0=66671062
P1, tp=9, ts=9, x0=452185321, x1=900855224
P0, tp=9, ts=9, x0=480377009
P2, tp=9, ts=9
P2, tp=9, ts=9
P1, tp=9, ts=9, x0=64671997, x1=939342317
P2, tp=9, ts=9
P3, tp=9, ts=9, x0=363781269
P2, tp=9, ts=9
P1, tp=9, ts=9, x0=463803964, x1=247619987
P0, tp=9, ts=9, x0=869751904
P2, tp=9, ts=9
P0, tp=9, ts=9, x0=688518772
P0, tp=9, ts=9, x0=354878282
P2, tp=9, ts=9
P2, tp=9, ts=9
P1, tp=9, ts=9, x0=104801715, x1=976008645
P1, tp=9, ts=9, x0=386888403, x1=247806611
P1, tp=9, ts=9, x0=480377009, x1=823920997
P2, tp=9, ts=9
P0, tp=9, ts=9, x0=242093190
P0, tp=9, ts=9, x0=104801715
P2, tp=9, ts=9
P0, tp=9, ts=9, x0=765488374
P1, tp=9, ts=9, x0=603988177, x1=452185321
P3, tp=9, ts=9, x0=431533488
P3, tp=9, ts=9, x0=769596647
P1, tp=9, ts=9, x0=440332488, x1=703182763
P3, tp=9, ts=9, x0=463803964
P2, tp=9, ts=9
P3, tp=9, ts=9, x0=332850846
P2, tp=9, ts=9
P2, tp=9, ts=9
P2, tp=9, ts=9
P3, tp=9, ts=9, x0=332850846
P1, tp=9, ts=9, x0=960763133, x1=645361776
P3, tp=9, ts=9, x0=900855224
P3, tp=9, ts=9, x0=574008414
P0, tp=9, ts=9, x0=978902358
P2, tp=9, ts=9
P0, tp=9, ts=9, x0=867069593
P0, tp=9, ts=9, x0=634250098
P0, tp=9, ts=9, x0=849540748
P3, tp=9, ts=9, x0=826913284
P0, tp=9, ts=9, x0=440332488
P0, tp=9, ts=9, x0=792718462
P2, tp=9, ts=9
P2, tp=9, ts=9
P3, tp=9, ts=9, x0=960763133
P3, tp=9, ts=9, x0=181207138
P3, tp=9, ts=9, x0=2042543
P0, tp=9, ts=9, x0=721393634
P3, tp=9, ts=9, x0=239708445
P3, tp=9, ts=9, x0=936759123
P1, tp=9, ts=9, x0=242093190, x1=112192426
P2, tp=9, ts=9
P1, tp=9, ts=9, x0=590344382, x1=35442257
P1, tp=9, ts=9, x0=757338871, x1=960763133
P1, tp=9, ts=9, x0=370564003, x1=993041908
P2, tp=9, ts=9
P0, tp=9, ts=9, x0=163410501
P2, tp=9, ts=9
P3, tp=9, ts=9, x0=49151050
P3, tp=9, ts=9, x0=242093190
P1, tp=9, ts=9, x0=564639792, x1=354878282
P1, tp=9, ts=9, x0=976008645, x1=623200933
P1, tp=9, ts=9, x0=104134167, x1=826913284
P3, tp=9, ts=9, x0=178707963
P3, tp=9, ts=9, x0=656435858
P3, tp=9, ts=9, x0=267935632
P0, tp=9, ts=9, x0=327646615
P0, tp=9, ts=9, x0=122493935
P3, tp=9, ts=9, x0=855628474
P3, tp=9, ts=9, x0=523417010
P0, tp=9, ts=9, x0=660178864
P3, tp=9, ts=9, x0=547845444
P2, tp=9, ts=9
P3, tp=9, ts=9, x0=229122669
P2, tp=9, ts=9
P1, tp=9, ts=9, x0=623200933, x1=201119773
P0, tp=9, ts=9, x0=721393634
P2, tp=9, ts=9
P2, tp=9, ts=9
P0, tp=9, ts=9, x0=826144711
P2, tp=9, ts=9
P0, tp=9, ts=9, x0=721393634
P1, tp=9, ts=9, x0=652736925, x1=85177655
P1, tp=9, ts=9, x0=426262851, x1=769596647
P2, tp=9, ts=9
P0, tp=9, ts=9, x0=402776858
P3, tp=9, ts=9, x0=153948877
P2, tp=9, ts=9
P2, tp=9, ts=9
P3, tp=9, ts=9, x0=482625750
P3, tp=9, ts=9, x0=688518772
P2, tp=9, ts=9
P1, tp=9, ts=9, x0=422559397, x1=402776858
P1, tp=9, ts=9, x0=153948877, x1=178707963
P0, tp=9, ts=9, x0=765488374
P3, tp=9, ts=9, x0=826144711
P1, tp=9, ts=9, x0=652736925, x1=999030804
P3, tp=9, ts=9, x0=914774884
P0, tp=9, ts=9, x0=951706554
P2, tp=9, ts=9
P0, tp=9, ts=9, x0=547845444
P3, tp=9, ts=9, x0=49151050
P3, tp=9, ts=9, x0=65557192
P0, tp=9, ts=9, x0=739044663
P3, tp=9, ts=9, x0=104134167
P1, tp=9, ts=9, x0=65557192, x1=66671062
P2, tp=9, ts=9
P1, tp=9, ts=9, x0=523417010, x1=365908620
P0, tp=9, ts=9, x0=523417010
P2, tp=9, ts=9
P0, tp=9, ts=9, x0=993041908
P2, tp=9, ts=9
P1, tp=9, ts=9, x0=363781269, x1=239708445
P3, tp=9, ts=9, x0=122493935
P1, tp=9, ts=9, x0=590344382, x1=590344382
P1, tp=9, ts=9, x0=64671997, x1=257414232
P3, tp=9, ts=9, x0=422559397
P0, tp=9, ts=9, x0=523417010
P1, tp=9, ts=9, x0=302023083, x1=179274869
P0, tp=9, ts=9, x0=103640011
P3, tp=9, ts=9, x0=354878282
P1, tp=9, ts=9, x0=104801715, x1=463803964
P1, tp=9, ts=9, x0=380580857, x1=201119773
P0, tp=9, ts=9, x0=827760083
P2, tp=9, ts=9
P1, tp=9, ts=9, x0=769596647, x1=422559397
P0, tp=9, ts=9, x0=769596647
P0, tp=9, ts=9, x0=554526673
P1, tp=9, ts=9, x0=703182763, x1=67069358
P1, tp=9, ts=9, x0=380238356, x1=380238356
P1, tp=9, ts=9, x0=163410501, x1=2042543
P0, tp=9, ts=9, x0=104134167
P1, tp=9, ts=9, x0=823620660, x1=862056810
P2, tp=9, ts=9
P2, tp=9, ts=9
P1, tp=9, ts=9, x0=523417010, x1=267935632
P0, tp=9, ts=9, x0=721878378
P3, tp=9, ts=9, x0=66671062
P3, tp=9, ts=9, x0=431533488
P1, tp=9, ts=9, x0=122493935, x1=792718462
P1, tp=9, ts=9, x0=660178864, x1=524133699
P1, tp=9, ts=9, x0=64671997, x1=554526673
P0, tp=9, ts=9, x0=708983332
P2, tp=9, ts=9
P3, tp=9, ts=9, x0=170624020
P2, tp=9, ts=9
P3, tp=9, ts=9, x0=492290108
P2, tp=9, ts=9
P0, tp=9, ts=9, x0=660178864
P3, tp=9, ts=9, x0=384733233
P3, tp=9, ts=9, x0=365908620
P2, tp=9, ts=9
P1, tp=9, ts=9, x0=758602097, x1=826913284
P1, tp=9, ts=9, x0=415232822, x1=936759123
P3, tp=9, ts=9, x0=380580857
P2, tp=9, ts=9
P3, tp=9, ts=9, x0=257414232
P0, tp=9, ts=9, x0=523417010
P1, tp=9, ts=9, x0=426262851, x1=49151050
P1, tp=9, ts=9, x0=523417010, x1=960763133
P3, tp=9, ts=9, x0=564639792
P2, tp=9, ts=9
P1, tp=9, ts=9, x0=49151050, x1=64671997
P2, tp=9, ts=9
P1, tp=9, ts=9, x0=229122669, x1=104134167
P0, tp=9, ts=9, x0=426262851
P2, tp=9, ts=9
P3, tp=9, ts=9, x0=467346431
P0, tp=9, ts=9, x0=757338871
P3, tp=9, ts=9, x0=721393634
P3, tp=9, ts=9, x0=482625750
P3, tp=9, ts=9, x0=758602097
P3, tp=9, ts=9, x0=242093190
P0, tp=9, ts=9, x0=31101094
P1, tp=9, ts=9, x0=656435858, x1=27890052
P1, tp=9, ts=9, x0=85177655, x1=27890052
P0, tp=9, ts=9, x0=112192426
P0, tp=9, ts=9, x0=595090153
P3, tp=9, ts=9, x0=141389909
P2, tp=9, ts=9
P1, tp=9, ts=9, x0=914774884, x1=523417010
P2, tp=9, ts=9
P1, tp=9, ts=9, x0=855628474, x1=229122669
P0, tp=9, ts=9, x0=242093190
P3, tp=9, ts=9, x0=972241558
P3, tp=9, ts=9, x0=645361776
P0, tp=9, ts=9, x0=163410501
P3, tp=9, ts=9, x0=426262851
P1, tp=9, ts=9, x0=603988177, x1=492290108
P0, tp=9, ts=9, x0=85177655
P2, tp=9, ts=9
P3, tp=9, ts=9, x0=112192426
P0, tp=9, ts=9, x0=656435858
P3, tp=9, ts=9, x0=386888403
P1, tp=9, ts=9, x0=769596647, x1=997584197
P3, tp=9, ts=9, x0=66671062
P2, tp=9, ts=9
P1, tp=9, ts=9, x0=355656593, x1=354878282
P0, tp=9, ts=9, x0=781601832
P1, tp=9, ts=9, x0=660178864, x1=463803964
P2, tp=9, ts=9
P3, tp=9, ts=9, x0=721393634
P1, tp=9, ts=9, x0=122493935, x1=354878282
P3, tp=9, ts=9, x0=257414232
P2, tp=9, ts=9
P1, tp=9, ts=9, x0=645361776, x1=769596647
P0, tp=9, ts=9, x0=688518772
P0, tp=9, ts=9, x0=564639792
P1, tp=9, ts=9, x0=123079245, x1=195033435
P1, tp=9, ts=9, x0=66671062, x1=363781269
P2, tp=9, ts=9
P2, tp=9, ts=9
P3, tp=9, ts=9, x0=999030804
P3, tp=9, ts=9, x0=104134167
P3, tp=9, ts=9, x0=153948877
P0, tp=9, ts=9, x0=765488374
P1, tp=9, ts=9, x0=35442257, x1=302023083
P1, tp=9, ts=9, x0=308581288, x1=112192426
P0, tp=9, ts=9, x0=739044663
P2, tp=9, ts=9
P0, tp=9, ts=9, x0=914774884
P0, tp=9, ts=9, x0=440332488
P1, tp=9, ts=9, x0=380580857, x1=645361776
P0, tp=9, ts=9, x0=939342317
P2, tp=9, ts=9
P1, tp=9, ts=9, x0=426262851, x1=914774884
P2, tp=9, ts=9
P3, tp=9, ts=9, x0=380580857
P2, tp=9, ts=9
P2, tp=9, ts=9
P3, tp=9, ts=9, x0=170624020
P2, tp=9, ts=9
P2, tp=9, ts=9
P0, tp=9, ts=9, x0=35950885
P2, tp=9, ts=9
P0, tp=9, ts=9, x0=201119773
P3, tp=9, ts=9, x0=826144711
P3, tp=9, ts=9, x0=182492385
P2, tp=9, ts=9
P1, tp=9, ts=9, x0=267935632, x1=769596647
P2, tp=9, ts=9
P0, tp=9, ts=9, x0=179274869
P0, tp=9, ts=9, x0=201119773
P1, tp=9, ts=9, x0=524133699, x1=703182763
P2, tp=9, ts=9
P2, tp=9, ts=9
P2, tp=9, ts=9
P3, tp=9, ts=9, x0=267935632
P2, tp=9, ts=9
P2, tp=9, ts=9
P3, tp=9, ts=9, x0=2042543
P1, tp=9, ts=9, x0=49151050, x1=380580857
P1, tp=9, ts=9, x0=758602097, x1=141389909
P3, tp=9, ts=9, x0=688518772
P0, tp=9, ts=9, x0=229122669
P3, tp=9, ts=9, x0=354878282
P2, tp=9, ts=9
P3, tp=9, ts=9, x0=181207138
P1, tp=9, ts=9, x0=993041908, x1=438415994
P0, tp=9, ts=9, x0=363781269
P2, tp=9, ts=9
P1, tp=9, ts=9, x0=363781269, x1=440332488
P0, tp=9, ts=9, x0=757338871
P2, tp=9, ts=9
P1, tp=9, ts=9, x0=104134167, x1=862056810
P3, tp=9, ts=9, x0=181207138
P1, tp=9, ts=9, x0=805340070, x1=123079245
P3, tp=9, ts=9, x0=2042543
P2, tp=9, ts=9
P2, tp=9, ts=9
P3, tp=9, ts=9, x0=65557192
P2, tp=9, ts=9
P2, tp=9, ts=9
P0, tp=9, ts=9, x0=823620660
P1, tp=9, ts=9, x0=35442257, x1=862056810
P0, tp=9, ts=9, x0=743456985
P3, tp=9, ts=9, x0=997584197
P2, tp=9, ts=9
P3, tp=9, ts=9, x0=547845444
P0, tp=9, ts=9, x0=365908620
P1, tp=9, ts=9, x0=463803964, x1=999030804
P2, tp=9, ts=9
P2, tp=9, ts=9
P3, tp=9, ts=9, x0=123079245
P3, tp=9, ts=9, x0=524133699
P3, tp=9, ts=9, x0=422559397
P0, tp=9, ts=9, x0=547615278
P0, tp=9, ts=9, x0=826144711
P2, tp=9, ts=9
P3, tp=9, ts=9, x0=623200933
P0, tp=9, ts=9, x0=2042543
P1, tp=9, ts=9, x0=440332488, x1=431533488
P0, tp=9, ts=9, x0=972241558
P3, tp=9, ts=9, x0=463803964
P1, tp=9, ts=9, x0=792718462, x1=652736925
P2, tp=9, ts=9
P2, tp=9, ts=9
P1, tp=9, ts=9, x0=64671997, x1=343051751
P2, tp=9, ts=9
P0, tp=9, ts=9, x0=652736925
P2, tp=9, ts=9
P3, tp=9, ts=9, x0=492290108
P3, tp=9, ts=9, x0=287729989
P2, tp=9, ts=9
P0, tp=9, ts=9, x0=993041908
P2, tp=9, ts=9
P3, tp=9, ts=9, x0=112192426
P2, tp=9, ts=9
P3, tp=9, ts=9, x0=862056810
P2, tp=9, ts=9
P3, tp=9, ts=9, x0=179274869
P1, tp=9, ts=9, x0=122493935, x1=229122669
P3, tp=9, ts=9, x0=862056810
P2, tp=9, ts=9
P1, tp=9, ts=9, x0=438415994, x1=978902358
P2, tp=9, ts=9
P1, tp=9, ts=9, x0=179274869, x1=826144711
P0, tp=9, ts=9, x0=703182763
P1, tp=9, ts=9, x0=708983332, x1=376666230
P3, tp=9, ts=9, x0=547615278
P3, tp=9, ts=9, x0=27890052
P1, tp=9, ts=9, x0=35442257, x1=826913284
P0, tp=9, ts=9, x0=805340070
P0, tp=9, ts=9, x0=999030804
P3, tp=9, ts=9, x0=247619987
P3, tp=9, ts=9, x0=287729989
P3, tp=9, ts=9, x0=122493935
P1, tp=9, ts=9, x0=523417010, x1=703182763
P0, tp=9, ts=9, x0=708983332
P2, tp=9, ts=9
P2, tp=9, ts=9
P2, tp=9, ts=9
P0, tp=9, ts=9, x0=769596647
P2, tp=9, ts=9
P0, tp=9, ts=9, x0=85177655
P2, tp=9, ts=9
P2, tp=9, ts=9
P0, tp=9, ts=9, x0=739044663
P1, tp=9, ts=9, x0=463803964, x1=103640011
P1, tp=9, ts=9, x0=415232822, x1=308581288
P0, tp=9, ts=9, x0=564639792
P0, tp=9, ts=9, x0=103640011
P3, tp=9, ts=9, x0=823620660
P2, tp=9, ts=9
P0, tp=9, ts=9, x0=862056810
P1, tp=9, ts=9, x0=703182763, x1=380580857
P1, tp=9, ts=9, x0=944009299, x1=365908620
P3, tp=9, ts=9, x0=49151050
P1, tp=9, ts=9, x0=743456985, x1=422559397
P2, tp=9, ts=9
P1, tp=9, ts=9, x0=65557192, x1=492290108
P1, tp=9, ts=9, x0=849540748, x1=153948877
P3, tp=9, ts=9, x0=939342317
P2, tp=9, ts=9
P3, tp=9, ts=9, x0=2042543
P0, tp=9, ts=9, x0=332850846
P0, tp=9, ts=9, x0=849540748
P1, tp=9, ts=9, x0=816704410, x1=590344382
P1, tp=9, ts=9, x0=104801715, x1=380580857
P3, tp=9, ts=9, x0=103640011
P1, tp=9, ts=9, x0=645361776, x1=999030804
P3, tp=9, ts=9, x0=708983332
P1, tp=9, ts=9, x0=2042543, x1=544071605
P0, tp=9, ts=9, x0=554526673
P2, tp=9, ts=9
P0, tp=9, ts=9, x0=67069358
P0, tp=9, ts=9, x0=112192426
P0, tp=9, ts=9, x0=343051751
P1, tp=9, ts=9, x0=415232822, x1=239708445
P1, tp=9, ts=9, x0=195033435, x1=849540748
P0, tp=9, ts=9, x0=195033435
P0, tp=9, ts=9, x0=67069358
P1, tp=9, ts=9, x0=204699496, x1=35950885
P0, tp=9, ts=9, x0=645361776
P2, tp=9, ts=9
P0, tp=9, ts=9, x0=914774884
P2, tp=9, ts=9
P0, tp=9, ts=9, x0=532902732
P2, tp=9, ts=9
P3, tp=9, ts=9, x0=201119773
P3, tp=9, ts=9, x0=963379966
P1, tp=9, ts=9, x0=64671997, x1=355656593
P0, tp=9, ts=9, x0=153948877
P0, tp=9, ts=9, x0=65557192
P3, tp=9, ts=9, x0=26992958
P0, tp=9, ts=9, x0=67069358
P1, tp=9, ts=9, x0=35950885, x1=862056810
P1, tp=9, ts=9, x0=104134167, x1=978902358
P1, tp=9, ts=9, x0=332850846, x1=332850846
P1, tp=9, ts=9, x0=343051751, x1=103640011
P2, tp=9, ts=9
P3, tp=9, ts=9, x0=748084517
P1, tp=9, ts=9, x0=708983332, x1=179078643
P0, tp=9, ts=9, x0=422559397
P0, tp=9, ts=9, x0=447867249
P1, tp=9, ts=9, x0=805340070, x1=826144711
P0, tp=9, ts=9, x0=939342317
P0, tp=9, ts=9, x0=660178864
P3, tp=9, ts=9, x0=267935632
P1, tp=9, ts=9, x0=308581288, x1=308581288
P0, tp=9, ts=9, x0=987913606
P3, tp=9, ts=9, x0=461171800
P1, tp=9, ts=9, x0=842122800, x1=49151050
P2, tp=9, ts=9
P3, tp=9, ts=9, x0=660178864
P2, tp=9, ts=9
P3, tp=9, ts=9, x0=464973275
P1, tp=9, ts=9, x0=463803964, x1=112192426
P3, tp=9, ts=9, x0=153948877
P1, tp=9, ts=9, x0=524133699, x1=461171800
P1, tp=9, ts=9, x0=826144711, x1=842122800
P3, tp=9, ts=9, x0=461171800
P3, tp=9, ts=9, x0=103640011
P3, tp=9, ts=9, x0=623200933
P3, tp=9, ts=9, x0=842122800
P1, tp=9, ts=9, x0=944009299, x1=900855224
P2, tp=9, ts=9
P3, tp=9, ts=9, x0=2042543
P1, tp=9, ts=9, x0=987913606, x1=862056810
P2, tp=9, ts=9
P3, tp=9, ts=9, x0=365908620
P0, tp=9, ts=9, x0=534236364
P2, tp=9, ts=9
P1, tp=9, ts=9, x0=645361776, x1=772499901
P3, tp=9, ts=9, x0=826913284
P2, tp=9, ts=9
P2, tp=9, ts=9
P3, tp=9, ts=9, x0=524133699
P1, tp=9, ts=9, x0=823620660, x1=578110984
P1, tp=9, ts=9, x0=765488374, x1=708983332
P3, tp=9, ts=9, x0=308581288
P2, tp=9, ts=9
P2, tp=9, ts=9
P3, tp=9, ts=9, x0=153948877
P1, tp=9, ts=9, x0=823920997, x1=308581288
P1, tp=9, ts=9, x0=678384546, x1=302023083
P1, tp=9, ts=9, x0=547665196, x1=703182763
P0, tp=9, ts=9, x0=532902732
P2, tp=9, ts=9
P0, tp=9, ts=9, x0=652736925
P2, tp=9, ts=9
P2, tp=9, ts=9
P2, tp=9, ts=9
P3, tp=9, ts=9, x0=5741545
P2, tp=9, ts=9
P3, tp=9, ts=9, x0=447867249
P1, tp=9, ts=9, x0=748084517, x1=464973275
P0, tp=9, ts=9, x0=447867249
P3, tp=9, ts=9, x0=652736925
P1, tp=9, ts=9, x0=993041908, x1=564639792
P3, tp=9, ts=9, x0=365908620
P1, tp=9, ts=9, x0=545902714, x1=501588591
P3, tp=9, ts=9, x0=65557192
P0, tp=9, ts=9, x0=554526673
P3, tp=9, ts=9, x0=703182763
P0, tp=9, ts=9, x0=35442257
P2, tp=9, ts=9
P2, tp=9, ts=9
P2, tp=9, ts=9
P2, tp=9, ts=9
P1, tp=9, ts=9, x0=708983332, x1=363781269
P3, tp=9, ts=9, x0=363781269
P1, tp=9, ts=9, x0=141389909, x1=523417010
P2, tp=9, ts=9
P3, tp=9, ts=9, x0=524133699
P0, tp=9, ts=9, x0=365890509
P0, tp=9, ts=9, x0=765488374
P0, tp=9, ts=9, x0=376666230
P1, tp=9, ts=9, x0=2042543, x1=343051751
P1, tp=9, ts=9, x0=660178864, x1=446387390
P1, tp=9, ts=9, x0=327646615, x1=660178864
P2, tp=9, ts=9
P0, tp=9, ts=9, x0=960763133
P2, tp=9, ts=9
P1, tp=9, ts=9, x0=532902732, x1=287729989
P2, tp=9, ts=9
P3, tp=9, ts=9, x0=963379966
P2, tp=9, ts=9
P0, tp=9, ts=9, x0=302023083
P2, tp=9, ts=9
P2, tp=9, ts=9
P0, tp=9, ts=9, x0=422559397
P2, tp=9, ts=9
P2, tp=9, ts=9
P3, tp=9, ts=9, x0=27890052
P2, tp=9, ts=9
P3, tp=9, ts=9, x0=978902358
P1, tp=9, ts=9, x0=684343700, x1=823920997
P0, tp=9, ts=9, x0=900855224
P1, tp=9, ts=9, x0=180731078, x1=438415994
P2, tp=9, ts=9
P3, tp=9, ts=9, x0=524133699
P2, tp=9, ts=9
P0, tp=9, ts=9, x0=525692958
P2, tp=9, ts=9
P3, tp=9, ts=9, x0=936759123
P3, tp=9, ts=9, x0=684343700
P0, tp=9, ts=9, x0=492290108
P2, tp=9, ts=9
P2, tp=9, ts=9
P3, tp=9, ts=9, x0=999030804
P0, tp=9, ts=9, x0=855628474
P3, tp=9, ts=9, x0=997584197
P3, tp=9, ts=9, x0=708983332
P2, tp=9, ts=9
P3, tp=9, ts=9, x0=769596647
P0, tp=9, ts=9, x0=547845444
P3, tp=9, ts=9, x0=464973275
P0, tp=9, ts=9, x0=380580857
P3, tp=9, ts=9, x0=765488374
P3, tp=9, ts=9, x0=739044663
P0, tp=9, ts=9, x0=578110984
P3, tp=9, ts=9, x0=112192426
P3, tp=9, ts=9, x0=739044663
P3, tp=9, ts=9, x0=376666230
P1, tp=9, ts=9, x0=578110984, x1=422559397
P0, tp=9, ts=9, x0=708983332
P0, tp=9, ts=9, x0=849540748
P3, tp=9, ts=9, x0=816704410
P0, tp=9, ts=9, x0=195033435
P2, tp=9, ts=9
P3, tp=9, ts=9, x0=386888403
P3, tp=9, ts=9, x0=855628474
P1, tp=9, ts=9, x0=386888403, x1=826913284
P3, tp=9, ts=9, x0=997584197
P0, tp=9, ts=9, x0=464973275
P0, tp=9, ts=9, x0=748084517
P0, tp=9, ts=9, x0=708983332
P1, tp=9, ts=9, x0=855628474, x1=170624020
P3, tp=9, ts=9, x0=772499901
P0, tp=9, ts=9, x0=826144711
P0, tp=9, ts=9, x0=963379966
P0, tp=9, ts=9, x0=49151050
P1, tp=9, ts=9, x0=267935632, x1=525692958
P1, tp=9, ts=9, x0=862056810, x1=415232822
P2, tp=9, ts=9
P1, tp=9, ts=9, x0=914774884, x1=545902714
P1, tp=9, ts=9, x0=492290108, x1=660178864
P0, tp=9, ts=9, x0=2042543
P3, tp=9, ts=9, x0=823620660
P1, tp=9, ts=9, x0=900855224, x1=544071605
P1, tp=9, ts=9, x0=734272740, x1=409121799
P0, tp=9, ts=9, x0=132756131
P3, tp=9, ts=9, x0=999030804
P2, tp=9, ts=9
P2, tp=9, ts=9
P1, tp=9, ts=9, x0=524133699, x1=501588591
P2, tp=9, ts=9
P3, tp=9, ts=9, x0=463803964
P2, tp=9, ts=9
P1, tp=9, ts=9, x0=578110984, x1=287729989
P0, tp=9, ts=9, x0=862056810
P2, tp=9, ts=9
P2, tp=9, ts=9
P3, tp=9, ts=9, x0=5741545
P3, tp=9, ts=9, x0=415232822
P2, tp=9, ts=9
P1, tp=9, ts=9, x0=103640011, x1=195033435
P3, tp=9, ts=9, x0=239708445
P1, tp=9, ts=9, x0=132756131, x1=734272740
P2, tp=9, ts=9
P3, tp=9, ts=9, x0=49151050
P1, tp=9, ts=9, x0=862056810, x1=327646615
P0, tp=9, ts=9, x0=748084517
P2, tp=9, ts=9
P3, tp=9, ts=9, x0=547615278
P2, tp=9, ts=9
P3, tp=9, ts=9, x0=816704410
P2, tp=9, ts=9
P3, tp=9, ts=9, x0=132756131
P1, tp=9, ts=9, x0=645361776, x1=204699496
P3, tp=9, ts=9, x0=302023083
P2, tp=9, ts=9
P0, tp=9, ts=9, x0=365890509
P0, tp=9, ts=9, x0=523417010
P3, tp=9, ts=9, x0=538457406
P0, tp=9, ts=9, x0=56446158
P0, tp=9, ts=9, x0=577097142
P2, tp=9, ts=9
P1, tp=9, ts=9, x0=534236364, x1=900855224
P0, tp=9, ts=9, x0=708983332
P2, tp=9, ts=9
P0, tp=9, ts=9, x0=708983332
P2, tp=9, ts=9
P3, tp=9, ts=9, x0=772499901
P2, tp=9, ts=9
P2, tp=9, ts=9
P0, tp=9, ts=9, x0=734272740
P1, tp=9, ts=9, x0=547845444, x1=409121799
P3, tp=9, ts=9, x0=365890509
P1, tp=9, ts=9, x0=758602097, x1=748084517
P3, tp=9, ts=9, x0=978902358
P1, tp=9, ts=9, x0=739044663, x1=900855224
P1, tp=9, ts=9, x0=363781269, x1=874580733
P1, tp=9, ts=9, x0=464973275, x1=826913284
P1, tp=9, ts=9, x0=564639792, x1=525692958
P1, tp=9, ts=9, x0=447867249, x1=26992958
P0, tp=9, ts=9, x0=593551701
P3, tp=9, ts=9, x0=196157495
P2, tp=9, ts=9
P0, tp=9, ts=9, x0=67069358
P3, tp=9, ts=9, x0=645361776
P1, tp=9, ts=9, x0=112192426, x1=501588591
P2, tp=9, ts=9
P0, tp=9, ts=9, x0=545902714
P0, tp=9, ts=9, x0=2042543
P3, tp=9, ts=9, x0=464973275
P0, tp=9, ts=9, x0=104134167
P0, tp=9, ts=9, x0=355656593
P3, tp=9, ts=9, x0=179078643
P2, tp=9, ts=9
P3, tp=9, ts=9, x0=376666230
P2, tp=9, ts=9
P1, tp=9, ts=9, x0=765488374, x1=757338871
P0, tp=9, ts=9, x0=601317838
P3, tp=9, ts=9, x0=376666230
P1, tp=9, ts=9, x0=547845444, x1=997584197
P2, tp=9, ts=9
P0, tp=9, ts=9, x0=447867249
P3, tp=9, ts=9, x0=547615278
P3, tp=9, ts=9, x0=564639792
P1, tp=9, ts=9, x0=267935632, x1=997584197
P0, tp=9, ts=9, x0=355656593
P3, tp=9, ts=9, x0=999030804
P0, tp=9, ts=9, x0=602878090
P0, tp=9, ts=9, x0=602766125
P0, tp=9, ts=9, x0=893495619
P3, tp=9, ts=9, x0=147627260
P2, tp=9, ts=9
P3, tp=9, ts=9, x0=978902358
P3, tp=9, ts=9, x0=943928499
P3, tp=9, ts=9, x0=104801715
P0, tp=9, ts=9, x0=660178864
P2, tp=9, ts=9
P0, tp=9, ts=9, x0=678384546
P0, tp=9, ts=9, x0=125465599
P0, tp=9, ts=9, x0=31101094
P2, tp=9, ts=9
P2, tp=9, ts=9
P0, tp=9, ts=9, x0=578110984
P2, tp=9, ts=9
P3, tp=9, ts=9, x0=842122800
P0, tp=9, ts=9, x0=376666230
P2, tp=9, ts=9
P2, tp=9, ts=9
P0, tp=9, ts=9, x0=642376088
P3, tp=9, ts=9, x0=842122800
P3, tp=9, ts=9, x0=447867249
P0, tp=9, ts=9, x0=373547313
P1, tp=9, ts=9, x0=71041447, x1=564639792
P0, tp=9, ts=9, x0=492290108
P3, tp=9, ts=9, x0=104134167
P0, tp=9, ts=9, x0=963379966
P0, tp=9, ts=9, x0=943928499
P1, tp=9, ts=9, x0=71041447, x1=684343700
P3, tp=9, ts=9, x0=758602097
P3, tp=9, ts=9, x0=944009299
P3, tp=9, ts=9, x0=642376088
P2, tp=9, ts=9
P0, tp=9, ts=9, x0=182492385
P0, tp=9, ts=9, x0=104134167
P1, tp=9, ts=9, x0=523417010, x1=463803964
P0, tp=9, ts=9, x0=155903923
P3, tp=9, ts=9, x0=438415994
P0, tp=9, ts=9, x0=84442014
P0, tp=9, ts=9, x0=422559397
P2, tp=9, ts=9
P1, tp=9, ts=9, x0=823920997, x1=769596647
P0, tp=9, ts=9, x0=676445570
P1, tp=9, ts=9, x0=987913606, x1=645361776
P2, tp=9, ts=9
P1, tp=9, ts=9, x0=155903923, x1=125465599
P0, tp=9, ts=9, x0=601317838
P2, tp=9, ts=9
P3, tp=9, ts=9, x0=523417010
P2, tp=9, ts=9
P2, tp=9, ts=9
P2, tp=9, ts=9
P2, tp=9, ts=9
P2, tp=9, ts=9
P0, tp=9, ts=9, x0=602766125
P2, tp=9, ts=9
P2, tp=9, ts=9
P1, tp=9, ts=9, x0=676445570, x1=104801715
P0, tp=9, ts=9, x0=446387390
P3, tp=9, ts=9, x0=602766125
P2, tp=9, ts=9
P2, tp=9, ts=9
P3, tp=9, ts=9, x0=545902714
P2, tp=9, ts=9
P3, tp=9, ts=9, x0=438415994
P1, tp=9, ts=9, x0=71041447, x1=446387390
P3, tp=9, ts=9, x0=492290108
P1, tp=9, ts=9, x0=204699496, x1=287729989
P0, tp=9, ts=9, x0=765488374
P0, tp=9, ts=9, x0=758602097
P0, tp=9, ts=9, x0=743456985
P1, tp=9, ts=9, x0=601317838, x1=31101094
P2, tp=9, ts=9
P0, tp=9, ts=9, x0=534236364
P3, tp=9, ts=9, x0=769596647
P3, tp=9, ts=9, x0=446387390
P2, tp=9, ts=9
P0, tp=9, ts=9, x0=893495619
P0, tp=9, ts=9, x0=141389909
P2, tp=9, ts=9
P3, tp=9, ts=9, x0=842122800
P1, tp=9, ts=9, x0=734272740, x1=545902714
P2, tp=9, ts=9
P3, tp=9, ts=9, x0=71041447
P3, tp=9, ts=9, x0=464973275
P3, tp=9, ts=9, x0=104134167
P0, tp=9, ts=9, x0=31101094
P0, tp=9, ts=9, x0=538457406
P2, tp=9, ts=9
P2, tp=9, ts=9
P0, tp=9, ts=9, x0=987913606
P3, tp=9, ts=9, x0=523417010
P1, tp=9, ts=9, x0=593551701, x1=132756131
P3, tp=9, ts=9, x0=987913606
P2, tp=9, ts=9
P1, tp=9, ts=9, x0=182492385, x1=748084517
P3, tp=9, ts=9, x0=141389909
P2, tp=9, ts=9
P3, tp=9, ts=9, x0=997989984
P1, tp=9, ts=9, x0=355656593, x1=464973275
P1, tp=9, ts=9, x0=31101094, x1=31101094
P2, tp=9, ts=9
P3, tp=9, ts=9, x0=5741545
P0, tp=9, ts=9, x0=642376088
P0, tp=9, ts=9, x0=492290108
P1, tp=9, ts=9, x0=684343700, x1=547665196
P1, tp=9, ts=9, x0=409121799, x1=26992958
P1, tp=9, ts=9, x0=534236364, x1=84442014
P2, tp=9, ts=9
P3, tp=9, ts=9, x0=376666230
P0, tp=9, ts=9, x0=978902358
P1, tp=9, ts=9, x0=978902358, x1=446387390
P2, tp=9, ts=9
P1, tp=9, ts=9, x0=757338871, x1=412780162
P0, tp=9, ts=9, x0=380580857
P2, tp=9, ts=9
P0, tp=9, ts=9, x0=734272740
P1, tp=9, ts=9, x0=365890509, x1=547615278
P3, tp=9, ts=9, x0=862056810
P2, tp=9, ts=9
P0, tp=9, ts=9, x0=204699496
P2, tp=9, ts=9
P1, tp=9, ts=9, x0=365890509, x1=58062291
P0, tp=9, ts=9, x0=501588591
P3, tp=9, ts=9, x0=577097142
P3, tp=9, ts=9, x0=534236364
P1, tp=9, ts=9, x0=365908620, x1=501588591
P1, tp=9, ts=9, x0=960763133, x1=182492385
P1, tp=9, ts=9, x0=564639792, x1=645361776
P1, tp=9, ts=9, x0=25267752, x1=422559397
P3, tp=9, ts=9, x0=122493935
P2, tp=9, ts=9
P3, tp=9, ts=9, x0=532902732
P2, tp=9, ts=9
P0, tp=9, ts=9, x0=660178864
P1, tp=9, ts=9, x0=141389909, x1=26992958
P3, tp=9, ts=9, x0=523417010
P3, tp=9, ts=9, x0=141389909
P0, tp=9, ts=9, x0=769596647
P0, tp=9, ts=9, x0=141389909
P0, tp=9, ts=9, x0=593551701
P3, tp=9, ts=9, x0=132756131
P2, tp=9, ts=9
P3, tp=9, ts=9, x0=874580733
P2, tp=9, ts=9
P2, tp=9, ts=9
P2, tp=9, ts=9
P2, tp=9, ts=9
P1, tp=9, ts=9, x0=343051751, x1=343051751
P0, tp=9, ts=9, x0=772499901
P3, tp=9, ts=9, x0=31101094
P0, tp=9, ts=9, x0=645361776
P3, tp=9, ts=9, x0=997989984
P0, tp=9, ts=9, x0=645361776
P0, tp=9, ts=9, x0=660178864
P0, tp=9, ts=9, x0=703182763
P0, tp=9, ts=9, x0=355656593
P3, tp=9, ts=9, x0=132756131
P2, tp=9, ts=9
P2, tp=9, ts=9
P2, tp=9, ts=9
P1, tp=9, ts=9, x0=25267752, x1=805340070
P2, tp=9, ts=9
P3, tp=9, ts=9, x0=642376088
P0, tp=9, ts=9, x0=196157495
P1, tp=9, ts=9, x0=492290108, x1=772499901
P0, tp=9, ts=9, x0=525692958
P3, tp=9, ts=9, x0=703182763
P2, tp=9, ts=9
P3, tp=9, ts=9, x0=914774884
P2, tp=9, ts=9
P1, tp=9, ts=9, x0=376666230, x1=122493935
P1, tp=9, ts=9, x0=492290108, x1=492290108
P1, tp=9, ts=9, x0=593551701, x1=180731078
P3, tp=9, ts=9, x0=422559397
P3, tp=9, ts=9, x0=578110984
P2, tp=9, ts=9
P3, tp=9, ts=9, x0=247619987
P2, tp=9, ts=9
P0, tp=9, ts=9, x0=602878090
P3, tp=9, ts=9, x0=684343700
P1, tp=9, ts=9, x0=363781269, x1=182492385
P2, tp=9, ts=9
P0, tp=9, ts=9, x0=645361776
P1, tp=9, ts=9, x0=678384546, x1=132756131
P2, tp=9, ts=9
P1, tp=9, ts=9, x0=495349090, x1=524133699
P1, tp=9, ts=9, x0=501588591, x1=593551701
P2, tp=9, ts=9
P2, tp=9, ts=9
P3, tp=9, ts=9, x0=728512992
P3, tp=9, ts=9, x0=27890052
P0, tp=9, ts=9, x0=180731078
P3, tp=9, ts=9, x0=464973275
P0, tp=9, ts=9, x0=31101094
P0, tp=9, ts=9, x0=180731078
P1, tp=9, ts=9, x0=147627260, x1=501588591
P1, tp=9, ts=9, x0=373547313, x1=703182763
P1, tp=9, ts=9, x0=310436376, x1=409121799
P3, tp=9, ts=9, x0=196157495
P0, tp=9, ts=9, x0=601317838
P0, tp=9, ts=9, x0=703182763
P2, tp=9, ts=9
P3, tp=9, ts=9, x0=355656593
P2, tp=9, ts=9
P0, tp=9, ts=9, x0=545902714
P3, tp=9, ts=9, x0=893495619
P0, tp=9, ts=9, x0=412780162
P3, tp=9, ts=9, x0=141389909
P2, tp=9, ts=9
P1, tp=9, ts=9, x0=842122800, x1=739044663
P1, tp=9, ts=9, x0=523417010, x1=874580733
P2, tp=9, ts=9
P3, tp=9, ts=9, x0=578298568
P2, tp=9, ts=9
P3, tp=9, ts=9, x0=25267752
P0, tp=9, ts=9, x0=247619987
P0, tp=9, ts=9, x0=409121799
P0, tp=9, ts=9, x0=103640011
P1, tp=9, ts=9, x0=805340070, x1=147627260
P1, tp=9, ts=9, x0=452185321, x1=634250098
P2, tp=9, ts=9
P1, tp=9, ts=9, x0=215672608, x1=147627260
P2, tp=9, ts=9
P0, tp=9, ts=9, x0=122493935
P0, tp=9, ts=9, x0=978902358
P1, tp=9, ts=9, x0=602766125, x1=534236364
P1, tp=9, ts=9, x0=155903923, x1=963379966
P1, tp=9, ts=9, x0=676445570, x1=380580857
P3, tp=9, ts=9, x0=525692958
P0, tp=9, ts=9, x0=997989984
P3, tp=9, ts=9, x0=823920997
P2, tp=9, ts=9
P2, tp=9, ts=9
P0, tp=9, ts=9, x0=601317838
P1, tp=9, ts=9, x0=310436376, x1=634250098
P3, tp=9, ts=9, x0=523417010
P3, tp=9, ts=9, x0=842122800
P3, tp=9, ts=9, x0=365890509
P3, tp=9, ts=9, x0=461171800
P0, tp=9, ts=9, x0=874580733
P2, tp=9, ts=9
P3, tp=9, ts=9, x0=724141872
P1, tp=9, ts=9, x0=724141872, x1=373547313
P0, tp=9, ts=9, x0=343051751
P1, tp=9, ts=9, x0=893495619, x1=412780162
P0, tp=9, ts=9, x0=5741545
P0, tp=9, ts=9, x0=2042543
P2, tp=9, ts=9
P3, tp=9, ts=9, x0=645361776
P0, tp=9, ts=9, x0=545902714
P0, tp=9, ts=9, x0=748084517
P0, tp=9, ts=9, x0=365908620
