P1, tp=0, ts=0
P2, tp=0, ts=0
P3, tp=0, ts=0, x0=373321178
P0, tp=0, ts=0, x0=810563610
P2, tp=0, ts=0
P1, tp=0, ts=0
P0, tp=0, ts=0, x0=141336768
P1, tp=0, ts=0
P2, tp=0, ts=0
P0, tp=0, ts=0, x0=977202503
P2, tp=0, ts=0
P1, tp=0, ts=0
P3, tp=0, ts=0, x0=70079853
P3, tp=0, ts=0, x0=947669864
P0, tp=0, ts=0, x0=148737049
P0, tp=0, ts=0, x0=606967315
P2, tp=0, ts=0
P1, tp=0, ts=0
P3, tp=0, ts=0, x0=759454589
P0, tp=0, ts=0, x0=870269555
P1, tp=0, ts=0
P1, tp=0, ts=0
P0, tp=0, ts=0, x0=463275880
P3, tp=0, ts=0, x0=55280525
P1, tp=0, ts=0
P0, tp=0, ts=0, x0=386218870
P2, tp=0, ts=0
P0, tp=0, ts=0, x0=107019939
P3, tp=0, ts=0, x0=544727831
P2, tp=0, ts=0
P1, tp=0, ts=0
P0, tp=0, ts=0, x0=454158356
P0, tp=0, ts=0, x0=542030928
P0, tp=0, ts=0, x0=583930965
P1, tp=0, ts=0
P0, tp=0, ts=0, x0=762707131
P2, tp=0, ts=0
P3, tp=0, ts=0, x0=18709334
P2, tp=0, ts=0
P3, tp=0, ts=0, x0=228331474
P1, tp=0, ts=0
P3, tp=0, ts=0, x0=382513159
P2, tp=0, ts=0
P2, tp=0, ts=0
P1, tp=0, ts=0
P3, tp=0, ts=0, x0=105778896
P2, tp=0, ts=0
P3, tp=0, ts=0, x0=136297361
P0, tp=0, ts=0, x0=870342687
P0, tp=0, ts=0, x0=665429171
P3, tp=0, ts=0, x0=332126636
P1, tp=0, ts=0
P2, tp=0, ts=0
P0, tp=0, ts=0, x0=81369220
P0, tp=0, ts=0, x0=661315407
P1, tp=0, ts=0
P1, tp=0, ts=0
P1, tp=0, ts=0
P3, tp=0, ts=0, x0=541053556
P0, tp=0, ts=0, x0=912462831
P1, tp=0, ts=0
P3, tp=0, ts=0, x0=465808655
P3, tp=0, ts=0, x0=543446181
P2, tp=0, ts=0
P0, tp=0, ts=0, x0=456228543
P1, tp=0, ts=0
P1, tp=0, ts=0
P3, tp=0, ts=0, x0=950610789
P2, tp=0, ts=0
P3, tp=0, ts=0, x0=508738113
P0, tp=0, ts=0, x0=555916203
P2, tp=0, ts=0
P3, tp=0, ts=0, x0=844775061
P1, tp=0, ts=0
P3, tp=0, ts=0, x0=606113143
P0, tp=0, ts=0, x0=729133951
P0, tp=0, ts=0, x0=72765936
P1, tp=0, ts=0
P3, tp=0, ts=0, x0=377301598
P2, tp=0, ts=0
P0, tp=0, ts=0, x0=34926075
P3, tp=0, ts=0, x0=838990526
P1, tp=0, ts=0
P3, tp=0, ts=0, x0=706859224
P3, tp=0, ts=0, x0=555228030
P2, tp=0, ts=0
P3, tp=0, ts=0, x0=516531877
P1, tp=0, ts=0
P2, tp=0, ts=0
P2, tp=0, ts=0
P1, tp=0, ts=0
P0, tp=0, ts=0, x0=169689981
P1, tp=0, ts=0
P1, tp=0, ts=0
P0, tp=0, ts=0, x0=830974476
P2, tp=0, ts=0
P2, tp=0, ts=0
P2, tp=0, ts=0
P2, tp=0, ts=0
P1, tp=0, ts=0
P2, tp=0, ts=0
P0, tp=0, ts=0, x0=256810040
P1, tp=0, ts=0
P2, tp=0, ts=0
P0, tp=0, ts=0, x0=880486985
P1, tp=0, ts=0
P1, tp=0, ts=0
P3, tp=0, ts=0, x0=373321178
P1, tp=0, ts=0
P1, tp=0, ts=0
P2, tp=0, ts=0
P0, tp=0, ts=0, x0=34926075
P3, tp=0, ts=0, x0=555228030
P2, tp=0, ts=0
P0, tp=0, ts=0, x0=844775061
P1, tp=0, ts=0
P3, tp=0, ts=0, x0=373321178
P1, tp=0, ts=0
P2, tp=0, ts=0
P2, tp=0, ts=0
P2, tp=0, ts=0
P2, tp=0, ts=0
P0, tp=0, ts=0, x0=541053556
P1, tp=0, ts=0
P1, tp=0, ts=0
P2, tp=0, ts=0
P0, tp=0, ts=0, x0=880486985
P2, tp=0, ts=0
P1, tp=0, ts=0
P1, tp=0, ts=0
P1, tp=0, ts=0
P2, tp=0, ts=0
P0, tp=0, ts=0, x0=517181016
P0, tp=0, ts=0, x0=555228030
P2, tp=0, ts=0
P1, tp=0, ts=0
P1, tp=0, ts=0
P0, tp=0, ts=0, x0=313457091
P3, tp=0, ts=0, x0=606113143
P1, tp=0, ts=0
P2, tp=0, ts=0
P2, tp=0, ts=0
P1, tp=0, ts=0
P2, tp=0, ts=0
P2, tp=0, ts=0
P1, tp=0, ts=0
P1, tp=0, ts=0
P3, tp=0, ts=0, x0=880892020
P2, tp=0, ts=0
P1, tp=0, ts=0
P1, tp=0, ts=0
P3, tp=0, ts=0, x0=34926075
P3, tp=0, ts=0, x0=228331474
P2, tp=0, ts=0
P2, tp=0, ts=0
P3, tp=0, ts=0, x0=456228543
P3, tp=0, ts=0, x0=382513159
P3, tp=0, ts=0, x0=583930965
P0, tp=0, ts=0, x0=141336768
P1, tp=0, ts=0
P3, tp=0, ts=0, x0=136297361
P3, tp=0, ts=0, x0=541053556
P2, tp=0, ts=0
P1, tp=0, ts=0
P1, tp=0, ts=0
P1, tp=0, ts=0
P2, tp=0, ts=0
P1, tp=0, ts=0
P1, tp=0, ts=0
P1, tp=0, ts=0
P3, tp=0, ts=0, x0=810563610
P2, tp=0, ts=0
P1, tp=0, ts=0
P2, tp=0, ts=0
P2, tp=0, ts=0
P1, tp=0, ts=0
P3, tp=0, ts=0, x0=81369220
P2, tp=0, ts=0
P0, tp=0, ts=0, x0=759454589
P0, tp=0, ts=0, x0=148737049
P2, tp=0, ts=0
P2, tp=0, ts=0
P2, tp=0, ts=0
P1, tp=0, ts=0
P0, tp=0, ts=0, x0=706859224
P2, tp=0, ts=0
P2, tp=0, ts=0
P1, tp=0, ts=0
P3, tp=0, ts=0, x0=228331474
P1, tp=0, ts=0
P0, tp=0, ts=0, x0=662247677
P3, tp=0, ts=0, x0=456228543
P2, tp=0, ts=0
P2, tp=0, ts=0
P1, tp=0, ts=0
P1, tp=0, ts=0
P2, tp=0, ts=0
P2, tp=0, ts=0
P1, tp=0, ts=0
P0, tp=0, ts=0, x0=425981549
P3, tp=0, ts=0, x0=661315407
P3, tp=0, ts=0, x0=516531877
P0, tp=0, ts=0, x0=456228543
P2, tp=0, ts=0
P1, tp=0, ts=0
P3, tp=0, ts=0, x0=465808655
P0, tp=0, ts=0, x0=169689981
P0, tp=0, ts=0, x0=541053556
P3, tp=0, ts=0, x0=880892020
P0, tp=0, ts=0, x0=382513159
P3, tp=0, ts=0, x0=606113143
P1, tp=0, ts=0
P1, tp=0, ts=0
P0, tp=0, ts=0, x0=947669864
P0, tp=0, ts=0, x0=508738113
P3, tp=0, ts=0, x0=18709334
P1, tp=0, ts=0
P0, tp=0, ts=0, x0=544727831
P0, tp=0, ts=0, x0=463275880
P2, tp=0, ts=0
P3, tp=0, ts=0, x0=373321178
P2, tp=0, ts=0
P1, tp=0, ts=0
P1, tp=0, ts=0
P2, tp=0, ts=0
P2, tp=0, ts=0
P3, tp=0, ts=0, x0=141336768
P3, tp=0, ts=0, x0=228331474
P2, tp=0, ts=0
P3, tp=0, ts=0, x0=544727831
P2, tp=0, ts=0
P2, tp=0, ts=0
P0, tp=0, ts=0, x0=6965810
P0, tp=0, ts=0, x0=136297361
P1, tp=0, ts=0
P1, tp=0, ts=0
P0, tp=0, ts=0, x0=18709334
P0, tp=0, ts=0, x0=880892020
P1, tp=0, ts=0
P1, tp=0, ts=0
P3, tp=0, ts=0, x0=107019939
P2, tp=0, ts=0
P1, tp=0, ts=0
P1, tp=0, ts=0
P1, tp=0, ts=0
P0, tp=0, ts=0, x0=977202503
P3, tp=0, ts=0, x0=880486985
P1, tp=0, ts=0
P1, tp=0, ts=0
P0, tp=0, ts=0, x0=880892020
P1, tp=0, ts=0
P0, tp=0, ts=0, x0=606967315
P3, tp=0, ts=0, x0=543446181
P2, tp=0, ts=0
P0, tp=0, ts=0, x0=72765936
P3, tp=0, ts=0, x0=425981549
P2, tp=0, ts=0
P2, tp=0, ts=0
P3, tp=0, ts=0, x0=870342687
P2, tp=0, ts=0
P3, tp=0, ts=0, x0=105778896
P3, tp=0, ts=0, x0=542030928
P1, tp=0, ts=0
P0, tp=0, ts=0, x0=456228543
P2, tp=0, ts=0
P3, tp=0, ts=0, x0=70079853
P0, tp=0, ts=0, x0=662247677
P0, tp=0, ts=0, x0=373321178
P0, tp=0, ts=0, x0=18709334
P0, tp=0, ts=0, x0=454158356
P0, tp=0, ts=0, x0=229017227
P1, tp=0, ts=0
P1, tp=0, ts=0
P1, tp=0, ts=0
P1, tp=0, ts=0
P1, tp=0, ts=0
P0, tp=0, ts=0, x0=148737049
P3, tp=0, ts=0, x0=542030928
P0, tp=0, ts=0, x0=463275880
P2, tp=0, ts=0
P1, tp=0, ts=0
P2, tp=0, ts=0
P0, tp=0, ts=0, x0=34926075
P0, tp=0, ts=0, x0=977202503
P0, tp=0, ts=0, x0=256810040
P1, tp=0, ts=0
P2, tp=0, ts=0
P3, tp=0, ts=0, x0=465808655
P1, tp=0, ts=0
P0, tp=0, ts=0, x0=465808655
P3, tp=0, ts=0, x0=762707131
P0, tp=0, ts=0, x0=405073702
P2, tp=0, ts=0
P0, tp=0, ts=0, x0=463275880
P3, tp=0, ts=0, x0=950610789
P3, tp=0, ts=0, x0=34926075
P2, tp=0, ts=0
P1, tp=0, ts=0
P0, tp=0, ts=0, x0=463275880
P3, tp=0, ts=0, x0=977202503
P2, tp=0, ts=0
P1, tp=0, ts=0
P0, tp=0, ts=0, x0=543446181
P3, tp=0, ts=0, x0=465808655
P0, tp=0, ts=0, x0=94499641
P2, tp=0, ts=0
P1, tp=0, ts=0
P1, tp=0, ts=0
P1, tp=0, ts=0
P0, tp=0, ts=0, x0=228331474
P2, tp=0, ts=0
P0, tp=0, ts=0, x0=543446181
P3, tp=0, ts=0, x0=256810040
P2, tp=0, ts=0
P0, tp=0, ts=0, x0=662247677
P2, tp=0, ts=0
P0, tp=0, ts=0, x0=313457091
P2, tp=0, ts=0
P1, tp=0, ts=0
P3, tp=0, ts=0, x0=107019939
P1, tp=0, ts=0
P0, tp=0, ts=0, x0=373321178
P3, tp=0, ts=0, x0=463275880
P3, tp=0, ts=0, x0=729133951
P3, tp=0, ts=0, x0=6965810
P1, tp=0, ts=0
P1, tp=0, ts=0
P1, tp=0, ts=0
P1, tp=0, ts=0
P0, tp=0, ts=0, x0=34926075
P2, tp=0, ts=0
P1, tp=0, ts=0
P3, tp=0, ts=0, x0=555916203
P0, tp=0, ts=0, x0=759454589
P1, tp=0, ts=0
P1, tp=0, ts=0
P3, tp=0, ts=0, x0=544727831
P0, tp=0, ts=0, x0=148737049
P1, tp=0, ts=0
P3, tp=0, ts=0, x0=107019939
P3, tp=0, ts=0, x0=517181016
P1, tp=0, ts=0
P3, tp=0, ts=0, x0=55280525
P0, tp=0, ts=0, x0=454158356
P2, tp=0, ts=0
P2, tp=0, ts=0
P1, tp=0, ts=0
P0, tp=0, ts=0, x0=517181016
P0, tp=0, ts=0, x0=828462232
P2, tp=0, ts=0
P1, tp=0, ts=0
P3, tp=0, ts=0, x0=870269555
P0, tp=0, ts=0, x0=377301598
P2, tp=0, ts=0
P2, tp=0, ts=0
P1, tp=0, ts=0
P2, tp=0, ts=0
P3, tp=0, ts=0, x0=810563610
P3, tp=0, ts=0, x0=386218870
P0, tp=0, ts=0, x0=141336768
P1, tp=0, ts=0
P3, tp=0, ts=0, x0=947669864
P3, tp=0, ts=0, x0=828462232
P3, tp=0, ts=0, x0=912462831
P2, tp=0, ts=0
P3, tp=0, ts=0, x0=606967315
P1, tp=0, ts=0
P3, tp=0, ts=0, x0=465808655
P0, tp=0, ts=0, x0=463275880
P2, tp=0, ts=0
P2, tp=0, ts=0
P1, tp=0, ts=0
P1, tp=0, ts=0
P2, tp=0, ts=0
P2, tp=0, ts=0
P0, tp=0, ts=0, x0=229017227
P2, tp=0, ts=0
P3, tp=0, ts=0, x0=665429171
P0, tp=0, ts=0, x0=465808655
P2, tp=0, ts=0
P3, tp=0, ts=0, x0=18709334
P3, tp=0, ts=0, x0=912462831
P1, tp=0, ts=0
P2, tp=0, ts=0
P1, tp=0, ts=0
P3, tp=0, ts=0, x0=72765936
P2, tp=0, ts=0
P3, tp=0, ts=0, x0=256810040
P2, tp=0, ts=0
P2, tp=0, ts=0
P1, tp=0, ts=0
P2, tp=0, ts=0
P3, tp=0, ts=0, x0=838990526
P3, tp=0, ts=0, x0=405073702
P1, tp=0, ts=0
P1, tp=0, ts=0
P3, tp=0, ts=0, x0=373321178
P2, tp=0, ts=0
P0, tp=0, ts=0, x0=81369220
P2, tp=0, ts=0
P2, tp=0, ts=0
P2, tp=0, ts=0
P1, tp=0, ts=0
P0, tp=0, ts=0, x0=313457091
P0, tp=0, ts=0, x0=313457091
P0, tp=0, ts=0, x0=94499641
P2, tp=0, ts=0
P2, tp=0, ts=0
P2, tp=0, ts=0
P1, tp=0, ts=0
P0, tp=0, ts=0, x0=544727831
P3, tp=0, ts=0, x0=853493634
P3, tp=0, ts=0, x0=543446181
P0, tp=0, ts=0, x0=106941453
P3, tp=0, ts=0, x0=762707131
P3, tp=0, ts=0, x0=55280525
P0, tp=0, ts=0, x0=544727831
P3, tp=0, ts=0, x0=105778896
P3, tp=0, ts=0, x0=844775061
P2, tp=0, ts=0
P0, tp=0, ts=0, x0=465808655
P2, tp=0, ts=0
P1, tp=0, ts=0
P1, tp=0, ts=0
P0, tp=0, ts=0, x0=516531877
P2, tp=0, ts=0
P0, tp=0, ts=0, x0=542030928
P1, tp=0, ts=0
P1, tp=0, ts=0
P3, tp=0, ts=0, x0=332126636
P1, tp=0, ts=0
P2, tp=0, ts=0
P2, tp=0, ts=0
P1, tp=0, ts=0
P3, tp=0, ts=0, x0=880486985
P3, tp=0, ts=0, x0=810563610
P2, tp=0, ts=0
P0, tp=0, ts=0, x0=313457091
P0, tp=0, ts=0, x0=425981549
P3, tp=0, ts=0, x0=454158356
P1, tp=0, ts=0
P1, tp=0, ts=0
P1, tp=0, ts=0
P1, tp=0, ts=0
P1, tp=0, ts=0
P0, tp=0, ts=0, x0=386218870
P3, tp=0, ts=0, x0=870342687
P1, tp=0, ts=0
P1, tp=0, ts=0
P2, tp=0, ts=0
P3, tp=0, ts=0, x0=912462831
P2, tp=0, ts=0
P1, tp=0, ts=0
P3, tp=0, ts=0, x0=74160210
P0, tp=0, ts=0, x0=377301598
P0, tp=0, ts=0, x0=516531877
P1, tp=0, ts=0
P2, tp=0, ts=0
P3, tp=0, ts=0, x0=81369220
P3, tp=0, ts=0, x0=786956212
P2, tp=0, ts=0
P0, tp=0, ts=0, x0=148737049
P1, tp=0, ts=0
P0, tp=0, ts=0, x0=853493634
P0, tp=0, ts=0, x0=407155559
P3, tp=0, ts=0, x0=950610789
P1, tp=0, ts=0
P0, tp=0, ts=0, x0=106941453
P0, tp=0, ts=0, x0=70079853
P0, tp=0, ts=0, x0=661315407
P2, tp=0, ts=0
P3, tp=0, ts=0, x0=256810040
P2, tp=0, ts=0
P3, tp=0, ts=0, x0=105778896
P2, tp=0, ts=0
P1, tp=0, ts=0
P1, tp=0, ts=0
P2, tp=0, ts=0
P1, tp=0, ts=0
P2, tp=0, ts=0
P0, tp=0, ts=0, x0=662247677
P0, tp=0, ts=0, x0=445931084
P3, tp=0, ts=0, x0=762707131
P1, tp=0, ts=0
P1, tp=0, ts=0
P2, tp=0, ts=0
P2, tp=0, ts=0
P2, tp=0, ts=0
P2, tp=0, ts=0
P3, tp=0, ts=0, x0=250756106
P2, tp=0, ts=0
P1, tp=0, ts=0
P2, tp=0, ts=0
P2, tp=0, ts=0
P0, tp=0, ts=0, x0=828462232
P3, tp=0, ts=0, x0=762707131
P2, tp=0, ts=0
P2, tp=0, ts=0
P1, tp=0, ts=0
P3, tp=0, ts=0, x0=105778896
P3, tp=0, ts=0, x0=425981549
P3, tp=0, ts=0, x0=661315407
P2, tp=0, ts=0
P3, tp=0, ts=0, x0=223385425
P3, tp=0, ts=0, x0=844775061
P2, tp=0, ts=0
P3, tp=0, ts=0, x0=830974476
P2, tp=0, ts=0
P2, tp=0, ts=0
P3, tp=0, ts=0, x0=662247677
P0, tp=0, ts=0, x0=810563610
P2, tp=0, ts=0
P0, tp=0, ts=0, x0=34926075
P1, tp=0, ts=0
P0, tp=0, ts=0, x0=950610789
P3, tp=0, ts=0, x0=332126636
P1, tp=0, ts=0
P0, tp=0, ts=0, x0=405073702
P2, tp=0, ts=0
P0, tp=0, ts=0, x0=55280525
P0, tp=0, ts=0, x0=828462232
P0, tp=0, ts=0, x0=795096276
P1, tp=0, ts=0
P2, tp=0, ts=0
P3, tp=0, ts=0, x0=838990526
P0, tp=0, ts=0, x0=72765936
P3, tp=0, ts=0, x0=950610789
P3, tp=0, ts=0, x0=661315407
P0, tp=0, ts=0, x0=516531877
P0, tp=0, ts=0, x0=828462232
P2, tp=0, ts=0
P2, tp=0, ts=0
P2, tp=0, ts=0
P3, tp=0, ts=0, x0=382513159
P0, tp=0, ts=0, x0=382513159
P3, tp=0, ts=0, x0=81369220
P2, tp=0, ts=0
P1, tp=0, ts=0
P0, tp=0, ts=0, x0=55280525
P2, tp=0, ts=0
P3, tp=0, ts=0, x0=779518832
P3, tp=0, ts=0, x0=759454589
P1, tp=0, ts=0
P1, tp=0, ts=0
P2, tp=0, ts=0
P2, tp=0, ts=0
P1, tp=0, ts=0
P3, tp=0, ts=0, x0=880486985
P3, tp=0, ts=0, x0=136297361
P2, tp=0, ts=0
P0, tp=0, ts=0, x0=950610789
P1, tp=0, ts=0
P2, tp=0, ts=0
P2, tp=0, ts=0
P3, tp=0, ts=0, x0=810563610
P0, tp=0, ts=0, x0=256810040
P3, tp=0, ts=0, x0=465808655
P2, tp=0, ts=0
P1, tp=0, ts=0
P2, tp=0, ts=0
P0, tp=0, ts=0, x0=136297361
P0, tp=0, ts=0, x0=729133951
P3, tp=0, ts=0, x0=859632277
P3, tp=0, ts=0, x0=492644216
P3, tp=0, ts=0, x0=228331474
P3, tp=0, ts=0, x0=492644216
P1, tp=0, ts=0
P3, tp=0, ts=0, x0=844775061
P0, tp=0, ts=0, x0=223385425
P0, tp=0, ts=0, x0=70079853
P2, tp=0, ts=0
P2, tp=0, ts=0
P3, tp=0, ts=0, x0=169689981
P3, tp=0, ts=0, x0=844775061
P0, tp=0, ts=0, x0=6965810
P1, tp=0, ts=0
P0, tp=0, ts=0, x0=465808655
P3, tp=0, ts=0, x0=94499641
P0, tp=0, ts=0, x0=492644216
P2, tp=0, ts=0
P1, tp=0, ts=0
P3, tp=0, ts=0, x0=779518832
P3, tp=0, ts=0, x0=373321178
P1, tp=0, ts=0
P1, tp=0, ts=0
P1, tp=0, ts=0
P2, tp=0, ts=0
P0, tp=0, ts=0, x0=148737049
P0, tp=0, ts=0, x0=313457091
P3, tp=0, ts=0, x0=606967315
P1, tp=0, ts=0
P3, tp=0, ts=0, x0=74160210
P3, tp=0, ts=0, x0=880486985
P3, tp=0, ts=0, x0=313457091
P1, tp=0, ts=0
P3, tp=0, ts=0, x0=407155559
P2, tp=0, ts=0
P0, tp=0, ts=0, x0=661315407
P1, tp=0, ts=0
P2, tp=0, ts=0
P0, tp=0, ts=0, x0=965469729
P0, tp=0, ts=0, x0=229017227
P3, tp=0, ts=0, x0=454158356
P0, tp=0, ts=0, x0=555916203
P3, tp=0, ts=0, x0=223385425
P0, tp=0, ts=0, x0=18709334
P3, tp=0, ts=0, x0=706859224
P1, tp=0, ts=0
P3, tp=0, ts=0, x0=795096276
P2, tp=0, ts=0
P1, tp=0, ts=0
P0, tp=0, ts=0, x0=870269555
P2, tp=0, ts=0
P1, tp=0, ts=0
P2, tp=0, ts=0
P3, tp=0, ts=0, x0=223385425
P2, tp=0, ts=0
P2, tp=0, ts=0
P2, tp=0, ts=0
P0, tp=0, ts=0, x0=425981549
P0, tp=0, ts=0, x0=106941453
P2, tp=0, ts=0
P2, tp=0, ts=0
P2, tp=0, ts=0
P3, tp=0, ts=0, x0=830974476
P3, tp=0, ts=0, x0=583930965
P0, tp=0, ts=0, x0=445931084
P1, tp=0, ts=0
P3, tp=0, ts=0, x0=55280525
P0, tp=0, ts=0, x0=250756106
P1, tp=0, ts=0
P2, tp=0, ts=0
P0, tp=0, ts=0, x0=665429171
P2, tp=0, ts=0
P3, tp=0, ts=0, x0=541053556
P0, tp=0, ts=0, x0=136297361
P2, tp=0, ts=0
P1, tp=0, ts=0
P1, tp=0, ts=0
P1, tp=0, ts=0
P3, tp=0, ts=0, x0=706859224
P0, tp=0, ts=0, x0=6965810
P1, tp=0, ts=0
P1, tp=0, ts=0
P3, tp=0, ts=0, x0=74160210
P3, tp=0, ts=0, x0=508738113
P0, tp=0, ts=0, x0=445931084
P0, tp=0, ts=0, x0=661315407
P0, tp=0, ts=0, x0=706859224
P2, tp=0, ts=0
P1, tp=0, ts=0
P2, tp=0, ts=0
P3, tp=0, ts=0, x0=373321178
P0, tp=0, ts=0, x0=542030928
P2, tp=0, ts=0
P2, tp=0, ts=0
P0, tp=0, ts=0, x0=555228030
P3, tp=0, ts=0, x0=106941453
P2, tp=0, ts=0
P3, tp=0, ts=0, x0=844775061
P1, tp=0, ts=0
P2, tp=0, ts=0
P0, tp=0, ts=0, x0=786956212
P3, tp=0, ts=0, x0=456228543
P0, tp=0, ts=0, x0=880892020
P3, tp=0, ts=0, x0=965469729
P2, tp=0, ts=0
P3, tp=0, ts=0, x0=6965810
P3, tp=0, ts=0, x0=454158356
P3, tp=0, ts=0, x0=785772839
P3, tp=0, ts=0, x0=965469729
P3, tp=0, ts=0, x0=136297361
P3, tp=0, ts=0, x0=880486985
P2, tp=0, ts=0
P3, tp=0, ts=0, x0=463275880
P3, tp=0, ts=0, x0=606967315
P1, tp=0, ts=0
P2, tp=0, ts=0
P1, tp=0, ts=0
P1, tp=0, ts=0
P1, tp=0, ts=0
P3, tp=0, ts=0, x0=256810040
P1, tp=0, ts=0
P2, tp=0, ts=0
P0, tp=0, ts=0, x0=136297361
P1, tp=0, ts=0
P0, tp=0, ts=0, x0=543446181
P3, tp=0, ts=0, x0=250756106
P1, tp=0, ts=0
P0, tp=0, ts=0, x0=870342687
P0, tp=0, ts=0, x0=830974476
P0, tp=0, ts=0, x0=18709334
P3, tp=0, ts=0, x0=810563610
P2, tp=0, ts=0
P3, tp=0, ts=0, x0=72765936
P1, tp=0, ts=0
P1, tp=0, ts=0
P0, tp=0, ts=0, x0=136297361
P3, tp=0, ts=0, x0=445931084
P2, tp=0, ts=0
P2, tp=0, ts=0
P1, tp=0, ts=0
P2, tp=0, ts=0
P1, tp=0, ts=0
P3, tp=0, ts=0, x0=542030928
P2, tp=0, ts=0
P3, tp=0, ts=0, x0=409642959
P1, tp=0, ts=0
P2, tp=0, ts=0
P1, tp=0, ts=0
P0, tp=0, ts=0, x0=541053556
P0, tp=0, ts=0, x0=544727831
P0, tp=0, ts=0, x0=516531877
P0, tp=0, ts=0, x0=665429171
P3, tp=0, ts=0, x0=223385425
P0, tp=0, ts=0, x0=542030928
P2, tp=0, ts=0
P3, tp=0, ts=0, x0=105778896
P3, tp=0, ts=0, x0=661315407
P2, tp=0, ts=0
P1, tp=0, ts=0
P3, tp=0, ts=0, x0=377301598
P2, tp=0, ts=0
P0, tp=0, ts=0, x0=606967315
P0, tp=0, ts=0, x0=583930965
P3, tp=0, ts=0, x0=409642959
P0, tp=0, ts=0, x0=433927947
P2, tp=0, ts=0
P1, tp=0, ts=0
P2, tp=0, ts=0
P1, tp=0, ts=0
P0, tp=0, ts=0, x0=432517481
P1, tp=0, ts=0
P1, tp=0, ts=0
P3, tp=0, ts=0, x0=106941453
P2, tp=0, ts=0
P1, tp=0, ts=0
P3, tp=0, ts=0, x0=492644216
P0, tp=0, ts=0, x0=256810040
P1, tp=0, ts=0
P2, tp=0, ts=0
P3, tp=0, ts=0, x0=34926075
P3, tp=0, ts=0, x0=136297361
P0, tp=0, ts=0, x0=880486985
P0, tp=0, ts=0, x0=454158356
P3, tp=0, ts=0, x0=223385425
P2, tp=0, ts=0
P3, tp=0, ts=0, x0=662247677
P1, tp=0, ts=0
P0, tp=0, ts=0, x0=456228543
P2, tp=0, ts=0
P1, tp=0, ts=0
P2, tp=0, ts=0
P0, tp=0, ts=0, x0=583930965
P1, tp=0, ts=0
P3, tp=0, ts=0, x0=419415290
P0, tp=0, ts=0, x0=661315407
P3, tp=0, ts=0, x0=81369220
P1, tp=0, ts=0
P1, tp=0, ts=0
P3, tp=0, ts=0, x0=128006762
P2, tp=0, ts=0
P0, tp=0, ts=0, x0=606967315
P2, tp=0, ts=0
P0, tp=0, ts=0, x0=786956212
P1, tp=0, ts=0
P2, tp=0, ts=0
P1, tp=0, ts=0
P3, tp=0, ts=0, x0=795096276
P0, tp=0, ts=0, x0=465808655
P3, tp=0, ts=0, x0=870269555
P3, tp=0, ts=0, x0=555916203
P2, tp=0, ts=0
P3, tp=0, ts=0, x0=81369220
P2, tp=0, ts=0
P3, tp=0, ts=0, x0=445931084
P0, tp=0, ts=0, x0=141336768
P0, tp=0, ts=0, x0=508738113
P1, tp=0, ts=0
P2, tp=0, ts=0
P1, tp=0, ts=0
P1, tp=0, ts=0
P1, tp=0, ts=0
P1, tp=0, ts=0
P3, tp=0, ts=0, x0=555916203
P0, tp=0, ts=0, x0=454158356
P3, tp=0, ts=0, x0=517181016
P0, tp=0, ts=0, x0=465808655
P2, tp=0, ts=0
P0, tp=0, ts=0, x0=106941453
P0, tp=0, ts=0, x0=665429171
P1, tp=0, ts=0
P2, tp=0, ts=0
P1, tp=0, ts=0
P2, tp=0, ts=0
P0, tp=0, ts=0, x0=795096276
P1, tp=0, ts=0
P3, tp=0, ts=0, x0=55280525
P1, tp=0, ts=0
P3, tp=0, ts=0, x0=169689981
P2, tp=0, ts=0
P1, tp=0, ts=0
P3, tp=0, ts=0, x0=128006762
P0, tp=0, ts=0, x0=465808655
P2, tp=0, ts=0
P1, tp=0, ts=0
P3, tp=0, ts=0, x0=880892020
P0, tp=0, ts=0, x0=759454589
P0, tp=0, ts=0, x0=828462232
P1, tp=0, ts=0
P0, tp=0, ts=0, x0=394839740
P1, tp=0, ts=0
P1, tp=0, ts=0
P2, tp=0, ts=0
P2, tp=0, ts=0
P3, tp=0, ts=0, x0=433927947
P3, tp=0, ts=0, x0=445931084
P2, tp=0, ts=0
P3, tp=0, ts=0, x0=880892020
P3, tp=0, ts=0, x0=998984465
P2, tp=0, ts=0
P1, tp=0, ts=0
P0, tp=0, ts=0, x0=107019939
P0, tp=0, ts=0, x0=256810040
P3, tp=0, ts=0, x0=223385425
P3, tp=0, ts=0, x0=229017227
P3, tp=0, ts=0, x0=18175165
P2, tp=0, ts=0
P1, tp=0, ts=0
P0, tp=0, ts=0, x0=544727831
P3, tp=0, ts=0, x0=81369220
P3, tp=0, ts=0, x0=870269555
P1, tp=0, ts=0
P2, tp=0, ts=0
P2, tp=0, ts=0
P1, tp=0, ts=0
P0, tp=0, ts=0, x0=141336768
P0, tp=0, ts=0, x0=394839740
P1, tp=0, ts=0
P2, tp=0, ts=0
P1, tp=0, ts=0
P3, tp=0, ts=0, x0=870342687
P2, tp=0, ts=0
P1, tp=0, ts=0
P1, tp=0, ts=0
P3, tp=0, ts=0, x0=838990526
P3, tp=0, ts=0, x0=34926075
P1, tp=0, ts=0
P3, tp=0, ts=0, x0=947669864
P3, tp=0, ts=0, x0=106941453
P0, tp=0, ts=0, x0=541053556
P1, tp=0, ts=0
P1, tp=0, ts=0
P2, tp=0, ts=0
P2, tp=0, ts=0
P1, tp=0, ts=0
P1, tp=0, ts=0
P3, tp=0, ts=0, x0=555228030
P0, tp=0, ts=0, x0=555916203
P3, tp=0, ts=0, x0=912462831
P3, tp=0, ts=0, x0=662247677
P1, tp=0, ts=0
P2, tp=0, ts=0
P1, tp=0, ts=0
P2, tp=0, ts=0
P2, tp=0, ts=0
P0, tp=0, ts=0, x0=407155559
P0, tp=0, ts=0, x0=870269555
P1, tp=0, ts=0
P2, tp=0, ts=0
P3, tp=0, ts=0, x0=830974476
P1, tp=0, ts=0
P1, tp=0, ts=0
P0, tp=0, ts=0, x0=409642959
P3, tp=0, ts=0, x0=223385425
P2, tp=0, ts=0
P2, tp=0, ts=0
P0, tp=0, ts=0, x0=729133951
P1, tp=0, ts=0
P2, tp=0, ts=0
P0, tp=0, ts=0, x0=606113143
P1, tp=0, ts=0
P0, tp=0, ts=0, x0=405073702
P1, tp=0, ts=0
P0, tp=0, ts=0, x0=18175165
P3, tp=0, ts=0, x0=445931084
P3, tp=0, ts=0, x0=136297361
P3, tp=0, ts=0, x0=555916203
P3, tp=0, ts=0, x0=828462232
P0, tp=0, ts=0, x0=947669864
P0, tp=0, ts=0, x0=786956212
P0, tp=0, ts=0, x0=173189939
P3, tp=0, ts=0, x0=517181016
P1, tp=0, ts=0
P2, tp=0, ts=0
P3, tp=0, ts=0, x0=173189939
P1, tp=0, ts=0
P1, tp=0, ts=0
P1, tp=0, ts=0
P1, tp=0, ts=0
P3, tp=0, ts=0, x0=377301598
P3, tp=0, ts=0, x0=749355510
P1, tp=0, ts=0
P0, tp=0, ts=0, x0=661315407
P2, tp=0, ts=0
P2, tp=0, ts=0
P2, tp=0, ts=0
P0, tp=0, ts=0, x0=6965810
P1, tp=0, ts=0
P1, tp=0, ts=0
P1, tp=0, ts=0
P2, tp=0, ts=0
P1, tp=0, ts=0
P0, tp=0, ts=0, x0=814380618
P2, tp=0, ts=0
P2, tp=0, ts=0
P0, tp=0, ts=0, x0=34926075
P0, tp=0, ts=0, x0=555228030
P2, tp=0, ts=0
P1, tp=0, ts=0
P2, tp=0, ts=0
P2, tp=0, ts=0
P0, tp=0, ts=0, x0=405073702
P3, tp=0, ts=0, x0=81369220
P0, tp=0, ts=0, x0=950610789
P2, tp=0, ts=0
P2, tp=0, ts=0
P2, tp=0, ts=0
P3, tp=0, ts=0, x0=463275880
P2, tp=0, ts=0
P1, tp=0, ts=0
P0, tp=0, ts=0, x0=106941453
P2, tp=0, ts=0
P3, tp=0, ts=0, x0=407155559
P3, tp=0, ts=0, x0=74160210
P3, tp=0, ts=0, x0=465808655
P2, tp=0, ts=0
P3, tp=0, ts=0, x0=924281823
P3, tp=0, ts=0, x0=74160210
P2, tp=0, ts=0
P2, tp=0, ts=0
P3, tp=0, ts=0, x0=70079853
P1, tp=0, ts=0
P3, tp=0, ts=0, x0=415400826
P2, tp=0, ts=0
P0, tp=0, ts=0, x0=947669864
P0, tp=0, ts=0, x0=814380618
P2, tp=0, ts=0
P2, tp=0, ts=0
P1, tp=0, ts=0
P3, tp=0, ts=0, x0=844775061
P2, tp=0, ts=0
P0, tp=0, ts=0, x0=136297361
P3, tp=0, ts=0, x0=838990526
P1, tp=0, ts=0
P0, tp=0, ts=0, x0=377301598
P1, tp=0, ts=0
P3, tp=0, ts=0, x0=516531877
P0, tp=0, ts=0, x0=662247677
P0, tp=0, ts=0, x0=107019939
P1, tp=0, ts=0
P2, tp=0, ts=0
P1, tp=0, ts=0
P2, tp=0, ts=0
P1, tp=0, ts=0
P0, tp=0, ts=0, x0=74160210
P2, tp=0, ts=0
P0, tp=0, ts=0, x0=912462831
P3, tp=0, ts=0, x0=880486985
P0, tp=0, ts=0, x0=838990526
P2, tp=0, ts=0
P3, tp=0, ts=0, x0=74160210
P3, tp=0, ts=0, x0=256810040
P2, tp=0, ts=0
P1, tp=0, ts=0
P3, tp=0, ts=0, x0=433927947
P0, tp=0, ts=0, x0=880486985
P0, tp=0, ts=0, x0=454158356
P3, tp=0, ts=0, x0=555228030
P2, tp=0, ts=0
P2, tp=0, ts=0
P3, tp=0, ts=0, x0=729133951
P0, tp=0, ts=0, x0=606967315
P3, tp=0, ts=0, x0=749355510
P3, tp=0, ts=0, x0=415400826
P1, tp=0, ts=0
P3, tp=0, ts=0, x0=854726929
P1, tp=0, ts=0
P0, tp=0, ts=0, x0=456228543
P2, tp=0, ts=0
P0, tp=0, ts=0, x0=228331474
P3, tp=0, ts=0, x0=72765936
P1, tp=0, ts=0
P3, tp=0, ts=0, x0=432517481
P0, tp=0, ts=0, x0=81369220
P0, tp=0, ts=0, x0=415400826
P3, tp=0, ts=0, x0=433927947
P3, tp=0, ts=0, x0=55280525
P2, tp=0, ts=0
P1, tp=0, ts=0
P2, tp=1, ts=1
P3, tp=1, ts=1, x0=662247677
P2, tp=1, ts=1
P1, tp=1, ts=1
P3, tp=1, ts=1, x0=433927947
P2, tp=1, ts=1
P2, tp=1, ts=1
P2, tp=1, ts=1
P0, tp=1, ts=1, x0=417410914
P1, tp=1, ts=1
P1, tp=1, ts=1
P3, tp=1, ts=1, x0=313457091
P1, tp=1, ts=1
P2, tp=1, ts=1
P1, tp=1, ts=1
P2, tp=1, ts=1
P2, tp=1, ts=1
P2, tp=1, ts=1
P3, tp=1, ts=1, x0=555916203
P1, tp=1, ts=1
P2, tp=1, ts=1
P1, tp=1, ts=1
P3, tp=1, ts=1, x0=465808655
P3, tp=1, ts=1, x0=250756106
P3, tp=1, ts=1, x0=465808655
P0, tp=1, ts=1, x0=541053556
P3, tp=1, ts=1, x0=373321178
P1, tp=1, ts=1
P2, tp=1, ts=1
P2, tp=1, ts=1
P2, tp=1, ts=1
P2, tp=1, ts=1
P0, tp=1, ts=1, x0=853493634
P2, tp=1, ts=1
P2, tp=1, ts=1
P2, tp=1, ts=1
P3, tp=1, ts=1, x0=662247677
P3, tp=1, ts=1, x0=473237444
P1, tp=1, ts=1
P3, tp=1, ts=1, x0=107019939
P0, tp=1, ts=1, x0=256810040
P0, tp=1, ts=1, x0=427056016
P1, tp=1, ts=1
P2, tp=1, ts=1
P3, tp=1, ts=1, x0=987977057
P3, tp=1, ts=1, x0=542030928
P2, tp=1, ts=1
P3, tp=1, ts=1, x0=6965810
P3, tp=1, ts=1, x0=393972662
P0, tp=1, ts=1, x0=859632277
P0, tp=1, ts=1, x0=810563610
P1, tp=1, ts=1
P3, tp=1, ts=1, x0=373000334
P3, tp=1, ts=1, x0=965469729
P0, tp=1, ts=1, x0=636752185
P3, tp=1, ts=1, x0=870342687
P0, tp=1, ts=1, x0=74160210
P0, tp=1, ts=1, x0=417410914
P1, tp=1, ts=1
P2, tp=1, ts=1
P3, tp=1, ts=1, x0=427056016
P3, tp=1, ts=1, x0=555228030
P3, tp=1, ts=1, x0=94499641
P3, tp=1, ts=1, x0=786956212
P2, tp=1, ts=1
P3, tp=1, ts=1, x0=998984465
P0, tp=1, ts=1, x0=508738113
P1, tp=1, ts=1
P3, tp=1, ts=1, x0=508738113
P3, tp=1, ts=1, x0=229017227
P1, tp=1, ts=1
P3, tp=1, ts=1, x0=450586134
P3, tp=1, ts=1, x0=542030928
P1, tp=1, ts=1
P1, tp=1, ts=1
P2, tp=1, ts=1
P1, tp=1, ts=1
P0, tp=1, ts=1, x0=636752185
P0, tp=1, ts=1, x0=830974476
P2, tp=1, ts=1
P0, tp=1, ts=1, x0=427056016
P0, tp=1, ts=1, x0=377301598
P0, tp=1, ts=1, x0=854726929
P1, tp=1, ts=1
P2, tp=1, ts=1
P0, tp=1, ts=1, x0=256810040
P0, tp=1, ts=1, x0=830974476
P3, tp=1, ts=1, x0=33284441
P2, tp=1, ts=1
P2, tp=1, ts=1
P0, tp=1, ts=1, x0=222780371
P0, tp=1, ts=1, x0=555228030
P3, tp=1, ts=1, x0=838990526
P3, tp=1, ts=1, x0=419415290
P2, tp=1, ts=1
P3, tp=1, ts=1, x0=987977057
P2, tp=1, ts=1
P1, tp=1, ts=1
P0, tp=1, ts=1, x0=454158356
P1, tp=1, ts=1
P3, tp=1, ts=1, x0=998984465
P3, tp=1, ts=1, x0=463275880
P2, tp=1, ts=1
P3, tp=1, ts=1, x0=880486985
P2, tp=1, ts=1
P0, tp=1, ts=1, x0=795096276
P2, tp=1, ts=1
P1, tp=1, ts=1
P0, tp=1, ts=1, x0=749673439
P3, tp=1, ts=1, x0=18709334
P1, tp=1, ts=1
P3, tp=1, ts=1, x0=870269555
P3, tp=1, ts=1, x0=779518832
P0, tp=1, ts=1, x0=583930965
P0, tp=1, ts=1, x0=107019939
P1, tp=1, ts=1
P1, tp=1, ts=1
P2, tp=1, ts=1
P3, tp=1, ts=1, x0=107019939
P1, tp=1, ts=1
P1, tp=1, ts=1
P1, tp=1, ts=1
P0, tp=1, ts=1, x0=880486985
P3, tp=1, ts=1, x0=432517481
P2, tp=1, ts=1
P0, tp=1, ts=1, x0=417410914
P3, tp=1, ts=1, x0=517181016
P0, tp=1, ts=1, x0=386218870
P0, tp=1, ts=1, x0=543446181
P3, tp=1, ts=1, x0=18175165
P0, tp=1, ts=1, x0=516531877
P1, tp=1, ts=1
P2, tp=1, ts=1
P3, tp=1, ts=1, x0=912462831
P0, tp=1, ts=1, x0=228331474
P2, tp=1, ts=1
P1, tp=1, ts=1
P1, tp=1, ts=1
P3, tp=1, ts=1, x0=445931084
P0, tp=1, ts=1, x0=870269555
P3, tp=1, ts=1, x0=854726929
P1, tp=1, ts=1
P3, tp=1, ts=1, x0=382513159
P2, tp=1, ts=1
P2, tp=1, ts=1
P2, tp=1, ts=1
P0, tp=1, ts=1, x0=785772839
P0, tp=1, ts=1, x0=870342687
P0, tp=1, ts=1, x0=950610789
P2, tp=1, ts=1
P2, tp=1, ts=1
P1, tp=1, ts=1
P2, tp=1, ts=1
P0, tp=1, ts=1, x0=445931084
P2, tp=1, ts=1
P1, tp=1, ts=1
P0, tp=1, ts=1, x0=417410914
P0, tp=1, ts=1, x0=136297361
P3, tp=1, ts=1, x0=729133951
P0, tp=1, ts=1, x0=136297361
P3, tp=1, ts=1, x0=473237444
P2, tp=1, ts=1
P3, tp=1, ts=1, x0=105778896
P1, tp=1, ts=1
P1, tp=1, ts=1
P1, tp=1, ts=1
P1, tp=1, ts=1
P1, tp=1, ts=1
P2, tp=1, ts=1
P2, tp=1, ts=1
P2, tp=1, ts=1
P0, tp=1, ts=1, x0=555916203
P2, tp=1, ts=1
P1, tp=1, ts=1
P3, tp=1, ts=1, x0=463275880
P3, tp=1, ts=1, x0=880892020
P1, tp=1, ts=1
P2, tp=1, ts=1
P3, tp=1, ts=1, x0=72765936
P0, tp=1, ts=1, x0=665429171
P0, tp=1, ts=1, x0=543446181
P1, tp=1, ts=1
P1, tp=1, ts=1
P0, tp=1, ts=1, x0=136297361
P2, tp=1, ts=1
P3, tp=1, ts=1, x0=250756106
P3, tp=1, ts=1, x0=445931084
P0, tp=1, ts=1, x0=947669864
P2, tp=1, ts=1
P0, tp=1, ts=1, x0=105778896
P2, tp=1, ts=1
P1, tp=1, ts=1
P3, tp=1, ts=1, x0=844775061
P2, tp=1, ts=1
P0, tp=1, ts=1, x0=880892020
P1, tp=1, ts=1
P1, tp=1, ts=1
P1, tp=1, ts=1
P0, tp=1, ts=1, x0=606113143
P3, tp=1, ts=1, x0=332126636
P1, tp=1, ts=1
P0, tp=1, ts=1, x0=33284441
P2, tp=1, ts=1
P2, tp=1, ts=1
P3, tp=1, ts=1, x0=11948039
P2, tp=1, ts=1
P1, tp=1, ts=1
P2, tp=1, ts=1
P3, tp=1, ts=1, x0=706859224
P2, tp=1, ts=1
P1, tp=1, ts=1
P2, tp=1, ts=1
P3, tp=1, ts=1, x0=81369220
P1, tp=1, ts=1
P0, tp=1, ts=1, x0=72765936
P1, tp=1, ts=1
P2, tp=1, ts=1
P1, tp=1, ts=1
P2, tp=1, ts=1
P0, tp=1, ts=1, x0=256810040
P0, tp=1, ts=1, x0=55280525
P0, tp=1, ts=1, x0=749355510
P1, tp=1, ts=1
P2, tp=1, ts=1
P0, tp=1, ts=1, x0=302635539
P1, tp=1, ts=1
P1, tp=1, ts=1
P0, tp=1, ts=1, x0=795096276
P1, tp=1, ts=1
P3, tp=1, ts=1, x0=409642959
P3, tp=1, ts=1, x0=94499641
P2, tp=1, ts=1
P2, tp=1, ts=1
P1, tp=1, ts=1
P2, tp=1, ts=1
P0, tp=1, ts=1, x0=202410300
P2, tp=1, ts=1
P0, tp=1, ts=1, x0=543446181
P0, tp=1, ts=1, x0=762707131
P2, tp=1, ts=1
P1, tp=1, ts=1
P2, tp=1, ts=1
P1, tp=1, ts=1
P1, tp=1, ts=1
P1, tp=1, ts=1
P0, tp=1, ts=1, x0=516531877
P2, tp=1, ts=1
P1, tp=1, ts=1
P0, tp=1, ts=1, x0=417410914
P1, tp=1, ts=1
P2, tp=1, ts=1
P1, tp=1, ts=1
P2, tp=1, ts=1
P0, tp=1, ts=1, x0=456228543
P1, tp=1, ts=1
P2, tp=1, ts=1
P2, tp=1, ts=1
P1, tp=1, ts=1
P1, tp=1, ts=1
P3, tp=1, ts=1, x0=706859224
P2, tp=1, ts=1
P0, tp=1, ts=1, x0=733508601
P1, tp=1, ts=1
P3, tp=1, ts=1, x0=202410300
P3, tp=1, ts=1, x0=987977057
P2, tp=1, ts=1
P1, tp=1, ts=1
P1, tp=1, ts=1
P1, tp=1, ts=1
P3, tp=1, ts=1, x0=606113143
P1, tp=1, ts=1
P1, tp=1, ts=1
P0, tp=1, ts=1, x0=785772839
P2, tp=1, ts=1
P1, tp=1, ts=1
P0, tp=1, ts=1, x0=828462232
P3, tp=1, ts=1, x0=965469729
P1, tp=1, ts=1
P2, tp=1, ts=1
P1, tp=1, ts=1
P0, tp=1, ts=1, x0=313457091
P2, tp=1, ts=1
P0, tp=1, ts=1, x0=583930965
P1, tp=1, ts=1
P0, tp=1, ts=1, x0=377301598
P1, tp=1, ts=1
P2, tp=1, ts=1
P1, tp=1, ts=1
P2, tp=1, ts=1
P1, tp=1, ts=1
P1, tp=1, ts=1
P1, tp=1, ts=1
P0, tp=1, ts=1, x0=733508601
P0, tp=1, ts=1, x0=473237444
P2, tp=1, ts=1
P0, tp=1, ts=1, x0=541053556
P2, tp=1, ts=1
P1, tp=1, ts=1
P1, tp=1, ts=1
P2, tp=1, ts=1
P0, tp=1, ts=1, x0=419415290
P1, tp=1, ts=1
P0, tp=1, ts=1, x0=386218870
P2, tp=1, ts=1
P1, tp=1, ts=1
P2, tp=1, ts=1
P2, tp=1, ts=1
P2, tp=1, ts=1
P3, tp=1, ts=1, x0=947669864
P2, tp=1, ts=1
P0, tp=1, ts=1, x0=250756106
P1, tp=1, ts=1
P2, tp=1, ts=1
P1, tp=1, ts=1
P1, tp=1, ts=1
P3, tp=1, ts=1, x0=706859224
P1, tp=1, ts=1
P3, tp=1, ts=1, x0=34926075
P2, tp=1, ts=1
P1, tp=1, ts=1
P2, tp=1, ts=1
P3, tp=1, ts=1, x0=6965810
P2, tp=1, ts=1
P3, tp=1, ts=1, x0=74160210
P2, tp=1, ts=1
P0, tp=1, ts=1, x0=450586134
P0, tp=1, ts=1, x0=202410300
P1, tp=1, ts=1
P2, tp=1, ts=1
P2, tp=1, ts=1
P1, tp=1, ts=1
P3, tp=1, ts=1, x0=853493634
P1, tp=1, ts=1
P1, tp=1, ts=1
P1, tp=1, ts=1
P2, tp=1, ts=1
P0, tp=1, ts=1, x0=169689981
P3, tp=1, ts=1, x0=405965086
P1, tp=1, ts=1
P1, tp=1, ts=1
P0, tp=1, ts=1, x0=128006762
P2, tp=1, ts=1
P1, tp=1, ts=1
P2, tp=1, ts=1
P1, tp=1, ts=1
P2, tp=1, ts=1
P1, tp=1, ts=1
P1, tp=1, ts=1
P1, tp=1, ts=1
P1, tp=1, ts=1
P0, tp=1, ts=1, x0=136297361
P2, tp=1, ts=1
P0, tp=1, ts=1, x0=987977057
P3, tp=1, ts=1, x0=416374701
P3, tp=1, ts=1, x0=223385425
P2, tp=1, ts=1
P1, tp=1, ts=1
P1, tp=1, ts=1
P2, tp=1, ts=1
P2, tp=1, ts=1
P2, tp=1, ts=1
P3, tp=1, ts=1, x0=795096276
P0, tp=1, ts=1, x0=256810040
P1, tp=1, ts=1
P3, tp=1, ts=1, x0=106941453
P0, tp=1, ts=1, x0=72765936
P0, tp=1, ts=1, x0=412471048
P2, tp=1, ts=1
P0, tp=1, ts=1, x0=377301598
P3, tp=1, ts=1, x0=903421800
P0, tp=1, ts=1, x0=508738113
P1, tp=1, ts=1
P0, tp=1, ts=1, x0=555916203
P2, tp=1, ts=1
P2, tp=1, ts=1
P2, tp=1, ts=1
P0, tp=1, ts=1, x0=94499641
P0, tp=1, ts=1, x0=313457091
P1, tp=1, ts=1
P3, tp=1, ts=1, x0=492644216
P1, tp=1, ts=1
P1, tp=1, ts=1
P2, tp=1, ts=1
P0, tp=1, ts=1, x0=786956212
P2, tp=1, ts=1
P3, tp=1, ts=1, x0=256810040
P0, tp=1, ts=1, x0=912462831
P3, tp=1, ts=1, x0=18709334
P0, tp=1, ts=1, x0=382513159
P1, tp=1, ts=1
P0, tp=1, ts=1, x0=407155559
P3, tp=1, ts=1, x0=72765936
P1, tp=1, ts=1
P0, tp=1, ts=1, x0=128006762
P1, tp=1, ts=1
P1, tp=1, ts=1
P1, tp=1, ts=1
P0, tp=1, ts=1, x0=706859224
P2, tp=1, ts=1
P0, tp=1, ts=1, x0=229017227
P0, tp=1, ts=1, x0=94499641
P2, tp=1, ts=1
P0, tp=1, ts=1, x0=543446181
P1, tp=1, ts=1
P2, tp=1, ts=1
P3, tp=1, ts=1, x0=73363563
P1, tp=1, ts=1
P2, tp=1, ts=1
P0, tp=1, ts=1, x0=473237444
P0, tp=1, ts=1, x0=870269555
P3, tp=1, ts=1, x0=706859224
P2, tp=1, ts=1
P2, tp=1, ts=1
P2, tp=1, ts=1
P2, tp=1, ts=1
P0, tp=1, ts=1, x0=880892020
P0, tp=1, ts=1, x0=912462831
P1, tp=1, ts=1
P3, tp=1, ts=1, x0=107019939
P1, tp=1, ts=1
P0, tp=1, ts=1, x0=463275880
P2, tp=1, ts=1
P0, tp=1, ts=1, x0=229017227
P2, tp=1, ts=1
P1, tp=1, ts=1
P1, tp=1, ts=1
P0, tp=1, ts=1, x0=11948039
P0, tp=1, ts=1, x0=662247677
P2, tp=1, ts=1
P3, tp=1, ts=1, x0=606113143
P0, tp=1, ts=1, x0=313457091
P1, tp=1, ts=1
P2, tp=1, ts=1
P2, tp=1, ts=1
P0, tp=1, ts=1, x0=373000334
P2, tp=1, ts=1
P2, tp=1, ts=1
P1, tp=1, ts=1
P3, tp=1, ts=1, x0=785772839
P0, tp=1, ts=1, x0=136297361
P1, tp=1, ts=1
P3, tp=1, ts=1, x0=6965810
P3, tp=1, ts=1, x0=136297361
P1, tp=1, ts=1
P0, tp=1, ts=1, x0=828462232
P0, tp=1, ts=1, x0=97401002
P0, tp=1, ts=1, x0=74160210
P3, tp=1, ts=1, x0=517181016
P3, tp=1, ts=1, x0=136297361
P2, tp=1, ts=1
P2, tp=1, ts=1
P0, tp=1, ts=1, x0=854726929
P0, tp=1, ts=1, x0=433927947
P0, tp=1, ts=1, x0=228331474
P0, tp=1, ts=1, x0=463275880
P1, tp=1, ts=1
P2, tp=1, ts=1
P1, tp=1, ts=1
P2, tp=1, ts=1
P2, tp=1, ts=1
P3, tp=1, ts=1, x0=543446181
P3, tp=1, ts=1, x0=18175165
P3, tp=1, ts=1, x0=105778896
P1, tp=1, ts=1
P1, tp=1, ts=1
P0, tp=1, ts=1, x0=445931084
P3, tp=1, ts=1, x0=409642959
P1, tp=1, ts=1
P3, tp=1, ts=1, x0=314982384
P1, tp=1, ts=1
P3, tp=1, ts=1, x0=412471048
P0, tp=1, ts=1, x0=859657893
P3, tp=1, ts=1, x0=332126636
P3, tp=1, ts=1, x0=636752185
P2, tp=1, ts=1
P0, tp=1, ts=1, x0=73363563
P1, tp=1, ts=1
P3, tp=1, ts=1, x0=128006762
P3, tp=1, ts=1, x0=314982384
P2, tp=1, ts=1
P1, tp=1, ts=1
P1, tp=1, ts=1
P0, tp=1, ts=1, x0=555228030
P1, tp=1, ts=1
P2, tp=1, ts=1
P1, tp=1, ts=1
P0, tp=1, ts=1, x0=202410300
P3, tp=1, ts=1, x0=94499641
P1, tp=1, ts=1
P0, tp=1, ts=1, x0=393972662
P1, tp=1, ts=1
P1, tp=1, ts=1
P3, tp=1, ts=1, x0=706859224
P0, tp=1, ts=1, x0=250756106
P2, tp=1, ts=1
P3, tp=1, ts=1, x0=94499641
P3, tp=1, ts=1, x0=314982384
P1, tp=1, ts=1
P3, tp=1, ts=1, x0=454158356
P3, tp=1, ts=1, x0=169689981
P3, tp=1, ts=1, x0=393972662
P0, tp=1, ts=1, x0=34926075
P2, tp=1, ts=1
P1, tp=1, ts=1
P2, tp=1, ts=1
P2, tp=1, ts=1
P3, tp=1, ts=1, x0=250756106
P1, tp=1, ts=1
P3, tp=1, ts=1, x0=394839740
P2, tp=1, ts=1
P0, tp=1, ts=1, x0=136297361
P0, tp=1, ts=1, x0=432517481
P3, tp=1, ts=1, x0=924281823
P0, tp=1, ts=1, x0=854726929
P0, tp=1, ts=1, x0=749355510
P0, tp=1, ts=1, x0=516531877
P1, tp=1, ts=1
P2, tp=1, ts=1
P3, tp=1, ts=1, x0=73363563
P2, tp=1, ts=1
P0, tp=1, ts=1, x0=912462831
P0, tp=1, ts=1, x0=854726929
P2, tp=1, ts=1
P0, tp=1, ts=1, x0=405965086
P2, tp=1, ts=1
P0, tp=1, ts=1, x0=18709334
P3, tp=1, ts=1, x0=427056016
P1, tp=1, ts=1
P1, tp=1, ts=1
P2, tp=1, ts=1
P1, tp=1, ts=1
P1, tp=1, ts=1
P2, tp=1, ts=1
P1, tp=1, ts=1
P0, tp=1, ts=1, x0=419415290
P2, tp=1, ts=1
P0, tp=1, ts=1, x0=416374701
P3, tp=1, ts=1, x0=880486985
P1, tp=1, ts=1
P2, tp=1, ts=1
P3, tp=1, ts=1, x0=508738113
P3, tp=1, ts=1, x0=386218870
P2, tp=1, ts=1
P3, tp=1, ts=1, x0=749355510
P2, tp=1, ts=1
P1, tp=1, ts=1
P0, tp=1, ts=1, x0=729133951
P2, tp=1, ts=1
P2, tp=1, ts=1
P2, tp=1, ts=1
P1, tp=1, ts=1
P1, tp=1, ts=1
P2, tp=1, ts=1
P2, tp=1, ts=1
P1, tp=1, ts=1
P1, tp=1, ts=1
P2, tp=1, ts=1
P1, tp=1, ts=1
P3, tp=1, ts=1, x0=729133951
P2, tp=1, ts=1
P3, tp=1, ts=1, x0=965469729
P3, tp=1, ts=1, x0=543446181
P2, tp=1, ts=1
P3, tp=1, ts=1, x0=540011444
P3, tp=1, ts=1, x0=583930965
P1, tp=1, ts=1
P2, tp=1, ts=1
P3, tp=1, ts=1, x0=169689981
P3, tp=1, ts=1, x0=665429171
P3, tp=1, ts=1, x0=256810040
P0, tp=1, ts=1, x0=202410300
P1, tp=1, ts=1
P2, tp=1, ts=1
P1, tp=1, ts=1
P0, tp=1, ts=1, x0=302635539
P0, tp=1, ts=1, x0=228331474
P0, tp=1, ts=1, x0=427056016
P0, tp=1, ts=1, x0=661315407
P1, tp=1, ts=1
P1, tp=1, ts=1
P0, tp=1, ts=1, x0=859657893
P2, tp=1, ts=1
P2, tp=1, ts=1
P0, tp=1, ts=1, x0=665429171
P1, tp=1, ts=1
P0, tp=1, ts=1, x0=516531877
P3, tp=1, ts=1, x0=965469729
P0, tp=1, ts=1, x0=880486985
P0, tp=1, ts=1, x0=416374701
P1, tp=1, ts=1
P3, tp=1, ts=1, x0=377301598
P0, tp=1, ts=1, x0=543446181
P1, tp=1, ts=1
P3, tp=1, ts=1, x0=33284441
P3, tp=1, ts=1, x0=81369220
P1, tp=1, ts=1
P0, tp=1, ts=1, x0=378028440
P1, tp=1, ts=1
P0, tp=1, ts=1, x0=836858184
P0, tp=1, ts=1, x0=729133951
P0, tp=1, ts=1, x0=74160210
P2, tp=1, ts=1
P0, tp=1, ts=1, x0=828462232
P1, tp=1, ts=1
P3, tp=1, ts=1, x0=382513159
P3, tp=1, ts=1, x0=903421800
P0, tp=1, ts=1, x0=729133951
P1, tp=1, ts=1
P1, tp=1, ts=1
P1, tp=1, ts=1
P2, tp=1, ts=1
P1, tp=1, ts=1
P2, tp=1, ts=1
P1, tp=1, ts=1
P0, tp=1, ts=1, x0=924281823
P0, tp=1, ts=1, x0=543446181
P0, tp=1, ts=1, x0=313457091
P3, tp=1, ts=1, x0=912462831
P1, tp=1, ts=1
P1, tp=1, ts=1
P2, tp=1, ts=1
P2, tp=1, ts=1
P2, tp=1, ts=1
P0, tp=1, ts=1, x0=432517481
P1, tp=1, ts=1
P0, tp=1, ts=1, x0=314982384
P3, tp=1, ts=1, x0=814380618
P2, tp=1, ts=1
P0, tp=1, ts=1, x0=633153590
P2, tp=1, ts=1
P2, tp=1, ts=1
P0, tp=1, ts=1, x0=661315407
P3, tp=1, ts=1, x0=870342687
P0, tp=1, ts=1, x0=302635539
P3, tp=1, ts=1, x0=912462831
P1, tp=1, ts=1
P0, tp=1, ts=1, x0=250756106
P1, tp=1, ts=1
P2, tp=1, ts=1
P1, tp=1, ts=1
P1, tp=1, ts=1
P0, tp=1, ts=1, x0=543446181
P1, tp=1, ts=1
P3, tp=1, ts=1, x0=804290433
P0, tp=1, ts=1, x0=33284441
P1, tp=1, ts=1
P3, tp=1, ts=1, x0=733508601
P1, tp=1, ts=1
P1, tp=1, ts=1
P3, tp=1, ts=1, x0=222780371
P3, tp=1, ts=1, x0=73363563
P1, tp=1, ts=1
P2, tp=1, ts=1
P2, tp=1, ts=1
P0, tp=1, ts=1, x0=555916203
P0, tp=1, ts=1, x0=912462831
P2, tp=1, ts=1
P3, tp=1, ts=1, x0=555228030
P3, tp=1, ts=1, x0=965469729
P3, tp=1, ts=1, x0=377301598
P3, tp=1, ts=1, x0=34926075
P3, tp=1, ts=1, x0=492644216
P1, tp=1, ts=1
P1, tp=1, ts=1
P2, tp=1, ts=1
P0, tp=1, ts=1, x0=74160210
P0, tp=1, ts=1, x0=382513159
P0, tp=1, ts=1, x0=583930965
P2, tp=1, ts=1
P3, tp=1, ts=1, x0=965469729
P1, tp=1, ts=1
P3, tp=1, ts=1, x0=18709334
P1, tp=1, ts=1
P1, tp=1, ts=1
P3, tp=1, ts=1, x0=393972662
P3, tp=1, ts=1, x0=912462831
P0, tp=1, ts=1, x0=456228543
P3, tp=1, ts=1, x0=633153590
P1, tp=1, ts=1
P3, tp=1, ts=1, x0=302635539
P1, tp=1, ts=1
P3, tp=1, ts=1, x0=136297361
P2, tp=1, ts=1
P1, tp=1, ts=1
P1, tp=1, ts=1
P0, tp=1, ts=1, x0=555228030
P0, tp=1, ts=1, x0=709611043
P1, tp=1, ts=1
P2, tp=1, ts=1
P1, tp=1, ts=1
P1, tp=1, ts=1
P3, tp=1, ts=1, x0=830974476
P0, tp=1, ts=1, x0=18175165
P3, tp=1, ts=1, x0=473237444
P2, tp=1, ts=1
P0, tp=1, ts=1, x0=870342687
P0, tp=1, ts=1, x0=465808655
P0, tp=1, ts=1, x0=987977057
P2, tp=1, ts=1
P1, tp=1, ts=1
P3, tp=1, ts=1, x0=555916203
P2, tp=1, ts=1
P0, tp=1, ts=1, x0=762707131
P2, tp=1, ts=1
P3, tp=1, ts=1, x0=779518832
P2, tp=1, ts=1
P3, tp=1, ts=1, x0=223385425
P1, tp=1, ts=1
P3, tp=1, ts=1, x0=987977057
P0, tp=1, ts=1, x0=854726929
P0, tp=1, ts=1, x0=492644216
P0, tp=1, ts=1, x0=445931084
P1, tp=1, ts=1
P2, tp=1, ts=1
P0, tp=1, ts=1, x0=229017227
P2, tp=1, ts=1
P0, tp=1, ts=1, x0=779518832
P3, tp=1, ts=1, x0=844775061
P1, tp=1, ts=1
P1, tp=1, ts=1
P1, tp=1, ts=1
P1, tp=1, ts=1
P3, tp=1, ts=1, x0=277349066
P2, tp=1, ts=1
P2, tp=1, ts=1
P0, tp=1, ts=1, x0=234108216
P3, tp=1, ts=1, x0=706859224
P2, tp=1, ts=1
P1, tp=1, ts=1
P0, tp=1, ts=1, x0=302635539
P1, tp=1, ts=1
P3, tp=1, ts=1, x0=277349066
P2, tp=1, ts=1
P1, tp=1, ts=1
P0, tp=1, ts=1, x0=636752185
P0, tp=1, ts=1, x0=880892020
P0, tp=1, ts=1, x0=33284441
P3, tp=1, ts=1, x0=173189939
P0, tp=1, ts=1, x0=742926597
P2, tp=1, ts=1
P0, tp=1, ts=1, x0=665429171
P2, tp=1, ts=1
P3, tp=1, ts=1, x0=804290433
P2, tp=1, ts=1
P3, tp=1, ts=1, x0=912462831
P2, tp=1, ts=1
P1, tp=1, ts=1
P1, tp=1, ts=1
P0, tp=1, ts=1, x0=378028440
P3, tp=1, ts=1, x0=757829496
P0, tp=1, ts=1, x0=106941453
P1, tp=1, ts=1
P1, tp=1, ts=1
P0, tp=1, ts=1, x0=795096276
P3, tp=1, ts=1, x0=742926597
P2, tp=1, ts=1
P3, tp=1, ts=1, x0=281208801
P1, tp=1, ts=1
P2, tp=1, ts=1
P3, tp=1, ts=1, x0=23838
P2, tp=1, ts=1
P0, tp=1, ts=1, x0=709611043
P0, tp=1, ts=1, x0=373000334
P0, tp=1, ts=1, x0=373000334
P2, tp=1, ts=1
P0, tp=1, ts=1, x0=23838
P3, tp=1, ts=1, x0=432517481
P3, tp=1, ts=1, x0=97401002
P0, tp=1, ts=1, x0=222780371
P0, tp=1, ts=1, x0=779518832
P1, tp=1, ts=1
P0, tp=1, ts=1, x0=344296220
P3, tp=1, ts=1, x0=73363563
P1, tp=1, ts=1
P0, tp=1, ts=1, x0=128006762
P2, tp=1, ts=1
P3, tp=1, ts=1, x0=795096276
P1, tp=1, ts=1
P0, tp=1, ts=1, x0=405965086
P1, tp=1, ts=1
P1, tp=1, ts=1
P3, tp=1, ts=1, x0=229017227
P2, tp=1, ts=1
P1, tp=1, ts=1
P1, tp=1, ts=1
P3, tp=1, ts=1, x0=540011444
P2, tp=1, ts=1
P0, tp=1, ts=1, x0=378028440
P2, tp=1, ts=1
P0, tp=1, ts=1, x0=33284441
P3, tp=1, ts=1, x0=11948039
P2, tp=1, ts=1
P2, tp=1, ts=1
P3, tp=1, ts=1, x0=555916203
P0, tp=1, ts=1, x0=859632277
P0, tp=1, ts=1, x0=987977057
P1, tp=1, ts=1
P0, tp=1, ts=1, x0=72765936
P2, tp=1, ts=1
P2, tp=1, ts=1
P0, tp=1, ts=1, x0=712030295
P2, tp=1, ts=1
P3, tp=1, ts=1, x0=846052324
P2, tp=1, ts=1
P3, tp=1, ts=1, x0=302635539
P0, tp=1, ts=1, x0=313457091
P2, tp=1, ts=1
P2, tp=1, ts=1
P1, tp=1, ts=1
P3, tp=1, ts=1, x0=859657893
P2, tp=1, ts=1
P1, tp=1, ts=1
P3, tp=1, ts=1, x0=415400826
P3, tp=1, ts=1, x0=81369220
P0, tp=1, ts=1, x0=965469729
P2, tp=1, ts=1
P3, tp=1, ts=1, x0=393972662
P2, tp=1, ts=1
P1, tp=1, ts=1
P3, tp=1, ts=1, x0=551695068
P2, tp=1, ts=1
P1, tp=1, ts=1
P3, tp=1, ts=1, x0=555916203
P3, tp=1, ts=1, x0=517181016
P2, tp=1, ts=1
P0, tp=1, ts=1, x0=924281823
P2, tp=1, ts=1
P1, tp=1, ts=1
P1, tp=1, ts=1
P0, tp=1, ts=1, x0=473237444
P1, tp=1, ts=1
P1, tp=1, ts=1
P3, tp=1, ts=1, x0=314982384
P0, tp=1, ts=1, x0=229017227
P1, tp=1, ts=1
P3, tp=1, ts=1, x0=417410914
P0, tp=1, ts=1, x0=97401002
P3, tp=1, ts=1, x0=405965086
P0, tp=1, ts=1, x0=344296220
P1, tp=1, ts=1
P1, tp=1, ts=1
P2, tp=1, ts=1
P2, tp=1, ts=1
P3, tp=1, ts=1, x0=838990526
P1, tp=1, ts=1
P1, tp=1, ts=1
P3, tp=1, ts=1, x0=903421800
P1, tp=1, ts=1
P3, tp=1, ts=1, x0=128006762
P0, tp=1, ts=1, x0=804290433
P1, tp=1, ts=1
P1, tp=1, ts=1
P1, tp=1, ts=1
P2, tp=1, ts=1
P2, tp=1, ts=1
P2, tp=1, ts=1
P2, tp=1, ts=1
P0, tp=1, ts=1, x0=277349066
P3, tp=1, ts=1, x0=492644216
P0, tp=1, ts=1, x0=405965086
P1, tp=1, ts=1
P1, tp=1, ts=1
P3, tp=1, ts=1, x0=880486985
P3, tp=1, ts=1, x0=828462232
P3, tp=1, ts=1, x0=73363563
P0, tp=1, ts=1, x0=668751128
P3, tp=1, ts=1, x0=517181016
P2, tp=1, ts=1
P1, tp=1, ts=1
P1, tp=1, ts=1
P3, tp=1, ts=1, x0=859657893
P0, tp=1, ts=1, x0=749355510
P2, tp=1, ts=1
P1, tp=1, ts=1
P2, tp=1, ts=1
P1, tp=1, ts=1
P3, tp=1, ts=1, x0=73363563
P2, tp=1, ts=1
P3, tp=1, ts=1, x0=173189939
P2, tp=1, ts=1
P0, tp=1, ts=1, x0=785772839
P3, tp=1, ts=1, x0=540011444
P2, tp=1, ts=1
P2, tp=1, ts=1
P0, tp=1, ts=1, x0=543446181
P2, tp=1, ts=1
P0, tp=1, ts=1, x0=373000334
P2, tp=1, ts=1
P2, tp=1, ts=1
P1, tp=1, ts=1
P2, tp=1, ts=1
P0, tp=1, ts=1, x0=901371451
P2, tp=1, ts=1
P1, tp=1, ts=1
P3, tp=1, ts=1, x0=555916203
P2, tp=1, ts=1
P1, tp=1, ts=1
P3, tp=1, ts=1, x0=407155559
P3, tp=1, ts=1, x0=450586134
P2, tp=1, ts=1
P3, tp=1, ts=1, x0=712030295
P0, tp=1, ts=1, x0=314982384
P3, tp=1, ts=1, x0=508738113
P2, tp=1, ts=1
P2, tp=1, ts=1
P2, tp=1, ts=1
P3, tp=1, ts=1, x0=445931084
P2, tp=1, ts=1
P0, tp=1, ts=1, x0=853493634
P0, tp=1, ts=1, x0=965469729
P3, tp=1, ts=1, x0=407155559
P1, tp=1, ts=1
P1, tp=1, ts=1
P0, tp=1, ts=1, x0=880892020
P0, tp=1, ts=1, x0=378028440
P3, tp=1, ts=1, x0=173189939
P3, tp=1, ts=1, x0=838990526
P0, tp=1, ts=1, x0=880892020
P0, tp=1, ts=1, x0=987977057
P1, tp=1, ts=1
P3, tp=1, ts=1, x0=838990526
P3, tp=1, ts=1, x0=846052324
P0, tp=1, ts=1, x0=415400826
P2, tp=1, ts=1
P0, tp=1, ts=1, x0=668751128
P0, tp=1, ts=1, x0=378028440
P0, tp=1, ts=1, x0=795096276
P0, tp=1, ts=1, x0=405073702
P0, tp=1, ts=1, x0=74160210
P3, tp=1, ts=1, x0=742926597
P1, tp=1, ts=1
P0, tp=1, ts=1, x0=859657893
P1, tp=1, ts=1
P3, tp=1, ts=1, x0=412471048
P3, tp=1, ts=1, x0=516765512
P2, tp=1, ts=1
P2, tp=1, ts=1
P2, tp=1, ts=1
P0, tp=1, ts=1, x0=229017227
P1, tp=1, ts=1
P1, tp=1, ts=1
P1, tp=1, ts=1
P0, tp=1, ts=1, x0=729133951
P1, tp=1, ts=1
P0, tp=1, ts=1, x0=733508601
P0, tp=1, ts=1, x0=465808655
P1, tp=1, ts=1
P2, tp=1, ts=1
P0, tp=1, ts=1, x0=97401002
P0, tp=1, ts=1, x0=173189939
P0, tp=1, ts=1, x0=33284441
P1, tp=1, ts=1
P1, tp=1, ts=1
P2, tp=1, ts=1
P2, tp=1, ts=1
P1, tp=1, ts=1
P1, tp=1, ts=1
P2, tp=1, ts=1
P1, tp=1, ts=1
P2, tp=1, ts=1
P2, tp=1, ts=1
P0, tp=1, ts=1, x0=313457091
P1, tp=1, ts=1
P3, tp=1, ts=1, x0=742997661
P2, tp=1, ts=1
P0, tp=1, ts=1, x0=18175165
P3, tp=1, ts=1, x0=163061217
P2, tp=1, ts=1
P1, tp=1, ts=1
P2, tp=1, ts=1
P2, tp=1, ts=1
P0, tp=1, ts=1, x0=733508601
P0, tp=1, ts=1, x0=859657893
P3, tp=1, ts=1, x0=508738113
P0, tp=1, ts=1, x0=11948039
P3, tp=1, ts=1, x0=72765936
P3, tp=1, ts=1, x0=859632277
P0, tp=1, ts=1, x0=706859224
P1, tp=1, ts=1
P1, tp=1, ts=1
P0, tp=1, ts=1, x0=405073702
P2, tp=1, ts=1
P3, tp=1, ts=1, x0=432517481
P1, tp=1, ts=1
P2, tp=1, ts=1
P2, tp=1, ts=1
P1, tp=1, ts=1
P1, tp=1, ts=1
P0, tp=1, ts=1, x0=256810040
P2, tp=1, ts=1
P0, tp=1, ts=1, x0=859632277
P0, tp=1, ts=1, x0=94499641
P0, tp=1, ts=1, x0=742926597
P2, tp=1, ts=1
P2, tp=1, ts=1
P0, tp=1, ts=1, x0=313457091
P3, tp=1, ts=1, x0=223385425
P0, tp=1, ts=1, x0=814380618
P3, tp=1, ts=1, x0=393972662
P0, tp=1, ts=1, x0=456228543
P3, tp=2, ts=2, x0=416374701
P0, tp=2, ts=2, x0=659936786
P1, tp=2, ts=2
P2, tp=2, ts=2
P1, tp=2, ts=2
P2, tp=2, ts=2
P3, tp=2, ts=2, x0=965469729
P2, tp=2, ts=2
P2, tp=2, ts=2
P1, tp=2, ts=2
P2, tp=2, ts=2
P3, tp=2, ts=2, x0=901371451
P0, tp=2, ts=2, x0=18175165
P3, tp=2, ts=2, x0=223385425
P3, tp=2, ts=2, x0=950610789
P1, tp=2, ts=2
P0, tp=2, ts=2, x0=619094323
P2, tp=2, ts=2
P3, tp=2, ts=2, x0=73363563
P1, tp=2, ts=2
P3, tp=2, ts=2, x0=749355510
P2, tp=2, ts=2
P3, tp=2, ts=2, x0=407155559
P3, tp=2, ts=2, x0=779518832
P2, tp=2, ts=2
P3, tp=2, ts=2, x0=659936786
P2, tp=2, ts=2
P2, tp=2, ts=2
P2, tp=2, ts=2
P3, tp=2, ts=2, x0=965469729
P1, tp=2, ts=2
P0, tp=2, ts=2, x0=213970894
P0, tp=2, ts=2, x0=62773738
P1, tp=2, ts=2
P3, tp=2, ts=2, x0=706859224
P2, tp=2, ts=2
P0, tp=2, ts=2, x0=425981549
P3, tp=2, ts=2, x0=227066681
P1, tp=2, ts=2
P3, tp=2, ts=2, x0=785772839
P2, tp=2, ts=2
P3, tp=2, ts=2, x0=852937355
P0, tp=2, ts=2, x0=427056016
P1, tp=2, ts=2
P1, tp=2, ts=2
P3, tp=2, ts=2, x0=427056016
P3, tp=2, ts=2, x0=122874324
P2, tp=2, ts=2
P3, tp=2, ts=2, x0=636752185
P1, tp=2, ts=2
P3, tp=2, ts=2, x0=425981549
P0, tp=2, ts=2, x0=250756106
P3, tp=2, ts=2, x0=830974476
P3, tp=2, ts=2, x0=706859224
P3, tp=2, ts=2, x0=169689981
P1, tp=2, ts=2
P1, tp=2, ts=2
P3, tp=2, ts=2, x0=499520769
P1, tp=2, ts=2
P2, tp=2, ts=2
P0, tp=2, ts=2, x0=97401002
P1, tp=2, ts=2
P2, tp=2, ts=2
P2, tp=2, ts=2
P1, tp=2, ts=2
P3, tp=2, ts=2, x0=290156642
P2, tp=2, ts=2
P0, tp=2, ts=2, x0=281208801
P3, tp=2, ts=2, x0=859632277
P1, tp=2, ts=2
P1, tp=2, ts=2
P1, tp=2, ts=2
P3, tp=2, ts=2, x0=173189939
P1, tp=2, ts=2
P2, tp=2, ts=2
P3, tp=2, ts=2, x0=901371451
P2, tp=2, ts=2
P1, tp=2, ts=2
P0, tp=2, ts=2, x0=914498573
P3, tp=2, ts=2, x0=749355510
P1, tp=2, ts=2
P1, tp=2, ts=2
P0, tp=2, ts=2, x0=914498573
P0, tp=2, ts=2, x0=516765512
P3, tp=2, ts=2, x0=445931084
P1, tp=2, ts=2
P2, tp=2, ts=2
P3, tp=2, ts=2, x0=749355510
P3, tp=2, ts=2, x0=555228030
P3, tp=2, ts=2, x0=290156642
P2, tp=2, ts=2
P0, tp=2, ts=2, x0=852937355
P1, tp=2, ts=2
P1, tp=2, ts=2
P3, tp=2, ts=2, x0=405965086
P0, tp=2, ts=2, x0=405965086
P1, tp=2, ts=2
P3, tp=2, ts=2, x0=517181016
P3, tp=2, ts=2, x0=14884036
P1, tp=2, ts=2
P2, tp=2, ts=2
P2, tp=2, ts=2
P1, tp=2, ts=2
P1, tp=2, ts=2
P0, tp=2, ts=2, x0=419415290
P2, tp=2, ts=2
P0, tp=2, ts=2, x0=373000334
P0, tp=2, ts=2, x0=880892020
P1, tp=2, ts=2
P0, tp=2, ts=2, x0=884519888
P3, tp=2, ts=2, x0=23838
P2, tp=2, ts=2
P2, tp=2, ts=2
P2, tp=2, ts=2
P2, tp=2, ts=2
P1, tp=2, ts=2
P0, tp=2, ts=2, x0=74160210
P3, tp=2, ts=2, x0=677028439
P0, tp=2, ts=2, x0=836858184
P3, tp=2, ts=2, x0=373000334
P3, tp=2, ts=2, x0=830974476
P0, tp=2, ts=2, x0=419415290
P2, tp=2, ts=2
P0, tp=2, ts=2, x0=998984465
P3, tp=2, ts=2, x0=854726929
P0, tp=2, ts=2, x0=354584926
P0, tp=2, ts=2, x0=659936786
P1, tp=2, ts=2
P1, tp=2, ts=2
P2, tp=2, ts=2
P3, tp=2, ts=2, x0=445931084
P0, tp=2, ts=2, x0=17208794
P3, tp=2, ts=2, x0=314982384
P3, tp=2, ts=2, x0=499919615
P1, tp=2, ts=2
P2, tp=2, ts=2
P0, tp=2, ts=2, x0=412471048
P2, tp=2, ts=2
P1, tp=2, ts=2
P3, tp=2, ts=2, x0=884519888
P0, tp=2, ts=2, x0=6965810
P3, tp=2, ts=2, x0=432517481
P0, tp=2, ts=2, x0=227066681
P1, tp=2, ts=2
P0, tp=2, ts=2, x0=419415290
P2, tp=2, ts=2
P0, tp=2, ts=2, x0=234108216
P2, tp=2, ts=2
P2, tp=2, ts=2
P0, tp=2, ts=2, x0=854726929
P2, tp=2, ts=2
P0, tp=2, ts=2, x0=415400826
P3, tp=2, ts=2, x0=432517481
P0, tp=2, ts=2, x0=880486985
P2, tp=2, ts=2
P2, tp=2, ts=2
P1, tp=2, ts=2
P3, tp=2, ts=2, x0=354584926
P1, tp=2, ts=2
P2, tp=2, ts=2
P3, tp=2, ts=2, x0=852937355
P0, tp=2, ts=2, x0=499520769
P3, tp=2, ts=2, x0=846052324
P2, tp=2, ts=2
P2, tp=2, ts=2
P2, tp=2, ts=2
P0, tp=2, ts=2, x0=234108216
P0, tp=2, ts=2, x0=884519888
P1, tp=2, ts=2
P2, tp=2, ts=2
P0, tp=2, ts=2, x0=97401002
P1, tp=2, ts=2
P0, tp=2, ts=2, x0=749355510
P0, tp=2, ts=2, x0=302635539
P2, tp=2, ts=2
P0, tp=2, ts=2, x0=749355510
P3, tp=2, ts=2, x0=94191527
P2, tp=2, ts=2
P0, tp=2, ts=2, x0=33284441
P3, tp=2, ts=2, x0=551695068
P3, tp=2, ts=2, x0=290156642
P3, tp=2, ts=2, x0=804290433
P1, tp=2, ts=2
P2, tp=2, ts=2
P3, tp=2, ts=2, x0=859632277
P0, tp=2, ts=2, x0=23838
P3, tp=2, ts=2, x0=924281823
P1, tp=2, ts=2
P0, tp=2, ts=2, x0=853493634
P0, tp=2, ts=2, x0=551695068
P1, tp=2, ts=2
P2, tp=2, ts=2
P2, tp=2, ts=2
P2, tp=2, ts=2
P3, tp=2, ts=2, x0=407155559
P0, tp=2, ts=2, x0=417410914
P0, tp=2, ts=2, x0=94499641
P2, tp=2, ts=2
P2, tp=2, ts=2
P0, tp=2, ts=2, x0=853493634
P3, tp=2, ts=2, x0=853493634
P3, tp=2, ts=2, x0=14884036
P2, tp=2, ts=2
P1, tp=2, ts=2
P0, tp=2, ts=2, x0=62773738
P3, tp=2, ts=2, x0=378028440
P3, tp=2, ts=2, x0=427056016
P2, tp=2, ts=2
P2, tp=2, ts=2
P2, tp=2, ts=2
P2, tp=2, ts=2
P1, tp=2, ts=2
P3, tp=2, ts=2, x0=828462232
P3, tp=2, ts=2, x0=73363563
P3, tp=2, ts=2, x0=163061217
P2, tp=2, ts=2
P0, tp=2, ts=2, x0=293612122
P0, tp=2, ts=2, x0=223385425
P2, tp=2, ts=2
P2, tp=2, ts=2
P1, tp=2, ts=2
P1, tp=2, ts=2
P1, tp=2, ts=2
P1, tp=2, ts=2
P2, tp=2, ts=2
P2, tp=2, ts=2
P1, tp=2, ts=2
P1, tp=2, ts=2
P2, tp=2, ts=2
P0, tp=2, ts=2, x0=277349066
P2, tp=2, ts=2
P2, tp=2, ts=2
P2, tp=2, ts=2
P2, tp=2, ts=2
P2, tp=2, ts=2
P2, tp=2, ts=2
P3, tp=2, ts=2, x0=712030295
P3, tp=2, ts=2, x0=492644216
P0, tp=2, ts=2, x0=659936786
P2, tp=2, ts=2
P1, tp=2, ts=2
P1, tp=2, ts=2
P2, tp=2, ts=2
P1, tp=2, ts=2
P0, tp=2, ts=2, x0=344296220
P3, tp=2, ts=2, x0=709611043
P1, tp=2, ts=2
P0, tp=2, ts=2, x0=782747705
P0, tp=2, ts=2, x0=412471048
P2, tp=2, ts=2
P0, tp=2, ts=2, x0=223385425
P2, tp=2, ts=2
P3, tp=2, ts=2, x0=394839740
P3, tp=2, ts=2, x0=202410300
P1, tp=2, ts=2
P2, tp=2, ts=2
P1, tp=2, ts=2
P3, tp=2, ts=2, x0=846052324
P2, tp=2, ts=2
P2, tp=2, ts=2
P2, tp=2, ts=2
P1, tp=2, ts=2
P0, tp=2, ts=2, x0=73363563
P3, tp=2, ts=2, x0=884519888
P1, tp=2, ts=2
P0, tp=2, ts=2, x0=852937355
P2, tp=2, ts=2
P3, tp=2, ts=2, x0=367062533
P0, tp=2, ts=2, x0=17208794
P2, tp=2, ts=2
P1, tp=2, ts=2
P1, tp=2, ts=2
P3, tp=2, ts=2, x0=619094323
P0, tp=2, ts=2, x0=405073702
P3, tp=2, ts=2, x0=852937355
P0, tp=2, ts=2, x0=884519888
P3, tp=2, ts=2, x0=405073702
P3, tp=2, ts=2, x0=636752185
P3, tp=2, ts=2, x0=786956212
P3, tp=2, ts=2, x0=499919615
P2, tp=2, ts=2
P2, tp=2, ts=2
P3, tp=2, ts=2, x0=524049753
P3, tp=2, ts=2, x0=202410300
P2, tp=2, ts=2
P1, tp=2, ts=2
P3, tp=2, ts=2, x0=662247677
P2, tp=2, ts=2
P3, tp=2, ts=2, x0=814380618
P1, tp=2, ts=2
P2, tp=2, ts=2
P3, tp=2, ts=2, x0=733508601
P2, tp=2, ts=2
P3, tp=2, ts=2, x0=836858184
P0, tp=2, ts=2, x0=73363563
P0, tp=2, ts=2, x0=6965810
P2, tp=2, ts=2
P2, tp=2, ts=2
P1, tp=2, ts=2
P3, tp=2, ts=2, x0=393972662
P0, tp=2, ts=2, x0=394839740
P1, tp=2, ts=2
P2, tp=2, ts=2
P1, tp=2, ts=2
P0, tp=2, ts=2, x0=74160210
P3, tp=2, ts=2, x0=382459427
P2, tp=2, ts=2
P1, tp=2, ts=2
P2, tp=2, ts=2
P1, tp=2, ts=2
P3, tp=2, ts=2, x0=94191527
P0, tp=2, ts=2, x0=202410300
P0, tp=2, ts=2, x0=884519888
P1, tp=2, ts=2
P1, tp=2, ts=2
P2, tp=2, ts=2
P0, tp=2, ts=2, x0=412471048
P1, tp=2, ts=2
P2, tp=2, ts=2
P1, tp=2, ts=2
P2, tp=2, ts=2
P2, tp=2, ts=2
P2, tp=2, ts=2
P2, tp=2, ts=2
P1, tp=2, ts=2
P3, tp=2, ts=2, x0=976062358
P1, tp=2, ts=2
P3, tp=2, ts=2, x0=733508601
P2, tp=2, ts=2
P3, tp=2, ts=2, x0=668751128
P0, tp=2, ts=2, x0=552009898
P2, tp=2, ts=2
P1, tp=2, ts=2
P2, tp=2, ts=2
P2, tp=2, ts=2
P0, tp=2, ts=2, x0=483212117
P0, tp=2, ts=2, x0=433927947
P1, tp=2, ts=2
P2, tp=2, ts=2
P1, tp=2, ts=2
P0, tp=2, ts=2, x0=449778620
P1, tp=2, ts=2
P2, tp=2, ts=2
P0, tp=2, ts=2, x0=23838
P0, tp=2, ts=2, x0=427056016
P3, tp=2, ts=2, x0=492644216
P2, tp=2, ts=2
P3, tp=2, ts=2, x0=293612122
P1, tp=2, ts=2
P0, tp=2, ts=2, x0=714681178
P3, tp=2, ts=2, x0=369252188
P1, tp=2, ts=2
P0, tp=2, ts=2, x0=250756106
P3, tp=2, ts=2, x0=33284441
P2, tp=2, ts=2
P2, tp=2, ts=2
P3, tp=2, ts=2, x0=33284441
P0, tp=2, ts=2, x0=852937355
P2, tp=2, ts=2
P2, tp=2, ts=2
P1, tp=2, ts=2
P3, tp=2, ts=2, x0=677028439
P0, tp=2, ts=2, x0=163061217
P1, tp=2, ts=2
P0, tp=2, ts=2, x0=18175165
P0, tp=2, ts=2, x0=210400692
P1, tp=2, ts=2
P3, tp=2, ts=2, x0=128006762
P1, tp=2, ts=2
P1, tp=2, ts=2
P3, tp=2, ts=2, x0=540011444
P3, tp=2, ts=2, x0=854726929
P0, tp=2, ts=2, x0=795096276
P2, tp=2, ts=2
P0, tp=2, ts=2, x0=427056016
P3, tp=2, ts=2, x0=23838
P2, tp=2, ts=2
P0, tp=2, ts=2, x0=281208801
P2, tp=2, ts=2
P2, tp=2, ts=2
P1, tp=2, ts=2
P3, tp=2, ts=2, x0=197320395
P3, tp=2, ts=2, x0=619094323
P2, tp=2, ts=2
P3, tp=2, ts=2, x0=483212117
P2, tp=2, ts=2
P3, tp=2, ts=2, x0=409642959
P2, tp=2, ts=2
P3, tp=2, ts=2, x0=23838
P0, tp=2, ts=2, x0=859632277
P2, tp=2, ts=2
P3, tp=2, ts=2, x0=552009898
P1, tp=2, ts=2
P1, tp=2, ts=2
P2, tp=2, ts=2
P0, tp=2, ts=2, x0=804290433
P1, tp=2, ts=2
P2, tp=2, ts=2
P3, tp=2, ts=2, x0=724934364
P3, tp=2, ts=2, x0=619094323
P2, tp=2, ts=2
P2, tp=2, ts=2
P3, tp=2, ts=2, x0=633153590
P0, tp=2, ts=2, x0=432517481
P0, tp=2, ts=2, x0=499919615
P1, tp=2, ts=2
P1, tp=2, ts=2
P0, tp=2, ts=2, x0=314982384
P3, tp=2, ts=2, x0=914498573
P1, tp=2, ts=2
P1, tp=2, ts=2
P2, tp=2, ts=2
P1, tp=2, ts=2
P1, tp=2, ts=2
P1, tp=2, ts=2
P2, tp=2, ts=2
P2, tp=2, ts=2
P0, tp=2, ts=2, x0=281208801
P0, tp=2, ts=2, x0=382459427
P3, tp=2, ts=2, x0=782747705
P3, tp=2, ts=2, x0=73363563
P3, tp=2, ts=2, x0=636752185
P3, tp=2, ts=2, x0=531025210
P2, tp=2, ts=2
P1, tp=2, ts=2
P3, tp=2, ts=2, x0=540011444
P3, tp=2, ts=2, x0=122874324
P0, tp=2, ts=2, x0=97401002
P2, tp=2, ts=2
P2, tp=2, ts=2
P2, tp=2, ts=2
P0, tp=2, ts=2, x0=619094323
P0, tp=2, ts=2, x0=659936786
P3, tp=2, ts=2, x0=378028440
P1, tp=2, ts=2
P3, tp=2, ts=2, x0=18175165
P2, tp=2, ts=2
P3, tp=2, ts=2, x0=202410300
P3, tp=2, ts=2, x0=94191527
P3, tp=2, ts=2, x0=531025210
P2, tp=2, ts=2
P0, tp=2, ts=2, x0=412471048
P3, tp=2, ts=2, x0=415400826
P1, tp=2, ts=2
P1, tp=2, ts=2
P2, tp=2, ts=2
P2, tp=2, ts=2
P0, tp=2, ts=2, x0=197320395
P0, tp=2, ts=2, x0=382459427
P0, tp=2, ts=2, x0=417410914
P3, tp=2, ts=2, x0=94191527
P2, tp=2, ts=2
P0, tp=2, ts=2, x0=859657893
P0, tp=2, ts=2, x0=976062358
P2, tp=2, ts=2
P2, tp=2, ts=2
P2, tp=2, ts=2
P1, tp=2, ts=2
P3, tp=2, ts=2, x0=202410300
P0, tp=2, ts=2, x0=412471048
P2, tp=2, ts=2
P1, tp=2, ts=2
P0, tp=2, ts=2, x0=18175165
P1, tp=2, ts=2
P2, tp=2, ts=2
P0, tp=2, ts=2, x0=222780371
P1, tp=2, ts=2
P3, tp=2, ts=2, x0=213970894
P2, tp=2, ts=2
P2, tp=2, ts=2
P0, tp=2, ts=2, x0=432517481
P1, tp=2, ts=2
P2, tp=2, ts=2
P0, tp=2, ts=2, x0=735685034
P3, tp=2, ts=2, x0=524049753
P2, tp=2, ts=2
P0, tp=2, ts=2, x0=415400826
P0, tp=2, ts=2, x0=394839740
P2, tp=2, ts=2
P3, tp=2, ts=2, x0=757829496
P2, tp=2, ts=2
P0, tp=2, ts=2, x0=373000334
P3, tp=2, ts=2, x0=409642959
P0, tp=2, ts=2, x0=223385425
P0, tp=2, ts=2, x0=524049753
P2, tp=2, ts=2
P0, tp=2, ts=2, x0=409642959
P1, tp=2, ts=2
P2, tp=2, ts=2
P0, tp=2, ts=2, x0=412471048
P1, tp=2, ts=2
P1, tp=2, ts=2
P0, tp=2, ts=2, x0=224034088
P3, tp=2, ts=2, x0=23838
P3, tp=2, ts=2, x0=450586134
P1, tp=2, ts=2
P1, tp=2, ts=2
P1, tp=2, ts=2
P2, tp=2, ts=2
P2, tp=2, ts=2
P1, tp=2, ts=2
P2, tp=2, ts=2
P0, tp=2, ts=2, x0=677028439
P2, tp=2, ts=2
P0, tp=2, ts=2, x0=884519888
P3, tp=2, ts=2, x0=450586134
P1, tp=2, ts=2
P3, tp=2, ts=2, x0=924281823
P3, tp=2, ts=2, x0=23838
P3, tp=2, ts=2, x0=987977057
P2, tp=2, ts=2
P3, tp=2, ts=2, x0=886151951
P2, tp=2, ts=2
P1, tp=2, ts=2
P0, tp=2, ts=2, x0=836858184
P2, tp=2, ts=2
P2, tp=2, ts=2
P2, tp=2, ts=2
P3, tp=2, ts=2, x0=128006762
P2, tp=2, ts=2
P1, tp=2, ts=2
P0, tp=2, ts=2, x0=213970894
P0, tp=2, ts=2, x0=354584926
P2, tp=2, ts=2
P1, tp=2, ts=2
P0, tp=2, ts=2, x0=97401002
P1, tp=2, ts=2
P1, tp=2, ts=2
P0, tp=2, ts=2, x0=785772839
P2, tp=2, ts=2
P3, tp=2, ts=2, x0=709611043
P1, tp=2, ts=2
P1, tp=2, ts=2
P0, tp=2, ts=2, x0=852937355
P1, tp=2, ts=2
P2, tp=2, ts=2
P0, tp=2, ts=2, x0=378028440
P1, tp=2, ts=2
P3, tp=2, ts=2, x0=854726929
P2, tp=2, ts=2
P0, tp=2, ts=2, x0=709611043
P2, tp=2, ts=2
P2, tp=2, ts=2
P3, tp=2, ts=2, x0=782747705
P1, tp=2, ts=2
P2, tp=2, ts=2
P3, tp=2, ts=2, x0=33284441
P0, tp=2, ts=2, x0=23838
P0, tp=2, ts=2, x0=924281823
P2, tp=2, ts=2
P2, tp=2, ts=2
P3, tp=2, ts=2, x0=410379847
P2, tp=2, ts=2
P3, tp=2, ts=2, x0=62773738
P1, tp=2, ts=2
P2, tp=2, ts=2
P0, tp=2, ts=2, x0=771452670
P0, tp=2, ts=2, x0=394839740
P2, tp=2, ts=2
P0, tp=2, ts=2, x0=23838
P2, tp=2, ts=2
P0, tp=2, ts=2, x0=714681178
P1, tp=2, ts=2
P3, tp=2, ts=2, x0=419415290
P2, tp=2, ts=2
P0, tp=2, ts=2, x0=733508601
P0, tp=2, ts=2, x0=492644216
P2, tp=2, ts=2
P1, tp=2, ts=2
P0, tp=2, ts=2, x0=859657893
P1, tp=2, ts=2
P1, tp=2, ts=2
P2, tp=2, ts=2
P3, tp=2, ts=2, x0=227066681
P1, tp=2, ts=2
P0, tp=2, ts=2, x0=73363563
P0, tp=2, ts=2, x0=659936786
P1, tp=2, ts=2
P3, tp=2, ts=2, x0=965469729
P0, tp=2, ts=2, x0=859657893
P0, tp=2, ts=2, x0=633153590
P1, tp=2, ts=2
P0, tp=2, ts=2, x0=901371451
P3, tp=2, ts=2, x0=742926597
P2, tp=2, ts=2
P3, tp=2, ts=2, x0=531025210
P1, tp=2, ts=2
P1, tp=2, ts=2
P3, tp=2, ts=2, x0=987977057
P0, tp=2, ts=2, x0=35347792
P1, tp=2, ts=2
P3, tp=2, ts=2, x0=518614260
P3, tp=2, ts=2, x0=552009898
P2, tp=2, ts=2
P3, tp=2, ts=2, x0=854726929
P3, tp=2, ts=2, x0=234108216
P1, tp=2, ts=2
P2, tp=2, ts=2
P3, tp=2, ts=2, x0=551695068
P3, tp=2, ts=2, x0=499919615
P1, tp=2, ts=2
P0, tp=2, ts=2, x0=965469729
P0, tp=2, ts=2, x0=499520769
P0, tp=2, ts=2, x0=17208794
P2, tp=2, ts=2
P0, tp=2, ts=2, x0=409642959
P3, tp=2, ts=2, x0=836162962
P2, tp=2, ts=2
P2, tp=2, ts=2
P3, tp=2, ts=2, x0=987977057
P3, tp=2, ts=2, x0=210400692
P3, tp=2, ts=2, x0=122874324
P2, tp=2, ts=2
P3, tp=2, ts=2, x0=540011444
P2, tp=2, ts=2
P0, tp=2, ts=2, x0=924281823
P0, tp=2, ts=2, x0=524318503
P0, tp=2, ts=2, x0=590015275
P1, tp=2, ts=2
P3, tp=2, ts=2, x0=660157434
P2, tp=2, ts=2
P1, tp=2, ts=2
P1, tp=2, ts=2
P2, tp=2, ts=2
P2, tp=2, ts=2
P3, tp=2, ts=2, x0=432517481
P0, tp=2, ts=2, x0=293612122
P3, tp=2, ts=2, x0=714681178
P0, tp=2, ts=2, x0=433927947
P1, tp=2, ts=2
P3, tp=2, ts=2, x0=742997661
P3, tp=2, ts=2, x0=18175165
P2, tp=2, ts=2
P2, tp=2, ts=2
P1, tp=2, ts=2
P2, tp=2, ts=2
P2, tp=2, ts=2
P1, tp=2, ts=2
P0, tp=2, ts=2, x0=224034088
P2, tp=2, ts=2
P1, tp=2, ts=2
P2, tp=2, ts=2
P1, tp=2, ts=2
P3, tp=2, ts=2, x0=416374701
P3, tp=2, ts=2, x0=213970894
P3, tp=2, ts=2, x0=742997661
P0, tp=2, ts=2, x0=782747705
P2, tp=2, ts=2
P3, tp=2, ts=2, x0=382459427
P1, tp=2, ts=2
P1, tp=2, ts=2
P1, tp=2, ts=2
P3, tp=2, ts=2, x0=290156642
P2, tp=2, ts=2
P0, tp=2, ts=2, x0=302635539
P0, tp=2, ts=2, x0=35347792
P1, tp=2, ts=2
P2, tp=2, ts=2
P2, tp=2, ts=2
P2, tp=2, ts=2
P2, tp=2, ts=2
P3, tp=2, ts=2, x0=884519888
P3, tp=2, ts=2, x0=302635539
P0, tp=2, ts=2, x0=709611043
P0, tp=2, ts=2, x0=210400692
P2, tp=2, ts=2
P3, tp=2, ts=2, x0=518614260
P1, tp=2, ts=2
P3, tp=2, ts=2, x0=516765512
P3, tp=2, ts=2, x0=227066681
P1, tp=2, ts=2
P1, tp=2, ts=2
P3, tp=2, ts=2, x0=836858184
P0, tp=2, ts=2, x0=757829496
P3, tp=2, ts=2, x0=483212117
P2, tp=2, ts=2
P1, tp=2, ts=2
P2, tp=2, ts=2
P0, tp=2, ts=2, x0=712030295
P3, tp=2, ts=2, x0=724934364
P1, tp=2, ts=2
P0, tp=2, ts=2, x0=633153590
P3, tp=2, ts=2, x0=636752185
P3, tp=2, ts=2, x0=901371451
P0, tp=2, ts=2, x0=432227463
P1, tp=2, ts=2
P0, tp=2, ts=2, x0=281208801
P1, tp=2, ts=2
P0, tp=2, ts=2, x0=416374701
P0, tp=2, ts=2, x0=410379847
P3, tp=2, ts=2, x0=277349066
P0, tp=2, ts=2, x0=249717375
P1, tp=2, ts=2
P1, tp=2, ts=2
P3, tp=2, ts=2, x0=281208801
P2, tp=2, ts=2
P1, tp=2, ts=2
P3, tp=2, ts=2, x0=551695068
P3, tp=2, ts=2, x0=393972662
P3, tp=2, ts=2, x0=816192593
P1, tp=2, ts=2
P2, tp=2, ts=2
P2, tp=2, ts=2
P2, tp=2, ts=2
P1, tp=2, ts=2
P3, tp=2, ts=2, x0=499520769
P0, tp=2, ts=2, x0=816192593
P2, tp=2, ts=2
P0, tp=2, ts=2, x0=846052324
P3, tp=2, ts=2, x0=35347792
P3, tp=2, ts=2, x0=852937355
P0, tp=2, ts=2, x0=393972662
P1, tp=2, ts=2
P2, tp=2, ts=2
P3, tp=2, ts=2, x0=749673439
P2, tp=2, ts=2
P0, tp=2, ts=2, x0=473237444
P1, tp=2, ts=2
P1, tp=2, ts=2
P1, tp=2, ts=2
P2, tp=2, ts=2
P0, tp=2, ts=2, x0=836858184
P1, tp=2, ts=2
P1, tp=2, ts=2
P3, tp=2, ts=2, x0=290156642
P0, tp=2, ts=2, x0=483212117
P2, tp=2, ts=2
P2, tp=2, ts=2
P0, tp=2, ts=2, x0=782747705
P3, tp=2, ts=2, x0=290156642
P3, tp=2, ts=2, x0=998984465
P0, tp=2, ts=2, x0=17208794
P2, tp=2, ts=2
P0, tp=2, ts=2, x0=62773738
P3, tp=2, ts=2, x0=234108216
P0, tp=2, ts=2, x0=213970894
P2, tp=2, ts=2
P0, tp=2, ts=2, x0=73363563
P1, tp=2, ts=2
P3, tp=2, ts=2, x0=540011444
P2, tp=2, ts=2
P3, tp=2, ts=2, x0=122874324
P2, tp=2, ts=2
P0, tp=2, ts=2, x0=551695068
P2, tp=2, ts=2
P2, tp=2, ts=2
P2, tp=2, ts=2
P3, tp=2, ts=2, x0=587814251
P1, tp=2, ts=2
P2, tp=2, ts=2
P3, tp=2, ts=2, x0=293612122
P1, tp=2, ts=2
P1, tp=2, ts=2
P3, tp=2, ts=2, x0=249717375
P2, tp=2, ts=2
P2, tp=2, ts=2
P2, tp=2, ts=2
P1, tp=2, ts=2
P2, tp=2, ts=2
P2, tp=2, ts=2
P1, tp=2, ts=2
P1, tp=2, ts=2
P1, tp=2, ts=2
P0, tp=2, ts=2, x0=19413409
P3, tp=2, ts=2, x0=836858184
P0, tp=2, ts=2, x0=62773738
P0, tp=2, ts=2, x0=552009898
P0, tp=2, ts=2, x0=242232605
P2, tp=2, ts=2
P2, tp=2, ts=2
P3, tp=2, ts=2, x0=633153590
P2, tp=2, ts=2
P2, tp=2, ts=2
P2, tp=2, ts=2
P0, tp=2, ts=2, x0=735685034
P0, tp=2, ts=2, x0=427056016
P2, tp=2, ts=2
P1, tp=2, ts=2
P3, tp=2, ts=2, x0=33284441
P0, tp=2, ts=2, x0=636752185
P1, tp=2, ts=2
P0, tp=2, ts=2, x0=677028439
P1, tp=2, ts=2
P2, tp=2, ts=2
P3, tp=2, ts=2, x0=771452670
P2, tp=2, ts=2
P3, tp=2, ts=2, x0=560240386
P3, tp=2, ts=2, x0=521237446
P2, tp=2, ts=2
P2, tp=2, ts=2
P3, tp=2, ts=2, x0=771452670
P2, tp=2, ts=2
P1, tp=2, ts=2
P1, tp=2, ts=2
P0, tp=2, ts=2, x0=367062533
P3, tp=2, ts=2, x0=659936786
P2, tp=2, ts=2
P1, tp=2, ts=2
P0, tp=2, ts=2, x0=524318503
P0, tp=2, ts=2, x0=677028439
P0, tp=2, ts=2, x0=750970743
P3, tp=2, ts=2, x0=804290433
P2, tp=2, ts=2
P0, tp=2, ts=2, x0=483212117
P3, tp=2, ts=2, x0=382459427
P1, tp=2, ts=2
P0, tp=2, ts=2, x0=375036726
P3, tp=2, ts=2, x0=314982384
P1, tp=2, ts=2
P0, tp=2, ts=2, x0=809014425
P3, tp=2, ts=2, x0=551695068
P2, tp=2, ts=2
P0, tp=2, ts=2, x0=714681178
P1, tp=2, ts=2
P0, tp=2, ts=2, x0=552009898
P1, tp=2, ts=2
P3, tp=2, ts=2, x0=499919615
P3, tp=2, ts=2, x0=854726929
P3, tp=2, ts=2, x0=373000334
P2, tp=2, ts=2
P3, tp=2, ts=2, x0=435046155
P3, tp=2, ts=2, x0=213970894
P3, tp=2, ts=2, x0=73363563
P0, tp=2, ts=2, x0=836858184
P0, tp=2, ts=2, x0=373000334
P2, tp=2, ts=2
P2, tp=2, ts=2
P0, tp=2, ts=2, x0=94191527
P3, tp=2, ts=2, x0=668751128
P3, tp=2, ts=2, x0=449967910
P2, tp=2, ts=2
P3, tp=2, ts=2, x0=94191527
P3, tp=2, ts=2, x0=543992888
P0, tp=2, ts=2, x0=987977057
P1, tp=2, ts=2
P2, tp=2, ts=2
P2, tp=2, ts=2
P2, tp=2, ts=2
P2, tp=2, ts=2
P0, tp=2, ts=2, x0=229602374
P3, tp=2, ts=2, x0=636752185
P1, tp=2, ts=2
P2, tp=2, ts=2
P0, tp=2, ts=2, x0=57919239
P1, tp=2, ts=2
P3, tp=2, ts=2, x0=300874371
P1, tp=2, ts=2
P2, tp=2, ts=2
P3, tp=2, ts=2, x0=242232605
P2, tp=2, ts=2
P3, tp=2, ts=2, x0=914498573
P0, tp=2, ts=2, x0=410379847
P1, tp=2, ts=2
P0, tp=2, ts=2, x0=540011444
P0, tp=2, ts=2, x0=750970743
P1, tp=2, ts=2
P2, tp=2, ts=2
P1, tp=2, ts=2
P0, tp=2, ts=2, x0=859657893
P2, tp=2, ts=2
P3, tp=2, ts=2, x0=213970894
P2, tp=2, ts=2
P1, tp=2, ts=2
P3, tp=2, ts=2, x0=499919615
P1, tp=2, ts=2
P1, tp=2, ts=2
P3, tp=2, ts=2, x0=14884036
P3, tp=2, ts=2, x0=678285908
P0, tp=2, ts=2, x0=300874371
P3, tp=2, ts=2, x0=886151951
P3, tp=2, ts=2, x0=122874324
P1, tp=2, ts=2
P1, tp=2, ts=2
P0, tp=2, ts=2, x0=197320395
P2, tp=2, ts=2
P0, tp=2, ts=2, x0=757829496
P3, tp=2, ts=2, x0=518614260
P3, tp=2, ts=2, x0=771452670
P0, tp=2, ts=2, x0=73363563
P1, tp=2, ts=2
P0, tp=2, ts=2, x0=19413409
P2, tp=2, ts=2
P2, tp=2, ts=2
P3, tp=2, ts=2, x0=524049753
P3, tp=2, ts=2, x0=229602374
P3, tp=2, ts=2, x0=712030295
P0, tp=2, ts=2, x0=35347792
P0, tp=2, ts=2, x0=499520769
P3, tp=2, ts=2, x0=425279847
P3, tp=2, ts=2, x0=197320395
P2, tp=2, ts=2
P1, tp=2, ts=2
P0, tp=2, ts=2, x0=122874324
P1, tp=2, ts=2
P1, tp=2, ts=2
P2, tp=2, ts=2
P1, tp=2, ts=2
P3, tp=2, ts=2, x0=678285908
P2, tp=2, ts=2
P1, tp=2, ts=2
P0, tp=2, ts=2, x0=350135839
P0, tp=2, ts=2, x0=524049753
P2, tp=2, ts=2
P2, tp=2, ts=2
P3, tp=2, ts=2, x0=750970743
P1, tp=2, ts=2
P0, tp=2, ts=2, x0=449967910
P3, tp=2, ts=2, x0=94191527
P3, tp=2, ts=2, x0=499520769
P0, tp=2, ts=2, x0=369252188
P3, tp=2, ts=2, x0=552009898
P2, tp=2, ts=2
P0, tp=2, ts=2, x0=733508601
P2, tp=2, ts=2
P0, tp=2, ts=2, x0=499520769
P3, tp=2, ts=2, x0=163061217
P0, tp=2, ts=2, x0=210400692
P0, tp=2, ts=2, x0=435046155
P1, tp=2, ts=2
P1, tp=2, ts=2
P2, tp=2, ts=2
P0, tp=2, ts=2, x0=293612122
P3, tp=2, ts=2, x0=354584926
P3, tp=2, ts=2, x0=724934364
P3, tp=2, ts=2, x0=410379847
P0, tp=2, ts=2, x0=449778620
P2, tp=2, ts=2
P0, tp=2, ts=2, x0=724934364
P0, tp=2, ts=2, x0=435046155
P2, tp=2, ts=2
P3, tp=2, ts=2, x0=540011444
P3, tp=2, ts=2, x0=57919239
P2, tp=2, ts=2
P1, tp=2, ts=2
P0, tp=2, ts=2, x0=521237446
P0, tp=2, ts=2, x0=552009898
P2, tp=2, ts=2
P0, tp=2, ts=2, x0=686188530
P3, tp=2, ts=2, x0=511362766
P2, tp=2, ts=2
P2, tp=2, ts=2
P1, tp=2, ts=2
P1, tp=2, ts=2
P2, tp=2, ts=2
P1, tp=2, ts=2
P2, tp=2, ts=2
P0, tp=2, ts=2, x0=668751128
P0, tp=2, ts=2, x0=302635539
P2, tp=2, ts=2
P2, tp=2, ts=2
P0, tp=2, ts=2, x0=976062358
P0, tp=2, ts=2, x0=735685034
P1, tp=2, ts=2
P0, tp=2, ts=2, x0=410379847
P3, tp=2, ts=2, x0=836858184
P1, tp=2, ts=2
P2, tp=2, ts=2
P0, tp=2, ts=2, x0=619094323
P3, tp=2, ts=2, x0=804290433
P2, tp=2, ts=2
P1, tp=2, ts=2
P3, tp=2, ts=2, x0=750970743
P2, tp=2, ts=2
P0, tp=2, ts=2, x0=354584926
P3, tp=2, ts=2, x0=540011444
P1, tp=2, ts=2
P2, tp=2, ts=2
P3, tp=2, ts=2, x0=540011444
P2, tp=2, ts=2
P3, tp=2, ts=2, x0=524049753
P1, tp=2, ts=2
P3, tp=2, ts=2, x0=314982384
P3, tp=2, ts=2, x0=742926597
P1, tp=2, ts=2
P0, tp=2, ts=2, x0=846052324
P0, tp=2, ts=2, x0=293612122
P1, tp=2, ts=2
P2, tp=2, ts=2
P0, tp=2, ts=2, x0=836162962
P0, tp=2, ts=2, x0=97401002
P2, tp=2, ts=2
P1, tp=2, ts=2
P0, tp=2, ts=2, x0=314982384
P1, tp=2, ts=2
P1, tp=2, ts=2
P2, tp=2, ts=2
P3, tp=2, ts=2, x0=229602374
P1, tp=2, ts=2
P0, tp=2, ts=2, x0=281208801
P3, tp=2, ts=2, x0=314982384
P2, tp=2, ts=2
P2, tp=2, ts=2
P2, tp=2, ts=2
P2, tp=2, ts=2
P0, tp=2, ts=2, x0=382459427
P0, tp=2, ts=2, x0=524049753
P0, tp=2, ts=2, x0=668751128
P2, tp=2, ts=2
P2, tp=2, ts=2
P0, tp=2, ts=2, x0=511362766
P0, tp=3, ts=3, x0=227066681
P0, tp=3, ts=3, x0=771452670
P2, tp=3, ts=3
P1, tp=3, ts=3
P1, tp=3, ts=3
P0, tp=3, ts=3, x0=587814251
P2, tp=3, ts=3
P2, tp=3, ts=3
P1, tp=3, ts=3
P1, tp=3, ts=3
P0, tp=3, ts=3, x0=499520769
P2, tp=3, ts=3
P1, tp=3, ts=3
P2, tp=3, ts=3
P3, tp=3, ts=3, x0=852937355
P1, tp=3, ts=3
P1, tp=3, ts=3
P3, tp=3, ts=3, x0=57919239
P0, tp=3, ts=3, x0=540011444
P0, tp=3, ts=3, x0=757829496
P3, tp=3, ts=3, x0=19413409
P1, tp=3, ts=3
P2, tp=3, ts=3
P3, tp=3, ts=3, x0=677028439
P1, tp=3, ts=3
P0, tp=3, ts=3, x0=846052324
P2, tp=3, ts=3
P2, tp=3, ts=3
P3, tp=3, ts=3, x0=735685034
P0, tp=3, ts=3, x0=122874324
P3, tp=3, ts=3, x0=800699294
P0, tp=3, ts=3, x0=948624636
P1, tp=3, ts=3
P1, tp=3, ts=3
P1, tp=3, ts=3
P0, tp=3, ts=3, x0=23838
P2, tp=3, ts=3
P0, tp=3, ts=3, x0=668751128
P3, tp=3, ts=3, x0=846052324
P3, tp=3, ts=3, x0=382459427
P3, tp=3, ts=3, x0=277349066
P1, tp=3, ts=3
P2, tp=3, ts=3
P2, tp=3, ts=3
P1, tp=3, ts=3
P2, tp=3, ts=3
P0, tp=3, ts=3, x0=300874371
P1, tp=3, ts=3
P2, tp=3, ts=3
P2, tp=3, ts=3
P1, tp=3, ts=3
P2, tp=3, ts=3
P3, tp=3, ts=3, x0=714681178
P1, tp=3, ts=3
P2, tp=3, ts=3
P2, tp=3, ts=3
P2, tp=3, ts=3
P1, tp=3, ts=3
P1, tp=3, ts=3
P2, tp=3, ts=3
P3, tp=3, ts=3, x0=373298134
P1, tp=3, ts=3
P1, tp=3, ts=3
P1, tp=3, ts=3
P2, tp=3, ts=3
P3, tp=3, ts=3, x0=425279847
P1, tp=3, ts=3
P1, tp=3, ts=3
P0, tp=3, ts=3, x0=518614260
P0, tp=3, ts=3, x0=587814251
P0, tp=3, ts=3, x0=229602374
P3, tp=3, ts=3, x0=619094323
P3, tp=3, ts=3, x0=58472454
P3, tp=3, ts=3, x0=686188530
P0, tp=3, ts=3, x0=435046155
P3, tp=3, ts=3, x0=836162962
P3, tp=3, ts=3, x0=552009898
P3, tp=3, ts=3, x0=197320395
P2, tp=3, ts=3
P1, tp=3, ts=3
P2, tp=3, ts=3
P3, tp=3, ts=3, x0=163061217
P3, tp=3, ts=3, x0=804290433
P2, tp=3, ts=3
P3, tp=3, ts=3, x0=229602374
P1, tp=3, ts=3
P1, tp=3, ts=3
P3, tp=3, ts=3, x0=224034088
P0, tp=3, ts=3, x0=449967910
P0, tp=3, ts=3, x0=122874324
P1, tp=3, ts=3
P0, tp=3, ts=3, x0=210400692
P2, tp=3, ts=3
P3, tp=3, ts=3, x0=432227463
P3, tp=3, ts=3, x0=432227463
P3, tp=3, ts=3, x0=551695068
P3, tp=3, ts=3, x0=735685034
P3, tp=3, ts=3, x0=249717375
P0, tp=3, ts=3, x0=313000855
P1, tp=3, ts=3
P1, tp=3, ts=3
P3, tp=3, ts=3, x0=367062533
P0, tp=3, ts=3, x0=715723205
P2, tp=3, ts=3
P1, tp=3, ts=3
P2, tp=3, ts=3
P2, tp=3, ts=3
P0, tp=3, ts=3, x0=405965086
P1, tp=3, ts=3
P1, tp=3, ts=3
P3, tp=3, ts=3, x0=23838
P1, tp=3, ts=3
P0, tp=3, ts=3, x0=836162962
P2, tp=3, ts=3
P2, tp=3, ts=3
P0, tp=3, ts=3, x0=227066681
P1, tp=3, ts=3
P0, tp=3, ts=3, x0=367062533
P0, tp=3, ts=3, x0=416374701
P3, tp=3, ts=3, x0=668751128
P3, tp=3, ts=3, x0=35347792
P3, tp=3, ts=3, x0=163061217
P1, tp=3, ts=3
P2, tp=3, ts=3
P1, tp=3, ts=3
P1, tp=3, ts=3
P0, tp=3, ts=3, x0=742926597
P1, tp=3, ts=3
P0, tp=3, ts=3, x0=677028439
P1, tp=3, ts=3
P2, tp=3, ts=3
P2, tp=3, ts=3
P0, tp=3, ts=3, x0=516765512
P3, tp=3, ts=3, x0=277349066
P1, tp=3, ts=3
P0, tp=3, ts=3, x0=757829496
P3, tp=3, ts=3, x0=552009898
P1, tp=3, ts=3
P3, tp=3, ts=3, x0=914498573
P1, tp=3, ts=3
P3, tp=3, ts=3, x0=375036726
P3, tp=3, ts=3, x0=425279847
P2, tp=3, ts=3
P2, tp=3, ts=3
P1, tp=3, ts=3
P0, tp=3, ts=3, x0=928016206
P3, tp=3, ts=3, x0=886151951
P3, tp=3, ts=3, x0=543992888
P0, tp=3, ts=3, x0=709611043
P2, tp=3, ts=3
P2, tp=3, ts=3
P0, tp=3, ts=3, x0=976062358
P3, tp=3, ts=3, x0=521237446
P0, tp=3, ts=3, x0=354584926
P0, tp=3, ts=3, x0=715723205
P1, tp=3, ts=3
P2, tp=3, ts=3
P1, tp=3, ts=3
P2, tp=3, ts=3
P2, tp=3, ts=3
P0, tp=3, ts=3, x0=28123380
P3, tp=3, ts=3, x0=678285908
P1, tp=3, ts=3
P0, tp=3, ts=3, x0=57919239
P0, tp=3, ts=3, x0=163061217
P0, tp=3, ts=3, x0=859657893
P0, tp=3, ts=3, x0=313000855
P0, tp=3, ts=3, x0=234108216
P0, tp=3, ts=3, x0=435046155
P1, tp=3, ts=3
P2, tp=3, ts=3
P0, tp=3, ts=3, x0=94191527
P1, tp=3, ts=3
P0, tp=3, ts=3, x0=314982384
P0, tp=3, ts=3, x0=782747705
P3, tp=3, ts=3, x0=836858184
P0, tp=3, ts=3, x0=483212117
P2, tp=3, ts=3
P0, tp=3, ts=3, x0=518614260
P0, tp=3, ts=3, x0=378028440
P0, tp=3, ts=3, x0=659936786
P2, tp=3, ts=3
P3, tp=3, ts=3, x0=804290433
P1, tp=3, ts=3
P3, tp=3, ts=3, x0=804290433
P0, tp=3, ts=3, x0=367062533
P0, tp=3, ts=3, x0=836162962
P2, tp=3, ts=3
P0, tp=3, ts=3, x0=524049753
P0, tp=3, ts=3, x0=852937355
P0, tp=3, ts=3, x0=277349066
P2, tp=3, ts=3
P3, tp=3, ts=3, x0=590015275
P3, tp=3, ts=3, x0=485435588
P3, tp=3, ts=3, x0=714681178
P2, tp=3, ts=3
P2, tp=3, ts=3
P1, tp=3, ts=3
P0, tp=3, ts=3, x0=234108216
P0, tp=3, ts=3, x0=590015275
P3, tp=3, ts=3, x0=758722199
P2, tp=3, ts=3
P2, tp=3, ts=3
P1, tp=3, ts=3
P3, tp=3, ts=3, x0=369252188
P2, tp=3, ts=3
P1, tp=3, ts=3
P3, tp=3, ts=3, x0=373298134
P0, tp=3, ts=3, x0=313000855
P0, tp=3, ts=3, x0=292801224
P0, tp=3, ts=3, x0=659936786
P2, tp=3, ts=3
P3, tp=3, ts=3, x0=914421722
P2, tp=3, ts=3
P2, tp=3, ts=3
P2, tp=3, ts=3
P1, tp=3, ts=3
P1, tp=3, ts=3
P0, tp=3, ts=3, x0=928016206
P1, tp=3, ts=3
P0, tp=3, ts=3, x0=686188530
P3, tp=3, ts=3, x0=58472454
P3, tp=3, ts=3, x0=859657893
P2, tp=3, ts=3
P2, tp=3, ts=3
P2, tp=3, ts=3
P0, tp=3, ts=3, x0=197320395
P3, tp=3, ts=3, x0=724934364
P3, tp=3, ts=3, x0=911008021
P2, tp=3, ts=3
P0, tp=3, ts=3, x0=836162962
P1, tp=3, ts=3
P3, tp=3, ts=3, x0=425279847
P1, tp=3, ts=3
P3, tp=3, ts=3, x0=859657893
P3, tp=3, ts=3, x0=804290433
P1, tp=3, ts=3
P2, tp=3, ts=3
P1, tp=3, ts=3
P3, tp=3, ts=3, x0=354584926
P2, tp=3, ts=3
P2, tp=3, ts=3
P3, tp=3, ts=3, x0=277349066
P3, tp=3, ts=3, x0=836162962
P1, tp=3, ts=3
P2, tp=3, ts=3
P1, tp=3, ts=3
P1, tp=3, ts=3
P0, tp=3, ts=3, x0=369252188
P1, tp=3, ts=3
P2, tp=3, ts=3
P2, tp=3, ts=3
P1, tp=3, ts=3
P0, tp=3, ts=3, x0=499520769
P0, tp=3, ts=3, x0=543992888
P0, tp=3, ts=3, x0=87348678
P2, tp=3, ts=3
P2, tp=3, ts=3
P1, tp=3, ts=3
P2, tp=3, ts=3
P1, tp=3, ts=3
P2, tp=3, ts=3
P0, tp=3, ts=3, x0=686188530
P3, tp=3, ts=3, x0=277349066
P3, tp=3, ts=3, x0=560240386
P2, tp=3, ts=3
P0, tp=3, ts=3, x0=714681178
P0, tp=3, ts=3, x0=659936786
P2, tp=3, ts=3
P3, tp=3, ts=3, x0=449967910
P2, tp=3, ts=3
P0, tp=3, ts=3, x0=679824419
P2, tp=3, ts=3
P0, tp=3, ts=3, x0=290156642
P2, tp=3, ts=3
P0, tp=3, ts=3, x0=425279847
P2, tp=3, ts=3
P1, tp=3, ts=3
P2, tp=3, ts=3
P0, tp=3, ts=3, x0=375036726
P0, tp=3, ts=3, x0=911008021
P0, tp=3, ts=3, x0=300874371
P1, tp=3, ts=3
P3, tp=3, ts=3, x0=94191527
P0, tp=3, ts=3, x0=410379847
P0, tp=3, ts=3, x0=249717375
P3, tp=3, ts=3, x0=750970743
P3, tp=3, ts=3, x0=587814251
P1, tp=3, ts=3
P2, tp=3, ts=3
P2, tp=3, ts=3
P2, tp=3, ts=3
P1, tp=3, ts=3
P0, tp=3, ts=3, x0=742997661
P1, tp=3, ts=3
P3, tp=3, ts=3, x0=742997661
P0, tp=3, ts=3, x0=483212117
P1, tp=3, ts=3
P3, tp=3, ts=3, x0=277349066
P2, tp=3, ts=3
P0, tp=3, ts=3, x0=884519888
P3, tp=3, ts=3, x0=292801224
P2, tp=3, ts=3
P2, tp=3, ts=3
P2, tp=3, ts=3
P1, tp=3, ts=3
P1, tp=3, ts=3
P0, tp=3, ts=3, x0=382459427
P1, tp=3, ts=3
P3, tp=3, ts=3, x0=778896462
P3, tp=3, ts=3, x0=511362766
P2, tp=3, ts=3
P0, tp=3, ts=3, x0=229602374
P0, tp=3, ts=3, x0=197320395
P3, tp=3, ts=3, x0=107287293
P3, tp=3, ts=3, x0=521237446
P3, tp=3, ts=3, x0=836162962
P1, tp=3, ts=3
P3, tp=3, ts=3, x0=485435588
P1, tp=3, ts=3
P3, tp=3, ts=3, x0=551695068
P3, tp=3, ts=3, x0=229602374
P3, tp=3, ts=3, x0=948624636
P0, tp=3, ts=3, x0=17208794
P2, tp=3, ts=3
P1, tp=3, ts=3
P3, tp=3, ts=3, x0=382459427
P2, tp=3, ts=3
P2, tp=3, ts=3
P0, tp=3, ts=3, x0=865139453
P1, tp=3, ts=3
P2, tp=3, ts=3
P1, tp=3, ts=3
P2, tp=3, ts=3
P2, tp=3, ts=3
P2, tp=3, ts=3
P3, tp=3, ts=3, x0=345065294
P1, tp=3, ts=3
P3, tp=3, ts=3, x0=914498573
P2, tp=3, ts=3
P0, tp=3, ts=3, x0=884519888
P0, tp=3, ts=3, x0=773414477
P1, tp=3, ts=3
P2, tp=3, ts=3
P2, tp=3, ts=3
P0, tp=3, ts=3, x0=293612122
P2, tp=3, ts=3
P1, tp=3, ts=3
P1, tp=3, ts=3
P0, tp=3, ts=3, x0=901371451
P1, tp=3, ts=3
P0, tp=3, ts=3, x0=543992888
P0, tp=3, ts=3, x0=354584926
P0, tp=3, ts=3, x0=425279847
P2, tp=3, ts=3
P1, tp=3, ts=3
P2, tp=3, ts=3
P1, tp=3, ts=3
P2, tp=3, ts=3
P2, tp=3, ts=3
P2, tp=3, ts=3
P3, tp=3, ts=3, x0=354584926
P2, tp=3, ts=3
P1, tp=3, ts=3
P0, tp=3, ts=3, x0=679824419
P3, tp=3, ts=3, x0=521237446
P1, tp=3, ts=3
P2, tp=3, ts=3
P2, tp=3, ts=3
P0, tp=3, ts=3, x0=677028439
P2, tp=3, ts=3
P3, tp=3, ts=3, x0=836162962
P2, tp=3, ts=3
P2, tp=3, ts=3
P1, tp=3, ts=3
P0, tp=3, ts=3, x0=197320395
P1, tp=3, ts=3
P2, tp=3, ts=3
P0, tp=3, ts=3, x0=229602374
P0, tp=3, ts=3, x0=543992888
P3, tp=3, ts=3, x0=524318503
P0, tp=3, ts=3, x0=782747705
P0, tp=3, ts=3, x0=28123380
P2, tp=3, ts=3
P1, tp=3, ts=3
P0, tp=3, ts=3, x0=677028439
P2, tp=3, ts=3
P1, tp=3, ts=3
P1, tp=3, ts=3
P0, tp=3, ts=3, x0=742926597
P1, tp=3, ts=3
P2, tp=3, ts=3
P2, tp=3, ts=3
P2, tp=3, ts=3
P3, tp=3, ts=3, x0=552009898
P2, tp=3, ts=3
P3, tp=3, ts=3, x0=94191527
P1, tp=3, ts=3
P2, tp=3, ts=3
P2, tp=3, ts=3
P1, tp=3, ts=3
P1, tp=3, ts=3
P1, tp=3, ts=3
P2, tp=3, ts=3
P3, tp=3, ts=3, x0=19413409
P0, tp=3, ts=3, x0=91484462
P3, tp=3, ts=3, x0=35347792
P3, tp=3, ts=3, x0=758722199
P1, tp=3, ts=3
P0, tp=3, ts=3, x0=57919239
P3, tp=3, ts=3, x0=390831443
P0, tp=3, ts=3, x0=485435588
P2, tp=3, ts=3
P0, tp=3, ts=3, x0=249717375
P1, tp=3, ts=3
P0, tp=3, ts=3, x0=483212117
P1, tp=3, ts=3
P0, tp=3, ts=3, x0=635466060
P0, tp=3, ts=3, x0=87348678
P3, tp=3, ts=3, x0=410379847
P2, tp=3, ts=3
P1, tp=3, ts=3
P3, tp=3, ts=3, x0=928016206
P0, tp=3, ts=3, x0=428400477
P1, tp=3, ts=3
P3, tp=3, ts=3, x0=521237446
P3, tp=3, ts=3, x0=499919615
P1, tp=3, ts=3
P0, tp=3, ts=3, x0=58472454
P3, tp=3, ts=3, x0=800699294
P3, tp=3, ts=3, x0=742997661
P3, tp=3, ts=3, x0=290156642
P0, tp=3, ts=3, x0=382459427
P2, tp=3, ts=3
P3, tp=3, ts=3, x0=773414477
P1, tp=3, ts=3
P0, tp=3, ts=3, x0=543992888
P2, tp=3, ts=3
P0, tp=3, ts=3, x0=660157434
P0, tp=3, ts=3, x0=435046155
P1, tp=3, ts=3
P2, tp=3, ts=3
P2, tp=3, ts=3
P3, tp=3, ts=3, x0=773414477
P1, tp=3, ts=3
P2, tp=3, ts=3
P1, tp=3, ts=3
P3, tp=3, ts=3, x0=28123380
P2, tp=3, ts=3
P1, tp=3, ts=3
P0, tp=3, ts=3, x0=292801224
P2, tp=3, ts=3
P0, tp=3, ts=3, x0=122874324
P1, tp=3, ts=3
P2, tp=3, ts=3
P1, tp=3, ts=3
P3, tp=3, ts=3, x0=425279847
P3, tp=3, ts=3, x0=552009898
P1, tp=3, ts=3
P1, tp=3, ts=3
P1, tp=3, ts=3
P1, tp=3, ts=3
P3, tp=3, ts=3, x0=229602374
P3, tp=3, ts=3, x0=635466060
P2, tp=3, ts=3
P3, tp=3, ts=3, x0=107287293
P3, tp=3, ts=3, x0=531025210
P2, tp=3, ts=3
P3, tp=3, ts=3, x0=358020821
P1, tp=3, ts=3
P3, tp=3, ts=3, x0=679824419
P3, tp=3, ts=3, x0=587814251
P2, tp=3, ts=3
P2, tp=3, ts=3
P2, tp=3, ts=3
P3, tp=3, ts=3, x0=911008021
P2, tp=3, ts=3
P0, tp=3, ts=3, x0=679824419
P1, tp=3, ts=3
P3, tp=3, ts=3, x0=782747705
P2, tp=3, ts=3
P2, tp=3, ts=3
P0, tp=3, ts=3, x0=686188530
P1, tp=3, ts=3
P2, tp=3, ts=3
P1, tp=3, ts=3
P3, tp=3, ts=3, x0=715723205
P2, tp=3, ts=3
P3, tp=3, ts=3, x0=390831443
P1, tp=3, ts=3
P2, tp=3, ts=3
P1, tp=3, ts=3
P2, tp=3, ts=3
P3, tp=3, ts=3, x0=782747705
P0, tp=3, ts=3, x0=17208794
P2, tp=3, ts=3
P2, tp=3, ts=3
P3, tp=3, ts=3, x0=485982654
P1, tp=3, ts=3
P2, tp=3, ts=3
P3, tp=3, ts=3, x0=82146286
P1, tp=3, ts=3
P2, tp=3, ts=3
P2, tp=3, ts=3
P1, tp=3, ts=3
P1, tp=3, ts=3
P1, tp=3, ts=3
P0, tp=3, ts=3, x0=911008021
P3, tp=3, ts=3, x0=229602374
P1, tp=3, ts=3
P2, tp=3, ts=3
P2, tp=3, ts=3
P3, tp=3, ts=3, x0=50340100
P1, tp=3, ts=3
P2, tp=3, ts=3
P3, tp=3, ts=3, x0=313000855
P2, tp=3, ts=3
P2, tp=3, ts=3
P3, tp=3, ts=3, x0=531025210
P0, tp=3, ts=3, x0=9009958
P2, tp=3, ts=3
P1, tp=3, ts=3
P3, tp=3, ts=3, x0=287234369
P3, tp=3, ts=3, x0=91484462
P0, tp=3, ts=3, x0=836162962
P2, tp=3, ts=3
P2, tp=3, ts=3
P3, tp=3, ts=3, x0=249717375
P2, tp=3, ts=3
P2, tp=3, ts=3
P2, tp=3, ts=3
P0, tp=3, ts=3, x0=635466060
P2, tp=3, ts=3
P3, tp=3, ts=3, x0=107287293
P1, tp=3, ts=3
P2, tp=3, ts=3
P3, tp=3, ts=3, x0=87348678
P2, tp=3, ts=3
P1, tp=3, ts=3
P1, tp=3, ts=3
P2, tp=3, ts=3
P2, tp=3, ts=3
P1, tp=3, ts=3
P0, tp=3, ts=3, x0=809014425
P1, tp=3, ts=3
P2, tp=3, ts=3
P1, tp=3, ts=3
P1, tp=3, ts=3
P0, tp=3, ts=3, x0=353081573
P0, tp=3, ts=3, x0=511362766
P3, tp=3, ts=3, x0=9009958
P1, tp=3, ts=3
P1, tp=3, ts=3
P0, tp=3, ts=3, x0=723499295
P0, tp=3, ts=3, x0=410379847
P2, tp=3, ts=3
P1, tp=3, ts=3
P1, tp=3, ts=3
P1, tp=3, ts=3
P1, tp=3, ts=3
P3, tp=3, ts=3, x0=809014425
P1, tp=3, ts=3
P1, tp=3, ts=3
P2, tp=3, ts=3
P1, tp=3, ts=3
P0, tp=3, ts=3, x0=679824419
P0, tp=3, ts=3, x0=354584926
P2, tp=3, ts=3
P3, tp=3, ts=3, x0=19413409
P3, tp=3, ts=3, x0=82146286
P3, tp=3, ts=3, x0=382459427
P2, tp=3, ts=3
P0, tp=3, ts=3, x0=375036726
P3, tp=3, ts=3, x0=742997661
P3, tp=3, ts=3, x0=521237446
P0, tp=3, ts=3, x0=382459427
P3, tp=3, ts=3, x0=107287293
P3, tp=3, ts=3, x0=435046155
P0, tp=3, ts=3, x0=725883183
P2, tp=3, ts=3
P1, tp=3, ts=3
P0, tp=3, ts=3, x0=107287293
P1, tp=3, ts=3
P3, tp=3, ts=3, x0=373298134
P3, tp=3, ts=3, x0=511362766
P3, tp=3, ts=3, x0=163061217
P1, tp=3, ts=3
P0, tp=3, ts=3, x0=800699294
P1, tp=3, ts=3
P1, tp=3, ts=3
P0, tp=3, ts=3, x0=293612122
P0, tp=3, ts=3, x0=287234369
P1, tp=3, ts=3
P2, tp=3, ts=3
P1, tp=3, ts=3
P0, tp=3, ts=3, x0=103883434
P2, tp=3, ts=3
P3, tp=3, ts=3, x0=679824419
P0, tp=3, ts=3, x0=619094323
P0, tp=3, ts=3, x0=587814251
P2, tp=3, ts=3
P2, tp=3, ts=3
P0, tp=3, ts=3, x0=836162962
P2, tp=3, ts=3
P2, tp=3, ts=3
P2, tp=3, ts=3
P1, tp=3, ts=3
P2, tp=3, ts=3
P3, tp=3, ts=3, x0=35347792
P3, tp=3, ts=3, x0=723499295
P2, tp=3, ts=3
P2, tp=3, ts=3
P3, tp=3, ts=3, x0=678285908
P0, tp=3, ts=3, x0=721139557
P0, tp=3, ts=3, x0=50340100
P2, tp=3, ts=3
P3, tp=3, ts=3, x0=19413409
P0, tp=3, ts=3, x0=410379847
P1, tp=3, ts=3
P3, tp=3, ts=3, x0=886151951
P0, tp=3, ts=3, x0=41017260
P1, tp=3, ts=3
P3, tp=3, ts=3, x0=724934364
P3, tp=3, ts=3, x0=531025210
P2, tp=3, ts=3
P1, tp=3, ts=3
P2, tp=3, ts=3
P1, tp=3, ts=3
P3, tp=3, ts=3, x0=560240386
P1, tp=3, ts=3
P0, tp=3, ts=3, x0=58472454
P1, tp=3, ts=3
P2, tp=3, ts=3
P2, tp=3, ts=3
P0, tp=3, ts=3, x0=229602374
P2, tp=3, ts=3
P1, tp=3, ts=3
P2, tp=3, ts=3
P3, tp=3, ts=3, x0=619094323
P0, tp=3, ts=3, x0=28123380
P2, tp=3, ts=3
P1, tp=3, ts=3
P3, tp=3, ts=3, x0=531025210
P1, tp=3, ts=3
P2, tp=3, ts=3
P1, tp=3, ts=3
P2, tp=3, ts=3
P3, tp=3, ts=3, x0=948624636
P1, tp=3, ts=3
P0, tp=3, ts=3, x0=58472454
P3, tp=3, ts=3, x0=499520769
P2, tp=3, ts=3
P2, tp=3, ts=3
P0, tp=3, ts=3, x0=635466060
P0, tp=3, ts=3, x0=619094323
P2, tp=3, ts=3
P1, tp=3, ts=3
P2, tp=3, ts=3
P0, tp=3, ts=3, x0=895050005
P3, tp=3, ts=3, x0=778896462
P1, tp=3, ts=3
P2, tp=3, ts=3
P3, tp=3, ts=3, x0=948624636
P3, tp=3, ts=3, x0=14884036
P2, tp=3, ts=3
P3, tp=3, ts=3, x0=28123380
P1, tp=3, ts=3
P3, tp=3, ts=3, x0=782747705
P2, tp=3, ts=3
P2, tp=3, ts=3
P2, tp=3, ts=3
P1, tp=3, ts=3
P1, tp=3, ts=3
P1, tp=3, ts=3
P3, tp=3, ts=3, x0=914498573
P0, tp=3, ts=3, x0=358020821
P1, tp=3, ts=3
P2, tp=3, ts=3
P0, tp=3, ts=3, x0=773414477
P1, tp=3, ts=3
P3, tp=3, ts=3, x0=592114432
P3, tp=3, ts=3, x0=19413409
P0, tp=3, ts=3, x0=353081573
P3, tp=3, ts=3, x0=242232605
P1, tp=3, ts=3
P0, tp=3, ts=3, x0=158721549
P1, tp=3, ts=3
P0, tp=3, ts=3, x0=481001251
P0, tp=3, ts=3, x0=425279847
P2, tp=3, ts=3
P2, tp=3, ts=3
P0, tp=3, ts=3, x0=354584926
P2, tp=3, ts=3
P1, tp=3, ts=3
P3, tp=3, ts=3, x0=103883434
P1, tp=3, ts=3
P1, tp=3, ts=3
P0, tp=3, ts=3, x0=28123380
P2, tp=3, ts=3
P0, tp=3, ts=3, x0=373298134
P2, tp=3, ts=3
P1, tp=3, ts=3
P2, tp=3, ts=3
P3, tp=3, ts=3, x0=518614260
P3, tp=3, ts=3, x0=449967910
P2, tp=3, ts=3
P3, tp=3, ts=3, x0=367062533
P3, tp=3, ts=3, x0=485982654
P0, tp=3, ts=3, x0=587814251
P1, tp=3, ts=3
P3, tp=3, ts=3, x0=483212117
P1, tp=3, ts=3
P0, tp=3, ts=3, x0=19413409
P1, tp=3, ts=3
P3, tp=3, ts=3, x0=210400692
P3, tp=3, ts=3, x0=224034088
P3, tp=3, ts=3, x0=122874324
P1, tp=3, ts=3
P3, tp=3, ts=3, x0=511362766
P1, tp=3, ts=3
P0, tp=3, ts=3, x0=94191527
P3, tp=3, ts=3, x0=435046155
P2, tp=3, ts=3
P3, tp=3, ts=3, x0=87348678
P2, tp=3, ts=3
P0, tp=3, ts=3, x0=7269934
P1, tp=3, ts=3
P2, tp=3, ts=3
P0, tp=3, ts=3, x0=353081573
P1, tp=3, ts=3
P2, tp=3, ts=3
P0, tp=3, ts=3, x0=94191527
P1, tp=3, ts=3
P1, tp=3, ts=3
P2, tp=3, ts=3
P1, tp=3, ts=3
P2, tp=3, ts=3
P1, tp=3, ts=3
P0, tp=3, ts=3, x0=9009958
P1, tp=3, ts=3
P2, tp=3, ts=3
P0, tp=3, ts=3, x0=590015275
P0, tp=3, ts=3, x0=678285908
P1, tp=3, ts=3
P2, tp=3, ts=3
P2, tp=3, ts=3
P3, tp=3, ts=3, x0=543992888
P0, tp=3, ts=3, x0=57919239
P2, tp=3, ts=3
P2, tp=3, ts=3
P2, tp=3, ts=3
P2, tp=3, ts=3
P0, tp=3, ts=3, x0=485435588
P2, tp=3, ts=3
P1, tp=3, ts=3
P2, tp=3, ts=3
P0, tp=3, ts=3, x0=778896462
P1, tp=3, ts=3
P0, tp=3, ts=3, x0=721139557
P3, tp=3, ts=3, x0=521237446
P3, tp=3, ts=3, x0=197320395
P3, tp=3, ts=3, x0=435046155
P0, tp=3, ts=3, x0=122874324
P0, tp=3, ts=3, x0=91484462
P3, tp=3, ts=3, x0=158721549
P0, tp=3, ts=3, x0=210400692
P1, tp=3, ts=3
P0, tp=3, ts=3, x0=350135839
P2, tp=3, ts=3
P1, tp=3, ts=3
P2, tp=3, ts=3
P1, tp=3, ts=3
P3, tp=3, ts=3, x0=524049753
P1, tp=3, ts=3
P2, tp=3, ts=3
P3, tp=3, ts=3, x0=435046155
P1, tp=3, ts=3
P1, tp=3, ts=3
P2, tp=3, ts=3
P2, tp=3, ts=3
P1, tp=3, ts=3
P3, tp=3, ts=3, x0=771452670
P3, tp=3, ts=3, x0=914421722
P2, tp=3, ts=3
P3, tp=3, ts=3, x0=35347792
P1, tp=3, ts=3
P3, tp=3, ts=3, x0=895050005
P0, tp=3, ts=3, x0=560240386
P1, tp=3, ts=3
P1, tp=3, ts=3
P1, tp=3, ts=3
P1, tp=3, ts=3
P0, tp=3, ts=3, x0=313000855
P0, tp=3, ts=3, x0=518614260
P2, tp=3, ts=3
P3, tp=3, ts=3, x0=976062358
P3, tp=3, ts=3, x0=41017260
P3, tp=3, ts=3, x0=197320395
P0, tp=3, ts=3, x0=369252188
P0, tp=3, ts=3, x0=677028439
P1, tp=3, ts=3
P0, tp=3, ts=3, x0=82146286
P2, tp=3, ts=3
P0, tp=3, ts=3, x0=300874371
P2, tp=3, ts=3
P3, tp=3, ts=3, x0=358020821
P0, tp=3, ts=3, x0=242232605
P3, tp=3, ts=3, x0=518614260
P1, tp=3, ts=3
P3, tp=3, ts=3, x0=158721549
P2, tp=3, ts=3
P0, tp=3, ts=3, x0=242232605
P1, tp=3, ts=3
P2, tp=3, ts=3
P1, tp=3, ts=3
P0, tp=3, ts=3, x0=677028439
P2, tp=3, ts=3
P1, tp=3, ts=3
P3, tp=3, ts=3, x0=82146286
P2, tp=3, ts=3
P0, tp=3, ts=3, x0=293612122
P2, tp=3, ts=3
P2, tp=3, ts=3
P0, tp=3, ts=3, x0=524049753
P0, tp=3, ts=3, x0=485435588
P1, tp=3, ts=3
P2, tp=3, ts=3
P2, tp=3, ts=3
P0, tp=3, ts=3, x0=28123380
P2, tp=3, ts=3
P0, tp=3, ts=3, x0=58472454
P3, tp=3, ts=3, x0=911008021
P0, tp=3, ts=3, x0=721139557
P3, tp=3, ts=3, x0=816192593
P1, tp=3, ts=3
P0, tp=3, ts=3, x0=7269934
P3, tp=3, ts=3, x0=390831443
P2, tp=3, ts=3
P2, tp=3, ts=3
P2, tp=3, ts=3
P3, tp=3, ts=3, x0=800699294
P0, tp=3, ts=3, x0=224034088
P3, tp=3, ts=3, x0=107287293
P2, tp=3, ts=3
P0, tp=3, ts=3, x0=449967910
P1, tp=3, ts=3
P2, tp=3, ts=3
P3, tp=3, ts=3, x0=57919239
P3, tp=3, ts=3, x0=660157434
P0, tp=3, ts=3, x0=511362766
P3, tp=3, ts=3, x0=28123380
P1, tp=3, ts=3
P0, tp=3, ts=3, x0=981708921
P2, tp=3, ts=3
P3, tp=3, ts=3, x0=635466060
P2, tp=3, ts=3
P0, tp=3, ts=3, x0=590015275
P3, tp=3, ts=3, x0=973098385
P2, tp=3, ts=3
P0, tp=3, ts=3, x0=886151951
P0, tp=3, ts=3, x0=350135839
P3, tp=3, ts=3, x0=57919239
P1, tp=3, ts=3
P2, tp=3, ts=3
P2, tp=3, ts=3
P3, tp=3, ts=3, x0=135805058
P3, tp=3, ts=3, x0=666069912
P3, tp=3, ts=3, x0=382459427
P1, tp=3, ts=3
P0, tp=3, ts=3, x0=432227463
P2, tp=3, ts=3
P1, tp=3, ts=3
P1, tp=3, ts=3
P1, tp=3, ts=3
P1, tp=3, ts=3
P1, tp=3, ts=3
P1, tp=3, ts=3
P1, tp=3, ts=3
P3, tp=3, ts=3, x0=350135839
P1, tp=3, ts=3
P3, tp=3, ts=3, x0=665794784
P3, tp=3, ts=3, x0=714681178
P3, tp=3, ts=3, x0=87348678
P2, tp=3, ts=3
P3, tp=3, ts=3, x0=300874371
P3, tp=3, ts=3, x0=17208794
P1, tp=3, ts=3
P0, tp=3, ts=3, x0=435046155
P2, tp=3, ts=3
P1, tp=3, ts=3
P3, tp=3, ts=3, x0=428400477
P3, tp=3, ts=3, x0=249717375
P2, tp=3, ts=3
P2, tp=3, ts=3
P2, tp=3, ts=3
P1, tp=3, ts=3
P0, tp=3, ts=3, x0=725883183
P1, tp=3, ts=3
P0, tp=3, ts=3, x0=800699294
P3, tp=3, ts=3, x0=41017260
P3, tp=3, ts=3, x0=57919239
P0, tp=3, ts=3, x0=483212117
P0, tp=3, ts=3, x0=981708921
P2, tp=3, ts=3
P1, tp=3, ts=3
P1, tp=3, ts=3
P2, tp=3, ts=3
P3, tp=3, ts=3, x0=481001251
P3, tp=3, ts=3, x0=483212117
P0, tp=3, ts=3, x0=287234369
P0, tp=3, ts=3, x0=107287293
P2, tp=3, ts=3
P3, tp=3, ts=3, x0=724934364
P3, tp=3, ts=3, x0=800699294
P2, tp=3, ts=3
P3, tp=3, ts=3, x0=432227463
P3, tp=3, ts=3, x0=721139557
P0, tp=3, ts=3, x0=28123380
P3, tp=3, ts=3, x0=87348678
P0, tp=3, ts=3, x0=750970743
P0, tp=3, ts=3, x0=19413409
P3, tp=3, ts=3, x0=345065294
P2, tp=3, ts=3
P3, tp=3, ts=3, x0=923843939
P1, tp=3, ts=3
P1, tp=3, ts=3
P3, tp=3, ts=3, x0=158721549
P3, tp=3, ts=3, x0=82146286
P1, tp=3, ts=3
P2, tp=3, ts=3
P0, tp=3, ts=3, x0=511362766
P1, tp=3, ts=3
P2, tp=3, ts=3
P1, tp=3, ts=3
P0, tp=3, ts=3, x0=367062533
P3, tp=3, ts=3, x0=449967910
P1, tp=3, ts=3
P3, tp=3, ts=3, x0=590015275
P3, tp=3, ts=3, x0=782747705
P1, tp=3, ts=3
P1, tp=3, ts=3
P3, tp=3, ts=3, x0=750970743
P1, tp=3, ts=3
P1, tp=3, ts=3
P0, tp=3, ts=3, x0=636201402
P2, tp=3, ts=3
P0, tp=3, ts=3, x0=665794784
P3, tp=3, ts=3, x0=499919615
P1, tp=3, ts=3
P1, tp=3, ts=3
P3, tp=3, ts=3, x0=449967910
P0, tp=3, ts=3, x0=587814251
P2, tp=3, ts=3
P2, tp=3, ts=3
P3, tp=3, ts=3, x0=57919239
P3, tp=3, ts=3, x0=524318503
P1, tp=3, ts=3
P0, tp=3, ts=3, x0=481001251
P3, tp=3, ts=3, x0=635466060
P0, tp=3, ts=3, x0=292801224
P2, tp=3, ts=3
P1, tp=3, ts=3
P2, tp=3, ts=3
P1, tp=3, ts=3
P2, tp=3, ts=3
P2, tp=3, ts=3
P0, tp=3, ts=3, x0=382459427
P3, tp=3, ts=3, x0=57919239
P0, tp=3, ts=3, x0=292801224
P2, tp=3, ts=3
P2, tp=3, ts=3
P3, tp=3, ts=3, x0=249717375
P1, tp=3, ts=3
P2, tp=3, ts=3
P1, tp=3, ts=3
P0, tp=3, ts=3, x0=485982654
P2, tp=3, ts=3
P0, tp=3, ts=3, x0=715723205
P1, tp=3, ts=3
P1, tp=3, ts=3
P2, tp=3, ts=3
P2, tp=3, ts=3
P2, tp=3, ts=3
P0, tp=3, ts=3, x0=976062358
P2, tp=3, ts=3
P0, tp=3, ts=3, x0=35347792
P2, tp=3, ts=3
P2, tp=3, ts=3
P0, tp=3, ts=3, x0=249717375
P2, tp=3, ts=3
P3, tp=3, ts=3, x0=369252188
P3, tp=3, ts=3, x0=87348678
P0, tp=3, ts=3, x0=590015275
P0, tp=3, ts=3, x0=367062533
P3, tp=3, ts=3, x0=103883434
P1, tp=3, ts=3
P1, tp=3, ts=3
P1, tp=3, ts=3
P2, tp=3, ts=3
P2, tp=3, ts=3
P1, tp=4, ts=4
P3, tp=4, ts=4, x0=28123380
P0, tp=4, ts=4, x0=242232605
P3, tp=4, ts=4, x0=735685034
P3, tp=4, ts=4, x0=923843939
P2, tp=4, ts=4
P3, tp=4, ts=4, x0=973098385
P0, tp=4, ts=4, x0=287234369
P0, tp=4, ts=4, x0=660157434
P0, tp=4, ts=4, x0=647786055
P3, tp=4, ts=4, x0=382459427
P2, tp=4, ts=4
P1, tp=4, ts=4
P1, tp=4, ts=4
P3, tp=4, ts=4, x0=590015275
P0, tp=4, ts=4, x0=590015275
P0, tp=4, ts=4, x0=714681178
P2, tp=4, ts=4
P2, tp=4, ts=4
P3, tp=4, ts=4, x0=636201402
P1, tp=4, ts=4
P1, tp=4, ts=4
P3, tp=4, ts=4, x0=103883434
P3, tp=4, ts=4, x0=373298134
P0, tp=4, ts=4, x0=114375686
P1, tp=4, ts=4
P0, tp=4, ts=4, x0=242232605
P1, tp=4, ts=4
P3, tp=4, ts=4, x0=587814251
P2, tp=4, ts=4
P0, tp=4, ts=4, x0=816192593
P3, tp=4, ts=4, x0=483212117
P1, tp=4, ts=4
P0, tp=4, ts=4, x0=35347792
P2, tp=4, ts=4
P2, tp=4, ts=4
P0, tp=4, ts=4, x0=249717375
P2, tp=4, ts=4
P1, tp=4, ts=4
P2, tp=4, ts=4
P3, tp=4, ts=4, x0=781549095
P3, tp=4, ts=4, x0=224034088
P3, tp=4, ts=4, x0=976062358
P3, tp=4, ts=4, x0=750970743
P3, tp=4, ts=4, x0=973098385
P2, tp=4, ts=4
P0, tp=4, ts=4, x0=197320395
P0, tp=4, ts=4, x0=375036726
P1, tp=4, ts=4
P3, tp=4, ts=4, x0=410379847
P1, tp=4, ts=4
P2, tp=4, ts=4
P1, tp=4, ts=4
P1, tp=4, ts=4
P2, tp=4, ts=4
P0, tp=4, ts=4, x0=590015275
P3, tp=4, ts=4, x0=373298134
P0, tp=4, ts=4, x0=836162962
P3, tp=4, ts=4, x0=107287293
P1, tp=4, ts=4
P3, tp=4, ts=4, x0=367062533
P3, tp=4, ts=4, x0=757887469
P0, tp=4, ts=4, x0=82146286
P1, tp=4, ts=4
P0, tp=4, ts=4, x0=750970743
P2, tp=4, ts=4
P3, tp=4, ts=4, x0=249717375
P2, tp=4, ts=4
P0, tp=4, ts=4, x0=485435588
P1, tp=4, ts=4
P3, tp=4, ts=4, x0=778896462
P3, tp=4, ts=4, x0=292801224
P0, tp=4, ts=4, x0=836162962
P0, tp=4, ts=4, x0=973098385
P0, tp=4, ts=4, x0=809014425
P3, tp=4, ts=4, x0=249717375
P1, tp=4, ts=4
P1, tp=4, ts=4
P0, tp=4, ts=4, x0=773414477
P0, tp=4, ts=4, x0=210400692
P0, tp=4, ts=4, x0=369252188
P3, tp=4, ts=4, x0=511362766
P3, tp=4, ts=4, x0=19413409
P1, tp=4, ts=4
P0, tp=4, ts=4, x0=358020821
P0, tp=4, ts=4, x0=428400477
P2, tp=4, ts=4
P0, tp=4, ts=4, x0=103883434
P2, tp=4, ts=4
P0, tp=4, ts=4, x0=57919239
P1, tp=4, ts=4
P3, tp=4, ts=4, x0=19413409
P1, tp=4, ts=4
P2, tp=4, ts=4
P1, tp=4, ts=4
P1, tp=4, ts=4
P2, tp=4, ts=4
P2, tp=4, ts=4
P3, tp=4, ts=4, x0=758722199
P2, tp=4, ts=4
P2, tp=4, ts=4
P3, tp=4, ts=4, x0=369252188
P2, tp=4, ts=4
P2, tp=4, ts=4
P3, tp=4, ts=4, x0=135805058
P3, tp=4, ts=4, x0=723499295
P0, tp=4, ts=4, x0=724934364
P0, tp=4, ts=4, x0=242232605
P0, tp=4, ts=4, x0=158721549
P2, tp=4, ts=4
P1, tp=4, ts=4
P0, tp=4, ts=4, x0=531025210
P3, tp=4, ts=4, x0=518614260
P2, tp=4, ts=4
P3, tp=4, ts=4, x0=635466060
P0, tp=4, ts=4, x0=836162962
P0, tp=4, ts=4, x0=358020821
P2, tp=4, ts=4
P3, tp=4, ts=4, x0=895050005
P3, tp=4, ts=4, x0=690945555
P3, tp=4, ts=4, x0=107287293
P1, tp=4, ts=4
P0, tp=4, ts=4, x0=511362766
P0, tp=4, ts=4, x0=690945555
P2, tp=4, ts=4
P1, tp=4, ts=4
P2, tp=4, ts=4
P1, tp=4, ts=4
P0, tp=4, ts=4, x0=375036726
P0, tp=4, ts=4, x0=425279847
P0, tp=4, ts=4, x0=725883183
P3, tp=4, ts=4, x0=592114432
P1, tp=4, ts=4
P1, tp=4, ts=4
P1, tp=4, ts=4
P1, tp=4, ts=4
P0, tp=4, ts=4, x0=721139557
P3, tp=4, ts=4, x0=665794784
P3, tp=4, ts=4, x0=367062533
P0, tp=4, ts=4, x0=592114432
P3, tp=4, ts=4, x0=560240386
P2, tp=4, ts=4
P0, tp=4, ts=4, x0=914421722
P3, tp=4, ts=4, x0=690945555
P2, tp=4, ts=4
P2, tp=4, ts=4
P3, tp=4, ts=4, x0=9009958
P3, tp=4, ts=4, x0=678285908
P3, tp=4, ts=4, x0=158721549
P2, tp=4, ts=4
P0, tp=4, ts=4, x0=923843939
P0, tp=4, ts=4, x0=773414477
P2, tp=4, ts=4
P3, tp=4, ts=4, x0=375036726
P2, tp=4, ts=4
P0, tp=4, ts=4, x0=973098385
P1, tp=4, ts=4
P3, tp=4, ts=4, x0=410379847
P2, tp=4, ts=4
P2, tp=4, ts=4
P2, tp=4, ts=4
P1, tp=4, ts=4
P3, tp=4, ts=4, x0=524318503
P1, tp=4, ts=4
P3, tp=4, ts=4, x0=57919239
P0, tp=4, ts=4, x0=358020821
P1, tp=4, ts=4
P0, tp=4, ts=4, x0=97101423
P0, tp=4, ts=4, x0=483212117
P3, tp=4, ts=4, x0=911008021
P0, tp=4, ts=4, x0=357483501
P2, tp=4, ts=4
P0, tp=4, ts=4, x0=197320395
P0, tp=4, ts=4, x0=524318503
P3, tp=4, ts=4, x0=865139453
P1, tp=4, ts=4
P2, tp=4, ts=4
P0, tp=4, ts=4, x0=511362766
P0, tp=4, ts=4, x0=357483501
P3, tp=4, ts=4, x0=809014425
P2, tp=4, ts=4
P2, tp=4, ts=4
P2, tp=4, ts=4
P1, tp=4, ts=4
P1, tp=4, ts=4
P2, tp=4, ts=4
P1, tp=4, ts=4
P2, tp=4, ts=4
P0, tp=4, ts=4, x0=174531847
P0, tp=4, ts=4, x0=410379847
P0, tp=4, ts=4, x0=4784336
P1, tp=4, ts=4
P1, tp=4, ts=4
P0, tp=4, ts=4, x0=357483501
P2, tp=4, ts=4
P1, tp=4, ts=4
P1, tp=4, ts=4
P3, tp=4, ts=4, x0=560240386
P2, tp=4, ts=4
P3, tp=4, ts=4, x0=224034088
P1, tp=4, ts=4
P3, tp=4, ts=4, x0=690945555
P0, tp=4, ts=4, x0=114375686
P0, tp=4, ts=4, x0=199164441
P1, tp=4, ts=4
P0, tp=4, ts=4, x0=724934364
P0, tp=4, ts=4, x0=914421722
P3, tp=4, ts=4, x0=666069912
P0, tp=4, ts=4, x0=292801224
P2, tp=4, ts=4
P0, tp=4, ts=4, x0=911008021
P2, tp=4, ts=4
P3, tp=4, ts=4, x0=55627669
P2, tp=4, ts=4
P3, tp=4, ts=4, x0=800699294
P0, tp=4, ts=4, x0=425279847
P1, tp=4, ts=4
P1, tp=4, ts=4
P2, tp=4, ts=4
P2, tp=4, ts=4
P2, tp=4, ts=4
P2, tp=4, ts=4
P0, tp=4, ts=4, x0=735685034
P0, tp=4, ts=4, x0=735685034
P0, tp=4, ts=4, x0=531025210
P0, tp=4, ts=4, x0=725883183
P1, tp=4, ts=4
P1, tp=4, ts=4
P1, tp=4, ts=4
P3, tp=4, ts=4, x0=242232605
P3, tp=4, ts=4, x0=35347792
P1, tp=4, ts=4
P3, tp=4, ts=4, x0=41017260
P1, tp=4, ts=4
P2, tp=4, ts=4
P2, tp=4, ts=4
P1, tp=4, ts=4
P0, tp=4, ts=4, x0=771452670
P1, tp=4, ts=4
P2, tp=4, ts=4
P0, tp=4, ts=4, x0=229602374
P3, tp=4, ts=4, x0=97101423
P3, tp=4, ts=4, x0=249717375
P2, tp=4, ts=4
P3, tp=4, ts=4, x0=91484462
P0, tp=4, ts=4, x0=97101423
P1, tp=4, ts=4
P2, tp=4, ts=4
P3, tp=4, ts=4, x0=714681178
P0, tp=4, ts=4, x0=914421722
P3, tp=4, ts=4, x0=358020821
P2, tp=4, ts=4
P2, tp=4, ts=4
P1, tp=4, ts=4
P1, tp=4, ts=4
P0, tp=4, ts=4, x0=369252188
P0, tp=4, ts=4, x0=809014425
P2, tp=4, ts=4
P0, tp=4, ts=4, x0=432227463
P3, tp=4, ts=4, x0=590015275
P2, tp=4, ts=4
P3, tp=4, ts=4, x0=587814251
P3, tp=4, ts=4, x0=425279847
P2, tp=4, ts=4
P3, tp=4, ts=4, x0=840851095
P2, tp=4, ts=4
P3, tp=4, ts=4, x0=9009958
P1, tp=4, ts=4
P0, tp=4, ts=4, x0=521237446
P3, tp=4, ts=4, x0=9009958
P1, tp=4, ts=4
P3, tp=4, ts=4, x0=55627669
P1, tp=4, ts=4
P0, tp=4, ts=4, x0=723499295
P0, tp=4, ts=4, x0=114375686
P3, tp=4, ts=4, x0=158721549
P1, tp=4, ts=4
P0, tp=4, ts=4, x0=928016206
P2, tp=4, ts=4
P2, tp=4, ts=4
P0, tp=4, ts=4, x0=481711494
P0, tp=4, ts=4, x0=428400477
P2, tp=4, ts=4
P1, tp=4, ts=4
P3, tp=4, ts=4, x0=665794784
P1, tp=4, ts=4
P0, tp=4, ts=4, x0=57919239
P3, tp=4, ts=4, x0=758722199
P1, tp=4, ts=4
P1, tp=4, ts=4
P0, tp=4, ts=4, x0=928016206
P3, tp=4, ts=4, x0=158721549
P2, tp=4, ts=4
P3, tp=4, ts=4, x0=714681178
P3, tp=4, ts=4, x0=665794784
P1, tp=4, ts=4
P2, tp=4, ts=4
P1, tp=4, ts=4
P1, tp=4, ts=4
P2, tp=4, ts=4
P1, tp=4, ts=4
P2, tp=4, ts=4
P0, tp=4, ts=4, x0=210400692
P1, tp=4, ts=4
P0, tp=4, ts=4, x0=723499295
P2, tp=4, ts=4
P3, tp=4, ts=4, x0=865139453
P1, tp=4, ts=4
P2, tp=4, ts=4
P0, tp=4, ts=4, x0=473052517
P0, tp=4, ts=4, x0=103883434
P1, tp=4, ts=4
P1, tp=4, ts=4
P1, tp=4, ts=4
P3, tp=4, ts=4, x0=861545272
P0, tp=4, ts=4, x0=690945555
P3, tp=4, ts=4, x0=923843939
P3, tp=4, ts=4, x0=531025210
P2, tp=4, ts=4
P1, tp=4, ts=4
P2, tp=4, ts=4
P3, tp=4, ts=4, x0=914421722
P0, tp=4, ts=4, x0=373298134
P3, tp=4, ts=4, x0=518614260
P1, tp=4, ts=4
P2, tp=4, ts=4
P2, tp=4, ts=4
P0, tp=4, ts=4, x0=353081573
P3, tp=4, ts=4, x0=7269934
P2, tp=4, ts=4
P0, tp=4, ts=4, x0=735685034
P2, tp=4, ts=4
P0, tp=4, ts=4, x0=210400692
P2, tp=4, ts=4
P1, tp=4, ts=4
P1, tp=4, ts=4
P0, tp=4, ts=4, x0=647786055
P1, tp=4, ts=4
P0, tp=4, ts=4, x0=886151951
P2, tp=4, ts=4
P3, tp=4, ts=4, x0=865139453
P2, tp=4, ts=4
P2, tp=4, ts=4
P2, tp=4, ts=4
P3, tp=4, ts=4, x0=715723205
P0, tp=4, ts=4, x0=7269934
P1, tp=4, ts=4
P0, tp=4, ts=4, x0=135805058
P2, tp=4, ts=4
P2, tp=4, ts=4
P2, tp=4, ts=4
P3, tp=4, ts=4, x0=713711806
P0, tp=4, ts=4, x0=19413409
P0, tp=4, ts=4, x0=135805058
P0, tp=4, ts=4, x0=28123380
P1, tp=4, ts=4
P0, tp=4, ts=4, x0=481001251
P1, tp=4, ts=4
P2, tp=4, ts=4
P3, tp=4, ts=4, x0=481711494
P3, tp=4, ts=4, x0=757887469
P3, tp=4, ts=4, x0=781549095
P3, tp=4, ts=4, x0=721139557
P1, tp=4, ts=4
P1, tp=4, ts=4
P3, tp=4, ts=4, x0=635466060
P0, tp=4, ts=4, x0=373298134
P2, tp=4, ts=4
P3, tp=4, ts=4, x0=816192593
P3, tp=4, ts=4, x0=714335726
P3, tp=4, ts=4, x0=485435588
P2, tp=4, ts=4
P1, tp=4, ts=4
P0, tp=4, ts=4, x0=914421722
P2, tp=4, ts=4
P0, tp=4, ts=4, x0=781549095
P2, tp=4, ts=4
P2, tp=4, ts=4
P2, tp=4, ts=4
P1, tp=4, ts=4
P1, tp=4, ts=4
P0, tp=4, ts=4, x0=481001251
P3, tp=4, ts=4, x0=249717375
P3, tp=4, ts=4, x0=373298134
P3, tp=4, ts=4, x0=636201402
P0, tp=4, ts=4, x0=233656121
P3, tp=4, ts=4, x0=57919239
P1, tp=4, ts=4
P0, tp=4, ts=4, x0=714335726
P0, tp=4, ts=4, x0=224034088
P2, tp=4, ts=4
P0, tp=4, ts=4, x0=592114432
P1, tp=4, ts=4
P2, tp=4, ts=4
P2, tp=4, ts=4
P3, tp=4, ts=4, x0=425279847
P3, tp=4, ts=4, x0=531025210
P3, tp=4, ts=4, x0=713711806
P1, tp=4, ts=4
P0, tp=4, ts=4, x0=179478885
P2, tp=4, ts=4
P0, tp=4, ts=4, x0=886151951
P2, tp=4, ts=4
P0, tp=4, ts=4, x0=861545272
P0, tp=4, ts=4, x0=473052517
P2, tp=4, ts=4
P1, tp=4, ts=4
P0, tp=4, ts=4, x0=9009958
P2, tp=4, ts=4
P1, tp=4, ts=4
P2, tp=4, ts=4
P1, tp=4, ts=4
P2, tp=4, ts=4
P3, tp=4, ts=4, x0=771452670
P0, tp=4, ts=4, x0=781549095
P2, tp=4, ts=4
P3, tp=4, ts=4, x0=735685034
P1, tp=4, ts=4
P2, tp=4, ts=4
P1, tp=4, ts=4
P1, tp=4, ts=4
P1, tp=4, ts=4
P0, tp=4, ts=4, x0=923843939
P2, tp=4, ts=4
P2, tp=4, ts=4
P2, tp=4, ts=4
P1, tp=4, ts=4
P3, tp=4, ts=4, x0=425279847
P1, tp=4, ts=4
P1, tp=4, ts=4
P3, tp=4, ts=4, x0=590015275
P1, tp=4, ts=4
P2, tp=4, ts=4
P1, tp=4, ts=4
P1, tp=4, ts=4
P3, tp=4, ts=4, x0=750970743
P2, tp=4, ts=4
P3, tp=4, ts=4, x0=690945555
P0, tp=4, ts=4, x0=179478885
P1, tp=4, ts=4
P2, tp=4, ts=4
P2, tp=4, ts=4
P2, tp=4, ts=4
P0, tp=4, ts=4, x0=714335726
P3, tp=4, ts=4, x0=801509552
P0, tp=4, ts=4, x0=199164441
P2, tp=4, ts=4
P2, tp=4, ts=4
P2, tp=4, ts=4
P0, tp=4, ts=4, x0=410379847
P1, tp=4, ts=4
P2, tp=4, ts=4
P2, tp=4, ts=4
P1, tp=4, ts=4
P0, tp=4, ts=4, x0=665794784
P3, tp=4, ts=4, x0=114375686
P1, tp=4, ts=4
P0, tp=4, ts=4, x0=169709190
P1, tp=4, ts=4
P2, tp=4, ts=4
P2, tp=4, ts=4
P1, tp=4, ts=4
P0, tp=4, ts=4, x0=721139557
P0, tp=4, ts=4, x0=679824419
P3, tp=4, ts=4, x0=560240386
P0, tp=4, ts=4, x0=886151951
P0, tp=4, ts=4, x0=357483501
P3, tp=4, ts=4, x0=473052517
P1, tp=4, ts=4
P0, tp=4, ts=4, x0=861545272
P1, tp=4, ts=4
P2, tp=4, ts=4
P3, tp=4, ts=4, x0=242232605
P0, tp=4, ts=4, x0=174531847
P2, tp=4, ts=4
P3, tp=4, ts=4, x0=82146286
P3, tp=4, ts=4, x0=485982654
P0, tp=4, ts=4, x0=485982654
P2, tp=4, ts=4
P0, tp=4, ts=4, x0=721139557
P2, tp=4, ts=4
P1, tp=4, ts=4
P0, tp=4, ts=4, x0=886151951
P3, tp=4, ts=4, x0=103883434
P0, tp=4, ts=4, x0=754464915
P3, tp=4, ts=4, x0=174531847
P0, tp=4, ts=4, x0=816192593
P0, tp=4, ts=4, x0=50340100
P0, tp=4, ts=4, x0=107287293
P2, tp=4, ts=4
P3, tp=4, ts=4, x0=350135839
P1, tp=4, ts=4
P3, tp=4, ts=4, x0=57919239
P2, tp=4, ts=4
P2, tp=4, ts=4
P3, tp=4, ts=4, x0=179478885
P3, tp=4, ts=4, x0=135805058
P2, tp=4, ts=4
P2, tp=4, ts=4
P2, tp=4, ts=4
P0, tp=4, ts=4, x0=59921851
P0, tp=4, ts=4, x0=485435588
P0, tp=4, ts=4, x0=773414477
P1, tp=4, ts=4
P2, tp=4, ts=4
P1, tp=4, ts=4
P1, tp=4, ts=4
P0, tp=4, ts=4, x0=973098385
P1, tp=4, ts=4
P2, tp=4, ts=4
P0, tp=4, ts=4, x0=292801224
P2, tp=4, ts=4
P2, tp=4, ts=4
P3, tp=4, ts=4, x0=41017260
P1, tp=4, ts=4
P2, tp=4, ts=4
P2, tp=4, ts=4
P1, tp=4, ts=4
P1, tp=4, ts=4
P1, tp=4, ts=4
P3, tp=4, ts=4, x0=816192593
P1, tp=4, ts=4
P3, tp=4, ts=4, x0=809014425
P0, tp=4, ts=4, x0=816192593
P1, tp=4, ts=4
P0, tp=4, ts=4, x0=678285908
P2, tp=4, ts=4
P2, tp=4, ts=4
P1, tp=4, ts=4
P0, tp=4, ts=4, x0=345065294
P3, tp=4, ts=4, x0=636201402
P2, tp=4, ts=4
P2, tp=4, ts=4
P3, tp=4, ts=4, x0=587814251
P2, tp=4, ts=4
P0, tp=4, ts=4, x0=721139557
P2, tp=4, ts=4
P3, tp=4, ts=4, x0=59921851
P1, tp=4, ts=4
P3, tp=4, ts=4, x0=725883183
P3, tp=4, ts=4, x0=773414477
P1, tp=4, ts=4
P2, tp=4, ts=4
P0, tp=4, ts=4, x0=87348678
P3, tp=4, ts=4, x0=9009958
P0, tp=4, ts=4, x0=560240386
P1, tp=4, ts=4
P0, tp=4, ts=4, x0=524318503
P0, tp=4, ts=4, x0=57919239
P1, tp=4, ts=4
P3, tp=4, ts=4, x0=521237446
P1, tp=4, ts=4
P1, tp=4, ts=4
P0, tp=4, ts=4, x0=449967910
P3, tp=4, ts=4, x0=481711494
P3, tp=4, ts=4, x0=836162962
P1, tp=4, ts=4
P2, tp=4, ts=4
P0, tp=4, ts=4, x0=524318503
P1, tp=4, ts=4
P0, tp=4, ts=4, x0=721139557
P2, tp=4, ts=4
P0, tp=4, ts=4, x0=50340100
P3, tp=4, ts=4, x0=686188530
P1, tp=4, ts=4
P1, tp=4, ts=4
P0, tp=4, ts=4, x0=53160540
P2, tp=4, ts=4
P1, tp=4, ts=4
P0, tp=4, ts=4, x0=485435588
P1, tp=4, ts=4
P0, tp=4, ts=4, x0=435046155
P3, tp=4, ts=4, x0=511362766
P2, tp=4, ts=4
P2, tp=4, ts=4
P3, tp=4, ts=4, x0=750970743
P1, tp=4, ts=4
P1, tp=4, ts=4
P2, tp=4, ts=4
P0, tp=4, ts=4, x0=485982654
P0, tp=4, ts=4, x0=587814251
P1, tp=4, ts=4
P2, tp=4, ts=4
P2, tp=4, ts=4
P1, tp=4, ts=4
P1, tp=4, ts=4
P3, tp=4, ts=4, x0=432227463
P0, tp=4, ts=4, x0=481711494
P2, tp=4, ts=4
P3, tp=4, ts=4, x0=816192593
P2, tp=4, ts=4
P1, tp=4, ts=4
P3, tp=4, ts=4, x0=713711806
P1, tp=4, ts=4
P0, tp=4, ts=4, x0=390831443
P2, tp=4, ts=4
P0, tp=4, ts=4, x0=778896462
P3, tp=4, ts=4, x0=353081573
P3, tp=4, ts=4, x0=449967910
P3, tp=4, ts=4, x0=287234369
P1, tp=4, ts=4
P3, tp=4, ts=4, x0=665794784
P3, tp=4, ts=4, x0=981708921
P3, tp=4, ts=4, x0=300874371
P3, tp=4, ts=4, x0=103883434
P0, tp=4, ts=4, x0=973098385
P2, tp=4, ts=4
P0, tp=4, ts=4, x0=511362766
P0, tp=4, ts=4, x0=50340100
P2, tp=4, ts=4
P2, tp=4, ts=4
P1, tp=4, ts=4
P3, tp=4, ts=4, x0=840851095
P2, tp=4, ts=4
P3, tp=4, ts=4, x0=435046155
P1, tp=4, ts=4
P1, tp=4, ts=4
P2, tp=4, ts=4
P3, tp=4, ts=4, x0=435046155
P0, tp=4, ts=4, x0=485435588
P2, tp=4, ts=4
P2, tp=4, ts=4
P3, tp=4, ts=4, x0=587814251
P3, tp=4, ts=4, x0=322282226
P3, tp=4, ts=4, x0=758722199
P2, tp=4, ts=4
P3, tp=4, ts=4, x0=865139453
P2, tp=4, ts=4
P1, tp=4, ts=4
P1, tp=4, ts=4
P1, tp=4, ts=4
P3, tp=4, ts=4, x0=757887469
P1, tp=4, ts=4
P2, tp=4, ts=4
P2, tp=4, ts=4
P0, tp=4, ts=4, x0=254989333
P0, tp=4, ts=4, x0=435046155
P3, tp=4, ts=4, x0=353081573
P3, tp=4, ts=4, x0=169709190
P0, tp=4, ts=4, x0=425279847
P3, tp=4, ts=4, x0=242232605
P3, tp=4, ts=4, x0=800699294
P2, tp=4, ts=4
P3, tp=4, ts=4, x0=524318503
P0, tp=4, ts=4, x0=114375686
P1, tp=4, ts=4
P3, tp=4, ts=4, x0=865139453
P0, tp=4, ts=4, x0=59921851
P1, tp=4, ts=4
P3, tp=4, ts=4, x0=82146286
P0, tp=4, ts=4, x0=53160540
P0, tp=4, ts=4, x0=341761146
P1, tp=4, ts=4
P3, tp=4, ts=4, x0=375036726
P3, tp=4, ts=4, x0=481001251
P0, tp=4, ts=4, x0=91484462
P0, tp=4, ts=4, x0=809014425
P1, tp=4, ts=4
P1, tp=4, ts=4
P2, tp=4, ts=4
P1, tp=4, ts=4
P1, tp=4, ts=4
P1, tp=4, ts=4
P1, tp=4, ts=4
P0, tp=4, ts=4, x0=435046155
P3, tp=4, ts=4, x0=865139453
P3, tp=4, ts=4, x0=725883183
P2, tp=4, ts=4
P0, tp=4, ts=4, x0=560240386
P1, tp=4, ts=4
P3, tp=4, ts=4, x0=690945555
P1, tp=4, ts=4
P1, tp=4, ts=4
P1, tp=4, ts=4
P3, tp=4, ts=4, x0=690945555
P3, tp=4, ts=4, x0=179478885
P1, tp=4, ts=4
P2, tp=4, ts=4
P0, tp=4, ts=4, x0=158721549
P3, tp=4, ts=4, x0=317058386
P3, tp=4, ts=4, x0=511362766
P3, tp=4, ts=4, x0=521237446
P0, tp=4, ts=4, x0=169709190
P3, tp=4, ts=4, x0=758722199
P2, tp=4, ts=4
P3, tp=4, ts=4, x0=7269934
P0, tp=4, ts=4, x0=473052517
P0, tp=4, ts=4, x0=765715713
P2, tp=4, ts=4
P1, tp=4, ts=4
P2, tp=4, ts=4
P2, tp=4, ts=4
P1, tp=4, ts=4
P2, tp=4, ts=4
P3, tp=4, ts=4, x0=711454865
P1, tp=4, ts=4
P3, tp=4, ts=4, x0=665794784
P2, tp=4, ts=4
P0, tp=4, ts=4, x0=432227463
P3, tp=4, ts=4, x0=481001251
P3, tp=4, ts=4, x0=801509552
P0, tp=4, ts=4, x0=521237446
P1, tp=4, ts=4
P0, tp=4, ts=4, x0=174531847
P3, tp=4, ts=4, x0=97101423
P1, tp=4, ts=4
P1, tp=4, ts=4
P3, tp=4, ts=4, x0=82146286
P1, tp=4, ts=4
P3, tp=4, ts=4, x0=678285908
P3, tp=4, ts=4, x0=428400477
P2, tp=4, ts=4
P1, tp=4, ts=4
P2, tp=4, ts=4
P1, tp=4, ts=4
P2, tp=4, ts=4
P0, tp=4, ts=4, x0=780957688
P3, tp=4, ts=4, x0=511362766
P0, tp=4, ts=4, x0=199164441
P2, tp=4, ts=4
P2, tp=4, ts=4
P2, tp=4, ts=4
P3, tp=4, ts=4, x0=665794784
P2, tp=4, ts=4
P2, tp=4, ts=4
P0, tp=4, ts=4, x0=9009958
P0, tp=4, ts=4, x0=754464915
P1, tp=4, ts=4
P0, tp=4, ts=4, x0=765715713
P3, tp=4, ts=4, x0=158721549
P3, tp=4, ts=4, x0=341761146
P2, tp=4, ts=4
P1, tp=4, ts=4
P0, tp=4, ts=4, x0=4784336
P2, tp=4, ts=4
P3, tp=4, ts=4, x0=373298134
P0, tp=4, ts=4, x0=229602374
P1, tp=4, ts=4
P0, tp=4, ts=4, x0=107287293
P3, tp=4, ts=4, x0=375036726
P3, tp=4, ts=4, x0=271330754
P3, tp=4, ts=4, x0=82146286
P1, tp=4, ts=4
P0, tp=4, ts=4, x0=473052517
P0, tp=4, ts=4, x0=468373969
P0, tp=4, ts=4, x0=647786055
P2, tp=4, ts=4
P1, tp=4, ts=4
P1, tp=4, ts=4
P3, tp=4, ts=4, x0=587814251
P1, tp=4, ts=4
P0, tp=4, ts=4, x0=28123380
P1, tp=4, ts=4
P1, tp=4, ts=4
P0, tp=4, ts=4, x0=241274520
P0, tp=4, ts=4, x0=750970743
P0, tp=4, ts=4, x0=28123380
P2, tp=4, ts=4
P3, tp=4, ts=4, x0=174531847
P0, tp=4, ts=4, x0=341761146
P0, tp=4, ts=4, x0=750970743
P2, tp=4, ts=4
P2, tp=4, ts=4
P3, tp=4, ts=4, x0=292801224
P3, tp=4, ts=4, x0=373298134
P2, tp=4, ts=4
P3, tp=4, ts=4, x0=175245603
P0, tp=4, ts=4, x0=449967910
P2, tp=4, ts=4
P2, tp=4, ts=4
P2, tp=4, ts=4
P0, tp=4, ts=4, x0=690945555
P2, tp=4, ts=4
P3, tp=4, ts=4, x0=341761146
P0, tp=4, ts=4, x0=592114432
P1, tp=4, ts=4
P0, tp=4, ts=4, x0=781549095
P2, tp=4, ts=4
P0, tp=4, ts=4, x0=511362766
P0, tp=4, ts=4, x0=948624636
P0, tp=4, ts=4, x0=981708921
P0, tp=4, ts=4, x0=680257802
P0, tp=4, ts=4, x0=481001251
P1, tp=4, ts=4
P2, tp=4, ts=4
P0, tp=4, ts=4, x0=353081573
P3, tp=4, ts=4, x0=322282226
P0, tp=4, ts=4, x0=103883434
P0, tp=4, ts=4, x0=425279847
P2, tp=4, ts=4
P0, tp=4, ts=4, x0=801509552
P0, tp=4, ts=4, x0=543992888
P2, tp=4, ts=4
P0, tp=4, ts=4, x0=543992888
P0, tp=4, ts=4, x0=229602374
P1, tp=4, ts=4
P2, tp=4, ts=4
P3, tp=4, ts=4, x0=473052517
P0, tp=4, ts=4, x0=560240386
P0, tp=4, ts=4, x0=91484462
P2, tp=4, ts=4
P2, tp=4, ts=4
P3, tp=4, ts=4, x0=560240386
P0, tp=4, ts=4, x0=50340100
P0, tp=4, ts=4, x0=543992888
P1, tp=4, ts=4
P3, tp=4, ts=4, x0=929621501
P1, tp=4, ts=4
P0, tp=4, ts=4, x0=179478885
P2, tp=4, ts=4
P3, tp=4, ts=4, x0=41017260
P3, tp=4, ts=4, x0=715723205
P0, tp=4, ts=4, x0=254989333
P3, tp=4, ts=4, x0=103883434
P1, tp=4, ts=4
P3, tp=4, ts=4, x0=135805058
P3, tp=4, ts=4, x0=425279847
P1, tp=4, ts=4
P2, tp=4, ts=4
P1, tp=4, ts=4
P1, tp=4, ts=4
P2, tp=4, ts=4
P1, tp=4, ts=4
P1, tp=4, ts=4
P2, tp=4, ts=4
P2, tp=4, ts=4
P0, tp=4, ts=4, x0=425279847
P2, tp=4, ts=4
P3, tp=4, ts=4, x0=4784336
P1, tp=4, ts=4
P3, tp=4, ts=4, x0=765715713
P0, tp=4, ts=4, x0=58472454
P2, tp=4, ts=4
P2, tp=4, ts=4
P2, tp=4, ts=4
P1, tp=4, ts=4
P1, tp=4, ts=4
P2, tp=4, ts=4
P2, tp=4, ts=4
P2, tp=4, ts=4
P2, tp=4, ts=4
P0, tp=4, ts=4, x0=269860718
P0, tp=4, ts=4, x0=780957688
P0, tp=4, ts=4, x0=711454865
P3, tp=4, ts=4, x0=757887469
P0, tp=4, ts=4, x0=948624636
P2, tp=4, ts=4
P0, tp=4, ts=4, x0=241274520
P1, tp=4, ts=4
P3, tp=4, ts=4, x0=91484462
P3, tp=4, ts=4, x0=57919239
P2, tp=4, ts=4
P1, tp=4, ts=4
P3, tp=4, ts=4, x0=353081573
P3, tp=4, ts=4, x0=50340100
P0, tp=4, ts=4, x0=12079716
P0, tp=4, ts=4, x0=715723205
P2, tp=4, ts=4
P3, tp=4, ts=4, x0=725883183
P0, tp=4, ts=4, x0=50340100
P3, tp=4, ts=4, x0=786026892
P2, tp=4, ts=4
P3, tp=4, ts=4, x0=511362766
P1, tp=4, ts=4
P1, tp=4, ts=4
P3, tp=4, ts=4, x0=721139557
P3, tp=4, ts=4, x0=271330754
P2, tp=4, ts=4
P1, tp=4, ts=4
P3, tp=4, ts=4, x0=665794784
P3, tp=4, ts=4, x0=12079716
P3, tp=4, ts=4, x0=895050005
P1, tp=4, ts=4
P1, tp=4, ts=4
P3, tp=4, ts=4, x0=435046155
P1, tp=4, ts=4
P3, tp=4, ts=4, x0=41017260
P2, tp=4, ts=4
P3, tp=4, ts=4, x0=12079716
P3, tp=4, ts=4, x0=840851095
P2, tp=4, ts=4
P1, tp=4, ts=4
P1, tp=4, ts=4
P1, tp=4, ts=4
P1, tp=4, ts=4
P2, tp=4, ts=4
P3, tp=4, ts=4, x0=758722199
P2, tp=4, ts=4
P3, tp=4, ts=4, x0=948624636
P2, tp=4, ts=4
P1, tp=4, ts=4
P0, tp=4, ts=4, x0=97101423
P2, tp=4, ts=4
P2, tp=4, ts=4
P2, tp=4, ts=4
P2, tp=4, ts=4
P2, tp=4, ts=4
P1, tp=4, ts=4
P2, tp=4, ts=4
P3, tp=4, ts=4, x0=481001251
P3, tp=4, ts=4, x0=458749650
P2, tp=4, ts=4
P1, tp=4, ts=4
P2, tp=4, ts=4
P3, tp=4, ts=4, x0=175245603
P2, tp=4, ts=4
P3, tp=4, ts=4, x0=666069912
P0, tp=4, ts=4, x0=680257802
P1, tp=4, ts=4
P1, tp=4, ts=4
P0, tp=4, ts=4, x0=765715713
P1, tp=4, ts=4
P0, tp=4, ts=4, x0=135805058
P1, tp=4, ts=4
P2, tp=4, ts=4
P3, tp=4, ts=4, x0=781549095
P0, tp=4, ts=4, x0=765715713
P0, tp=4, ts=4, x0=87348678
P0, tp=4, ts=4, x0=28123380
P1, tp=4, ts=4
P2, tp=4, ts=4
P3, tp=4, ts=4, x0=269860718
P1, tp=4, ts=4
P2, tp=4, ts=4
P3, tp=4, ts=4, x0=911008021
P0, tp=4, ts=4, x0=199164441
P2, tp=4, ts=4
P0, tp=4, ts=4, x0=435046155
P3, tp=4, ts=4, x0=485982654
P3, tp=4, ts=4, x0=9009958
P0, tp=4, ts=4, x0=481711494
P2, tp=4, ts=4
P2, tp=4, ts=4
P1, tp=4, ts=4
P2, tp=4, ts=4
P2, tp=4, ts=4
P0, tp=4, ts=4, x0=780957688
P2, tp=4, ts=4
P3, tp=4, ts=4, x0=12079716
P2, tp=4, ts=4
P0, tp=4, ts=4, x0=511362766
P0, tp=4, ts=4, x0=895050005
P1, tp=4, ts=4
P2, tp=4, ts=4
P3, tp=4, ts=4, x0=557979160
P2, tp=4, ts=4
P1, tp=4, ts=4
P2, tp=4, ts=4
P3, tp=4, ts=4, x0=341761146
P1, tp=4, ts=4
P2, tp=4, ts=4
P2, tp=4, ts=4
P0, tp=4, ts=4, x0=848061216
P0, tp=4, ts=4, x0=978093450
P3, tp=4, ts=4, x0=468373969
P3, tp=4, ts=4, x0=169709190
P3, tp=4, ts=4, x0=269860718
P0, tp=4, ts=4, x0=725883183
P2, tp=4, ts=4
P0, tp=4, ts=4, x0=678285908
P3, tp=4, ts=4, x0=317058386
P1, tp=4, ts=4
P2, tp=4, ts=4
P1, tp=4, ts=4
P1, tp=4, ts=4
P2, tp=4, ts=4
P0, tp=4, ts=4, x0=175245603
P3, tp=4, ts=4, x0=28123380
P2, tp=4, ts=4
P3, tp=4, ts=4, x0=686188530
P2, tp=4, ts=4
P2, tp=4, ts=4
P3, tp=4, ts=4, x0=711454865
P3, tp=4, ts=4, x0=428400477
P1, tp=4, ts=4
P1, tp=4, ts=4
P1, tp=4, ts=4
P3, tp=4, ts=4, x0=26433886
P1, tp=4, ts=4
P1, tp=4, ts=4
P0, tp=4, ts=4, x0=107287293
P1, tp=4, ts=4
P2, tp=4, ts=4
P1, tp=4, ts=4
P0, tp=4, ts=4, x0=485982654
P0, tp=4, ts=4, x0=691007781
P3, tp=4, ts=4, x0=691007781
P1, tp=4, ts=4
P2, tp=4, ts=4
P2, tp=4, ts=4
P0, tp=4, ts=4, x0=948624636
P3, tp=4, ts=4, x0=782347722
P0, tp=4, ts=4, x0=425279847
P2, tp=4, ts=4
P3, tp=4, ts=4, x0=169709190
P0, tp=4, ts=4, x0=773414477
P2, tp=4, ts=4
P2, tp=4, ts=4
P1, tp=4, ts=4
P2, tp=4, ts=4
P2, tp=5, ts=5
P2, tp=5, ts=5
P0, tp=5, ts=5, x0=175245603
P0, tp=5, ts=5, x0=341761146
P2, tp=5, ts=5
P1, tp=5, ts=5
P3, tp=5, ts=5, x0=973098385
P1, tp=5, ts=5
P1, tp=5, ts=5
P0, tp=5, ts=5, x0=781549095
P2, tp=5, ts=5
P1, tp=5, ts=5
P1, tp=5, ts=5
P3, tp=5, ts=5, x0=26433886
P2, tp=5, ts=5
P1, tp=5, ts=5
P0, tp=5, ts=5, x0=4784336
P2, tp=5, ts=5
P1, tp=5, ts=5
P3, tp=5, ts=5, x0=468373969
P1, tp=5, ts=5
P0, tp=5, ts=5, x0=7269934
P2, tp=5, ts=5
P3, tp=5, ts=5, x0=800699294
P2, tp=5, ts=5
P1, tp=5, ts=5
P3, tp=5, ts=5, x0=668177309
P0, tp=5, ts=5, x0=135805058
P1, tp=5, ts=5
P3, tp=5, ts=5, x0=158721549
P2, tp=5, ts=5
P3, tp=5, ts=5, x0=313000855
P0, tp=5, ts=5, x0=179478885
P1, tp=5, ts=5
P3, tp=5, ts=5, x0=374141174
P0, tp=5, ts=5, x0=848061216
P2, tp=5, ts=5
P0, tp=5, ts=5, x0=666069912
P2, tp=5, ts=5
P1, tp=5, ts=5
P1, tp=5, ts=5
P1, tp=5, ts=5
P2, tp=5, ts=5
P2, tp=5, ts=5
P1, tp=5, ts=5
P1, tp=5, ts=5
P2, tp=5, ts=5
P0, tp=5, ts=5, x0=41017260
P1, tp=5, ts=5
P1, tp=5, ts=5
P3, tp=5, ts=5, x0=635466060
P1, tp=5, ts=5
P1, tp=5, ts=5
P3, tp=5, ts=5, x0=55627669
P3, tp=5, ts=5, x0=721139557
P3, tp=5, ts=5, x0=914421722
P2, tp=5, ts=5
P1, tp=5, ts=5
P0, tp=5, ts=5, x0=322282226
P2, tp=5, ts=5
P0, tp=5, ts=5, x0=816575475
P2, tp=5, ts=5
P0, tp=5, ts=5, x0=757887469
P1, tp=5, ts=5
P3, tp=5, ts=5, x0=481001251
P3, tp=5, ts=5, x0=786026892
P3, tp=5, ts=5, x0=757887469
P0, tp=5, ts=5, x0=26433886
P3, tp=5, ts=5, x0=816575475
P0, tp=5, ts=5, x0=721139557
P1, tp=5, ts=5
P1, tp=5, ts=5
P2, tp=5, ts=5
P2, tp=5, ts=5
P1, tp=5, ts=5
P2, tp=5, ts=5
P2, tp=5, ts=5
P2, tp=5, ts=5
P2, tp=5, ts=5
P3, tp=5, ts=5, x0=636201402
P0, tp=5, ts=5, x0=53160540
P2, tp=5, ts=5
P1, tp=5, ts=5
P2, tp=5, ts=5
P0, tp=5, ts=5, x0=786026892
P3, tp=5, ts=5, x0=158721549
P2, tp=5, ts=5
P2, tp=5, ts=5
P3, tp=5, ts=5, x0=458749650
P1, tp=5, ts=5
P2, tp=5, ts=5
P3, tp=5, ts=5, x0=978093450
P1, tp=5, ts=5
P2, tp=5, ts=5
P1, tp=5, ts=5
P3, tp=5, ts=5, x0=481001251
P2, tp=5, ts=5
P1, tp=5, ts=5
P0, tp=5, ts=5, x0=485435588
P0, tp=5, ts=5, x0=322282226
P0, tp=5, ts=5, x0=175245603
P2, tp=5, ts=5
P3, tp=5, ts=5, x0=782347722
P1, tp=5, ts=5
P2, tp=5, ts=5
P2, tp=5, ts=5
P1, tp=5, ts=5
P1, tp=5, ts=5
P1, tp=5, ts=5
P1, tp=5, ts=5
P2, tp=5, ts=5
P2, tp=5, ts=5
P2, tp=5, ts=5
P1, tp=5, ts=5
P0, tp=5, ts=5, x0=725883183
P2, tp=5, ts=5
P0, tp=5, ts=5, x0=686188530
P3, tp=5, ts=5, x0=711454865
P2, tp=5, ts=5
P3, tp=5, ts=5, x0=390831443
P3, tp=5, ts=5, x0=786026892
P3, tp=5, ts=5, x0=754464915
P0, tp=5, ts=5, x0=765715713
P1, tp=5, ts=5
P0, tp=5, ts=5, x0=357483501
P3, tp=5, ts=5, x0=765715713
P0, tp=5, ts=5, x0=721139557
P1, tp=5, ts=5
P0, tp=5, ts=5, x0=781549095
P2, tp=5, ts=5
P0, tp=5, ts=5, x0=911008021
P0, tp=5, ts=5, x0=973098385
P0, tp=5, ts=5, x0=741333991
P1, tp=5, ts=5
P2, tp=5, ts=5
P3, tp=5, ts=5, x0=786026892
P2, tp=5, ts=5
P1, tp=5, ts=5
P1, tp=5, ts=5
P0, tp=5, ts=5, x0=981708921
P0, tp=5, ts=5, x0=169709190
P0, tp=5, ts=5, x0=114375686
P2, tp=5, ts=5
P1, tp=5, ts=5
P2, tp=5, ts=5
P3, tp=5, ts=5, x0=82146286
P0, tp=5, ts=5, x0=840851095
P2, tp=5, ts=5
P1, tp=5, ts=5
P0, tp=5, ts=5, x0=895050005
P3, tp=5, ts=5, x0=169902816
P3, tp=5, ts=5, x0=210178946
P1, tp=5, ts=5
P1, tp=5, ts=5
P1, tp=5, ts=5
P3, tp=5, ts=5, x0=468373969
P2, tp=5, ts=5
P0, tp=5, ts=5, x0=254989333
P2, tp=5, ts=5
P1, tp=5, ts=5
P2, tp=5, ts=5
P3, tp=5, ts=5, x0=636201402
P2, tp=5, ts=5
P3, tp=5, ts=5, x0=741366095
P1, tp=5, ts=5
P0, tp=5, ts=5, x0=978093450
P1, tp=5, ts=5
P0, tp=5, ts=5, x0=923843939
P0, tp=5, ts=5, x0=691007781
P3, tp=5, ts=5, x0=928016206
P3, tp=5, ts=5, x0=928016206
P1, tp=5, ts=5
P3, tp=5, ts=5, x0=680257802
P1, tp=5, ts=5
P3, tp=5, ts=5, x0=973098385
P1, tp=5, ts=5
P3, tp=5, ts=5, x0=715723205
P3, tp=5, ts=5, x0=763512129
P0, tp=5, ts=5, x0=690945555
P2, tp=5, ts=5
P2, tp=5, ts=5
P2, tp=5, ts=5
P0, tp=5, ts=5, x0=28123380
P0, tp=5, ts=5, x0=840851095
P0, tp=5, ts=5, x0=481001251
P2, tp=5, ts=5
P2, tp=5, ts=5
P0, tp=5, ts=5, x0=590881077
P2, tp=5, ts=5
P1, tp=5, ts=5
P1, tp=5, ts=5
P1, tp=5, ts=5
P1, tp=5, ts=5
P1, tp=5, ts=5
P2, tp=5, ts=5
P1, tp=5, ts=5
P2, tp=5, ts=5
P3, tp=5, ts=5, x0=780957688
P1, tp=5, ts=5
P1, tp=5, ts=5
P1, tp=5, ts=5
P1, tp=5, ts=5
P1, tp=5, ts=5
P2, tp=5, ts=5
P3, tp=5, ts=5, x0=757887469
P0, tp=5, ts=5, x0=374141174
P2, tp=5, ts=5
P3, tp=5, ts=5, x0=353081573
P1, tp=5, ts=5
P1, tp=5, ts=5
P3, tp=5, ts=5, x0=169902816
P2, tp=5, ts=5
P3, tp=5, ts=5, x0=981708921
P3, tp=5, ts=5, x0=317058386
P2, tp=5, ts=5
P3, tp=5, ts=5, x0=929621501
P1, tp=5, ts=5
P0, tp=5, ts=5, x0=706281422
P2, tp=5, ts=5
P3, tp=5, ts=5, x0=4784336
P1, tp=5, ts=5
P0, tp=5, ts=5, x0=271330754
P2, tp=5, ts=5
P2, tp=5, ts=5
P0, tp=5, ts=5, x0=55627669
P0, tp=5, ts=5, x0=763512129
P0, tp=5, ts=5, x0=715723205
P1, tp=5, ts=5
P0, tp=5, ts=5, x0=773414477
P2, tp=5, ts=5
P2, tp=5, ts=5
P2, tp=5, ts=5
P0, tp=5, ts=5, x0=28123380
P0, tp=5, ts=5, x0=4784336
P1, tp=5, ts=5
P0, tp=5, ts=5, x0=103883434
P0, tp=5, ts=5, x0=53160540
P2, tp=5, ts=5
P2, tp=5, ts=5
P3, tp=5, ts=5, x0=763512129
P1, tp=5, ts=5
P2, tp=5, ts=5
P0, tp=5, ts=5, x0=911008021
P1, tp=5, ts=5
P0, tp=5, ts=5, x0=53160540
P3, tp=5, ts=5, x0=169709190
P0, tp=5, ts=5, x0=91484462
P2, tp=5, ts=5
P1, tp=5, ts=5
P2, tp=5, ts=5
P1, tp=5, ts=5
P2, tp=5, ts=5
P3, tp=5, ts=5, x0=179478885
P1, tp=5, ts=5
P0, tp=5, ts=5, x0=590881077
P0, tp=5, ts=5, x0=714335726
P1, tp=5, ts=5
P2, tp=5, ts=5
P2, tp=5, ts=5
P2, tp=5, ts=5
P3, tp=5, ts=5, x0=741333991
P1, tp=5, ts=5
P0, tp=5, ts=5, x0=428400477
P2, tp=5, ts=5
P2, tp=5, ts=5
P3, tp=5, ts=5, x0=665794784
P3, tp=5, ts=5, x0=666069912
P0, tp=5, ts=5, x0=458749650
P0, tp=5, ts=5, x0=786026892
P3, tp=5, ts=5, x0=7269934
P3, tp=5, ts=5, x0=28123380
P1, tp=5, ts=5
P2, tp=5, ts=5
P3, tp=5, ts=5, x0=242747925
P3, tp=5, ts=5, x0=668177309
P0, tp=5, ts=5, x0=390831443
P0, tp=5, ts=5, x0=169902816
P2, tp=5, ts=5
P0, tp=5, ts=5, x0=50340100
P2, tp=5, ts=5
P2, tp=5, ts=5
P3, tp=5, ts=5, x0=12079716
P0, tp=5, ts=5, x0=994114840
P2, tp=5, ts=5
P0, tp=5, ts=5, x0=357483501
P2, tp=5, ts=5
P2, tp=5, ts=5
P2, tp=5, ts=5
P2, tp=5, ts=5
P1, tp=5, ts=5
P3, tp=5, ts=5, x0=341761146
P2, tp=5, ts=5
P0, tp=5, ts=5, x0=524489671
P0, tp=5, ts=5, x0=599149631
P3, tp=5, ts=5, x0=473052517
P2, tp=5, ts=5
P1, tp=5, ts=5
P3, tp=5, ts=5, x0=848061216
P1, tp=5, ts=5
P0, tp=5, ts=5, x0=780957688
P2, tp=5, ts=5
P1, tp=5, ts=5
P3, tp=5, ts=5, x0=358020821
P1, tp=5, ts=5
P3, tp=5, ts=5, x0=174531847
P0, tp=5, ts=5, x0=269860718
P2, tp=5, ts=5
P0, tp=5, ts=5, x0=249338976
P3, tp=5, ts=5, x0=782347722
P1, tp=5, ts=5
P2, tp=5, ts=5
P1, tp=5, ts=5
P0, tp=5, ts=5, x0=721139557
P0, tp=5, ts=5, x0=691007781
P0, tp=5, ts=5, x0=114375686
P2, tp=5, ts=5
P2, tp=5, ts=5
P0, tp=5, ts=5, x0=9009958
P2, tp=5, ts=5
P0, tp=5, ts=5, x0=78814145
P3, tp=5, ts=5, x0=91484462
P0, tp=5, ts=5, x0=249338976
P2, tp=5, ts=5
P2, tp=5, ts=5
P1, tp=5, ts=5
P2, tp=5, ts=5
P0, tp=5, ts=5, x0=103883434
P0, tp=5, ts=5, x0=711454865
P1, tp=5, ts=5
P2, tp=5, ts=5
P3, tp=5, ts=5, x0=50340100
P1, tp=5, ts=5
P2, tp=5, ts=5
P2, tp=5, ts=5
P1, tp=5, ts=5
P2, tp=5, ts=5
P2, tp=5, ts=5
P2, tp=5, ts=5
P3, tp=5, ts=5, x0=287234369
P0, tp=5, ts=5, x0=636201402
P0, tp=5, ts=5, x0=557979160
P0, tp=5, ts=5, x0=174531847
P1, tp=5, ts=5
P3, tp=5, ts=5, x0=353081573
P3, tp=5, ts=5, x0=865139453
P0, tp=5, ts=5, x0=353081573
P1, tp=5, ts=5
P2, tp=5, ts=5
P3, tp=5, ts=5, x0=557979160
P0, tp=5, ts=5, x0=763512129
P0, tp=5, ts=5, x0=353081573
P0, tp=5, ts=5, x0=318199095
P1, tp=5, ts=5
P2, tp=5, ts=5
P1, tp=5, ts=5
P1, tp=5, ts=5
P2, tp=5, ts=5
P3, tp=5, ts=5, x0=801509552
P1, tp=5, ts=5
P2, tp=5, ts=5
P2, tp=5, ts=5
P2, tp=5, ts=5
P3, tp=5, ts=5, x0=778896462
P3, tp=5, ts=5, x0=473052517
P2, tp=5, ts=5
P3, tp=5, ts=5, x0=345065294
P3, tp=5, ts=5, x0=218214545
P2, tp=5, ts=5
P2, tp=5, ts=5
P0, tp=5, ts=5, x0=254989333
P3, tp=5, ts=5, x0=353081573
P0, tp=5, ts=5, x0=636201402
P2, tp=5, ts=5
P0, tp=5, ts=5, x0=103883434
P0, tp=5, ts=5, x0=981708921
P2, tp=5, ts=5
P3, tp=5, ts=5, x0=241274520
P2, tp=5, ts=5
P1, tp=5, ts=5
P1, tp=5, ts=5
P3, tp=5, ts=5, x0=635466060
P2, tp=5, ts=5
P2, tp=5, ts=5
P0, tp=5, ts=5, x0=773414477
P3, tp=5, ts=5, x0=135805058
P3, tp=5, ts=5, x0=978093450
P2, tp=5, ts=5
P2, tp=5, ts=5
P1, tp=5, ts=5
P3, tp=5, ts=5, x0=757887469
P3, tp=5, ts=5, x0=570285474
P3, tp=5, ts=5, x0=114375686
P1, tp=5, ts=5
P3, tp=5, ts=5, x0=158721549
P2, tp=5, ts=5
P0, tp=5, ts=5, x0=269860718
P2, tp=5, ts=5
P0, tp=5, ts=5, x0=53160540
P0, tp=5, ts=5, x0=773414477
P0, tp=5, ts=5, x0=721139557
P2, tp=5, ts=5
P2, tp=5, ts=5
P3, tp=5, ts=5, x0=801509552
P3, tp=5, ts=5, x0=322282226
P0, tp=5, ts=5, x0=41017260
P1, tp=5, ts=5
P2, tp=5, ts=5
P2, tp=5, ts=5
P0, tp=5, ts=5, x0=773414477
P2, tp=5, ts=5
P1, tp=5, ts=5
P3, tp=5, ts=5, x0=636201402
P2, tp=5, ts=5
P0, tp=5, ts=5, x0=287234369
P2, tp=5, ts=5
P0, tp=5, ts=5, x0=41017260
P2, tp=5, ts=5
P0, tp=5, ts=5, x0=9009958
P2, tp=5, ts=5
P2, tp=5, ts=5
P0, tp=5, ts=5, x0=473052517
P1, tp=5, ts=5
P0, tp=5, ts=5, x0=754464915
P1, tp=5, ts=5
P3, tp=5, ts=5, x0=135805058
P0, tp=5, ts=5, x0=524489671
P3, tp=5, ts=5, x0=345065294
P1, tp=5, ts=5
P0, tp=5, ts=5, x0=322282226
P3, tp=5, ts=5, x0=428400477
P0, tp=5, ts=5, x0=524489671
P0, tp=5, ts=5, x0=9009958
P3, tp=5, ts=5, x0=50340100
P3, tp=5, ts=5, x0=592114432
P2, tp=5, ts=5
P1, tp=5, ts=5
P0, tp=5, ts=5, x0=636201402
P2, tp=5, ts=5
P1, tp=5, ts=5
P2, tp=5, ts=5
P3, tp=5, ts=5, x0=994114840
P3, tp=5, ts=5, x0=353081573
P2, tp=5, ts=5
P1, tp=5, ts=5
P1, tp=5, ts=5
P1, tp=5, ts=5
P2, tp=5, ts=5
P0, tp=5, ts=5, x0=358020821
P1, tp=5, ts=5
P2, tp=5, ts=5
P0, tp=5, ts=5, x0=241274520
P1, tp=5, ts=5
P0, tp=5, ts=5, x0=50340100
P1, tp=5, ts=5
P3, tp=5, ts=5, x0=341761146
P3, tp=5, ts=5, x0=668177309
P1, tp=5, ts=5
P2, tp=5, ts=5
P0, tp=5, ts=5, x0=468373969
P1, tp=5, ts=5
P0, tp=5, ts=5, x0=786026892
P2, tp=5, ts=5
P0, tp=5, ts=5, x0=865139453
P2, tp=5, ts=5
P3, tp=5, ts=5, x0=175245603
P3, tp=5, ts=5, x0=780957688
P0, tp=5, ts=5, x0=485982654
P1, tp=5, ts=5
P3, tp=5, ts=5, x0=59921851
P2, tp=5, ts=5
P2, tp=5, ts=5
P1, tp=5, ts=5
P2, tp=5, ts=5
P0, tp=5, ts=5, x0=714335726
P2, tp=5, ts=5
P0, tp=5, ts=5, x0=599149631
P3, tp=5, ts=5, x0=666069912
P2, tp=5, ts=5
P0, tp=5, ts=5, x0=690945555
P0, tp=5, ts=5, x0=765715713
P0, tp=5, ts=5, x0=97101423
P0, tp=5, ts=5, x0=782347722
P1, tp=5, ts=5
P0, tp=5, ts=5, x0=12079716
P3, tp=5, ts=5, x0=865139453
P3, tp=5, ts=5, x0=174531847
P0, tp=5, ts=5, x0=322282226
P0, tp=5, ts=5, x0=353081573
P2, tp=5, ts=5
P1, tp=5, ts=5
P3, tp=5, ts=5, x0=895050005
P2, tp=5, ts=5
P1, tp=5, ts=5
P3, tp=5, ts=5, x0=665794784
P3, tp=5, ts=5, x0=353081573
P2, tp=5, ts=5
P1, tp=5, ts=5
P3, tp=5, ts=5, x0=647786055
P3, tp=5, ts=5, x0=781549095
P0, tp=5, ts=5, x0=964606019
P1, tp=5, ts=5
P3, tp=5, ts=5, x0=481001251
P1, tp=5, ts=5
P0, tp=5, ts=5, x0=571211854
P2, tp=5, ts=5
P0, tp=5, ts=5, x0=592114432
P2, tp=5, ts=5
P0, tp=5, ts=5, x0=82136293
P0, tp=5, ts=5, x0=973098385
P3, tp=5, ts=5, x0=557979160
P3, tp=5, ts=5, x0=691007781
P2, tp=5, ts=5
P3, tp=5, ts=5, x0=357483501
P2, tp=5, ts=5
P0, tp=5, ts=5, x0=18066276
P2, tp=5, ts=5
P2, tp=5, ts=5
P2, tp=5, ts=5
P1, tp=5, ts=5
P2, tp=5, ts=5
P3, tp=5, ts=5, x0=765715713
P3, tp=5, ts=5, x0=714335726
P0, tp=5, ts=5, x0=55627669
P0, tp=5, ts=5, x0=7269934
P0, tp=5, ts=5, x0=570285474
P2, tp=5, ts=5
P0, tp=5, ts=5, x0=714335726
P3, tp=5, ts=5, x0=917552990
P0, tp=5, ts=5, x0=82146286
P0, tp=5, ts=5, x0=318199095
P1, tp=5, ts=5
P3, tp=5, ts=5, x0=757887469
P1, tp=5, ts=5
P1, tp=5, ts=5
P0, tp=5, ts=5, x0=50340100
P1, tp=5, ts=5
P3, tp=5, ts=5, x0=480401630
P2, tp=5, ts=5
P2, tp=5, ts=5
P2, tp=5, ts=5
P0, tp=5, ts=5, x0=565114233
P2, tp=5, ts=5
P1, tp=5, ts=5
P1, tp=5, ts=5
P0, tp=5, ts=5, x0=665794784
P3, tp=5, ts=5, x0=786026892
P0, tp=5, ts=5, x0=714865660
P2, tp=5, ts=5
P1, tp=5, ts=5
P1, tp=5, ts=5
P3, tp=5, ts=5, x0=158721549
P2, tp=5, ts=5
P1, tp=5, ts=5
P1, tp=5, ts=5
P0, tp=5, ts=5, x0=480401630
P1, tp=5, ts=5
P3, tp=5, ts=5, x0=592114432
P3, tp=5, ts=5, x0=557979160
P0, tp=5, ts=5, x0=481711494
P3, tp=5, ts=5, x0=741333991
P0, tp=5, ts=5, x0=481001251
P3, tp=5, ts=5, x0=50340100
P3, tp=5, ts=5, x0=55627669
P3, tp=5, ts=5, x0=678583550
P0, tp=5, ts=5, x0=458749650
P0, tp=5, ts=5, x0=973098385
P0, tp=5, ts=5, x0=358020821
P3, tp=5, ts=5, x0=241608244
P2, tp=5, ts=5
P0, tp=5, ts=5, x0=249338976
P1, tp=5, ts=5
P3, tp=5, ts=5, x0=353081573
P0, tp=5, ts=5, x0=763512129
P3, tp=5, ts=5, x0=473052517
P0, tp=5, ts=5, x0=840851095
P3, tp=5, ts=5, x0=97101423
P1, tp=5, ts=5
P3, tp=5, ts=5, x0=978093450
P2, tp=5, ts=5
P0, tp=5, ts=5, x0=816575475
P2, tp=5, ts=5
P0, tp=5, ts=5, x0=981708921
P2, tp=5, ts=5
P1, tp=5, ts=5
P1, tp=5, ts=5
P2, tp=5, ts=5
P1, tp=5, ts=5
P0, tp=5, ts=5, x0=103883434
P2, tp=5, ts=5
P3, tp=5, ts=5, x0=994447149
P1, tp=5, ts=5
P0, tp=5, ts=5, x0=480401630
P1, tp=5, ts=5
P0, tp=5, ts=5, x0=169709190
P2, tp=5, ts=5
P3, tp=5, ts=5, x0=714531378
P1, tp=5, ts=5
P3, tp=5, ts=5, x0=82146286
P0, tp=5, ts=5, x0=26433886
P2, tp=5, ts=5
P2, tp=5, ts=5
P3, tp=5, ts=5, x0=557979160
P3, tp=5, ts=5, x0=590881077
P1, tp=5, ts=5
P0, tp=5, ts=5, x0=287234369
P1, tp=5, ts=5
P1, tp=5, ts=5
P2, tp=5, ts=5
P1, tp=5, ts=5
P2, tp=5, ts=5
P3, tp=5, ts=5, x0=668177309
P1, tp=5, ts=5
P0, tp=5, ts=5, x0=353081573
P2, tp=5, ts=5
P0, tp=5, ts=5, x0=978093450
P1, tp=5, ts=5
P1, tp=5, ts=5
P3, tp=5, ts=5, x0=725883183
P1, tp=5, ts=5
P3, tp=5, ts=5, x0=714865660
P0, tp=5, ts=5, x0=840851095
P1, tp=5, ts=5
P2, tp=5, ts=5
P1, tp=5, ts=5
P0, tp=5, ts=5, x0=78814145
P0, tp=5, ts=5, x0=4784336
P1, tp=5, ts=5
P2, tp=5, ts=5
P1, tp=5, ts=5
P1, tp=5, ts=5
P1, tp=5, ts=5
P1, tp=5, ts=5
P1, tp=5, ts=5
P3, tp=5, ts=5, x0=9009958
P3, tp=5, ts=5, x0=763512129
P2, tp=5, ts=5
P2, tp=5, ts=5
P0, tp=5, ts=5, x0=322282226
P0, tp=5, ts=5, x0=82146286
P2, tp=5, ts=5
P2, tp=5, ts=5
P0, tp=5, ts=5, x0=666069912
P2, tp=5, ts=5
P3, tp=5, ts=5, x0=714531378
P3, tp=5, ts=5, x0=917552990
P3, tp=5, ts=5, x0=481001251
P0, tp=5, ts=5, x0=757887469
P1, tp=5, ts=5
P3, tp=5, ts=5, x0=9009958
P2, tp=5, ts=5
P0, tp=5, ts=5, x0=690945555
P1, tp=5, ts=5
P2, tp=5, ts=5
P3, tp=5, ts=5, x0=723499295
P2, tp=5, ts=5
P0, tp=5, ts=5, x0=706281422
P0, tp=5, ts=5, x0=801509552
P1, tp=5, ts=5
P3, tp=5, ts=5, x0=317058386
P2, tp=5, ts=5
P1, tp=5, ts=5
P3, tp=5, ts=5, x0=723499295
P2, tp=5, ts=5
P3, tp=5, ts=5, x0=4784336
P2, tp=5, ts=5
P3, tp=5, ts=5, x0=917552990
P3, tp=5, ts=5, x0=721139557
P0, tp=5, ts=5, x0=254989333
P1, tp=5, ts=5
P3, tp=5, ts=5, x0=169902816
P0, tp=5, ts=5, x0=341761146
P1, tp=5, ts=5
P1, tp=5, ts=5
P0, tp=5, ts=5, x0=210178946
P3, tp=5, ts=5, x0=723499295
P1, tp=5, ts=5
P1, tp=5, ts=5
P3, tp=5, ts=5, x0=271330754
P0, tp=5, ts=5, x0=647786055
P3, tp=5, ts=5, x0=527902242
P3, tp=5, ts=5, x0=691007781
P3, tp=5, ts=5, x0=210178946
P3, tp=5, ts=5, x0=481711494
P1, tp=5, ts=5
P0, tp=5, ts=5, x0=480401630
P1, tp=5, ts=5
P0, tp=5, ts=5, x0=357483501
P0, tp=5, ts=5, x0=179478885
P2, tp=5, ts=5
P0, tp=5, ts=5, x0=55627669
P2, tp=5, ts=5
P2, tp=5, ts=5
P2, tp=5, ts=5
P0, tp=5, ts=5, x0=678583550
P1, tp=5, ts=5
P2, tp=5, ts=5
P3, tp=5, ts=5, x0=749155486
P3, tp=5, ts=5, x0=480401630
P0, tp=5, ts=5, x0=199164441
P2, tp=5, ts=5
P0, tp=5, ts=5, x0=636201402
P0, tp=5, ts=5, x0=781549095
P2, tp=5, ts=5
P3, tp=5, ts=5, x0=53160540
P0, tp=5, ts=5, x0=973098385
P1, tp=5, ts=5
P0, tp=5, ts=5, x0=198565719
P3, tp=5, ts=5, x0=816575475
P1, tp=5, ts=5
P2, tp=5, ts=5
P2, tp=5, ts=5
P0, tp=5, ts=5, x0=55627669
P0, tp=5, ts=5, x0=557979160
P0, tp=5, ts=5, x0=374141174
P0, tp=5, ts=5, x0=741366095
P1, tp=5, ts=5
P0, tp=5, ts=5, x0=714335726
P1, tp=5, ts=5
P3, tp=5, ts=5, x0=135805058
P1, tp=5, ts=5
P1, tp=5, ts=5
P2, tp=5, ts=5
P0, tp=5, ts=5, x0=174531847
P2, tp=5, ts=5
P0, tp=5, ts=5, x0=242747925
P2, tp=5, ts=5
P2, tp=5, ts=5
P2, tp=5, ts=5
P2, tp=5, ts=5
P1, tp=5, ts=5
P0, tp=5, ts=5, x0=714865660
P0, tp=5, ts=5, x0=169709190
P1, tp=5, ts=5
P2, tp=5, ts=5
P1, tp=5, ts=5
P3, tp=5, ts=5, x0=711454865
P1, tp=5, ts=5
P1, tp=5, ts=5
P0, tp=5, ts=5, x0=480401630
P1, tp=5, ts=5
P2, tp=5, ts=5
P3, tp=5, ts=5, x0=994447149
P2, tp=5, ts=5
P1, tp=5, ts=5
P0, tp=5, ts=5, x0=468373969
P3, tp=5, ts=5, x0=374141174
P0, tp=5, ts=5, x0=690945555
P2, tp=5, ts=5
P3, tp=5, ts=5, x0=599149631
P3, tp=5, ts=5, x0=524489671
P3, tp=5, ts=5, x0=481711494
P3, tp=5, ts=5, x0=153488987
P1, tp=5, ts=5
P2, tp=5, ts=5
P0, tp=5, ts=5, x0=175245603
P3, tp=5, ts=5, x0=480401630
P1, tp=5, ts=5
P1, tp=5, ts=5
P3, tp=5, ts=5, x0=241608244
P1, tp=5, ts=5
P3, tp=5, ts=5, x0=53160540
P2, tp=5, ts=5
P1, tp=5, ts=5
P2, tp=5, ts=5
P2, tp=5, ts=5
P1, tp=5, ts=5
P2, tp=5, ts=5
P2, tp=5, ts=5
P0, tp=5, ts=5, x0=570285474
P3, tp=5, ts=5, x0=480401630
P0, tp=5, ts=5, x0=565114233
P0, tp=5, ts=5, x0=455918886
P2, tp=5, ts=5
P3, tp=5, ts=5, x0=97101423
P2, tp=5, ts=5
P2, tp=5, ts=5
P1, tp=5, ts=5
P2, tp=5, ts=5
P2, tp=5, ts=5
P3, tp=5, ts=5, x0=7269934
P0, tp=5, ts=5, x0=714531378
P2, tp=5, ts=5
P2, tp=5, ts=5
P2, tp=5, ts=5
P2, tp=5, ts=5
P3, tp=5, ts=5, x0=993926176
P1, tp=5, ts=5
P2, tp=5, ts=5
P3, tp=5, ts=5, x0=473052517
P2, tp=5, ts=5
P2, tp=5, ts=5
P3, tp=5, ts=5, x0=135805058
P3, tp=5, ts=5, x0=527902242
P1, tp=5, ts=5
P0, tp=5, ts=5, x0=647786055
P0, tp=5, ts=5, x0=169709190
P0, tp=5, ts=5, x0=741333991
P2, tp=5, ts=5
P3, tp=5, ts=5, x0=763512129
P2, tp=5, ts=5
P3, tp=5, ts=5, x0=599208056
P0, tp=5, ts=5, x0=713711806
P1, tp=5, ts=5
P2, tp=5, ts=5
P2, tp=5, ts=5
P1, tp=5, ts=5
P2, tp=5, ts=5
P2, tp=5, ts=5
P0, tp=5, ts=5, x0=158721549
P1, tp=5, ts=5
P1, tp=5, ts=5
P2, tp=5, ts=5
P3, tp=5, ts=5, x0=249338976
P0, tp=5, ts=5, x0=317058386
P2, tp=5, ts=5
P0, tp=5, ts=5, x0=53160540
P3, tp=5, ts=5, x0=114375686
P1, tp=5, ts=5
P0, tp=5, ts=5, x0=315387163
P1, tp=5, ts=5
P3, tp=5, ts=5, x0=242747925
P1, tp=5, ts=5
P1, tp=5, ts=5
P1, tp=5, ts=5
P0, tp=5, ts=5, x0=4784336
P3, tp=5, ts=5, x0=341761146
P1, tp=5, ts=5
P0, tp=5, ts=5, x0=269860718
P3, tp=5, ts=5, x0=481711494
P3, tp=5, ts=5, x0=175245603
P3, tp=5, ts=5, x0=322282226
P1, tp=5, ts=5
P3, tp=5, ts=5, x0=41017260
P0, tp=5, ts=5, x0=481711494
P3, tp=5, ts=5, x0=199164441
P0, tp=5, ts=5, x0=840998338
P1, tp=5, ts=5
P1, tp=5, ts=5
P2, tp=5, ts=5
P1, tp=5, ts=5
P1, tp=5, ts=5
P2, tp=5, ts=5
P2, tp=5, ts=5
P1, tp=5, ts=5
P0, tp=5, ts=5, x0=317058386
P3, tp=5, ts=5, x0=917552990
P0, tp=5, ts=5, x0=484831502
P1, tp=5, ts=5
P3, tp=5, ts=5, x0=135805058
P1, tp=5, ts=5
P0, tp=5, ts=5, x0=527902242
P1, tp=5, ts=5
P3, tp=5, ts=5, x0=599208056
P1, tp=5, ts=5
P3, tp=5, ts=5, x0=929621501
P2, tp=5, ts=5
P2, tp=5, ts=5
P0, tp=5, ts=5, x0=269860718
P1, tp=5, ts=5
P0, tp=5, ts=5, x0=481001251
P2, tp=5, ts=5
P1, tp=5, ts=5
P1, tp=5, ts=5
P0, tp=5, ts=5, x0=481711494
P0, tp=5, ts=5, x0=116728515
P2, tp=5, ts=5
P2, tp=5, ts=5
P0, tp=5, ts=5, x0=317058386
P2, tp=5, ts=5
P0, tp=5, ts=5, x0=973098385
P3, tp=5, ts=5, x0=781549095
P0, tp=5, ts=5, x0=591913378
P1, tp=5, ts=5
P2, tp=5, ts=5
P0, tp=5, ts=5, x0=4784336
P0, tp=5, ts=5, x0=175245603
P1, tp=5, ts=5
P0, tp=5, ts=5, x0=714335726
P2, tp=5, ts=5
P3, tp=5, ts=5, x0=801509552
P3, tp=5, ts=5, x0=840851095
P1, tp=5, ts=5
P3, tp=5, ts=5, x0=527902242
P0, tp=5, ts=5, x0=929621501
P2, tp=5, ts=5
P0, tp=5, ts=5, x0=82136293
P0, tp=5, ts=5, x0=481711494
P3, tp=5, ts=5, x0=923843939
P3, tp=5, ts=5, x0=271330754
P3, tp=5, ts=5, x0=786026892
P1, tp=5, ts=5
P3, tp=5, ts=5, x0=198565719
P0, tp=5, ts=5, x0=565114233
P0, tp=5, ts=5, x0=557979160
P0, tp=5, ts=5, x0=4784336
P2, tp=5, ts=5
P3, tp=5, ts=5, x0=322282226
P1, tp=5, ts=5
P0, tp=5, ts=5, x0=254989333
P1, tp=5, ts=5
P1, tp=5, ts=5
P0, tp=5, ts=5, x0=828273723
P2, tp=5, ts=5
P3, tp=5, ts=5, x0=636201402
P0, tp=5, ts=5, x0=55627669
P3, tp=5, ts=5, x0=315387163
P2, tp=5, ts=5
P3, tp=5, ts=5, x0=780957688
P3, tp=5, ts=5, x0=714531378
P0, tp=5, ts=5, x0=26433886
P0, tp=5, ts=5, x0=116728515
P1, tp=5, ts=5
P1, tp=5, ts=5
P0, tp=5, ts=5, x0=12079716
P1, tp=5, ts=5
P2, tp=5, ts=5
P2, tp=5, ts=5
P3, tp=5, ts=5, x0=82136293
P1, tp=5, ts=5
P3, tp=5, ts=5, x0=758616499
P3, tp=5, ts=5, x0=929621501
P3, tp=5, ts=5, x0=269860718
P0, tp=5, ts=5, x0=78814145
P1, tp=5, ts=5
P0, tp=5, ts=5, x0=468373969
P1, tp=5, ts=5
P1, tp=5, ts=5
P2, tp=5, ts=5
P3, tp=5, ts=5, x0=959232710
P2, tp=5, ts=5
P0, tp=5, ts=5, x0=711454865
P3, tp=5, ts=5, x0=557979160
P3, tp=5, ts=5, x0=4784336
P1, tp=5, ts=5
P1, tp=5, ts=5
P2, tp=5, ts=5
P0, tp=5, ts=5, x0=458749650
P0, tp=5, ts=5, x0=26433886
P3, tp=5, ts=5, x0=665794784
P2, tp=5, ts=5
P2, tp=5, ts=5
P2, tp=5, ts=5
P3, tp=5, ts=5, x0=175245603
P3, tp=5, ts=5, x0=97101423
P0, tp=5, ts=5, x0=896608822
P0, tp=5, ts=5, x0=271330754
P0, tp=5, ts=5, x0=848061216
P2, tp=5, ts=5
P1, tp=5, ts=5
P2, tp=5, ts=5
P1, tp=5, ts=5
P2, tp=5, ts=5
P1, tp=5, ts=5
P3, tp=5, ts=5, x0=713711806
P2, tp=5, ts=5
P1, tp=5, ts=5
P0, tp=5, ts=5, x0=917552990
P3, tp=5, ts=5, x0=233656121
P0, tp=5, ts=5, x0=590881077
P1, tp=5, ts=5
P3, tp=5, ts=5, x0=262628136
P3, tp=5, ts=5, x0=599149631
P3, tp=5, ts=5, x0=767372659
P0, tp=5, ts=5, x0=570285474
P3, tp=5, ts=5, x0=828273723
P1, tp=5, ts=5
P0, tp=5, ts=5, x0=218214545
P2, tp=5, ts=5
P3, tp=5, ts=5, x0=26433886
P1, tp=5, ts=5
P2, tp=5, ts=5
P3, tp=5, ts=5, x0=570285474
P0, tp=5, ts=5, x0=233656121
P2, tp=5, ts=5
P1, tp=5, ts=5
P3, tp=5, ts=5, x0=484831502
P3, tp=5, ts=5, x0=527902242
P1, tp=5, ts=5
P3, tp=5, ts=5, x0=964606019
P3, tp=5, ts=5, x0=994573408
P3, tp=5, ts=5, x0=741333991
P0, tp=5, ts=5, x0=570285474
P2, tp=5, ts=5
P1, tp=5, ts=5
P2, tp=5, ts=5
P0, tp=5, ts=5, x0=909799951
P0, tp=5, ts=5, x0=754464915
P1, tp=5, ts=5
P3, tp=5, ts=5, x0=767372659
P3, tp=5, ts=5, x0=713711806
P0, tp=5, ts=5, x0=767372659
P2, tp=5, ts=5
P2, tp=5, ts=5
P1, tp=5, ts=5
P3, tp=5, ts=5, x0=758616499
P3, tp=5, ts=5, x0=241274520
P0, tp=5, ts=5, x0=374141174
P1, tp=5, ts=5
P1, tp=5, ts=5
P0, tp=5, ts=5, x0=269860718
P1, tp=6, ts=6
P0, tp=6, ts=6, x0=473052517
P1, tp=6, ts=6
P2, tp=6, ts=6
P0, tp=6, ts=6, x0=484831502
P2, tp=6, ts=6
P2, tp=6, ts=6
P2, tp=6, ts=6
P0, tp=6, ts=6, x0=179478885
P3, tp=6, ts=6, x0=341761146
P0, tp=6, ts=6, x0=741366095
P3, tp=6, ts=6, x0=481711494
P0, tp=6, ts=6, x0=749155486
P1, tp=6, ts=6
P2, tp=6, ts=6
P2, tp=6, ts=6
P3, tp=6, ts=6, x0=871328432
P0, tp=6, ts=6, x0=53160540
P3, tp=6, ts=6, x0=758616499
P0, tp=6, ts=6, x0=636201402
P0, tp=6, ts=6, x0=175245603
P1, tp=6, ts=6
P3, tp=6, ts=6, x0=242747925
P0, tp=6, ts=6, x0=713711806
P0, tp=6, ts=6, x0=179478885
P1, tp=6, ts=6
P3, tp=6, ts=6, x0=481711494
P0, tp=6, ts=6, x0=315387163
P0, tp=6, ts=6, x0=929621501
P0, tp=6, ts=6, x0=315387163
P2, tp=6, ts=6
P1, tp=6, ts=6
P0, tp=6, ts=6, x0=175245603
P3, tp=6, ts=6, x0=210178946
P3, tp=6, ts=6, x0=317058386
P3, tp=6, ts=6, x0=767372659
P3, tp=6, ts=6, x0=421759463
P2, tp=6, ts=6
P1, tp=6, ts=6
P0, tp=6, ts=6, x0=668177309
P1, tp=6, ts=6
P1, tp=6, ts=6
P1, tp=6, ts=6
P1, tp=6, ts=6
P0, tp=6, ts=6, x0=959232710
P0, tp=6, ts=6, x0=680257802
P2, tp=6, ts=6
P3, tp=6, ts=6, x0=767372659
P2, tp=6, ts=6
P3, tp=6, ts=6, x0=242747925
P1, tp=6, ts=6
P2, tp=6, ts=6
P2, tp=6, ts=6
P1, tp=6, ts=6
P3, tp=6, ts=6, x0=871328432
P3, tp=6, ts=6, x0=691007781
P0, tp=6, ts=6, x0=262628136
P2, tp=6, ts=6
P2, tp=6, ts=6
P3, tp=6, ts=6, x0=4784336
P3, tp=6, ts=6, x0=315387163
P3, tp=6, ts=6, x0=767372659
P2, tp=6, ts=6
P1, tp=6, ts=6
P2, tp=6, ts=6
P1, tp=6, ts=6
P2, tp=6, ts=6
P0, tp=6, ts=6, x0=776569738
P2, tp=6, ts=6
P2, tp=6, ts=6
P3, tp=6, ts=6, x0=270242083
P2, tp=6, ts=6
P2, tp=6, ts=6
P1, tp=6, ts=6
P0, tp=6, ts=6, x0=254989333
P0, tp=6, ts=6, x0=233656121
P2, tp=6, ts=6
P0, tp=6, ts=6, x0=12079716
P2, tp=6, ts=6
P0, tp=6, ts=6, x0=690945555
P2, tp=6, ts=6
P0, tp=6, ts=6, x0=754464915
P3, tp=6, ts=6, x0=765715713
P0, tp=6, ts=6, x0=473052517
P1, tp=6, ts=6
P2, tp=6, ts=6
P3, tp=6, ts=6, x0=590881077
P0, tp=6, ts=6, x0=473052517
P2, tp=6, ts=6
P2, tp=6, ts=6
P3, tp=6, ts=6, x0=269860718
P0, tp=6, ts=6, x0=909799951
P3, tp=6, ts=6, x0=767372659
P3, tp=6, ts=6, x0=994114840
P2, tp=6, ts=6
P0, tp=6, ts=6, x0=169902816
P1, tp=6, ts=6
P1, tp=6, ts=6
P3, tp=6, ts=6, x0=342531013
P0, tp=6, ts=6, x0=725140564
P2, tp=6, ts=6
P0, tp=6, ts=6, x0=690945555
P1, tp=6, ts=6
P0, tp=6, ts=6, x0=765715713
P3, tp=6, ts=6, x0=62949616
P3, tp=6, ts=6, x0=62949616
P1, tp=6, ts=6
P3, tp=6, ts=6, x0=4784336
P2, tp=6, ts=6
P2, tp=6, ts=6
P1, tp=6, ts=6
P1, tp=6, ts=6
P1, tp=6, ts=6
P2, tp=6, ts=6
P0, tp=6, ts=6, x0=871328432
P0, tp=6, ts=6, x0=763512129
P3, tp=6, ts=6, x0=484831502
P3, tp=6, ts=6, x0=714531378
P2, tp=6, ts=6
P2, tp=6, ts=6
P2, tp=6, ts=6
P0, tp=6, ts=6, x0=241608244
P2, tp=6, ts=6
P0, tp=6, ts=6, x0=711454865
P2, tp=6, ts=6
P3, tp=6, ts=6, x0=994447149
P3, tp=6, ts=6, x0=374141174
P2, tp=6, ts=6
P2, tp=6, ts=6
P3, tp=6, ts=6, x0=62949616
P2, tp=6, ts=6
P1, tp=6, ts=6
P1, tp=6, ts=6
P3, tp=6, ts=6, x0=741333991
P0, tp=6, ts=6, x0=678583550
P0, tp=6, ts=6, x0=780957688
P0, tp=6, ts=6, x0=249338976
P1, tp=6, ts=6
P3, tp=6, ts=6, x0=153488987
P2, tp=6, ts=6
P2, tp=6, ts=6
P0, tp=6, ts=6, x0=342531013
P2, tp=6, ts=6
P1, tp=6, ts=6
P1, tp=6, ts=6
P2, tp=6, ts=6
P1, tp=6, ts=6
P1, tp=6, ts=6
P2, tp=6, ts=6
P0, tp=6, ts=6, x0=318199095
P3, tp=6, ts=6, x0=59921851
P3, tp=6, ts=6, x0=828273723
P0, tp=6, ts=6, x0=714865660
P1, tp=6, ts=6
P1, tp=6, ts=6
P3, tp=6, ts=6, x0=153488987
P2, tp=6, ts=6
P0, tp=6, ts=6, x0=218214545
P1, tp=6, ts=6
P2, tp=6, ts=6
P1, tp=6, ts=6
P2, tp=6, ts=6
P3, tp=6, ts=6, x0=711454865
P3, tp=6, ts=6, x0=97101423
P2, tp=6, ts=6
P3, tp=6, ts=6, x0=174531847
P3, tp=6, ts=6, x0=714335726
P2, tp=6, ts=6
P0, tp=6, ts=6, x0=978093450
P2, tp=6, ts=6
P1, tp=6, ts=6
P1, tp=6, ts=6
P0, tp=6, ts=6, x0=210178946
P0, tp=6, ts=6, x0=964606019
P1, tp=6, ts=6
P0, tp=6, ts=6, x0=18066276
P3, tp=6, ts=6, x0=782347722
P3, tp=6, ts=6, x0=871988861
P3, tp=6, ts=6, x0=481711494
P3, tp=6, ts=6, x0=848061216
P1, tp=6, ts=6
P1, tp=6, ts=6
P3, tp=6, ts=6, x0=78814145
P1, tp=6, ts=6
P1, tp=6, ts=6
P1, tp=6, ts=6
P0, tp=6, ts=6, x0=964606019
P2, tp=6, ts=6
P2, tp=6, ts=6
P3, tp=6, ts=6, x0=210178946
P3, tp=6, ts=6, x0=848061216
P0, tp=6, ts=6, x0=524489671
P1, tp=6, ts=6
P0, tp=6, ts=6, x0=318199095
P3, tp=6, ts=6, x0=458749650
P0, tp=6, ts=6, x0=763512129
P1, tp=6, ts=6
P3, tp=6, ts=6, x0=557979160
P1, tp=6, ts=6
P2, tp=6, ts=6
P3, tp=6, ts=6, x0=978093450
P0, tp=6, ts=6, x0=175245603
P2, tp=6, ts=6
P2, tp=6, ts=6
P1, tp=6, ts=6
P3, tp=6, ts=6, x0=816575475
P0, tp=6, ts=6, x0=233656121
P1, tp=6, ts=6
P3, tp=6, ts=6, x0=871988861
P3, tp=6, ts=6, x0=959232710
P0, tp=6, ts=6, x0=249338976
P0, tp=6, ts=6, x0=198565719
P0, tp=6, ts=6, x0=421759463
P1, tp=6, ts=6
P2, tp=6, ts=6
P1, tp=6, ts=6
P1, tp=6, ts=6
P1, tp=6, ts=6
P0, tp=6, ts=6, x0=554899733
P2, tp=6, ts=6
P1, tp=6, ts=6
P0, tp=6, ts=6, x0=241608244
P0, tp=6, ts=6, x0=725140564
P0, tp=6, ts=6, x0=241274520
P0, tp=6, ts=6, x0=758616499
P3, tp=6, ts=6, x0=254989333
P0, tp=6, ts=6, x0=5795079
P1, tp=6, ts=6
P3, tp=6, ts=6, x0=146525744
P1, tp=6, ts=6
P2, tp=6, ts=6
P0, tp=6, ts=6, x0=399890356
P1, tp=6, ts=6
P3, tp=6, ts=6, x0=714335726
P3, tp=6, ts=6, x0=754464915
P0, tp=6, ts=6, x0=481711494
P3, tp=6, ts=6, x0=590881077
P3, tp=6, ts=6, x0=599208056
P3, tp=6, ts=6, x0=524489671
P1, tp=6, ts=6
P2, tp=6, ts=6
P2, tp=6, ts=6
P2, tp=6, ts=6
P1, tp=6, ts=6
P0, tp=6, ts=6, x0=591913378
P2, tp=6, ts=6
P2, tp=6, ts=6
P0, tp=6, ts=6, x0=132065159
P2, tp=6, ts=6
P3, tp=6, ts=6, x0=473052517
P0, tp=6, ts=6, x0=713711806
P0, tp=6, ts=6, x0=399890356
P3, tp=6, ts=6, x0=179478885
P1, tp=6, ts=6
P2, tp=6, ts=6
P0, tp=6, ts=6, x0=978093450
P2, tp=6, ts=6
P0, tp=6, ts=6, x0=691007781
P3, tp=6, ts=6, x0=484831502
P0, tp=6, ts=6, x0=964606019
P3, tp=6, ts=6, x0=473052517
P3, tp=6, ts=6, x0=909799951
P0, tp=6, ts=6, x0=18066276
P2, tp=6, ts=6
P1, tp=6, ts=6
P3, tp=6, ts=6, x0=917552990
P3, tp=6, ts=6, x0=59921851
P3, tp=6, ts=6, x0=527902242
P1, tp=6, ts=6
P3, tp=6, ts=6, x0=964606019
P3, tp=6, ts=6, x0=909799951
P3, tp=6, ts=6, x0=116728515
P1, tp=6, ts=6
P3, tp=6, ts=6, x0=780957688
P2, tp=6, ts=6
P1, tp=6, ts=6
P0, tp=6, ts=6, x0=169902816
P2, tp=6, ts=6
P3, tp=6, ts=6, x0=455918886
P1, tp=6, ts=6
P1, tp=6, ts=6
P0, tp=6, ts=6, x0=871988861
P3, tp=6, ts=6, x0=786026892
P0, tp=6, ts=6, x0=554899733
P3, tp=6, ts=6, x0=245304478
P3, tp=6, ts=6, x0=317058386
P0, tp=6, ts=6, x0=816575475
P1, tp=6, ts=6
P2, tp=6, ts=6
P0, tp=6, ts=6, x0=527902242
P1, tp=6, ts=6
P2, tp=6, ts=6
P2, tp=6, ts=6
P3, tp=6, ts=6, x0=153488987
P3, tp=6, ts=6, x0=554899733
P3, tp=6, ts=6, x0=711454865
P3, tp=6, ts=6, x0=691007781
P1, tp=6, ts=6
P1, tp=6, ts=6
P3, tp=6, ts=6, x0=179478885
P2, tp=6, ts=6
P3, tp=6, ts=6, x0=484831502
P1, tp=6, ts=6
P2, tp=6, ts=6
P3, tp=6, ts=6, x0=12079716
P3, tp=6, ts=6, x0=59921851
P0, tp=6, ts=6, x0=599208056
P1, tp=6, ts=6
P2, tp=6, ts=6
P0, tp=6, ts=6, x0=132065159
P2, tp=6, ts=6
P3, tp=6, ts=6, x0=175245603
P3, tp=6, ts=6, x0=169902816
P2, tp=6, ts=6
P0, tp=6, ts=6, x0=315387163
P0, tp=6, ts=6, x0=763512129
P3, tp=6, ts=6, x0=269860718
P1, tp=6, ts=6
P1, tp=6, ts=6
P2, tp=6, ts=6
P0, tp=6, ts=6, x0=871988861
P2, tp=6, ts=6
P0, tp=6, ts=6, x0=714865660
P1, tp=6, ts=6
P3, tp=6, ts=6, x0=468373969
P3, tp=6, ts=6, x0=169902816
P3, tp=6, ts=6, x0=749155486
P3, tp=6, ts=6, x0=468373969
P1, tp=6, ts=6
P1, tp=6, ts=6
P2, tp=6, ts=6
P1, tp=6, ts=6
P1, tp=6, ts=6
P3, tp=6, ts=6, x0=12079716
P2, tp=6, ts=6
P1, tp=6, ts=6
P2, tp=6, ts=6
P3, tp=6, ts=6, x0=254989333
P3, tp=6, ts=6, x0=59921851
P3, tp=6, ts=6, x0=82136293
P2, tp=6, ts=6
P2, tp=6, ts=6
P2, tp=6, ts=6
P0, tp=6, ts=6, x0=964606019
P0, tp=6, ts=6, x0=816575475
P3, tp=6, ts=6, x0=959232710
P0, tp=6, ts=6, x0=816575475
P3, tp=6, ts=6, x0=776569738
P2, tp=6, ts=6
P1, tp=6, ts=6
P2, tp=6, ts=6
P0, tp=6, ts=6, x0=801509552
P2, tp=6, ts=6
P0, tp=6, ts=6, x0=18066276
P0, tp=6, ts=6, x0=269860718
P2, tp=6, ts=6
P2, tp=6, ts=6
P2, tp=6, ts=6
P3, tp=6, ts=6, x0=816575475
P3, tp=6, ts=6, x0=754464915
P3, tp=6, ts=6, x0=242747925
P0, tp=6, ts=6, x0=725140564
P2, tp=6, ts=6
P0, tp=6, ts=6, x0=565114233
P3, tp=6, ts=6, x0=669942889
P2, tp=6, ts=6
P2, tp=6, ts=6
P1, tp=6, ts=6
P0, tp=6, ts=6, x0=557979160
P0, tp=6, ts=6, x0=557979160
P1, tp=6, ts=6
P3, tp=6, ts=6, x0=169709190
P3, tp=6, ts=6, x0=917552990
P1, tp=6, ts=6
P0, tp=6, ts=6, x0=5795079
P1, tp=6, ts=6
P3, tp=6, ts=6, x0=468373969
P3, tp=6, ts=6, x0=763512129
P2, tp=6, ts=6
P0, tp=6, ts=6, x0=218214545
P1, tp=6, ts=6
P0, tp=6, ts=6, x0=993926176
P0, tp=6, ts=6, x0=116728515
P0, tp=6, ts=6, x0=241608244
P2, tp=6, ts=6
P1, tp=6, ts=6
P3, tp=6, ts=6, x0=878015212
P2, tp=6, ts=6
P2, tp=6, ts=6
P0, tp=6, ts=6, x0=169902816
P3, tp=6, ts=6, x0=763512129
P2, tp=6, ts=6
P0, tp=6, ts=6, x0=78814145
P3, tp=6, ts=6, x0=169902816
P1, tp=6, ts=6
P1, tp=6, ts=6
P2, tp=6, ts=6
P1, tp=6, ts=6
P2, tp=6, ts=6
P3, tp=6, ts=6, x0=318199095
P3, tp=6, ts=6, x0=169709190
P0, tp=6, ts=6, x0=668177309
P1, tp=6, ts=6
P1, tp=6, ts=6
P2, tp=6, ts=6
P2, tp=6, ts=6
P0, tp=6, ts=6, x0=270242083
P1, tp=6, ts=6
P3, tp=6, ts=6, x0=840998338
P2, tp=6, ts=6
P3, tp=6, ts=6, x0=816575475
P3, tp=6, ts=6, x0=146525744
P0, tp=6, ts=6, x0=241608244
P0, tp=6, ts=6, x0=765715713
P3, tp=6, ts=6, x0=780957688
P0, tp=6, ts=6, x0=421759463
P2, tp=6, ts=6
P0, tp=6, ts=6, x0=378863705
P2, tp=6, ts=6
P1, tp=6, ts=6
P1, tp=6, ts=6
P1, tp=6, ts=6
P1, tp=6, ts=6
P1, tp=6, ts=6
P3, tp=6, ts=6, x0=758616499
P2, tp=6, ts=6
P1, tp=6, ts=6
P3, tp=6, ts=6, x0=680257802
P3, tp=6, ts=6, x0=599208056
P1, tp=6, ts=6
P2, tp=6, ts=6
P1, tp=6, ts=6
P1, tp=6, ts=6
P2, tp=6, ts=6
P2, tp=6, ts=6
P1, tp=6, ts=6
P0, tp=6, ts=6, x0=12079716
P1, tp=6, ts=6
P1, tp=6, ts=6
P0, tp=6, ts=6, x0=786026892
P0, tp=6, ts=6, x0=599149631
P3, tp=6, ts=6, x0=271330754
P1, tp=6, ts=6
P1, tp=6, ts=6
P0, tp=6, ts=6, x0=786026892
P0, tp=6, ts=6, x0=399890356
P3, tp=6, ts=6, x0=840998338
P2, tp=6, ts=6
P2, tp=6, ts=6
P0, tp=6, ts=6, x0=964606019
P2, tp=6, ts=6
P1, tp=6, ts=6
P1, tp=6, ts=6
P1, tp=6, ts=6
P0, tp=6, ts=6, x0=917552990
P2, tp=6, ts=6
P1, tp=6, ts=6
P2, tp=6, ts=6
P2, tp=6, ts=6
P2, tp=6, ts=6
P1, tp=6, ts=6
P0, tp=6, ts=6, x0=315387163
P0, tp=6, ts=6, x0=169902816
P2, tp=6, ts=6
P1, tp=6, ts=6
P1, tp=6, ts=6
P2, tp=6, ts=6
P2, tp=6, ts=6
P1, tp=6, ts=6
P0, tp=6, ts=6, x0=680257802
P1, tp=6, ts=6
P2, tp=6, ts=6
P2, tp=6, ts=6
P3, tp=6, ts=6, x0=758616499
P2, tp=6, ts=6
P1, tp=6, ts=6
P3, tp=6, ts=6, x0=241608244
P1, tp=6, ts=6
P0, tp=6, ts=6, x0=749155486
P0, tp=6, ts=6, x0=994447149
P2, tp=6, ts=6
P1, tp=6, ts=6
P0, tp=6, ts=6, x0=374141174
P3, tp=6, ts=6, x0=994573408
P1, tp=6, ts=6
P1, tp=6, ts=6
P2, tp=6, ts=6
P3, tp=6, ts=6, x0=82136293
P1, tp=6, ts=6
P3, tp=6, ts=6, x0=198565719
P1, tp=6, ts=6
P1, tp=6, ts=6
P1, tp=6, ts=6
P1, tp=6, ts=6
P2, tp=6, ts=6
P1, tp=6, ts=6
P2, tp=6, ts=6
P2, tp=6, ts=6
P1, tp=6, ts=6
P1, tp=6, ts=6
P3, tp=6, ts=6, x0=780957688
P1, tp=6, ts=6
P3, tp=6, ts=6, x0=59921851
P1, tp=6, ts=6
P0, tp=6, ts=6, x0=714865660
P0, tp=6, ts=6, x0=218214545
P0, tp=6, ts=6, x0=741333991
P0, tp=6, ts=6, x0=706281422
P0, tp=6, ts=6, x0=678583550
P1, tp=6, ts=6
P0, tp=6, ts=6, x0=53160540
P3, tp=6, ts=6, x0=378863705
P0, tp=6, ts=6, x0=210178946
P2, tp=6, ts=6
P3, tp=6, ts=6, x0=713711806
P1, tp=6, ts=6
P3, tp=6, ts=6, x0=210178946
P2, tp=6, ts=6
P0, tp=6, ts=6, x0=468373969
P0, tp=6, ts=6, x0=871328432
P1, tp=6, ts=6
P3, tp=6, ts=6, x0=304812659
P1, tp=6, ts=6
P1, tp=6, ts=6
P3, tp=6, ts=6, x0=169902816
P2, tp=6, ts=6
P0, tp=6, ts=6, x0=78814145
P0, tp=6, ts=6, x0=782347722
P2, tp=6, ts=6
P0, tp=6, ts=6, x0=828273723
P1, tp=6, ts=6
P3, tp=6, ts=6, x0=929621501
P3, tp=6, ts=6, x0=318199095
P1, tp=6, ts=6
P0, tp=6, ts=6, x0=691007781
P1, tp=6, ts=6
P1, tp=6, ts=6
P1, tp=6, ts=6
P3, tp=6, ts=6, x0=480401630
P2, tp=6, ts=6
P2, tp=6, ts=6
P0, tp=6, ts=6, x0=591913378
P1, tp=6, ts=6
P2, tp=6, ts=6
P1, tp=6, ts=6
P3, tp=6, ts=6, x0=318199095
P3, tp=6, ts=6, x0=480401630
P3, tp=6, ts=6, x0=767372659
P3, tp=6, ts=6, x0=82136293
P1, tp=6, ts=6
P3, tp=6, ts=6, x0=714335726
P2, tp=6, ts=6
P3, tp=6, ts=6, x0=399890356
P0, tp=6, ts=6, x0=714335726
P2, tp=6, ts=6
P1, tp=6, ts=6
P0, tp=6, ts=6, x0=828273723
P3, tp=6, ts=6, x0=816575475
P1, tp=6, ts=6
P3, tp=6, ts=6, x0=146525744
P3, tp=6, ts=6, x0=669942889
P0, tp=6, ts=6, x0=786026892
P1, tp=6, ts=6
P3, tp=6, ts=6, x0=270242083
P3, tp=6, ts=6, x0=241608244
P1, tp=6, ts=6
P2, tp=6, ts=6
P3, tp=6, ts=6, x0=600808883
P0, tp=6, ts=6, x0=668177309
P0, tp=6, ts=6, x0=929621501
P2, tp=6, ts=6
P1, tp=6, ts=6
P0, tp=6, ts=6, x0=590881077
P1, tp=6, ts=6
P0, tp=6, ts=6, x0=599149631
P3, tp=6, ts=6, x0=455918886
P3, tp=6, ts=6, x0=249338976
P2, tp=6, ts=6
P1, tp=6, ts=6
P0, tp=6, ts=6, x0=680257802
P0, tp=6, ts=6, x0=242747925
P1, tp=6, ts=6
P1, tp=6, ts=6
P1, tp=6, ts=6
P2, tp=6, ts=6
P2, tp=6, ts=6
P2, tp=6, ts=6
P2, tp=6, ts=6
P2, tp=6, ts=6
P2, tp=6, ts=6
P0, tp=6, ts=6, x0=765715713
P2, tp=6, ts=6
P0, tp=6, ts=6, x0=59921851
P0, tp=6, ts=6, x0=767372659
P2, tp=6, ts=6
P0, tp=6, ts=6, x0=78814145
P0, tp=6, ts=6, x0=711454865
P2, tp=6, ts=6
P3, tp=6, ts=6, x0=754464915
P2, tp=6, ts=6
P3, tp=6, ts=6, x0=978093450
P1, tp=6, ts=6
P1, tp=6, ts=6
P3, tp=6, ts=6, x0=82136293
P3, tp=6, ts=6, x0=749155486
P3, tp=6, ts=6, x0=678583550
P0, tp=6, ts=6, x0=245304478
P2, tp=6, ts=6
P0, tp=6, ts=6, x0=175245603
P1, tp=6, ts=6
P2, tp=6, ts=6
P3, tp=6, ts=6, x0=198565719
P0, tp=6, ts=6, x0=746052433
P3, tp=6, ts=6, x0=116728515
P3, tp=6, ts=6, x0=599149631
P2, tp=6, ts=6
P0, tp=6, ts=6, x0=678583550
P0, tp=6, ts=6, x0=714531378
P1, tp=6, ts=6
P0, tp=6, ts=6, x0=315387163
P1, tp=6, ts=6
P3, tp=6, ts=6, x0=780957688
P3, tp=6, ts=6, x0=271330754
P0, tp=6, ts=6, x0=132065159
P3, tp=6, ts=6, x0=828273723
P1, tp=6, ts=6
P3, tp=6, ts=6, x0=342531013
P0, tp=6, ts=6, x0=169902816
P3, tp=6, ts=6, x0=994114840
P3, tp=6, ts=6, x0=169902816
P2, tp=6, ts=6
P0, tp=6, ts=6, x0=59921851
P1, tp=6, ts=6
P1, tp=6, ts=6
P0, tp=6, ts=6, x0=622193866
P1, tp=6, ts=6
P3, tp=6, ts=6, x0=484831502
P0, tp=6, ts=6, x0=218214545
P2, tp=6, ts=6
P0, tp=6, ts=6, x0=249338976
P1, tp=6, ts=6
P1, tp=6, ts=6
P2, tp=6, ts=6
P2, tp=6, ts=6
P3, tp=6, ts=6, x0=754464915
P3, tp=6, ts=6, x0=565114233
P2, tp=6, ts=6
P0, tp=6, ts=6, x0=198565719
P2, tp=6, ts=6
P0, tp=6, ts=6, x0=678583550
P1, tp=6, ts=6
P1, tp=6, ts=6
P0, tp=6, ts=6, x0=269860718
P1, tp=6, ts=6
P0, tp=6, ts=6, x0=816575475
P0, tp=6, ts=6, x0=828273723
P0, tp=6, ts=6, x0=993926176
P0, tp=6, ts=6, x0=198565719
P1, tp=6, ts=6
P1, tp=6, ts=6
P2, tp=6, ts=6
P1, tp=6, ts=6
P0, tp=6, ts=6, x0=241608244
P2, tp=6, ts=6
P3, tp=6, ts=6, x0=570285474
P1, tp=6, ts=6
P2, tp=6, ts=6
P2, tp=6, ts=6
P1, tp=6, ts=6
P2, tp=6, ts=6
P0, tp=6, ts=6, x0=706281422
P2, tp=6, ts=6
P3, tp=6, ts=6, x0=169902816
P2, tp=6, ts=6
P1, tp=6, ts=6
P3, tp=6, ts=6, x0=455918886
P3, tp=6, ts=6, x0=62949616
P2, tp=6, ts=6
P1, tp=6, ts=6
P3, tp=6, ts=6, x0=318199095
P0, tp=6, ts=6, x0=315387163
P1, tp=6, ts=6
P1, tp=6, ts=6
P2, tp=6, ts=6
P1, tp=6, ts=6
P1, tp=6, ts=6
P1, tp=6, ts=6
P3, tp=6, ts=6, x0=169902816
P0, tp=6, ts=6, x0=909799951
P1, tp=6, ts=6
P3, tp=6, ts=6, x0=974356170
P0, tp=6, ts=6, x0=591913378
P2, tp=6, ts=6
P1, tp=6, ts=6
P2, tp=6, ts=6
P0, tp=6, ts=6, x0=696011574
P3, tp=6, ts=6, x0=5795079
P2, tp=6, ts=6
P3, tp=6, ts=6, x0=668177309
P3, tp=6, ts=6, x0=249338976
P1, tp=6, ts=6
P3, tp=6, ts=6, x0=241608244
P2, tp=6, ts=6
P1, tp=6, ts=6
P1, tp=6, ts=6
P1, tp=6, ts=6
P0, tp=6, ts=6, x0=315387163
P3, tp=6, ts=6, x0=53160540
P2, tp=6, ts=6
P0, tp=6, ts=6, x0=994447149
P3, tp=6, ts=6, x0=22095674
P3, tp=6, ts=6, x0=741366095
P3, tp=6, ts=6, x0=318199095
P0, tp=6, ts=6, x0=840998338
P2, tp=6, ts=6
P0, tp=6, ts=6, x0=974356170
P3, tp=6, ts=6, x0=994114840
P2, tp=6, ts=6
P3, tp=6, ts=6, x0=116728515
P0, tp=6, ts=6, x0=600808883
P1, tp=6, ts=6
P3, tp=6, ts=6, x0=557979160
P2, tp=6, ts=6
P3, tp=6, ts=6, x0=786026892
P1, tp=6, ts=6
P3, tp=6, ts=6, x0=26433886
P2, tp=6, ts=6
P0, tp=6, ts=6, x0=696011574
P0, tp=6, ts=6, x0=59921851
P0, tp=6, ts=6, x0=169902816
P2, tp=6, ts=6
P2, tp=6, ts=6
P1, tp=6, ts=6
P2, tp=6, ts=6
P0, tp=6, ts=6, x0=929621501
P3, tp=6, ts=6, x0=816575475
P0, tp=6, ts=6, x0=527902242
P2, tp=6, ts=6
P2, tp=6, ts=6
P0, tp=6, ts=6, x0=917552990
P3, tp=6, ts=6, x0=249338976
P2, tp=6, ts=6
P2, tp=6, ts=6
P0, tp=6, ts=6, x0=262628136
P0, tp=6, ts=6, x0=198565719
P2, tp=6, ts=6
P1, tp=6, ts=6
P0, tp=6, ts=6, x0=714865660
P3, tp=6, ts=6, x0=929621501
P3, tp=6, ts=6, x0=59921851
P3, tp=6, ts=6, x0=964606019
P2, tp=6, ts=6
P1, tp=6, ts=6
P1, tp=6, ts=6
P2, tp=6, ts=6
P0, tp=6, ts=6, x0=554899733
P1, tp=6, ts=6
P2, tp=6, ts=6
P3, tp=6, ts=6, x0=741366095
P2, tp=6, ts=6
P1, tp=6, ts=6
P1, tp=6, ts=6
P3, tp=6, ts=6, x0=871988861
P1, tp=6, ts=6
P1, tp=6, ts=6
P2, tp=6, ts=6
P1, tp=6, ts=6
P1, tp=6, ts=6
P3, tp=6, ts=6, x0=680257802
P2, tp=6, ts=6
P1, tp=6, ts=6
P0, tp=6, ts=6, x0=855083177
P0, tp=6, ts=6, x0=993926176
P0, tp=6, ts=6, x0=153488987
P2, tp=6, ts=6
P2, tp=6, ts=6
P1, tp=6, ts=6
P2, tp=6, ts=6
P2, tp=6, ts=6
P3, tp=6, ts=6, x0=5795079
P2, tp=6, ts=6
P3, tp=6, ts=6, x0=848061216
P0, tp=6, ts=6, x0=315387163
P1, tp=6, ts=6
P0, tp=6, ts=6, x0=480401630
P0, tp=6, ts=6, x0=254989333
P2, tp=6, ts=6
P3, tp=6, ts=6, x0=600808883
P3, tp=6, ts=6, x0=342531013
P0, tp=6, ts=6, x0=26433886
P3, tp=6, ts=6, x0=82136293
P0, tp=6, ts=6, x0=599149631
P3, tp=6, ts=6, x0=786026892
P3, tp=6, ts=6, x0=600808883
P1, tp=6, ts=6
P0, tp=6, ts=6, x0=780957688
P3, tp=6, ts=6, x0=565114233
P1, tp=6, ts=6
P1, tp=6, ts=6
P1, tp=6, ts=6
P2, tp=6, ts=6
P0, tp=6, ts=6, x0=421759463
P2, tp=6, ts=6
P1, tp=6, ts=6
P2, tp=6, ts=6
P2, tp=6, ts=6
P1, tp=6, ts=6
P2, tp=6, ts=6
P0, tp=6, ts=6, x0=18066276
P1, tp=6, ts=6
P3, tp=6, ts=6, x0=964606019
P0, tp=6, ts=6, x0=994573408
P2, tp=6, ts=6
P0, tp=6, ts=6, x0=993926176
P1, tp=6, ts=6
P2, tp=6, ts=6
P2, tp=6, ts=6
P1, tp=6, ts=6
P1, tp=6, ts=6
P0, tp=6, ts=6, x0=828273723
P1, tp=6, ts=6
P0, tp=6, ts=6, x0=362454501
P0, tp=6, ts=6, x0=678583550
P0, tp=6, ts=6, x0=917552990
P2, tp=6, ts=6
P3, tp=6, ts=6, x0=816575475
P1, tp=6, ts=6
P0, tp=6, ts=6, x0=896608822
P1, tp=6, ts=6
P3, tp=6, ts=6, x0=763512129
P1, tp=6, ts=6
P3, tp=6, ts=6, x0=929621501
P0, tp=6, ts=6, x0=901452808
P1, tp=6, ts=6
P1, tp=6, ts=6
P1, tp=6, ts=6
P1, tp=6, ts=6
P1, tp=6, ts=6
P3, tp=6, ts=6, x0=318199095
P3, tp=6, ts=6, x0=399890356
P3, tp=6, ts=6, x0=758616499
P3, tp=6, ts=6, x0=775448190
P3, tp=6, ts=6, x0=741366095
P1, tp=6, ts=6
P2, tp=6, ts=6
P0, tp=6, ts=6, x0=524489671
P2, tp=6, ts=6
P3, tp=6, ts=6, x0=527902242
P0, tp=6, ts=6, x0=767372659
P0, tp=6, ts=6, x0=315387163
P0, tp=6, ts=6, x0=878015212
P2, tp=6, ts=6
P2, tp=6, ts=6
P0, tp=6, ts=6, x0=714865660
P3, tp=6, ts=6, x0=132065159
P0, tp=6, ts=6, x0=421759463
P3, tp=6, ts=6, x0=468373969
P3, tp=6, ts=6, x0=590881077
P3, tp=6, ts=6, x0=994114840
P1, tp=6, ts=6
P3, tp=6, ts=6, x0=871328432
P0, tp=6, ts=6, x0=484831502
P0, tp=6, ts=6, x0=571598936
P1, tp=6, ts=6
P3, tp=6, ts=6, x0=31712170
P2, tp=6, ts=6
P3, tp=6, ts=6, x0=468373969
P2, tp=6, ts=6
P0, tp=6, ts=6, x0=175245603
P2, tp=6, ts=6
P2, tp=6, ts=6
P3, tp=6, ts=6, x0=26433886
P3, tp=6, ts=6, x0=782347722
P1, tp=6, ts=6
P3, tp=6, ts=6, x0=82136293
P3, tp=6, ts=6, x0=714531378
P0, tp=6, ts=6, x0=917552990
P2, tp=6, ts=6
P0, tp=6, ts=6, x0=557979160
P0, tp=6, ts=6, x0=917552990
P2, tp=6, ts=6
P0, tp=6, ts=6, x0=484831502
P2, tp=6, ts=6
P2, tp=6, ts=6
P1, tp=6, ts=6
P3, tp=6, ts=6, x0=765715713
P3, tp=6, ts=6, x0=741333991
P2, tp=6, ts=6
P3, tp=6, ts=6, x0=591913378
P0, tp=6, ts=6, x0=153488987
P2, tp=6, ts=6
P3, tp=6, ts=6, x0=62949616
P3, tp=6, ts=6, x0=714531378
P0, tp=6, ts=6, x0=132065159
P1, tp=6, ts=6
P1, tp=6, ts=6
P3, tp=6, ts=6, x0=198565719
P1, tp=6, ts=6
P1, tp=6, ts=6
P3, tp=6, ts=6, x0=262628136
P0, tp=6, ts=6, x0=421759463
P2, tp=6, ts=6
P2, tp=6, ts=6
P3, tp=6, ts=6, x0=342531013
P0, tp=6, ts=6, x0=570285474
P1, tp=6, ts=6
P1, tp=6, ts=6
P2, tp=6, ts=6
P2, tp=6, ts=6
P1, tp=6, ts=6
P2, tp=6, ts=6
P3, tp=6, ts=6, x0=318199095
P3, tp=6, ts=6, x0=917552990
P3, tp=6, ts=6, x0=304812659
P3, tp=6, ts=6, x0=443006041
P0, tp=6, ts=6, x0=484831502
P3, tp=6, ts=6, x0=5795079
P3, tp=6, ts=6, x0=901452808
P1, tp=6, ts=6
P2, tp=6, ts=6
P1, tp=6, ts=6
P3, tp=6, ts=6, x0=82136293
P3, tp=6, ts=6, x0=790034738
P1, tp=6, ts=6
P1, tp=6, ts=6
P3, tp=6, ts=6, x0=78814145
P3, tp=6, ts=6, x0=901452808
P0, tp=6, ts=6, x0=153488987
P1, tp=6, ts=6
P0, tp=6, ts=6, x0=443006041
P0, tp=6, ts=6, x0=242747925
P1, tp=6, ts=6
P0, tp=6, ts=6, x0=315387163
P0, tp=6, ts=6, x0=714531378
P0, tp=6, ts=6, x0=399890356
P1, tp=6, ts=6
P2, tp=6, ts=6
P2, tp=6, ts=6
P2, tp=6, ts=6
P0, tp=6, ts=6, x0=599149631
P2, tp=6, ts=6
P0, tp=6, ts=6, x0=746052433
P3, tp=6, ts=6, x0=527902242
P3, tp=6, ts=6, x0=527902242
P3, tp=6, ts=6, x0=242747925
P0, tp=6, ts=6, x0=207688904
P3, tp=6, ts=6, x0=378863705
P3, tp=6, ts=6, x0=767372659
P2, tp=6, ts=6
P1, tp=6, ts=6
P1, tp=6, ts=6
P2, tp=6, ts=6
P3, tp=6, ts=6, x0=554899733
P0, tp=6, ts=6, x0=242747925
P0, tp=6, ts=6, x0=270242083
P1, tp=6, ts=6
P0, tp=6, ts=6, x0=218792971
P1, tp=6, ts=6
P0, tp=6, ts=6, x0=260419518
P0, tp=6, ts=6, x0=5795079
P2, tp=6, ts=6
P0, tp=6, ts=6, x0=315387163
P3, tp=6, ts=6, x0=668177309
P0, tp=6, ts=6, x0=270242083
P0, tp=6, ts=6, x0=321742630
P2, tp=6, ts=6
P1, tp=6, ts=6
P3, tp=6, ts=6, x0=571598936
P2, tp=6, ts=6
P0, tp=6, ts=6, x0=816575475
P1, tp=6, ts=6
P3, tp=6, ts=6, x0=901452808
P1, tp=6, ts=6
P2, tp=6, ts=6
P3, tp=6, ts=6, x0=318199095
P3, tp=6, ts=6, x0=994447149
P0, tp=6, ts=6, x0=210178946
P3, tp=6, ts=6, x0=484831502
P3, tp=6, ts=6, x0=22095674
P0, tp=6, ts=6, x0=207688904
P1, tp=6, ts=6
P3, tp=6, ts=6, x0=599149631
P1, tp=6, ts=6
P1, tp=6, ts=6
P1, tp=6, ts=6
P1, tp=6, ts=6
P2, tp=6, ts=6
P0, tp=6, ts=6, x0=909799951
P2, tp=6, ts=6
P2, tp=6, ts=6
P1, tp=6, ts=6
P2, tp=6, ts=6
P1, tp=6, ts=6
P1, tp=6, ts=6
P1, tp=6, ts=6
P3, tp=6, ts=6, x0=668177309
P0, tp=6, ts=6, x0=210178946
P2, tp=6, ts=6
P2, tp=6, ts=6
P3, tp=6, ts=6, x0=816575475
P3, tp=7, ts=7, x0=725140564
P1, tp=7, ts=7
P2, tp=7, ts=7
P0, tp=7, ts=7, x0=623237646
P3, tp=7, ts=7, x0=110736238
P2, tp=7, ts=7
P3, tp=7, ts=7, x0=725140564
P3, tp=7, ts=7, x0=901452808
P3, tp=7, ts=7, x0=790034738
P0, tp=7, ts=7, x0=978093450
P0, tp=7, ts=7, x0=22095674
P2, tp=7, ts=7
P2, tp=7, ts=7
P3, tp=7, ts=7, x0=210178946
P3, tp=7, ts=7, x0=893234148
P2, tp=7, ts=7
P2, tp=7, ts=7
P2, tp=7, ts=7
P3, tp=7, ts=7, x0=696011574
P1, tp=7, ts=7
P2, tp=7, ts=7
P3, tp=7, ts=7, x0=262628136
P1, tp=7, ts=7
P0, tp=7, ts=7, x0=458749650
P1, tp=7, ts=7
P0, tp=7, ts=7, x0=568315041
P1, tp=7, ts=7
P2, tp=7, ts=7
P1, tp=7, ts=7
P0, tp=7, ts=7, x0=207688904
P0, tp=7, ts=7, x0=132065159
P1, tp=7, ts=7
P0, tp=7, ts=7, x0=22095674
P0, tp=7, ts=7, x0=590881077
P0, tp=7, ts=7, x0=696011574
P1, tp=7, ts=7
P0, tp=7, ts=7, x0=31712170
P1, tp=7, ts=7
P0, tp=7, ts=7, x0=570285474
P0, tp=7, ts=7, x0=480401630
P0, tp=7, ts=7, x0=696011574
P0, tp=7, ts=7, x0=901452808
P2, tp=7, ts=7
P2, tp=7, ts=7
P2, tp=7, ts=7
P3, tp=7, ts=7, x0=786026892
P0, tp=7, ts=7, x0=26433886
P2, tp=7, ts=7
P3, tp=7, ts=7, x0=653776203
P3, tp=7, ts=7, x0=959232710
P2, tp=7, ts=7
P2, tp=7, ts=7
P2, tp=7, ts=7
P3, tp=7, ts=7, x0=600808883
P3, tp=7, ts=7, x0=153488987
P3, tp=7, ts=7, x0=871988861
P0, tp=7, ts=7, x0=619507635
P2, tp=7, ts=7
P1, tp=7, ts=7
P1, tp=7, ts=7
P2, tp=7, ts=7
P0, tp=7, ts=7, x0=758616499
P1, tp=7, ts=7
P3, tp=7, ts=7, x0=18066276
P1, tp=7, ts=7
P3, tp=7, ts=7, x0=909799951
P1, tp=7, ts=7
P0, tp=7, ts=7, x0=685909788
P0, tp=7, ts=7, x0=18066276
P3, tp=7, ts=7, x0=480401630
P2, tp=7, ts=7
P2, tp=7, ts=7
P1, tp=7, ts=7
P3, tp=7, ts=7, x0=901452808
P3, tp=7, ts=7, x0=993926176
P2, tp=7, ts=7
P0, tp=7, ts=7, x0=758616499
P0, tp=7, ts=7, x0=685909788
P0, tp=7, ts=7, x0=691007781
P0, tp=7, ts=7, x0=22095674
P0, tp=7, ts=7, x0=993926176
P3, tp=7, ts=7, x0=599208056
P2, tp=7, ts=7
P0, tp=7, ts=7, x0=198565719
P0, tp=7, ts=7, x0=82136293
P2, tp=7, ts=7
P1, tp=7, ts=7
P0, tp=7, ts=7, x0=993926176
P3, tp=7, ts=7, x0=249338976
P3, tp=7, ts=7, x0=758616499
P2, tp=7, ts=7
P2, tp=7, ts=7
P1, tp=7, ts=7
P1, tp=7, ts=7
P2, tp=7, ts=7
P0, tp=7, ts=7, x0=978093450
P0, tp=7, ts=7, x0=623237646
P1, tp=7, ts=7
P1, tp=7, ts=7
P2, tp=7, ts=7
P1, tp=7, ts=7
P1, tp=7, ts=7
P3, tp=7, ts=7, x0=484831502
P1, tp=7, ts=7
P0, tp=7, ts=7, x0=146525744
P3, tp=7, ts=7, x0=557979160
P2, tp=7, ts=7
P3, tp=7, ts=7, x0=832791977
P3, tp=7, ts=7, x0=38065289
P3, tp=7, ts=7, x0=893128751
P1, tp=7, ts=7
P3, tp=7, ts=7, x0=524489671
P1, tp=7, ts=7
P0, tp=7, ts=7, x0=758616499
P0, tp=7, ts=7, x0=443006041
P0, tp=7, ts=7, x0=994114840
P1, tp=7, ts=7
P3, tp=7, ts=7, x0=571598936
P0, tp=7, ts=7, x0=262628136
P2, tp=7, ts=7
P3, tp=7, ts=7, x0=153488987
P1, tp=7, ts=7
P0, tp=7, ts=7, x0=399890356
P3, tp=7, ts=7, x0=896656003
P0, tp=7, ts=7, x0=288168526
P2, tp=7, ts=7
P0, tp=7, ts=7, x0=668177309
P3, tp=7, ts=7, x0=669942889
P2, tp=7, ts=7
P2, tp=7, ts=7
P0, tp=7, ts=7, x0=878015212
P2, tp=7, ts=7
P2, tp=7, ts=7
P2, tp=7, ts=7
P2, tp=7, ts=7
P3, tp=7, ts=7, x0=362454501
P1, tp=7, ts=7
P0, tp=7, ts=7, x0=78814145
P3, tp=7, ts=7, x0=893234148
P3, tp=7, ts=7, x0=896608822
P1, tp=7, ts=7
P1, tp=7, ts=7
P1, tp=7, ts=7
P2, tp=7, ts=7
P1, tp=7, ts=7
P0, tp=7, ts=7, x0=298560966
P3, tp=7, ts=7, x0=6415984
P1, tp=7, ts=7
P3, tp=7, ts=7, x0=741366095
P1, tp=7, ts=7
P2, tp=7, ts=7
P1, tp=7, ts=7
P3, tp=7, ts=7, x0=901452808
P1, tp=7, ts=7
P0, tp=7, ts=7, x0=706281422
P0, tp=7, ts=7, x0=599149631
P1, tp=7, ts=7
P3, tp=7, ts=7, x0=568315041
P3, tp=7, ts=7, x0=527902242
P2, tp=7, ts=7
P3, tp=7, ts=7, x0=482297242
P0, tp=7, ts=7, x0=455918886
P1, tp=7, ts=7
P2, tp=7, ts=7
P0, tp=7, ts=7, x0=725140564
P1, tp=7, ts=7
P3, tp=7, ts=7, x0=775448190
P1, tp=7, ts=7
P2, tp=7, ts=7
P1, tp=7, ts=7
P0, tp=7, ts=7, x0=827173646
P3, tp=7, ts=7, x0=153488987
P3, tp=7, ts=7, x0=260419518
P1, tp=7, ts=7
P3, tp=7, ts=7, x0=878015212
P1, tp=7, ts=7
P2, tp=7, ts=7
P1, tp=7, ts=7
P1, tp=7, ts=7
P2, tp=7, ts=7
P0, tp=7, ts=7, x0=304812659
P3, tp=7, ts=7, x0=706281422
P1, tp=7, ts=7
P0, tp=7, ts=7, x0=623237646
P2, tp=7, ts=7
P1, tp=7, ts=7
P2, tp=7, ts=7
P2, tp=7, ts=7
P1, tp=7, ts=7
P0, tp=7, ts=7, x0=653776203
P1, tp=7, ts=7
P1, tp=7, ts=7
P1, tp=7, ts=7
P1, tp=7, ts=7
P2, tp=7, ts=7
P0, tp=7, ts=7, x0=38065289
P1, tp=7, ts=7
P2, tp=7, ts=7
P1, tp=7, ts=7
P1, tp=7, ts=7
P1, tp=7, ts=7
P0, tp=7, ts=7, x0=678583550
P0, tp=7, ts=7, x0=554899733
P1, tp=7, ts=7
P1, tp=7, ts=7
P2, tp=7, ts=7
P0, tp=7, ts=7, x0=909799951
P3, tp=7, ts=7, x0=399890356
P2, tp=7, ts=7
P2, tp=7, ts=7
P3, tp=7, ts=7, x0=909799951
P0, tp=7, ts=7, x0=878015212
P3, tp=7, ts=7, x0=768417664
P1, tp=7, ts=7
P0, tp=7, ts=7, x0=775448190
P2, tp=7, ts=7
P3, tp=7, ts=7, x0=260419518
P2, tp=7, ts=7
P2, tp=7, ts=7
P2, tp=7, ts=7
P1, tp=7, ts=7
P0, tp=7, ts=7, x0=146525744
P2, tp=7, ts=7
P2, tp=7, ts=7
P2, tp=7, ts=7
P1, tp=7, ts=7
P3, tp=7, ts=7, x0=399890356
P1, tp=7, ts=7
P2, tp=7, ts=7
P3, tp=7, ts=7, x0=675747173
P0, tp=7, ts=7, x0=600808883
P3, tp=7, ts=7, x0=571598936
P1, tp=7, ts=7
P1, tp=7, ts=7
P2, tp=7, ts=7
P0, tp=7, ts=7, x0=896656003
P1, tp=7, ts=7
P3, tp=7, ts=7, x0=146525744
P1, tp=7, ts=7
P2, tp=7, ts=7
P0, tp=7, ts=7, x0=893234148
P2, tp=7, ts=7
P3, tp=7, ts=7, x0=840998338
P3, tp=7, ts=7, x0=917552990
P3, tp=7, ts=7, x0=994573408
P2, tp=7, ts=7
P1, tp=7, ts=7
P0, tp=7, ts=7, x0=241608244
P3, tp=7, ts=7, x0=896656003
P1, tp=7, ts=7
P3, tp=7, ts=7, x0=270242083
P3, tp=7, ts=7, x0=22095674
P2, tp=7, ts=7
P1, tp=7, ts=7
P3, tp=7, ts=7, x0=218792971
P3, tp=7, ts=7, x0=116728515
P0, tp=7, ts=7, x0=362454501
P0, tp=7, ts=7, x0=775448190
P2, tp=7, ts=7
P3, tp=7, ts=7, x0=959232710
P1, tp=7, ts=7
P1, tp=7, ts=7
P2, tp=7, ts=7
P1, tp=7, ts=7
P3, tp=7, ts=7, x0=678977599
P1, tp=7, ts=7
P3, tp=7, ts=7, x0=878015212
P2, tp=7, ts=7
P3, tp=7, ts=7, x0=871328432
P0, tp=7, ts=7, x0=696011574
P2, tp=7, ts=7
P3, tp=7, ts=7, x0=59579985
P1, tp=7, ts=7
P1, tp=7, ts=7
P1, tp=7, ts=7
P0, tp=7, ts=7, x0=590881077
P0, tp=7, ts=7, x0=878015212
P2, tp=7, ts=7
P2, tp=7, ts=7
P3, tp=7, ts=7, x0=260038037
P0, tp=7, ts=7, x0=321742630
P2, tp=7, ts=7
P2, tp=7, ts=7
P3, tp=7, ts=7, x0=6415984
P0, tp=7, ts=7, x0=775448190
P2, tp=7, ts=7
P0, tp=7, ts=7, x0=455918886
P1, tp=7, ts=7
P2, tp=7, ts=7
P2, tp=7, ts=7
P3, tp=7, ts=7, x0=342531013
P3, tp=7, ts=7, x0=622193866
P0, tp=7, ts=7, x0=568315041
P2, tp=7, ts=7
P3, tp=7, ts=7, x0=31712170
P0, tp=7, ts=7, x0=599208056
P1, tp=7, ts=7
P1, tp=7, ts=7
P3, tp=7, ts=7, x0=69140036
P1, tp=7, ts=7
P3, tp=7, ts=7, x0=262628136
P1, tp=7, ts=7
P3, tp=7, ts=7, x0=455918886
P3, tp=7, ts=7, x0=959232710
P3, tp=7, ts=7, x0=5795079
P2, tp=7, ts=7
P1, tp=7, ts=7
P1, tp=7, ts=7
P1, tp=7, ts=7
P2, tp=7, ts=7
P0, tp=7, ts=7, x0=840998338
P3, tp=7, ts=7, x0=31712170
P0, tp=7, ts=7, x0=78814145
P2, tp=7, ts=7
P0, tp=7, ts=7, x0=878015212
P1, tp=7, ts=7
P2, tp=7, ts=7
P2, tp=7, ts=7
P0, tp=7, ts=7, x0=896608822
P1, tp=7, ts=7
P0, tp=7, ts=7, x0=38065289
P0, tp=7, ts=7, x0=146525744
P0, tp=7, ts=7, x0=362454501
P2, tp=7, ts=7
P3, tp=7, ts=7, x0=790034738
P2, tp=7, ts=7
P1, tp=7, ts=7
P1, tp=7, ts=7
P2, tp=7, ts=7
P3, tp=7, ts=7, x0=378863705
P2, tp=7, ts=7
P3, tp=7, ts=7, x0=484831502
P3, tp=7, ts=7, x0=260419518
P3, tp=7, ts=7, x0=484831502
P3, tp=7, ts=7, x0=399890356
P0, tp=7, ts=7, x0=198565719
P0, tp=7, ts=7, x0=714531378
P2, tp=7, ts=7
P2, tp=7, ts=7
P1, tp=7, ts=7
P1, tp=7, ts=7
P2, tp=7, ts=7
P3, tp=7, ts=7, x0=369947661
P1, tp=7, ts=7
P3, tp=7, ts=7, x0=994573408
P3, tp=7, ts=7, x0=82136293
P2, tp=7, ts=7
P1, tp=7, ts=7
P1, tp=7, ts=7
P1, tp=7, ts=7
P0, tp=7, ts=7, x0=262628136
P0, tp=7, ts=7, x0=994573408
P2, tp=7, ts=7
P1, tp=7, ts=7
P0, tp=7, ts=7, x0=484831502
P1, tp=7, ts=7
P2, tp=7, ts=7
P1, tp=7, ts=7
P2, tp=7, ts=7
P2, tp=7, ts=7
P2, tp=7, ts=7
P3, tp=7, ts=7, x0=298560966
P0, tp=7, ts=7, x0=241608244
P3, tp=7, ts=7, x0=871988861
P3, tp=7, ts=7, x0=893128751
P3, tp=7, ts=7, x0=653776203
P0, tp=7, ts=7, x0=364801427
P1, tp=7, ts=7
P0, tp=7, ts=7, x0=994114840
P0, tp=7, ts=7, x0=565114233
P1, tp=7, ts=7
P1, tp=7, ts=7
P3, tp=7, ts=7, x0=798467068
P3, tp=7, ts=7, x0=746052433
P2, tp=7, ts=7
P1, tp=7, ts=7
P2, tp=7, ts=7
P1, tp=7, ts=7
P3, tp=7, ts=7, x0=968466900
P3, tp=7, ts=7, x0=378863705
P2, tp=7, ts=7
P1, tp=7, ts=7
P2, tp=7, ts=7
P2, tp=7, ts=7
P0, tp=7, ts=7, x0=527902242
P3, tp=7, ts=7, x0=776569738
P0, tp=7, ts=7, x0=871328432
P2, tp=7, ts=7
P2, tp=7, ts=7
P1, tp=7, ts=7
P3, tp=7, ts=7, x0=768417664
P3, tp=7, ts=7, x0=218214545
P0, tp=7, ts=7, x0=362454501
P0, tp=7, ts=7, x0=693249006
P3, tp=7, ts=7, x0=901452808
P3, tp=7, ts=7, x0=896608822
P1, tp=7, ts=7
P2, tp=7, ts=7
P1, tp=7, ts=7
P0, tp=7, ts=7, x0=38065289
P0, tp=7, ts=7, x0=798467068
P1, tp=7, ts=7
P3, tp=7, ts=7, x0=399890356
P1, tp=7, ts=7
P2, tp=7, ts=7
P3, tp=7, ts=7, x0=378863705
P1, tp=7, ts=7
P0, tp=7, ts=7, x0=762018434
P1, tp=7, ts=7
P2, tp=7, ts=7
P2, tp=7, ts=7
P1, tp=7, ts=7
P2, tp=7, ts=7
P2, tp=7, ts=7
P1, tp=7, ts=7
P3, tp=7, ts=7, x0=653776203
P2, tp=7, ts=7
P3, tp=7, ts=7, x0=132065159
P1, tp=7, ts=7
P1, tp=7, ts=7
P1, tp=7, ts=7
P3, tp=7, ts=7, x0=374635915
P1, tp=7, ts=7
P0, tp=7, ts=7, x0=696011574
P0, tp=7, ts=7, x0=378863705
P0, tp=7, ts=7, x0=775448190
P0, tp=7, ts=7, x0=241608244
P2, tp=7, ts=7
P0, tp=7, ts=7, x0=832791977
P2, tp=7, ts=7
P3, tp=7, ts=7, x0=378863705
P2, tp=7, ts=7
P3, tp=7, ts=7, x0=207002179
P1, tp=7, ts=7
P2, tp=7, ts=7
P0, tp=7, ts=7, x0=776569738
P2, tp=7, ts=7
P0, tp=7, ts=7, x0=59579985
P2, tp=7, ts=7
P2, tp=7, ts=7
P3, tp=7, ts=7, x0=571211854
P0, tp=7, ts=7, x0=59579985
P2, tp=7, ts=7
P2, tp=7, ts=7
P3, tp=7, ts=7, x0=893234148
P2, tp=7, ts=7
P2, tp=7, ts=7
P2, tp=7, ts=7
P2, tp=7, ts=7
P3, tp=7, ts=7, x0=362454501
P3, tp=7, ts=7, x0=369947661
P2, tp=7, ts=7
P3, tp=7, ts=7, x0=776569738
P2, tp=7, ts=7
P2, tp=7, ts=7
P0, tp=7, ts=7, x0=600808883
P1, tp=7, ts=7
P3, tp=7, ts=7, x0=893128751
P1, tp=7, ts=7
P0, tp=7, ts=7, x0=565114233
P1, tp=7, ts=7
P3, tp=7, ts=7, x0=827173646
P2, tp=7, ts=7
P1, tp=7, ts=7
P3, tp=7, ts=7, x0=369947661
P0, tp=7, ts=7, x0=22095674
P1, tp=7, ts=7
P2, tp=7, ts=7
P2, tp=7, ts=7
P2, tp=7, ts=7
P0, tp=7, ts=7, x0=623237646
P3, tp=7, ts=7, x0=964606019
P1, tp=7, ts=7
P3, tp=7, ts=7, x0=374635915
P0, tp=7, ts=7, x0=746052433
P1, tp=7, ts=7
P3, tp=7, ts=7, x0=959232710
P0, tp=7, ts=7, x0=768417664
P2, tp=7, ts=7
P1, tp=7, ts=7
P0, tp=7, ts=7, x0=31712170
P2, tp=7, ts=7
P0, tp=7, ts=7, x0=292814440
P3, tp=7, ts=7, x0=484831502
P2, tp=7, ts=7
P3, tp=7, ts=7, x0=767372659
P3, tp=7, ts=7, x0=484831502
P3, tp=7, ts=7, x0=362454501
P2, tp=7, ts=7
P3, tp=7, ts=7, x0=622193866
P0, tp=7, ts=7, x0=828273723
P0, tp=7, ts=7, x0=527902242
P1, tp=7, ts=7
P2, tp=7, ts=7
P1, tp=7, ts=7
P3, tp=7, ts=7, x0=364801427
P1, tp=7, ts=7
P3, tp=7, ts=7, x0=116728515
P1, tp=7, ts=7
P2, tp=7, ts=7
P1, tp=7, ts=7
P3, tp=7, ts=7, x0=849010376
P0, tp=7, ts=7, x0=378863705
P3, tp=7, ts=7, x0=968466900
P0, tp=7, ts=7, x0=790034738
P1, tp=7, ts=7
P0, tp=7, ts=7, x0=790034738
P2, tp=7, ts=7
P2, tp=7, ts=7
P2, tp=7, ts=7
P1, tp=7, ts=7
P3, tp=7, ts=7, x0=571598936
P3, tp=7, ts=7, x0=484831502
P3, tp=7, ts=7, x0=207002179
P1, tp=7, ts=7
P3, tp=7, ts=7, x0=696011574
P2, tp=7, ts=7
P0, tp=7, ts=7, x0=622193866
P3, tp=7, ts=7, x0=59579985
P3, tp=7, ts=7, x0=648365780
P3, tp=7, ts=7, x0=775448190
P0, tp=7, ts=7, x0=622193866
P3, tp=7, ts=7, x0=714865660
P2, tp=7, ts=7
P3, tp=7, ts=7, x0=653776203
P3, tp=7, ts=7, x0=648365780
P1, tp=7, ts=7
P0, tp=7, ts=7, x0=286514879
P1, tp=7, ts=7
P1, tp=7, ts=7
P1, tp=7, ts=7
P2, tp=7, ts=7
P2, tp=7, ts=7
P0, tp=7, ts=7, x0=482297242
P3, tp=7, ts=7, x0=994447149
P3, tp=7, ts=7, x0=855083177
P0, tp=7, ts=7, x0=798467068
P3, tp=7, ts=7, x0=110736238
P2, tp=7, ts=7
P3, tp=7, ts=7, x0=669942889
P1, tp=7, ts=7
P1, tp=7, ts=7
P2, tp=7, ts=7
P3, tp=7, ts=7, x0=767372659
P3, tp=7, ts=7, x0=600808883
P2, tp=7, ts=7
P1, tp=7, ts=7
P2, tp=7, ts=7
P0, tp=7, ts=7, x0=829637607
P3, tp=7, ts=7, x0=714531378
P1, tp=7, ts=7
P0, tp=7, ts=7, x0=642966774
P2, tp=7, ts=7
P0, tp=7, ts=7, x0=896608822
P1, tp=7, ts=7
P1, tp=7, ts=7
P2, tp=7, ts=7
P0, tp=7, ts=7, x0=413631096
P3, tp=7, ts=7, x0=304812659
P2, tp=7, ts=7
P3, tp=7, ts=7, x0=893234148
P3, tp=7, ts=7, x0=855083177
P2, tp=7, ts=7
P1, tp=7, ts=7
P2, tp=7, ts=7
P1, tp=7, ts=7
P1, tp=7, ts=7
P2, tp=7, ts=7
P1, tp=7, ts=7
P3, tp=7, ts=7, x0=829637607
P1, tp=7, ts=7
P3, tp=7, ts=7, x0=315387163
P3, tp=7, ts=7, x0=994447149
P0, tp=7, ts=7, x0=776569738
P3, tp=7, ts=7, x0=207002179
P3, tp=7, ts=7, x0=767671825
P0, tp=7, ts=7, x0=378863705
P2, tp=7, ts=7
P1, tp=7, ts=7
P2, tp=7, ts=7
P2, tp=7, ts=7
P1, tp=7, ts=7
P2, tp=7, ts=7
P1, tp=7, ts=7
P0, tp=7, ts=7, x0=304812659
P3, tp=7, ts=7, x0=994573408
P2, tp=7, ts=7
P0, tp=7, ts=7, x0=642966774
P1, tp=7, ts=7
P2, tp=7, ts=7
P0, tp=7, ts=7, x0=3112968
P3, tp=7, ts=7, x0=619507635
P0, tp=7, ts=7, x0=714865660
P3, tp=7, ts=7, x0=591913378
P2, tp=7, ts=7
P1, tp=7, ts=7
P3, tp=7, ts=7, x0=421759463
P0, tp=7, ts=7, x0=5795079
P3, tp=7, ts=7, x0=893128751
P2, tp=7, ts=7
P3, tp=7, ts=7, x0=623237646
P2, tp=7, ts=7
P3, tp=7, ts=7, x0=378863705
P3, tp=7, ts=7, x0=685909788
P1, tp=7, ts=7
P2, tp=7, ts=7
P3, tp=7, ts=7, x0=568315041
P1, tp=7, ts=7
P2, tp=7, ts=7
P1, tp=7, ts=7
P1, tp=7, ts=7
P3, tp=7, ts=7, x0=236202006
P2, tp=7, ts=7
P3, tp=7, ts=7, x0=354765721
P2, tp=7, ts=7
P0, tp=7, ts=7, x0=749155486
P0, tp=7, ts=7, x0=871988861
P3, tp=7, ts=7, x0=5795079
P2, tp=7, ts=7
P2, tp=7, ts=7
P2, tp=7, ts=7
P1, tp=7, ts=7
P0, tp=7, ts=7, x0=241608244
P1, tp=7, ts=7
P0, tp=7, ts=7, x0=218792971
P0, tp=7, ts=7, x0=421759463
P3, tp=7, ts=7, x0=6430302
P0, tp=7, ts=7, x0=421759463
P0, tp=7, ts=7, x0=484831502
P3, tp=7, ts=7, x0=372147664
P2, tp=7, ts=7
P0, tp=7, ts=7, x0=218792971
P0, tp=7, ts=7, x0=342531013
P1, tp=7, ts=7
P1, tp=7, ts=7
P2, tp=7, ts=7
P0, tp=7, ts=7, x0=292814440
P1, tp=7, ts=7
P1, tp=7, ts=7
P3, tp=7, ts=7, x0=69140036
P0, tp=7, ts=7, x0=744674544
P3, tp=7, ts=7, x0=465568244
P0, tp=7, ts=7, x0=867276917
P0, tp=7, ts=7, x0=304812659
P0, tp=7, ts=7, x0=292814440
P3, tp=7, ts=7, x0=653776203
P2, tp=7, ts=7
P2, tp=7, ts=7
P2, tp=7, ts=7
P0, tp=7, ts=7, x0=642966774
P3, tp=7, ts=7, x0=832791977
P1, tp=7, ts=7
P1, tp=7, ts=7
P1, tp=7, ts=7
P1, tp=7, ts=7
P1, tp=7, ts=7
P2, tp=7, ts=7
P0, tp=7, ts=7, x0=878015212
P1, tp=7, ts=7
P1, tp=7, ts=7
P3, tp=7, ts=7, x0=959232710
P3, tp=7, ts=7, x0=132065159
P2, tp=7, ts=7
P3, tp=7, ts=7, x0=893234148
P1, tp=7, ts=7
P0, tp=7, ts=7, x0=354765721
P2, tp=7, ts=7
P1, tp=7, ts=7
P1, tp=7, ts=7
P3, tp=7, ts=7, x0=484831502
P2, tp=7, ts=7
P2, tp=7, ts=7
P2, tp=7, ts=7
P0, tp=7, ts=7, x0=871328432
P0, tp=7, ts=7, x0=828273723
P0, tp=7, ts=7, x0=871988861
P3, tp=7, ts=7, x0=896656003
P2, tp=7, ts=7
P0, tp=7, ts=7, x0=678977599
P1, tp=7, ts=7
P0, tp=7, ts=7, x0=828273723
P3, tp=7, ts=7, x0=286514879
P0, tp=7, ts=7, x0=885264729
P2, tp=7, ts=7
P0, tp=7, ts=7, x0=286514879
P3, tp=7, ts=7, x0=685909788
P1, tp=7, ts=7
P2, tp=7, ts=7
P2, tp=7, ts=7
P0, tp=7, ts=7, x0=758616499
P1, tp=7, ts=7
P2, tp=7, ts=7
P3, tp=7, ts=7, x0=304812659
P0, tp=7, ts=7, x0=653776203
P3, tp=7, ts=7, x0=968466900
P1, tp=7, ts=7
P1, tp=7, ts=7
P0, tp=7, ts=7, x0=968466900
P0, tp=7, ts=7, x0=31712170
P1, tp=7, ts=7
P0, tp=7, ts=7, x0=372147664
P0, tp=7, ts=7, x0=374635915
P2, tp=7, ts=7
P0, tp=7, ts=7, x0=828273723
P2, tp=7, ts=7
P0, tp=7, ts=7, x0=845674636
P2, tp=7, ts=7
P3, tp=7, ts=7, x0=59579985
P2, tp=7, ts=7
P1, tp=7, ts=7
P2, tp=7, ts=7
P2, tp=7, ts=7
P2, tp=7, ts=7
P3, tp=7, ts=7, x0=994573408
P3, tp=7, ts=7, x0=711341966
P2, tp=7, ts=7
P3, tp=7, ts=7, x0=885264729
P2, tp=7, ts=7
P3, tp=7, ts=7, x0=966303282
P2, tp=7, ts=7
P1, tp=7, ts=7
P0, tp=7, ts=7, x0=362454501
P3, tp=7, ts=7, x0=849010376
P3, tp=7, ts=7, x0=693249006
P1, tp=7, ts=7
P2, tp=7, ts=7
P2, tp=7, ts=7
P3, tp=7, ts=7, x0=832791977
P1, tp=7, ts=7
P2, tp=7, ts=7
P3, tp=7, ts=7, x0=623237646
P3, tp=7, ts=7, x0=116728515
P0, tp=7, ts=7, x0=548363367
P1, tp=7, ts=7
P0, tp=7, ts=7, x0=374635915
P2, tp=7, ts=7
P0, tp=7, ts=7, x0=768417664
P2, tp=7, ts=7
P0, tp=7, ts=7, x0=661543397
P1, tp=7, ts=7
P1, tp=7, ts=7
P3, tp=7, ts=7, x0=849010376
P1, tp=7, ts=7
P1, tp=7, ts=7
P3, tp=7, ts=7, x0=568315041
P1, tp=7, ts=7
P1, tp=7, ts=7
P3, tp=7, ts=7, x0=571598936
P0, tp=7, ts=7, x0=839060443
P2, tp=7, ts=7
P1, tp=7, ts=7
P0, tp=7, ts=7, x0=3112968
P0, tp=7, ts=7, x0=270242083
P1, tp=7, ts=7
P2, tp=7, ts=7
P2, tp=7, ts=7
P2, tp=7, ts=7
P2, tp=7, ts=7
P3, tp=7, ts=7, x0=288168526
P0, tp=7, ts=7, x0=554899733
P1, tp=7, ts=7
P1, tp=7, ts=7
P0, tp=7, ts=7, x0=288168526
P0, tp=7, ts=7, x0=399890356
P0, tp=7, ts=7, x0=675747173
P3, tp=7, ts=7, x0=378863705
P3, tp=7, ts=7, x0=22095674
P0, tp=7, ts=7, x0=693249006
P1, tp=7, ts=7
P0, tp=7, ts=7, x0=744674544
P3, tp=7, ts=7, x0=661543397
P0, tp=7, ts=7, x0=207688904
P3, tp=7, ts=7, x0=642966774
P2, tp=7, ts=7
P3, tp=7, ts=7, x0=369947661
P1, tp=7, ts=7
P1, tp=7, ts=7
P3, tp=7, ts=7, x0=798467068
P2, tp=7, ts=7
P2, tp=7, ts=7
P2, tp=7, ts=7
P2, tp=7, ts=7
P3, tp=7, ts=7, x0=218792971
P3, tp=7, ts=7, x0=5795079
P2, tp=7, ts=7
P3, tp=7, ts=7, x0=484831502
P0, tp=7, ts=7, x0=354765721
P2, tp=7, ts=7
P3, tp=7, ts=7, x0=378863705
P2, tp=7, ts=7
P0, tp=7, ts=7, x0=855083177
P0, tp=7, ts=7, x0=762018434
P0, tp=7, ts=7, x0=218792971
P2, tp=7, ts=7
P1, tp=7, ts=7
P3, tp=7, ts=7, x0=292814440
P1, tp=7, ts=7
P0, tp=7, ts=7, x0=262628136
P1, tp=7, ts=7
P2, tp=7, ts=7
P1, tp=7, ts=7
P0, tp=7, ts=7, x0=893234148
P3, tp=7, ts=7, x0=893234148
P2, tp=7, ts=7
P2, tp=7, ts=7
P1, tp=7, ts=7
P1, tp=7, ts=7
P0, tp=7, ts=7, x0=288168526
P3, tp=7, ts=7, x0=845674636
P2, tp=7, ts=7
P2, tp=7, ts=7
P3, tp=7, ts=7, x0=987768407
P1, tp=7, ts=7
P3, tp=7, ts=7, x0=218792971
P3, tp=7, ts=7, x0=568315041
P2, tp=7, ts=7
P1, tp=7, ts=7
P2, tp=7, ts=7
P1, tp=7, ts=7
P2, tp=7, ts=7
P2, tp=7, ts=7
P1, tp=7, ts=7
P2, tp=7, ts=7
P3, tp=7, ts=7, x0=790034738
P1, tp=7, ts=7
P2, tp=7, ts=7
P0, tp=7, ts=7, x0=725140564
P1, tp=7, ts=7
P2, tp=7, ts=7
P2, tp=7, ts=7
P3, tp=7, ts=7, x0=62949616
P1, tp=7, ts=7
P3, tp=7, ts=7, x0=839060443
P3, tp=7, ts=7, x0=661543397
P3, tp=7, ts=7, x0=782588046
P0, tp=7, ts=7, x0=399890356
P2, tp=7, ts=7
P1, tp=7, ts=7
P3, tp=7, ts=7, x0=987768407
P3, tp=7, ts=7, x0=413631096
P0, tp=7, ts=7, x0=362454501
P1, tp=7, ts=7
P0, tp=7, ts=7, x0=839060443
P2, tp=7, ts=7
P0, tp=7, ts=7, x0=693249006
P0, tp=7, ts=7, x0=152111715
P1, tp=7, ts=7
P3, tp=7, ts=7, x0=767372659
P0, tp=7, ts=7, x0=482297242
P2, tp=7, ts=7
P0, tp=7, ts=7, x0=987768407
P1, tp=7, ts=7
P1, tp=7, ts=7
P1, tp=7, ts=7
P0, tp=7, ts=7, x0=260419518
P2, tp=7, ts=7
P2, tp=7, ts=7
P0, tp=7, ts=7, x0=693249006
P0, tp=7, ts=7, x0=725140564
P2, tp=7, ts=7
P1, tp=7, ts=7
P2, tp=7, ts=7
P1, tp=7, ts=7
P1, tp=7, ts=7
P3, tp=7, ts=7, x0=896656003
P2, tp=7, ts=7
P1, tp=7, ts=7
P1, tp=7, ts=7
P1, tp=7, ts=7
P3, tp=7, ts=7, x0=893128751
P2, tp=7, ts=7
P3, tp=7, ts=7, x0=839060443
P1, tp=7, ts=7
P0, tp=7, ts=7, x0=207002179
P1, tp=7, ts=7
P0, tp=7, ts=7, x0=342531013
P2, tp=7, ts=7
P2, tp=7, ts=7
P2, tp=7, ts=7
P0, tp=7, ts=7, x0=571598936
P0, tp=7, ts=7, x0=909799951
P2, tp=7, ts=7
P0, tp=7, ts=7, x0=38065289
P1, tp=7, ts=7
P0, tp=7, ts=7, x0=236202006
P3, tp=7, ts=7, x0=354765721
P2, tp=7, ts=7
P0, tp=7, ts=7, x0=974356170
P2, tp=7, ts=7
P3, tp=7, ts=7, x0=653776203
P1, tp=7, ts=7
P0, tp=7, ts=7, x0=571598936
P0, tp=7, ts=7, x0=5795079
P3, tp=7, ts=7, x0=568315041
P0, tp=7, ts=7, x0=693249006
P3, tp=7, ts=7, x0=782588046
P1, tp=7, ts=7
P2, tp=7, ts=7
P0, tp=7, ts=7, x0=413631096
P3, tp=7, ts=7, x0=342531013
P0, tp=7, ts=7, x0=245304478
P2, tp=7, ts=7
P2, tp=7, ts=7
P3, tp=7, ts=7, x0=845674636
P2, tp=7, ts=7
P2, tp=7, ts=7
P3, tp=7, ts=7, x0=849010376
P2, tp=7, ts=7
P2, tp=7, ts=7
P3, tp=7, ts=7, x0=554899733
P2, tp=7, ts=7
P0, tp=7, ts=7, x0=635685582
P1, tp=7, ts=7
P1, tp=7, ts=7
P0, tp=7, ts=7, x0=642966774
P2, tp=7, ts=7
P0, tp=7, ts=7, x0=855083177
P2, tp=7, ts=7
P1, tp=7, ts=7
P0, tp=7, ts=7, x0=878015212
P3, tp=7, ts=7, x0=364297204
P2, tp=7, ts=7
P2, tp=7, ts=7
P2, tp=7, ts=7
P2, tp=7, ts=7
P1, tp=7, ts=7
P0, tp=7, ts=7, x0=849010376
P2, tp=7, ts=7
P1, tp=7, ts=7
P2, tp=7, ts=7
P2, tp=7, ts=7
P2, tp=7, ts=7
P1, tp=7, ts=7
P0, tp=7, ts=7, x0=635685582
P3, tp=7, ts=7, x0=619507635
P2, tp=7, ts=7
P1, tp=7, ts=7
P1, tp=7, ts=7
P3, tp=7, ts=7, x0=3112968
P2, tp=7, ts=7
P0, tp=7, ts=7, x0=600808883
P2, tp=7, ts=7
P0, tp=7, ts=7, x0=885264729
P0, tp=7, ts=7, x0=69140036
P2, tp=7, ts=7
P3, tp=7, ts=7, x0=270242083
P2, tp=7, ts=7
P0, tp=7, ts=7, x0=693249006
P1, tp=7, ts=7
P1, tp=7, ts=7
P0, tp=7, ts=7, x0=337706698
P2, tp=7, ts=7
P3, tp=7, ts=7, x0=893234148
P3, tp=7, ts=7, x0=648365780
P2, tp=7, ts=7
P0, tp=7, ts=7, x0=746052433
P1, tp=7, ts=7
P2, tp=7, ts=7
P0, tp=7, ts=7, x0=901452808
P0, tp=7, ts=7, x0=635685582
P3, tp=7, ts=7, x0=378025987
P1, tp=7, ts=7
P1, tp=7, ts=7
P0, tp=7, ts=7, x0=901452808
P3, tp=7, ts=7, x0=768417664
P2, tp=7, ts=7
P1, tp=7, ts=7
P0, tp=7, ts=7, x0=642966774
P0, tp=7, ts=7, x0=3112968
P1, tp=7, ts=7
P3, tp=7, ts=7, x0=260419518
P1, tp=7, ts=7
P0, tp=7, ts=7, x0=369947661
P0, tp=7, ts=7, x0=59579985
P3, tp=7, ts=7, x0=5795079
P0, tp=7, ts=7, x0=893128751
P3, tp=7, ts=7, x0=443006041
P3, tp=7, ts=7, x0=31712170
P1, tp=7, ts=7
P2, tp=7, ts=7
P1, tp=7, ts=7
P3, tp=7, ts=7, x0=845674636
P3, tp=7, ts=7, x0=354765721
P1, tp=7, ts=7
P2, tp=7, ts=7
P1, tp=7, ts=7
P3, tp=7, ts=7, x0=378025987
P3, tp=7, ts=7, x0=321742630
P3, tp=7, ts=7, x0=6430302
P1, tp=7, ts=7
P0, tp=7, ts=7, x0=688569762
P1, tp=7, ts=7
P3, tp=7, ts=7, x0=776569738
P1, tp=7, ts=7
P0, tp=7, ts=7, x0=146525744
P0, tp=7, ts=7, x0=378025987
P2, tp=7, ts=7
P1, tp=7, ts=7
P0, tp=7, ts=7, x0=304812659
P1, tp=7, ts=7
P0, tp=8, ts=8, x0=568315041
P1, tp=8, ts=8
P3, tp=8, ts=8, x0=619507635
P2, tp=8, ts=8
P0, tp=8, ts=8, x0=413631096
P0, tp=8, ts=8, x0=860704045
P0, tp=8, ts=8, x0=619507635
P0, tp=8, ts=8, x0=364801427
P0, tp=8, ts=8, x0=776569738
P2, tp=8, ts=8
P1, tp=8, ts=8
P2, tp=8, ts=8
P0, tp=8, ts=8, x0=605618997
P1, tp=8, ts=8
P0, tp=8, ts=8, x0=62949616
P2, tp=8, ts=8
P3, tp=8, ts=8, x0=829637607
P1, tp=8, ts=8
P0, tp=8, ts=8, x0=337706698
P1, tp=8, ts=8
P2, tp=8, ts=8
P3, tp=8, ts=8, x0=378863705
P1, tp=8, ts=8
P0, tp=8, ts=8, x0=878015212
P1, tp=8, ts=8
P2, tp=8, ts=8
P2, tp=8, ts=8
P2, tp=8, ts=8
P3, tp=8, ts=8, x0=152111715
P3, tp=8, ts=8, x0=9458546
P1, tp=8, ts=8
P3, tp=8, ts=8, x0=465568244
P0, tp=8, ts=8, x0=871988861
P0, tp=8, ts=8, x0=292814440
P1, tp=8, ts=8
P1, tp=8, ts=8
P3, tp=8, ts=8, x0=6415984
P2, tp=8, ts=8
P1, tp=8, ts=8
P0, tp=8, ts=8, x0=304812659
P0, tp=8, ts=8, x0=878015212
P2, tp=8, ts=8
P0, tp=8, ts=8, x0=871328432
P2, tp=8, ts=8
P3, tp=8, ts=8, x0=568315041
P0, tp=8, ts=8, x0=146525744
P1, tp=8, ts=8
P1, tp=8, ts=8
P0, tp=8, ts=8, x0=304812659
P0, tp=8, ts=8, x0=711341966
P3, tp=8, ts=8, x0=974356170
P0, tp=8, ts=8, x0=827173646
P3, tp=8, ts=8, x0=871328432
P2, tp=8, ts=8
P3, tp=8, ts=8, x0=878015212
P2, tp=8, ts=8
P3, tp=8, ts=8, x0=288168526
P3, tp=8, ts=8, x0=9458546
P1, tp=8, ts=8
P1, tp=8, ts=8
P3, tp=8, ts=8, x0=342531013
P1, tp=8, ts=8
P1, tp=8, ts=8
P2, tp=8, ts=8
P2, tp=8, ts=8
P2, tp=8, ts=8
P0, tp=8, ts=8, x0=661543397
P3, tp=8, ts=8, x0=38065289
P1, tp=8, ts=8
P3, tp=8, ts=8, x0=12773642
P3, tp=8, ts=8, x0=605618997
P0, tp=8, ts=8, x0=413631096
P1, tp=8, ts=8
P3, tp=8, ts=8, x0=218792971
P3, tp=8, ts=8, x0=364297204
P3, tp=8, ts=8, x0=218792971
P3, tp=8, ts=8, x0=236202006
P0, tp=8, ts=8, x0=966303282
P0, tp=8, ts=8, x0=855083177
P3, tp=8, ts=8, x0=439055059
P3, tp=8, ts=8, x0=653776203
P3, tp=8, ts=8, x0=337706698
P3, tp=8, ts=8, x0=446162547
P0, tp=8, ts=8, x0=354765721
P3, tp=8, ts=8, x0=827173646
P1, tp=8, ts=8
P0, tp=8, ts=8, x0=714570120
P1, tp=8, ts=8
P0, tp=8, ts=8, x0=768747209
P3, tp=8, ts=8, x0=635685582
P0, tp=8, ts=8, x0=775448190
P0, tp=8, ts=8, x0=893234148
P3, tp=8, ts=8, x0=711341966
P0, tp=8, ts=8, x0=286514879
P0, tp=8, ts=8, x0=337706698
P3, tp=8, ts=8, x0=827173646
P1, tp=8, ts=8
P2, tp=8, ts=8
P3, tp=8, ts=8, x0=378025987
P2, tp=8, ts=8
P3, tp=8, ts=8, x0=245304478
P2, tp=8, ts=8
P1, tp=8, ts=8
P1, tp=8, ts=8
P2, tp=8, ts=8
P0, tp=8, ts=8, x0=245304478
P0, tp=8, ts=8, x0=274439766
P0, tp=8, ts=8, x0=942643621
P0, tp=8, ts=8, x0=288168526
P1, tp=8, ts=8
P3, tp=8, ts=8, x0=693249006
P0, tp=8, ts=8, x0=829637607
P1, tp=8, ts=8
P3, tp=8, ts=8, x0=568315041
P1, tp=8, ts=8
P0, tp=8, ts=8, x0=775448190
P3, tp=8, ts=8, x0=364801427
P2, tp=8, ts=8
P0, tp=8, ts=8, x0=337706698
P0, tp=8, ts=8, x0=790034738
P2, tp=8, ts=8
P3, tp=8, ts=8, x0=446162547
P3, tp=8, ts=8, x0=623237646
P3, tp=8, ts=8, x0=600808883
P3, tp=8, ts=8, x0=292814440
P1, tp=8, ts=8
P1, tp=8, ts=8
P2, tp=8, ts=8
P2, tp=8, ts=8
P2, tp=8, ts=8
P3, tp=8, ts=8, x0=845674636
P1, tp=8, ts=8
P3, tp=8, ts=8, x0=351192341
P1, tp=8, ts=8
P3, tp=8, ts=8, x0=623237646
P3, tp=8, ts=8, x0=298560966
P3, tp=8, ts=8, x0=968466900
P3, tp=8, ts=8, x0=292814440
P3, tp=8, ts=8, x0=768417664
P3, tp=8, ts=8, x0=744674544
P3, tp=8, ts=8, x0=525876842
P2, tp=8, ts=8
P3, tp=8, ts=8, x0=901452808
P3, tp=8, ts=8, x0=364297204
P3, tp=8, ts=8, x0=746052433
P1, tp=8, ts=8
P1, tp=8, ts=8
P0, tp=8, ts=8, x0=990614552
P2, tp=8, ts=8
P2, tp=8, ts=8
P3, tp=8, ts=8, x0=369947661
P2, tp=8, ts=8
P1, tp=8, ts=8
P1, tp=8, ts=8
P1, tp=8, ts=8
P3, tp=8, ts=8, x0=378863705
P2, tp=8, ts=8
P2, tp=8, ts=8
P1, tp=8, ts=8
P3, tp=8, ts=8, x0=623237646
P1, tp=8, ts=8
P3, tp=8, ts=8, x0=292814440
P2, tp=8, ts=8
P0, tp=8, ts=8, x0=966303282
P1, tp=8, ts=8
P2, tp=8, ts=8
P1, tp=8, ts=8
P0, tp=8, ts=8, x0=18665614
P0, tp=8, ts=8, x0=362454501
P2, tp=8, ts=8
P0, tp=8, ts=8, x0=896656003
P2, tp=8, ts=8
P2, tp=8, ts=8
P1, tp=8, ts=8
P3, tp=8, ts=8, x0=3112968
P0, tp=8, ts=8, x0=696011574
P0, tp=8, ts=8, x0=378863705
P1, tp=8, ts=8
P1, tp=8, ts=8
P1, tp=8, ts=8
P1, tp=8, ts=8
P3, tp=8, ts=8, x0=236202006
P0, tp=8, ts=8, x0=227866787
P3, tp=8, ts=8, x0=207002179
P2, tp=8, ts=8
P0, tp=8, ts=8, x0=374635915
P2, tp=8, ts=8
P0, tp=8, ts=8, x0=990614552
P0, tp=8, ts=8, x0=648365780
P1, tp=8, ts=8
P1, tp=8, ts=8
P2, tp=8, ts=8
P2, tp=8, ts=8
P1, tp=8, ts=8
P3, tp=8, ts=8, x0=337706698
P2, tp=8, ts=8
P1, tp=8, ts=8
P0, tp=8, ts=8, x0=354765721
P0, tp=8, ts=8, x0=31712170
P3, tp=8, ts=8, x0=893234148
P0, tp=8, ts=8, x0=274439766
P2, tp=8, ts=8
P3, tp=8, ts=8, x0=661543397
P1, tp=8, ts=8
P3, tp=8, ts=8, x0=446162547
P2, tp=8, ts=8
P2, tp=8, ts=8
P3, tp=8, ts=8, x0=6430302
P3, tp=8, ts=8, x0=623237646
P1, tp=8, ts=8
P0, tp=8, ts=8, x0=827173646
P3, tp=8, ts=8, x0=798467068
P3, tp=8, ts=8, x0=132065159
P3, tp=8, ts=8, x0=798467068
P3, tp=8, ts=8, x0=990614552
P3, tp=8, ts=8, x0=372147664
P3, tp=8, ts=8, x0=321742630
P0, tp=8, ts=8, x0=855083177
P3, tp=8, ts=8, x0=446162547
P0, tp=8, ts=8, x0=22095674
P3, tp=8, ts=8, x0=860704045
P2, tp=8, ts=8
P3, tp=8, ts=8, x0=18665614
P3, tp=8, ts=8, x0=746052433
P2, tp=8, ts=8
P2, tp=8, ts=8
P3, tp=8, ts=8, x0=896656003
P2, tp=8, ts=8
P3, tp=8, ts=8, x0=275897331
P2, tp=8, ts=8
P2, tp=8, ts=8
P0, tp=8, ts=8, x0=942643621
P2, tp=8, ts=8
P0, tp=8, ts=8, x0=275897331
P3, tp=8, ts=8, x0=839060443
P0, tp=8, ts=8, x0=635685582
P1, tp=8, ts=8
P1, tp=8, ts=8
P3, tp=8, ts=8, x0=288168526
P3, tp=8, ts=8, x0=465568244
P3, tp=8, ts=8, x0=155339606
P1, tp=8, ts=8
P2, tp=8, ts=8
P1, tp=8, ts=8
P1, tp=8, ts=8
P2, tp=8, ts=8
P3, tp=8, ts=8, x0=378025987
P2, tp=8, ts=8
P3, tp=8, ts=8, x0=832791977
P1, tp=8, ts=8
P1, tp=8, ts=8
P1, tp=8, ts=8
P3, tp=8, ts=8, x0=207002179
P0, tp=8, ts=8, x0=893128751
P0, tp=8, ts=8, x0=38065289
P3, tp=8, ts=8, x0=6430302
P1, tp=8, ts=8
P3, tp=8, ts=8, x0=260038037
P1, tp=8, ts=8
P2, tp=8, ts=8
P0, tp=8, ts=8, x0=288168526
P1, tp=8, ts=8
P0, tp=8, ts=8, x0=548363367
P2, tp=8, ts=8
P3, tp=8, ts=8, x0=893234148
P1, tp=8, ts=8
P0, tp=8, ts=8, x0=38065289
P0, tp=8, ts=8, x0=69140036
P1, tp=8, ts=8
P3, tp=8, ts=8, x0=615745028
P0, tp=8, ts=8, x0=798467068
P2, tp=8, ts=8
P0, tp=8, ts=8, x0=38065289
P2, tp=8, ts=8
P2, tp=8, ts=8
P3, tp=8, ts=8, x0=688569762
P2, tp=8, ts=8
P3, tp=8, ts=8, x0=696011574
P0, tp=8, ts=8, x0=600808883
P0, tp=8, ts=8, x0=274439766
P1, tp=8, ts=8
P1, tp=8, ts=8
P2, tp=8, ts=8
P1, tp=8, ts=8
P0, tp=8, ts=8, x0=678977599
P3, tp=8, ts=8, x0=9458546
P2, tp=8, ts=8
P2, tp=8, ts=8
P1, tp=8, ts=8
P1, tp=8, ts=8
P3, tp=8, ts=8, x0=680411587
P1, tp=8, ts=8
P1, tp=8, ts=8
P2, tp=8, ts=8
P0, tp=8, ts=8, x0=968466900
P0, tp=8, ts=8, x0=654874248
P3, tp=8, ts=8, x0=59579985
P1, tp=8, ts=8
P3, tp=8, ts=8, x0=443006041
P3, tp=8, ts=8, x0=990614552
P1, tp=8, ts=8
P3, tp=8, ts=8, x0=849010376
P3, tp=8, ts=8, x0=839060443
P2, tp=8, ts=8
P1, tp=8, ts=8
P2, tp=8, ts=8
P0, tp=8, ts=8, x0=69140036
P0, tp=8, ts=8, x0=354765721
P3, tp=8, ts=8, x0=768747209
P1, tp=8, ts=8
P0, tp=8, ts=8, x0=768417664
P2, tp=8, ts=8
P3, tp=8, ts=8, x0=353048448
P0, tp=8, ts=8, x0=38065289
P2, tp=8, ts=8
P2, tp=8, ts=8
P2, tp=8, ts=8
P1, tp=8, ts=8
P1, tp=8, ts=8
P3, tp=8, ts=8, x0=860704045
P0, tp=8, ts=8, x0=354765721
P1, tp=8, ts=8
P1, tp=8, ts=8
P1, tp=8, ts=8
P1, tp=8, ts=8
P1, tp=8, ts=8
P1, tp=8, ts=8
P2, tp=8, ts=8
P3, tp=8, ts=8, x0=439055059
P2, tp=8, ts=8
P0, tp=8, ts=8, x0=439055059
P3, tp=8, ts=8, x0=38065289
P1, tp=8, ts=8
P1, tp=8, ts=8
P1, tp=8, ts=8
P2, tp=8, ts=8
P0, tp=8, ts=8, x0=227866787
P3, tp=8, ts=8, x0=915035320
P2, tp=8, ts=8
P0, tp=8, ts=8, x0=18665614
P3, tp=8, ts=8, x0=987768407
P0, tp=8, ts=8, x0=45153954
P0, tp=8, ts=8, x0=369947661
P2, tp=8, ts=8
P0, tp=8, ts=8, x0=152111715
P1, tp=8, ts=8
P1, tp=8, ts=8
P2, tp=8, ts=8
P1, tp=8, ts=8
P0, tp=8, ts=8, x0=260419518
P3, tp=8, ts=8, x0=798467068
P3, tp=8, ts=8, x0=605618997
P2, tp=8, ts=8
P1, tp=8, ts=8
P2, tp=8, ts=8
P1, tp=8, ts=8
P0, tp=8, ts=8, x0=372147664
P2, tp=8, ts=8
P2, tp=8, ts=8
P3, tp=8, ts=8, x0=768747209
P2, tp=8, ts=8
P1, tp=8, ts=8
P0, tp=8, ts=8, x0=152111715
P3, tp=8, ts=8, x0=901452808
P3, tp=8, ts=8, x0=465568244
P2, tp=8, ts=8
P0, tp=8, ts=8, x0=286514879
P0, tp=8, ts=8, x0=342598852
P1, tp=8, ts=8
P0, tp=8, ts=8, x0=860704045
P1, tp=8, ts=8
P2, tp=8, ts=8
P0, tp=8, ts=8, x0=45153954
P0, tp=8, ts=8, x0=678977599
P0, tp=8, ts=8, x0=680411587
P0, tp=8, ts=8, x0=35416328
P2, tp=8, ts=8
P2, tp=8, ts=8
P1, tp=8, ts=8
P0, tp=8, ts=8, x0=966303282
P3, tp=8, ts=8, x0=353048448
P1, tp=8, ts=8
P1, tp=8, ts=8
P1, tp=8, ts=8
P2, tp=8, ts=8
P1, tp=8, ts=8
P0, tp=8, ts=8, x0=275897331
P0, tp=8, ts=8, x0=885264729
P2, tp=8, ts=8
P0, tp=8, ts=8, x0=996880935
P3, tp=8, ts=8, x0=968466900
P3, tp=8, ts=8, x0=275897331
P1, tp=8, ts=8
P2, tp=8, ts=8
P2, tp=8, ts=8
P2, tp=8, ts=8
P1, tp=8, ts=8
P2, tp=8, ts=8
P2, tp=8, ts=8
P2, tp=8, ts=8
P2, tp=8, ts=8
P3, tp=8, ts=8, x0=155339606
P0, tp=8, ts=8, x0=893234148
P3, tp=8, ts=8, x0=849010376
P0, tp=8, ts=8, x0=110736238
P1, tp=8, ts=8
P0, tp=8, ts=8, x0=35416328
P0, tp=8, ts=8, x0=351192341
P2, tp=8, ts=8
P3, tp=8, ts=8, x0=369947661
P1, tp=8, ts=8
P2, tp=8, ts=8
P0, tp=8, ts=8, x0=446162547
P1, tp=8, ts=8
P0, tp=8, ts=8, x0=885264729
P3, tp=8, ts=8, x0=798467068
P0, tp=8, ts=8, x0=680411587
P3, tp=8, ts=8, x0=135667386
P1, tp=8, ts=8
P3, tp=8, ts=8, x0=226466265
P2, tp=8, ts=8
P3, tp=8, ts=8, x0=915035320
P2, tp=8, ts=8
P2, tp=8, ts=8
P2, tp=8, ts=8
P2, tp=8, ts=8
P1, tp=8, ts=8
P3, tp=8, ts=8, x0=298560966
P1, tp=8, ts=8
P2, tp=8, ts=8
P2, tp=8, ts=8
P3, tp=8, ts=8, x0=829637607
P3, tp=8, ts=8, x0=896656003
P3, tp=8, ts=8, x0=615745028
P2, tp=8, ts=8
P0, tp=8, ts=8, x0=45153954
P0, tp=8, ts=8, x0=653776203
P1, tp=8, ts=8
P1, tp=8, ts=8
P1, tp=8, ts=8
P3, tp=8, ts=8, x0=762018434
P0, tp=8, ts=8, x0=867276917
P1, tp=8, ts=8
P0, tp=8, ts=8, x0=196317085
P3, tp=8, ts=8, x0=236202006
P2, tp=8, ts=8
P2, tp=8, ts=8
P3, tp=8, ts=8, x0=987768407
P1, tp=8, ts=8
P3, tp=8, ts=8, x0=351192341
P3, tp=8, ts=8, x0=968466900
P3, tp=8, ts=8, x0=893234148
P2, tp=8, ts=8
P2, tp=8, ts=8
P3, tp=8, ts=8, x0=443006041
P2, tp=8, ts=8
P3, tp=8, ts=8, x0=619507635
P1, tp=8, ts=8
P1, tp=8, ts=8
P0, tp=8, ts=8, x0=860704045
P3, tp=8, ts=8, x0=45153954
P1, tp=8, ts=8
P3, tp=8, ts=8, x0=110736238
P2, tp=8, ts=8
P1, tp=8, ts=8
P3, tp=8, ts=8, x0=207002179
P1, tp=8, ts=8
P1, tp=8, ts=8
P3, tp=8, ts=8, x0=3112968
P3, tp=8, ts=8, x0=6415984
P1, tp=8, ts=8
P3, tp=8, ts=8, x0=688569762
P2, tp=8, ts=8
P2, tp=8, ts=8
P3, tp=8, ts=8, x0=685909788
P0, tp=8, ts=8, x0=571598936
P1, tp=8, ts=8
P1, tp=8, ts=8
P2, tp=8, ts=8
P3, tp=8, ts=8, x0=693249006
P3, tp=8, ts=8, x0=867276917
P0, tp=8, ts=8, x0=968466900
P3, tp=8, ts=8, x0=782588046
P2, tp=8, ts=8
P0, tp=8, ts=8, x0=369947661
P1, tp=8, ts=8
P1, tp=8, ts=8
P0, tp=8, ts=8, x0=768747209
P3, tp=8, ts=8, x0=337706698
P0, tp=8, ts=8, x0=135667386
P0, tp=8, ts=8, x0=571598936
P2, tp=8, ts=8
P2, tp=8, ts=8
P3, tp=8, ts=8, x0=675747173
P2, tp=8, ts=8
P1, tp=8, ts=8
P3, tp=8, ts=8, x0=439055059
P1, tp=8, ts=8
P3, tp=8, ts=8, x0=465568244
P1, tp=8, ts=8
P1, tp=8, ts=8
P2, tp=8, ts=8
P3, tp=8, ts=8, x0=227866787
P2, tp=8, ts=8
P1, tp=8, ts=8
P0, tp=8, ts=8, x0=227866787
P1, tp=8, ts=8
P3, tp=8, ts=8, x0=443006041
P0, tp=8, ts=8, x0=196317085
P0, tp=8, ts=8, x0=635685582
P0, tp=8, ts=8, x0=714570120
P2, tp=8, ts=8
P1, tp=8, ts=8
P1, tp=8, ts=8
P2, tp=8, ts=8
P1, tp=8, ts=8
P2, tp=8, ts=8
P1, tp=8, ts=8
P1, tp=8, ts=8
P1, tp=8, ts=8
P2, tp=8, ts=8
P1, tp=8, ts=8
P3, tp=8, ts=8, x0=351192341
P0, tp=8, ts=8, x0=207002179
P1, tp=8, ts=8
P1, tp=8, ts=8
P1, tp=8, ts=8
P2, tp=8, ts=8
P3, tp=8, ts=8, x0=465568244
P3, tp=8, ts=8, x0=196317085
P2, tp=8, ts=8
P0, tp=8, ts=8, x0=890849214
P2, tp=8, ts=8
P2, tp=8, ts=8
P0, tp=8, ts=8, x0=768747209
P1, tp=8, ts=8
P0, tp=8, ts=8, x0=286514879
P3, tp=8, ts=8, x0=849010376
P0, tp=8, ts=8, x0=762018434
P2, tp=8, ts=8
P2, tp=8, ts=8
P2, tp=8, ts=8
P1, tp=8, ts=8
P3, tp=8, ts=8, x0=236202006
P3, tp=8, ts=8, x0=806218387
P0, tp=8, ts=8, x0=688569762
P2, tp=8, ts=8
P1, tp=8, ts=8
P0, tp=8, ts=8, x0=615745028
P1, tp=8, ts=8
P1, tp=8, ts=8
P2, tp=8, ts=8
P0, tp=8, ts=8, x0=218792971
P2, tp=8, ts=8
P1, tp=8, ts=8
P2, tp=8, ts=8
P2, tp=8, ts=8
P2, tp=8, ts=8
P0, tp=8, ts=8, x0=9458546
P2, tp=8, ts=8
P0, tp=8, ts=8, x0=364801427
P2, tp=8, ts=8
P3, tp=8, ts=8, x0=260038037
P3, tp=8, ts=8, x0=744674544
P1, tp=8, ts=8
P1, tp=8, ts=8
P2, tp=8, ts=8
P0, tp=8, ts=8, x0=364801427
P1, tp=8, ts=8
P2, tp=8, ts=8
P3, tp=8, ts=8, x0=605618997
P2, tp=8, ts=8
P3, tp=8, ts=8, x0=439055059
P0, tp=8, ts=8, x0=369947661
P0, tp=8, ts=8, x0=226466265
P0, tp=8, ts=8, x0=942643621
P1, tp=8, ts=8
P1, tp=8, ts=8
P0, tp=8, ts=8, x0=767671825
P3, tp=8, ts=8, x0=525876842
P2, tp=8, ts=8
P1, tp=8, ts=8
P3, tp=8, ts=8, x0=782588046
P1, tp=8, ts=8
P1, tp=8, ts=8
P0, tp=8, ts=8, x0=275897331
P3, tp=8, ts=8, x0=275897331
P0, tp=8, ts=8, x0=378025987
P0, tp=8, ts=8, x0=556074347
P3, tp=8, ts=8, x0=827173646
P2, tp=8, ts=8
P0, tp=8, ts=8, x0=439055059
P3, tp=8, ts=8, x0=337706698
P0, tp=8, ts=8, x0=642966774
P1, tp=8, ts=8
P2, tp=8, ts=8
P1, tp=8, ts=8
P0, tp=8, ts=8, x0=155339606
P3, tp=8, ts=8, x0=337706698
P2, tp=8, ts=8
P1, tp=8, ts=8
P0, tp=8, ts=8, x0=849010376
P3, tp=8, ts=8, x0=224906571
P0, tp=8, ts=8, x0=693249006
P1, tp=8, ts=8
P3, tp=8, ts=8, x0=714570120
P2, tp=8, ts=8
P2, tp=8, ts=8
P0, tp=8, ts=8, x0=990614552
P3, tp=8, ts=8, x0=768747209
P2, tp=8, ts=8
P2, tp=8, ts=8
P2, tp=8, ts=8
P3, tp=8, ts=8, x0=966303282
P2, tp=8, ts=8
P2, tp=8, ts=8
P3, tp=8, ts=8, x0=9458546
P3, tp=8, ts=8, x0=152907210
P3, tp=8, ts=8, x0=351192341
P3, tp=8, ts=8, x0=714570120
P1, tp=8, ts=8
P0, tp=8, ts=8, x0=890849214
P0, tp=8, ts=8, x0=226466265
P0, tp=8, ts=8, x0=942643621
P3, tp=8, ts=8, x0=286514879
P2, tp=8, ts=8
P3, tp=8, ts=8, x0=354765721
P1, tp=8, ts=8
P0, tp=8, ts=8, x0=411428405
P0, tp=8, ts=8, x0=525876842
P3, tp=8, ts=8, x0=12773642
P3, tp=8, ts=8, x0=845674636
P0, tp=8, ts=8, x0=69140036
P3, tp=8, ts=8, x0=966303282
P0, tp=8, ts=8, x0=482297242
P1, tp=8, ts=8
P2, tp=8, ts=8
P2, tp=8, ts=8
P3, tp=8, ts=8, x0=413631096
P0, tp=8, ts=8, x0=9458546
P2, tp=8, ts=8
P1, tp=8, ts=8
P1, tp=8, ts=8
P1, tp=8, ts=8
P2, tp=8, ts=8
P3, tp=8, ts=8, x0=605618997
P0, tp=8, ts=8, x0=226466265
P0, tp=8, ts=8, x0=227866787
P2, tp=8, ts=8
P0, tp=8, ts=8, x0=337706698
P0, tp=8, ts=8, x0=654874248
P3, tp=8, ts=8, x0=767671825
P1, tp=8, ts=8
P1, tp=8, ts=8
P3, tp=8, ts=8, x0=68901497
P3, tp=8, ts=8, x0=675747173
P1, tp=8, ts=8
P2, tp=8, ts=8
P1, tp=8, ts=8
P2, tp=8, ts=8
P1, tp=8, ts=8
P1, tp=8, ts=8
P2, tp=8, ts=8
P1, tp=8, ts=8
P3, tp=8, ts=8, x0=568315041
P3, tp=8, ts=8, x0=619507635
P3, tp=8, ts=8, x0=619507635
P0, tp=8, ts=8, x0=996880935
P2, tp=8, ts=8
P1, tp=8, ts=8
P3, tp=8, ts=8, x0=605618997
P1, tp=8, ts=8
P0, tp=8, ts=8, x0=711341966
P0, tp=8, ts=8, x0=395394745
P3, tp=8, ts=8, x0=642966774
P1, tp=8, ts=8
P1, tp=8, ts=8
P2, tp=8, ts=8
P2, tp=8, ts=8
P2, tp=8, ts=8
P1, tp=8, ts=8
P3, tp=8, ts=8, x0=236202006
P1, tp=8, ts=8
P3, tp=8, ts=8, x0=714570120
P1, tp=8, ts=8
P0, tp=8, ts=8, x0=69140036
P0, tp=8, ts=8, x0=642966774
P1, tp=8, ts=8
P1, tp=8, ts=8
P1, tp=8, ts=8
P3, tp=8, ts=8, x0=45153954
P1, tp=8, ts=8
P3, tp=8, ts=8, x0=374635915
P2, tp=8, ts=8
P1, tp=8, ts=8
P0, tp=8, ts=8, x0=990614552
P0, tp=8, ts=8, x0=896656003
P1, tp=8, ts=8
P0, tp=8, ts=8, x0=374635915
P3, tp=8, ts=8, x0=3112968
P1, tp=8, ts=8
P3, tp=8, ts=8, x0=680411587
P2, tp=8, ts=8
P1, tp=8, ts=8
P1, tp=8, ts=8
P3, tp=8, ts=8, x0=619507635
P0, tp=8, ts=8, x0=351192341
P0, tp=8, ts=8, x0=378025987
P1, tp=8, ts=8
P0, tp=8, ts=8, x0=744674544
P2, tp=8, ts=8
P2, tp=8, ts=8
P2, tp=8, ts=8
P0, tp=8, ts=8, x0=648365780
P0, tp=8, ts=8, x0=768417664
P0, tp=8, ts=8, x0=575821514
P3, tp=8, ts=8, x0=968466900
P0, tp=8, ts=8, x0=827173646
P3, tp=8, ts=8, x0=653776203
P2, tp=8, ts=8
P0, tp=8, ts=8, x0=744792064
P0, tp=8, ts=8, x0=654874248
P1, tp=8, ts=8
P1, tp=8, ts=8
P3, tp=8, ts=8, x0=364297204
P1, tp=8, ts=8
P3, tp=8, ts=8, x0=482297242
P0, tp=8, ts=8, x0=768417664
P1, tp=8, ts=8
P0, tp=8, ts=8, x0=782588046
P0, tp=8, ts=8, x0=6430302
P3, tp=8, ts=8, x0=12773642
P3, tp=8, ts=8, x0=218292555
P0, tp=8, ts=8, x0=556074347
P0, tp=8, ts=8, x0=688569762
P2, tp=8, ts=8
P1, tp=8, ts=8
P3, tp=8, ts=8, x0=615745028
P3, tp=8, ts=8, x0=744792064
P1, tp=8, ts=8
P1, tp=8, ts=8
P1, tp=8, ts=8
P2, tp=8, ts=8
P0, tp=8, ts=8, x0=9458546
P1, tp=8, ts=8
P2, tp=8, ts=8
P1, tp=8, ts=8
P3, tp=8, ts=8, x0=525876842
P1, tp=8, ts=8
P3, tp=8, ts=8, x0=827173646
P3, tp=8, ts=8, x0=548363367
P2, tp=8, ts=8
P1, tp=8, ts=8
P0, tp=8, ts=8, x0=806218387
P0, tp=8, ts=8, x0=798467068
P0, tp=8, ts=8, x0=369947661
P2, tp=8, ts=8
P3, tp=8, ts=8, x0=525876842
P1, tp=8, ts=8
P1, tp=8, ts=8
P0, tp=8, ts=8, x0=227866787
P0, tp=8, ts=8, x0=893234148
P2, tp=8, ts=8
P0, tp=8, ts=8, x0=501896445
P0, tp=8, ts=8, x0=880084434
P0, tp=8, ts=8, x0=615745028
P0, tp=8, ts=8, x0=675747173
P1, tp=8, ts=8
P2, tp=8, ts=8
P3, tp=8, ts=8, x0=893128751
P0, tp=8, ts=8, x0=18665614
P1, tp=8, ts=8
P2, tp=8, ts=8
P1, tp=8, ts=8
P1, tp=8, ts=8
P2, tp=8, ts=8
P2, tp=8, ts=8
P1, tp=8, ts=8
P1, tp=8, ts=8
P2, tp=8, ts=8
P1, tp=8, ts=8
P1, tp=8, ts=8
P3, tp=8, ts=8, x0=871415145
P3, tp=8, ts=8, x0=298560966
P0, tp=8, ts=8, x0=635685582
P1, tp=8, ts=8
P2, tp=8, ts=8
P3, tp=8, ts=8, x0=675747173
P0, tp=8, ts=8, x0=711341966
P1, tp=8, ts=8
P0, tp=8, ts=8, x0=274439766
P2, tp=8, ts=8
P3, tp=8, ts=8, x0=275897331
P3, tp=8, ts=8, x0=693030564
P1, tp=8, ts=8
P1, tp=8, ts=8
P3, tp=8, ts=8, x0=890849214
P0, tp=8, ts=8, x0=525876842
P2, tp=8, ts=8
P1, tp=8, ts=8
P1, tp=8, ts=8
P0, tp=8, ts=8, x0=12773642
P2, tp=8, ts=8
P0, tp=8, ts=8, x0=768747209
P2, tp=8, ts=8
P1, tp=8, ts=8
P3, tp=8, ts=8, x0=152907210
P3, tp=8, ts=8, x0=224906571
P3, tp=8, ts=8, x0=59579985
P2, tp=8, ts=8
P3, tp=8, ts=8, x0=711341966
P1, tp=8, ts=8
P1, tp=8, ts=8
P2, tp=8, ts=8
P0, tp=8, ts=8, x0=654874248
P2, tp=8, ts=8
P0, tp=8, ts=8, x0=680411587
P0, tp=8, ts=8, x0=839060443
P0, tp=8, ts=8, x0=782588046
P1, tp=8, ts=8
P1, tp=8, ts=8
P0, tp=8, ts=8, x0=885264729
P1, tp=8, ts=8
P3, tp=8, ts=8, x0=351192341
P1, tp=8, ts=8
P0, tp=8, ts=8, x0=298560966
P1, tp=8, ts=8
P1, tp=8, ts=8
P3, tp=8, ts=8, x0=860704045
P1, tp=8, ts=8
P1, tp=8, ts=8
P1, tp=8, ts=8
P3, tp=8, ts=8, x0=806218387
P3, tp=8, ts=8, x0=364801427
P3, tp=8, ts=8, x0=364297204
P2, tp=8, ts=8
P2, tp=8, ts=8
P1, tp=8, ts=8
P3, tp=8, ts=8, x0=806218387
P2, tp=8, ts=8
P0, tp=8, ts=8, x0=885264729
P2, tp=8, ts=8
P0, tp=8, ts=8, x0=575821514
P2, tp=8, ts=8
P3, tp=8, ts=8, x0=675747173
P0, tp=8, ts=8, x0=966303282
P1, tp=8, ts=8
P3, tp=8, ts=8, x0=155339606
P1, tp=8, ts=8
P0, tp=8, ts=8, x0=782588046
P2, tp=8, ts=8
P3, tp=8, ts=8, x0=675747173
P1, tp=8, ts=8
P1, tp=8, ts=8
P0, tp=8, ts=8, x0=575821514
P1, tp=8, ts=8
P0, tp=8, ts=8, x0=711341966
P2, tp=8, ts=8
P3, tp=8, ts=8, x0=714570120
P3, tp=8, ts=8, x0=106778167
P2, tp=8, ts=8
P3, tp=8, ts=8, x0=736203974
P3, tp=8, ts=8, x0=942643621
P3, tp=8, ts=8, x0=678977599
P1, tp=8, ts=8
P0, tp=8, ts=8, x0=860704045
P1, tp=8, ts=8
P3, tp=8, ts=8, x0=337706698
P0, tp=8, ts=8, x0=693030564
P0, tp=8, ts=8, x0=736203974
P1, tp=8, ts=8
P0, tp=8, ts=8, x0=342598852
P3, tp=8, ts=8, x0=860704045
P0, tp=8, ts=8, x0=482297242
P1, tp=8, ts=8
P0, tp=8, ts=8, x0=35416328
P3, tp=8, ts=8, x0=12773642
P3, tp=8, ts=8, x0=155339606
P2, tp=8, ts=8
P1, tp=8, ts=8
P0, tp=8, ts=8, x0=642966774
P0, tp=8, ts=8, x0=890849214
P3, tp=8, ts=8, x0=880084434
P2, tp=8, ts=8
P0, tp=8, ts=8, x0=12773642
P3, tp=8, ts=8, x0=711341966
P0, tp=8, ts=8, x0=893128751
P3, tp=8, ts=8, x0=286514879
P3, tp=8, ts=8, x0=990614552
P2, tp=8, ts=8
P3, tp=8, ts=8, x0=839060443
P3, tp=8, ts=8, x0=744674544
P3, tp=8, ts=8, x0=860704045
P3, tp=8, ts=8, x0=829637607
P0, tp=8, ts=8, x0=342598852
P2, tp=8, ts=8
P3, tp=8, ts=8, x0=806218387
P0, tp=8, ts=8, x0=615745028
P2, tp=8, ts=8
P0, tp=8, ts=8, x0=525876842
P3, tp=8, ts=8, x0=968147145
P2, tp=8, ts=8
P3, tp=8, ts=8, x0=3112968
P3, tp=8, ts=8, x0=893128751
P2, tp=8, ts=8
P0, tp=8, ts=8, x0=968147145
P2, tp=8, ts=8
P0, tp=8, ts=8, x0=374635915
P0, tp=8, ts=8, x0=378025987
P1, tp=8, ts=8
P1, tp=8, ts=8
P0, tp=8, ts=8, x0=849010376
P2, tp=8, ts=8
P3, tp=8, ts=8, x0=736203974
P3, tp=8, ts=8, x0=987768407
P0, tp=8, ts=8, x0=890849214
P3, tp=8, ts=8, x0=996880935
P0, tp=8, ts=8, x0=286514879
P1, tp=8, ts=8
P2, tp=8, ts=8
P0, tp=8, ts=8, x0=880084434
P3, tp=8, ts=8, x0=762018434
P2, tp=8, ts=8
P1, tp=8, ts=8
P1, tp=8, ts=8
P3, tp=8, ts=8, x0=642966774
P1, tp=8, ts=8
P2, tp=8, ts=8
P0, tp=8, ts=8, x0=680411587
P1, tp=8, ts=8
P1, tp=8, ts=8
P0, tp=8, ts=8, x0=68901497
P0, tp=8, ts=8, x0=164716309
P0, tp=8, ts=8, x0=744892878
P0, tp=8, ts=8, x0=164716309
P0, tp=8, ts=8, x0=465568244
P2, tp=8, ts=8
P0, tp=8, ts=8, x0=615745028
P2, tp=8, ts=8
P3, tp=8, ts=8, x0=714570120
P3, tp=8, ts=8, x0=135667386
P2, tp=8, ts=8
P0, tp=8, ts=8, x0=890849214
P2, tp=8, ts=8
P3, tp=8, ts=8, x0=501896445
P3, tp=8, ts=8, x0=968466900
P1, tp=8, ts=8
P3, tp=8, ts=8, x0=69140036
P3, tp=8, ts=8, x0=768747209
P0, tp=8, ts=8, x0=715774462
P2, tp=8, ts=8
P2, tp=8, ts=8
P2, tp=8, ts=8
P0, tp=8, ts=8, x0=226466265
P1, tp=8, ts=8
P3, tp=8, ts=8, x0=806218387
P2, tp=8, ts=8
P3, tp=8, ts=8, x0=470452467
P2, tp=8, ts=8
P0, tp=8, ts=8, x0=226466265
P1, tp=8, ts=8
P0, tp=8, ts=8, x0=885264729
P1, tp=8, ts=8
P0, tp=8, ts=8, x0=106778167
P3, tp=8, ts=8, x0=68901497
P1, tp=8, ts=8
P3, tp=8, ts=8, x0=155339606
P1, tp=8, ts=8
P0, tp=8, ts=8, x0=439055059
P0, tp=8, ts=8, x0=915035320
P0, tp=8, ts=8, x0=915035320
P2, tp=8, ts=8
P1, tp=8, ts=8
P0, tp=8, ts=8, x0=106778167
P0, tp=8, ts=8, x0=885264729
P2, tp=8, ts=8
P0, tp=8, ts=8, x0=740989092
P0, tp=8, ts=8, x0=364801427
P2, tp=8, ts=8
P0, tp=8, ts=8, x0=782588046
P2, tp=8, ts=8
P0, tp=8, ts=8, x0=470452467
P1, tp=8, ts=8
P2, tp=8, ts=8
P0, tp=8, ts=8, x0=926459441
P3, tp=8, ts=8, x0=880084434
P2, tp=8, ts=8
P3, tp=8, ts=8, x0=218292555
P1, tp=8, ts=8
P2, tp=8, ts=8
P1, tp=8, ts=8
P1, tp=8, ts=8
P0, tp=8, ts=8, x0=365942047
P0, tp=8, ts=8, x0=292814440
P0, tp=8, ts=8, x0=767671825
P3, tp=8, ts=8, x0=591364332
P0, tp=8, ts=8, x0=351192341
P2, tp=8, ts=8
P1, tp=8, ts=8
P1, tp=8, ts=8
P3, tp=9, ts=9, x0=845674636
P0, tp=9, ts=9, x0=275897331
P2, tp=9, ts=9
P2, tp=9, ts=9
P3, tp=9, ts=9, x0=156359488
P3, tp=9, ts=9, x0=374635915
P1, tp=9, ts=9
P0, tp=9, ts=9, x0=845674636
P0, tp=9, ts=9, x0=711341966
P0, tp=9, ts=9, x0=342598852
P3, tp=9, ts=9, x0=885264729
P2, tp=9, ts=9
P2, tp=9, ts=9
P2, tp=9, ts=9
P1, tp=9, ts=9
P3, tp=9, ts=9, x0=709641777
P2, tp=9, ts=9
P3, tp=9, ts=9, x0=439055059
P1, tp=9, ts=9
P3, tp=9, ts=9, x0=654874248
P3, tp=9, ts=9, x0=353048448
P2, tp=9, ts=9
P2, tp=9, ts=9
P0, tp=9, ts=9, x0=845674636
P2, tp=9, ts=9
P3, tp=9, ts=9, x0=69140036
P2, tp=9, ts=9
P1, tp=9, ts=9
P3, tp=9, ts=9, x0=591364332
P0, tp=9, ts=9, x0=798467068
P0, tp=9, ts=9, x0=782588046
P0, tp=9, ts=9, x0=987768407
P1, tp=9, ts=9
P2, tp=9, ts=9
P2, tp=9, ts=9
P2, tp=9, ts=9
P2, tp=9, ts=9
P2, tp=9, ts=9
P2, tp=9, ts=9
P3, tp=9, ts=9, x0=709641777
P1, tp=9, ts=9
P2, tp=9, ts=9
P3, tp=9, ts=9, x0=3112968
P0, tp=9, ts=9, x0=164716309
P3, tp=9, ts=9, x0=69140036
P0, tp=9, ts=9, x0=152111715
P0, tp=9, ts=9, x0=575821514
P2, tp=9, ts=9
P1, tp=9, ts=9
P1, tp=9, ts=9
P0, tp=9, ts=9, x0=688569762
P1, tp=9, ts=9
P3, tp=9, ts=9, x0=591364332
P0, tp=9, ts=9, x0=548363367
P1, tp=9, ts=9
P0, tp=9, ts=9, x0=654874248
P0, tp=9, ts=9, x0=411428405
P2, tp=9, ts=9
P0, tp=9, ts=9, x0=674342878
P2, tp=9, ts=9
P1, tp=9, ts=9
P2, tp=9, ts=9
P1, tp=9, ts=9
P0, tp=9, ts=9, x0=575821514
P3, tp=9, ts=9, x0=196317085
P0, tp=9, ts=9, x0=714570120
P2, tp=9, ts=9
P1, tp=9, ts=9
P0, tp=9, ts=9, x0=70844238
P2, tp=9, ts=9
P3, tp=9, ts=9, x0=364297204
P1, tp=9, ts=9
P3, tp=9, ts=9, x0=688569762
P3, tp=9, ts=9, x0=744792064
P1, tp=9, ts=9
P0, tp=9, ts=9, x0=446162547
P0, tp=9, ts=9, x0=890849214
P3, tp=9, ts=9, x0=164716309
P3, tp=9, ts=9, x0=635685582
P1, tp=9, ts=9
P1, tp=9, ts=9
P2, tp=9, ts=9
P1, tp=9, ts=9
P1, tp=9, ts=9
P1, tp=9, ts=9
P1, tp=9, ts=9
P0, tp=9, ts=9, x0=648365780
P2, tp=9, ts=9
P0, tp=9, ts=9, x0=966303282
P1, tp=9, ts=9
P2, tp=9, ts=9
P2, tp=9, ts=9
P1, tp=9, ts=9
P2, tp=9, ts=9
P3, tp=9, ts=9, x0=470452467
P1, tp=9, ts=9
P3, tp=9, ts=9, x0=364801427
P3, tp=9, ts=9, x0=575821514
P3, tp=9, ts=9, x0=236202006
P1, tp=9, ts=9
P3, tp=9, ts=9, x0=411428405
P0, tp=9, ts=9, x0=880084434
P3, tp=9, ts=9, x0=275897331
P3, tp=9, ts=9, x0=890849214
P0, tp=9, ts=9, x0=395394745
P1, tp=9, ts=9
P0, tp=9, ts=9, x0=12773642
P1, tp=9, ts=9
P2, tp=9, ts=9
P1, tp=9, ts=9
P3, tp=9, ts=9, x0=871415145
P2, tp=9, ts=9
P2, tp=9, ts=9
P2, tp=9, ts=9
P3, tp=9, ts=9, x0=513647090
P2, tp=9, ts=9
P0, tp=9, ts=9, x0=218292555
P0, tp=9, ts=9, x0=395394745
P0, tp=9, ts=9, x0=736203974
P3, tp=9, ts=9, x0=693030564
P0, tp=9, ts=9, x0=798467068
P1, tp=9, ts=9
P3, tp=9, ts=9, x0=135667386
P1, tp=9, ts=9
P0, tp=9, ts=9, x0=218292555
P3, tp=9, ts=9, x0=845674636
P3, tp=9, ts=9, x0=845674636
P3, tp=9, ts=9, x0=987768407
P2, tp=9, ts=9
P3, tp=9, ts=9, x0=282094763
P0, tp=9, ts=9, x0=3112968
P0, tp=9, ts=9, x0=413631096
P3, tp=9, ts=9, x0=680411587
P2, tp=9, ts=9
P1, tp=9, ts=9
P1, tp=9, ts=9
P3, tp=9, ts=9, x0=556074347
P3, tp=9, ts=9, x0=674342878
P0, tp=9, ts=9, x0=274439766
P1, tp=9, ts=9
P2, tp=9, ts=9
P3, tp=9, ts=9, x0=688569762
P2, tp=9, ts=9
P0, tp=9, ts=9, x0=369947661
P3, tp=9, ts=9, x0=782588046
P3, tp=9, ts=9, x0=282094763
P1, tp=9, ts=9
P2, tp=9, ts=9
P2, tp=9, ts=9
P3, tp=9, ts=9, x0=156359488
P1, tp=9, ts=9
P1, tp=9, ts=9
P0, tp=9, ts=9, x0=990614552
P2, tp=9, ts=9
P2, tp=9, ts=9
P0, tp=9, ts=9, x0=648365780
P2, tp=9, ts=9
P1, tp=9, ts=9
P2, tp=9, ts=9
P3, tp=9, ts=9, x0=595369293
P0, tp=9, ts=9, x0=798467068
P0, tp=9, ts=9, x0=236202006
P2, tp=9, ts=9
P3, tp=9, ts=9, x0=693249006
P2, tp=9, ts=9
P0, tp=9, ts=9, x0=68901497
P0, tp=9, ts=9, x0=7242916
P1, tp=9, ts=9
P3, tp=9, ts=9, x0=575821514
P0, tp=9, ts=9, x0=680411587
P3, tp=9, ts=9, x0=890849214
P1, tp=9, ts=9
P0, tp=9, ts=9, x0=740989092
P0, tp=9, ts=9, x0=155339606
P0, tp=9, ts=9, x0=806218387
P0, tp=9, ts=9, x0=885264729
P3, tp=9, ts=9, x0=156359488
P1, tp=9, ts=9
P3, tp=9, ts=9, x0=152907210
P2, tp=9, ts=9
P3, tp=9, ts=9, x0=106778167
P3, tp=9, ts=9, x0=354765721
P3, tp=9, ts=9, x0=107111693
P2, tp=9, ts=9
P3, tp=9, ts=9, x0=439055059
P2, tp=9, ts=9
P0, tp=9, ts=9, x0=354765721
P0, tp=9, ts=9, x0=290846070
P1, tp=9, ts=9
P0, tp=9, ts=9, x0=661543397
P2, tp=9, ts=9
P3, tp=9, ts=9, x0=615745028
P1, tp=9, ts=9
P0, tp=9, ts=9, x0=575821514
P0, tp=9, ts=9, x0=135667386
P1, tp=9, ts=9
P2, tp=9, ts=9
P1, tp=9, ts=9
P1, tp=9, ts=9
P2, tp=9, ts=9
P2, tp=9, ts=9
P1, tp=9, ts=9
P2, tp=9, ts=9
P2, tp=9, ts=9
P1, tp=9, ts=9
P0, tp=9, ts=9, x0=446162547
P2, tp=9, ts=9
P1, tp=9, ts=9
P1, tp=9, ts=9
P0, tp=9, ts=9, x0=236202006
P1, tp=9, ts=9
P0, tp=9, ts=9, x0=926459441
P0, tp=9, ts=9, x0=768747209
P0, tp=9, ts=9, x0=374635915
P0, tp=9, ts=9, x0=849010376
P1, tp=9, ts=9
P0, tp=9, ts=9, x0=740989092
P3, tp=9, ts=9, x0=8537553
P1, tp=9, ts=9
P0, tp=9, ts=9, x0=470452467
P2, tp=9, ts=9
P1, tp=9, ts=9
P0, tp=9, ts=9, x0=736203974
P1, tp=9, ts=9
P3, tp=9, ts=9, x0=364297204
P1, tp=9, ts=9
P3, tp=9, ts=9, x0=525876842
P2, tp=9, ts=9
P2, tp=9, ts=9
P0, tp=9, ts=9, x0=342598852
P3, tp=9, ts=9, x0=226466265
P0, tp=9, ts=9, x0=767671825
P2, tp=9, ts=9
P2, tp=9, ts=9
P0, tp=9, ts=9, x0=282094763
P0, tp=9, ts=9, x0=152907210
P0, tp=9, ts=9, x0=351192341
P3, tp=9, ts=9, x0=688569762
P0, tp=9, ts=9, x0=714570120
P1, tp=9, ts=9
P2, tp=9, ts=9
P3, tp=9, ts=9, x0=274439766
P1, tp=9, ts=9
P0, tp=9, ts=9, x0=35416328
P1, tp=9, ts=9
P2, tp=9, ts=9
P3, tp=9, ts=9, x0=860704045
P1, tp=9, ts=9
P2, tp=9, ts=9
P1, tp=9, ts=9
P1, tp=9, ts=9
P0, tp=9, ts=9, x0=867276917
P2, tp=9, ts=9
P3, tp=9, ts=9, x0=275897331
P3, tp=9, ts=9, x0=227866787
P3, tp=9, ts=9, x0=1641114
P0, tp=9, ts=9, x0=8537553
P1, tp=9, ts=9
P1, tp=9, ts=9
P3, tp=9, ts=9, x0=351192341
P2, tp=9, ts=9
P0, tp=9, ts=9, x0=337706698
P0, tp=9, ts=9, x0=135466172
P2, tp=9, ts=9
P3, tp=9, ts=9, x0=35416328
P1, tp=9, ts=9
P3, tp=9, ts=9, x0=411428405
P3, tp=9, ts=9, x0=768747209
P2, tp=9, ts=9
P3, tp=9, ts=9, x0=635685582
P0, tp=9, ts=9, x0=556074347
P1, tp=9, ts=9
P2, tp=9, ts=9
P2, tp=9, ts=9
P3, tp=9, ts=9, x0=605618997
P2, tp=9, ts=9
P1, tp=9, ts=9
P3, tp=9, ts=9, x0=364297204
P3, tp=9, ts=9, x0=413631096
P1, tp=9, ts=9
P3, tp=9, ts=9, x0=880084434
P1, tp=9, ts=9
P3, tp=9, ts=9, x0=395394745
P1, tp=9, ts=9
P1, tp=9, ts=9
P3, tp=9, ts=9, x0=711341966
P0, tp=9, ts=9, x0=714570120
P1, tp=9, ts=9
P2, tp=9, ts=9
P1, tp=9, ts=9
P1, tp=9, ts=9
P0, tp=9, ts=9, x0=885264729
P0, tp=9, ts=9, x0=353048448
P1, tp=9, ts=9
P1, tp=9, ts=9
P2, tp=9, ts=9
P1, tp=9, ts=9
P0, tp=9, ts=9, x0=6430302
P2, tp=9, ts=9
P0, tp=9, ts=9, x0=207002179
P0, tp=9, ts=9, x0=829637607
P1, tp=9, ts=9
P0, tp=9, ts=9, x0=3112968
P2, tp=9, ts=9
P0, tp=9, ts=9, x0=513647090
P0, tp=9, ts=9, x0=736203974
P2, tp=9, ts=9
P0, tp=9, ts=9, x0=152111715
P1, tp=9, ts=9
P3, tp=9, ts=9, x0=164716309
P2, tp=9, ts=9
P0, tp=9, ts=9, x0=135667386
P3, tp=9, ts=9, x0=688569762
P2, tp=9, ts=9
P2, tp=9, ts=9
P0, tp=9, ts=9, x0=548363367
P3, tp=9, ts=9, x0=996880935
P3, tp=9, ts=9, x0=135466172
P3, tp=9, ts=9, x0=236202006
P1, tp=9, ts=9
P1, tp=9, ts=9
P2, tp=9, ts=9
P0, tp=9, ts=9, x0=35416328
P0, tp=9, ts=9, x0=968147145
P2, tp=9, ts=9
P3, tp=9, ts=9, x0=292814440
P1, tp=9, ts=9
P0, tp=9, ts=9, x0=990614552
P1, tp=9, ts=9
P2, tp=9, ts=9
P1, tp=9, ts=9
P0, tp=9, ts=9, x0=615745028
P1, tp=9, ts=9
P1, tp=9, ts=9
P2, tp=9, ts=9
P2, tp=9, ts=9
P1, tp=9, ts=9
P0, tp=9, ts=9, x0=136252704
P1, tp=9, ts=9
P1, tp=9, ts=9
P2, tp=9, ts=9
P0, tp=9, ts=9, x0=18665614
P2, tp=9, ts=9
P0, tp=9, ts=9, x0=680411587
P1, tp=9, ts=9
P0, tp=9, ts=9, x0=501896445
P3, tp=9, ts=9, x0=885233413
P2, tp=9, ts=9
P3, tp=9, ts=9, x0=155339606
P0, tp=9, ts=9, x0=643398348
P0, tp=9, ts=9, x0=353048448
P2, tp=9, ts=9
P1, tp=9, ts=9
P3, tp=9, ts=9, x0=736203974
P0, tp=9, ts=9, x0=218292555
P0, tp=9, ts=9, x0=6430302
P3, tp=9, ts=9, x0=926459441
P2, tp=9, ts=9
P2, tp=9, ts=9
P0, tp=9, ts=9, x0=621169062
P2, tp=9, ts=9
P3, tp=9, ts=9, x0=70844238
P0, tp=9, ts=9, x0=715774462
P2, tp=9, ts=9
P2, tp=9, ts=9
P1, tp=9, ts=9
P0, tp=9, ts=9, x0=714570120
P2, tp=9, ts=9
P2, tp=9, ts=9
P1, tp=9, ts=9
P0, tp=9, ts=9, x0=70844238
P0, tp=9, ts=9, x0=7242916
P2, tp=9, ts=9
P1, tp=9, ts=9
P3, tp=9, ts=9, x0=996880935
P3, tp=9, ts=9, x0=35416328
P0, tp=9, ts=9, x0=465568244
P1, tp=9, ts=9
P1, tp=9, ts=9
P2, tp=9, ts=9
P1, tp=9, ts=9
P1, tp=9, ts=9
P1, tp=9, ts=9
P3, tp=9, ts=9, x0=275897331
P0, tp=9, ts=9, x0=839060443
P0, tp=9, ts=9, x0=286514879
P0, tp=9, ts=9, x0=290846070
P0, tp=9, ts=9, x0=871415145
P1, tp=9, ts=9
P1, tp=9, ts=9
P1, tp=9, ts=9
P0, tp=9, ts=9, x0=709641777
P0, tp=9, ts=9, x0=711341966
P1, tp=9, ts=9
P3, tp=9, ts=9, x0=643398348
P0, tp=9, ts=9, x0=465568244
P0, tp=9, ts=9, x0=136252704
P0, tp=9, ts=9, x0=354765721
P2, tp=9, ts=9
P1, tp=9, ts=9
P0, tp=9, ts=9, x0=744892878
P2, tp=9, ts=9
P0, tp=9, ts=9, x0=885233413
P2, tp=9, ts=9
P3, tp=9, ts=9, x0=867276917
P2, tp=9, ts=9
P2, tp=9, ts=9
P3, tp=9, ts=9, x0=337706698
P0, tp=9, ts=9, x0=321037901
P0, tp=9, ts=9, x0=106778167
P2, tp=9, ts=9
P0, tp=9, ts=9, x0=575821514
P1, tp=9, ts=9
P1, tp=9, ts=9
P0, tp=9, ts=9, x0=364297204
P0, tp=9, ts=9, x0=12773642
P2, tp=9, ts=9
P1, tp=9, ts=9
P0, tp=9, ts=9, x0=337706698
P3, tp=9, ts=9, x0=915035320
P3, tp=9, ts=9, x0=915035320
P1, tp=9, ts=9
P2, tp=9, ts=9
P1, tp=9, ts=9
P0, tp=9, ts=9, x0=715774462
P1, tp=9, ts=9
P1, tp=9, ts=9
P2, tp=9, ts=9
P0, tp=9, ts=9, x0=365942047
P2, tp=9, ts=9
P0, tp=9, ts=9, x0=680411587
P2, tp=9, ts=9
P2, tp=9, ts=9
P2, tp=9, ts=9
P3, tp=9, ts=9, x0=688569762
P3, tp=9, ts=9, x0=674342878
P0, tp=9, ts=9, x0=767671825
P0, tp=9, ts=9, x0=70844238
P1, tp=9, ts=9
P2, tp=9, ts=9
P0, tp=9, ts=9, x0=354765721
P1, tp=9, ts=9
P2, tp=9, ts=9
P0, tp=9, ts=9, x0=365942047
P3, tp=9, ts=9, x0=591364332
P2, tp=9, ts=9
P2, tp=9, ts=9
P3, tp=9, ts=9, x0=337706698
P3, tp=9, ts=9, x0=364297204
P3, tp=9, ts=9, x0=871415145
P2, tp=9, ts=9
P0, tp=9, ts=9, x0=767671825
P1, tp=9, ts=9
P3, tp=9, ts=9, x0=525876842
P0, tp=9, ts=9, x0=715774462
P0, tp=9, ts=9, x0=715774462
P0, tp=9, ts=9, x0=996880935
P3, tp=9, ts=9, x0=155967104
P0, tp=9, ts=9, x0=744892878
P3, tp=9, ts=9, x0=926459441
P0, tp=9, ts=9, x0=100162464
P3, tp=9, ts=9, x0=635685582
P0, tp=9, ts=9, x0=867276917
P2, tp=9, ts=9
P1, tp=9, ts=9
P1, tp=9, ts=9
P3, tp=9, ts=9, x0=688569762
P2, tp=9, ts=9
P2, tp=9, ts=9
P3, tp=9, ts=9, x0=904188454
P0, tp=9, ts=9, x0=372870472
P3, tp=9, ts=9, x0=860704045
P1, tp=9, ts=9
P0, tp=9, ts=9, x0=70844238
P3, tp=9, ts=9, x0=513647090
P2, tp=9, ts=9
P0, tp=9, ts=9, x0=275897331
P1, tp=9, ts=9
P3, tp=9, ts=9, x0=736203974
P2, tp=9, ts=9
P1, tp=9, ts=9
P2, tp=9, ts=9
P1, tp=9, ts=9
P0, tp=9, ts=9, x0=155967104
P3, tp=9, ts=9, x0=156359488
P3, tp=9, ts=9, x0=465994483
P1, tp=9, ts=9
P2, tp=9, ts=9
P2, tp=9, ts=9
P2, tp=9, ts=9
P1, tp=9, ts=9
P0, tp=9, ts=9, x0=372870472
P0, tp=9, ts=9, x0=709641777
P3, tp=9, ts=9, x0=378025987
P1, tp=9, ts=9
P3, tp=9, ts=9, x0=378025987
P2, tp=9, ts=9
P0, tp=9, ts=9, x0=698116705
P3, tp=9, ts=9, x0=354765721
P1, tp=9, ts=9
P0, tp=9, ts=9, x0=107111693
P2, tp=9, ts=9
P2, tp=9, ts=9
P1, tp=9, ts=9
P1, tp=9, ts=9
P2, tp=9, ts=9
P0, tp=9, ts=9, x0=275897331
P1, tp=9, ts=9
P0, tp=9, ts=9, x0=744792064
P2, tp=9, ts=9
P0, tp=9, ts=9, x0=372870472
P3, tp=9, ts=9, x0=936007018
P2, tp=9, ts=9
P0, tp=9, ts=9, x0=275897331
P2, tp=9, ts=9
P2, tp=9, ts=9
P2, tp=9, ts=9
P0, tp=9, ts=9, x0=643398348
P2, tp=9, ts=9
P0, tp=9, ts=9, x0=548363367
P1, tp=9, ts=9
P2, tp=9, ts=9
P1, tp=9, ts=9
P0, tp=9, ts=9, x0=556074347
P2, tp=9, ts=9
P2, tp=9, ts=9
P1, tp=9, ts=9
P1, tp=9, ts=9
P0, tp=9, ts=9, x0=682626521
P0, tp=9, ts=9, x0=744674544
P3, tp=9, ts=9, x0=107111693
P0, tp=9, ts=9, x0=736203974
P1, tp=9, ts=9
P2, tp=9, ts=9
P1, tp=9, ts=9
P2, tp=9, ts=9
P3, tp=9, ts=9, x0=351192341
P0, tp=9, ts=9, x0=968147145
P1, tp=9, ts=9
P3, tp=9, ts=9, x0=926459441
P0, tp=9, ts=9, x0=312349262
P0, tp=9, ts=9, x0=967782130
P0, tp=9, ts=9, x0=643398348
P3, tp=9, ts=9, x0=845674636
P1, tp=9, ts=9
P1, tp=9, ts=9
P3, tp=9, ts=9, x0=768747209
P2, tp=9, ts=9
P2, tp=9, ts=9
P0, tp=9, ts=9, x0=8537553
P1, tp=9, ts=9
P1, tp=9, ts=9
P3, tp=9, ts=9, x0=806218387
P1, tp=9, ts=9
P1, tp=9, ts=9
P1, tp=9, ts=9
P0, tp=9, ts=9, x0=694917295
P0, tp=9, ts=9, x0=936007018
P1, tp=9, ts=9
P2, tp=9, ts=9
P1, tp=9, ts=9
P3, tp=9, ts=9, x0=768747209
P1, tp=9, ts=9
P3, tp=9, ts=9, x0=680411587
P0, tp=9, ts=9, x0=635685582
P2, tp=9, ts=9
P2, tp=9, ts=9
P1, tp=9, ts=9
P1, tp=9, ts=9
P3, tp=9, ts=9, x0=615745028
P2, tp=9, ts=9
P0, tp=9, ts=9, x0=35416328
P3, tp=9, ts=9, x0=714570120
P0, tp=9, ts=9, x0=595369293
P1, tp=9, ts=9
P3, tp=9, ts=9, x0=152111715
P2, tp=9, ts=9
P1, tp=9, ts=9
P2, tp=9, ts=9
P2, tp=9, ts=9
P1, tp=9, ts=9
P2, tp=9, ts=9
P3, tp=9, ts=9, x0=693030564
P2, tp=9, ts=9
P2, tp=9, ts=9
P0, tp=9, ts=9, x0=501896445
P1, tp=9, ts=9
P2, tp=9, ts=9
P0, tp=9, ts=9, x0=715774462
P1, tp=9, ts=9
P1, tp=9, ts=9
P0, tp=9, ts=9, x0=155339606
P3, tp=9, ts=9, x0=704427958
P3, tp=9, ts=9, x0=635685582
P0, tp=9, ts=9, x0=688569762
P1, tp=9, ts=9
P1, tp=9, ts=9
P0, tp=9, ts=9, x0=806218387
P2, tp=9, ts=9
P3, tp=9, ts=9, x0=446162547
P3, tp=9, ts=9, x0=715774462
P0, tp=9, ts=9, x0=990614552
P3, tp=9, ts=9, x0=968147145
P0, tp=9, ts=9, x0=7242916
P2, tp=9, ts=9
P0, tp=9, ts=9, x0=135466172
P0, tp=9, ts=9, x0=591364332
P1, tp=9, ts=9
P1, tp=9, ts=9
P2, tp=9, ts=9
P1, tp=9, ts=9
P3, tp=9, ts=9, x0=164716309
P1, tp=9, ts=9
P3, tp=9, ts=9, x0=226466265
P1, tp=9, ts=9
P0, tp=9, ts=9, x0=68901497
P3, tp=9, ts=9, x0=107111693
P0, tp=9, ts=9, x0=942643621
P0, tp=9, ts=9, x0=987768407
P2, tp=9, ts=9
P0, tp=9, ts=9, x0=12773642
P1, tp=9, ts=9
P1, tp=9, ts=9
P1, tp=9, ts=9
P2, tp=9, ts=9
P3, tp=9, ts=9, x0=936007018
P3, tp=9, ts=9, x0=782588046
P2, tp=9, ts=9
P3, tp=9, ts=9, x0=935501997
P2, tp=9, ts=9
P1, tp=9, ts=9
P3, tp=9, ts=9, x0=164716309
P0, tp=9, ts=9, x0=839060443
P0, tp=9, ts=9, x0=966303282
P2, tp=9, ts=9
P2, tp=9, ts=9
P0, tp=9, ts=9, x0=845674636
P2, tp=9, ts=9
P2, tp=9, ts=9
P1, tp=9, ts=9
P2, tp=9, ts=9
P3, tp=9, ts=9, x0=226466265
P2, tp=9, ts=9
P1, tp=9, ts=9
P0, tp=9, ts=9, x0=688569762
P1, tp=9, ts=9
P2, tp=9, ts=9
P0, tp=9, ts=9, x0=439055059
P1, tp=9, ts=9
P2, tp=9, ts=9
P0, tp=9, ts=9, x0=711341966
P0, tp=9, ts=9, x0=196317085
P0, tp=9, ts=9, x0=595369293
P1, tp=9, ts=9
P2, tp=9, ts=9
P0, tp=9, ts=9, x0=605618997
P1, tp=9, ts=9
P1, tp=9, ts=9
P1, tp=9, ts=9
P2, tp=9, ts=9
P1, tp=9, ts=9
P3, tp=9, ts=9, x0=714570120
P1, tp=9, ts=9
P2, tp=9, ts=9
P0, tp=9, ts=9, x0=91936105
P3, tp=9, ts=9, x0=715774462
P2, tp=9, ts=9
P0, tp=9, ts=9, x0=987768407
P1, tp=9, ts=9
P3, tp=9, ts=9, x0=966303282
P1, tp=9, ts=9
P2, tp=9, ts=9
P3, tp=9, ts=9, x0=704427958
P3, tp=9, ts=9, x0=890849214
P3, tp=9, ts=9, x0=91936105
P3, tp=9, ts=9, x0=744892878
P1, tp=9, ts=9
P3, tp=9, ts=9, x0=100162464
P1, tp=9, ts=9
P1, tp=9, ts=9
P0, tp=9, ts=9, x0=227866787
P0, tp=9, ts=9, x0=195915514
P3, tp=9, ts=9, x0=196317085
P1, tp=9, ts=9
P3, tp=9, ts=9, x0=897285471
P3, tp=9, ts=9, x0=224906571
P1, tp=9, ts=9
P3, tp=9, ts=9, x0=342598852
P0, tp=9, ts=9, x0=693030564
P1, tp=9, ts=9
P1, tp=9, ts=9
P0, tp=9, ts=9, x0=942643621
P1, tp=9, ts=9
P0, tp=9, ts=9, x0=321037901
P1, tp=9, ts=9
P0, tp=9, ts=9, x0=196317085
P1, tp=9, ts=9
P2, tp=9, ts=9
P2, tp=9, ts=9
P0, tp=9, ts=9, x0=688569762
P1, tp=9, ts=9
P3, tp=9, ts=9, x0=68901497
P3, tp=9, ts=9, x0=196317085
P1, tp=9, ts=9
P3, tp=9, ts=9, x0=548363367
P0, tp=9, ts=9, x0=589947901
P1, tp=9, ts=9
P3, tp=9, ts=9, x0=195915514
P2, tp=9, ts=9
P3, tp=9, ts=9, x0=682626521
P3, tp=9, ts=9, x0=915035320
P3, tp=9, ts=9, x0=987768407
P3, tp=9, ts=9, x0=513647090
P2, tp=9, ts=9
P0, tp=9, ts=9, x0=714570120
P3, tp=9, ts=9, x0=694917295
P1, tp=9, ts=9
P1, tp=9, ts=9
P3, tp=9, ts=9, x0=694917295
P0, tp=9, ts=9, x0=709641777
P3, tp=9, ts=9, x0=935501997
P0, tp=9, ts=9, x0=714570120
P3, tp=9, ts=9, x0=942643621
P2, tp=9, ts=9
P2, tp=9, ts=9
P3, tp=9, ts=9, x0=351192341
P3, tp=9, ts=9, x0=768747209
P1, tp=9, ts=9
P3, tp=9, ts=9, x0=7242916
P3, tp=9, ts=9, x0=628190484
P3, tp=9, ts=9, x0=372870472
P0, tp=9, ts=9, x0=605618997
P1, tp=9, ts=9
P3, tp=9, ts=9, x0=605618997
P2, tp=9, ts=9
P3, tp=9, ts=9, x0=274439766
P0, tp=9, ts=9, x0=45153954
P0, tp=9, ts=9, x0=365942047
P3, tp=9, ts=9, x0=275897331
P0, tp=9, ts=9, x0=595369293
P1, tp=9, ts=9
P0, tp=9, ts=9, x0=935501997
P0, tp=9, ts=9, x0=152111715
P1, tp=9, ts=9
P3, tp=9, ts=9, x0=501896445
P1, tp=9, ts=9
P0, tp=9, ts=9, x0=591602694
P0, tp=9, ts=9, x0=439055059
P2, tp=9, ts=9
P3, tp=9, ts=9, x0=983436499
P0, tp=9, ts=9, x0=740989092
P3, tp=9, ts=9, x0=321037901
P1, tp=9, ts=9
P1, tp=9, ts=9
P2, tp=9, ts=9
P2, tp=9, ts=9
P2, tp=9, ts=9
P0, tp=9, ts=9, x0=470452467
P2, tp=9, ts=9
P0, tp=9, ts=9, x0=9458546
P2, tp=9, ts=9
P3, tp=9, ts=9, x0=452790618
P3, tp=9, ts=9, x0=152907210
P2, tp=9, ts=9
P1, tp=9, ts=9
P1, tp=9, ts=9
P0, tp=9, ts=9, x0=35416328
P0, tp=9, ts=9, x0=282094763
P1, tp=9, ts=9
P1, tp=9, ts=9
P3, tp=9, ts=9, x0=68901497
P1, tp=9, ts=9
P1, tp=9, ts=9
P2, tp=9, ts=9
P2, tp=9, ts=9
P2, tp=9, ts=9
P1, tp=9, ts=9
P0, tp=9, ts=9, x0=12773642
P0, tp=9, ts=9, x0=996880935
P3, tp=9, ts=9, x0=452790618
P3, tp=9, ts=9, x0=431414394
P0, tp=9, ts=9, x0=365942047
P2, tp=9, ts=9
P1, tp=9, ts=9
P1, tp=9, ts=9
P1, tp=9, ts=9
P0, tp=9, ts=9, x0=958866728
P2, tp=9, ts=9
P3, tp=9, ts=9, x0=968147145
P2, tp=9, ts=9
P1, tp=9, ts=9
P3, tp=9, ts=9, x0=337706698
P0, tp=9, ts=9, x0=196317085
P3, tp=9, ts=9, x0=282094763
P3, tp=9, ts=9, x0=615745028
P1, tp=9, ts=9
P0, tp=9, ts=9, x0=353048448
P2, tp=9, ts=9
P2, tp=9, ts=9
P2, tp=9, ts=9
P2, tp=9, ts=9
P2, tp=9, ts=9
P1, tp=9, ts=9
P1, tp=9, ts=9
P3, tp=9, ts=9, x0=744892878
P2, tp=9, ts=9
P1, tp=9, ts=9
P2, tp=9, ts=9
P3, tp=9, ts=9, x0=740482629
P3, tp=9, ts=9, x0=936007018
P3, tp=9, ts=9, x0=196317085
P0, tp=9, ts=9, x0=337706698
P0, tp=9, ts=9, x0=399355728
P2, tp=9, ts=9
P1, tp=9, ts=9
P2, tp=9, ts=9
P2, tp=9, ts=9
P1, tp=9, ts=9
P1, tp=9, ts=9
P3, tp=9, ts=9, x0=431414394
P1, tp=9, ts=9
P1, tp=9, ts=9
P1, tp=9, ts=9
P3, tp=9, ts=9, x0=605618997
P1, tp=9, ts=9
P0, tp=9, ts=9, x0=768747209
P2, tp=9, ts=9
P1, tp=9, ts=9
P1, tp=9, ts=9
P2, tp=9, ts=9
P2, tp=9, ts=9
P0, tp=9, ts=9, x0=915035320
P2, tp=9, ts=9
P2, tp=9, ts=9
P1, tp=9, ts=9
P0, tp=9, ts=9, x0=100162464
P1, tp=9, ts=9
P3, tp=9, ts=9, x0=70844238
P1, tp=9, ts=9
P1, tp=9, ts=9
P1, tp=9, ts=9
P3, tp=9, ts=9, x0=571619243
P3, tp=9, ts=9, x0=605618997
P1, tp=9, ts=9
P2, tp=9, ts=9
P3, tp=9, ts=9, x0=860704045
P1, tp=9, ts=9
P2, tp=9, ts=9
P0, tp=9, ts=9, x0=621169062
P2, tp=9, ts=9
P3, tp=9, ts=9, x0=715774462
P3, tp=9, ts=9, x0=144104258
P0, tp=9, ts=9, x0=890849214
P1, tp=9, ts=9
P1, tp=9, ts=9
P3, tp=9, ts=9, x0=35416328
P0, tp=9, ts=9, x0=164716309
P0, tp=9, ts=9, x0=806218387
P2, tp=9, ts=9
P0, tp=9, ts=9, x0=730248318
P0, tp=9, ts=9, x0=693030564
P1, tp=9, ts=9
P1, tp=9, ts=9
P2, tp=9, ts=9
P0, tp=9, ts=9, x0=135667386
P3, tp=9, ts=9, x0=224906571
P3, tp=9, ts=9, x0=698116705
P2, tp=9, ts=9
P0, tp=9, ts=9, x0=736203974
P2, tp=9, ts=9
P0, tp=9, ts=9, x0=744792064
P3, tp=9, ts=9, x0=613979073
P1, tp=9, ts=9
P1, tp=9, ts=9
P1, tp=9, ts=9
P1, tp=9, ts=9
P2, tp=9, ts=9
P2, tp=9, ts=9
P0, tp=9, ts=9, x0=704427958
P2, tp=9, ts=9
P0, tp=9, ts=9, x0=744792064
P0, tp=9, ts=9, x0=196317085
P3, tp=9, ts=9, x0=342598852
P1, tp=9, ts=9
P2, tp=9, ts=9
P0, tp=9, ts=9, x0=615745028
P2, tp=9, ts=9
P2, tp=9, ts=9
P2, tp=9, ts=9
P3, tp=9, ts=9, x0=470452467
P1, tp=9, ts=9
P1, tp=9, ts=9
P2, tp=9, ts=9
P2, tp=9, ts=9
P1, tp=9, ts=9
P1, tp=9, ts=9
P0, tp=9, ts=9, x0=68901497
P1, tp=9, ts=9
P3, tp=9, ts=9, x0=107111693
P0, tp=9, ts=9, x0=446162547
P3, tp=9, ts=9, x0=452790618
P2, tp=9, ts=9
P0, tp=9, ts=9, x0=744892878
P2, tp=9, ts=9
P1, tp=9, ts=9
P2, tp=9, ts=9
P2, tp=9, ts=9
P3, tp=9, ts=9, x0=936007018
P2, tp=9, ts=9
P0, tp=9, ts=9, x0=942643621
P0, tp=9, ts=9, x0=730248318
P0, tp=9, ts=9, x0=990614552
P1, tp=9, ts=9
P2, tp=9, ts=9
P0, tp=9, ts=9, x0=342598852
P2, tp=9, ts=9
P3, tp=9, ts=9, x0=470452467
P1, tp=9, ts=9
P0, tp=9, ts=9, x0=628190484
P2, tp=9, ts=9
P2, tp=9, ts=9
P3, tp=9, ts=9, x0=740989092
P2, tp=9, ts=9
P3, tp=9, ts=9, x0=958866728
P3, tp=9, ts=9, x0=100162464
P1, tp=9, ts=9
P1, tp=9, ts=9
P0, tp=9, ts=9, x0=107111693
P2, tp=9, ts=9
P0, tp=9, ts=9, x0=501896445
P3, tp=9, ts=9, x0=312349262
P2, tp=9, ts=9
P3, tp=9, ts=9, x0=885233413
P1, tp=9, ts=9
P3, tp=9, ts=9, x0=164716309
P0, tp=9, ts=9, x0=107111693
P2, tp=9, ts=9
P2, tp=9, ts=9
P0, tp=9, ts=9, x0=715774462
P2, tp=9, ts=9
P2, tp=9, ts=9
P3, tp=9, ts=9, x0=762680907
P0, tp=9, ts=9, x0=714570120
P3, tp=9, ts=9, x0=8537553
P1, tp=9, ts=9
P2, tp=9, ts=9
P0, tp=9, ts=9, x0=556074347
P0, tp=9, ts=9, x0=12773642
P1, tp=9, ts=9
P3, tp=9, ts=9, x0=68901497
P0, tp=9, ts=9, x0=571619243
P0, tp=9, ts=9, x0=218292555
P3, tp=9, ts=9, x0=990081632
P2, tp=9, ts=9
P0, tp=9, ts=9, x0=155967104
P1, tp=9, ts=9
P3, tp=9, ts=9, x0=968147145
P1, tp=9, ts=9
P2, tp=9, ts=9
P1, tp=9, ts=9
P2, tp=9, ts=9
P3, tp=9, ts=9, x0=595369293
P2, tp=9, ts=9
P2, tp=9, ts=9
P2, tp=9, ts=9
P2, tp=9, ts=9
P3, tp=9, ts=9, x0=915035320
P1, tp=9, ts=9
P1, tp=9, ts=9
P1, tp=9, ts=9
P0, tp=9, ts=9, x0=446162547
P2, tp=9, ts=9
P3, tp=9, ts=9, x0=365942047
P0, tp=9, ts=9, x0=547669970
P1, tp=9, ts=9
P1, tp=9, ts=9
P2, tp=9, ts=9
P0, tp=9, ts=9, x0=226466265
P3, tp=9, ts=9, x0=942643621
P1, tp=9, ts=9
P0, tp=9, ts=9, x0=8537553
P1, tp=9, ts=9
P0, tp=9, ts=9, x0=432064988
P1, tp=9, ts=9
P1, tp=9, ts=9
P3, tp=9, ts=9, x0=604560246
P1, tp=9, ts=9
P3, tp=9, ts=9, x0=400188003
P3, tp=9, ts=9, x0=680411587
P0, tp=9, ts=9, x0=806218387
P3, tp=9, ts=9, x0=693030564
P3, tp=9, ts=9, x0=45153954
P3, tp=9, ts=9, x0=591602694
P3, tp=9, ts=9, x0=156359488
P0, tp=9, ts=9, x0=441740964
P3, tp=9, ts=9, x0=282094763
P2, tp=9, ts=9
P1, tp=9, ts=9
P3, tp=9, ts=9, x0=432064988
P0, tp=9, ts=9, x0=372870472
